crowd_count,inflow_rate,outflow_rate,avg_speed,direction_entropy
4271,24.577255689768922,39.282562142141764,2.717040536618782,0.2681269024249743
1220,16.66648449995511,12.472574558612479,1.1837007333657457,0.05500528443934172
537,48.064068194660464,1.001760795983988,2.7613850499639354,0.2150319087295215
2550,45.3043905901047,39.81331878471211,0.3850517345429938,0.4489685131000234
4307,12.01615691669707,24.854902384069696,0.210738456644188,0.9955315993065877
919,24.080190722160843,51.881085981547436,0.6585068159009877,0.7806751580494673
1372,42.29425353883498,45.241039540921925,0.36259067244615717,0.10111217602868572
3257,2.5924769845553275,21.165959937841603,0.8583229446008745,0.8537317129518649
2583,11.93933623794916,41.3301204623531,0.3658914222353581,0.27430109061876784
3656,6.5044566947715765,50.76232035322385,1.2871506381467144,0.4520864191312841
4441,28.500038196519185,12.149603610648306,0.7289515796395939,0.14390218503086305
4462,35.901229563406645,37.011348416498834,1.0567189540717814,0.1807678574490844
2778,53.39396292481109,48.721323935043124,0.5691908038587022,0.781168395558448
3239,55.501150220731674,57.251495278582645,1.6241341798303657,0.1958790839463057
1092,57.11240949305668,42.37587592755289,0.8512917526402554,0.5855886568272142
1456,4.995341412163197,56.11456582043813,0.5887555843798353,0.6508486565100217
391,33.237677985864345,32.582577718641154,2.045302944975919,0.8236955084980065
2871,26.360630604568392,34.275491014843944,1.717271971541569,0.5923667172444553
2298,46.85131616294231,25.63329908974308,0.9972910306067471,0.6612981200186457
3516,58.684812096179606,48.804512357934456,0.1931206098789336,0.0014582583919408032
3116,51.107975165038916,55.742928705023104,0.38286620795667636,0.677541008755472
3775,40.882409627871375,32.29173117725487,2.2339037634630254,0.3864078545808032
1349,40.43478057310805,6.097718464173236,2.3506543809595137,0.1997666402049013
3896,26.118990929172565,11.98271944193899,1.8281062085686073,0.16503063375031668
1176,9.164655485934608,39.927619998548266,2.5826378812971007,0.6882641088499183
4279,58.58819024543188,28.429648822878324,2.302914711778213,0.6988107537550171
2997,6.581843814106689,6.573779659882417,1.183020422209623,0.7699693933860358
4859,24.6631051908725,52.457152297847394,1.6866787727553123,0.8242293592271166
4032,59.86286667080492,11.819488148176125,1.2577108937613846,0.034233493802190096
4386,8.509672244694213,57.039514568168165,0.12108536103875164,0.3761841413175424
312,34.56590566316295,24.942610133541194,1.2207385647197966,0.5582105247263148
772,57.19835892369255,8.116817878340886,1.4309380728280456,0.46975286362684066
1161,19.25770403998335,42.2811174346101,0.6048468827270479,0.29130723858720386
1219,14.871548761045366,54.84084099077122,1.840472690859875,0.4967346173153575
257,0.6624434812751234,15.043485054801247,0.1442781994366642,0.4657038092753395
1728,1.7765011509720718,18.613349850150925,1.5209987858276268,0.488479759305984
2448,55.73267351882348,22.348252369294265,0.24162967489148127,0.7385185262304697
2988,27.21418965167318,54.76509285377722,1.78051751220263,0.09456797629849745
764,15.543308980032853,8.826063733369002,1.870416425262667,0.025197376441609576
2793,6.462773962451136,9.44266746997146,0.16037123859870123,0.2849316955604472
2851,44.599566240756346,12.108500201633884,1.1429396484712164,0.5256524771271772
92,47.2597957190458,20.63491590670759,2.116345108028192,0.32729047533300837
4855,57.708595551282684,18.09958350446739,1.0957037050785967,0.7109201145073203
1248,14.734634992626903,33.92483479956175,1.3809800642947974,0.05423495191607597
1685,23.47723856138172,42.2875110879259,0.5431763297363527,0.6804160249175336
2404,0.7948954722414037,46.082936323808084,1.370755052609896,0.5619484135320629
931,5.26259741396146,30.842519603453212,1.3364907223749696,0.10640457430544092
2627,13.685219098023229,28.41505609385107,0.6142894583539869,0.26715851694820825
4577,0.35104255240903104,45.411612623530694,2.3731100690058082,0.6820521814520459
787,59.73662011417451,5.008391452339678,0.44949788217911824,0.8999883356759313
33,28.914462106724514,51.640284047634324,0.3701346611546449,0.8722345403814564
3195,49.10752590094746,27.29882884355295,0.12036909240443486,0.1266640869960063
1865,28.180885668180057,36.19448714136685,1.2267691082101553,0.5125800317639577
1439,1.420310093613597,55.87023780437069,1.1207636293068817,0.6272353840081564
4018,29.0878875001721,48.98590099631481,1.8236231220469608,0.4644341134048946
4498,34.75765976054225,26.248296947021984,1.4191271246668733,0.0571105530494701
3651,42.01389424685368,21.3608863553595,1.6321545873018743,0.6016568942084416
47,41.441343915229254,42.26223867418087,2.191929456936852,0.801902648366839
784,39.70438652328229,51.55084450191398,2.3473454361275365,0.3895098524262006
349,10.542471240693738,31.821411191190016,1.3667927174349128,0.736506286103883
2155,19.505117615987928,32.28074621739968,1.8017898833850599,0.6135509190243914
4489,25.267218262402928,57.53592461724415,2.6131914168908854,0.8868370832529535
844,34.065049131243306,45.70221543020935,0.35195683982188886,0.5741921240196256
4718,58.722513695696286,53.60383637653134,0.2685290029965159,0.34111268037017684
4750,8.84181801896288,2.5391947897186617,1.4177158100712184,0.7030688139756646
4732,44.19657797343206,5.069616224495846,2.178933355215107,0.37957074020042436
4372,25.2015512250263,36.01854906333522,2.2573181751782414,0.035649541517737804
4405,47.40722999454621,41.21661190238349,1.2821185621969853,0.1370710400259716
2044,14.302422018423451,16.188505273208495,1.3369214483329972,0.8860822582964002
4923,36.029119817598264,35.11037841690618,2.0952092715646025,0.5636974055095455
1840,27.94906526824733,5.391329967968328,2.729590298517948,0.3520328433479256
2308,57.13920602742657,55.18535302357418,0.3855042518317191,0.28937544475467647
1835,10.25053893147687,20.411173795169194,2.7195777339239973,0.32746541773258275
3638,53.65877478114427,31.045110710017365,2.2283306738740185,0.5052660103657224
3627,5.868649419003146,37.595111852351515,0.6162484759308096,0.02992666304551861
3287,55.313049976098384,28.668579313143535,1.0051344876392592,0.6968891922309124
973,27.51480876307699,41.6010759278837,1.1507889476097488,0.989611963641617
4135,38.198760067843544,1.3589512663566494,0.4254278412774317,0.02248626402287257
1155,15.195717369383681,7.409076252918916,0.9630702330543741,0.21161901081739298
3485,57.51909374690507,12.360164981524866,1.52888231228903,0.513478284397577
4556,57.89191898112688,58.3475128098998,2.61480995032893,0.7790632940305108
2895,16.05875494204852,39.89508033968581,0.34451272204814565,0.5962648705672486
3720,51.13928583844388,18.24596536611184,1.213391960982674,0.6783372396887369
566,22.36495780507726,30.68841028418351,1.8322886832386158,0.6831340085552103
4774,55.281025253647535,26.881268784303586,0.38432100032624217,0.8949725052104947
373,8.861460144318764,14.943886213107724,2.237248121556861,0.6841279417563867
2758,46.92342891205739,8.996511742840951,1.9371237517096536,0.11432018556215617
3733,11.560069282282724,15.13877667521019,2.4409409046657076,0.26416104411498176
4140,23.21992172159405,2.2219856348580858,1.8023599278415001,0.7291303418148064
3035,49.69161105282043,4.572006515014724,1.5121248816963686,0.4122270748113772
647,4.665406123638451,48.17034510865224,0.9072109998025678,0.5861745061028755
3793,18.22562784964635,29.76394096471932,0.40747024577193625,0.9603589960566196
4591,55.70175960481446,8.214632116641106,0.9825948498318832,0.055164703276507465
197,42.491772220672686,5.059389588915025,2.6161074381649194,0.9442800028047817
2148,24.738978731740865,49.87986486097752,2.2756373198380704,0.6031612186751194
3252,3.484281464568262,16.16575408424636,2.6984960790769423,0.18390065483056472
1001,14.222114013470136,17.38363186342212,0.5312801539025722,0.8487758306087062
169,0.7204907440186226,52.83021298641604,1.5457990593416908,0.4876863839267752
4125,35.85485401545527,30.266891266410664,2.1665588088609273,0.23882034657476714
2330,46.86483164662405,51.33147884689556,2.119774048762366,0.9700438590960618
2238,17.099331361198775,47.71394926675096,1.03986447748381,0.6448020106638236
726,5.243453615770215,35.212783337792594,0.44648911219525134,0.5834300508772193
4742,34.90521974372393,12.168362726786059,1.210341552886275,0.25918375514497105
1954,55.1367784795096,4.639867289196255,2.2414447110248568,0.07221390279914186
443,19.774367949337893,49.542820103589,2.3742647289581855,0.8918065448164222
106,53.72151839042092,54.12587954744378,2.016408558084345,0.5440717166567329
4582,6.661095730853656,14.312517420434482,0.9872248988606505,0.1070188871388964
2895,51.147550664319226,8.236012330474553,1.691312035264635,0.9948554812686777
49,32.04976673771901,26.623572539138433,1.866547098025376,0.27841247164046945
1462,36.24670263307719,13.807066092006373,2.1294882059870432,0.8533512387656838
182,32.93360141074127,31.477306008954,1.1162573440008892,0.8094211262262577
1711,28.602557637092875,40.789558079794844,1.5655910065788476,0.5641908041338767
4041,2.9654372210993385,58.073465845121646,2.3371638674236666,0.7237452495188689
2647,9.43249327107779,41.563333319919074,1.0128165439081014,0.9401969457203556
3332,9.240861315935616,34.87734928009726,2.164976980171901,0.11852728106689514
233,1.698643361674188,20.289248061327918,1.9578946865258324,0.21143722852365043
3960,36.8325641606034,35.578706097385016,0.21361706072324127,0.7246080396196719
4565,57.21286326818209,36.32835892718978,1.1036228612519707,0.25020316391442277
4181,16.356446479411545,5.567481481976482,2.763976317774861,0.1370763373765207
1694,0.19209615846388362,19.162514602597437,0.35418659207873493,0.6298296344363178
3947,45.06565875362597,3.6727095535375542,1.1449761148295154,0.20902665226785222
2524,16.449813097392536,10.162482628121374,1.6451977226594616,0.8059098078548764
1848,40.15444519338765,35.02652863661344,1.0926296929438142,0.5482002556989465
1843,56.91017386176695,53.4659535564448,1.458095979636317,0.21606786145293722
1207,32.85832327875047,44.008390943593795,0.7696150713332868,0.5933054574350664
1100,30.05114627408166,14.377303662753118,1.0366257666074394,0.2305668887969874
3949,53.228270688000194,39.53204930689282,2.3109623614109673,0.5348009346229065
1722,36.51663519234657,36.2132035856374,1.786372158594964,0.6918232531950185
3883,58.4298403643131,58.73198567574031,1.582917158794472,0.7291779362595969
850,21.945048952932115,18.87683618616675,2.100203139376801,0.2465916770100245
575,56.75865921038523,34.84682184880267,1.8404210257687692,0.9465946208917533
2448,44.55810218646876,1.050331901201207,2.0317178441070842,0.2205432361232591
3107,37.83447768287007,21.095969923436183,1.9589233123517948,0.4812649679388584
288,28.563613378233804,17.89019668072838,2.5420507067798233,0.5647514641072179
2677,39.712397791701015,16.545218866145664,1.3256143138366154,0.6592656253620703
3039,59.38630551079052,13.059451268330891,0.8405141819979753,0.8736669596431493
4257,0.8422077953328944,55.14725291226536,1.3940072444643168,0.13055758188047695
4141,37.949759870451985,11.663712088974707,1.610086768939556,0.3470898350507655
1652,53.050173013308815,40.23640404124974,1.9615551620434248,0.31267467946513827
4571,11.441032879741835,25.509165472522348,2.605910295693223,0.5815128736985357
2093,50.075500408436675,21.690883936508424,2.3691916573467617,0.32660333937750585
4969,56.5627277882604,40.83522725761377,0.2330191782849704,0.345476968270757
2912,36.60386102853993,33.20633552476675,2.7554123403346935,0.9266026007886708
290,54.32955476780123,37.720391690962146,0.6210040655517549,0.5271626940723975
2231,9.035482778865182,45.6637850557684,2.447778604696051,0.28728255120231894
2278,1.370879679642012,32.615809285252375,2.6011259885962663,0.31279145509154493
914,34.50641535835874,13.189759178254235,2.3939555731447064,0.3643962408979684
265,32.55294875489836,57.30375507347068,0.5278198189308099,0.3375320190941056
1993,50.047458822455205,29.588643071022776,2.698021220818341,0.07274243777875689
269,37.92063658458272,55.875718827390216,1.2683981595721585,0.0070050285029567005
4011,1.3762925524608849,17.709795159253076,1.4715648245855166,0.5415381153279153
2049,4.567693647038437,25.228784514348032,1.9646324353208169,0.5875291632678329
4656,23.57087158548245,9.331259304923066,0.7487018884831472,0.6378163387683454
3737,20.59695583982277,46.2682317994944,0.4108850994623062,0.6007370391783822
3569,55.91707667483195,22.075801925992497,2.416987572452567,0.5163972701141846
1006,47.093764569508124,27.248549404651175,0.7344735206190443,0.6318761648426591
1185,59.414317637666095,26.202908051963586,0.6305011396994986,0.5059019859396265
3410,40.44106039341416,6.484122944371795,0.9265749871497286,0.22045887189383107
2624,17.787802260609823,56.02417756193807,2.7409072501448377,0.3800487544002087
2046,12.564988389366395,4.276303585726174,0.6124945841393176,0.1399678565482625
3578,26.065969365026756,40.89144246595722,1.2760438064592474,0.42596568622224906
4252,3.4335136417801504,32.32784254640431,1.8211238120001714,0.05884915049256734
2660,27.729131829981256,43.181241188785805,0.7796661024588063,0.33532401524672506
3370,54.08668733856799,4.297089159335368,1.5256974056510086,0.11727876828970563
1372,55.67411976855288,28.20505153087766,2.1686658774046608,0.14584173929375854
2191,46.41056197332697,54.75876929248286,0.2503410547325404,0.3707712076761408
1664,3.5431862662982083,39.08687725368137,2.7227698540473804,0.9113381575658334
3282,9.082509709373108,25.264431528930945,0.22916019198344925,0.15736605066862086
3760,33.51815501101151,1.0743938122974206,1.42450225738482,0.11396819920100387
3520,15.451175626360293,25.994741657691335,2.5980555784283403,0.7335009243867254
2569,26.368278101851907,30.277469949441098,2.2541129395871202,0.6176410232296964
3886,31.20468316759191,32.00375182421538,1.9519315558055412,0.6154103390160984
2488,11.176819257582869,22.632481530388482,1.4315917021167786,0.3491000501160766
176,44.82051122990439,39.48925741749797,2.5927211443112617,0.05144603465321673
2025,24.372661165046697,54.88793861913314,1.3436023885154968,0.5322504587963267
11,52.23446218989925,57.82179037758125,2.182614478132197,0.5583311099164007
3946,52.132512540291685,35.6346553381878,1.0816858294337357,0.7089744536701517
3232,35.36911064631832,14.585599975284127,2.6169709379948554,0.5769288267447761
808,4.486390576805663,11.758987028740272,2.042102378809982,0.15513296866237858
1572,38.88496171947477,10.96381312027397,2.434284855502607,0.5668574671041499
4165,22.279281318971734,37.85234784523205,2.5514593658657487,0.4277055609292374
1948,13.195301307923097,58.62680822671732,0.37967577749255865,0.4116776011547889
3901,30.33517220836068,30.701700824446206,1.518933358336174,0.6091079297824143
366,2.294734174289963,43.73336284216258,1.898060357913488,0.06907896559415905
2484,4.720574086517724,21.7861424941313,0.7162075784729828,0.5539468841646263
647,13.363346235581925,35.314219045542,1.8746661108740754,0.5228160642006761
1519,55.54116307443498,57.41949677258131,2.474849634265631,0.5268439729418675
559,4.557993044338964,1.8866527761519647,1.890318041125645,0.731169077472308
958,41.39846102375459,50.1246675123501,0.4527396964446011,0.5245092173001369
4557,33.3234441292617,2.7633230467238934,1.8128884886298995,0.37800929504395464
1101,36.56823663936445,59.67413739448136,2.138232754601773,0.33945409031574514
3608,45.198295175202915,13.965742763412123,1.4355080509263596,0.779671749006681
1091,12.985822571985548,2.9241114627444587,0.5765419526539981,0.07381061372564246
4427,13.50321960302768,46.14291303228255,2.6915473471480014,0.3783119361436832
4326,52.02583543035376,19.994570349710784,2.618851802056097,0.44666348873339456
4703,12.355553371673409,43.190406891885914,2.656548829303271,0.9170146313356213
763,7.343021213015515,25.088408247217746,1.080784867417836,0.04780811071393276
3645,36.558917292001205,28.530033364734532,0.5811274119341662,0.3095128559836636
3934,7.628529210931163,42.89731940687986,1.8905667982888708,0.7243953748496447
3948,24.701834295746053,34.53488050014791,0.6589608363027433,0.7317739795494975
2475,2.335736319936279,32.14437488682614,1.1219405063236307,0.3546281129619965
3472,7.093383397052264,0.5404807993064353,0.9754733714838194,0.8047125711088431
1658,18.59435561916943,17.843141966029144,0.18278990127832856,0.1703487312490547
3482,31.7798197565148,34.070718937050856,2.1471339768606015,0.7497524851340751
3937,41.710105769656266,55.894315117923654,0.6120048381093935,0.6100152419462745
520,34.432179763640974,29.429549074470547,1.31325988709398,0.34598896192401307
1716,31.10515745915983,52.591114137573406,0.21590242749761362,0.190151145443878
1630,46.095803421756706,11.446965611286302,1.199721088682033,0.16205371644702904
1743,1.3985894273402155,40.535085085901315,0.2829483907171421,0.16186103577660893
2454,3.4607348302499474,53.2437961910815,1.6420334963353387,0.2237546232008527
4280,28.547298636510067,15.38537249447279,0.7541543649867158,0.07560006908193306
1570,24.243780184276563,27.992499912038166,2.5255239540782477,0.6573653171769053
1804,23.08783950806165,59.47816675368914,0.8673884300018128,0.1178787094279945
260,14.469141476114089,15.379029755838811,0.3560463485988141,0.7900514500249372
4140,37.078611325783726,1.8436244669644153,1.5004291457197336,0.3289805429991576
1300,30.208642520857943,14.19095944977364,1.957909163574881,0.6102736677536897
811,19.19971699241641,13.073522806260495,1.9183285285911094,0.2893128504610456
2232,44.950846387366184,50.235481146426125,2.278108081152235,0.5742102417576433
2709,29.30699618265635,53.771046821459606,2.408716076708494,0.27379932591260503
1970,38.02793846445424,32.91763350190599,0.46085927185580045,0.38745471661733544
18,18.641335804817793,57.99216738562085,2.209523862407371,0.5599315109298045
3013,32.601516317891395,50.05900156330644,1.979016211376902,0.24104096594770064
3943,25.278996376837636,56.58718336812683,0.10841189125862405,0.41275317101267406
4343,1.6869096588777044,21.31858182282209,2.382812775369593,0.05442543132069133
5,3.4936586350107457,55.615127460162924,0.9190477807669536,0.7537888239949248
1669,7.343089260471625,54.239312526219564,1.0160118375886547,0.6069629129652967
1862,36.783971622048526,8.609797740447238,0.21188099355866585,0.8271293508840444
3551,32.812497114011094,7.123418616575852,1.6340010141667098,0.6488774173441246
3229,50.380739251438804,18.576842509041246,1.3744020846511595,0.8490272531994066
938,0.49668996454289793,20.15445753855441,0.5149070835413101,0.7215658394469512
1270,8.583712971094977,1.2315125214557998,0.3992527094577686,0.8998001253656295
942,10.406139773542467,22.059233665787207,0.9444459196395176,0.3871716659091411
3140,1.8426406332762846,52.12145752268334,2.432381708079283,0.250044351295757
238,31.955160881837017,45.749029762801506,1.3513073254735286,0.7128531734513175
2150,57.40816560267427,20.127354163335713,1.8306138701282884,0.63892176196053
908,39.77570422550915,48.648132473906,0.8534263429191281,0.7324232346565037
2870,46.93812282447804,15.274409683091474,1.7293579423688334,0.16459287940476586
91,16.44259398532651,38.78038197923557,2.30060751990887,0.32066472958982795
1019,15.278377644683314,37.979256063028984,1.7292842794804009,0.5918661806640377
3088,44.91368400674749,26.4601546058887,1.3716026218439878,0.30580770905247445
4590,14.220721989044216,16.866047015577358,0.8289351891135527,0.2911691700822602
645,41.33531908114917,26.237161340560267,1.42119593218663,0.5912115727424695
104,54.25234433303214,58.819330564816056,0.9761565927048301,0.6900487443501693
605,4.462452343571455,43.407551537503466,1.3628608055195697,0.48087738166177507
4791,20.166453176419502,25.698629927846326,0.5263334367540919,0.06368819674333337
1230,54.03228032691522,17.322176880021853,2.172871081644252,0.8165961043455457
966,55.18038173950387,23.916682454494087,0.29953940345646257,0.6214189480365716
1214,0.27605289056132687,10.994696831466364,2.4105252600437774,0.25029043058757605
1410,2.1303684693886393,20.32714513134259,0.8535286860184234,0.9347790081482932
2597,57.23974581274078,5.402822284262672,1.6576654486260975,0.047152733614644005
4438,52.94256692539601,19.327558613913556,0.8607788737823455,0.02700470833259927
1265,52.59201872306195,18.122780459068288,2.12489153937677,0.2026363132861071
4910,39.537772228890766,25.011717215798626,0.710630761639111,0.07501347550047888
3599,5.394187980465139,28.704194898867293,2.121082060456865,0.6091643966075698
1891,56.86040142729658,40.022820073606226,0.9359583167808303,0.505743896416106
1941,42.11228618743542,19.783863955492933,2.0787616859130247,0.8898891814490295
3270,35.778091739579665,13.331102564330566,1.8784194392023494,0.3749446803985643
3540,27.213791303245078,54.04206324908387,2.3296158086847494,0.09818682645653953
4992,43.65384994824629,6.193122274982543,0.915527726969451,0.3775304719593504
4308,31.80002565437218,40.59105879124873,0.9533857723627406,0.8619272085426595
4641,33.01689961239313,12.266943922503135,2.725313539233027,0.15620826792687914
3211,51.83642459975416,14.144616839067293,1.5448285099614742,0.9894087725417161
2504,47.904374948523106,20.64316881510392,0.6779874195311961,0.6057640039880852
3755,12.713197220583902,20.439363634548187,2.013753652561626,0.5744474909409181
4917,49.543907035263665,56.27392293778751,2.4639890035441865,0.9651204656893442
2823,32.630398658848435,26.940598348522492,0.932899961306259,0.46817115200243753
4501,3.1346508474209056,34.18957891001999,2.016927799666241,0.6968546049107184
434,25.92616895090307,43.856199954737114,0.7138546839073735,0.2953736991379221
2275,29.499276219298782,0.4413960159587904,2.3502451043754036,0.8276256341909751
2897,2.4283648325280605,55.21054132486492,1.4463990403250306,0.9504471025967718
2824,42.49625352959099,11.042733980030757,0.7563628863018073,0.7428805213318773
2932,19.24917835738326,31.192035819515688,2.79381922883987,0.46243434443074394
4815,33.68253970600499,23.20216699471793,1.2637057608194258,0.1052218254158983
1994,10.50543614809455,49.09281189460665,2.7960777047064767,0.05822813378751468
1810,50.540803201077985,22.223144407868162,0.48944267142309816,0.4032745324757877
3035,48.47949641678695,51.74732808925578,1.3904602302466071,0.27412979755976086
2491,15.333375299773948,20.50294199608523,0.6225220404607948,0.6483109880453969
2010,14.305794519330377,41.12179852342791,2.2886804860041203,0.1011854784380597
2151,16.77554976139781,12.875810135560064,2.7030398289597923,0.03072959372660211
3968,47.384503194374965,26.464252260905926,1.1615411674464515,0.5870382700658047
1176,53.11846663465557,27.9858459137184,1.0409978886596136,0.6709218895530666
2243,12.813035178182728,52.37334724659175,2.693052808658983,0.06307957671101472
1148,14.310309688435199,53.71504828586263,1.8136707644730419,0.5367758967545708
4704,40.914407362761686,19.053060487085514,2.7734320755068684,0.21109533803049774
4826,6.768689650515157,16.811042809901032,1.9941112388901172,0.16911662388411797
337,55.297425567275496,25.766775300037477,1.4998642928744983,0.2227092309525054
2177,58.93099672104343,49.05989721414007,0.6253979660198938,0.9142759096543418
1829,51.32007790932648,4.291606404566775,2.1984979913627707,0.16944214831489923
4901,41.464994373954845,57.75112766167142,0.11191476174122351,0.7569578153407195
496,0.6052091802779658,48.56462948955309,1.6004243600846673,0.1155773803571124
969,5.115117159116885,47.98408887357817,0.6574249609472256,0.5658643484726973
2907,5.558110632175481,32.95607601165858,2.7748948902826798,0.7479861252633471
4819,27.24567677241594,21.826868255894983,1.6736458829748375,0.4061660431886711
3266,34.63182940055419,59.534703675626176,1.8253570474302285,0.8281482392771636
3183,31.27032414867402,50.647648538677785,0.46373520452043515,0.23349765384240184
944,23.475898225926098,48.60016867816782,0.5416110966353519,0.3873057998906575
1482,40.42239287403464,10.39378636899285,1.3805470217032194,0.5653551773650172
3232,26.219124989327277,55.489583433087596,0.20635275683340265,0.8754539683980543
254,55.57471363824366,10.933234872569175,1.2070136943413705,0.5124216022925833
4930,8.911697275777769,6.715877496581058,0.8564677077359006,0.5113239625066915
3990,6.656769557915638,45.106927925860994,2.0130142115506486,0.6970149947743659
3964,2.397727115855768,54.278867829342296,0.18749254621178352,0.7747307959245143
3779,19.70769294234391,4.477010703722202,0.8037852501476741,0.8845560512050552
937,6.510592016797281,12.327712261247083,2.6724092500742995,0.01800904799646652
1717,10.020210944271593,38.65657686153345,2.5388007255033007,0.7440291248570393
2127,4.206487408649384,49.645916075216675,2.238016157141058,0.9302055005644941
2377,50.42321411187604,55.62121304062862,0.23885840591963692,0.9540455109885697
1065,17.07717260000099,37.73365651116672,2.561929169220698,0.8311511197174513
292,23.045660613896,18.07499796081849,1.6685061531961405,0.29725146030466076
424,9.294467500745379,25.136308546454124,0.3395031839189955,0.07338482404409186
2828,57.076652789913645,4.12742662441101,1.109563192449403,0.844915901564075
1378,56.48706380787487,51.087703283759225,0.9445389075724561,0.3036933934558397
4805,11.670272930689789,39.05712243994846,2.7839431852657355,0.4795421032722643
2107,10.36708421803435,14.584265136709087,0.20170731290833277,0.010210590088461702
1359,57.545844824934754,13.451019064747465,0.8649747404655493,0.21208006716267647
2213,9.665656836394337,52.58277808020998,1.000604790928892,0.4847609578622518
3442,39.12798808454852,55.43837135258753,1.1611904797163901,0.890512652033093
1110,51.47088428555782,22.181193497821674,2.5173834388372556,0.585180947226957
2707,0.9144895064618308,49.25680755797973,0.3238869270563246,0.8372978265589465
2412,14.47542866549166,59.74761164208329,2.75961451414288,0.39808441913925097
3385,7.869925362045828,0.045099226990199526,2.1138226510111005,0.8397896468625173
2542,2.2191079466480557,56.45393971244828,1.8104535990258033,0.5396823892354656
343,36.917362231300245,58.54805272718327,1.5484399257423638,0.3657804600706296
1562,2.8116182553500257,43.760199294238845,2.433698375815415,0.8862676100214526
1525,21.00757335068803,54.09920392990964,0.22384452362289842,0.06658341067040596
2640,53.12301805611796,54.73529029720144,0.5728640071231017,0.5147360415954747
3923,46.687452976370096,14.261101967417344,2.405844130094305,0.32480534296264296
1826,35.87267016405738,1.332975348925678,0.70801103946672,0.14027205056578174
3007,45.0524360403101,33.83674764506962,1.4977293918398855,0.7283135464971389
2890,48.480711943083044,34.73009152089513,2.4558181234572976,0.37340058416904554
2884,12.26664775938364,39.12381724379075,2.582706461373665,0.7519440822513962
3267,18.62440601728842,13.426723034736723,2.013170539447835,0.7687768672426443
3588,49.400659523690024,9.543900767671353,0.6407327714625249,0.38434041769553295
4330,50.71203222421536,28.89739123696566,2.6590204753546973,0.8455409729820637
2874,54.23954064991297,9.488612505893332,1.521823390978303,0.6620438604930466
4720,21.960178771679725,30.915088612086926,2.0223387300359215,0.9696468751649772
1866,28.084772408053155,5.440332174625759,2.7313907312985983,0.9470172771992117
3144,31.852182139272152,15.07281352008826,1.9629412314783776,0.37281633304343187
1885,46.93208202132227,20.719007515023872,1.0155866595228402,0.41600359921847596
3584,21.971115028942855,32.74089606676514,1.7956200359639165,0.7109638085319631
3764,37.30874548094247,5.054836799784635,0.2339409175401611,0.9956939809972978
4721,3.7869727272759834,42.67525838873974,2.240395091266645,0.903703519916226
1556,2.794686360114469,54.79310743162298,0.9025285561901416,0.6832402624969699
1660,45.154095222657546,56.66291093090897,0.1531287669806861,0.9404555085681208
1567,3.1183201735585686,25.586236535109798,1.7105235531368073,0.09950993941305541
3440,59.244672882571976,39.14913070995053,0.8953512898436289,0.8961002232505422
4330,12.608694162308465,31.305453368694344,0.8299966997924487,0.6384075426795429
4210,31.096790118191674,26.408437431080287,1.9075578465243201,0.5262106733166388
2210,22.313201622354665,59.18482280776593,1.3736675104459621,0.8071957220647263
84,35.809903198825765,30.944210959723012,0.23993850417550164,0.8304332560978099
1103,5.427643852449478,58.359552630366714,2.073328103372572,0.9677657793324297
4497,46.36824593661812,6.077664311919005,1.0591609528639878,0.9861458858570266
2274,15.384460955415861,45.75030644388329,0.12190989442071275,0.936729355525254
1142,13.924040152597952,38.554502658568396,1.9780858161210322,0.2428646645521476
3875,56.1712567553786,21.03435029871314,0.9083982950137999,0.6464391725605271
853,17.95820380374195,56.93956288050036,1.6214679511492038,0.6027587839445867
998,3.39573531183891,4.4550691566514615,1.3356301414854956,0.8716298735398341
3245,12.932025314273233,23.298966305860354,0.2940861799311074,0.13210943156574606
3928,50.88462432489578,18.842320791200628,0.30248481849662323,0.17046950928643168
1468,52.50958955628813,45.42075643014064,2.0320634957404518,0.3759035669464149
2262,50.36654321420342,39.14249852908076,0.7408281482598027,0.6422122083541183
1500,47.19425053959854,55.1233600671338,0.921585961069949,0.7913739073885586
2291,1.5012689496208353,8.715300703271723,0.5129799475279277,0.13604536022687652
3979,48.82473426600499,2.4234331355103844,0.42932889092599613,0.42708641812732306
1400,24.75892432924501,33.27368784632384,1.2458270465014278,0.17560041894131617
2454,58.651000685777326,53.905327389391346,2.736345413229688,0.005377580023182782
834,22.961544762534697,0.027099290639460705,0.9863160628377912,0.26252551741970553
93,37.13581848846307,25.714326256514322,0.9954645986072089,0.5433746123714074
3431,56.93090507680022,0.4737290502631608,0.8014906897052503,0.32939901702304275
4406,40.69059796821746,8.399637315626574,0.504732411597002,0.9936911943613242
682,33.01426681053487,23.052741610907397,1.6658806338344976,0.9625804832040648
90,19.210963164942818,3.6132354144734435,1.1677373556713184,0.6613766714246565
4241,38.851852805425104,24.376242965957758,2.4979125421265103,0.536167258569093
144,27.109613491584344,15.252360519262103,1.5823947956103017,0.4782625055418974
1607,22.505040946630633,55.8478030788794,1.2697990803015553,0.178276826963786
1654,28.94098979185865,44.801462349619406,1.0871502032459481,0.769174477270303
1080,29.07626420885238,22.541441669709123,2.726820396826487,0.4628291789474379
4341,17.21098338823368,18.98403252928991,1.3146081128070086,0.9906921114039473
2814,16.08015809506572,17.692418730441045,1.1928237660705783,0.629101838556689
4270,55.742386964236616,33.22376095554501,1.2128926829164937,0.8413413432172818
796,41.063035504381126,48.11719461013798,1.1248735950805584,0.2817260465055619
2340,27.579733376720444,2.9158855107210613,2.7318130746402343,0.54381949192015
1055,37.811204578354406,48.66923054010419,1.179856509040984,0.38989950943857266
634,51.15383879590795,5.1196485064149915,1.3335814315970738,0.24688756978239357
1211,1.8974592747505548,33.107032367491726,2.31204638020449,0.19166173975639222
3100,9.454919957200582,11.069927744579772,0.4822174530167225,0.3925446993964674
4651,1.945315434885937,55.959175738324376,0.5832968748339072,0.8746421809857595
3418,40.81501763325419,1.6464772593612897,2.191208255539214,0.09470558586251121
2181,5.012971401058426,17.337224309295188,1.8276904619460452,0.24349331415030007
3905,25.589412240160335,25.519820862127883,1.0496468239128571,0.9020551053771564
1716,51.32287068519919,17.858399200765195,1.0752606941595475,0.6423791531760998
3057,25.805861574589795,30.929422326312107,1.4269152746326916,0.0619667203341725
1014,28.622477354265982,27.84758743498237,0.7273199692795786,0.4398720594918608
3450,59.95485873885553,12.447018351028458,1.5758731326067372,0.494357134548292
3093,32.47973219849741,31.420527895135407,2.2014203540040693,0.09944108594193835
614,24.235990077979675,42.432653331235954,0.6525136951228383,0.8551021411870663
1400,54.018385440289904,14.29334017797991,2.173926690028784,0.5479683568533544
4261,58.69072465039968,47.66052763327957,0.3460001288868255,0.31742395587112726
2628,14.296344335307245,22.800221414747035,1.974150875929014,0.5364397494140244
4509,35.386845279723964,35.418265808183,0.3697510371199636,0.1421021864277452
1174,34.61753846639466,58.52382519061476,2.138395974223909,0.045192021584573694
2080,32.800841609172494,37.42928644782873,2.3581766738525265,0.9134220349754281
4927,41.11071390711994,44.01403539309291,1.5177128111417861,0.13641017768442798
1494,16.739249414068667,10.736935976415749,1.6929570501570947,0.46262751937688074
1762,39.07209042974363,0.21784002742506248,0.5006801788033237,0.5085575832865169
2058,13.270747007189296,7.908451007343773,0.6144293613282866,0.9568017736545732
3405,52.15821758673468,39.725638231399564,1.2923046907740463,0.5686752898003236
2723,0.7324688201155682,30.12855075441023,2.0750534599076347,0.7703686730818082
2977,43.01566618018501,36.42562995233546,1.9183514844619516,0.9423670799268503
1574,20.596564889666713,37.4839134207118,1.998569178287633,0.3493900622718238
3536,49.13196113559646,3.5804933737111377,2.7232534652057345,0.013746799875660742
1988,5.533765360319598,48.54574880874146,0.22684564087865738,0.027403075928916443
1943,23.70692331284761,2.455715069304585,0.2681793789730309,0.4141843613546152
2560,4.54257214058287,47.68329684944338,0.11407210654589447,0.8278564363569328
82,8.258347284112983,55.116491493771356,0.9743737497677323,0.6100645515944866
1798,30.93406327888249,0.4333147631890655,1.2879173210740162,0.08610784504172397
3985,42.972331089840644,0.2361822812305303,2.7405150622717662,0.8542790321046283
3330,21.834010204408926,55.36114279053126,2.6211031593520544,0.8332426091937195
4110,8.634387907847065,42.19727687929072,1.716875667356814,0.9677383365542014
322,39.704658485486185,33.97636610917237,2.47554525741136,0.03203295527011307
1311,19.87648601517873,48.373982758190515,2.761937747122386,0.33705575949942457
2952,32.75983586903362,39.03067267471183,2.777661817327518,0.2070990898559365
3149,50.19279066721866,53.732826018487124,2.1452612638011628,0.26720892292815834
3241,12.701007860837068,51.611349298140304,0.27024806556909076,0.6327563074196414
154,33.72868570187306,35.205986163412206,2.4216455698564707,0.45528902548630135
2663,29.64320313351439,55.798530933088365,1.2515709017597474,0.01782116671091627
535,46.30777542454317,10.216189845267781,2.138952314014036,0.7702501175891618
3767,27.425143307004106,28.737032994371834,1.748637384351264,0.20638574166439783
3996,39.429902118064874,29.159836034408574,2.5347799305588743,0.07065496325733145
3420,50.516918590151825,10.153123843046945,1.8546595201687068,0.8597380806034348
2939,41.156158397876546,30.448598681943302,0.45029118341337804,0.25636212351773036
3791,26.86705951758294,35.11031266445379,2.491999113316479,0.6973150398764898
2913,55.29372924536511,16.27154558429225,0.8131791080782044,0.8687032464733286
3864,37.4558911648401,58.37419800519222,0.3376914775228629,0.8985563441642926
1639,50.139746937802805,15.052482933130399,0.4201690705220532,0.11114337533782725
826,6.827203996395356,22.81072062729009,0.42854380669481795,0.8523131879164187
1828,30.823475990263933,3.208260447830862,0.8674862575536904,0.28398904159545557
4650,30.710033147645483,5.851466499994469,1.107982161951249,0.9577812430619552
2902,49.86016289442535,34.8037636209228,0.31199499784685625,0.07321144606360497
1451,26.978658056528616,15.58584454606593,1.843828248933278,0.1292700452975617
1620,58.08613522836766,52.540358152585256,2.572380108111268,0.9049827831841328
1843,3.6897605754258866,14.874208077183138,0.29388357506692026,0.3066038172611575
2339,55.428076860497484,10.24362351381517,1.7622225170432366,0.9147826849985488
1230,55.66676301579874,27.351086664703413,2.0225035504610442,0.6769030831574678
628,47.446537817911455,50.79602795380804,0.7147760923118942,0.6964379300548246
2649,10.064538157314969,8.942536384486768,0.14909959193807898,0.7901440084171458
3189,49.92558396374792,44.133157250821895,1.1859989566971998,0.40062818026855584
1725,31.49507556022134,10.7422456120187,1.829370052352493,0.6551065466913149
793,32.110047319366686,22.826230236295412,1.2022094229882772,0.6379819066269297
4638,40.32573764679171,27.44984733159345,0.16715662884765176,0.9273027820052127
2636,53.99892504606928,58.94882290029715,1.1268848429652556,0.9818063356220923
4014,12.740806279259893,4.912537460466691,1.0862659437223783,0.4084212878638154
3927,56.84315506249838,49.65190098402722,2.376783259849548,0.4699195646272346
4857,12.565830566849165,11.110621486629215,2.4223027230438468,0.6271828375821593
248,44.21146060136953,56.549322250400145,1.8633386128344391,0.839269299477388
443,26.3692049111108,46.02936453369302,2.7159737684371965,0.3740223536489039
155,57.084595305260756,25.874841878397937,1.644987485813373,0.4130641452704308
3458,7.99110398696238,53.60364158484451,2.4336945286821137,0.2812888696945006
818,16.583704813812872,18.32704283690432,2.5707959918460253,0.4679431729384751
4498,6.546044555570272,23.010884471855867,0.19456769025556392,0.8487048911757207
2533,8.643120070827182,47.8181023757023,1.6771972272313103,0.5580303427896094
4625,45.05521915187219,39.64000891206187,2.298318092444004,0.6534898977531374
4148,9.563849574639292,0.7404298419988997,1.961360769855383,0.9757831922603727
3537,58.67937856896598,38.66949178233804,0.8746946487917433,0.9471349533741155
1540,48.21367559137009,51.48431848285897,2.2937247272515,0.8276315768581093
1245,4.193202582024,39.43953311265061,0.16999560425611288,0.2393205097777693
2891,31.04075676775337,33.2406593268855,2.090548140059423,0.3118059164056626
4709,39.50802289990079,15.694927266216673,0.8925557050215984,0.9289276445187293
4862,56.92213949109509,19.966319210523753,2.0260543373481177,0.04567647398115804
223,47.725318323290495,20.466109769863543,2.26362711411881,0.9267827389043825
1594,28.92762445860114,36.405909149529826,0.2635950291136995,0.6199709214015086
4045,11.0986001981619,28.01846175030938,0.9055390308571664,0.31050230954831115
3134,26.39936025519218,4.492073211667293,1.101218168232631,0.11548690454296995
3072,58.495326756014876,32.109401296135985,0.8533110995749936,0.8239996884791216
3436,11.02972250672905,59.242549082036305,0.23987866233283986,0.9163768165329353
4216,6.735997365333272,1.8517648346453197,2.788511865184645,0.052522496487836356
2127,33.74757515069141,11.532505229879074,0.6578029075413513,0.3734975166253497
44,43.203670076522855,16.422404504362568,0.8846267878715003,0.16264751513527909
3188,49.18111288901315,7.457141480222022,0.19677624418862633,0.5461902353132606
4576,53.67185513517993,14.587542050481145,1.1085275427269696,0.8978233316490243
331,15.91899299849786,33.51663624349264,0.5514365691539386,0.08586724695458559
235,9.252887807299231,27.361931095347845,2.3733330993833506,0.8208071324165529
1217,11.960154347927174,30.115182283977624,1.132430062920507,0.8183227299033657
2400,4.6069512445905225,57.7038297289131,0.46102006186911393,0.931639467250079
4839,57.14161352286158,21.902310959716708,2.1207393060851554,0.19821117148068923
390,5.8821077940793876,19.65102288548692,2.520749081219007,0.11268686908427328
3376,59.37977049274769,13.51404609035609,0.4483798650201647,0.8435831401341282
2435,26.259503740481712,57.14235458076663,1.048940894681757,0.3906750595698656
4663,26.817747485934287,6.294928826644144,1.0374164818848215,0.5067645212200377
990,43.26047187969307,44.92306522786035,1.4508040647217553,0.09846822656182264
3972,26.936667954542703,37.73257548522237,2.0142088182754265,0.5133063231250052
3291,28.63731718597496,33.34590845756242,1.6391525280762649,0.9574737062810718
3358,8.788837207919562,11.062867720197708,0.10244322163861948,0.6597147095086262
794,45.642079989764724,6.410833089394803,1.9637208564938313,0.6337963606008059
3127,10.081348257424068,4.015408503025657,2.3429508828050336,0.36584827814983834
3625,26.708112578222387,11.199513163866898,1.1766064073136033,0.821382938668029
4918,4.806628561140521,35.97426527934605,2.6292104094906272,0.6368640466713674
499,33.05456838084258,56.891259309522965,0.8345744849056956,0.7782317255076587
3163,59.92096168873082,33.6108437932919,0.9795622254839282,0.809575008302127
236,8.715715595878827,41.866811139313036,0.9893315468612076,0.12774453154658916
1738,46.82707701845746,46.0977313800056,1.6913671273441941,0.6335828377546838
3109,58.73694548073809,33.758856184509426,1.8744970446549152,0.8861133567082637
4785,0.9203629077442343,32.723953652865525,0.7138815695834443,0.72844058538401
2349,5.928523166516109,34.641481568436966,2.3318071179281743,0.7959457163888699
2833,12.931291996399894,7.869923559519547,0.6532035481830915,0.4225608552855107
3298,49.66221823225559,46.12529726476951,2.5505828291402137,0.8901763376489404
2934,46.3879558186996,58.02909115548378,2.658022849499394,0.0009784013576072947
1613,42.50349669458625,24.544762387700313,2.6406088918149178,0.5138803957178455
3134,51.77611545115408,16.862345754327105,1.3189384358287064,0.8777974466944871
406,21.27319794183064,39.45749624626852,0.6337324032167879,0.8565906597053866
552,9.01481772842278,8.820785364526294,1.5526166464030635,0.30285221562193565
4050,32.457854885333674,27.959851799043417,0.282643634171273,0.0750315949602921
2997,58.070965629722,33.350878660880596,0.5512861648814953,0.1341303205191997
2080,15.823096105835951,11.196378681128108,1.058517054780595,0.5497688944971301
1204,39.65720926572202,54.943818795373666,2.18199021223444,0.5738636287568213
4467,15.571844621640212,11.25439081516557,1.710451202489776,0.33315214475601507
900,14.770603668784686,48.493725023045755,2.67449948905396,0.27992163880730647
3101,3.031584642186782,43.290911379103235,1.0711897757567634,0.82616307737519
4172,54.73537543298655,47.34418834768916,1.4971220800119496,0.3260715672303014
3301,5.707444136211373,16.414247304560647,1.9877887872916677,0.01766518607373746
1026,41.03951852921542,15.347549105331726,1.3340548123035894,0.9643859385350345
1839,38.418608003549245,1.832961219039595,2.715129125563849,0.30310481131667855
2377,7.381057417681449,13.33171088547012,2.324595220634535,0.7803925363462547
990,9.685144484494021,25.157015300317205,0.9189160363065594,0.09220043746121842
119,22.18353339952254,22.335079270424362,2.174557573711214,0.6085831485717024
437,54.31138214841444,6.06913415858741,1.8039088941116466,0.5415210569041318
3927,48.74571683937347,56.72333864982338,1.9078480236247484,0.11882437431019044
2826,22.09461814925349,50.21346327886958,0.2994095798715015,0.338106428885815
1867,57.648992678221646,39.28280793481744,2.2651503803062734,0.0400929999908739
3896,50.0347471126626,8.379908456961154,1.0013542054534192,0.46155422952844405
323,47.24306992100626,40.338141877421585,2.626679438303251,0.5360309675445676
4723,9.968452386860687,59.858537101752,0.8996155565738155,0.5142440300027865
839,7.398946182064144,46.83749663113678,2.611622555032912,0.9884314488253444
624,17.98161583521929,14.299488415998557,0.20801739970506355,0.8157939761455275
2832,5.921917981983169,32.70663364805866,0.6306763710751139,0.6503261382262097
2630,56.359330773722206,39.663162901060055,1.5080918055243637,0.9892780990973632
4871,24.41919697951259,12.4073590101257,2.2873119219961993,0.1341948251718985
1357,53.38789339483713,25.609653026372413,0.61567648686758,0.4672012572448252
4860,28.842420058343585,57.84878721339862,2.1989110388494266,0.828287686626928
3074,29.287086619125166,4.864207395741344,1.6544438459099189,0.269980910221604
1383,2.15663967788154,31.006043865394425,1.7562082249726565,0.8035257077225922
2239,20.470134129222714,38.26893212894025,1.7855742229797582,0.08160655198660516
3264,38.669990890116104,40.333843752832585,1.3701457084383508,0.4563356308276434
1891,38.665421822148645,42.926495173299344,0.7528637466115506,0.6759920979031262
1131,13.671612284295257,17.51789669607596,1.2736529466858888,0.9212168923988941
239,1.7172005140441993,31.28901241132288,1.6965839959089821,0.697421677127143
218,19.528631130293995,25.770751328650356,0.538293361411754,0.1755082462649643
2767,46.92403491788657,49.04142399528437,0.4523360325025909,0.7195458375101211
2692,42.939162113444276,53.941445565391625,2.230855651997054,0.8579988811140093
4245,45.5960305077457,26.82375587298568,0.3592933745738355,0.7029900445050394
2715,42.693574916690054,49.805123636163735,1.6592142528490146,0.37655191362906426
1452,30.399512896260457,9.183278264044654,0.36553236345221296,0.8047770157453594
793,1.754898995571339,35.556164781886686,0.6728177449417279,0.0917236790304854
5,11.870303193298719,43.3577567012335,0.48075215610063227,0.9002194082240088
2944,38.109192622107834,26.27435780722279,1.3517487331937479,0.8069941622558586
273,21.97323454904978,41.60583766296592,1.0534534821893664,0.2331762309281451
4802,12.9092743999402,44.757927674767735,0.43177382505001394,0.9269951042983938
4940,42.89131625954462,47.82751281730004,1.1574921559228766,0.6155519291862003
3124,46.87218541000872,57.73949407935297,0.678568414522746,0.6055382677135038
1735,22.383926845538983,5.013508485564988,0.7337386548210358,0.013789364602372345
2524,12.8601857453959,50.055835090808856,2.755018726051357,0.3248613475690384
2793,32.711686113540374,8.20082913650635,2.404166603375518,0.6382985139659779
2339,2.3029680388414464,17.572087524154043,0.1308114316570778,0.950454274403464
3241,27.43337134822831,10.630256209973819,1.901175006040601,0.5496495962340608
724,59.667323684213244,40.65174141954862,1.8423777863994364,0.21929802169079293
4026,44.12916621319473,38.17129478311682,1.7675542727090825,0.6938101287973413
3964,17.604608921802047,3.848121003013172,0.19674439571263147,0.4625187114940348
2815,16.802124276840146,26.70618070123715,1.8498409841988503,0.7108152693975073
4687,42.61826437189137,35.34615245596247,2.077520462590379,0.40260793660082794
2344,52.8016828880469,6.90939290845916,0.17205354077015167,0.5284674763901559
3332,25.83920455011092,38.38000889164843,1.7604990771260696,0.3782610893724102
3483,15.34538911250314,45.95766002064614,1.5502867365965072,0.4914545854518817
4616,58.21541300529014,45.523371035245475,1.7715790517212255,0.12484543667893044
2580,52.50832158319625,39.739893193005436,0.22012954552256742,0.1112615015478895
2734,46.55677229659778,24.974035739482854,0.657855388232576,0.5803205718876817
4587,47.317539340131596,19.769768632742895,1.1105095701426577,0.3213329700774529
4173,24.32875199465039,19.784840004570288,1.1896748680900195,0.12019917775977029
776,41.977251974804716,49.02437228990552,2.7994144137757675,0.7274936063924716
3211,15.36437159846302,21.656974163377733,2.353851990320668,0.2123701855773319
64,24.758381627291627,53.9545915554875,0.9103659780126115,0.638400815700139
4106,41.971443007706704,32.82146802199654,2.5117210367395644,0.9971119975937887
4969,39.095554452405196,17.012425888928043,0.30325441847265666,0.39313967029618335
2929,44.67789517752492,39.28738358478504,0.29686588141924874,0.05214572455335942
2465,36.02333114949046,37.10294833862714,1.1464512625329506,0.45655992755221575
3867,3.565967431501722,13.96137493041862,1.7175171240763722,0.11140284445148163
4127,24.41577559657612,56.643572230543484,1.539623427681671,0.8921603594934514
3103,47.38596248510767,22.517814475600414,0.606709749061234,0.41529486926918235
2849,25.633212144693413,43.94863331607636,0.10430207579507103,0.4207973485833538
2313,29.3098720473259,45.76556229808931,1.9170995602476582,0.7064104295769056
4162,26.477722431383917,39.45271295943731,2.0297028672884023,0.7811075500777102
2251,15.029364744841747,53.92775170178338,0.16345065793550728,0.9149735941194053
3393,57.995446398333165,42.57280201053929,1.9549100224562368,0.1619240756240693
482,47.073307594291045,29.776119549713606,0.9953637870168965,0.8537334947628635
4799,56.855660980151924,8.235539641475437,2.160788378159446,0.9132864852541543
4229,23.410125137450454,52.692336054695424,1.7738528297018596,0.3874785390750325
3695,39.72616993756523,48.98791703647236,1.3977197064452025,0.4374579767075857
1887,34.30466384113769,39.541095278813984,1.3670257998868507,0.9651150796284355
50,33.777617600141845,33.74206477655008,0.8232769765994455,0.9235324166694302
3574,30.9006149115914,43.49294525132096,1.8327042036013936,0.9338507220474184
3793,45.13914158284342,11.218763522829905,0.9020407184112027,0.4584435012304514
3542,38.50048764339571,49.90931445912914,1.985688101236558,0.2069861686652542
1424,48.225539644485,28.24782906986037,1.4041727591735955,0.5166572888934564
4976,3.024605679581762,11.646058498257341,1.8105204374962383,0.6837134734458418
2821,42.294007064778235,0.39458607330442375,2.515210760543606,0.9785582949975585
3495,8.55611133994514,0.6441611853487372,1.3569340547973834,0.3211985059846094
3970,43.8207655128735,46.72049676681525,1.0708472940704798,0.9733776966149159
2070,43.927272335667034,56.66107757314164,2.657167874427071,0.32567924108683854
388,27.83755166160612,8.195497708041078,1.4374153368245455,0.20637789442983123
2611,1.3652130621806147,34.252530735473876,1.5395314805147156,0.5865080862977393
3424,54.00632171025585,38.641163250740995,1.8556011298258135,0.21369686187344628
1713,2.709256450820574,43.90723721904659,0.9771220662222698,0.9967654689631942
4576,35.508547395747726,47.850578881587424,0.3289552463168227,0.36841168437944427
1466,10.276627266383596,57.82108215143274,1.946257179882634,0.4686782323330696
2834,42.918587261391224,21.069342030044425,2.0573671646016973,0.7740581256172202
1024,16.28721612091393,52.486421943884004,0.36889905974377524,0.08668332751161512
1548,59.823176199852604,33.54614038879428,1.9272747301062922,0.7366167256407745
1069,7.522355847781346,32.255941318928926,2.0858423146167913,0.8199775949161237
277,54.64079594933678,37.92202686711034,0.28265371121235466,0.6987145070040853
4880,38.98020642565268,25.124823879356715,0.4957543462407423,0.621218557240891
174,6.354989754053168,51.18411875933562,2.3079179299802908,0.8357967898212392
4028,5.4629797328114975,41.765289148568854,2.5671912796669187,0.7267942073402086
466,2.2060094239953276,37.25651413174843,1.418451181809956,0.4197385824637129
1295,51.08054359134967,17.21254154867955,0.8215962333730747,0.1892696800670124
3322,45.947898484142364,3.262406910750968,2.504083776243528,0.3722748741890197
1427,50.920193711600085,16.833967562622362,0.9755780199963896,0.8971434041164564
1013,32.598924293912205,11.67472410862159,1.326374777599156,0.6675734099229392
1964,55.495403832334006,7.5903563218616865,0.4797267096853479,0.2688592853929941
3563,37.14017101416662,4.152366410400276,1.422238970230485,0.4830769695498244
4697,21.06906857403778,55.74209282927021,2.72465213915993,0.1495163603093118
1856,3.2460973647078117,34.647701701040056,2.692460825081021,0.9159187802937134
2648,2.3410078621378294,0.9646773173332535,1.9999797552526979,0.037571078119587153
4647,47.24213936233563,20.660336742818153,2.0230987866174734,0.42150127887474753
3022,16.565384622610427,49.51138234842455,1.5543843538067215,0.753075749878695
3493,0.6461016030629452,27.971617842768378,0.9673904613081288,0.15546277094071947
1658,21.181585753217615,37.08614208104881,1.7854396394775522,0.5000961872938338
1934,45.57957777207136,58.92580515219093,1.8288857103770486,0.480087226568813
1563,52.0374993484837,35.081462002701144,1.9556021772170016,0.6298535439445759
4531,55.118662000722395,5.793374529785959,1.3760034735223725,0.3965286884459376
753,44.94296456188609,16.53511883053988,0.433257117602439,0.3802253414635992
3824,34.518731698010335,30.949483321506925,2.4269219444897128,0.8402289052797087
2818,59.335535262062194,27.952154140983136,1.0120786832292685,0.39357005071221396
2257,57.528699868062546,17.915990763739217,0.7940305984254058,0.12183690538701109
4792,20.04350272201171,17.725491554096948,0.14015194018439148,0.46065614841188396
4737,15.106395601980022,29.395502667650803,2.649895147635527,0.8003780745826019
2542,51.84855986943636,17.158003792311987,0.4398080212848403,0.05432336155789852
242,1.1740775039187468,23.158569910072863,1.2131752123095705,0.9729555821825254
3102,51.11456551602758,8.826945869784764,0.3123234294912298,0.25470122443620924
329,10.589855175568966,40.242687111455886,0.9262238088132277,0.6308055814476354
1239,33.65669539173073,39.07426553282067,2.285060773674104,0.35170967425682054
2800,4.99018583210189,35.258426602667214,2.332679418709334,0.12752125687326155
2884,7.676012673037221,53.71266148239002,1.1081827432164466,0.9205616950523864
2349,18.072312882856604,21.56056692258312,2.6840736749541105,0.2991815344245353
3884,24.387977689327457,56.23280446676042,2.473946973773848,0.2131698264931856
1950,6.135515512413468,19.88814746298836,0.597969630617967,0.13141653526255492
4176,49.533314026511235,57.18665891165402,0.3491610482959957,0.8984440833426744
1093,53.618872680001694,14.110880410502807,1.5751435602675072,0.23293134897761336
1716,13.925848892667577,3.166194055227458,1.4259760759541873,0.07351464677068165
4775,51.353368761488866,37.62927960198998,0.982653451268085,0.1738847164014028
1773,59.76222725547441,23.825039734593396,0.14111332386215286,0.2247558085160164
1473,14.225584815978516,13.906634589288531,0.9055898816189691,0.025026237240155513
2266,38.243970092487935,19.90779441250072,1.3554402607242626,0.3627713495558408
2400,14.149752033166953,47.92159990835999,1.5805908741619326,0.8010683263099122
815,42.70394354539936,28.142663915932534,2.4832216277504155,0.37756151235209756
1663,1.2576005847813954,4.625683130854814,2.078434249296025,0.21359060719368694
3531,48.09908688410593,33.16279709096106,2.729438865448048,0.6124640655068854
1319,8.794028225085293,43.68209889615153,2.3827290402416295,0.12648867997579571
310,12.776844379155348,27.527035690620732,2.005372751153825,0.9234832092978313
1624,59.43843195588008,21.184565378795273,1.6298569161811234,0.9618992074688562
922,54.24135771511285,18.86823103417064,1.7481396929545614,0.639835975037322
1952,54.626894916344455,32.05006288903587,2.1865717083789784,0.4327091647636383
1446,0.13114715778297148,16.29462563818888,1.0148010512307601,0.5391066703547155
3193,31.891531372017333,47.487458594886604,0.5202241553257951,0.058686916268152256
3379,46.88831069228587,8.501499958158941,1.6938542504616265,0.8971023616193066
850,33.79650496751003,13.191370772622443,0.4795533106095934,0.27262719831244164
4208,38.040820657280065,51.662226546742914,0.24771299215628959,0.9315734577311992
2689,54.318844613044455,28.203591573333217,1.920466860022009,0.539627141157056
3500,15.163057018700597,55.482230213576294,1.3209019199692875,0.18237788363208207
2890,42.90858159165348,54.730894221971305,2.253755279614182,0.5877212228001472
2250,1.1115706655584456,26.67330007436051,0.9064782220529846,0.9602600074446641
560,46.02210332048879,17.789930933124648,2.6454294501777764,0.2954737265572125
3871,55.91810974842299,32.33623824267463,1.169368867541938,0.9065439022885411
4255,21.11680366066443,31.65471908211518,1.2250046427813657,0.8374549566969154
1551,44.131004346007224,26.434895258085778,0.47081010755494834,0.20734865449923456
685,28.41094868168236,11.998144446837834,0.38999056313791847,0.3409148294259462
2809,1.5319427550980524,13.788896132898248,0.43297302381031577,0.5127158050414928
4998,11.841731745493213,48.87742756890206,1.6378966772612826,0.08059339804999255
1529,7.457614871826992,36.92713416445785,1.2702913897323496,0.9437744603034843
2710,31.458984700254756,53.23206444567369,0.592121324375735,0.8560422755250497
2591,45.325724862663975,20.80355582861863,1.6863249896175416,0.30768731527042104
3370,7.85885932300217,22.368402864122256,0.48199566420187456,0.85214107082417
1865,12.140249170583694,23.948086629495656,0.4688321951970382,0.056911676532169
3429,54.31065690639172,31.454600716973097,2.5789850473668845,0.5478283152617972
3069,58.61640810672461,22.364032412204388,1.0612307706569857,0.005710819864433336
2362,38.99543096630175,25.191579394691313,0.5746127553447535,0.5929048501741864
3912,15.279197486511148,2.5946453232306,1.271188913500144,0.12820672609942552
4518,31.533923944248073,20.774937817281582,1.7051697926395724,0.6333068169984967
1201,29.735975674478837,36.65057228484047,0.7423471163393427,0.8116987551762935
4895,9.559422331222553,30.104418842050578,2.654255474713091,0.6624967657717397
791,46.917489939511334,36.7737456914768,2.5163201363949557,0.31862030479839254
3680,22.633310060882508,33.22781719923696,2.6163807885250794,0.7485800324157045
1280,10.704211313735144,23.786496421172455,2.6684565753252802,0.22470283799874713
483,8.173157272300815,29.299602818063903,1.2236266233572095,0.6744555158207094
2298,45.52343501905826,41.0582214080759,1.5126883729281957,0.8159862529056208
4500,48.06133061518485,46.091283290565194,0.35996030360411424,0.34422929674065916
2240,46.53409674743014,19.37707523208323,0.23760576733713282,0.4031898145986428
2875,47.704966206055666,23.82170444737301,0.7483513279196261,0.1926957144357646
1768,49.33336174869857,32.45634166213242,0.6584507859327513,0.4222668072944461
3574,2.7318574650380523,59.940452526101666,2.649692277450181,0.5196492319269963
3842,30.968760134133063,53.87878503111315,1.291960129445303,0.5017466238468414
4294,41.281295268296326,53.36141259181349,1.0495260281343568,0.809307162347138
2210,0.8110577647075079,11.857355765768931,2.289897605325162,0.4363222494500686
1904,20.502167361596275,26.579562592596787,2.338364133053413,0.3113159198429839
2637,22.73698806138545,14.472685469795916,0.22109402008173262,0.585896314692433
1270,51.67367694216191,27.175463250835744,2.4540714401998613,0.2507482922250889
1924,15.852040643727909,7.098882443786254,2.606200782168295,0.5362035096128729
303,6.397857027203067,41.773402563217985,0.8954611589337216,0.9844058850294957
148,29.94355765885566,37.89953702292159,0.7627624088056598,0.29554709682385216
3729,49.037537203303735,18.345774858964823,1.3430239862434976,0.31889006615104465
3367,4.538630236361811,2.7355799584457596,2.278268612744479,0.7033450596686379
1503,15.35943515709352,21.76046235402287,1.910898671855162,0.3634029343507843
2135,43.80706002409669,7.221626415821145,2.427215656322542,0.04169544676485759
2574,18.518199315248665,29.0258909884009,1.318521322430547,0.9531867221996058
4231,16.37520571414981,45.574757467572674,1.6295739558147986,0.650345241865913
1266,59.72641715058052,21.238262547968745,0.5149826315594831,0.14340360685943765
2083,15.631807957824988,0.3748743815290334,0.6866423200886445,0.06347645938640534
1392,26.59147979548041,22.685338388485146,1.2820899577998282,0.04211203010487985
1885,3.0868986392390485,14.940861370767193,2.279300913720278,0.5888189696410271
1097,20.646189516756365,55.336971640507855,1.1692596708055738,0.836081900638345
4793,22.811335184862124,17.766610720341905,1.5272863456482317,0.9220129296574517
1581,44.46860052563187,2.6961915074124443,2.4423478207339655,0.13196693509778423
1976,54.40797756000415,52.24026563504174,1.130632116621064,0.15206615535541468
880,2.0656674762042604,42.25879838813534,1.0306384953209509,0.3431119236284368
137,59.821645069641825,16.909150535523004,2.363934081486309,0.21106224307000088
641,5.674667216509784,53.89169000418747,0.9936368684611894,0.26517111800515103
2964,52.53137497531519,4.912214509404851,0.5676149207226369,0.05013498182502296
2064,51.36707058543229,10.275504644858309,2.1106231467372334,0.5251317047473715
4751,43.37596704299599,48.80818152700163,1.3735367792996027,0.29520935699182693
4590,44.8447833926902,3.656835517205299,2.2235292589905202,0.9397389923547016
3290,30.38148382728614,44.85027516986571,0.5558251421079338,0.92944372107462
3010,21.373130624770365,46.07744665563704,1.2301052938226724,0.33302540471931696
1043,1.6096586051901074,33.86155935510051,2.3422378301036395,0.3298240638334675
3917,35.704683023412784,24.33553384875595,0.14959500451444968,0.7527002264035653
3878,49.06200128142602,7.975140533195322,0.4563303507641565,0.1758658958459126
1750,26.623389177378577,34.012206967123774,1.0605947526543649,0.804784811014842
1045,0.37507931366242975,57.43833696892409,0.62094744103155,0.37590065562377994
2049,39.71367992767336,22.04344993730507,2.5336350426835694,0.9933962883251201
3726,12.593401917587123,10.344508039570446,2.2138034987552007,0.19364366424896673
1618,55.26924312335259,32.62643887192957,2.420367554479297,0.49314837303939296
4259,16.961067553681826,50.42755918469405,1.053548881262788,0.29302783835022883
4234,38.956374505978395,10.418876317459482,0.8251799243889693,0.9774314880452513
1762,45.38210633548203,12.66745353996191,2.7776180784152857,0.8898904378116452
4730,53.71200053187194,13.88253377122365,1.1726313531532186,0.9405560825878001
3761,45.99071854090211,17.756547694383215,0.6760396585041294,0.04423295805330474
3078,52.75313796520215,26.211507175222945,1.1016543229875193,3.9576976118782525e-05
3246,2.6938404768306956,48.02578753433403,0.15616929683762365,0.9997057791542171
4921,45.83206039904567,26.41592709127619,1.542015037947713,0.02265270221572191
3994,31.206000857611823,52.97296582907049,0.3987129090074347,0.8674582964198188
878,27.008140250352035,40.036859994437265,0.27371501337065923,0.7122457176905328
4615,17.54024282972843,55.71576773187968,0.982421365700415,0.09598910523236492
319,3.813987189964194,41.030881161950894,2.6853122319171745,0.18802567047865637
926,0.01688093340606045,35.68274909638083,1.5791207849733058,0.26358462522007686
106,41.3172965651889,54.775737188575384,0.9457087632031259,0.4982363528285666
1880,7.864727138387448,48.41169011907908,2.5160841293940037,0.6095281336595273
3116,43.75946798290234,11.647551407439485,1.7111028608899148,0.39842324746547764
2760,3.6758858356172275,31.64294391721377,1.4949824357899089,0.32805052336172635
3000,31.841061609229882,41.30037476371108,2.4036250431063477,0.20500047622091921
543,42.78961521520574,33.699654160473706,2.409814329703794,0.35064945301139505
874,19.616493893355884,7.427871079332973,2.0017581976845995,0.12848248397872286
88,52.27979809428138,5.795827395228099,1.7532529799387098,0.6261372837063648
3662,58.68642941126925,24.214397612008003,2.498769704037819,0.8938309105991031
2617,15.724528376927285,56.47870791538441,0.36603733134876093,0.8313954774789988
335,2.840737147095065,16.158428300556153,0.9027344695077143,0.41345074679655813
3146,7.917417644986928,31.35693567193252,0.12847199433934342,0.7366967736732339
3711,12.069851956953148,42.60942884594511,2.342072815468929,0.3066499495564209
2282,17.957991680388126,10.419263893116996,1.0709629790405863,0.9536503231042813
475,57.89789719071006,36.0104208660156,0.7590970013769935,0.15594142160782087
4145,56.761646859355025,35.06686768560218,2.0890098884582207,0.17581850983649594
1053,21.161630651391082,3.47370943204546,0.11817233504964288,0.5694762789486031
1823,41.53469662695427,22.22112610927049,1.3579207275188487,0.11611729380564384
3080,41.81733952699737,15.763578974922542,2.779236576362478,0.23068251329996659
1278,0.8444354611574467,16.446781924118394,2.0768283059589083,0.0635036715602263
3833,38.57838810750037,14.07953850513324,0.5082720568802546,0.06019973725629968
1480,28.269833437537194,22.23402512909694,0.2502387846077949,0.02676095507321985
1623,10.691040735942195,6.577107875885366,0.4309589330921305,0.13284137118432982
3327,6.854230660263374,0.0019951725194577996,1.0254624559877965,0.11375591922991313
1316,33.59583869581316,22.57056970520132,1.5467607987711582,0.24728432692222513
4532,58.75859167724079,34.63352544324856,2.6774473528404927,0.7420673699306328
3973,8.152663742881805,37.77382260736174,0.9382156729350313,0.1887573687274774
1834,25.80960991383862,41.370046053479726,1.7293515165818512,0.6584492887557788
1996,0.82831961090154,41.821529789148116,0.7624050203349545,0.06086737214632798
1004,17.797581478834307,5.588025266999923,2.282109963133148,0.8163837838600377
851,51.44197981225963,46.30064410057867,1.6143974238835974,0.8914271782962162
3011,38.04287090145638,25.80716298592545,2.465860465631003,0.45560574011924826
1356,18.60465485868983,55.982018636172185,0.43626445610425835,0.5875356640766325
230,8.875657312102103,48.95462871404445,1.4423390956537718,0.40367704632044454
2545,52.741278104857464,44.57459755086724,2.501463766102079,0.6498260565752605
1484,55.13854834640219,45.25194600185098,2.59781296007093,0.4560912692921296
1461,26.681501108422104,43.09518795477987,0.9674589060313924,0.6616278599299655
4514,45.39600224091328,16.650808599184014,1.4043337741911153,0.9224241406275571
2672,37.78533433563486,49.38655969516112,0.8999205356533371,0.4201054975697035
709,32.57759095561553,17.16144986940936,0.24896878900822225,0.4433937631787349
1860,27.92339424160816,27.486994693816857,1.5623210138229224,0.45106380667416124
2472,4.544919013582267,44.95868758511118,0.17451429924658096,0.8813916908569199
4804,2.6052182573992466,37.93719759495753,2.6219924358575457,0.047661634123603025
1249,15.508809955923354,0.4621157648537655,1.3129992064982605,0.2649769747067032
3587,22.26126164886775,24.73402409364899,2.238605823864757,0.5436108039320516
703,26.890874242925904,7.409266949370005,1.5568135025045182,0.7511653944881521
771,0.49392266483980984,24.15545001074697,0.29094100144602075,0.09838233652082784
3633,35.474654187196904,38.559327595945064,0.6023316354776671,0.3325321749576119
646,3.131486360018807,0.4904018636456131,2.1658337281925806,0.6190848053429582
4182,14.849964536728457,27.00260189143753,0.48911854527027354,0.7301462247518218
1501,37.86736662639462,21.794127895128593,1.5652293569840343,0.4103530904598963
4685,46.93815593112058,42.83727774022193,2.597606380963674,0.02711682991483555
1973,54.25531414915365,9.957397448095051,2.2031892349969855,0.962970640127322
2150,15.771045313311298,15.68347862245604,1.5939617711791543,0.8098406468310314
3268,52.1417501187825,6.963906307812085,2.576744738092987,0.3393543197812965
2105,5.106254928326819,34.373363201683325,2.3111693054989764,0.5447912721012762
2256,13.639795828435888,13.807142117958932,1.5073647124482776,0.5310633206089016
3147,23.381384926562706,21.827441418896335,2.7304544693978166,0.6913029949664116
211,11.403456466174015,23.147904017019677,0.7111226200982601,0.3842298598615048
1855,14.396104636068596,57.99687165707217,1.918468969395352,0.7324670163903547
4962,4.7454400854425245,16.92205562601788,0.2559965601544175,0.4546078003915338
1532,0.43197398821903654,32.04942330411682,1.4050758475586214,0.46724419583325016
3994,43.69177586074174,31.672573208449688,0.9094357892389882,0.3808185552543939
4605,17.345755219323873,53.681994141987644,2.436634665226295,0.12181513375381903
4761,14.53297384686831,36.168107640469955,1.101783887693262,0.878791703937384
2524,18.000517185969535,35.70217733331051,2.6211028387878716,0.6077965525718577
673,56.39144047573136,33.07296958294895,2.3554849204352273,0.738342767971431
107,40.44036651962928,3.3870185935299957,1.8730553988662553,0.5335855318198437
2879,32.58114927747355,29.6108288237849,1.724981326196703,0.43358412704150295
1878,45.699151894210694,2.474403388693216,1.0606929539699157,0.745449945924945
1049,21.026876645319245,20.480582070768023,1.6267476757213637,0.47547469734714054
809,16.272189650953575,56.900852921153565,0.49222005172440864,0.6624318426388185
1259,17.273685899135764,45.6583945056476,2.08498736291885,0.07322750342778483
4487,48.22779502971135,26.496637770270787,2.261831425966505,0.18398500939867546
1247,53.297066345083834,5.5553025968434895,0.2210083153980038,0.9783093032270965
4157,59.043818144156745,52.98566308197135,0.6244239114051485,0.04995957979519816
2122,42.67311074593793,30.067583389032308,1.3745374291009396,0.8575670228649592
1999,33.21026564205041,14.695937105022521,1.7385344851695548,0.6848787444474235
4666,22.08414804114391,57.93179538045552,0.5227908559066841,0.936156409253981
894,22.281784186902225,13.139151134423194,2.3894944871481507,0.020154192045054864
4694,25.013083552133374,16.049294112830147,1.6665291827085351,0.0484664861586539
3876,0.7240398165163242,12.996386380113151,0.6541083300549304,0.6236483419849487
2390,17.709871213075235,45.092874971163546,1.5837298369228385,0.6785189485723061
4703,36.68119400648094,5.2186458665649145,1.0552059389578854,0.3130831009080315
1630,19.28145369281613,40.60677597882935,2.0627899306130226,0.6452284016607542
3012,55.10286749592034,18.105608516067946,0.8937529106406176,0.11838153131593021
3525,27.69679962008707,10.62274739079411,1.755042883767875,0.8245694743631817
1692,14.800791161596798,9.639418244762748,0.5486162021491918,0.37187718198344055
548,43.43868948230486,58.71578928815343,0.190797099634065,0.15741838008072195
271,33.56910255643514,5.149416777893596,2.4089522800452623,0.5604360021278001
2256,48.01932123006741,33.229910677630926,1.838870309196143,0.437301498256766
3245,13.40390223272215,8.304236639897182,1.5969282440545718,0.4992990564225407
1794,39.63748816145257,22.89179372785624,0.8969607828986748,0.6023768639143681
2709,17.791713706438873,15.144000195738624,1.4543114192456426,0.5468513802061514
3101,47.170090392487424,46.47890578097333,1.7371315858788303,0.9697218176808221
2564,30.911200975365944,42.52834406998039,1.667000043902577,0.8620315119809805
2197,20.50713485634246,9.133472869797519,2.0048614461094774,0.2541665753592258
316,18.83182139687678,4.363167559652233,0.8034609669438122,0.9208547633216458
2861,35.45618371465748,22.0925120678669,2.784210829643541,0.2844099964269612
49,24.724991467574537,24.203195138287867,1.048140638003726,0.6987726637534302
1300,17.12948245993337,30.811289531952518,0.561627572848038,0.7939372324023989
3796,26.66909898415679,37.79602426510828,1.251039188224698,0.2276177346820929
4418,51.462879705826644,3.303890262647504,2.0175458383221114,0.43025954974772895
4143,0.3876240161109079,25.81215883213973,2.2138095555481563,0.47018934663130196
4616,46.65360632234924,5.927627130256658,1.358197137241014,0.3320573994031156
583,14.851741657048166,19.294289978417357,2.0954307239984327,0.8135340742302976
534,44.62043698179657,36.25186999846126,1.0125353938048707,0.6814699593084865
781,51.90637681785142,59.96304782679758,0.5673942760965021,0.35821799904205265
2829,27.26659823540211,15.329263275639779,1.4403641503798446,0.9299492384386904
3152,10.459260487921387,25.564852378136415,0.978222647041657,0.07807886426941912
4102,25.682129543503834,0.9777166892482603,2.3837872091277417,0.9755356855493409
3740,24.342924508110144,27.043637090550106,0.6975687402188252,0.19358639701494307
306,49.41733665593422,12.070395597410752,1.9200815244030052,0.8392677750670409
38,42.8665247719227,15.412376723249203,2.205162389761711,0.47997575612421006
3646,16.433141283125103,41.996845926179645,2.1610076598797714,0.1049864957277612
1912,28.172517532800917,10.76321486460429,1.8857843900928262,0.7397057949952824
4911,21.19285248769921,9.703547232995003,1.536681574237463,0.4675988346218076
494,8.482551860331464,24.231161144180987,1.7261149751272797,0.5228613900735463
1066,24.069364783058667,1.6146468469154929,0.6009192309416143,0.4956559648177393
2243,44.166066624173624,43.492238545950656,0.32431405325495866,0.8325769280811433
4427,21.788451121269784,20.590733348752636,1.195173919849374,0.35842428942355953
2468,19.89439048750303,58.088514486723085,0.4969015903731412,0.7533340524569277
272,49.4410205811716,49.83995235897536,0.39285697287684884,0.39116763529684073
1917,3.688575024937013,23.428566950411028,1.8634411701229967,0.07715680923428969
3394,17.455387345542658,38.715193297420484,2.437812801798933,0.6966278538981423
1800,10.318586180587113,49.95750894257453,2.7505755324917027,0.9744735757574564
1517,41.878987712333924,38.730649739751065,1.261662668474531,0.5780697149927152
168,28.350745159614988,35.26009897511369,1.2040979266263603,0.6463322401040273
642,20.947814115620634,50.108766569313886,2.044044805873177,0.1782356239770273
2591,27.463474328143494,0.5034172033378814,2.5681129952471853,0.30755826654865615
2528,17.205875618119276,45.038025482557785,2.226835818574553,0.6269445410158053
3751,46.062055775018386,4.984683404162212,1.0934874023179906,0.6699348604129588
2430,59.51276161971934,25.155665159619524,1.503525188001555,0.32527560214484286
659,37.498947790520035,6.861823023324156,0.9333708310284436,0.05106617010889869
2279,15.590896352025732,34.79323527351551,2.260740597532397,0.4364639446593739
1944,10.84823589616185,8.010707508043362,1.735545860238124,0.5421286855644724
4267,40.276621188994376,31.762246309849594,0.3298880935209562,0.2549237799036186
2133,57.48312776969448,6.02113520747424,2.776979947502916,0.6857015393100384
3958,12.352647689824591,12.016598387923047,1.3224073889585894,0.8605521844370887
4475,51.492419453947065,20.081437178261265,2.425614420348938,0.5924469903886296
1185,7.4687035686223595,18.56315739246935,1.1511052828409556,0.5772201289065929
733,30.706619818489635,32.19814568661728,1.0598407272532706,0.4002185244543597
4746,19.551310198600603,31.48586557314233,1.3147518930540134,0.44224488670477113
3518,12.10755345332614,47.23119195886156,2.689204142003299,0.6273743613345283
2808,16.416187599886303,21.62895245825528,2.259790733313896,0.4427636724480185
2649,26.250516525963143,10.23492798795402,1.4257780673546838,0.018729764073387223
2260,40.42866866301787,57.96296133067776,2.132820301475671,0.7582528998763983
3822,19.265486537444477,14.036278085462824,0.6517871771494607,0.6937593131363882
3607,40.034880473070366,17.949960356230953,2.0036105690784822,0.9678548485764065
3587,37.14695932448298,6.925819806073563,0.892246871557692,0.43610827532721586
790,41.47343848801052,37.45279412118411,1.4794248668968089,0.9222360434984552
4966,44.960757734138774,52.14734363234039,1.4799097039248346,0.3640485314018196
2133,34.78827335116938,18.701891734777977,1.6938336720239942,0.5833196857259066
457,43.166343430376116,22.27528579647922,2.1962341800331857,0.19390355257362668
4418,11.025106897083743,59.419177483047335,2.582439483226067,0.6048580795174044
4695,8.767075637232624,19.7609699228733,2.177868635720671,0.713848541563692
2110,52.62053982186933,56.39934556113348,1.7915186411191744,0.34166150308911714
4982,46.932780163739544,30.691051102294807,1.522735867736768,0.8211743085554363
2507,3.694449617041551,33.96873462623138,0.24051201316927381,0.6950825102035489
867,17.907780358858723,16.54990190881955,0.22185895942097572,0.1007781507358434
2542,4.376885734032909,54.798616150235816,1.2173412635887626,0.9589364216701792
2847,28.057679666141723,44.83453462725128,0.5954881800711869,0.858794751838311
4604,31.960944855494603,31.775701040815434,1.3422490409179637,0.2619620339791563
618,38.661289067488184,40.50945779797608,0.6077946043722174,0.3887242635031354
2980,33.894362296515204,6.127258670661262,1.627905418185622,0.5895989926599448
2846,20.980733084347847,5.910285275355241,0.21343561120121785,0.8736329235420629
4495,23.27192169075879,31.150854477011535,1.2289069067663378,0.7324090427397403
3855,5.696111168563807,49.88911312155156,0.4466992368068964,0.16196218414239327
1737,5.620097122887014,25.274675383500853,0.679468380596225,0.47177932993284855
1571,50.324199319987045,45.69319514515286,1.1055357163486537,0.735138621921054
656,0.3724259488544801,59.61818938417677,2.190722837118868,0.8193000772389503
2353,6.230305748067703,32.644460256288696,1.4988255561951709,0.4303411402220475
1676,54.94793789623489,30.538321772934786,1.3205009969810213,0.5015189917050724
1486,30.118943118208378,58.55731646413667,1.3709442679301727,0.2778577234069747
3595,59.13060347120923,6.976419379552883,0.4112528280310581,0.8529695383549138
2205,25.820539952038235,54.2251086435783,2.3763813290403157,0.003303202507265457
2723,38.448532436804264,34.49443167955123,0.3840334973147037,0.29710667860128404
2514,29.520116117733235,16.54768422533967,2.6052210315173476,0.44560605882965243
16,5.091529448730157,44.41399994265011,0.45317177939405295,0.3794061387735166
2477,28.848260165729926,34.41957427427334,2.260016436356925,0.8874738545405
4088,30.238658294629076,48.85806499117125,2.374639243741845,0.796522949518384
1907,9.831612168065842,13.173360919763317,0.4799084337672993,0.7604898480386848
1369,40.74069984451829,32.617622751486,0.8025228546945723,0.1369855783305084
1186,3.6983738271625977,45.04279876760934,0.7494007441897846,0.6884890136058177
2612,10.402695045802805,17.137184813941335,0.7057348100685178,0.2036659583090682
3163,37.490134346315585,19.76371939492224,1.4764234146996942,0.10592894013914378
693,8.396986632152245,41.81254307389302,0.9254743142117466,0.4795183940291855
3857,8.597879128763314,6.219069555050673,0.5934087361480331,0.9497295835630913
4604,3.6097946792407543,39.241282790262794,2.195072568785221,0.20800719090969544
4187,32.71233096617823,13.348773695755845,1.6468920105077582,0.8036773499727771
4301,12.509626885579294,37.632698714915875,0.36374942125009513,0.05984240891455617
3657,17.118830266499184,11.368841031368401,1.0522892586061767,0.2128463977051137
2009,5.072456236798029,14.218628686081708,0.6462745873864303,0.30374466594492744
3661,21.61336344874314,45.584596062778864,1.7192603910012445,0.8459904205895641
1833,18.25857714068762,25.631306497956903,1.0569898888530984,0.46013837534347224
1480,6.819703285637595,46.26953514125052,0.5098514536388987,0.24694089539024178
3558,39.59748104153391,29.73401244910612,0.21257797544804036,0.997182623248397
2324,20.567586625323596,22.79425117328382,0.9386220709146278,0.544284782135483
3304,16.464007527142314,9.165220943326837,1.4973543954784507,0.56487943571224
1360,52.67860903067563,47.269293380857114,0.8830799629711473,0.28741312780447215
1760,7.2285071421960945,45.20108748249077,0.4038858338147199,0.33185919808425746
2393,37.29590413386132,36.610390322847564,1.9095351261914286,0.9661016648204611
2243,12.659839989792687,53.579954606592416,1.1320296993891554,0.9667636561363107
2517,31.14778388872629,44.33916639828376,2.166081867714932,0.20722256622671809
4229,56.09123876584133,30.90572443623348,0.1649751895058955,0.5306148596554581
225,15.447214751889023,52.85464940435894,1.0429738848626762,0.9215659222791506
4317,52.895792638085986,25.21967758726475,0.45050822487757924,0.35872338483851185
781,18.40378296431818,54.780870660761536,1.7432480564328419,0.36891532937619564
1518,33.87688793432795,7.677414945948828,0.32208882092365115,0.3534111966550608
1565,4.650848015605944,1.767489921709413,0.1603552274265821,0.5628515597177866
3297,48.00200106301244,35.674455762740436,0.30376472843331004,0.3210962497735639
2617,49.04575255229383,9.071999740030954,1.5608605278111773,0.6759477717348328
4776,45.808336418520646,57.28185090801409,0.16904445697011183,0.7327280364045978
1656,29.755220180653644,56.6391920749597,0.9363427102638335,0.21851337665730874
3137,56.92407902581371,25.194261889680213,2.0032711118943927,0.25895696556152703
597,14.935818285581522,3.6646284706982724,0.9671588449660193,0.36874099140651007
3292,44.97294095529541,58.961616360303736,0.11791967425176551,0.16030862012084424
1633,48.14972301145032,24.504546550126854,0.2721750067652622,0.3040600265744081
2433,32.72542686228573,29.798502826118145,1.2231108418407737,0.15807036399313734
3206,3.625970459177752,20.350391083698476,0.6815718418396499,0.6169323446363413
1967,40.24977251479746,18.203792936681708,1.2114793525157586,0.1304800378325225
3427,27.302620829417073,17.24075379302612,0.9138413441842839,0.32986833757273526
1147,52.687450077109716,19.00421547019304,1.9862259739958257,0.36448438275977313
2442,57.03832304208081,40.64477328455796,1.0970335088603325,0.28477646464862516
1590,7.2288990882336135,21.603518113616197,0.8063109248270957,0.46776636172387953
153,41.21216875941298,44.782040993579294,1.091384415868224,0.8101790989432649
3539,45.03480732652938,42.57636354002268,1.4134041795965893,0.34842417511125345
3798,41.70864803305833,48.402184955524106,1.1201700681699693,0.02325266497769396
209,1.87540943772194,6.248156974412646,0.7946523332525708,0.3471774870236852
2096,44.70544427452948,54.95879059797899,0.22546163256838983,0.2838659001558068
3254,7.777127329571729,49.71871357576311,1.658722970440266,0.8448676183899833
4317,53.00240384162091,19.288642424483104,0.18774295958037843,0.786426050839096
1403,37.960466190711564,8.29243720717499,2.269210928422353,0.03299333223782919
608,3.5830896580087823,53.685342221156965,2.7221836118667,0.5268210332359906
1020,30.119073745196683,30.252164764322377,0.6618961502004288,0.07572164080747179
1606,37.047752869122455,26.19294542142552,0.7056673013836177,0.6711477880352534
4304,32.977966670381036,55.36993748201031,1.136916851660147,0.1367999006682068
3585,30.337573441188916,23.533675410109648,1.3318135895154435,0.1260309682486629
2078,8.342661392067114,51.51028491448031,1.340685890212498,0.5716630065055693
4305,29.863915208721423,55.159493427342774,2.005455710951317,0.8761606541237922
3042,33.50867349095912,44.81540650331669,2.6073079113103215,0.8487297469878543
1889,6.020200201011066,7.045091974832321,1.846576381573775,0.6770620282942211
627,13.695899393977804,54.334856065791584,2.566750824503979,0.9195764534275149
3740,44.462177321408866,19.10805002420557,0.6240263551803167,0.2578836075397851
261,32.82969032718051,16.14222635350193,1.3737124805944518,0.661688287597323
3220,19.842606403250667,38.355014537073934,2.264132116681642,0.4592034879593453
2899,4.275875209195005,29.499606539177087,1.5063654455498072,0.3322971628886129
2088,19.015120206742886,42.759156305811665,1.3249872267311746,0.9468493762322829
1850,44.55062236868483,59.0685241486308,0.4937924938514795,0.4108716647740728
557,18.34512574593421,59.98009191315153,1.073142370003672,0.7992116852250769
3407,56.37190480346555,27.752890631336115,0.8798467227928994,0.42436795457241006
3855,14.63378212017751,38.433377826484005,1.6660342708089884,0.9625725177817808
1105,10.335108699842849,47.97479272082867,0.6885617158135465,0.7212716643306113
4873,27.438229415335982,30.647392048432675,0.3798639786702852,0.9966714359406417
793,56.940545878717806,51.56405850069741,0.9298571665722425,0.9408451067186789
4729,57.36088400252102,23.4770186722736,0.18574555720285185,0.366768164483361
2598,20.620977510880554,43.89001718347779,0.5828854748800109,0.2669871723188255
256,9.494906511593683,4.062150742514543,2.1641884205486543,0.48943809093587687
1160,24.24073512658383,57.15268633939363,2.7621649878807437,0.18149177294869867
1149,13.992328086177324,18.359956637645602,0.6574413192271891,0.37712312962317585
2438,58.211728106184,26.931708994990302,0.9984383221525035,0.34170358265507894
1628,59.26291300050367,39.4732004798572,0.9307548334630782,0.035481342984905795
1760,41.14316733760786,16.173368985514095,2.551858996575552,0.7219807012593696
3281,45.076817501576386,1.3116824434573071,2.4230993162659407,0.5036572348709693
4743,43.3559301318825,9.187333084721152,0.5286473777852614,0.8069507013760764
2180,43.606169594071304,49.669775186925115,1.496240195424116,0.16492021453516448
3388,56.86168885659643,38.52849596592937,2.402024164654262,0.5816503893144754
559,40.7324086952998,58.72379363225888,1.520096023091055,0.0636573535397238
4837,35.104406320260196,56.99961646299819,2.6868794339096977,0.013315598691952313
3614,18.124729406461267,36.305331399652296,2.4833955615105503,0.11069405099170015
2932,39.40956908408724,27.150353378082105,0.35147599632199933,0.4094275333808939
3583,55.37106648338464,34.42137824254835,1.0150600054166576,0.05539731933354153
865,10.586477822338376,56.311287792980494,1.8312594642339366,0.36367024267990233
3454,59.53697881489683,20.49456185823937,1.1176219060051618,0.3806863960530755
4997,7.942796919096072,21.02737243334733,2.6480520526949305,0.3037986644609575
472,34.5148806730976,39.18835213228202,0.6306983335776044,0.856728642985872
61,50.61964650207679,32.390724376118904,2.3557382388116026,0.4967802174804704
3584,58.3603139147244,37.512844123960456,2.5273512808002776,0.6637439397152459
1575,14.84162672584805,33.12365362519916,1.4963584113527117,0.3403303046047299
4428,25.408178025114857,37.27550211825393,1.5903706482997408,0.19015956148644764
3156,16.783650106829274,2.9598414016544172,1.2761225940694447,0.4854198107255815
1156,5.408335796139639,34.92441711512248,1.7967262038609004,0.583000283068013
3590,47.30443635837848,49.22261256288432,2.533465715487745,0.7554890977617811
1998,20.220176203693313,51.11734133598411,0.536231850621224,0.9954112604515264
4852,38.94328341006096,31.616520109576463,0.28015042750375,0.9147694447814271
3463,6.868861435350436,12.08448069359838,1.2610128240977696,0.8675846034963809
1030,10.030147417221318,53.13995374660802,1.122554357436242,0.4233054998830308
1839,51.70662746165761,14.18911601554674,1.722651420941695,0.6349552488459772
869,45.43660180045187,19.007349570676958,0.7519591775607137,0.14585258262868328
2100,52.11448483773953,15.98257778737615,1.728998641678294,0.4629931482763272
1710,48.62158748316571,57.85753706103131,2.781303854524827,0.9457697573769249
1867,24.532299771665965,48.143995536746225,0.6809807306883794,0.6317868597046084
4026,56.5775256231573,45.18558732307736,1.815759080953079,0.5269005195831323
122,23.769821002942663,6.790094469715163,0.23674191943231812,0.5264328207690927
509,17.30534337124641,19.982239970230516,1.440622244776216,0.18765161188309798
1259,15.64301109394787,26.302322336393445,0.12273770059707594,0.7399117892211339
975,38.55178707556909,50.29017008525854,0.37552134663515924,0.4468517218224285
4687,30.628093954549133,0.9029629787080617,2.473403623996744,0.98224792430852
1345,19.848180373540036,38.713472631083626,2.421863646142998,0.4522284148509095
2951,19.223653751948078,17.03715528718406,1.6628756027001201,0.9537347529138244
1529,17.583922714107043,21.93860512207642,2.480140396055655,0.49796310131370525
2205,8.3173415976128,55.137212044044816,0.7840521736238829,0.4181312496438042
1967,53.23836523880274,10.654958350859463,2.1424585835535743,0.06560956181433908
3374,31.452861742904336,42.68116870147513,1.28313655100074,0.04250042546062649
1486,56.41791939169907,12.885849435486723,0.6094339941046429,0.915186599679641
1155,22.547726039453558,8.338106108875028,0.4181668436624222,0.8985261293887113
2704,2.216475005242935,31.13867705120057,2.6874345715785806,0.37531924156897023
4342,31.284313642892478,51.29594285912167,1.0608147837491533,0.22327244668680823
1896,49.26313717062431,24.895818625257423,1.8175346828619237,0.2258634490770427
972,11.300716696237798,8.015917281483247,2.3965258058166072,0.18561977386221118
4176,49.44998078976144,48.377022575065794,0.35893846577000854,0.05716856170649798
2997,32.73840092571296,18.3088921292106,1.5109667690079067,0.4026242378038509
967,16.247991406375565,45.68640254338679,2.1902500667248352,0.8967220973943203
2032,56.23276942420714,51.64880781266113,1.464272516789207,0.8670985140089765
4069,19.198670584397902,48.107724100407374,2.3143694893515256,0.8884469596388104
2375,13.742795978818062,16.44938817012649,1.4954534822571506,0.4469200172806381
3056,48.54633019456971,16.41849569936388,2.3073754618952096,0.8844364898843403
843,51.34986848053734,34.96871437871648,0.9889142918560592,0.36953494534013365
4346,25.09143651050708,57.17423570950462,1.4410533512114947,0.735921240171269
812,43.54338851211723,19.47114430670344,2.1177847800376703,0.632980044025754
3198,27.82169354256837,7.603993281500925,1.5361365465185357,0.567817342867569
2313,56.94567743118255,2.442775205773704,0.525183521982082,0.6549739008392146
1889,25.958957316786567,52.52380569224648,0.45139054112277455,0.7504010316611889
478,22.69139411424537,49.11370010451991,0.29229064917725617,0.07332776702758192
3013,7.979309758495727,52.26605900008785,0.8824598894181189,0.05335510848148073
322,48.40496665940266,38.563172798907445,1.403911538108849,0.20570472289759056
3889,47.605531664355574,33.5946262958422,0.3771342139153704,0.38724322835885416
4802,19.99116795531943,54.625575558193354,0.9284283137998874,0.1325877234874765
4248,54.65680948518847,9.350519592970112,1.3227215676311845,0.6640661381604442
3325,14.619663177080986,2.80052400892447,2.3335909864013678,0.6029026649035707
216,18.119416090324133,23.71802246112985,1.1094206123771058,0.504534550933628
817,51.820272933503446,27.21437587187203,2.316757004970753,0.9001563728308912
686,12.205932228791802,23.43304071668741,1.078914637980224,0.8999646053229113
692,42.394709705576375,8.912824171496613,1.4821395335566911,0.809971913947615
122,40.263998229792726,40.79643734977598,1.9672801049912476,0.23864897526085505
2579,18.619472948851822,32.008927229873436,0.6552420781404419,0.6678333059796194
4222,6.580856725332891,15.055018841715375,1.6349763205390668,0.47940619105697635
2690,55.743228762007625,38.32734614992238,1.355078499288411,0.6703477183116566
293,38.605348374199,10.766072386077765,1.639078794510799,0.0689551913485863
1835,45.12980798942697,45.70384568499127,0.7586240708412333,0.4076994508320797
2229,19.727444419380504,20.762449782518424,0.542176366054234,0.6973851559945583
1199,6.228983831391068,9.104351317891922,0.8957598935367549,0.3824135358462851
1672,15.559682268612779,23.7266030239211,2.21526302819817,0.38737771047135783
4767,15.599479398515413,53.413507430485396,0.14494746505282813,0.7384246728650175
1307,3.1231417082122537,42.077299918740486,1.130225848936705,0.7276855564124803
4824,39.380542413172584,2.525150455462497,1.0016341197697993,0.5844891837695574
2115,20.06773170716943,25.89263479888703,1.880163438865112,0.459798439443559
1590,37.59088820835068,56.32982046094534,0.7308903754369119,0.4608530197918852
4118,11.30360754521212,32.02082565884163,0.365619191243708,0.4933393612362129
925,22.204409504288165,2.022657767517231,1.417061546547688,0.9447820271976454
297,3.285732858484822,29.540024641275323,0.5841089073619933,0.6398459460077015
4771,55.879828415905635,44.299786107508865,1.2290825388166577,0.6316936175210212
4505,37.34779716531912,40.902779799335775,0.7664231342614594,0.0933554961332338
2974,24.992627094660776,38.70764881805887,0.15270740534628022,0.009492985527603803
2824,34.21036449919806,50.58083886657386,2.0311158049507108,0.46196210960666606
3606,45.40622110555813,6.959024655238664,0.3679450507568123,0.10727815882170388
3575,49.26633327253216,32.78216347932656,1.0485483531218658,0.11804884377959324
1861,46.92769596320668,47.08319925046105,0.7670759496302909,0.5977477923573794
3243,26.870415446456203,38.85075120219768,1.1253585708511222,0.9852586249592673
3245,30.051346235809852,51.66213017385325,0.40891068959827526,0.11959482413377209
2876,32.11201665412766,22.414809796622496,1.6249051662814946,0.7351461940763747
3322,21.74355161060619,13.324049512556726,1.8351501686485139,0.7783132849375105
1616,31.946818777411504,42.31311181231627,0.7640911531459939,0.9257186838506333
2690,26.45336971728791,27.13537655362844,2.073693372766769,0.10712789607435025
581,38.77004134812793,17.831251854977047,0.6860667606767707,0.9624310550752639
175,53.51438434438818,17.043124838068266,2.740259320297717,0.6676131843034986
980,52.959552734490174,47.57898293911728,0.20619861186759408,0.7326428927723033
4400,42.10298304754977,48.39203188101796,2.066272650701337,0.34590761169617035
3905,41.84057645011097,8.274787761992952,2.396294703342796,0.6095206857465523
4430,26.045596217289134,29.638216332590556,0.5274343127045215,0.59380291790664
123,46.64729061903218,30.660136180442656,2.1421538230579755,0.6428077668539125
4713,57.6280120365702,28.672818382856576,0.5104842933168219,0.0031858755861913224
2848,6.923419329172928,48.07351669093992,1.0940101949219005,0.05264837163170066
3220,23.294819751346516,8.84376679706044,1.6004392672352918,0.5949189294434579
1456,57.71947272426557,3.922904230747366,0.9208840763479472,0.045842121853034934
2412,0.8523193539595364,6.860862540007195,2.5228925552717434,0.9111250615788217
2286,30.93473300266978,57.89972616330962,0.6553869775966119,0.8171548254974684
4701,43.41955310433229,59.6357164243266,1.57884330079912,0.8119576588026307
714,50.24340673287132,12.111199686051732,1.9032798590787054,0.8035401783140275
1972,35.4840964181482,19.425812780908437,2.770126137815751,0.9761415237546512
3703,8.03690507897211,47.17390516481881,2.5611907334248034,0.40659609198399693
1819,5.352906793785477,22.324998666036958,2.5775994180133424,0.5118566375214516
1687,29.796929326120406,35.8740017689311,2.455110208479034,0.8161617089284466
2954,39.66979140289754,31.82965966213818,2.044979302685252,0.805283771618886
888,4.634983528993438,19.669290653207426,1.6051387381272446,0.42927020844932107
2935,12.895373692900009,8.430878950165335,0.6672561858975834,0.5334388261848718
4181,11.277503597230421,54.04785063254794,0.9805393021076688,0.09621052587809209
2214,31.276171603032598,28.92428862209201,0.10241106553633927,0.09319571914408797
1411,45.551386183320574,44.99365783340199,0.9110086820646203,0.9086325545646367
4921,30.175875882940396,2.6973135832324835,0.5171297212343516,0.07536953080823394
3614,14.557200779995059,15.230991405778866,1.002172498135648,0.3504183232437641
55,56.30652996831286,58.50463980902899,0.8181263829575252,0.6556241949973982
4773,13.769581154444184,20.871831044150095,0.46826475133471335,0.8196522019268949
1636,16.286524670412607,42.26472410394845,1.8475039757894087,0.04809604798817502
725,55.23786791212844,4.45273280834283,0.1727330960978714,0.2107911750003335
3233,56.97365290607005,27.801192843985042,1.0861342632157411,0.01686756906632103
4695,23.927561091579413,43.860800269471206,0.7663733668875565,0.03180760081113054
2664,21.990621325024634,14.419709862063634,0.48490917193518446,0.677203010328057
258,20.714195405603334,58.37583272862334,1.4817636745588323,0.797345641224926
282,0.368050899933281,26.68440284871191,2.3351740771347784,0.8644667186332381
2045,3.116909420818521,40.735429884659986,1.4930084910561827,0.012760337038124292
261,6.11687224130852,45.846311466394894,1.4996595840147342,0.1369098598969204
4022,30.024422597614446,33.887479239464035,1.1792625516859696,0.5052906134885745
2187,10.335457004793302,37.29577448810179,0.41563241746727553,0.9278304756232235
4157,0.46821338278205227,51.356518716066795,1.8103363706235736,0.9329229309223901
2598,38.44643153566045,4.2453327468024105,2.7109858213730607,0.8721438364025436
2734,19.09421425831576,3.2352261940367377,0.6132425279930189,0.8007012467331794
1556,31.469893774049723,38.17280785024767,1.4473560501442522,0.857775515425358
696,48.453849564997356,54.13361086657845,0.6071241692108437,0.26069055885565917
573,35.975245538809936,35.92174562491836,1.8050673111173134,0.9640627801334226
2822,15.117977672863955,49.00057489441961,0.8464878916846982,0.3839433771425652
4759,46.253962589969554,53.77826630053659,0.2599732954854708,0.6720887577672189
3248,17.063497511183996,0.6439079302712414,0.21289099549415375,0.21321213709031017
3719,50.233878166547065,16.08100344967751,2.7503992581454395,0.14883164457828657
2669,19.28500814974949,7.838328895416358,1.7684074638747322,0.5097846885470625
2539,21.497692233080034,36.04908850858968,0.9389333548920106,0.895117358880013
3974,26.162283138477633,7.663280123874379,1.4453540888563559,0.3738437646034789
2812,13.430757827090794,21.69931272791053,1.521024672964246,0.40565578571868566
1931,55.539529479969524,33.806375408497196,0.3585221756705361,0.4391936116524021
4222,52.274091974319845,37.93065441326685,2.6425753575529236,0.4834946355154819
4677,18.035357134720687,27.48945343824111,2.7535565389700727,0.13721245972345286
2672,33.88441075860799,9.024246974009708,1.2250412004892088,0.16204995227925367
3800,34.033075165447684,41.405078888292174,0.5212017769939453,0.7934476899042234
3645,22.943585195688627,52.418528939062135,2.228356504773829,0.5133615971003833
1266,36.81787621507793,24.20353522898179,0.5828356002841525,0.33929725506793484
1194,27.02499274126965,29.434675191095216,0.7532794885275548,0.10259826243738879
1508,12.944673778657847,21.491714722727085,2.193288002429619,0.20262660938788768
1393,34.47073708811188,43.291323951836624,1.8744926116962133,0.7478089944205994
4606,44.186510899846525,1.4409757505500198,1.054240931264401,0.3316494507033927
182,42.903910973703404,16.960319334100348,0.28747843241234494,0.06944691720084561
4216,27.764724819822696,41.230233616844764,2.1093182713041467,0.6589308596194022
1482,15.72284775458863,42.644495881690254,1.7873888292212439,0.5328077403676423
4118,4.031639935877218,16.773508567480693,1.6042887474885406,0.13447878417678316
4880,51.95617879879002,58.20392175225589,0.8714435561792917,0.14544992527400658
1744,21.84991306027552,17.166637255691665,0.8770472763425217,0.029861797135923074
2018,37.182555454839566,4.565933864758048,1.35640129443284,0.5909636066490945
1488,7.603661408593569,4.330287749435875,1.0831990251015693,0.6384922821099065
1612,4.70582571292022,44.02862095733882,1.8825413502502828,0.021846442802301747
2499,47.29688254430794,2.6150060756030524,1.705517321103054,0.6794271719762691
2303,52.10609254124435,18.998122909405453,1.8000956393449064,0.3344414626518346
1330,34.51275448492443,35.19587847814512,2.4073549878348515,0.7755654187136185
538,36.710283690733384,39.82528763793201,0.6616014241388356,0.7034862673699708
2524,59.10219757787743,18.82912390232356,1.8928648838375481,0.6910300164931872
2493,4.430670163974253,18.99211223868168,2.5029662471537555,0.065060028111948
3749,13.27354268813586,52.11695697104447,2.270321344046248,0.04677804915995254
1507,25.23379882534295,41.97424292425683,1.4423728785668908,0.5815144156874732
2774,55.27245310689763,21.8739005329729,1.0885356464568727,0.21817154880307277
2241,6.632044819131215,29.437662386034646,2.5671584601158592,0.7680041649689403
2719,36.24145782989747,23.148492241879637,1.9284400722379578,0.003103447085833544
1577,1.6683477119507684,37.677735220757185,0.8298741919148858,0.23914381029763165
3486,1.562505791136528,2.646603212313907,1.7711374928678,0.5791456347904286
1756,27.56591150120158,31.893838802730873,0.12551416222861012,0.6817754062791904
2300,42.95829594963652,13.431808637365227,1.1991788438764335,0.6722078350311705
2915,19.998679902081133,20.416909896995314,2.5546747577025632,0.5306680753013752
1200,7.789656112791532,43.016991785448646,1.8488325150343676,0.39687980418289903
2139,18.33280277104761,14.17522918477804,1.9716519246921416,0.21508557245019488
3428,45.78392351507549,30.700505525370613,2.0516398099605255,0.2661941165407853
4273,55.05352047478958,42.30533289371611,0.14186066431309088,0.05012280323465579
218,51.35421177009846,13.005167144640229,1.3613977132315804,0.35362899691534744
1161,29.425544525172242,3.0645748778066673,2.047617302026047,0.6569375192053607
4893,35.406326744743176,52.81816745807899,0.5139068066584974,0.6552932372170854
3434,7.776357467569928,43.61051372012216,1.165639379879563,0.7581770253796725
403,20.56095810015753,17.90838432914834,1.659847355331897,0.5795035438906929
68,50.19213742252051,50.44531940900054,1.1109665643722608,0.6386730488793197
4069,56.448909272577545,24.76592278854374,1.0915367632602304,0.8171594646963946
2396,35.568510801638176,53.569595119417315,1.3455568424955713,0.4919527089064094
975,30.534000596306154,27.053307078620204,1.9472299396080437,0.40703195649230195
783,58.132374595029646,29.587212462850612,0.21142295984293016,0.14128046557461826
3608,20.01176186228492,13.176544579868247,2.0813798269941657,0.5239495363974237
4381,16.319990137714527,29.198863534656642,0.38452643005044873,0.8586968991775975
3833,0.6753486359652761,47.658968353197636,1.2057721873201723,0.8404620433978299
1,31.128942066495195,51.78715980652391,2.2801878523125363,0.8911299523868687
2579,6.351662104671036,29.649362923815172,2.436854042466195,0.5465922339770138
3945,16.282447158823416,9.66066137733929,1.1372022437608476,0.42093123182892744
1838,34.36396609938853,7.651794389233324,0.9320404497563909,0.9196165880094825
352,17.525666387735413,14.25153007760003,2.392087514944049,0.28924705544008855
4593,40.46152304682586,44.65787472852816,2.701789897725577,0.5399938809661985
963,22.966212983049267,52.64987739671795,1.5834589891411768,0.7134995613233245
3160,31.08953724196287,58.16733764694189,1.4472043989253287,0.5625761363535593
4089,33.83151650391891,8.072081130077354,1.9074551056947486,0.8046326238884882
1231,6.963683932189275,17.530210362956314,2.522002695485414,0.6375976260059865
1751,53.08394532028441,25.733332600453277,1.7760167144011454,0.3168584019646984
1570,9.225546410702774,14.393050386483566,0.3618093209611659,0.8281541487322466
3348,45.347005442974464,37.18414389153594,0.16917198337231748,0.6179637364203657
2871,21.244446892325012,27.007199192009043,1.5207539768930654,0.06079348035903953
1588,8.889413932429079,2.9920458481313217,2.4569057611368823,0.3292045063904324
4419,16.08839517241106,44.086183554425425,1.3844730487717414,0.41767803558789873
4365,0.6497260591710274,51.865190733724184,1.9142283583796589,0.5308121397546612
1824,30.84780458975815,50.42952370616952,0.4216234474139926,0.9916117464198054
4111,53.399911149711635,12.305535890832893,1.4994780607426172,0.15219310726804725
2283,36.01521616135622,43.52517676140084,0.25011096857726434,0.45060979102289433
3488,17.83117127518856,31.48845697537222,2.506126079037404,0.5892774164594832
385,50.50097972471778,7.167375546191314,1.3151665836853206,0.1279708097008504
4925,17.58530756419965,48.503137576452446,0.5346290094305711,0.94999973972281
3713,4.1531865442043525,26.88194662465887,2.589057120091514,0.7677920866974136
489,30.329102539537626,11.87413677622856,0.2955121948505086,0.8077862501840792
4324,51.258786818570805,22.191112125472067,2.20649309312191,0.6029132290044855
2056,16.838541153423584,25.45447773540942,0.13756632331328364,0.5271323329486517
3603,58.47616703673551,56.45244370210425,2.0255772784843327,0.822996709245094
1097,17.284539589595987,54.27209020785564,1.659341136619999,0.3673713691013507
2394,46.554019257199535,44.679595673853406,2.620939396621422,0.8588717651343795
3735,22.969906338763494,16.29289053671191,0.15627509856357108,0.7732511010605061
4779,8.290411126839025,53.90683526153336,1.1441333251977983,0.4618438450098652
1839,58.9742614538259,0.8616677666940187,0.5770757720874887,0.7857658170875093
4119,43.770138640419084,27.663185089386122,2.0302713540886512,0.16978527354927642
1975,22.468440378719222,53.51438865341144,2.059693945213417,0.2442514935668435
4334,20.6172867838789,20.20055173928424,2.510517016135252,0.19939972841512277
3949,18.5191729371174,11.550470039437693,2.224692595498038,0.4670374638871343
4155,44.8357271467538,34.73269312695698,2.7621300088837444,0.5519305195439027
2770,35.90212625918419,15.194942633088605,0.2973317125691841,0.21706503732588178
923,53.648062178707285,13.975538356848807,0.5358204085177615,0.7450288504328352
159,21.1522588389942,49.2004558537629,2.1946024166692304,0.062362425488159956
952,15.949628130257157,13.131503631346513,1.6282749798616174,0.5532377057771988
3156,17.0844040780456,6.651132182759412,2.1438236556693644,0.9507042903803571
2819,39.91126227471629,37.88579688300443,2.3891369484945018,0.1449602183874691
872,30.104608740734996,7.062711025064901,0.9371874211104108,0.43760573663506874
1063,14.383050919417691,20.910783066155354,0.6300234537023431,0.5485041867077969
3162,27.350319109298,13.638947271494775,0.26810093850384287,0.9886659340165607
566,10.097516380557508,18.2944969773964,0.672769074856679,0.586363832302388
3936,56.63617444071162,47.180479257178305,1.9442797039598076,0.7026231730435327
2485,29.748392277918523,51.016838049598114,2.1540980770149494,0.25124502657859804
2678,23.162385266298838,38.81627495510232,0.2691655294365909,0.28645604701233085
1562,15.82829826021223,3.116535382650869,0.6442092495088166,0.8515924725532278
2619,52.51038289945212,10.51775541965489,2.7999502915553327,0.4911408649742066
302,56.70823071859831,48.308385301883945,2.238690936830249,0.6774511506249028
4312,4.461481678971005,42.86630292210296,0.12281922586631866,0.24480454842395405
1243,4.837706400209088,52.622318505343394,1.8715866769720988,0.3873231602261745
816,34.7270391178108,35.629814119541784,0.36355373727077944,0.4087782983832581
1553,37.04865325086701,9.630243835923459,1.935095142663169,0.15488372140741058
1437,48.32233046405438,29.19993020385151,2.2195483986297297,0.3688020286621976
2965,23.095198136157055,3.9517566190443487,0.179209990792371,0.589877311821085
2615,14.842111342144475,17.1994276709558,0.954737394688505,0.24747213937941126
4399,28.77638748701614,33.40655351039983,1.9172021133637591,0.46164026833800975
4806,51.317438316693085,15.341401442045735,0.27710107272274836,0.33279300102637555
837,28.724677805447396,15.869768603163333,1.2149856212292034,0.8301839749053974
585,22.98497257539825,37.73180365450446,1.6995694709570395,0.6200055713425863
3704,25.688144967206448,22.093173225639696,1.262734971596419,0.15387628167779877
3382,29.143785644932144,9.65402905170571,1.7265109964127316,0.4175509090984313
3393,47.85218911962788,56.95201842828718,0.9214813218643744,0.1795227238018814
675,35.484896533704855,49.269380000575964,2.66083154506597,0.6465055421044399
2187,11.384189736848045,47.26322349533951,1.4815960989142523,0.47044742517815197
1072,18.21744825161932,21.299527721590913,1.4196723472562665,0.6425595133006631
274,5.793784268327382,42.072924577495,1.9809005188806144,0.6094422555276479
1156,17.171584972072303,5.519389245702082,1.5061150164597574,0.5569266744155031
4123,56.97520028285907,23.760392202225265,1.0718937052577122,0.7285581107945822
3881,20.99358896230388,10.953779927804986,0.751897711541236,0.6414352434709322
4624,26.4203891239452,9.063385137405875,0.24724352307197792,0.7516395508113707
2363,15.707631121960382,41.51020297618348,1.2445242569462462,0.2887153248595917
2860,28.37130466017369,30.837272453708856,2.2556596722706788,0.8293458554008387
2914,43.281105275037504,24.241373616768925,1.8871502797875641,0.5616974837068
4390,59.422606601178515,51.964941368947166,0.7051741921815158,0.3849936928557446
3770,32.58211935499223,42.096794265512365,0.9428581978132047,0.20874945235301368
1087,55.13297385857402,18.517001477413878,2.508842050111954,0.8479157767055975
2426,12.849647475781893,43.59045817960271,1.1563581734478128,0.6843639015637483
4049,50.18452312147359,23.38877855184135,0.43110292051302224,0.3034173597593788
2336,0.8971414177381676,26.471915777190343,2.3786468726954957,0.2838347199069522
2291,17.81315718459639,19.42579389623013,2.331937420974742,0.8048228447790254
164,22.5171562278982,56.505326066174355,2.658155363859815,0.20888588567208977
3391,29.718770420551234,44.18232979493872,2.246731276368469,0.39336900419898146
408,39.326346346941946,26.419334438695078,2.382450226906584,0.045082010221172863
3348,54.722768330304525,12.247746042430062,1.7948252014319441,0.5556004484562437
2548,49.11230015184157,6.111881247139741,0.4741918334722077,0.6098677137554684
2517,41.10825862082187,47.78507374853853,0.8743880546559352,0.31767141429530965
629,14.423911024836947,10.545003108943307,0.48866679827500614,0.4638141354945118
1529,10.328280968683314,48.2026191305681,0.8946394263786873,0.4769714098853005
1142,20.473078112273278,14.985199438822931,1.712333136563382,0.5579106581208377
4878,14.908786601085184,24.50690151377555,0.34440239668012285,0.22128658912518306
794,23.68062225163168,44.913233498582585,1.325316444277688,0.15181533399193237
973,41.066044068055284,22.95642066242144,0.3499317815148249,0.9068954787359521
4981,14.634143031440805,33.98441681184731,1.5430281094661724,0.29780670580012236
348,8.587889701682421,9.652749978652151,1.320318915279999,0.0972336526031482
2613,54.53332395060283,8.083822478595007,0.9609197470609491,0.9563363145957691
3851,1.0133294854120756,55.10567388467794,2.6115782167069783,0.49044080853301264
2737,31.16341096886108,27.475065175089416,0.5725373337778175,0.5377345649933833
3941,38.66886564626176,32.01292990305117,0.49996164237269947,0.06913590009275794
4707,47.123928797001106,33.03097545153424,2.189564860027152,0.5367777580140728
601,15.334963516042121,28.867017792505028,2.0346166967299126,0.5642287084890399
4682,25.34676870133876,55.2484991716315,1.647651824495363,0.7114099385376649
1120,47.01755958886996,11.132215754492744,1.3632962787112983,0.5621469155924024
1560,20.766804601680427,56.94936322554375,0.6776209889769141,0.8765751848984994
505,37.330792244127785,31.950020962080515,0.15107944190844852,0.3846003039005179
1139,26.323556718578637,3.6844441110957393,2.2449485365086383,0.7607764067895872
1408,12.983303948354713,7.913018971114354,2.265135830849669,0.7169886569285482
3392,26.330553141228105,19.620397789350477,1.9134442549114532,0.5553146299826845
25,46.55739076158307,49.35221907666748,1.9818637575530413,0.04615894711024804
4169,23.200559030808993,33.811675350792754,2.354467976285009,0.4717652006663202
4890,41.301810808748414,40.17889298707709,0.7193842344682448,0.32083874814108615
2476,6.967803775222738,21.260331627103355,1.0632496556857935,0.17234926722922483
2367,12.591371657444153,58.66272392398371,2.6606669262029827,0.08982178289953313
4854,47.120302129205875,43.8128116046891,2.650536761830341,0.1571200929288319
4671,51.47194377968107,36.34347426158877,0.8874203886873429,0.5400204417213869
3069,6.388746172503488,30.999648151473448,1.1846254409342278,0.6902009258672888
3042,42.61064327638668,47.71990421929727,2.446008519193411,0.3686177922622539
777,39.12732885881229,19.8151520126523,2.1818889666734274,0.2524345561841872
3316,19.3227368487574,20.461803399125404,2.4446913053551467,0.9788632942552411
1317,34.01413277995606,15.601970000476488,2.075673727235675,0.963315406693797
3259,0.6520684319897563,0.6833042309919568,0.4565851055542608,0.9185304156367657
1301,19.902015264926863,0.040142898948862804,1.6435765163802813,0.5458756536656026
4075,55.43277758427384,57.57163453567358,2.5082589154870685,0.16068904910050008
2615,38.44194039795465,41.219333801940536,1.22181307589822,0.46809594302442714
581,41.03344598167536,6.319243300774318,1.03452848957552,0.9679962696214318
411,35.09796587868178,49.79266620664233,2.6557393878619373,0.30214723238805585
1510,25.240324882352805,14.154073288868807,0.2637529559299906,0.3838401078305975
2999,59.28051569826189,39.22673018671932,0.5859223367575095,0.11397934163738987
2437,26.601226699813058,8.369590477160557,0.3861341749889441,0.6479423247592618
1037,24.213080172553774,11.48448967756976,2.706690019981918,0.332755229823964
3731,17.955345827073167,9.251670335200568,0.44070875342391547,0.9743748992990827
3308,40.22939021537185,56.97761085710688,2.359537000750322,0.2742118152560882
2186,16.648865150659937,10.89608208395013,2.606791302112736,0.5607521700370607
3627,27.57294058283764,54.193306925261545,1.8189518110945841,0.6583116956146985
3993,11.681781097862975,55.66081615309054,0.6628170884576716,0.16900011367184153
1516,24.768686059645137,26.4167111097561,1.640007413084258,0.5137745557787985
4354,1.1850794344194115,23.62064935687809,0.9401648387856057,0.30493823581746515
92,56.58256677214579,36.56223966689784,2.227243965652686,0.8194225871230533
3771,18.64047469138946,45.31183354734852,1.8993767169327673,0.6429324264424144
3596,56.405894346491685,1.3696879652271154,2.0435239798167077,0.37520572677826647
1566,14.782084539903249,14.128001345155717,1.7360389154344926,0.10899904766316348
1370,32.42988329047724,54.15226528553018,0.515738634019714,0.06698126710048613
2482,53.77499510302881,56.136541241794575,1.8582124245265528,0.7896312470649539
2696,20.75780609413792,36.403709109509904,2.143906141502201,0.7299006970885472
2322,29.590621095735674,17.602599862858504,1.4303275809303966,0.16675460473374504
2146,28.113776739129122,33.50655147787359,2.4817550102497807,0.17719184301042046
4311,55.25677966564098,34.119594782861334,1.7978397100439822,0.41039972491414045
2051,23.26989780622139,53.09726430159196,1.2916309056674735,0.676070355861916
725,49.119780391623586,45.27906729555563,0.7670395117346154,0.5580014848103757
4794,48.091513046084046,12.996477436350668,2.0769055880936613,0.4501374717223554
1969,54.855547093289076,21.8363307347677,1.8962689318075219,0.6409794880850638
4978,38.71848240044955,30.02997019087867,1.0575078143272434,0.695271354183347
1681,11.441946938240013,46.14024891968872,0.2984644706875834,0.2913477864636679
2737,7.425185785820623,32.9644494920374,1.1141554283635706,0.081647098484537
505,55.749885991513516,5.262637102660701,0.4022450335649238,0.8893534220965583
4137,55.80004915829912,30.02900424698465,0.3982431150490089,0.02526413325981358
4909,25.423487060365865,17.78176203114895,2.668767684545161,0.473348747411221
3461,10.766202465767844,48.089725097356705,1.9124378579523096,0.012950900785598685
4403,46.783385704069936,43.47856794128536,1.3064436114826588,0.8825863505290387
2963,25.997457429459566,40.09481008261341,1.2734142548042902,0.08880975656667678
3296,15.682132477728219,11.812029935537346,1.2252396425370589,0.953884797827471
3887,58.861847281412864,30.779636662860746,0.5910720077462773,0.451925949957535
1018,32.97738600849798,40.08763613951513,1.8897656720644203,0.4921057280921467
3565,9.407710988602728,51.364242649009235,1.598943725815079,0.023908292664153175
4451,1.1744286487108169,45.926842075512845,0.5771141417345258,0.8683857636645413
3850,54.63992952162041,57.21646107877586,1.2699483970436354,0.867332430117981
2372,27.33916554323003,50.23397345164524,1.580356827340142,0.056941287845964195
711,1.149762612360028,19.57645017132749,0.3456822110189609,0.07915332654245211
4152,26.64218938683539,20.430578880375982,1.8382927033236436,0.9307033126673666
4989,53.11080411376521,30.39664639054734,1.3937052326159238,0.3725586204505764
4480,30.66925576680718,1.845291303951444,0.5641278360438171,0.176957245955787
1433,6.585456042018816,10.704590375195025,1.7982229087554398,0.3328493874405024
4162,36.49114405410708,10.129540913923009,0.9384444639314906,0.7543216408131876
988,53.352220831004594,46.783587105017425,1.73154837196623,0.8663008764384346
4700,57.496819785809016,40.51324847361865,1.7798084116435462,0.8832461248475247
4889,8.066165889330502,58.35966975807168,2.462233136433433,0.5634089665530106
2458,14.995682209142466,43.761336810530615,0.7834064054849369,0.9371565698629258
2770,36.66199982137441,23.55975367786283,1.6778807833653613,0.07628602035959586
4199,17.692711529295227,22.41858462540607,2.4045603291836217,0.5843557900075059
4034,49.59584166397795,3.1117840320760193,2.2843589568633322,0.2230381570803729
4971,53.95101096799031,17.21450128853577,2.5574687337207886,0.9378041068860262
1846,52.38066240481296,11.61303680334946,0.18816764108276401,0.1635718250162823
4914,34.01764813758019,56.97910480626868,2.789813864194451,0.22986909062372285
2620,10.541764538671124,42.25917086720256,0.9321261418397448,0.4909234298592987
1808,32.49195157390747,40.69082395366495,0.4783910718749824,0.9189174796212551
856,13.027312827221603,42.21792720326166,2.088708080069674,0.6961080816267899
144,24.342908361671004,24.364752363190917,2.3935048051544823,0.9092923559056799
1920,44.2377420795326,7.648317430789724,2.1914309879779017,0.8766720658687673
574,43.68225218582757,1.6679776630280907,1.1159363854745727,0.9389907495014957
2182,17.877762950404342,23.18179690299488,0.9844511219351576,0.3308594409123774
1273,48.749844841385915,49.28403537555175,2.5646842810012456,0.10654611544213421
3358,43.82306516945366,23.134654957795377,0.8610508794378795,0.5414795450395029
3347,26.06261303172754,52.93898127046915,0.3188158720709019,0.574065930221511
3638,21.33651259805898,43.52583434749603,0.18799871501916232,0.5181719223777081
42,25.16424726133514,12.880926628010304,0.3153829898082645,0.12043975006770347
4092,39.993979841697254,52.086073418088894,0.22979280760259577,0.13428802119765015
1595,58.293672440738945,24.598818760175007,2.627958076820939,0.19799737704486686
3919,0.053447518125970817,12.894569528391193,0.38054058165574267,0.01371677278044292
4447,56.14598146372991,4.971897664396561,2.4866980818091817,0.4583398264655295
1187,52.1686336792006,55.876591684524,0.9405144466371527,0.43872285582814685
3089,33.97497548671362,2.7709600200041407,2.673184373516141,0.11665226738628376
2435,2.1624874757843537,59.00430863601173,1.2132996149650452,0.5059293403080818
3097,5.952829655954794,4.402576122116155,0.329651853824362,0.3615256534657636
3206,46.87285183024502,50.052066214784205,0.20659019653111055,0.772605809348601
2486,30.88868578653235,24.11059049682963,1.4653536843549606,0.5383531672967344
2380,25.21591905651254,59.80084955071972,0.8146184764410791,0.7468511075573538
4912,40.170481380451015,58.87139858902081,1.1683675167937024,0.8754440057356986
4701,16.398416056695567,49.86282197735997,1.8761621759606673,0.9215759907975424
3318,19.482156700548828,55.15573213657565,2.773385667838194,0.21624930732895964
3696,40.932978162653264,17.384444702286544,1.2858826579275107,0.8509730105640534
982,48.58010776744798,16.597388962329788,2.6913888575529024,0.8954635233243468
202,57.48369624655817,8.287495557362005,0.17472946329132436,0.3692538916574112
970,57.1998039931582,10.419151348696207,0.5471562894866122,0.562146721077662
3907,43.93565182062395,14.923337138762403,1.1349189115581653,0.29181130896177976
4689,54.562562324563665,9.335985404960175,0.20835054636348224,0.9548088563436055
2361,6.621292544519846,2.974178320086036,2.155225191559163,0.8770791161021767
829,55.04606700198666,38.45730493373017,1.5013917404885768,0.34323462359656043
4020,0.3532344166350776,40.10406402447094,1.89753196069788,0.4672410850325045
2418,46.077471474259795,37.84260182039372,2.431452570529264,0.6560250214854154
954,30.87895501059656,38.32203166477922,1.5374032050038313,0.7719997627898472
265,35.88574061626755,40.34486216797922,0.27951234910703826,0.49665584367145144
3695,40.66725721482122,21.406890931287098,2.543211399025572,0.18577122172391014
201,45.125165904027234,7.03835805296295,0.397225865409633,0.2805013022813134
2771,7.8391211081409455,1.1890092835856558,1.464142252390221,0.7438559740144819
3873,41.508794594188075,59.76815722907547,0.2697003745430441,0.23169985477253796
4753,22.355440438699755,57.213173163542024,0.3136182053838184,0.1984242475826491
1290,47.87741747521909,53.440577876107106,1.8431194558371526,0.12540245302022923
1813,34.24932640943351,17.000841484149095,1.0611308133420638,0.2195766809084817
1009,28.75331427762902,14.57174325827085,0.3843634088777037,0.4600035510280831
128,24.66705517996467,6.923266516367592,2.3333907490070156,0.04059015586020742
2440,2.1232050594937513,53.10172379135503,0.5728533016062102,0.0656587671855573
2337,58.52900755488132,53.617901467464115,1.785195652185345,0.9349932491345907
4022,13.639251022852221,26.889018358476847,0.8284426162939522,0.810681123116557
3810,9.177558579888718,28.066540741938866,0.10572026630085328,0.2516509700087647
4453,35.941103062310724,17.18728679231397,0.5632684299332623,0.5674606283441886
2002,11.937539202450454,6.061305353416177,1.4670483383250956,0.5091435579527386
1426,54.66316155865489,20.94932398646388,2.4397240339110122,0.3359727154532429
2067,52.80556296794396,58.23982343838512,0.3452171460154744,0.396715026891861
4260,39.52160128789011,44.08617194765177,2.2076447537315014,0.7266249972685862
1631,25.249195364527118,52.191346059706426,1.6147760707570393,0.49202318717975735
311,9.047330278357393,1.5297821028351932,2.5464055376175687,0.20539837306372666
3136,13.007196798974729,28.179197483004195,0.8201167834083108,0.732352759075643
1551,6.668192088169043,46.85814282723142,0.5700400520771693,0.21472633065018587
1378,8.051767105012551,27.207389687549725,1.7592244785923705,0.9364603817114575
4136,44.268679818498626,16.147446847185634,2.323304738962693,0.510497039701594
3869,10.465947988127278,8.491917231781452,1.899642608953312,0.7017685818201774
1956,8.102207545324973,23.10826814305487,0.8225618993672558,0.37046877774463904
1694,36.56015834811211,56.39321861822394,2.3033675586828797,0.9745154550254752
3402,29.638194911888654,17.06003854087927,1.2620489553943834,0.4326057478445824
2563,27.199092239451666,2.766278103913793,2.5662170977140986,0.9947732416549601
3501,28.99135452391411,53.16098984580927,2.226592798042013,0.1910291607718534
4653,5.279440884582067,35.55470089223961,1.7333872419884606,0.34839653386288494
3482,36.60410783793438,11.698015905217341,0.6103039683760323,0.5217764719043638
2673,7.019648480786969,26.289118141920376,1.2131484625013622,0.46843734636057865
3819,33.78926604786337,23.569656032545723,2.07669494971348,0.8427118214325322
2716,9.48077794316648,31.89037824910904,0.7919639487928316,0.7693632540622515
4893,52.87663435420338,18.506190520761674,1.0637562688418083,0.22864431763271487
1792,23.20397188688235,50.65974906688692,0.8217638201188936,0.8506169778565351
4054,49.04379429130021,26.851381980436287,0.9567492805497441,0.9480798294938059
2030,1.310182253463683,2.782010389900633,1.1933298973473796,0.7828455715645238
505,56.0966533039552,22.03878096599705,2.0660084485166075,0.8670739242224106
81,22.109765113416525,23.506739842630648,0.21694578351254978,0.862639268744997
3778,59.83725482302871,28.134763528749446,1.2335499305955304,0.8462390039321842
1025,51.614478744406924,19.905140000333873,2.5991567230010735,0.9921619824405927
1779,13.209449500827283,23.297407620025545,0.36613697984926996,0.2585242367701409
3941,6.665748375193021,27.811788301022872,1.9348438848796292,0.8095307706674512
3204,15.131827767453387,9.419236335325678,2.3749929560494034,0.6735990596396256
2275,21.910706550869754,45.38838080155574,1.4696036983020238,0.13850961786587235
1300,18.973841091483436,36.76956097631796,1.066564606823994,0.8888858978711912
223,57.69348269663827,53.167406763561075,1.1447196293428543,0.2004264405031686
3137,34.287535229339156,54.171442103064805,0.7012153386742613,0.8373525214806453
3819,45.31853375872997,40.327513491109,2.3007724000864136,0.8002196185950394
1330,33.82011026958782,49.593677347725155,0.361502455759493,0.49380715935123265
3051,33.64732279730522,12.430134229142384,1.5856486657582056,0.7833019809834387
2521,7.984805089812976,14.680383568185116,2.225703283912193,0.8008118493643117
3630,35.14866034262317,53.68192051425064,1.685072071030209,0.7057885029826922
3954,52.3618235430072,4.460144565397501,1.8478556777768946,0.4509585138074371
2590,24.50877863568571,2.012870108264817,0.6442574361321965,0.6093851174376168
530,52.32321052428637,35.779634223100715,2.091390716860752,0.1723567042318267
3456,28.535496181350855,37.007949552061184,1.861719832859233,0.6116333016459466
4043,36.57704378330847,31.066876228408987,0.5078903345300841,0.12168391021545721
4212,1.858063935004619,55.46756913855867,0.1382951980980814,0.9963218737628192
4180,42.677265113460436,53.02902543890721,0.9212767244935873,0.27794521890302815
4263,47.80970604100443,12.567224540617142,1.1359702217588186,0.8094418143707427
4443,47.286229220520404,4.705360771860687,0.8274930814193491,0.35243872714239466
1761,52.98217028696975,2.8116709492444403,1.729569075762562,0.7240407765370179
642,26.08603819879352,50.90192164455655,1.1521180389676549,0.6629448845060794
4926,57.307228592174646,33.057076747085745,0.14205553080174899,0.45707392347513953
4131,19.140608164314706,42.05093459968009,2.053571787206639,0.11618332365982775
1860,48.58682470805694,56.36502753094456,1.0582612840007344,0.8683580184758776
1992,36.6818512670585,20.114568948580764,1.8738195818980214,0.9800392502098281
222,59.68163973566425,58.193819973569795,2.2596619299868177,0.276940535950596
4843,30.234023908327725,30.88320292434733,1.467817181017701,0.8604677003039185
155,33.02930320019619,48.2239060249141,2.432835216869214,0.76986041046504
986,18.255731286535415,49.9177684600655,2.7082917721586646,0.5761175462510786
3913,23.948683904106915,28.583360429966156,1.7302088853464197,0.646537800337188
113,59.0319999182036,13.702516904283186,0.47007940342098564,0.6920355534057006
2396,44.67727115374953,23.620367906019705,2.1791783792220953,0.6583832928231157
1322,38.84293983652427,43.63185829534041,1.9551503700915793,0.8718187568200985
2696,58.954139076928705,41.73571004762975,1.3426886057350422,0.5702526492517589
74,39.47826517791188,17.131793524539404,2.403843754373148,0.505406834302273
606,8.440372558396723,47.913609575056775,2.443695989424662,0.4425177542278276
4531,3.9947366017753683,13.59404129083179,0.951117787917324,0.30163482483989346
2581,1.4572193090109509,29.143628878451228,1.7090218741936487,0.32776583685120975
1247,55.088066441312876,58.439719517362725,2.268163024008605,0.007851518443102501
3141,53.13806053644473,22.029533955166073,2.089945262683652,0.10379772771302387
4574,54.65155776571908,51.781068463407465,1.4840421867438518,0.9146530353762686
3501,6.66236541018441,16.631779585711246,2.3075135932654556,0.9105443246931181
2975,48.64753855472154,58.56209627675193,0.9618987858838808,0.18274932665148658
3512,22.15063255654207,0.11298293519059532,1.0802186205580238,0.5392548246333955
930,8.986953022325633,28.72945841828063,2.601975566405678,0.9851122739700932
3578,23.002715378254138,56.84784516634141,2.1971406238093953,0.8470875459921687
2364,6.581617815979683,49.42794933596708,0.8942737308882368,0.46932148558294184
3095,16.289805509960832,0.8078710748644169,2.6270604345185813,0.07928680395683196
1367,9.051555180006876,28.493689892247534,1.3052159860964547,0.26875786586591977
2071,26.320313625529806,52.6020568339707,2.6224176256689242,0.332437744162263
3497,17.82051207216004,47.294240212431184,1.1762885157359453,0.5312066697815403
322,29.03037737344614,34.00820628668962,2.5622727834991164,0.31585025755274787
3410,7.621361066268717,25.824558148312576,0.4815213142739415,0.32868882808986455
3206,49.56751498878725,35.4666677927387,2.29664379846522,0.9447423943982133
2184,50.30334730468582,9.846641331365236,2.6347009369047036,0.8680311896947682
4952,5.4716750275891695,24.282242517502052,0.7531334828575861,0.9079199970833047
1957,53.83219642662957,9.264578663680538,0.40182074964741876,0.614269174146225
2159,4.728799448911656,58.326941549676285,0.8889121766111516,0.8435855690052279
4417,5.342795193521188,49.47707607252688,1.6159844840475006,0.8179771206413319
3336,25.022585284664256,52.57558342513877,0.6346099294007197,0.7893512940737643
2184,58.04674522407669,11.974445021978395,2.626303355595568,0.7144852503862588
3494,20.22576713525242,33.28388001166789,1.9621375998828807,0.7267369871203166
45,35.34568157182844,6.222183608126404,1.5280749094917632,0.8979132778646263
3808,20.33086211046431,36.52508428905195,0.9755302931311145,0.2531043285048368
408,56.66119503603466,28.342354918291704,2.592122934083828,0.8448231204472613
394,20.932987521573146,8.411441702195939,2.4878835674696114,0.4744414534077973
146,22.722299990196568,14.64423673715691,2.7611770181408737,0.9710988031111881
2150,38.876680279752186,1.9930983855872375,2.527908623240555,0.19458404274595753
3737,17.15916668021027,53.75653799437466,2.2946643550869985,0.01953491251561923
765,16.70453291180064,16.440444610035165,2.720376348499824,0.5938768762740771
2131,6.77128528332884,46.635009996769845,0.861413194606857,0.722729561357476
3735,30.855296610537856,18.87864077427633,0.8972117964169495,0.6145582093893154
1655,40.38857588283958,11.746680465999852,1.3024959408541652,0.558269230067579
1288,24.799034292992527,19.336202911363127,0.37442978634468393,0.5430825297333073
3533,54.16541855580145,26.169469659292957,1.6261472800513503,0.4871588239505844
3570,15.244335226476364,10.409040174426085,0.9827463593060971,0.38719287837228933
593,41.201373187538564,30.180378060789447,1.2401084349860585,0.7609702883827847
834,37.724747343068046,43.05802957747643,0.14302060704371516,0.18705304536101075
2112,34.61903739509146,17.843365543785147,0.9970717886069945,0.6866530826311321
2309,13.280688710752012,19.330924137814954,2.7174849143348756,0.4725993116244308
4681,45.48826304826,11.30170265303934,0.45519724759731117,0.1163981275135092
2596,40.69184918618248,28.2668918865399,2.1833583998365564,0.5788670878743948
1843,59.352713910165456,29.577981741940828,0.7615132409023023,0.6483232866021295
911,42.600027542178935,35.08800610608288,1.3460364847597799,0.1237811163483763
4513,16.15662853966296,41.85821669076043,1.5435823800282946,0.012784808921404878
4788,8.308774833309965,8.467116392106407,1.035423909296477,0.7963382392363628
1454,38.35312046018065,18.275055666622798,2.5799840601484068,0.37356526463731055
304,58.48003432747525,14.584036568648548,0.3283282571662383,0.382341004490129
3379,6.299012372078028,12.95830239605584,2.6312613405275944,0.969481620588556
4345,17.64046651011348,12.51040866229761,0.7968179454957667,0.461818415569317
3820,2.372856503203926,5.53917966617141,2.1195883785610663,0.823768785185243
143,9.095699258594113,56.04555154027779,0.261512344288449,0.42952353717121805
1938,2.846432554021534,0.5645064314926929,0.34506200789689234,0.3292055759133994
2112,18.880609213486363,33.48911282498859,1.1240489354619745,0.6790580717488578
199,11.531283629960328,56.846944402642606,1.3089253212742538,0.09502762584752045
1333,0.8818822993697273,15.4631973358702,2.6567587715581844,0.8231114823694977
2255,5.2514205434489725,48.82553364453518,2.7259728209411045,0.9832919817097033
3770,40.347535795790265,23.403993186519255,0.14587840472361432,0.1807674613581255
425,21.089093565078887,11.860493688329957,1.7228978271843651,0.579212257087807
2359,9.824722706624883,58.26085785158308,0.7133089100385017,0.5389194967129877
2870,51.85268247442755,32.55725493751575,1.2363832834022797,0.3970517077926069
2382,25.821652747228942,23.8111110824443,1.9795986565668442,0.4697090326680392
1613,58.27398078694727,41.18275502826735,0.10988169208043015,0.25413847602049644
477,44.2257478712163,18.806335035560195,0.9207126013654569,0.9805788799570633
1882,20.533230878983616,14.239477955213118,2.198153477566967,0.9333819576717781
4779,28.24738758640407,32.166732332000926,2.4231934469898637,0.3659453287984539
4163,32.92505074262037,25.05213451413962,2.4283699385694106,0.029831694232301253
781,35.297881942682096,10.546533206686847,1.1230851485019213,0.14340913271404787
380,48.5288092490064,22.79657033587953,2.125022669591399,0.7299170301581219
3926,5.259079362243291,16.04901741063829,1.063681849457306,0.9683321099886787
2018,55.55926890862638,24.270132168011035,2.1992408518357385,0.32794846628722507
679,4.405471572686848,44.98191830745538,2.629594195302066,0.8240607935699675
1475,46.32253217099759,6.167791336290036,0.11432115655380103,0.5430421169777162
4429,49.935095281253005,46.20419910224909,0.14198994887744742,0.6523883611164843
3982,8.048309292001957,57.78240005766858,1.5573990655506122,0.9028979528093283
4589,54.837279904450206,41.059347034202446,0.9145388214331166,0.7249898305085752
1318,43.62264338439128,39.978626466778536,0.13729035715923726,0.7104578143259739
477,30.41761799516192,36.33259579873697,2.0283409216249013,0.948818265060911
3450,39.67333268294882,22.322825610212536,1.265932630265431,0.7541138552486603
3216,14.8490415973695,32.88355204562052,2.54107920296416,0.19375836316287165
4464,35.73354952011018,43.54762718034651,2.7934050755279127,0.5797884204345866
2171,31.856176600222355,22.383714836810945,0.526236342522773,0.19264498617898462
3318,46.22145961068548,46.43057002441617,0.6397415681833455,0.6876907224840165
3232,29.30836864342511,50.64878055095686,1.5691615250290285,0.05681815557148007
1007,9.721569060217544,16.37292130462066,1.877354657582806,0.6129855817274387
84,39.62838512755078,48.31552134383441,2.3200922648473425,0.30110047907436766
2233,41.45287205288464,16.349395575269824,2.094730052790271,0.9891726080819382
2104,19.927535230434795,13.61709663274773,2.1116243309696694,0.8990749735886684
1248,25.32773413915134,58.78280701916748,2.3170184801191187,0.7955053554689834
2210,9.523739503827898,33.14496646369415,2.778733757386406,0.19878524712973777
3524,59.361745950804185,39.92630192451879,1.4696935193252842,0.3959163124724068
501,1.3510099311229418,48.23758334046594,0.8075464365504612,0.5157189888051905
3721,24.496672033514816,53.27099645793783,1.9700186447361359,0.5351022572122123
3246,40.17762756560711,22.882379530818078,1.032700908602329,0.4516614852234966
1385,39.70631462578886,42.36203414575341,1.7328248043242713,0.701200288579744
3726,32.94485984918233,8.156762254878831,2.386093281398691,0.6500005224447897
2380,36.21763556313339,26.694625489663174,2.440821261501306,0.8421247092609598
3200,41.8797582144759,0.3399636370006176,0.21095724339707228,0.055242531172721265
4256,40.340462820909984,43.321208520256846,2.517626692288143,0.0538032869131988
2058,26.116056912532727,5.105382767270843,0.16608151708874339,0.8679788441230325
2726,34.72747241504279,21.336163792307346,1.4602992592497046,0.7093683669390847
4798,57.39494136575482,10.326408401942832,1.4197540260987591,0.7084364847912245
1445,54.18481723501102,53.90048199709319,1.0858326801081666,0.9260395198394903
4827,5.895522257632684,38.804938612086666,1.6187559779765026,0.0008824138312806262
353,23.58407263784524,55.3087621571602,1.5218922256105414,0.8048540082951487
3163,26.840152206621028,5.262734772346174,1.3841858194013201,0.46157950356167243
4301,10.682592443686218,43.32825793908361,1.355890584654118,0.5345983350763432
3880,49.43029309119926,17.916879055702854,0.9586205022474845,0.6041128246882428
1929,6.8920588773323965,56.44997392317017,1.548461013961367,0.30262056528352566
2329,8.249658668240468,8.08648217095282,0.942026148780149,0.28296208745999996
1822,35.749632194496584,42.377781162736326,2.693721705512147,0.5339053854588294
1340,19.711573032291046,46.907347191857745,0.543743983095714,0.3674941425851864
3699,5.726587836965706,46.485269540919035,2.5188346720213466,0.15660416478057748
957,41.92005993061366,42.316138156833134,2.3048866039689138,0.1583256382603122
3352,52.34619406465102,14.285894060155469,0.8275788905612032,0.12361879393306807
976,15.790729659333307,28.371015650321084,1.9529104203163394,0.42624409738615976
4357,56.32942761637046,44.09749057446534,0.9860782931872517,0.910047884075841
3502,14.032320695176681,17.04249733979915,1.7344138547710128,0.689310967850931
143,10.715713826096637,47.43413063612559,1.3669816239626085,0.019424436801688816
2656,42.371503131054645,26.298543801144575,0.9011591640288307,0.6021960379588761
1100,26.16374057448953,21.602981171232706,0.1239229050366159,0.338973114326965
3049,53.377690510227595,51.29620474096897,2.0770439321657794,0.6808562282495557
3913,27.81170293475759,25.722778869211066,1.3591715869458114,0.752559236698841
1556,6.5050843121919915,32.36222007378584,2.35673103478898,0.30230412018208974
870,1.6314639937285524,40.86030700551093,1.9500017659132736,0.8516876543216957
2095,1.69671094031284,49.0314791463158,0.26653075929658243,0.16224132088702625
952,40.54101773781369,4.406766973764473,1.8329892876020828,0.44789914497660355
696,0.3274709748460203,23.380857764438048,2.181512433564905,0.2824822536051741
2037,50.68932270485758,14.81353515299783,1.9825415420386276,0.059831074541957685
2994,31.24756739767448,15.885204164176168,1.1764659237028936,0.5444198648719581
2737,22.704998971324027,8.752192483804556,2.1188420746944945,0.09785112477138458
3786,32.37864543056432,50.13040041415005,0.9548249918688946,0.9789651779187115
1705,40.05590181583607,15.285833197643289,0.23648155474124666,0.11500976786752226
4201,15.552008729423463,12.844472092026768,0.3427160397963305,0.905081543044389
579,55.49384414128772,31.751208640086062,2.7733453773035324,0.8971496292584257
2121,10.577930726893056,55.84713416385177,1.1481971577686134,0.4162145572642214
308,7.673254488501806,1.9450459595235658,0.2543907551455808,0.753339925778587
4888,37.58564781306398,12.791389305676866,1.5197087439837014,0.9890360533600784
1573,43.67970142977553,48.368981373354124,0.2668274045553983,0.5273561819506173
462,26.076938264651737,22.83650003679508,0.6257855696148678,0.45140439669870147
2506,32.39916798918832,52.68011600830062,1.2979026616591465,0.39821286478809625
4706,25.631490100683973,8.84197738476281,2.4796287899184897,0.9173825058912497
2286,20.827320158653432,11.882315866413443,2.3803995835169713,0.07139622520151945
3924,48.08455041777551,48.657697557356805,1.2356994262820722,0.3423934953988419
3043,54.49712611167089,18.33882251048087,2.1126378224872138,0.48393132558481666
1366,15.62487081646341,2.1966217532298327,0.372646920987622,0.12309024442332428
55,57.453600482932465,16.951850207736847,0.856035863821464,0.07937695346255502
3904,37.040689302976766,48.650609302476624,2.796587548585048,0.21746982394661796
4784,21.853364899460807,55.75262367878758,1.3628932519478507,0.6578334593432568
4719,46.81158299188648,27.376145224365896,1.963944788126001,0.13362275923748435
306,58.12224003266482,15.831648633516465,1.6649873117731706,0.662384395640364
2399,32.00556981869381,49.68322632737713,2.095422592328274,0.24896140084611607
1315,58.494217346783614,37.03058449263801,2.1658642242142516,0.18034871405933794
2033,55.36314723279468,43.42702417134099,0.4869833054484006,0.6132531010454292
859,30.291796862271962,49.872228197240545,0.5979424725901025,0.4266228157131191
955,1.1747455649259209,56.40445228608208,0.5923448691152278,0.49170163260692246
4617,25.05553696044526,10.947466446110983,0.8468793699515467,0.34953035566727864
4226,33.679572362588885,56.23314906964175,1.6496615781798198,0.8138646860226978
3849,3.754451255185065,37.7645377515119,1.9533531452052777,0.2956986857474917
4034,3.4231205600356307,54.81831490585704,0.7551667739630494,0.5585191511406115
4593,3.404819540269106,13.450765135976289,1.8147795520534515,0.8560363152033746
2332,3.9660513067014636,5.807503921983441,1.352226698052792,0.750389285958966
1205,57.22023605468913,11.516320935721662,1.447726575544609,0.8411810627765165
1826,55.81677781717849,57.32145057266368,1.4173550496176806,0.9958185181642794
4031,6.9319050000180615,34.297774220855445,0.3803593161723502,0.4233369466986461
1520,44.84780316096913,43.69903369557263,0.46537795824427153,0.6896106693351549
4700,26.22533251535002,6.141970220817143,1.9949766887322575,0.1612766739772995
2668,8.453664578361044,5.442706961679384,2.7094433966117597,0.5232884244336833
1368,51.55936876950386,23.944916734919875,1.2766672922618116,0.47477960319730517
33,40.26797190694433,2.330814989318215,1.1867930106314897,0.11298379698364214
4203,46.042518770494496,23.642541033114924,0.47224266887453803,0.18479915210779718
4822,13.046367611232697,9.868472504996468,0.433786477215915,0.7550914670722382
2479,32.48750877004767,27.165820592257436,1.6308455999713585,0.1172627200958839
3741,46.74107035725361,26.418266671004005,2.107681837212195,0.9965781525654892
810,43.51034651732882,37.51521076256668,0.14982751916928005,0.5467895415408305
4464,50.20763759113655,27.109359819382195,1.9120905087664808,0.6243892969944908
4066,40.944414501760896,57.626991584253275,2.210351090059159,0.39697662016718394
4390,1.632435145789648,23.966865958488196,2.559280246665806,0.1712909050524033
3767,12.974779175231465,40.012771836392545,1.1739935862290822,0.36075753920205145
3247,43.192949217681,27.606694945271684,0.37822800438479165,0.9003349603682783
1047,37.016431331871615,8.824148494436802,0.637283624528545,0.5841443978102003
2361,47.517143293722704,59.20950000630338,1.7664062396099254,0.5867756347449783
1314,34.28911860597547,15.223752210224424,0.7990420322366547,0.5746017314393931
3592,39.304260031884446,50.16488296223809,1.339402429073356,0.8293310216957509
2403,55.458057435301015,31.804726614505313,0.8384087789357133,0.8605388054248312
3275,5.91375592464626,1.1360248619846458,2.7674890845090965,0.6218171726710634
3764,4.21532528803878,24.97844791612651,1.4220433168569708,0.870912670993411
3883,57.84540172794912,7.383400661086701,1.315727973943346,0.057710622482401
2673,44.39523616055636,14.479069434303451,1.0448915228951687,0.34513473647599124
1204,20.22868541331465,34.94837613584961,1.0400648381115636,0.7585831974303131
21,38.0968719085185,39.884664125756444,2.025779958753687,0.20401379508718764
1433,40.399777976158816,39.81446665067163,0.24970553769340773,0.36167125397209143
2487,2.251903697013007,55.759258324527465,2.106712612559519,0.09435558735081728
3128,52.43812416316398,36.28935481439481,1.6614957272129007,0.30478491697716625
4861,4.518856729302576,5.806361974292686,1.7105636859632751,0.9156979357514908
1161,54.37412123591965,43.24489980792088,1.0306955491299636,0.506515943901346
1888,6.276128995853528,37.45827992033587,2.794548336411881,0.7855099562790366
4939,13.985642382313294,53.03710798390136,1.1087162550784715,0.15610264964375054
3754,22.712123828620122,11.281368952334887,1.6270007146029501,0.052794271779579516
2214,44.279958303737885,25.768237863815877,2.7777697251030053,0.7742167362456512
3808,34.82496709589741,49.09804489195887,2.0445739758536563,0.8737939194651048
4170,53.395894877372356,21.531622942797807,2.096660905479543,0.5384821072099161
4703,17.629114162531685,1.699494632903582,1.1950292099980007,0.22671089407943523
1738,6.305118280452331,57.75930151049603,1.6991682702712787,0.39880883300195635
4630,47.062681443006305,17.28069285694167,2.3322578447654436,0.35787261018825056
1492,57.956918481459915,52.03627391694171,0.7405527818713233,0.4816562508467841
4440,49.99519488327426,27.19778821007553,2.2271802149350037,0.119371930468679
467,13.151136336312643,48.39984090113171,0.21055889498948777,0.382666320323957
1821,28.886755333055085,1.4040239271838395,0.278262646423078,0.8718855792675897
3633,2.6684819245122493,21.166443629944535,1.2756027725608166,0.6431560734133415
2601,56.27988332486014,34.68780520444171,2.2469136667834633,0.6040954560486581
2812,19.50728139679848,12.974118708518471,1.6513150364173643,0.9828197466270284
3660,19.16656114129517,25.972208069482082,0.8072929091097645,0.07579769669943792
1623,38.13958420978515,53.770484212643446,1.8893525707201806,0.9361121398834475
2348,9.423471935651413,27.898963050821195,2.63212561407875,0.9427183689886428
4520,45.246807638722565,34.154617934720925,1.1053551122553404,0.7684116578791658
918,5.574086586435514,9.721631821777073,2.6377109208620535,0.7660071238011769
1401,5.818616320551147,50.86124308555151,0.35054745058922365,0.2981951117554875
1154,15.86555885748674,8.491655110007752,1.908268704726917,0.3003791003521127
1234,3.7675961081161935,55.53239440293608,2.3895892496029267,0.9553625049925586
1471,35.78329612054126,0.16794639731260608,0.6210492323005049,0.023501932993015284
3972,35.99062151141454,47.542722969446515,1.13582446737326,0.6753570332279387
3095,9.090994324013163,37.031552563007025,0.6320307011802367,0.15656333131424438
4360,9.193545843220296,56.172514313283706,1.875885456919046,0.8523469885513493
2300,35.575744069849364,58.94531183207101,1.4168123181774235,0.4768581432832203
4652,44.71059778693661,43.380014168549835,1.035859296578343,0.1845726542315863
549,26.662071932316003,58.81038732504312,1.0413063997978877,0.6979646325545981
4710,40.09768004133559,52.23061552491492,0.680863534712967,0.8201818398371489
2459,23.227133253632687,9.694359886649606,1.093984307810385,0.46487389873828044
4040,48.75187727253246,44.07203798177019,2.4843249576875484,0.2903699062492575
2093,30.896786855018895,51.74043262367773,0.6678677096764662,0.21976287659566496
3724,26.850575239978138,42.12894063172196,1.2719083898775738,0.35529619605905427
3757,43.8362284048626,0.6887932623288484,0.9621183639336389,0.9436960716184076
3,13.977310820082579,15.650779650539523,1.7829497097245408,0.22375240832845233
2515,48.95913304894491,15.003651741429218,2.49113558201128,0.31548215759392084
4219,26.439466038763328,28.90600292199073,1.5590351752383573,0.6789015621199608
1088,21.680854751408035,23.66259544786724,1.923355714096361,0.7587244540678848
3951,22.80561531608204,20.306108221703408,2.4380901003300655,0.4738528927920018
4423,37.021858057458246,56.00492579104617,1.6618684309741527,0.05753037725704613
1198,39.50797331236632,58.94472368530411,2.617482408036709,0.10497745236019485
861,14.011109329685487,56.75125176539575,1.9061520567993293,0.5978441078658272
3510,31.611750615419137,16.384381968488853,0.17382021945001974,0.46193556390284074
1891,34.74057442639009,56.383998525873004,1.4211196405042081,0.39954360503003983
330,31.711720588549575,2.1296676511210677,0.36147049718975977,0.3816863741013854
3987,8.923189999665677,12.08019234265651,1.7509789353135532,0.5383706587586139
574,10.978632232383443,29.799126496918216,1.2207760720152647,0.8188092905382175
3954,42.80717884812226,29.860556787583022,0.8733354501370137,0.8966579076849098
3191,9.602540389296518,0.1434655746698943,2.150144539131731,0.34466223579387145
3244,12.865694582893937,39.83839316548375,1.8451176836281546,0.5938786009003717
2489,29.615469591599055,12.903257701949604,2.017813463906332,0.1347644489518771
2144,47.14025324140341,34.69242314838921,0.7851339659446981,0.22092903914168938
1044,18.074021294937562,9.341603241413432,2.7188539254943604,0.08700490642923464
2329,35.40473637898538,25.166530424143094,2.204632965653256,0.9859633519610315
3459,8.955898019229538,35.79968444269327,1.4624517569203357,0.7271115272888635
1484,4.38183062132665,50.120280684857626,2.469430256342616,0.7730487845053401
2243,54.83780616408053,27.31719993142859,1.6497423420028983,0.12346945227024975
811,41.61385099798305,6.497512243104804,0.4626722370414972,0.6088381481224334
574,45.68179245444554,8.149468831926809,1.9680745412491756,0.2639612816426564
2384,34.06316148197633,0.674313485537088,2.2667511972268226,0.06963769071030668
715,18.058353895791434,46.77271139166691,2.6070478478107937,0.18492039925633597
31,22.848353834432103,5.626413560365233,1.7263761118317469,0.21917055646595285
1552,26.08238267847238,29.670312872343995,0.8293000202454268,0.9101984156824853
806,0.32366185889077137,13.352105494219103,2.2193146999475424,0.4101526310025835
1027,35.15001645381342,27.79211513882563,0.365138134402874,0.04051330964836253
3034,15.10152370218027,7.013844877273677,2.6718509620989424,0.7562900214615816
251,32.88379336570926,9.22878438003147,0.42965079134075357,0.7141987876773952
846,58.15053988924242,35.680260807352994,2.4903549338620254,0.8951728568691812
4148,45.035314544827166,1.7736807286144751,1.4991242032797405,0.1131799715824815
1427,49.760565106976905,20.298258683362075,0.23886036195303256,0.2770396105958103
1048,26.29771311502595,5.303796480491297,1.875373338537878,0.08738854512349925
4940,23.540100117965885,43.47856389568608,1.1263218630581289,0.27103547789028026
1937,56.863368184501624,2.574369261646936,2.749146130063116,0.027739997248313553
3142,59.655426542601134,34.68333938863631,0.6433451136574595,0.4106210618708481
3081,12.573167894344202,22.767283940187674,0.5033853649722678,0.7934195460970762
1133,31.510163023574513,33.76744026417582,2.395938238830429,0.9613677276199106
2935,54.07053330594324,2.6651977083235057,1.7781749113158372,0.5916059639193384
1615,45.200915693174885,9.951081012415132,0.7912128715428383,0.47609308547027107
299,40.791763937657116,8.649561933050931,2.2496796016571787,0.4180817318063137
4561,40.068142956308165,55.29841242693921,0.6028159064910389,0.4936357841840635
3973,23.866775383233097,52.28071732136378,1.1464482813163581,0.7379085701627776
3832,40.97601409796726,52.69959020120313,1.3224261418304288,0.9862484098347065
2188,2.2702354721794316,46.62097498016908,2.5424308403556424,0.9251983558515547
2216,4.104157198939207,7.374687031332671,1.1164520630081098,0.8424189034686917
4479,0.8467580845640699,21.563336676446813,2.4613619874351182,0.21330895342826972
2618,5.203835572643083,51.659573495668376,2.7611761206931673,0.18216221707586788
1138,45.319572751783575,2.884572200797666,1.1979051340240763,0.625186744867668
1339,50.166633570665994,4.470328787590501,0.8737516395244443,0.7948447485785918
3108,12.645753826242668,13.607536799561974,0.6854407815443694,0.24574892286575312
660,45.46139704160479,21.087540692949535,2.4487367652024523,0.7802748963442101
165,9.30708944653378,36.165420460689,0.548506680592615,0.3384505703278273
3103,14.84358699847709,59.645622776263565,0.44046195208032923,0.513218900185722
4446,48.7759700026376,34.65413285931013,1.666659027529422,0.4121072094349525
4996,52.766272764356295,13.910246401503434,1.8798112981567796,0.49398000620977034
4187,14.978850695860144,40.09771770763715,0.6830963811956053,0.6942411610274293
2324,2.232429821286084,48.79063017980752,1.5810981353058804,0.23349073043993673
4345,53.18447404048207,10.4669356308465,0.3916155816779504,0.19469168555017125
4524,57.20781351137521,1.2067098128271825,0.540660296820849,0.3662197680439263
2052,28.025618928456836,34.25227777603924,0.32398535525411276,0.9617586918626406
4019,1.5680556498091813,0.8021941076047479,2.0287835230761697,0.0009256197592962812
1525,23.936127550236716,52.753274988908096,0.4262947651212228,0.7665344357308045
779,4.245887675183491,37.71821830536755,2.4544333431554906,0.5188021265477728
2859,10.821001110282634,56.14464411814778,1.7529024995456721,0.9539070636426266
2312,52.63322181357348,14.935813808645486,1.189667544807919,0.5453581634253166
4218,11.960443243039634,8.56233250696194,1.8578973858995071,0.18805900689939414
3843,52.31803716891738,29.457305907900782,0.6245560433667598,0.11875087949296004
286,0.09724648749335874,9.131049868389997,0.2976167528638779,0.8761028616196577
2342,58.727845599815836,31.95127684443999,1.1960001659516433,0.5946345143517502
3081,16.989200553994827,40.39340115184732,2.207681378764825,0.24045911380171048
3794,5.625692613183952,14.761459472828877,2.411107029657278,0.18146529423312951
1215,5.441311895541714,51.66553901313984,2.3753763254027396,0.567514270148842
353,21.363824689479138,26.273728276742723,2.153463113476865,0.56484837446593
4393,35.88322511025582,16.134673837939207,1.2151377764495714,0.8173618883715709
14,12.926964590166904,6.808328115082121,2.772751766617092,0.845865119606101
447,9.021448282885904,37.13066998292602,2.408556087341682,0.17473244679900823
2076,17.62446926605563,28.833681912350396,0.8874938567300782,0.32791393800681334
4606,9.510529767472363,8.76002412162713,1.1137170113882844,0.5171549401441935
2245,44.22265532908513,58.47560041796799,1.269077849734417,0.17274582916261594
2429,1.1227311348832592,53.74821306984506,2.685644663316495,0.917148243801131
2412,55.93208477710826,53.0220068539503,1.9601358512520788,0.45543661552405446
97,51.54582349865377,51.76777523803297,1.307329089399831,0.9242950248602746
3167,38.96295810137214,11.560921826538081,0.6517229576093786,0.5227036918059734
3185,59.45240248803331,44.248136843464394,0.5908351525425276,0.8177132779364178
2947,40.991254282013,25.963632678789576,1.635495760965343,0.024139299211517917
3280,42.692092798252055,42.26152662110665,0.6183260478342653,0.15791521664600416
937,10.095265155862101,10.058263563670959,1.9013198972208143,0.9233712015584331
4700,54.95304224709307,26.658932569354214,2.373720309622156,0.5582038458806521
579,15.206511386805467,20.196302760868317,1.3397279562320044,0.41389171324144947
3944,23.75998238956122,34.40486299741942,1.7371026141299346,0.5304644169800562
4565,50.73207699175526,50.18279339731362,2.3100719560709115,0.5317437282912961
3206,47.82610687610525,8.816365146061715,2.64745000964363,0.10939118832683725
4691,33.18363693551147,47.91568330036803,1.120714418878256,0.2411387585917174
4226,9.419176531560439,48.34824577354434,2.7965689860841607,0.6781653196400256
3200,52.4008578266734,39.304782144593226,1.003328621727216,0.9980329217760999
4187,4.0277015180494935,11.188751714312804,0.1440490373471424,0.3304590569535053
3344,51.91030447028943,20.85856890220354,0.7812447214037942,0.3568955623752609
3684,43.891406674458054,28.26054433567029,2.4952558233273767,0.8820028115828585
2515,48.14704633330793,31.878955916316464,0.5050783870004103,0.7505961342849127
4614,10.759776042890689,40.47430550588764,0.6485886554798274,0.4098480835790075
3697,54.46722545401245,48.280873457527974,0.23264451760931737,0.4138577146681087
1823,24.80081816592379,41.434947228729264,1.4495219302116957,0.5899145509237068
321,55.138087482957715,20.116685669542008,0.262957403934839,0.9398494369674414
1867,39.71697167802886,58.887063539765514,2.034688032747114,0.3047619889275681
4311,58.34475350585193,3.202052965400346,0.5922375170933466,0.9410796872027248
3811,55.77074730232346,26.015154236482218,2.0870326008502946,0.6767768211497955
4559,0.525930897822795,50.24443917948311,2.641192842673239,0.24757617293390988
29,30.050318624995104,39.960569728808224,1.9608491965201542,0.8266909725462683
4026,36.460195708624646,59.96941406649153,1.92512183522637,0.6097539327125246
4931,59.42055696314409,47.5294471719542,1.0013925046082275,0.9917598201363896
4654,54.01064152091733,20.661480924696722,1.3528309824555023,0.6829560750545831
4781,36.19563526692493,39.82338901418412,0.15920139373450376,0.527438437164759
4272,55.498193668542946,19.60663050241155,2.5998366319951796,0.2899157336876632
4270,57.04623410711715,36.12557450684283,2.711794451860738,0.8883205855151148
382,48.72215720871558,11.658209343690151,0.6176056438864898,0.006306376603455566
1481,9.06737038023948,47.4405496309071,2.541436522049187,0.3818768484485411
3241,0.4736648989773573,59.292689525072944,0.5041477961459668,0.11732631672360572
2232,23.471401756777972,18.94919473065933,1.3741474104342783,0.9042091234907901
4155,28.361774129318917,47.12868377534859,1.2117755533955124,0.37210137955056666
998,36.05829300488115,44.338794970308726,1.723739158092064,0.23649793570923583
2102,20.995115853615488,49.8251317938053,2.396557433795617,0.8298592793967942
1519,17.51363820508742,41.39353063148049,2.689210530539593,0.7426568798359358
3761,28.875367089211725,35.96566304006949,0.3292094225668321,0.9566254283023236
2570,0.6779427109069225,54.70204983363657,0.5741326724430964,0.18822103650109812
4767,27.837756453295906,29.67350699532149,0.6955151581255319,0.015900709726978435
1922,27.566303047884077,48.05899120589225,0.5624514915411131,0.10081734632779782
4356,2.9284497561785905,40.73951565261337,1.455528535842893,0.001298306473162314
4173,6.3697255606329195,4.956281952411345,2.339162850324919,0.3071856911896712
2549,2.498166886352109,30.89371077555347,2.6794383226073006,0.5522596708126436
2285,5.845360649423581,3.6417142770310673,1.468901972655566,0.6019983043351641
2363,16.095792429653834,44.098426876064494,1.7324833112289697,0.07602451495071105
3718,37.53873966113668,30.18413847759631,2.557567934413612,0.9372199578411369
417,46.396465545068885,25.497500941265237,1.8293108954322852,0.4369425123423547
3965,39.05340207799922,36.433037796796064,2.471018008673837,0.0480152122486065
1821,30.464272356143027,44.99626994578212,0.6843910049229148,0.856283897442812
849,27.35898977191809,15.477072157155964,0.12238905143364044,0.19257122934606208
4136,50.977999093640946,42.101781582266256,0.6231299301506092,0.37859258450246536
4225,53.78225241103519,32.374637345915076,0.7272444098022677,0.6852033726202749
3852,0.9729495910701091,4.090450686311719,0.4843272732705781,0.6656114462102394
2047,32.13604396393342,53.20742638124247,1.4734519446999734,0.8261689289970704
2876,24.747448262692664,57.512952882056744,2.4209909462587973,0.13410605025746003
2332,58.472004359087705,42.27231671645617,0.5222767814818637,0.9679330538111344
1810,41.842486950617456,28.122768703250095,2.1515702502056464,0.2729431756299202
2096,33.426472040820684,53.08664666202117,2.3960190327718593,0.6278926708437336
2149,9.772101831970412,28.796299191384687,2.5130073696731006,0.5244363416960242
2480,58.28471773504315,32.35414220046533,2.507355825525785,0.2932781658754321
2415,10.28280255847585,46.66874926622767,1.7903236680582146,0.7738229934997415
1348,34.73485395961704,37.23932191411113,1.4752825238416036,0.520396908913228
65,5.512661405372789,15.268026387360035,1.5849971413544155,0.7837044143019598
2695,8.648479372911826,47.868454254998426,0.9647990723081054,0.822696355128659
787,13.203108022523411,40.72238336055492,1.3861484691105599,0.896363701015011
2230,57.1480071199077,16.215464949134027,1.1954770356903817,0.8133721536816676
697,38.65007065451154,17.011098447848138,1.5244585238195838,0.7251881195825527
1691,40.76547197897041,58.77957869570908,1.4551692436346653,0.9052086696851479
4563,1.8603467361652148,55.08000059073455,0.8135190073021923,0.3969162711215314
3902,46.53289206761321,10.366748889776296,0.540576286957845,0.2738297436532672
464,34.43766738129465,22.46496530262371,2.738658083310349,0.02345052618572674
4404,46.822274889981294,1.3094565341340658,1.0008924616907264,0.5334203033161593
437,38.72908828739494,24.852314969782828,0.29785266341022576,0.23350227529068135
4148,33.92543091085048,58.16622425321826,0.14132751233589466,0.7773004844137152
654,2.9076066105124543,36.253366144339495,2.1370075354897025,0.006689696648210286
3767,26.891348447725456,37.03155538893009,1.2543522636676037,0.9882224289637271
2322,25.987449665119502,36.21006155166314,1.9750299994642002,0.07670299698988303
2237,46.98280960310997,15.042851158725682,1.396670564279924,0.6813975923236513
4273,21.57456505694846,11.749674026914967,1.132179612850732,0.5710138871107829
4517,48.39860875209633,29.29361913920692,2.6475615831955253,0.927712643704174
471,45.17651748513889,44.624857855893666,2.588728829461531,0.4428684634944092
480,6.7315312709265225,55.47464854896671,1.4267698947741867,0.03067678804055518
7,6.68317097059605,7.043792261800514,1.372687595494737,0.27276572186917347
43,40.124014954831885,50.35535738975799,0.8718527564259407,0.889609200746575
1053,26.354947497875447,6.379814171205805,2.24289102620426,0.4541628292356259
4735,44.45281665815047,50.5963880660256,0.5662795503946478,0.259838011396901
1327,13.021116146273323,41.46782038807394,2.130396805240612,0.22829647468636738
2634,43.594827483388734,7.8296681269952595,1.8597162769997564,0.8693517466958282
4851,12.529984336297337,50.22292960178715,0.4622884869811982,0.7293381380649786
1816,11.330517178138793,3.973964022199943,2.3196006110338603,0.49373583002836174
1274,50.93691476450356,22.888531209620695,2.3606705193270803,0.8687176903220735
4647,50.847259172292816,43.94561926048588,2.3300986794470555,0.6358493825303985
254,34.4627835410794,20.009495478964052,0.2986298394598461,0.33919061235822245
3211,59.259656222332794,12.663443279469588,1.6833700087883199,0.8246936672789434
1650,58.39994858121896,56.72680365922713,2.71644529315375,0.37471839854556843
4672,42.279257914201565,7.76987656804045,2.1047308783731826,0.05581000951600268
3045,43.76042004363031,44.62471130125945,1.4525490194980546,0.7922479307421294
4062,43.936776766509425,34.08813079202601,2.3412724581833664,0.059037012231338726
3104,40.4215073788171,52.26835583466599,1.246390897784009,0.12302295958478882
4691,3.384389365138698,3.587497799376651,1.0083951494350327,0.4946780618532747
4669,50.858996523714445,12.464863680257672,1.2530194377392683,0.8269678899575876
518,43.433123981532916,16.44298843796181,1.9847388387842562,0.1828074021902757
4478,16.264711628998015,0.6484348777973281,1.6642665294493868,0.8627308752394931
2259,53.617951627248026,49.55374528519614,2.2345078756384766,0.9177304010610294
2225,38.953811638810734,16.204077904699407,1.2069153296532311,0.22234755069111045
2202,2.11890534319358,11.508874265732661,0.5574074306931203,0.6013100037768772
3614,10.615076815626104,55.39470808179619,1.3542138637820724,0.7888824630822038
591,39.70569210440806,5.580040682690129,2.578375950549118,0.6313643788666756
4618,21.620482962431463,34.80036824411302,2.283241772035039,0.005905563553887827
1301,8.47701520311719,39.66242998653556,2.205752764450383,0.5678590459368769
4481,3.25241771502641,28.660931847769607,2.232890243060083,0.47623869154579346
1516,34.71294561798807,24.0158554625223,2.675112509181358,0.655579035684971
2538,49.563384254421536,10.22761509247113,0.7486341485974387,0.08485761132706604
3466,58.23685929720835,0.8023751843244664,0.9102378929022409,0.7889335533628636
2770,8.023845227435784,4.79997484411413,1.55049805291711,0.3164828433447967
4659,18.523140148782357,31.27492354379565,0.2725084976618107,0.2695134103129363
954,19.455643032240364,4.53250900247493,2.2301684063024263,0.6396904032280546
1886,32.84942603318355,46.85842684882615,2.021626568176922,0.6904299356126213
4135,6.115644419742554,58.19803703845542,2.764833701088025,0.5922015542797138
2007,57.83139136301654,54.16119416337474,2.451169033605821,0.11709491281133588
249,2.9046783747993143,11.180178589486014,1.5848384910729731,0.3311864964520148
3821,30.360677651123435,10.662792909416709,1.049133523664153,0.14651885604748316
1044,59.05480404802773,46.074335807232245,0.4453256080960182,0.9417149258031341
2401,36.099635406415224,32.98492512797283,2.0724811801995755,0.9021071766893504
220,30.910956443502645,30.255792260370924,1.3820777824933765,0.3726422838402105
995,27.60366282918516,27.019896480708304,2.456802796055065,0.7264621961111385
1336,42.90291583001419,33.35805515375309,1.4582215611193126,0.2228411744226918
2694,35.98876529477894,45.17411630088261,2.2664470457866126,0.7901877189966773
2802,45.82873708317254,57.29080097470509,2.039470368619658,0.9383526695202881
2826,43.61018180519,25.796909245789948,1.4991467131559209,0.42359400739032516
1036,44.01406298759022,42.340539838260355,1.1673848187636309,0.20875026724520296
3172,34.91391577801671,42.3076980830284,0.5015184365389063,0.2615035592630023
999,58.00353637345601,13.747401395819068,1.711906297262666,0.7911886738794935
2180,14.141010585699439,36.7893179364385,1.8933921962039626,0.6365743200668356
353,28.790773209244872,50.090005329216055,1.6779605054183717,0.7280156056761754
3975,10.335399424175016,39.26876752867509,0.6675348602545326,0.17677584102328536
1292,41.55808524790649,23.53087333385301,1.9616052793921603,0.05116467005975134
1672,59.97169982810119,27.365811587637825,2.4996141973021344,0.256209840875397
1519,44.30075707882015,50.227171532917325,1.8750887864449859,0.6435682128729808
3980,15.600469338656286,36.916842955316326,1.1470591010442537,0.14270443233712304
364,54.190382089044654,39.08001331108732,1.1539183415670808,0.16724027755584236
4735,2.390383459575376,16.233989247338798,1.0501995448315828,0.3956201005523897
4717,45.060752668599726,2.4623619589146495,1.2353656942412374,0.6705968407883558
3046,32.54157213518375,13.580876195078055,0.9429690202757,0.3016953713552917
2207,4.446190241255346,24.860684121362567,1.726019382605388,0.21927090567284613
1088,4.3134498854592636,6.921140298950155,2.464755852669142,0.9275954135282982
86,9.510154147236435,14.962963130187214,0.7696177644655213,0.9506562285275667
1600,51.41017249804441,39.352042938466965,2.6223831800491784,0.3633366070720562
2729,4.322183009858611,10.756961473874751,2.233757433416246,0.6701215025601265
1162,24.580720046748976,47.582569432884945,2.6364849397143386,0.3725614490926932
3509,29.920013586393544,25.02921892831122,2.719682789484646,0.4592244640897366
1887,18.792062206678445,46.36705009974029,1.5759548006170931,0.6343406700573373
3689,0.6112367887794568,45.548111500194494,1.937149924250236,0.9102521017937907
4305,4.3255056517706585,0.3120968499910526,2.0560279189673225,0.08957255933919528
204,46.05300414790082,56.713363186805935,1.511167849673591,0.2480685854314797
1165,1.4736375202840546,41.18168303523244,0.6439610725661705,0.13486575751654795
3533,56.43666117807227,24.829298302827254,2.495816189931632,0.765102856544077
1809,48.02093401448046,2.7604082993741597,0.9073998247541936,0.8130185277874676
2052,10.206019709842886,49.80164035310095,0.7379775762256635,0.21644592091736148
4873,10.875734903902307,24.11611383223623,1.9398762963859186,0.9049587711267761
3237,32.16600480404433,14.730446560490469,1.7884812401027297,0.6452841882972862
288,8.120651729417439,9.204838095946002,1.2393385672121207,0.7778985183294461
1176,36.111956702575,18.340489323776758,1.5090057919313695,0.32574062234813406
853,8.046932695093238,6.710584471017345,1.3454208056185561,0.21753381176131514
941,58.02364378559175,19.032111283871274,2.0022338436374185,0.12373774930056058
4328,48.06670101419362,55.197134658554745,1.7305871642204287,0.8118049625809634
4995,6.499011889246804,6.709881080213496,1.383041219434947,0.5904361855116035
605,13.054964257243334,16.926679915027407,1.3881002234250117,0.9714463258566505
2314,33.44495833274284,54.25181960152464,0.4114419447103903,0.529145537525187
4041,14.330079890543882,21.545284273580467,0.9050742770670479,0.0018296758753741926
3871,26.668888810745838,50.87908904206842,1.400690432361383,0.9150344749856708
2918,54.537791557804795,22.15330604760479,2.5043692407709797,0.307415031584768
4142,48.60650847194957,29.61137993589247,0.8212710922483349,0.4178751703187862
3129,13.018750828425818,38.7172862041743,1.3389463904445293,0.06884576334317039
4953,18.46412048193594,23.130365987176674,2.141567712191434,0.23082485104005102
1639,51.7731940500898,37.28386790979035,2.484715535509143,0.4166234759289017
2552,31.365933539330694,53.1091649686429,2.4285474266737417,0.206935415620902
272,33.00102642331814,19.255570405313147,0.31424608531183684,0.216913010133017
4940,34.49381002685057,9.643335565855114,2.7031786806710456,0.5880914186946371
481,45.79430563627347,42.00049325505857,1.2768673805243622,0.6248943246058627
4109,2.9153161684000795,34.14764079945499,0.5675207986350683,0.09856822252284336
3478,13.749679850848482,31.144631924240375,0.6134555074070789,0.32743215613629517
3520,8.95315964508356,8.168291119792412,0.5838879206403238,0.8197529458858852
877,38.97158132732958,8.632906777845985,1.6213666772606097,0.9978825903262543
1964,37.923048340009814,22.812141061527186,0.734233049214603,0.6427201617236791
3969,1.5498426011990096,59.39113980145855,1.8610217208115258,0.9368281005594848
1264,12.029303763800367,0.09041198413391793,0.9648313714121237,0.5295632347203556
1626,4.584246896269024,25.428758625038167,2.125217690113878,0.42302279495051076
3067,58.379613846494586,2.2893545380051816,1.5406651201787858,0.5387513423735035
1516,7.587346656664604,18.127241912396478,1.2220876264643168,0.21889868097168175
3312,15.73155620942529,14.170106869448855,0.6207614949200251,0.15411180062767127
2563,50.57944814028081,41.04443959258423,0.8258643897455464,0.5637814595970612
2444,57.41719972597029,15.035601371904503,0.7960109127824916,0.49280376595225395
1223,12.699351675378704,13.037731519218529,0.8847544797164004,0.9931367537734448
1711,44.7416604619234,3.56522496377365,2.460012110865824,0.3198734429762594
3551,19.60340847146579,51.57868985191684,1.2155941861428958,0.5011633231401322
4602,5.299320207026071,44.63788839113345,0.45074625939865554,0.8559807580547742
3879,8.490151410588918,32.118479529572284,1.9929570611820053,0.6159454451912408
1607,20.468593628084978,37.08738473366994,1.5181447102838028,0.5679398126943456
2521,1.4482741789565856,33.10880706501173,1.776409046052548,0.7184714811954594
4621,53.30909936273508,53.99485216776226,2.5819046182113143,0.5324784093779182
2176,50.05392013221641,1.54913171411168,2.698416712696867,0.6643388961629971
4851,49.090987611536185,2.613398250734136,2.601530491334366,0.4641325439248073
3431,6.686478923507715,46.848648178538156,0.23625055031333742,0.2774094936849386
3568,53.70496083716548,54.06527486439281,0.44046154330524145,0.8066569906147214
2058,33.00937377868549,42.977605330625565,1.1828345655816797,0.44262443721802447
27,3.135178795704563,31.07407100566879,1.2403834866082786,0.2820577782601139
4209,35.41328787172113,44.753070121464326,1.9513910378860209,0.39455260509093637
2871,22.978561423510016,36.47462099180446,0.9682045452297994,0.5804827590426601
1924,29.98076009713313,37.84966229015252,2.441199839477924,0.7429838144924495
4383,3.308994186061218,23.190442143418235,0.31899859711889267,0.5153326182045523
2841,50.56628595991618,6.826627175823676,0.10378845529745817,0.6665830065860344
2760,53.750518458002894,4.7900783743128255,0.7596555530829932,0.612085512778659
1923,48.95247673323256,15.0912529762652,0.9389788759238781,0.9847642152300774
2187,8.316808453751941,5.71456688279423,0.2386687182430479,0.8810856736097827
64,3.930181757957971,40.12080098305677,2.0701557816313465,0.16716443583321905
4480,40.88552071653245,12.115418046362944,2.101574465922427,0.3246784130303991
1877,48.923132079473895,5.567992682770903,1.708724885733167,0.386754467758634
202,26.348461824648584,36.87010919918302,1.9331125104165086,0.7974843727501705
1742,50.78458392842149,44.310040774797976,1.9078490172282319,0.275681157996708
3932,34.164864358839594,44.6275418513717,2.441180622865177,0.9526857511794042
2860,36.69851975092936,44.08648428915194,1.359763488865421,0.7594132827778795
4487,25.244734990405675,44.41953325639662,2.0960569782115237,0.5908562983086588
4073,25.2924260709181,2.9808333411984056,2.0151689290090817,0.9275466470616068
4318,58.267277702638076,41.55102627305722,1.0814824859656844,0.20576013387391479
3380,4.023026367519438,15.857197155969477,1.1085691529363746,0.9620849676336856
2683,11.769633223229821,12.544258730746671,2.5769208528869365,0.9888705220306305
3432,33.54132004872709,56.35934649103374,2.716852672258664,0.2610343953980736
4429,7.209298150264683,59.941540672640805,0.12366198139203417,0.15372570286390308
2051,11.02866120785524,41.46568049238645,1.7591693379527387,0.1963059251302165
3754,46.479626566806715,40.986395395407754,0.8999064096928926,0.6340683394572306
4726,26.678736635515452,26.187445306468298,1.6717068013409306,0.34903599195795865
2641,48.626845022823375,56.19721997417991,0.1479850525613058,0.6373923391723465
874,46.60122496094129,49.93566963791975,0.6976112323446249,0.31214378970115364
2576,33.35013520949482,37.826771012731534,2.30807275908379,0.8816486374518675
1321,30.27297207542745,20.62711691151224,0.5722146992673935,0.7901728644863374
2365,22.099840414256857,57.997770399207646,2.2117948568597194,0.45918841197449367
4208,45.43506003650088,10.014282765745948,1.8748187602628028,0.7760481530382062
4902,10.803264852591148,31.51677110661221,1.4860143070679503,0.9787317591712791
3650,44.938316200809226,5.079103279476184,2.4907620082631268,0.5942079556892433
2709,17.285408657248908,12.26519097830196,2.2249904467129213,0.04780135141571806
1431,3.0985468567077423,2.451775334916846,1.5903921599031152,0.7228730090497333
2804,23.49213766224939,14.527897544510619,1.076077040698459,0.4868442033075263
3268,25.151894354383472,41.426781645152595,1.1193932749474687,0.08499592508740428
4977,38.11861928953119,51.03947591220224,2.188777110506929,0.17694590286302703
501,12.30759987357757,15.478098968114423,0.22109103685529785,0.7519570673212305
604,30.885107953843807,24.36157303550369,2.107801921382929,0.9522400522628465
4388,25.958515438862236,26.233411785871418,1.367636339664125,0.834280884616839
4018,27.016202300481662,44.87631012060265,1.7556444611018336,0.07573370521742706
4180,21.98652689113294,1.8538140168265804,1.8240164892255046,0.7528433533843203
1033,49.8438063623632,7.700984836171338,2.203476123715179,0.4777387263278171
2618,15.752885534306987,51.054948780239386,2.4308585299383445,0.7822487459086087
4997,7.640280853552119,3.0879535563631166,1.6037931850514096,0.8640486527424729
3364,30.06902222118024,0.08807836501837141,0.8643481798879931,0.06644630390657502
1936,5.70138955920404,51.76272737048391,1.9152317006264896,0.24852569341765862
1983,56.49056288389003,38.773051269548944,0.18666137295760188,0.4155541306502317
4190,17.928389192779814,34.79121378970941,1.8552152964116246,0.19714289295315424
395,0.14613611000174664,45.134909055674456,1.631578333437267,0.6184018181381793
261,40.592066568606995,4.348449457808878,1.9218483030538398,0.13765115890475055
1609,4.998920294505544,3.440234703851861,1.8593577972637791,0.5905235310731156
238,35.401389001447235,50.53058031138021,2.206766772616955,0.05991336187731244
1914,51.38234428030969,36.16404309715293,1.823606186699585,0.8835167151401394
2446,48.550260408157285,10.1338143320193,2.7297299930040793,0.08130206563949272
519,6.021724796745358,6.628060589939442,1.1748465991433954,0.6515552229685476
1029,2.895395066509554,56.69628484387289,1.6052472524558354,0.4740226148030441
3584,18.5892163299197,34.96211994642169,1.4674590862028358,0.6052496009919556
1784,23.606842062228377,58.81680049167641,1.3800995348024345,0.21325542103158468
4256,42.294841909424534,5.354458110393496,1.0420013046850158,0.4230206140826388
3962,46.810412840629,30.05616246075361,0.7153761304891246,0.9630569008271656
4362,8.08081105619975,24.706817728377942,0.45791201890570843,0.5932829079171948
4467,22.238351452456246,15.026639412263208,2.4688192582652526,0.003483792172234379
4394,35.76269223174408,17.08052256445831,2.017104786222226,0.9861836003099441
4912,43.091236907832744,2.9154096544415475,0.8865875356780079,0.6842841722658317
4212,40.99775617071588,41.9974598627584,0.8774444789621657,0.29669354971882156
3754,17.948881450865294,46.36650287793886,2.2153867246209114,0.4385034387174057
3330,31.62250244554602,4.302062857392657,2.090326926926025,0.6286010547235112
4960,24.735390330336845,34.95100463787543,1.593171560723496,0.44932503117587985
3596,4.269325864145371,35.070380528944874,1.7615048897249401,0.7904444837903981
3334,10.45464447258825,43.896491445432076,0.6367953198469993,0.413856310578241
3765,34.412738896384305,57.26781433956289,1.4402026324474144,0.2520761396581712
3105,54.58888800479655,38.24219439832015,0.6935182152486332,0.46166719893348296
4934,21.290040453677037,33.72467369538192,2.491181914783853,0.6902524110964832
1534,16.770905071162467,16.899436361426883,2.0337722570993186,0.5229841517001859
1775,6.26474526597431,30.842400759680256,0.3954716640419609,0.26677642007956937
1780,54.022137003789496,37.55817640587605,0.30756176681697656,0.8091200531532774
2511,7.40810184550358,12.228264565297621,2.2580874247055296,0.028471653971592903
1590,12.270994056612812,45.460540215157316,0.5061729073178337,0.014689122264240129
3736,56.24701565878153,2.583792976541346,1.0681993877276517,0.16264287084569995
1357,13.681226437676688,45.73256009303393,2.2894417626806853,0.11554646821060732
4269,24.62049128827674,55.35324416330538,0.945528003623436,0.25996311887471013
2835,15.019903385413393,18.378303151559702,1.7638232462608463,0.2928529323124752
4858,5.562881577090854,29.51385017497048,1.522297058710536,0.8472819680415297
2506,13.611253717742288,49.532816373076194,1.6624403579638494,0.1980531271231284
4829,45.13257431016066,48.997282665924075,1.4632770681978087,0.4116304351692459
72,23.49677284936048,18.40351243574961,2.066325533154861,0.6039494846400804
2390,12.833391780720477,53.38355613931363,0.2902194410578723,0.2650437981905498
2515,42.01945048635186,55.46454390000295,2.7290179198404645,0.7404726150191521
1840,10.586306496302505,51.916982692672036,0.48993612461295755,0.326899980237056
3264,15.876306819509981,50.71851531891672,1.8942875181158692,0.6128063810178268
4644,24.888265867947307,13.945974311785388,0.2146322900119521,0.7710354189767396
174,26.22472702096384,28.40321959032272,0.4097003889006423,0.9140202603688533
4447,57.15226488839803,19.426979760434783,2.4450867764468165,0.4104704371012212
1541,56.27446234334177,47.78897266818316,2.0002477417692734,0.808908235820103
4992,41.48851543593999,25.61820212227468,1.2549624891353526,0.9393115441327115
2263,17.81544752929583,36.82976570027423,1.2489759374459555,0.7729934443860017
1593,43.839775341431604,36.020789298557446,2.762118705988959,0.9540360945753054
4537,32.81984732202705,2.5695940377886295,1.9199294126370572,0.8041768153085815
4136,57.12841345891304,25.77961901511997,0.5289991543814734,0.11834847238349167
4745,2.8713863232855585,54.46819897491075,0.29408067557867534,0.7837243379988349
4099,42.56571679382096,37.11928729887732,1.8511776147663785,0.8382968105141569
570,41.1419494433973,25.589329930318833,2.3624925936507677,0.23071146085403382
367,4.229356005752232,29.652035049384512,0.6552901420676045,0.05740608908012157
4580,1.8098379351616245,9.861252841552155,0.44811178144459995,0.3541232443894672
775,3.603020780260582,49.41534475854979,0.2280557920883406,0.6427586127151492
4090,56.7961432409245,24.385984404908186,0.7756101522125519,0.08113421829147449
309,30.826491240473736,18.76965736222718,1.1756301527118915,0.9760562108944248
2813,22.388974375364565,5.303449580203954,2.2092459055991687,0.009070049241937217
169,41.31739059879498,56.26380586533064,0.5643036767680296,0.7728301003544704
4931,48.835378676729405,4.690534745515804,0.7219630132009095,0.4999545679318531
50,5.5600857917080715,18.753158627819893,0.16609261498439484,0.1281362852182093
1405,34.31093947300482,35.36385974336294,0.8181735357237254,0.502460519538971
1570,37.75399693117394,1.0100448300957243,1.0556809334911375,0.4222827333229594
3078,27.42871071153772,40.41778028940949,0.3820840304429137,0.9932850081494198
4737,8.642241404885569,11.60768945847713,1.3432415397080986,0.07487076506196877
3022,52.177430981937185,13.990929466290678,0.6013280372986974,0.25971198553687913
1908,0.6361196165108196,25.684207929451972,0.17590026461169567,0.26267706598934637
406,51.44849088916454,52.55793564954876,2.2834321756217966,0.12508759432237504
1099,29.817997876732164,51.04460131025471,2.770571945386238,0.2137124867875111
1432,40.01418836273829,17.981871773223002,2.420178031001919,0.11825488253042604
1173,24.26213164038954,15.770862349518355,1.3030704339809016,0.753339556433376
3805,23.069606662056895,34.079704101875436,0.8300780452671681,0.8680127163857437
4722,9.514227836036708,54.96221785639227,1.610846516188008,0.6413999949909287
1303,13.387971286373116,31.57235541127561,0.9929703512032582,0.6042096771900973
2505,21.734519266099465,1.2569055706332488,2.799856131058857,0.9737776809437642
2681,20.744444241243304,1.936099971512828,2.048327858583352,0.5164049137766087
3975,12.323408741878392,16.640372482724857,0.19347274447534601,0.9044115109833825
4085,56.22398462988589,13.31221862161529,2.0887458448272804,0.6412621922929642
1336,9.609612408950252,8.453856819150712,2.686828529622194,0.7372960802190721
3721,5.492651867236917,38.89492655612197,0.3781875539209192,0.33173722707539544
3795,19.27216703417367,56.06772634172199,1.5227377360004253,0.08863319677442005
4288,25.676961646059166,1.42689051955466,2.3665312334514943,0.4315889092114845
914,28.439735688015126,21.122917761600142,2.0861493840165792,0.39779545363212854
2191,42.190620837345996,52.29840837366529,1.8937577556983707,0.37726599602001465
2500,28.14361494330397,16.81770239464793,2.1888450562727906,0.31142929574938794
2009,36.285161280077396,56.61960048478304,2.6430772019439974,0.9453373685299054
2824,39.02342119159136,21.948842221410207,1.5842401153716197,0.675398398538312
1799,51.237683125454495,35.652082527062795,1.1201644101370571,0.7334834979853407
3289,13.252155074550927,22.4121232559594,0.9249124827920151,0.17929603598521615
292,12.551494515680355,10.171411126859349,1.6011839753450963,0.7218475483081926
4612,10.21396343812115,22.279663525624077,1.7162877133737255,0.7877212308354139
4172,52.85662646731165,44.73850680168482,0.35744356211608497,0.22498811288956244
4157,33.42434364759543,38.778796343446984,0.1300055382737393,0.33631269023659505
3068,2.857582000411716,46.62150550384345,1.2011615453494775,0.6645736979186999
4451,47.75477670593651,55.46973837417384,0.9140773801177506,0.42090130705878925
3285,9.792856070953526,40.175462521752074,1.6967211710724812,0.6908521421630555
1513,14.791413219914663,46.90671243603754,1.184506768779979,0.1998225347146816
1477,12.673894493430941,2.8814962481309503,1.326392922968224,0.8186779191183244
1773,29.539567468815903,17.29542268338436,2.325338708804134,0.5292827186412514
2529,44.871658532487444,26.16943324460668,1.081842508272159,0.7582991249997745
1068,42.4683220615397,46.94225131788055,2.294709855187101,0.8041509886992151
3133,40.03203475256815,47.26148498366362,0.7257276336308132,0.076253374114021
2398,45.37344835819622,40.62449677141201,2.2304905416151026,0.19446357081033172
2954,19.884223334525267,21.41499863088633,1.2702038924373062,0.9744924049824099
286,4.858086789078961,33.89513646234263,0.6803000064087236,0.3486747628474448
2294,37.32373162428156,21.560579019074236,1.161394653432592,0.5052820136336784
1249,7.60797525576193,30.115685115651658,1.0118226521780869,0.12329505478623282
58,57.66297440974834,42.986291742061546,1.350781249023978,0.031917830330776664
1073,52.484943856141086,47.15948182015675,0.944212485759508,0.8747292940679382
1020,26.994501175131834,11.927184764469184,2.7669348404692764,0.0027801512300014153
288,36.66454724937103,24.478554165563747,1.3445107468457365,0.15732195614154
1911,45.26405224802192,12.436643158269225,0.34791253578901166,0.5088422807441407
2577,37.266972226141526,18.930396410355513,0.9816410222125311,0.06210467662203312
4478,52.227006176526,46.86984260709481,2.225629460339731,0.5338261971137209
2870,58.1122161186452,1.0246648130662983,1.930937349751018,0.9300103519103899
2059,36.71120786928707,59.184729200670155,1.834358848879461,0.35090311568875443
2402,26.719041252720736,1.5559236887118733,0.5276105274306021,0.24261272684521717
3121,25.841582634705734,26.275656228986996,0.16129827776971953,0.20953929813639194
758,3.5111201412467707,58.488836239424536,2.1370080308942874,0.24550357311387483
4959,51.136323024402515,24.443575334645452,0.7607293307598297,0.14257130667517903
3797,39.49991717846993,40.82798562858264,0.7556764626675783,0.9643256033245142
119,1.4032999934278245,49.09688800170613,0.8916373584975997,0.3629566294370661
879,4.034585704886354,56.50670360853149,2.0762851475578015,0.5623906199076324
4389,22.582533312858526,35.45999127822246,2.7127569265828004,0.3873045194883399
2068,54.12741990357197,26.127827870855377,1.6582676084783394,0.7267567550381824
4938,57.955203816879695,16.889296457642978,2.6495052833928145,0.8505557868382381
4810,59.19977605793557,23.223665676101568,1.6842645552547146,0.7969703819314006
3014,23.261230599611217,2.873695270561867,1.611438262609977,0.6512923211284763
4097,28.113885085156713,7.471060467411701,2.785579464726455,0.2678401589798052
4334,47.61932734966327,44.439036050343155,0.6409938732449859,0.7527725570136677
817,22.99136476240013,35.42267457000183,0.9616832449525187,0.19320781836174072
1622,44.456076738405685,58.12967366221024,1.5731747959995552,0.04267306718350583
471,11.578317248057994,34.37898222618536,0.15024548215074945,0.11351813293174118
2356,36.18510944904501,14.317849618286813,2.3805393817023925,0.07851463424856508
3589,55.531952713068414,47.186254795833456,0.46996697725494696,0.37823659279817523
4646,59.30059784377997,54.84422202546031,0.8350591817648715,0.5425213983762287
1679,50.681391189463575,32.27286886747634,0.48362987323992723,0.6391388119275737
3807,11.785054307996926,15.613371453878989,0.8645966662741861,0.011133468064230101
3212,11.710465650440456,56.385360204733466,0.7136536258404136,0.08309264696062935
1135,16.017155116530862,54.7297298470031,2.0449808936370353,0.2719791588923939
2764,29.653510507708912,48.160738218354524,0.7809116414374128,0.9840654118776196
363,52.75037615340779,41.26009316549231,0.5637260078223203,0.4934799894350719
1835,5.711484266300677,27.57511229187482,1.3175741126438696,0.30233299730341945
3284,21.59525995751199,21.37074069849312,1.9220714496223845,0.4854187754038548
2682,41.285145191897016,18.09361912861474,0.3357191176692746,0.17925057327753735
2009,12.573305549547404,11.406095662338554,0.2743900356023552,0.5102188297300627
1361,12.3804523296122,3.278143948986083,1.4517114191594103,0.6964060310901161
752,52.67672392508612,59.015036735676425,0.35684001969761225,0.5588990588289676
3985,13.017421033081817,44.55233833617329,0.8319369521177509,0.30459105563523403
4650,33.838880025957764,8.630859813971416,2.470472829377459,0.3148617267073449
1946,50.20347612485382,17.037512196184036,0.15311143821245643,0.6051953387195492
2602,26.49053190938094,52.63668082940248,1.2321250276280207,0.7720523478696413
2828,45.24206296971133,17.027580417467107,1.6706412170200242,0.31637036026686827
2225,47.076724993983184,1.7724201479057777,2.6024349426016884,0.12882399724156612
4865,44.86687937320106,59.104751453465894,2.592204406201867,0.905128323405321
2111,55.943500297511356,25.255098289929563,0.7280129680111543,0.4324439386362947
2202,35.92730254579669,35.60825456667252,2.75608118952907,0.5181911715322381
2624,41.93489638566451,16.292221537011628,2.127464544895111,0.5148536652244197
1075,20.996719331746363,22.406761769110084,0.17990674774433235,0.9937760071566705
3882,35.35035239124564,3.0309011340379155,0.8435483503711249,0.8556214754587543
49,54.56886371350466,32.83569705555526,1.5783442069738471,0.455834817985206
1512,52.58173077341712,18.213626152051262,0.8488864626008661,0.5842783317592589
3776,21.02489252953231,9.071260564192249,2.3392131277751433,0.21450546134689286
153,41.16039214473087,6.9901614596746136,1.9746461183579398,0.6333198752136561
690,13.954458023670853,38.806620352877566,2.60903347750994,0.7615017101069221
832,34.62753038621304,10.206562524599523,1.6223397366992849,0.31234399915488753
1898,31.731676720740488,29.81359261861095,1.1363901826509042,0.5896788492077506
3004,58.382940308208155,29.436804319079343,0.4917905511015739,0.5947045511999052
3407,6.107445054116301,45.36831995610932,1.5142015940206808,0.9213376411118546
1184,48.69631998277896,35.92310884175028,2.4513330180219617,0.5768855979394069
1894,28.999317937367476,34.366009956109274,2.7495750027567603,0.9326548991105151
4506,16.573288592601504,12.991983622956713,2.646893220685659,0.6379988694459984
3231,35.384905385108624,31.73442614669525,0.6487292755467926,0.060157049254782935
4343,54.329595972061796,52.027513744235065,1.5802938186590132,0.936668211486135
1870,49.11355692795177,5.406142134854324,0.2820574443676659,0.4565361580464762
4451,7.5629885963261145,50.416423630393815,1.997131234783669,0.6061303655702832
4946,55.57787405727999,59.88804656197635,1.9754458977031353,0.9878043112200672
2869,22.95208222522601,9.864074532267864,1.038016579610638,0.22614769536786095
4485,12.619996050741095,38.436088146244636,1.497568331231574,0.25982449587392387
3688,39.66374443963019,14.173314453625942,1.8993377322419152,0.12150241145216123
2364,37.761178728135306,46.086299046627765,0.9393760145853927,0.3914735419224088
4387,55.07485495862822,44.769182082045454,1.4727085557821429,0.23005427975121961
544,17.233290796693513,52.254487714095234,0.3808638200825307,0.5940518772488455
4470,6.122626800863804,2.8555268256695676,0.8844201839021013,0.3062405638121011
3254,2.263274628891705,47.581801837890545,2.7431992373910603,0.03591852917601779
1615,23.55060459950109,6.821129863316562,2.436299011193564,0.4941092235442768
1215,30.631050915379216,6.598574523696423,1.601662925147492,0.46670691747388826
3005,40.43932671465306,37.24266915105023,0.720453227991115,0.024963646645852933
4405,38.11760173336711,22.894027879838916,0.36908221854323797,0.14351866535741797
857,6.666201805164464,29.06535211329058,2.066751220402019,0.010674032726640248
3694,7.266173324074325,32.82364212466861,2.601296914572118,0.9413470175810619
2795,27.272987876555078,6.028602210373924,0.5850415861196921,0.07514015768370552
1045,23.42795630831449,28.915734623206305,2.4511306766809136,0.6971950466528845
4198,8.83596536267813,49.915484718027,1.1381594887483923,0.7211483869601594
2505,8.836852954812526,52.895272069370044,1.9209776061420467,0.10827483352643408
365,41.81584789596894,49.87551725761567,2.252182398455009,0.4335507808260268
301,40.62754388441192,52.378549250342665,2.5923429114220795,0.7049033165115884
3342,49.58569057826166,51.483758821646,1.2907433346352286,0.6855261919880833
1639,14.863093370581609,40.59329444262174,2.4860604971827893,0.7117991325846478
3900,18.70419489002489,56.30703386461504,0.4597425777599321,0.8630830405865623
2239,5.916778312117589,11.440210243030924,1.139768932887292,0.9760047968070755
2934,54.878865601526975,12.021465740402252,0.46177173446164177,0.46993805211498285
3400,41.2127572938584,42.64740161271248,0.21699301980428126,0.03862670335846252
4149,40.35170329528975,49.22256292950154,2.4054912049688753,0.6411350997573061
4391,26.712293141569326,5.692020243248537,2.2966802720310575,0.33247714943080053
1296,0.3046234408492121,29.364808735472355,0.20658738020783762,0.4189716078124368
2813,55.28839451700231,18.942709176058358,0.23352278855370165,0.24447766071895183
3081,33.02410586088194,55.80265941779919,0.9217271597709563,0.47685238282211206
3407,59.47870690202448,26.014088392165167,2.663712166415948,0.020773885664905012
3097,15.61339053710989,33.275664420939954,1.0948095392605763,0.6216639679208674
677,48.434047606857206,45.87575931238069,1.5085147827407286,0.1333996525295973
1890,23.39729938865714,36.57053940080387,1.2582897037500356,0.5675900002577108
269,30.891212024812102,2.1272873462376762,0.6940776858623904,0.10549781398311042
2949,27.139703793391096,40.08149991746302,0.6180771509173291,0.7792958085673538
4395,16.13925275112669,3.2495580603099716,2.271165231327469,0.3440087652888614
3118,18.439509675129123,45.4464632485116,2.128336950651689,0.3546899925933499
1275,57.79174833597135,9.157869393743853,2.038201533091127,0.9702787865451916
2067,51.986227717268555,15.019957492499165,2.11526089360463,0.7519819729289459
2482,57.61333045070774,20.738229781307496,2.3977545342134174,0.28782979589202917
3819,13.299266326796923,9.650374197697925,2.318951628006172,0.40197786123760704
2964,7.934680420443147,57.81727963462619,2.6225648619687774,0.9358271756140469
4671,47.01108339243709,55.846480610297455,1.250466951795292,0.9900450869910641
1233,11.934618281369474,41.64365545224157,0.9955215285599892,0.5059166474593831
4440,22.812467827444596,3.538431239633626,2.5500117183345132,0.9775681726761724
2041,48.00006790555179,46.12981039905641,1.2227301468410101,0.17787500562130887
170,37.72126646381338,46.607396858076,2.3321993673943253,0.06157962851475063
4366,50.4547809166922,3.0507288755223216,1.3804481512405973,0.20751263260995811
3912,19.922667317053026,11.38399154529598,1.8087323613133326,0.5344855868248547
2854,21.011471847650178,37.38190216745269,2.312447885086704,0.22062376720926302
1805,52.17328097460409,24.366391000498368,0.16392831252584514,0.15666771171757843
2754,31.390448607127727,23.405380955253378,1.6326303834233813,0.5336310571870712
2770,22.366381093651384,39.391876519143025,1.6184120340760157,0.7326745406128294
1395,26.673336437008818,43.80871698525099,1.907925218796521,0.20462246796094974
577,42.77919064877693,46.322796796103226,1.6574559439591745,0.5665930503017347
3380,40.7571815565536,36.3164071803562,0.7072267043325452,0.5923167694200906
1959,11.373157976985686,44.463393571367526,2.118207523553573,0.5906632829238078
2295,58.30414911234291,58.89733359954626,0.9897970035147907,0.8480782504075621
1864,51.46691202434481,51.435883734139274,1.5904607212236581,0.14694758580974887
2803,25.91381038417233,6.0325187123183,1.813228492784219,0.001470865191532278
579,5.352797206742316,41.66833666624078,0.3917034826177641,0.6166727234616066
4846,53.21879490029303,39.54127128971446,2.1202157090997824,0.4103761331655599
2098,26.674471788662064,42.73519470651604,1.95990316008926,0.18056419774746557
620,38.20467869613334,30.290951820699146,0.716276356153079,0.2703655303535075
3827,10.335073928084222,23.093809354033436,2.7376192318237615,0.999078964266401
1191,9.940899806199448,41.885193293926754,1.1124478379861606,0.4372681883784607
3652,18.814735060964455,41.750043233220836,2.4786587775930427,0.6962457610878494
1084,44.87934491853295,36.17859616671842,2.296524764645935,0.6687410001629301
4215,48.838918981214924,28.92124319471661,0.7124707529583558,0.3517582722917454
2576,25.708395270307065,36.55523957078161,0.3333236158602006,0.5309998333732925
320,42.3741869330144,49.21510658557637,2.2933420026354385,0.20124669219069524
4349,41.82205217694622,49.36616718954283,0.6364696795097274,0.08849349257661732
3608,40.798565545683005,26.528123349228775,2.220320035919622,0.6896974929453935
3988,9.41168124721467,5.1325532526416335,0.22501246991959825,0.438373755276674
4434,49.20593956126908,10.997477806746708,0.9305670784472578,0.5317666561968731
1478,18.86975410447372,32.71618442521611,0.21897232012370757,0.5953735596750602
1571,49.75415179707935,6.781324821469667,2.1122768161253345,0.5557577545822727
2325,44.26367167910868,44.39444067030023,1.3845613684579627,0.9615798483876532
4293,53.63389024419188,15.053045543891393,2.230224914340397,0.38688065020264817
4525,12.146203773047784,14.407958494230497,2.2046286052793347,0.0801358852171371
2088,18.888453961991807,45.03944534880488,0.33453249258794715,0.9033709616719161
2252,56.28123158167344,42.21549902066644,0.4297794047525063,0.9971499741104449
2960,8.13369378271748,14.410068894907637,1.4133529735717203,0.3878595672555796
4172,38.42871910275885,5.66688709057412,1.7041733333822406,0.6917240540064241
3810,10.704383887781358,29.888984770533057,2.6146535975254204,0.2222165279765903
1159,1.6821468673842888,20.82306560611339,0.11605508012929078,0.19691413671482583
3785,21.049983088929494,34.19704487217216,1.795381994451147,0.9687814561743163
526,23.87966479392511,43.47641091058666,0.2545175132454657,0.570947165984903
2603,54.52877719299085,32.87351160373958,2.0592685402427224,0.9498988007857934
1926,26.96318896790292,51.72949121965854,0.5926588208289405,0.8778701287135208
241,19.09370045433996,29.477642714315092,1.3886167468542636,0.8695732552815281
4502,32.64366327954331,3.147803677950336,0.5698297554583515,0.5100418337628339
943,4.921269016572396,39.54120862827394,0.7441611861570127,0.1846985825123001
4057,8.274553879121122,44.21492487103698,0.5587645482403217,0.11049747269743637
2212,55.39381059322704,15.539271305654776,1.3298578420271894,0.6354684091564783
537,46.54160436962247,13.968209336829972,1.154752803577759,0.14279802608159609
535,57.51709206767524,42.554638647436974,2.689059886007708,0.36471273233402346
1405,0.3154394274433381,52.08109947109066,0.7738565654769693,0.15185445872472447
1221,55.165057846748105,24.198049294730517,1.7808336071865412,0.7673167284068932
3041,49.9139179473221,41.15179078901549,0.13839753279379474,0.1641220870965423
1377,35.15510484414288,54.52127095260141,2.1408131569105153,0.9842528716581809
1848,58.07770686309825,12.414675885431194,1.970745924915421,0.9835695236722388
1223,57.43289536851568,30.341239053599793,2.668924111625752,0.10665433534252111
4025,54.011955307565856,17.605549370035437,2.615568708996737,0.44966333032431227
3158,0.1020050110353754,25.114245251370864,1.064194212603969,0.10364868322225662
260,32.59953313939465,13.682229153868779,1.287403320264729,0.36191620526655555
1476,56.85482053294332,37.5777807704567,2.368099686406755,0.09716960385936857
3825,18.099531253686628,1.8744508203989252,1.370261442763456,0.9269746776791259
3238,45.35669029934354,32.397253558540015,1.8352946123088605,0.5360577670970745
3762,36.741988001301245,36.949817111154864,0.8294456280154634,0.38090493178596074
1659,36.50373085033518,0.025002830360656425,2.493621117608697,0.30034815556030103
4672,34.28326349468615,56.09362578226094,0.7925827558044019,0.31088255839870893
879,9.22837699597532,5.559087146142117,0.4476942123408043,0.4227607317531764
469,1.033948469547441,20.27104462567664,1.1822960356623589,0.7574356701889687
1752,13.55351312803423,29.11504732628813,1.6127425465447327,0.39264933113778333
4765,49.24048067929505,49.88034975909355,0.20280911132036467,0.3031507804292334
1,4.239589025020938,37.02157926743668,1.5408637161399539,0.9260221973247061
4090,2.2367379428700773,11.250435185071865,1.2924932263059001,0.43707334439363676
2119,21.31815177964785,41.91247636062356,2.6007238925232636,0.9299153142820716
2010,40.32924169881453,11.819005650865126,0.3438807318707944,0.35981543086205836
4305,15.5108218817021,25.11413871690177,0.24750997521426857,0.6359631415132202
96,43.243398379988626,38.872025358952826,1.0126857166052396,0.6411213223840013
2085,47.440474340613484,10.540082928016846,0.8799596065258849,0.030420747261248327
3466,22.82135731892049,50.51111701427932,2.464390874348708,0.4794097953007953
185,48.2359474036431,50.67536194099907,2.681712720859111,0.5683798778215547
1392,20.806542292397793,24.798292958052098,2.5693079204395315,0.5341624232248725
1443,26.741131739611205,27.166519346713848,1.6759752293920356,0.5707413148026534
4901,56.50126279362876,21.541517197263474,0.23536062939339417,0.15072992531968943
1267,44.71144796616539,10.076610936439002,0.9706991531993261,0.9078186557192938
2391,47.761544408178736,56.44517729644257,1.5738506010197615,0.9601659070457359
1346,59.597840864067976,23.532286676015566,0.549756035321151,0.9504669194035315
3413,24.2272510666135,45.77363563276602,1.4463554365800226,0.9554194623648844
401,4.148205364017321,23.449705614202458,0.6693636430438604,0.7420129379128966
3172,39.01787432513628,9.938774652198852,1.3248669472569323,0.5571364091564445
4161,23.03407797046104,55.18721052689817,1.6073711826659078,0.6871271877568842
2058,53.262880502775715,42.86803826456678,2.5437910539927304,0.7216501907743863
3761,58.212486481224175,42.23891651394361,1.3966871299369648,0.6701419816183749
2903,30.06660149273047,37.496817041972804,2.3098220378765704,0.8257222602797782
1804,59.043647228012986,43.444552117721756,1.533259398461363,0.35054344455337993
3108,26.329125791907348,49.161086162326264,0.4330802851329194,0.852628363787315
2673,49.35443551317655,12.093573954697996,2.5211016660426635,0.8136650434241571
803,50.58859113045267,41.39542491777487,0.5010938917629775,0.21582183116659048
1445,47.792170351582,44.42849746858218,0.9648588302423232,0.8464692394571857
327,32.410708663214656,36.92738233041336,0.7875770472923934,0.000762715320620222
4395,59.40160247101837,51.7406538177357,2.0933866503734824,0.9335961513850376
1697,38.57667994981463,16.19667504917145,1.9957969031904073,0.27201858466251394
4387,11.62609066533918,33.860761826199905,1.441608965689403,0.7293321194802821
4901,9.114955115007433,53.19874863934534,0.8293982608897112,0.15225153897336186
482,24.629273095821247,7.08970701331701,1.6758533872796966,0.8116277960478622
4050,27.18473115195064,35.78328223651675,1.3105509869836807,0.10035807637247762
3020,44.64093710274295,51.73691113147616,0.387006754558308,0.35041357893217007
866,49.80645817922811,55.2091623115224,1.9182813259951357,0.9024888714227559
1480,22.527013626583773,48.34706487398948,1.4726347541939915,0.24508814819622982
1021,38.04222632235124,12.242537792766598,1.4826635487287019,0.2788518683296989
2369,15.440162926285794,24.811651644930237,1.7186353497743567,0.7994506518635669
1758,9.776652149280574,39.84272075210881,0.5033104245628205,0.2865450316554401
4590,33.95639209142438,28.457280614569463,0.5874620623132897,0.1765962187716439
3422,38.11026992728658,47.45755099874538,0.7001609473277861,0.08388543087824762
989,37.20170792786434,22.411589278050105,1.7706521140844118,0.8064728845115745
4333,0.99629744891371,27.118985211433905,1.2588836816565696,0.7657756180139772
2693,56.426010796776126,54.62295200589683,2.1960604702607887,0.25289486272981565
3981,45.361763522372684,17.221921898686013,1.4916964365942669,0.30343890220839675
3443,55.06860690578209,29.169674856079858,0.4482837638302969,0.6730483418108434
4059,59.93866083214876,9.803319005122411,1.5709874561060575,0.2016974741040506
548,9.139912443239924,57.12803132578222,2.1544774221548444,0.4327144942824813
2499,37.06201688411699,34.460419903258675,0.5204331750290967,0.07137790914699038
2826,9.036975613306254,50.13002617951613,0.6748656166459807,0.8891139455154801
1986,37.96928274013564,2.2924557953943547,1.9508462095717491,0.910206874709254
142,55.72337688222427,38.104278362661674,0.16807504691269687,0.5725045744353012
2489,35.091130676840734,57.68637458416862,2.309204472136466,0.06948147856345055
3518,6.360488750370621,41.592204579008026,1.1622528119379842,0.014695748153693233
3458,41.68807258575596,49.86160139910704,0.22575715514673567,0.43258468481653856
4020,56.13533243562975,4.637191119028206,0.333700959503045,0.21070332388718038
3789,51.56902662280076,15.633078061774349,2.566392144522485,0.5345377392871196
166,56.597730892999984,20.985085088459513,0.4896016718923061,0.3674884341292449
3053,5.755254530623304,29.34734207293118,1.2864254662707542,0.6583535001963862
4493,53.99769609276317,4.694495861735102,1.6795602389302449,0.651288721502374
782,23.05692431622594,33.28325162392857,1.5822087730297145,0.4716621465399903
2073,12.360750533869943,34.35517618949416,0.9926035747095993,0.6431309935718506
4265,23.67840989280718,54.63004883705628,2.62178824160526,0.9546911074853687
4041,4.993193796588427,0.7674019636800633,1.0283236989606899,0.7499934061572434
4933,17.480864986556714,11.170382737713677,1.6844791588417474,0.01899553885233307
3833,34.081275919833296,8.018620794004125,1.115328587896497,0.9297333640889459
151,0.5029871302959954,42.84007432038987,0.7788328333983214,0.7248507186111339
4924,9.617380440176735,29.805762232429704,1.0021662989663598,0.7245949107820909
3650,10.053289497515806,58.522839450683335,0.8066307634205799,0.6062752482562077
211,42.13194191693922,10.661365422969176,1.777313961410058,0.17311097216089932
1733,48.76603605706607,2.9637025698337505,1.6120719163800086,0.7385048273382521
2471,32.244828907805825,24.989444324742113,1.7448174402804593,0.08138917657497524
4039,53.728932151039395,25.240410692734187,2.1264932561536374,0.44683059425355776
4326,6.9907407154130485,32.53181040145712,1.2231677271128976,0.26549784364749973
4204,54.766118627374325,15.484240957629096,0.4343006845543864,0.1286426183415621
2357,48.67032512328484,59.786819856469684,0.5455803271484779,0.6087071212127846
611,8.68065973389962,42.50682746666284,0.18786363392497546,0.32623801311727907
602,21.710411011743954,33.67346845237455,1.8313282148290635,0.0974523291092837
4941,19.316056421941205,58.63375040172484,1.3984113970020768,0.5919781900050543
2505,18.311672484478844,45.34814965769715,1.29305505712117,0.5003500957592998
1475,50.8505578253948,45.63222538133341,2.5671780535456854,0.4362382406154889
4388,12.54666119091176,2.436116508063675,0.16417768109330683,0.7934171064431351
2042,19.391362966777823,46.288532307294666,1.8368899430546117,0.42004617184302606
1053,10.969450426716802,40.91977635184595,0.13526224946676574,0.492677310372882
4876,37.151449100074394,58.41453276313846,1.3820496358156629,0.5830549874565731
554,33.39696518629637,21.588210997168158,2.3649583924827136,0.7422729751090557
655,50.53563465002308,16.2004972520455,0.46135022654725977,0.5648878938384259
918,48.0043718226754,55.080132982280844,1.3886807376240975,0.9775875332768708
1559,55.1875725576101,19.079318276290035,1.6611151961852209,0.30715219353420853
436,26.211534538106395,12.027852991040708,1.2016083536504751,0.23607559227504693
957,17.028694935186227,45.629290498179856,2.0917300738007834,0.918189096629493
3453,40.25674861490147,35.25023612076992,1.4788266331468047,0.5226296656141481
568,10.721241533528229,45.85891826904397,1.5346040809116275,0.8724838141608456
3670,11.69276689268167,49.34071125912962,0.5639844893619368,0.38878664358304094
4052,49.218493425422075,54.983605517193844,2.3126289948029046,0.8828191425338205
1892,44.29545095484506,32.2055705948895,1.7752590282157323,0.5423925439693031
1251,8.336038772997254,59.31409873340522,0.20281695649232373,0.28856025932656515
3882,7.692901095302087,17.95469937474581,1.750654839883618,0.7760820997074841
2347,56.24426020709143,32.55885571536578,1.1887990759288376,0.6712205692948204
338,56.31640348165765,2.2621090718124193,1.8955940644299334,0.22179013180565554
2660,54.5097764409112,14.065244192274218,0.6493395032659444,0.9843452323800397
382,46.18091258479324,14.808221158061745,1.1222182503020517,0.5772648766101768
1531,22.190209052057334,12.985138547586219,1.8044614756571602,0.6396454080900783
3989,41.64824984746662,47.06279388738499,0.7370547832730482,0.594012747743323
2189,6.511201160820164,48.42149561096275,0.8000528146691936,0.919256703530591
4011,32.01969227214712,30.713894424240532,2.2534034702584678,0.9591849454098412
2659,18.86523299239164,29.940503554544367,0.36255317709997004,0.1812916412170782
1664,39.78393540186295,28.858122176553973,1.8311208191636705,0.48900237485886777
239,5.041251836003462,25.969338966058558,2.0428763266054397,0.1928422104096077
1290,7.4161743038281465,56.65267362120346,2.6423672522282775,0.24984331646324076
753,8.30195421247512,9.607866789789925,1.7070864729532242,0.5524983004212594
382,1.8366331659882307,33.791810226377635,1.266675556418432,0.37880222277304443
4271,40.57281021418922,39.212893509274416,0.4841235045769775,0.7502744240537931
4944,59.92918776784987,56.240485950706244,2.2576513888284166,0.9570233540267851
4957,52.57206820389119,7.440235414248082,1.407971041523624,0.22973707174560376
1853,26.032947009765092,35.77552856281562,1.1162905987701832,0.2444695999060691
3471,52.00528759820842,18.581361752775567,0.7910475572557689,0.8582084883803818
1081,28.52068966149104,47.70067914751841,2.6694138048525855,0.9034411747639809
1558,28.195578655034954,36.52534362608079,1.8934474039813713,0.11769878644692233
3096,5.614018550807098,5.164813311808718,2.3535224888037654,0.7883912100757763
3372,31.534519240833287,48.405418296693874,0.25429455506368326,0.6577044532143798
1964,40.876400692970776,30.270826840047505,0.3369050339896861,0.8982112085186638
2861,16.980849215649208,50.17971167466067,0.28906782754195304,0.6731207516335193
4878,0.7721231427541753,15.761301926923345,2.698516816544919,0.40670658491713374
688,0.0031592420049020298,7.91959222202133,2.541781701110127,0.8942497821623971
749,57.90778719683483,10.233305726285186,1.6070954083883269,0.2197930092150434
1653,15.75647170589033,25.08949915392455,0.2171943725814116,0.9715891593697984
4256,53.369624507342806,4.225576306073357,0.7022449919644755,0.8869684295770307
3180,23.14508878593354,44.98356251318475,0.3628900974760234,0.6338109004091774
4012,19.390893919586077,52.262161623964445,1.5939137222238047,0.0009154666599474615
2576,51.369877088835864,2.262136409279356,0.236040171526683,0.8154439859128426
2833,9.16825519191018,17.074172966344207,2.7254293859009495,0.6576182265828864
719,31.469047870615103,58.060829808120765,1.0483187080021668,0.9338485278288927
1911,23.222195993318657,25.410925790777284,1.7909003935575512,0.7659160795373844
1927,58.2655532158076,28.794180257988003,2.030434453649679,0.44568892050652154
443,36.79403672278508,9.666391728083406,1.9935329523714158,0.8620973329160039
2660,43.2105579496527,40.80051170807785,0.10535854988372509,0.680485734722966
3175,5.09651909784542,45.7936420200941,2.3612602647764103,0.4610097249634736
2102,22.579722921154357,17.038363515243923,2.331266499338973,0.35436270830353167
2490,23.689189934976444,43.97459282622768,2.1657707889488855,0.4210845945253996
4389,1.2706387130054386,17.09109978515246,1.916604455755041,0.20382109821647987
1619,47.080344131142596,18.13054919290207,1.5763064686258759,0.6896111173773033
2227,56.38533609414826,28.955956778357262,2.398736861278239,0.6547929073259297
1299,47.43880194507499,1.5072697661665124,1.013390370995901,0.27053791902719215
341,42.585213916559056,45.22516817252746,1.045210719144315,0.6119121233167238
4845,19.94993317160024,5.458853538956985,0.2611410956640564,0.07710633573973757
4632,18.52022773050867,20.656268211450538,1.445581246650631,0.6764784005296803
31,4.129393690109797,2.418926622017943,2.1562955090238853,0.8450132066984644
1418,8.251299913512423,39.637978534195476,1.671037826158317,0.8702330425413267
468,10.442052010783662,53.86646356894948,1.460144089538445,0.7424135655484944
3919,34.08146705495974,40.38076847256167,2.6558543246599164,0.7637879655227755
4946,16.827224955554577,51.37432355935712,2.593234121263695,0.9402589281011154
2807,28.837948437520815,32.24117329183802,2.3730607321664046,0.978226322431226
3672,0.7590256095027748,55.329265380582704,1.7235036672210047,0.13772286515419052
347,48.20917997024942,1.7276954295316171,0.5549665723209875,0.9286008645760621
386,0.12082575880460134,28.55689366434176,0.6084524546657273,0.736934552320632
824,42.45503666378118,7.043270679550037,2.7022319456797623,0.2687111265353719
3848,8.48196783691389,50.03104781434858,1.6331058617853966,0.9291490197066261
4280,13.622961600098227,50.39649733510379,0.6966145586513447,0.414443051678154
1805,7.5840015946926425,27.506095902043203,2.2931879364752286,0.020901834445655076
2727,17.744719161786314,44.152476042688306,1.716302170267225,0.14758533832864484
1852,51.955639001097076,25.62476412661413,1.4680233958616056,0.33120174542842684
3461,41.12562786709373,55.78817297390976,1.6550345010516005,0.7530512667206667
71,17.611200075200745,10.0996405614471,1.5084763363722304,0.3574083727426688
2072,53.25012900608248,30.75327141253102,1.5989244543305836,0.9109973220756243
1934,7.468574712965714,2.6282706375451315,0.9704240542366978,0.3657139257316373
3201,18.23554858213932,30.422127371050042,2.777897124919067,0.5597673759638987
1479,22.54506624385321,28.08888636281639,1.9485571707405704,0.35026694910875344
4242,5.703364295863094,37.29815209629977,0.34491713306122285,0.9061458858690506
1089,8.056560165297427,44.11137535323417,0.43563876354782705,0.10613846955499007
4002,11.074353080933637,35.97283025724403,2.7127283843738605,0.44357049287146455
1190,49.70081893250232,15.685987054244176,0.5777594467188859,0.6859108315124767
490,6.975638163320033,45.96496276156636,1.7806246266204582,0.006123974183525394
4947,55.358393697520526,45.33529723984157,2.7442556749171265,0.2636395560574232
1606,35.17295846361103,24.167850070686764,1.0986030813199474,0.8594281854475301
4206,19.636300939724403,30.90076464266072,1.1435033084163324,0.6267341650539761
2965,6.177494433820073,9.430911373046232,1.844786928787536,0.4166965036932019
1650,57.97501949072087,1.8870523701429942,0.2304616738012165,0.11117122026104875
759,49.610735538398146,57.581440933923794,0.7670651064423393,0.3651118782284468
774,37.37246105861818,21.797368180517363,0.6066615424304618,0.8618259081447595
2272,57.33685756733652,35.94547036797431,1.7445030639397479,0.6859359923378907
2097,15.795303615147809,50.25432566872816,2.232286580707551,0.9039126979751702
2200,20.055104759702157,59.69377060435612,1.2792115485061706,0.4433010332312114
2603,11.769664810855868,14.756373751196005,2.4610000085486896,0.9667179289250284
10,39.37452854002356,17.23238137280427,0.6179371444974353,0.7479728037963592
4713,3.1215548601587484,48.01253398215765,0.5530000360520804,0.32275503204491796
702,57.74704379100977,12.073931714283695,1.7901464703772403,0.11782412167378731
3555,8.75824066209091,46.59486960535735,2.428767181653663,0.014776169746322454
4423,36.89518991405694,1.4472279272511934,2.397435332753032,0.49547471061556425
2003,23.72225952834811,18.705579718095713,0.43420848037731763,0.8473007206698088
969,39.54525206301803,12.920266814733344,0.25654522395007495,0.6690992774833959
3697,5.643200994824955,41.89097785623885,0.29017473917129355,0.21736268942946824
2233,11.116767022285355,43.020236193653304,2.3747407960684686,0.01828916952122428
2106,0.298876442256617,9.154349276297483,2.1845162116817396,0.1683449858043108
71,18.715942712088683,21.312895798194454,2.2227075790182678,0.2672291261358457
4065,34.75545587286535,58.784300528827025,2.0784494585508506,0.05555483874101608
4584,42.022955762432126,4.679554831494899,1.356943270947595,0.24002492964204336
4981,39.36423207376395,34.21473734004841,1.5742182946461933,0.9874415365280585
3482,40.534510920631156,11.040893527823814,1.653083418288738,0.1921703448369867
751,14.348793051431736,56.909391161987045,0.14744687336483392,0.9560229880244977
2868,52.76873779310369,30.03062755365977,0.23081648789479425,0.7316907633848877
1396,28.70507976373656,44.33960517337375,0.7232945066127217,0.01776191203124433
2666,37.1355734006186,59.316727403597994,1.9082246909542593,0.21540759364645512
1939,10.933702064833778,54.265426104369816,0.2267626750453995,0.07982701525275038
3899,32.26517374044888,45.87306774726408,2.241936515300012,0.4950706436327491
4335,3.5347455468025513,35.8138873362399,1.9903455347061294,0.06942055171216543
3045,3.06148628056254,16.223308627351066,0.6116931856881942,0.2733763698933357
3308,57.768925117357696,34.40061416864089,2.1714782578563048,0.3572942529273906
1173,28.45465563864402,24.419412581817685,1.7393790362958224,0.6100503590232043
66,49.824791346074036,25.335092691193474,1.947856589083154,0.3000660021376671
4826,3.954643116822094,13.462702795093303,2.0104813225390332,0.17388226657670558
523,34.344641557924525,18.3621000194194,0.53285154151059,0.06011863744998336
4634,3.9001347960388344,59.674907837423355,0.37590700634777985,0.49389974672772685
292,8.279436313161707,40.769091534814166,2.624593713706991,0.8175612726522556
4631,11.598903167565911,20.11122817654399,1.4660178706351816,0.8215043669848311
103,48.87663358726093,56.31286361038977,2.272070384247778,0.2582623304775782
2065,43.42811964172593,24.213187573501063,2.4571799265503755,0.27266053010919955
2512,4.942195851802918,37.7924750224045,2.4367812095858774,0.03377607478741418
1840,53.16810412274357,0.5136025714254866,1.8843898588853352,0.8559937279076086
2100,18.20787447314295,11.650482046850232,1.582669958162707,0.9292147178805626
2390,24.870377473400737,39.63920687337274,1.9843370465041212,0.8045458452505654
476,10.105076894872775,15.716818278992333,0.25186466503503463,0.690098003980159
31,38.101197699053095,20.402604546931535,1.8400153122847005,0.3063549166158017
4422,10.510424937385727,43.380228554667575,1.0033907106561104,0.846697843281523
21,57.91842558319156,12.124710260078801,2.226042431963648,0.7907980038051078
3459,8.963417713396538,51.692011173993244,0.19872504635574173,0.5113528797537847
2676,18.179747454934724,44.813933083374906,2.625049344967849,0.6396705613638795
1655,4.699951665788129,56.77421998403463,1.6416764873373413,0.19929567916934732
3140,0.7380646529185375,52.914960368368476,1.1899461680106076,0.4384856104726571
2776,37.22114040643753,16.162265376634664,1.4725506694103272,0.4968531003253863
3276,33.27367283025646,17.642328386472602,1.7846589581416745,0.9305918088441111
1171,38.91271054480233,35.74577500517117,2.1986707877320457,0.6211715160742701
3832,27.51530451168295,51.351012940871584,2.4951329588710434,0.5005926358284613
291,3.170610366045057,9.166132770814672,0.8916819483010088,0.12438689282669435
3658,40.995234658791006,50.90598577782896,1.8254741214212877,0.7856253579647232
4415,38.320368279794174,48.70123591264626,1.3160870456585358,0.9689427478093515
3728,34.803978318117,38.43694709917022,0.9637364313296483,0.4504835573861289
489,6.724601611585821,13.453235500021528,1.6665913754307704,0.08333686800901208
2874,13.106997677006571,56.42608816894979,2.117227379829244,0.9720565184227802
1794,34.81242229279236,7.300973624440119,1.5063368390750131,0.8485380943862534
707,40.2620347107493,16.081369770080364,0.3160830802500502,0.532027522745915
1839,29.705114257882435,26.335935258428528,0.5980013239473135,0.29801349618797035
2879,25.499106735039557,13.510136405764541,0.9057228426190348,0.8653793603911942
3686,51.660195285868326,20.466979129490316,1.5624140615147475,0.488276678063987
3282,57.40611191617902,23.54381483497544,0.4803908940766136,0.9705611140913971
1340,16.06646822857026,42.75812184378135,2.6784605078882513,0.46125891851738243
2137,11.219531354151822,59.78575685099726,1.8018752119995778,0.5828088694854392
555,59.13852024644848,51.92863197023104,0.4309804701077099,0.2624494153914987
3884,4.504175609781593,49.81087027280958,1.6603522990873658,0.4106222793360682
4343,2.3141775580253143,14.489346094492102,1.1966389902018877,0.1583688452665245
3903,35.36627282192978,30.212149377899774,0.2711416888723973,0.14524750834478917
3669,40.40034961373705,18.361997926897693,0.4867593638943696,0.7188562808721743
1028,27.817329092704583,10.604177455064521,2.0750039162308216,0.22334743982665173
226,31.308107082186908,32.56620862013896,2.78018829413223,0.8464695822292725
1131,14.39601268513185,40.92859221846738,0.8730298083058415,0.3230937835005212
1123,14.481067601721485,27.6083906732337,0.887301997052604,0.05727152456426854
4618,35.9735046617384,54.15696397106154,1.938683813218685,0.3403602379499886
1525,51.01072387213346,37.41881083718998,1.0264987158606633,0.02890194038393268
2239,4.866448910003607,25.79306051111666,1.3975408532632632,0.44642019973239544
3288,18.833078307676892,51.98973004271852,2.5377802604535846,0.5879534930339131
337,18.805165879509204,48.74055460607731,2.307187899925863,0.6946239407699514
1467,14.685392819369866,24.182659214282317,1.585821845378128,0.895852557539136
4254,41.34568721088572,54.21765734144274,1.357957791870111,0.9449109954497678
4694,11.388834224919096,11.513195725158278,2.2170412444975933,0.3808868937504597
1597,37.163202801836896,34.06631548274238,2.436228626794386,0.009270776310340234
1548,35.979507151870536,24.147718819989578,1.0949025968951718,0.7201441243069407
3137,11.493402436402596,59.68125384634289,1.8139202912955852,0.742178259664298
583,15.756038625155398,10.92385335661007,2.1468413983976475,0.9853150852833067
2917,38.19815732189743,32.404854100684176,0.7481151690282785,0.6145274445758948
3863,34.48702487858701,33.54745695064823,1.2149648462797586,0.6908163919387551
4199,7.661081394552234,14.477282245929759,0.6366597365989297,0.846054115920052
2781,17.2465146026728,20.249395219253174,1.4881632339517468,0.29855551534337554
861,19.276374690570286,11.709108732153297,1.2298757696065377,0.8701921920020042
711,34.81555058731761,53.19047350208504,1.748543723072274,0.5397899838903792
3857,8.671783397797403,3.4127541440585585,2.0231437120091185,0.19174341550317853
3851,31.490889792510195,3.7253210044052065,0.5889887188234563,0.7527994717229282
3591,27.674272964638522,16.293620549261092,0.8188814774060853,0.7262590901564464
485,48.22514489906705,27.68699456688609,1.3608796915310675,0.39718876316986096
2060,54.76433506056472,49.78432885842405,1.484177209698446,0.607807979376933
4443,37.356250618567486,49.75860392501958,0.5120642327744711,0.4229483870045837
3949,39.44925523635243,44.36125432350317,1.0953222712080701,0.48369200059270245
528,5.505336288639755,24.219585231919456,0.49284713858852636,0.31071432279025957
1135,21.20308216184212,23.790652137340572,1.8038709389059504,0.019230580674830744
1413,11.019177110555386,6.322439392225947,0.8250833941184514,0.18229385896016492
2679,1.4678840104370838,42.34626132778883,1.606735148008795,0.6373378158379419
119,10.968798951040084,40.06422647086475,1.9821995828336072,0.42319690507183516
666,37.89597068768131,14.084097690212467,0.8380517581925351,0.04941737014323022
4500,56.78364231886487,7.427976949563062,2.649989687712151,0.7391531273509009
2144,55.4920138976127,45.83368756540742,2.2014663781640813,0.14725651441100107
2357,27.15944841673319,2.4922874501675008,1.3549464259176058,0.7352948126347941
2787,38.98314050958794,16.368548913487373,1.678651706002217,0.21158866523796727
3128,40.63544428526557,26.07509196905943,1.6562902381957467,0.9187689660202285
998,45.99454702831582,30.767593783049193,1.104122145758363,0.6958791196132574
4945,16.15443893446568,53.969461662573565,1.048122447906006,0.38146445338461554
749,5.965207946689444,26.523697613910535,1.490481426109831,0.4723678779149125
4786,31.342352243013863,28.770804630331767,1.67466127693921,0.986164906665323
1253,5.1564061698665125,57.32909714902492,0.2600363434143727,0.15730955912735722
1408,55.42880067012986,38.71501971825365,2.4407731029433104,0.4885832309992454
3307,9.781780499343197,48.081999195913916,1.7251892510732019,0.33499410722943834
4345,28.012146155790305,40.16900708498328,0.603366192363309,0.3151205844846181
543,57.86475187975418,3.2201994794534605,2.0252042595996254,0.8125459498912622
553,28.243952799882884,4.616289033541399,1.4252459255356626,0.8539986816019767
168,1.1701183642506852,48.22433837924675,0.8641241533462817,0.5312200691797822
4285,40.41928681998312,43.89932975604658,2.117208826661417,0.47013668725392765
983,44.62467433063863,51.2885161667675,1.739829403598589,0.05881090391824395
1709,8.671960662886956,27.59819583264025,1.175380633351639,0.3548027424625947
304,44.17425656272387,29.54552325821983,2.4076820574169617,0.7745093052816436
4313,47.35073259174835,28.054582768529116,2.1935846278251336,0.12932971227226575
2328,9.543716399419516,40.24170067238662,2.585702063677922,0.8399359381131558
3477,8.432533557901564,27.241180569200804,2.096798801474562,0.53833171272669
2445,17.12790223111088,24.3323523392279,1.145328710525893,0.9163604171175671
1413,30.863957649000206,18.77298009489851,0.8373115131214844,0.5414098506036228
724,49.74426693368841,31.15041558739201,2.2512007632719127,0.4386862265869037
1138,0.010593315005211767,15.633332944819852,2.4466389814090013,0.9311700070309892
393,31.95385736015411,54.60684032008723,0.7261033028289855,0.28041929086328643
1098,4.033897207186767,20.92600147314315,1.5275130837623723,0.6897305151769678
3789,37.35831575413889,43.21092540040331,1.1829825345981881,0.8106161698772614
1347,59.00459496396293,48.42217321523643,2.6350996720169455,0.19426008971707054
586,2.614330714643096,30.142876034838103,2.2636481700897377,0.10063161108536167
3271,54.68339848368421,14.961684280246184,0.5765697640253252,0.756359958482828
2336,37.47219277271289,49.92791386407312,1.2204367187224392,0.07972828677915567
4916,13.281587076610329,39.11157709081848,1.046280616939935,0.5678941635176004
1027,32.40181929716658,1.86663943165444,0.8621484231537027,0.5194269679599309
4811,47.599103051269495,32.610115086367124,0.37261730961162964,0.19611585962544553
114,10.258589971392249,18.188662038292822,1.903260296565689,0.4303555918570463
32,53.65526822133978,8.1406921624657,1.7312059721309643,0.23240441887999985
3055,34.35180899730151,41.77185261392154,2.1667368231051642,0.9213228200100207
2274,21.092717391967767,33.11708213454135,2.267242386888118,0.6324691136787643
1693,2.424635851094896,4.003075648853434,1.2653291142568113,0.5898740733663804
2356,3.4716460415213435,19.836275670410977,0.24354859152797076,0.7327664087210519
1307,1.6064730715478714,46.15440341245474,2.0995706034995916,0.07042433470603127
3403,26.62827554652383,8.556010234498858,1.643623185319811,0.4182103601260626
1112,54.95200703443396,14.278738417372947,1.6829144066757589,0.6975903481853885
3386,19.332812270666057,57.57142979775339,1.2819458407059574,0.5217817296304029
2865,34.65373103119245,25.333065536740083,2.333283103265745,0.41930757402788243
3426,42.50461486493068,23.981903523553733,1.9495910456357026,0.7149312023601254
2835,14.97221732712817,27.059519118417963,2.267749260070813,0.774794761973848
3563,46.07143540017269,48.23038708493037,2.6328249999916014,0.2794215543701326
215,47.08115717146321,3.756510658750911,2.2573721176930865,0.3452365660720357
4134,45.067397193336824,48.24550961133433,1.4490105619922067,0.25408472288751405
613,44.89719370994476,25.827383738281764,1.8140824496817598,0.05070960630632071
4499,39.65207797039735,42.47338130213211,0.5957332179768966,0.2589540498093895
381,22.46545452575099,12.2981871364017,2.5670763743336384,0.8260384048397774
4871,3.8239706852093835,8.484343190964484,1.188399695351695,0.028115702338760484
263,58.15444838902149,31.749708432668516,2.057775449240841,0.6996248103812049
4661,55.34217530615444,4.922344880423097,0.9044039238712254,0.01197321769954296
3056,1.1258829556572847,36.15467757825032,0.9082743003114143,0.6201821801661885
3050,3.481771255272157,13.710553903607096,2.7523778363071068,0.20756022762832071
4584,48.26913827057956,8.193336914209375,2.364209788025102,0.0796416371582932
1491,15.062036484228544,26.052131206129957,0.705608647282738,0.4569710439760669
4638,39.42322400534817,9.87463342281876,1.9649878207547342,0.14062737918692825
1292,34.16349593482194,0.03530628227160104,0.21057865184193902,0.20860244936189332
3595,12.159071382137402,13.786342326651633,1.291146199936585,0.16670358498541948
1164,42.320317719050635,33.75067885431321,2.174200265165047,0.21732073980769684
833,8.276302166249677,46.787113783313934,2.745958323328525,0.43312591447691884
2990,2.2045502978065534,8.99362143059272,0.6902809340083025,0.6454173652463423
1643,10.983324963598527,4.103219518311669,2.6012427070106754,0.9825105862882991
4598,14.577005223906227,6.404522954461063,2.5333392942813293,0.38920151715222306
346,26.332916972027,57.45478930333514,2.0062713132011143,0.5225623392586004
1304,19.60822004843657,20.77000648552316,2.2917476574429303,0.7860518536098002
1579,9.34570870402185,41.11655406594866,0.26764280419226427,0.3612726373648141
816,56.3211412351441,31.062087578183004,2.548879465938847,0.8455616058162801
3602,26.273283515545778,35.221789654552424,1.6817471507158919,0.6580352739031523
3071,41.478137753651026,0.9294403931535689,1.30905394288782,0.46395564405288536
4561,7.407311978415092,41.44575207878244,0.6451871938591818,0.34637869909511265
3075,13.583971394371977,5.5087054930406465,1.2528230536434135,0.5005579163999987
3501,6.131726962104704,39.81100373671413,0.6353153694171166,0.7276302824731558
646,28.338795946580568,30.208066031823993,1.4246059324122402,0.43735442080932496
1454,23.297105281818688,7.211199783123689,1.4249276444977983,0.26903522743898656
1203,35.57715821445652,33.32109802027387,1.0544497791509693,0.14207975926453753
159,15.362589343277179,48.44300719845994,0.10846354002536063,0.7406305723421511
1472,57.33653475694502,28.91004812486193,2.09891680806089,0.8278802153732212
2192,58.1161778072597,36.76033659863917,0.6342085898688401,0.11576870594409416
4085,37.50527795503723,6.331084636328034,1.2722009107445793,0.08301796689600738
3760,51.73834469904988,53.26821137472495,0.9002123842456364,0.6810748581094165
4153,31.005016868707187,15.111062952296157,1.8681207198040037,0.5411654277533424
2061,41.56943261600339,0.4761474470312588,1.7897086656488186,0.6837671810703014
1635,17.444194026756787,24.965633294438717,2.4692287586322603,0.0030098266421311193
3558,51.691458473590444,15.318010896410918,0.12458597578003167,0.27996836505163925
1045,8.748422614151776,39.625252101749666,0.6323243661309628,0.9255154009093692
1304,35.17116450667521,40.49447212870062,2.2842787144180283,0.09791855968334029
4123,7.5026361580467675,19.4974170785175,0.6214790361838656,0.9568391855320754
3859,58.2244772195692,15.612758470985963,2.1803358299526434,0.0444614731423697
682,51.52270812213849,22.242277179436943,1.2817900603366823,0.9259539986528819
3279,21.03737188421318,34.79555706621479,1.0001588888514532,0.4199194407471072
1697,2.112233669198431,11.267246233481163,0.7675773694214957,0.8015762255066112
4180,23.376244736641695,40.72894213460168,2.0816765025999686,0.1064203393262304
2228,55.39361544157305,7.989309693964652,1.0742055466412201,0.006222645724794695
3967,17.022551411492778,15.004324769752724,1.1401543289388685,0.7864207827316197
2197,2.9702163853335906,13.547035623000003,1.7483354120074779,0.6803409989390555
4330,4.342967128935591,58.53566939136693,1.7188620052084296,0.19125622328159864
3824,9.778107007252409,59.618161075058744,0.21116474755773734,0.6368322046901055
1976,0.7723002529361822,59.03488843999204,2.0462257189505806,0.8311197517606116
907,21.459859316661568,58.0607922788044,1.167310288550784,0.3895026536012397
1669,36.83465070046861,48.56111772627114,2.41299889148185,0.24207568328289697
4170,3.466648427578962,44.8619932208092,2.5793499350008413,0.7357225406119375
128,17.015986663076685,38.87858077184467,0.9983986410741601,0.13129553235698366
2122,20.28445788848374,47.51774321584043,1.1723919154875335,0.959539154715836
4538,2.561544097416686,20.49095579214687,0.27664126768857955,0.6692547870191433
4117,50.199631519866344,58.58725871339306,1.8667056971212943,0.70955781607584
3513,37.93257292916442,18.821271726489922,2.663375066350095,0.014975241780633253
1481,24.770359207352314,10.724303743096812,2.697453981046567,0.1667910123428883
560,22.596237098599904,39.84541885674499,0.24310990209732122,0.25340460004206566
2251,13.221545315037336,37.67883668178565,1.4194761204632198,0.5181558902377423
782,30.182733767597135,6.383231525116155,1.59685653909887,0.9602651452490912
4943,8.132741151818294,9.371865752407997,1.0081295625468907,0.07505685150983388
3914,38.17876160866371,12.135040658690004,1.4127845962498686,0.12261251003820783
1079,10.310227370277516,38.78695529226467,1.0414255907957743,0.16780891822370003
3499,26.29841115073009,52.8585769576177,2.202728631685998,0.5198476731114775
1821,34.10257623296939,3.819356069643076,0.12171983086297752,0.1585781222985535
3957,28.406335425123007,54.65417401746819,2.5985098480584496,0.7372000226254775
3092,47.635507017828786,39.30945766375141,0.5218584565450088,0.10540224594025616
3633,24.148696319864072,19.150941581676896,1.8785941438193003,0.34865146226242316
4998,56.77099547238919,44.706689464099085,0.6117236936337361,0.12398323119251442
4984,22.132436474835806,51.37291853787932,0.37801336587602963,0.774304780563834
753,39.09604160287477,14.698358470509236,1.4712483400112668,0.6540680017560785
76,8.21357219494923,35.847209917189836,2.668755340296062,0.7905066501856961
1552,26.88149739212595,5.305899528538232,2.2789078152556863,0.2625109206157643
84,29.32899699035747,32.10443146874226,0.4279793217476552,0.5203134871491739
2160,29.591181737728476,43.81178527052229,0.1778103874979099,0.8404324458238577
3535,25.365282725900343,26.320459919369476,0.21209929000641126,0.012951139782092724
3096,10.39686609053118,45.44252282199297,2.2213393032390276,0.18612930034708852
1427,41.77202736690991,24.551250906701444,0.16463133845607072,0.8197519497435386
4192,9.854914391750178,22.479545816456127,2.730313669613143,0.8183228663760538
3469,54.7476183710063,1.6874762377230246,2.513942997345899,0.1715577347294358
1504,20.47417614146451,42.93455307291143,0.9984038802417838,0.6389752021670657
4739,13.716314036837723,50.186936361070785,2.498918374946159,0.8712283255426688
252,24.76922195059069,47.97818904795863,1.1022636779851263,0.8684381127619495
4874,34.03680121749762,3.3705394360930363,2.0246709565353966,0.5366119801721977
1151,10.068878715725727,33.57446478679963,0.5995584425227496,0.07794093856349793
17,59.451467334901174,15.126610519304464,2.498294303917522,0.6345625969592668
2262,49.361741075389226,18.895371086542404,1.205392423815392,0.17815110491549957
3931,39.92480276514934,7.242055762920463,0.8645572841658493,0.08155624673251782
268,22.29288625926921,5.447839863694597,1.1236470655785362,0.41847868307154745
2216,19.249768768828787,41.14348264291419,2.1640807842960434,0.9655717463062549
3951,1.5492827132045495,29.55748766732549,0.916643816516782,0.33437157652418337
1979,58.404402726064944,19.29370246319871,2.4191933988928134,0.4552034571748268
44,10.090362398414905,4.966134666044228,0.37728180984552173,0.45672257623339696
3672,16.824532221832524,22.296573114615533,0.6720187352411064,0.9761700877542105
4899,28.347609440023934,26.73321256896783,2.264951752620173,0.8529099084290237
429,55.376147037780896,9.351523429377623,2.180517093716494,0.13987651373330867
55,38.64920759128473,1.3579715389548297,0.9920471049903693,0.5042434632188326
3209,4.873571582879224,28.57466943483834,1.991498128798051,0.8337654705189723
2409,21.07932033769075,24.69341619716036,1.964090702068947,0.24528379976532377
4611,49.174269077668875,52.85951574650189,1.1048532961541413,0.1437154177077029
545,43.1393182715898,12.604655727657516,0.5298237442122893,0.3239676577965558
836,14.25260761446194,30.770859882380634,2.61676232157261,0.21693144718397228
3895,36.41802080676866,38.39224385582923,0.6352216634673346,0.022439944300786663
4651,37.169838061609305,28.760147814950116,1.7788000497613872,0.5946491006739281
2802,20.32444446780558,33.73135048942944,0.14797528042082791,0.9647802918009896
4478,54.33200427952514,20.79196502560969,2.1513080258459514,0.08564556895074082
4035,43.82735940043351,10.18370450763987,2.232499152311117,0.09272583530978284
146,50.82428560456981,51.91749591436066,1.7140390836135315,0.7780457740576139
570,56.26852548163113,40.033311081182944,0.45416778864758334,0.14555481399980774
3011,44.540554968726546,1.972157264965213,0.5899643983768995,0.8396331042495112
4709,24.580401827919044,36.32169367749951,1.8152519899649155,0.987708396492915
3025,57.33352105756267,23.265265183524157,0.18398133152513457,0.9363601015283369
2183,43.06024766106054,48.76786640759334,1.5841640041021334,0.2207784798953052
1518,45.490186351946015,34.98407294640267,1.0017437542688181,0.4230461249249273
1914,37.84754987286101,51.03284898187587,2.225441205662934,0.47201956555724667
2872,14.210700807017405,44.37405371169728,1.2740631160624325,0.542423465501578
1287,31.477764198167172,37.46157184731311,1.3036828011150956,0.6301833069834518
2154,7.181852456709883,55.181863923309926,0.5179767851193361,0.9682518786313278
1255,56.02762191469561,1.5448513135231123,0.8575298712984232,0.28308270611266195
719,18.70449763462067,12.006364484295343,2.4281858340023716,0.9933891447804816
2090,2.20976588377493,6.364365004810475,0.38716757746979713,0.7682283912233147
613,11.315980007872625,9.401550401394939,1.1285006263776047,0.8670586482432877
2543,13.971802568507698,33.11309737022652,0.6426066944849481,0.9427547100400501
3902,8.494695546936963,45.53120094819661,2.555417456342447,0.8059592260206665
2570,12.040384513545257,7.202399482628383,2.487606212130962,0.755851309198228
808,11.228941408641484,54.01623598221522,0.2862994039914344,0.9859367727784817
4675,35.259989143832655,55.46651450097987,1.1076984534084628,0.3443314209193059
719,14.096605157368423,1.9110577315307253,0.6431312571196216,0.2329550611216903
1044,42.1794677949924,5.54638764808576,2.6211808991457555,0.7138906327198669
1358,6.248631391754431,39.65940413856198,0.8780513282353349,0.2278741312221343
2324,58.73244430476887,50.295749272140824,1.147896373868979,0.4749814327671642
296,26.879848266305114,25.84934859523991,2.154622112318404,0.7073226393732114
4742,13.290710053708919,50.22433298319397,0.3422411863432265,0.8980942863295532
465,36.92669171151057,17.20958355922219,1.322078616239033,0.36045158975844127
858,52.23432418731599,13.0769346844542,2.649144661093673,0.8933654841613741
4030,10.382440620691241,30.176537519181757,2.49235454791018,0.8726771538563641
2166,13.826283952604872,29.790603671352414,1.4046389883920813,0.9320401838877087
3664,12.87137258075758,56.17176521146335,1.802353280328042,0.11913543613784683
3373,49.113845160695654,4.033640470298159,2.55662664035675,0.6387007348903363
3319,35.285204249300605,52.24831951234443,2.347690471510029,0.867148510412627
992,49.81393188400271,52.67351297598305,2.6261413405679725,0.8162038200000288
1571,45.34091701269417,27.84023779095534,2.1493189762421325,0.9265569995949806
2430,1.3592733019073688,8.852486488296073,1.872842013061636,0.919749333101891
2385,48.8164950385012,36.033170427268786,0.818496933518288,0.2571096546359771
69,59.765553632299664,46.325447196872,0.9558132350530981,0.9254993237382061
2987,10.539485573789229,4.117979256899549,2.1084951912558143,0.7571587139220544
4547,42.11700611239557,51.825501169006984,2.288413123182055,0.008098194957403604
3099,31.916579431956173,2.9353797833831785,2.666068388950468,0.4448372424636189
206,9.141325572739433,5.550057142773735,1.999714638592394,0.33301666242123307
568,7.946915050477601,39.55661386205237,1.7018586030784468,0.35289872847227644
1918,54.652544524540666,41.447915330552405,2.015581174642033,0.9244504807207568
802,30.821539880517893,23.83398655370024,2.747022053766165,0.5271525118328754
3018,30.196586691608715,28.21484269862079,0.7633730368629577,0.6913187954070815
724,31.826916269622146,21.829850976289357,0.521033859190309,0.12108780302585231
1037,10.472531607058965,49.64447960525453,0.41484318385568897,0.31289051939465584
4274,4.270848600795096,16.2184730914928,0.23871598537594982,0.6362491500216244
4491,13.567377043597475,19.683941509237158,2.189422323750627,0.18855527221213297
3956,29.706018628117928,45.66874520444916,1.426655363742019,0.6806975775955418
3797,34.14201550968889,31.27638499800317,1.5398970073901022,0.26625203882934656
897,26.818298257115536,28.163758465373398,0.10978884122499943,0.19376179095819535
2509,5.640949423016231,22.17930315044149,2.7213704232861193,0.769754710193133
4435,31.29111176972009,6.664680228179729,2.591083368937266,0.6051521584765595
1578,11.133255434227463,9.559028065154006,1.5321004951249895,0.7717734534622024
4366,21.58928703334081,10.721987319292394,0.24372117086624584,0.8525121498730794
3001,3.071759807951464,6.645908551219772,1.5752280982102271,0.27737758035984283
3994,29.034201581120683,33.244432476229605,0.5909368925972424,0.38896789780211727
4377,45.12372620338005,49.75771242184043,1.3008056097811165,0.018757886754655617
3862,35.76628093057664,43.76020467274638,0.19655891318802737,0.7714796737257633
3081,32.206902349758266,13.816500354027454,2.0633066549234105,0.9606808911303281
928,58.28274133514035,15.677710891122427,0.6824256024203554,0.8370540890793922
2444,48.93900927912417,40.785845092064434,0.6954337585942141,0.9004036165582062
1504,30.306385082654604,38.37913711733656,1.9934170783433307,0.604949339191379
1933,20.91924638361894,48.694097894071774,0.2519289275552993,0.5606706831703738
4137,17.456228453615367,43.69302382385407,2.6101825774285334,0.5481326553405355
2745,12.34141217631496,31.27560156908346,1.8090469960083706,0.7558079639641019
2263,21.773935912152798,19.49629686554232,0.3554944492828299,0.3488684535129182
291,13.339760051182774,17.940700160397284,2.2446602165885774,0.5662819726057682
935,51.49657678627364,57.17584672484267,2.35632407683754,0.9428002308340343
872,40.90743082227599,55.519138501858414,1.788138225902264,0.6408412789682285
322,10.622925228014179,7.323981353920499,2.4455328974338264,0.5281181610084216
4958,54.50332858064518,44.1155113799782,0.7593050244347906,0.26843560108093
3764,9.512401489558723,42.130318354510145,1.9038271053936988,0.005466449502000814
2459,58.05042592329161,0.376712048707748,2.2796715258061164,0.398212421231272
4580,23.590763415584966,31.0569161734677,0.7857727664967061,0.4006992862484823
1829,2.0169445079214054,25.362358303047195,1.4622813281185167,0.18071279412393237
4530,29.39519571939204,45.57382608434113,0.22416461716352065,0.2491029279117628
3751,38.45165610976513,48.84494140502129,2.4210507888877437,0.5066800802375195
365,10.162978075936808,18.285663472917882,2.1121328314814405,0.9776047897525112
2740,43.89836253362372,43.985090520614506,1.6099362939550468,0.4539657606476081
4396,17.373330519577557,29.031923895598446,2.6735797702685304,0.45317025871812167
4331,25.497347050857428,50.40595197187931,1.8072791853047705,0.5439005127780485
1415,59.1900066163623,56.85598488825467,0.5060615180963982,0.023088964366505205
4422,41.818509546978476,35.95526720325473,0.8488224645419477,0.38653939224568357
1416,24.136969395792132,39.942186726057216,0.5138327155661575,0.7153848611434904
3206,54.63922012176882,45.82779615668532,1.7782930315122285,0.9619773220091281
4530,17.969244249191757,54.71905623612372,0.754480694607542,0.13761481971392664
2439,47.0445422156094,38.6267356601845,0.7402108959068587,0.17858845060291517
548,20.55218392331336,28.63257164612067,2.39132083774875,0.5653806125603669
2509,50.31666570597934,53.28870720632722,2.4430296020466247,0.44016630107207577
3205,38.406120684812,44.752419969893616,2.175336317476724,0.6128465655156883
2014,26.491126089885178,35.772622075782095,0.7532143180344069,0.2838962427513909
4162,54.96872488236092,58.725305740862915,2.2063822971736466,0.08635191748729232
1502,32.19571213392372,37.18912233601616,0.3512078830362505,0.9489958312463346
1599,5.147917180654891,12.380115542114897,0.35148093609641706,0.36742143109994696
4855,16.99559497975894,11.240049717033598,2.6159284956191478,0.8255353596331905
3366,6.984392685062144,57.15436348341414,1.7163426473870755,0.2641601828055604
3781,35.66601015481933,17.749851170414303,0.7487097362148415,0.08556511462403982
125,40.14468986615808,42.12000538050014,0.6813330244175271,0.60888373971745
3798,52.98935791491667,8.257588270716823,0.41112449663736583,0.2531741548119333
2133,41.636200190636494,51.37979244250253,1.7480220632490808,0.116593986102974
1550,36.674111389767106,27.40836325751742,2.7455471854963043,0.917176272092024
3933,52.75407927068235,19.50359752246555,1.2465668160152295,0.5509996312793174
3786,51.00788697786985,56.77346095972819,0.7709331132883552,0.10883517842452528
4887,8.168559775547395,24.11086169620334,2.524197547693685,0.02121608407601705
4850,59.746987948601166,43.40537814931796,0.8480774496341744,0.21396919612818732
496,29.902374368232785,8.11821505680016,2.026855824336476,0.02817245046071537
1214,39.00007689426419,56.86752331110273,0.5610991333693905,0.38891126868508286
3897,32.339552211945794,8.91038390240082,1.5219147300034748,0.5345540669039741
3630,32.81010765138939,20.79167425407602,2.565860616294296,0.3721343906545983
176,7.5833261222438,25.84092514077643,0.7722813361052824,0.7349968394760553
2594,36.49850056732456,29.899599969812183,0.5239238527402992,0.6197209464016875
3208,28.79663938962402,51.85845714860085,0.4501759683972927,0.09615169604037044
4329,48.59729456243755,10.058549590502853,1.4985654302702687,0.595773911413982
4604,3.5714393858614146,15.887805618656149,1.511032289324739,0.37970803002270703
630,47.55296447340535,14.151144865780571,2.687110646963673,0.17890664619485486
1902,24.29779471371583,37.40997568522212,1.2055057130819438,0.5573962951777438
1368,45.62299046316064,50.39155976134397,1.7965285396625177,0.3266607582456752
1168,48.86315146451378,33.47048979880992,2.6356587179612117,0.5949712878921094
3346,38.226362096413496,51.81143967696505,1.5912294979552644,0.9576565337403335
4413,48.53209177021401,17.971472268932327,0.5761809351084748,0.4135056137108788
3951,41.3370868335074,33.79941726013133,1.9216209546608463,0.9507522244170099
4722,28.864462998075485,32.441012360607125,0.8219829210047517,0.25344437423224697
2056,20.68609513598565,17.7643919522625,0.6385020929750864,0.9701983866846009
3630,24.37813005693215,43.986300923360425,0.5242311605209723,0.7166378007773143
4787,55.87676616455826,55.23942581875993,0.7183804529855922,0.8577071531216871
4979,13.283563145174055,53.98722848270049,2.2236395474477995,0.37156129726753095
2422,47.65560748432145,27.423714696094642,2.3658547437134865,0.03196523152953312
375,15.251094913929268,11.356378733429853,1.3266493937389217,0.6803637394000575
3735,39.30189686944823,29.13499430572589,0.4455427385473395,0.3007298441392894
4521,4.122190446197158,41.28651641665818,2.1551350445202218,0.5105161467836613
778,42.04842782386914,41.30532350669613,0.9502582260333493,0.7520336714526562
1638,45.70359969637239,48.57399319244853,0.10495331059834923,0.40217672964472484
1633,47.96483904360129,9.987709714329844,0.9592230412770666,0.12312446545770084
2023,37.69087578314331,4.038256430892488,1.3675751458739969,0.03420229893245741
4554,50.82879432357848,30.186749025479152,0.22008989030675127,0.9578567018204438
4186,32.888882349633725,39.08674777928292,0.4426634387866565,0.5716881902335519
1743,8.007441083210221,3.228081480895242,2.457250549763509,0.06792743304966242
4958,3.0467284252901106,24.269857182997086,0.131830715463786,0.3653142598107255
1140,44.868542115184354,58.68999418367771,1.6876397181313967,0.8726285234570138
3180,33.00968006449368,42.22240888396159,2.026834386231659,0.5228186394777318
3327,14.063440895921882,3.8251204511111236,1.656636871142347,0.012293155406741252
630,56.249952281525346,54.024182899531226,1.337360627893329,0.26553117049279573
2362,33.6608084641395,57.932489804645726,1.1553577652219573,0.7402180338670962
4212,50.2460278466844,6.837268573135211,1.5014851084535057,0.0930869348981096
354,39.51006700173872,52.009075630154044,1.087769074634659,0.1852102828279384
1890,41.596517544813004,45.95752347422187,2.559536265778706,0.5774393058673774
2145,40.08060606852194,54.674619205178715,0.6521368370974759,0.9666692189896507
871,49.62107054978654,37.591933722137796,2.792420216226213,0.4098868167165014
4074,22.60954520636068,59.266852322322016,0.4030026997446978,0.9989433100920784
3550,8.038356868428629,48.8745011361827,1.6663565640361124,0.6494272053188086
283,40.76552936120623,8.946459234521404,1.8608934978815244,0.5323726504685629
418,38.0251519049554,48.77307551121296,0.7879161821039161,0.5202618907818733
3528,57.687191694181145,0.4709257729120253,1.575764715481899,0.8014418647191912
3701,17.587175046113845,31.873165463923677,0.15443251193302485,0.3052742418313239
2178,21.96516123703768,41.33309511672319,2.586228203306788,0.6833760091635784
3402,15.154622171755772,56.3755071791861,0.41079515075869566,0.6104344936344013
2660,25.118077196396754,31.824829390636868,2.583461867832097,0.5732423450201718
1267,22.138304673930552,41.837401340499504,0.2762143220893522,0.5109343000163223
2194,17.638989571187707,24.914404509692258,1.3746446769985878,0.2792743965929063
205,51.37770804452517,5.6284177765638095,1.7349328094254086,0.9244915500526817
2640,43.46034646976178,58.82403218010408,0.13392735964599722,0.45395726348919296
376,35.59189368589225,42.33363877403547,1.2282769220869165,0.34390009758441
1247,1.6760949862327879,28.527574133593223,2.1885013825891515,0.8924354894901964
3098,17.261518103153023,13.708910935123376,2.6139239760750583,0.07948368707895348
4136,32.98069946918543,11.11648229166171,2.411083772107687,0.6261878746430748
4584,14.080768704108749,49.70133717826377,0.8259622066651758,0.09458668543713977
2447,50.17679636301471,32.84144552275673,1.3233057185310992,0.8205006614479718
1582,46.01427391301351,48.440601481557,0.3109643859641247,0.4698384351030169
1745,40.014273631371616,47.76039193693105,0.5746653747175933,0.8446957472227974
714,39.06323353627253,16.605002202523334,1.7640905852917483,0.13519443271224663
984,14.136171579142156,26.910693882851163,1.7953623622225567,0.7048140117647917
1517,46.26646438568618,55.85104548516602,0.1494242635610809,0.7688502860846065
3200,34.404765954937986,6.889951967997572,0.8601659984032181,0.3897134600406139
1307,32.55255229166479,57.43045212017668,2.632571027826052,0.16882664618024124
2996,32.82321458096362,8.933033110050463,0.8875260928875224,0.5900438885801526
969,5.445850406339227,41.55489197452834,2.531829887017374,0.6770749617708786
110,23.06850917848569,20.35468310887953,2.120806374261197,0.06289978600583268
1827,56.69467223111996,37.3822622697254,1.7963298318454581,0.02907865512529273
3250,54.253656879150924,9.1737959099509,2.163715011994785,0.20529693253711911
440,7.818357394241026,25.27428227034677,0.6535673314177537,0.9172115181858673
3651,50.03268172387947,15.429182153439404,1.9798853588245298,0.22396639337829005
506,47.734158474956416,29.73764449247912,1.0264882723726863,0.5402621106828827
4435,28.308787787174673,31.53779315012943,1.8074885197904949,0.7949901103767829
4868,49.286730539515844,59.49132238114714,1.1455617396107254,0.7723115888475844
454,39.739895687291686,1.5559971439817866,1.0033378713402827,0.041242743210123556
2248,30.323451338952868,19.20416655810599,1.817822356778914,0.16712487790622443
4771,26.517675961860835,35.52510153285288,1.8647643353092587,0.43000285216525747
2577,49.21569651804339,11.23406365657127,2.636027053996459,0.47159561617850443
4900,33.78383312486892,25.837486963461647,0.5732357271093154,0.22458991844199183
3163,6.851174398272328,16.66071751598054,2.4836503430995167,0.7127192400546216
141,29.02911614477216,1.231771227308287,0.2757861471453805,0.9060321895543527
4693,56.162352988553444,34.248620449559176,2.4101700387161493,0.815483111560048
4263,19.079043971134517,14.158024180334674,2.0484290373255463,0.5428539870238887
745,17.804731683646402,37.39490442711196,0.6797906200636966,0.8735365672599877
1277,46.54973074853336,36.273505351936976,1.108031238340094,0.6400524346104663
2858,57.0202465078956,22.780458312356927,0.8438686003224426,0.842851401781677
1671,59.76990197205316,2.8758658263159598,0.38275394446649735,0.5892886327932678
2525,2.6524312987620857,51.61450605883281,0.6849105446718349,0.4358020907205534
3744,8.060662562722612,44.25021123329619,2.2284473197719907,0.09181327898203495
4728,53.2459536387006,59.3995000365383,1.4105429856553227,0.5635583509838101
3309,39.490024251119316,37.1904319888072,2.3818749890542956,0.571337434938219
827,3.639505200413975,24.0495961550109,2.1370870161351947,0.3658767589204788
3251,48.14038282370087,48.856794347367504,0.8564870619258893,0.6432080741622054
3943,36.170018419862735,42.792319764171744,0.3252620757011232,0.6253114459245508
4780,10.958122459190733,5.943706266608242,0.34686799573344185,0.9939666998625302
1371,14.469675658223043,26.489901033376732,0.9507553631580173,0.450658628614817
726,23.63007088745156,48.65211309135793,1.9298025583047647,0.07522305394951478
428,18.64323237774968,6.5636859179404965,0.924773384598125,0.01726080577059652
3459,5.744675681062814,11.792683151835387,2.550814324426015,0.4025504122263791
1951,13.051853583343028,21.423184503335577,2.416776902499874,0.45237907382315745
4388,57.77834407448317,44.78181013202127,1.3464364906075603,0.24821552988127737
224,20.68834382242094,0.6703905700418678,2.4874896020233,0.20905716076122693
1183,9.500141923190373,11.280179701298518,0.4908604952213237,0.7056351670499879
1212,55.853386144242734,46.285562833611515,2.5785059777845856,0.840034331745187
1774,1.3368694637299794,41.439250362767694,2.0675139790710886,0.12286035775743132
2018,58.60093720508154,52.33630305113729,1.967841047833536,0.4271069465698142
3453,11.610215672873775,59.84347651477345,0.3607967598061842,0.7259941534659385
2489,26.071655006569703,1.761604832669874,2.73905950665808,0.9128388949821407
1470,53.64614030363832,58.52473295151473,2.382941029887538,0.5283038567149243
124,45.15656280573909,47.79449768738141,0.8051657811144912,0.5029238896217872
558,31.612068195192748,37.36112551966139,1.215811335400171,0.9615150186827557
4599,29.65910893177192,41.81260496571896,1.1569850637831012,0.6075406884259985
2005,27.86152192713181,57.305594664207845,2.6625437253860316,0.4723957124823772
2541,26.417679520689553,2.100271857523255,0.9183517191973936,0.9321232908994139
910,54.75123007306493,31.425098322394756,0.8585270949703032,0.6896189308077528
4590,6.384886866723109,21.982717834077768,2.4452904681394214,0.19210628941361152
3971,11.274814260507672,36.69820212817294,2.760695347634762,0.07927164707059864
4620,11.380579280734846,30.325935995597785,0.9649847022328155,0.712371885600811
4585,38.12156917681533,6.467817599055219,1.3100548272933599,0.7950770052712467
894,6.958440304582513,12.712735745190571,2.5729529590246227,0.7971622505476712
4448,38.802287004746645,18.857513478531615,2.4395967141772816,0.30943271327760424
2691,47.17542442120334,2.84065551713943,2.531911996327437,0.9588100357633804
2318,44.89678922212725,41.47706099233291,2.2006294689093453,0.29484213565739614
3295,32.576050021813344,25.88004565177352,0.34077267086963825,0.5875236458422192
3489,28.450160624826772,51.79726273038354,2.539294783944041,0.784541194594978
527,12.276630042375658,45.27340093101536,2.155103664046301,0.024255073074378353
3947,3.822713129412374,4.659357210862702,1.5332926095353152,0.18123362701135615
1155,51.81320261698206,50.24871204902273,2.631199601775856,0.33289682910355933
2935,4.404763465416901,6.558713481119849,2.4985861681208865,0.8482700862744016
1367,8.275929523767484,51.753004092646464,2.568153280920218,0.336220574082426
3136,3.967782230402601,20.859894059328706,0.5931485726945014,0.9693909518181515
3721,43.54643694598093,39.055711742554465,2.355206595436251,0.757192350152504
3132,3.093300691120615,27.322740580589993,0.17836967859371014,0.18111937221743568
4813,17.259818560144492,45.18807714744993,2.1634000477759514,0.8817238942356871
826,12.251121822779007,55.24633759140782,2.657172441885438,0.06676709773844025
40,20.714028967396526,46.64798932739744,0.23912950584065354,0.9260668781119252
614,24.24557280912009,5.929870015960901,2.2895712465763234,0.5049590493452223
3046,8.09860681867393,55.05761490665955,2.3571535584924903,0.8046750462821303
1480,50.462287302419156,8.641994816432405,0.17767049301899626,0.7140854196651631
3703,46.6971770185076,46.439624983996296,0.3695004554565089,0.7229425282222792
3035,24.04612812536125,14.894014819706207,0.9315226001608876,0.20709304554610997
1932,31.940600126197957,8.845329655970273,2.4646916326319954,0.9814128787593993
3771,15.89652136845393,49.475360021837375,1.549795051961752,0.32170742698535393
2691,19.11427743380129,48.35530888163932,0.23566353847898516,0.4220486040512307
790,57.541683793769124,51.00703677532887,0.1837162744577222,0.8248216268029849
1744,41.874014449530705,34.399049924516866,1.738631544064743,0.9064893841262243
4238,50.89935128583044,11.891169284349289,2.5058434330928288,0.35447201773559034
310,21.798343755451448,25.005121729969908,1.270311087602277,0.4668014652657305
4189,2.3261428933354544,58.791096418184374,1.7773576029089049,0.8038674580483133
3089,4.475762163310084,13.814361575766338,0.4708047177343908,0.9409590075387465
1566,38.016520901710244,21.763802631542376,1.7111384026574392,0.7079851926685631
2560,2.8163643821990636,7.911174165412913,0.7421059135619185,0.7164301914353521
2623,47.33631775146441,59.9667238992041,0.20597669136275207,0.5001216617781225
1534,49.75168466008234,32.28335433351433,0.9477435789626791,0.6477942944605446
619,47.77147949085406,41.37974930146766,2.701259888172149,0.7559465990690344
1360,26.0185267790664,45.3905551555523,2.493812898906951,0.4005711566309824
178,46.68883779879457,42.9388856615375,2.2052850078534934,0.7231622799409372
1210,42.42770713512902,48.317978465867284,0.3186958308444391,0.9240880174362944
3909,48.98076775154649,15.446272702925478,2.1549484915048605,0.7617554813924856
4167,52.2160514441031,9.549722951352583,0.3886273988539187,0.32660735881557357
2877,20.315058419452843,30.80286180037367,1.3924214345345245,0.9676066461668539
349,26.13253582328726,18.77258157774344,0.20050302309231888,0.9594099443325379
3946,20.238761819436238,8.86516953607656,1.5992235244900537,0.6059628544750375
2843,22.933436783884005,7.642788174540451,0.4194428877672405,0.011084874216817697
720,58.97297981775491,3.3864118728684445,2.5054397071529664,0.522002348208337
4526,4.713753906625355,8.651245353659823,1.4390455830338544,0.8328428636015879
3800,12.166623826356052,57.78645278763927,0.2919428628706694,0.34761944745602125
1943,29.609229227690154,50.76157396025564,1.620720932459084,0.6743666878745432
4732,10.1730982886397,3.151760371991623,2.4070607008182945,0.6347143910168122
2890,19.101003758056674,12.49740597628234,2.0010683527229616,0.07829472400399073
23,0.2614519585253894,38.11258092188306,0.19072180440444414,0.779037927848363
3829,30.58204278551755,5.348877244054409,0.7951924378352484,0.9084213235581795
1364,38.35474196742576,5.935370350029636,0.7283924789453659,0.12560846704359152
626,42.70847247272693,41.4944072954208,2.790157284704271,0.4952998677219407
2072,5.250625734279186,28.409781455214127,0.3612629609768192,0.0897314934029163
1410,57.14220377534009,40.44437681989086,2.79803507977936,0.7901650536301832
1395,58.90464222983855,43.101027810888205,1.8444128261017259,0.5187570864416154
14,15.799795799431704,20.419164694651364,0.3524464994645842,0.08950715101575724
2178,8.768557373015994,41.12997684272418,1.220309165675024,0.9013546489359008
2653,56.81867904933388,25.731502861832485,1.3283252490829587,0.838075371750147
815,31.113308749900064,0.36688518527180136,2.175899726011757,0.19800049427616384
4292,46.332052621996105,13.922211100959025,1.5653438252331622,0.16392505223771747
1005,35.23047611228644,15.701668146005312,2.7250481375243685,0.39806042564943833
822,20.647423141444555,39.09047217782016,1.7395334369085094,0.9798667781975609
1835,27.81609362823935,52.31943892538804,1.6401804299737062,0.2830527650287792
2975,40.94595636001466,25.75362247285407,0.9792465422432668,0.39396392738772723
3899,28.06015099464261,48.16956316287517,2.4539094579334964,0.5679259769906829
3378,47.7676313484774,42.40584918880994,2.6465029991698232,0.8707877986198216
4823,11.152854350829113,45.187806409338165,1.833119783541778,0.5205260390721719
1893,53.07227485088811,49.1827434135883,1.514638425786639,0.9788088788467615
105,14.208322559188446,11.32573403857987,2.062781398842841,0.2820285506616489
1472,9.158879332220222,8.10059772236401,0.4793478676654418,0.4166640879345972
2509,31.410262918327607,52.80500756646194,1.673147619297913,0.40819260510275535
2974,15.920288303559445,40.554190945388754,0.7998619274274913,0.9951909256620698
455,55.694750087907586,14.340888678246664,0.8390351833203099,0.18066252769459767
1317,35.21026897943103,46.343321778025945,0.37446870302562907,0.7646799321554156
2997,58.52163240422979,43.58227784710845,0.3688731178801884,0.08065475137584865
4336,27.37384798744226,0.5021622070303722,2.0722542445365475,0.7103774742739655
2978,32.70580037864509,37.04079509046849,2.7541244173698476,0.746661527059215
1438,36.02826464143817,28.60661150231103,0.9042379983835659,0.6992771693499386
3042,56.51972511534991,20.826695713700985,0.5326217766265057,0.7408452192824384
1803,17.406273078276985,54.35730074009093,2.511271765926774,0.9955868558532752
1116,49.69120943475991,56.30898529479835,2.724076587631436,0.7192667725686475
3557,30.481377982155035,14.970676416669832,1.6507789463164182,0.668263844618264
298,49.267611839851746,54.130785762686166,1.2702506191037628,0.6300877758605966
3847,21.151658013925463,3.3756515791709596,1.6151900264630887,0.8266776568156634
1917,20.733465270286388,58.114124717447396,0.7245802971810297,0.9889015682185571
3395,0.32177661626610066,57.89778399121636,1.0145981335088665,0.027848797965565164
3934,24.90684518827786,33.01231646294432,2.171631068097322,0.07556305558566079
4800,30.824580102464033,9.076363818322156,0.23780807746101562,0.6164603729430695
4958,58.62206250551254,15.49285268479677,0.2946860529944348,0.3800285231937808
1050,42.50522939053653,53.89306215283355,0.9139556241596842,0.8184960810325438
237,10.090335572902568,40.666451695512364,0.36365949904080663,0.3977453229336293
2796,47.11293493546009,22.06190719971824,2.287096121756712,0.5805440048181627
3161,29.991100730872557,54.19173749612488,1.6077144539550818,0.5424441179090748
2275,5.520935257669015,14.982546843751162,1.2001932159359745,0.025405464385903298
4790,36.45579536622185,19.37142508391396,2.048332940467617,0.8101936523082746
564,30.835984525176833,0.3568730162634681,1.054079210354242,0.8017871630167995
3204,5.1741590634330015,55.21166154404669,2.733460045466942,0.023581211252551304
1887,32.32442038922155,0.5082591476994103,2.7704577588667756,0.2749326982127477
2835,57.57432672722688,9.517685475038302,1.6989931775893947,0.9838706154024045
4037,23.785446175441876,48.00133708215275,1.6821120738997355,0.33843502284333327
2149,21.801276064404913,14.868796377738608,1.1039126495783294,0.08839183735297851
547,59.755428368299036,48.07402761995739,2.289224901285886,0.06260534341322144
3668,1.3846156049152447,40.955587040799735,2.3961570099388254,0.16692452303051009
4012,14.721256090910328,26.22389444759133,0.8630294445553295,0.9709221317378965
1315,24.30371239882985,56.593210853256004,1.2309940905118908,0.21636428434959898
1824,6.721811678462581,41.32428566767678,2.3465837971419234,0.5233638707627736
198,23.40798672328354,52.7876974697118,1.888792746780066,0.7188515238223587
4046,21.373661892002083,9.823629633999802,2.692403172450328,0.5933881620888125
1117,51.7854972187613,45.97084226693579,0.9813176091624979,0.5977890588256636
4208,17.690716088843473,14.217713211891079,1.0078842112486979,0.6773034758211746
2081,15.892570391606329,36.419951366191235,2.1676599838376482,0.5748752864035175
3523,15.040332422505019,57.62914236838519,0.518330888080138,0.39185949667579445
234,6.768157764763307,0.2394140912126197,1.1874651210486875,0.26746482267439575
1889,28.009986292868877,0.45639350398468004,1.0104010059903137,0.8969845978183986
3716,49.6718441534386,42.78702042438386,0.1320310810901446,0.11569048297906426
1662,5.565372702053946,51.51657903989781,2.1379394137411993,0.2480150382990085
3683,10.62439963880635,43.12771298769168,1.3626660195902092,0.08189572119657651
4554,57.03890177918861,57.03029912442916,1.9071292714983843,0.30083684461655114
997,10.556982431472477,28.67166865023205,1.4691949208209463,0.9542892892282712
3079,18.328931940575604,8.197543230547721,1.9528919914005458,0.26108519532275454
170,58.07838956445445,11.38832328468199,2.7262048321242016,0.6955607669846336
3987,53.00041568692581,18.968673669924627,0.5899380504391908,0.4686707541448889
2478,26.459466170826857,3.707256080225969,2.4236021474204863,0.678337002838931
1859,43.10727465549971,48.9791496310252,0.13884636737994377,0.8107911088103055
497,31.754071614804968,21.929315584004293,1.7258363850322298,0.768183517341015
3680,48.398949784169524,32.12146765955394,2.378003177362498,0.9386672543122285
3768,24.761626643659206,14.801778786721247,2.009845505958149,0.9014811410704618
2837,39.50533426358507,54.18511289392483,2.2770802137198145,0.4624220022146326
1367,3.6550526625341306,38.294043643162965,0.7189453543583766,0.44613770105680006
3206,5.57370801163043,43.42006327303446,2.4844454661017528,0.6476782401342747
3668,22.861070510360392,43.326570706898444,1.890881030341201,0.697657531949594
4707,30.53257267814528,50.7888981778722,0.7666458676869469,0.14453243529310322
4186,37.723759235586805,26.432606983076575,0.4558266734658811,0.28654775621872863
4561,46.14046960139306,17.25886244518845,0.6942552260566365,0.35486334719819956
1916,0.4025473946572844,9.529699997455516,1.9276083015092909,0.626997952602122
4358,43.619722341117345,3.4737804737800215,1.2874115054925277,0.08676674897378345
1635,40.28328335546907,43.41730289434203,1.8359437597741328,0.29878016880850455
4999,28.1950643893271,58.424017780567915,1.433929105505214,0.9247610422308243
4839,31.010630747758892,2.453565249969827,0.40470749026574293,0.3099689544991392
482,31.907169188916026,1.0635687564332197,0.3651664767361078,0.9108875661106337
34,30.6318598839158,32.35793448873564,2.631079660339824,0.02598288927902903
4722,45.81901290920158,7.366689440570642,1.4754313372637873,0.7204264319371694
1047,2.1764115942672158,7.92117607948414,2.5875841326067692,0.637638468890512
2073,48.931558536633275,47.77206810319231,1.9213344038422377,0.45130065134491937
834,34.21389460396296,33.67516782642937,0.6556271059903813,0.9705782356015799
3597,59.71427384345398,3.490276056451773,1.8587200745819534,0.5600783553206268
4635,17.115421434181414,9.462428563956667,0.41982673682712235,0.6268886979068072
339,23.067739463307365,55.477077894605465,0.8462993065624939,0.2324304570445801
3891,21.741764979166398,7.911487635489049,1.4593211854372563,0.5665680878101022
832,34.68652667329954,13.763393776588233,2.359283994539487,0.36552725891965276
2239,58.125562273896364,4.84544783008997,2.4488349822797724,0.4633033054127742
2280,0.10982989918673303,51.336914985148134,0.376538681129874,0.6043557733128899
532,44.127588974973534,28.372135932579926,2.4793365451478957,0.8418824043317598
2900,28.482174682137796,38.18140167534232,0.9676086969037672,0.32057092593581804
2485,11.1354480824047,30.351297323897356,0.5692681347612439,0.3112275746225569
4689,35.591767238438315,3.1722776580502487,0.7513015611961471,0.2793317582142476
4897,43.843796335306074,2.0785409450373615,2.2036987835352573,0.8787781138554279
494,20.897811433030732,13.357421331279886,0.5518023508917781,0.2129634118328898
3720,21.460943873958062,48.787755840483605,0.65049734860306,0.3934943807559045
2740,10.004055873715226,54.20895289950406,2.4198001443954036,0.7376105149899118
2925,29.311213208386842,54.881128926471824,2.6601900681369615,0.20859380297306496
3677,11.55747327775941,29.32470308879284,0.7862925908846383,0.9784516980221086
136,47.995684855470834,25.63346292804955,1.5022550904723806,0.45873274910089423
409,19.337864877275425,37.14285070843439,1.107783580053387,0.9564658229043269
2062,54.78367170590375,32.890695061262065,2.4176311048730885,0.7545256170545727
4057,3.308615750307158,42.64796314009502,0.3821681718371691,0.3842299623528763
1451,2.270535347814082,9.931916316513272,0.28987452507951156,0.47409390498399795
604,1.5180405347276005,17.37862328318614,1.1054421485974082,0.20379646063494306
3100,21.033255049620458,22.057830550781052,1.1467253527849102,0.298268483948844
3154,9.304814394141292,37.76989913748851,1.919560990638429,0.7520509831246707
430,32.338751221719235,44.67750357097584,0.6367907962742452,0.44737693464627515
2800,25.7958008491557,21.951385377685963,2.3502168999519557,0.8650885626977255
2337,25.53691330683421,27.52518381905764,0.1654101546360684,0.04279719507576152
1353,49.84996346585628,22.675390195015613,0.7628913623490207,0.5754105708823707
4552,56.752015562483585,32.24072099890076,2.5408767548141302,0.6180515844214736
3542,39.228290637395276,50.05487496974014,1.5035663094929987,0.06514995519438616
2871,20.43041554182564,52.838067147511545,0.14295617713831765,0.6617763637893974
91,36.23834300231696,18.439070720780073,1.014929176448807,0.7640966507848569
4420,36.24223008168231,25.259112072517954,0.908034452841753,0.9860473528398287
1786,27.537035372056636,22.20593669570532,0.5651747947413451,0.24548377887730355
1913,38.808878952918214,12.374064718862705,0.9414301048657475,0.5168031922801202
1119,47.3662348515051,0.18453986394651345,2.560038624453215,0.0032682670819275117
2430,3.158068275696362,11.487545525586885,1.7514648046953607,0.8685209700749988
2913,9.129193328399104,47.56795813052357,0.16219057132015582,0.6549291111663051
450,55.00542861313812,32.47351698642127,2.102017603583168,0.7820040863369027
1948,31.14883402672353,27.885536454321652,0.49618857188014853,0.4125280157065939
3878,44.07676347828092,55.91454512740219,0.6904494195146174,0.16470479027430984
862,44.28054906412318,26.22874037124933,2.01100395816202,0.50611568976306
2682,30.73176596663254,31.273053769495696,1.8795039371436348,0.18749563378590828
1486,7.24583861458068,58.48222365342595,0.7295068747395498,0.5524710214463651
3799,47.21081965253827,11.178748804422796,1.4873146154080357,0.38629070212470784
3562,52.11204452758701,2.5674261025588474,1.7717691919345098,0.834274306948619
4941,6.519066675813332,1.7500390959371348,1.5191641016601258,0.3450514397862936
3278,6.4645312378748105,55.08573405617846,0.7423697189609976,0.7779828806739841
1226,54.62799634340529,26.684711376307114,0.10151295195388724,0.9737608631486676
3208,8.157305636955579,3.08765634373668,0.30950510466052233,0.28171185896436224
1468,25.461047780755578,26.41470897265918,1.1907714461474832,0.8852963651777925
4675,7.6464873002788325,21.852386980385994,0.7571935792698902,0.9397770022458611
3400,4.973174919756731,23.703419126296637,0.9314555174007889,0.33992383591418196
1654,3.241946561833051,52.8105449651779,0.20520657979975818,0.7490422826894335
4013,21.089305666328958,34.11353820407227,1.9177589185358208,0.6562157851743476
1468,8.932895346956364,1.8706950699760028,1.1692433365752546,0.5702229561761295
30,55.36575124723734,51.344931226920444,1.8520172474370606,0.453097815079339
3737,48.58128059161898,41.6742261673599,1.2232001455193833,0.521466546425348
4427,55.06375397165987,3.881963441078502,1.0540515575096305,0.859677854607327
2918,40.27155679697043,24.324809947308648,1.830687372575134,0.5655309750152798
3602,48.01249860544568,21.64756840843793,1.711704952814548,0.6382580766865222
819,40.670001844164915,10.983170845839538,2.444837669528819,0.745468941358502
2627,9.904226215581694,32.01134814050331,0.496740474715088,0.19256118993577653
4585,32.818405721326954,13.682159933650968,1.0562261221544613,0.41931466696692765
2165,1.9259154090213393,47.6438472098965,2.5860209196248127,0.31921624145052674
4223,35.33735264339394,10.546788779420025,1.11632891417343,0.4187071785950439
2947,6.459577443582165,4.688698531337403,2.519261651364542,0.2652383535629872
3869,3.0431579891812555,21.162967026913535,0.833788272693588,0.5236115293699575
1503,25.380144036259868,43.39711776565506,1.8343840885960045,0.0033515268743119497
1732,17.342216247020385,9.275997014267523,1.9642716140346557,0.9453020685239116
4681,50.10666522791382,28.451323060288384,1.006829059169152,0.8607044074039376
4991,38.26173527161993,5.503967099569027,1.1471889876171746,0.7595426544219415
1942,11.483376423666105,37.69826819116076,2.144224852423965,0.6274904369744985
4433,28.71113475943917,39.01470249578582,1.2388506359179994,0.9263677563633923
3343,48.298440053560654,51.73580791037933,1.8433480020757442,0.49242898014711556
4890,55.826353099065926,54.56415607515777,2.714671666660143,0.8855967628184341
4748,3.692805022458634,58.46043225602897,0.99423641473632,0.21891207241828115
2273,28.633074337328782,37.62257476017131,1.0472641217808512,0.8164387742125941
4287,20.561126533395683,48.1147678322576,1.878442974692451,0.7833844373584775
1533,39.66992444725275,48.8042924983903,2.2727275328967824,0.16459608162404538
4878,24.056981226027943,6.992915870290563,2.711181620818013,0.02985432468650895
3598,53.82538593660247,20.097960633416353,2.694589538041711,0.5828122974968069
4785,40.213514717732004,36.739693874239755,0.20448168575280684,0.0925490289399763
1979,1.4539554963861057,21.470771663895555,2.351759612675453,0.5707438452519683
1870,9.094352925333668,39.21875364335987,1.887895531705853,0.8660579476168031
3926,52.32354416856759,36.923129815269036,0.23811234435775344,0.8030301763600229
2859,7.973744844714874,54.79026910062192,1.49802161532353,0.9070437117581251
776,42.76343168979684,28.31317685156208,0.5783854640522533,0.7691808503461921
4832,30.37945391276552,41.06258605052905,2.3210247555891783,0.17973515181157718
2157,57.91661885365235,47.253695922913835,1.868559617539254,0.2837261500483723
3260,7.889838084399463,32.887402357792965,1.2176285530302675,0.9869668062426513
4273,26.53208180420098,47.151332535036275,1.3880771890541028,0.6723101574436338
4139,19.030863071334856,40.98045946445382,0.7561878074018544,0.38113149987526995
559,26.804438427826717,25.92835831160609,2.7068733878453006,0.15000699946436524
3741,17.069996012232302,59.958795110274394,0.5321917077846312,0.633323499659952
1806,54.14210556858038,48.78109411686769,2.3500893200189923,0.10770459224320206
2218,23.18877260923798,2.835622043487893,2.7390772944508157,0.2899681142669266
4878,36.821282988670696,55.803617613696396,0.27518487483218795,0.48257086640273883
1054,34.232950927083465,39.71177302460105,0.33778708683086056,0.39998147316316757
1522,44.341976136826865,14.054277524308072,0.4021467346802011,0.5239773855514681
813,50.11250787292035,3.2154932644311796,0.651278994757073,0.35123553290861387
1840,12.332912223322282,1.6263835765176693,0.5587143802297448,0.8939198256758426
461,20.677302159912333,55.04412244298619,1.6826221184745127,0.33267768791389773
847,21.40308139759273,56.22682835324351,1.3470666354439622,0.23493556317521957
908,23.596998161861226,53.02409209034809,1.5903574738152053,0.2743217129400033
1539,33.97265238738413,0.6431561973423627,0.21496042395530499,0.9011549094394478
4974,48.55076778607953,51.36134615955377,1.4605047860335592,0.8159953620591677
4139,30.386430039555282,22.833521352567953,0.47459823631050535,0.9730607698143917
4946,48.722652371246596,24.17883633884466,1.1827494830419636,0.5075624802863252
574,31.850394841694342,5.034605270270642,1.5162262052727837,0.7340462241626029
216,56.74597325649369,46.41243953480842,1.2595684263063853,0.5989605128869632
1926,16.15844701249491,18.642921182806546,1.2994666353262372,0.20273510971623
1603,4.550141904150388,13.907119894766636,2.780144390120076,0.06289267281021893
4616,22.146493205003296,22.538152633847798,2.7630260849254213,0.7812963698398927
2304,40.36364561410983,26.928508883091844,1.0516297784752682,0.7208645657270673
867,43.55241105686224,6.621032768332345,2.5336208127552835,0.5414775621469211
1237,48.16318209258539,7.893150269550226,0.9428879429498279,0.4671076228188845
4880,29.209292189467128,28.638031664693624,0.5551080412081476,0.2451973876685063
1569,41.36193419194629,59.98596821017731,1.3190847407311295,0.5868123154312668
4765,18.033911632158002,3.8690087606421653,2.1565719227104867,0.17231939149238273
2660,45.885525700170206,25.236850812280228,1.1736910508028526,0.3890284767472363
2056,6.351755045156837,34.193150995413866,0.5892877341084949,0.22851451142929213
4534,54.95774007863631,19.169031233190974,1.4917479319261984,0.8413474891134997
4253,45.79752207063607,58.74379396177969,1.6469352875036445,0.6814226802585635
4077,45.23186503841128,6.271323668359123,1.4310341626174934,0.24401408100130184
1087,35.89968541658949,19.354927933267867,1.7662003234226527,0.42209984258408273
2110,57.36167874216109,21.31167086242269,2.1570306816129152,0.2917176286355474
3756,50.182377587169874,3.8111820225970883,2.691792215804482,0.3439638054275954
2145,31.517980295172382,21.659894661414892,1.057508541469007,0.044320935658772376
2164,47.61866237015538,17.704300418145483,0.7812702179096825,0.348446196110355
4805,6.322546831038627,11.182876251148162,1.916921035061997,0.11926159600221709
1325,32.555596652971275,20.805383436711875,0.9403538229973533,0.9944330726874435
782,35.68414998554937,9.734027297799795,1.5714998557904387,0.12426300272334645
3840,39.95614565918406,39.019495274127806,0.4316938976804915,0.3269541971601264
4480,39.67674134863949,20.70897425529762,2.640101046216126,0.18059684982723623
2380,4.614901504602933,39.125480299187046,2.73272432377763,0.04582643879981685
4733,24.292078707009725,26.92208994839846,2.256747008477628,0.8302500199970198
3875,43.497988130003456,44.685166678154374,0.6747150194052027,0.22246912008707043
3614,33.503374113972804,30.92240394993745,1.8984379867250707,0.86173768053973
4984,59.02302964923713,39.92797381257817,1.374776822181485,0.22640551483704163
3837,51.712250027134786,3.7061998901922366,1.9522073874391785,0.8402216758231812
4911,58.31212664695767,2.235095442445554,1.451293591556377,0.8929455618328468
795,43.36178167840533,56.889928486864875,1.9653024323870671,0.8366783302544046
1405,3.7651161524386922,34.43701999302376,1.0632479007293507,0.6187182554173557
2138,34.094266740692206,29.60248370500573,1.9006679925778824,0.18004335845030106
617,22.272291977762507,28.8495981141399,0.3947216097438796,0.6114082355324195
1372,40.71237888024368,16.085050034017275,2.5089756526315132,0.40997540138673805
4849,3.5538863827434586,22.657550383670834,2.2643474828633265,0.21623822793671088
768,33.96899892366775,33.7910022051203,2.6848366417479568,0.1737015358460634
3589,27.697780744362753,30.933946839572812,0.6199996680603839,0.43056304445554716
224,19.635045494830145,28.612999414459996,1.1304425567400336,0.9131813470902296
3059,33.37899003299139,26.09392891403292,2.564600674743381,0.22459624806059686
4973,17.553985377285706,4.323070058320142,2.473954614752197,0.447286287608723
1108,6.055002762372963,35.04933382859443,0.28877877128351637,0.8600940825898791
1889,6.036872540887364,20.709532731930235,1.4714848785799177,0.3794087051816666
1134,56.412692892536505,53.9085555720694,1.6262402447678534,0.38244971617066637
902,17.487585351383522,43.2270814041618,2.1868054413862494,0.5574639256912768
1688,21.111977321839984,35.505028865947125,0.7614024570922847,0.4794239113972727
3714,21.04911677584335,56.443031957484166,0.3071560829484965,0.5370676111568684
2639,16.120459435376745,34.43212209577754,2.364624978712672,0.00936421108861718
2117,53.865226463110304,8.936912876641301,1.9476122346453428,0.7176204980359382
4535,46.96353856590175,23.112276682433823,0.5541804824291643,0.2631077696885753
1980,27.734186712861934,59.3452383477486,1.4968051963916817,0.2682026010713756
1570,49.435404874913885,12.29254030700054,0.7189517020783911,0.28260272583334023
3043,29.48982639872333,29.23061257638399,1.8124583390965947,0.12323214932271753
1844,21.555930002917474,58.39488879888157,2.7007780333678078,0.7746786022680979
4801,18.62716933089785,7.460799975704717,2.714744406778904,0.2838105533214661
3169,40.7074945003638,16.018931846113468,1.815167094625221,0.013172954754817723
4130,55.191303579873505,59.454520095700765,0.14133373157077705,0.47537844595452683
1507,44.15269338312791,57.99268646370456,2.22103924508462,0.6325684740686017
3148,11.304375358716136,1.829083982260471,1.272372603224688,0.36212309235532325
1878,5.971258788719496,43.83020186921366,2.028447405462101,0.6814859002654184
2837,25.562788331079823,40.48973359514957,2.069254668257641,0.2490514262707635
3385,7.504292315011156,7.356257114948348,1.9665486546735969,0.9971854968222739
2111,1.1252292752431203,5.24068046581148,0.25554591853801134,0.8717407030718639
4383,2.3218098643499996,2.235462807699591,0.18278099809252776,0.12684230650688488
3969,22.99914795935244,12.50559886279822,2.5763231674814624,0.04650684949998052
2527,0.012090724112281404,28.890112162998513,1.7183375789796047,0.3418595522557686
4107,41.198721343374004,50.25844993559627,0.3823357579560275,0.7725478228116727
3395,22.20153673761533,25.645050389114473,2.01535873599597,0.7503853489605117
2819,32.52758158011012,25.067934395223865,1.2918779035246515,0.7180563678768074
2356,56.757783761333755,53.01674082611551,0.8509015108893011,0.3634617537411041
4615,46.52589890298958,0.5821715330640886,2.207482832777168,0.18538864808775124
1495,46.826084943119504,56.79618923739069,2.3839334444936684,0.5878472778852731
461,16.396493312931717,7.131503640390133,0.973007272026855,0.4139146357583926
1220,21.154264477272385,46.58677981596922,1.3986540027064325,0.9782036056238134
3579,22.044889214827247,3.931229478544167,2.0611589058928974,0.6639874351027053
4418,21.017638139629295,54.56446364151244,2.274587240791007,0.9039495748861522
564,44.86971234973538,32.637870760207996,2.482798696719117,0.7684451596443611
3262,41.10016155960144,38.99306153746927,0.2280026680345383,0.3026874847819777
4636,23.01490592982852,51.39271596957079,1.6495657817353888,0.9676789351343387
1530,38.051093017935635,23.448725040756216,1.0161448715426824,0.25194229043848193
1259,50.469499687162056,10.99773680294617,0.2602671014922121,0.44620330514823625
3803,30.013328527339386,10.139237539169404,0.44280521335989864,0.35321413861318607
4752,1.2065573648948247,22.587257488900025,2.1058145921068383,0.8808199518250287
12,19.091359366303397,17.642220572098793,1.557523913011353,0.03400494627077244
2382,27.716754724516576,6.618598241467282,0.5666177498146264,0.08317722545962147
4366,42.788537539931525,4.43264067257595,0.2507791899779771,0.6330125993936804
3122,9.896814956935206,14.050240559839153,0.5598394037956032,0.013088919155395895
4001,10.502355652887683,12.805141811924372,1.8777749596669402,0.46851763506286503
589,5.743420305963893,30.709192331305477,1.1165712466268127,0.6950312120436604
435,10.248438945241965,6.0798844036756305,1.6561250277277635,0.03321596824175521
3404,51.18616455407501,41.78203144629185,1.4708644732687355,0.7292094974899422
4132,41.620469561672515,23.90156422605986,2.5873911049634617,0.20542658884099407
4299,21.02645719944824,11.854998226536823,0.2090312013985199,0.24049556935934047
1961,50.3639768571741,23.78024525994689,0.20854300232561357,0.3590355118097279
4111,22.436978503310407,0.3476264281979624,1.8890072855611144,0.3471289196863121
253,41.25879556834679,46.640278601639274,1.130830173835957,0.7817131940253
3130,45.21041031323361,9.787696690325065,0.28191833584033854,0.6140357445161112
3314,37.178393675456185,55.353570731258486,0.3015661933600433,0.8615303737705368
311,37.69062575446686,28.52564251338968,2.7908952241769454,0.8208052318349842
3365,49.05933043040979,57.48104679648447,2.097318055089908,0.13154618632956383
4848,25.898923344605798,1.2229270396005698,2.4836928283329645,0.9609509184141697
2849,1.2712652830673532,28.61756165774676,1.0291512066009647,0.07380047014978475
357,13.764442727988493,22.87997346276754,1.4984830249408567,0.08336763878900888
4509,12.654647273876643,44.1372723921769,0.23480277379542017,0.8294226688477123
2074,43.02946629012818,31.143991633914588,1.8535325794187043,0.2924938547927335
725,18.849402174369082,53.386400351236304,0.6989505563371523,0.8931022979875473
1098,49.88491365829644,32.70857754888709,1.1049331336378556,0.45869587832877334
4195,52.872850882871475,55.21479375808223,0.24883661485998784,0.31951550422430774
815,20.33769073251848,27.749333843689886,1.62412708866476,0.5551692185547102
4630,13.429738317435909,40.02713371217706,2.6622374710509398,0.17302356065013458
1608,14.341552564642088,13.662121566677133,1.659885878006816,0.16077132809568107
592,59.3698401325155,53.67431074285813,0.5404148798182317,0.6023408787564266
4966,35.25574955432868,6.160431287112158,0.5913495071002417,0.3817025059606517
487,47.09403898228547,33.09780671951168,2.4200601983893217,0.8124709611965084
4950,34.84258134271669,10.67204001079514,1.28149307905879,0.01925604099571321
3036,35.340938113237414,20.76313462586592,1.9311456151830968,0.5393784095115223
707,0.7043967849133947,41.002577672937164,2.4301024389808052,0.7746298153050278
1693,9.29312238718816,8.634437671511288,1.3745338792842825,0.3636273278730603
3156,48.81392106451078,45.517253441444254,2.17323655059785,0.320160703961305
3839,37.71247743370746,53.184950455219,1.6772557301383895,0.49280278135609157
472,35.717341965707625,4.906072611737402,0.38747307414994336,0.3194442502730205
3235,8.812378297959967,28.697473233940563,0.11905441414755298,0.1498957967242448
2324,33.440568242436306,6.896756004420899,2.0706247734060272,0.41637438479150746
2839,41.84893568884184,36.10938741464531,2.3722900764774657,0.9398653147280281
2917,0.8584907538835629,39.10049316574476,2.2030707437057466,0.33432317314171067
4313,5.021127212629677,18.69802592051886,0.34917224239026157,0.04604002053803846
3255,34.14620766336752,54.82256882460056,2.4544250459696593,0.11273057929263663
3749,30.52735066441809,56.92505570336527,0.21133461422711652,0.7313423960390921
2749,17.098672778019196,25.956182235376794,2.4998149306353383,0.11861060801040335
600,38.30181046442876,59.19784106043329,0.9536392856126699,0.7545612929775145
793,57.05044359769883,28.961348160638515,0.6561983794903714,0.21242394505498596
1898,46.97992631913374,43.51133533656827,1.3332548495776997,0.7185918608842646
90,53.400086390043334,22.289902723319972,0.7914131802424886,0.5227222649853452
2048,8.1614688329545,42.334473775797996,1.5344619152128693,0.2517278351787461
1267,25.91229345117779,21.348456430276368,1.399053253838548,0.16499244135603808
516,32.051644211595544,19.921182772664867,0.5184868601487191,0.07465810424673913
4008,46.456778477783715,44.53638109614923,2.2232372076723586,0.7203690636491273
2677,50.35191922088301,48.09556974522748,1.2053124144090135,0.4466480474561697
4623,7.6258661534346945,8.953835792640943,2.2750979485764513,0.6736747839405713
821,17.782411561134086,55.32985881955955,1.4348338971787697,0.9540379201934301
2786,11.50699694950696,13.26150937866797,0.7664498352734956,0.5596160742391909
3643,0.6935630354325872,28.547069222462163,2.539707768760122,0.6843633770304077
1069,33.97581187019912,3.509683353537323,1.803410311545666,0.9515144238840882
16,29.498541272001376,46.53969905241985,2.175237406052913,0.03048972624540003
4229,18.27499038365285,45.68053829088783,0.921307897156943,0.46954372143458745
3542,13.545085167150553,12.536532320534477,0.1266228893757216,0.06499987167597487
3807,2.4333342910699174,19.439300738511164,1.0908366177809181,0.1503627883258407
2328,20.548421116619824,0.28177981753853887,2.7685331691722146,0.9559634812319929
3548,32.86036082352202,11.419181164178827,2.7121219559776204,0.8473723291916783
1191,42.32228049195879,4.244458939107596,1.2209216296772565,0.481320499561784
219,55.05235607802146,8.095179752996636,2.7737816129631314,0.413391265103366
537,27.94295976815172,38.94844314595008,0.40216489998265736,0.9482361174989039
1035,23.610764615239553,51.77541321611008,2.162274340796136,0.22183565421280105
1472,58.02868379890492,0.7233297664951577,0.683900369088225,0.27039794991125266
829,56.68021370565549,37.49496721057451,2.244146134379397,0.004733462681985823
703,49.25009994583567,30.35801608513493,2.0701746386839295,0.7844972536333847
2696,22.66908845465746,12.328298126114344,0.42414834378127275,0.8740562328008358
4987,1.2838896845503966,27.391185673921978,1.7924700284499806,0.1492391581271485
2752,1.1773661186594797,51.38975126449045,2.426349368045094,0.19121765658003842
2206,25.306392206601988,1.5490007213420154,2.360813771811074,0.5292334073828353
3392,48.765873270192614,3.9767078635826514,0.485420065855772,0.5082041123136615
2067,30.41259633813534,50.41720774225939,2.0829667824081874,0.86104586688654
814,0.7090978959808769,57.85248431791793,1.442148830934115,0.26125830886855705
4631,49.01850796167104,24.658520312246456,2.4689681266849814,0.9830760937980317
3041,4.51255830328302,31.950330901660152,1.2261454358837316,0.34448205487694705
2544,9.884413987493916,46.43791813919948,1.7519862479283876,0.006187742045474565
4775,0.6760050928245209,26.244761528869592,0.38517273523907203,0.32957062452473207
2541,1.701447762187993,9.146147850161485,0.6250333413298719,0.8172828756524176
3162,37.728977910560005,1.5465078330010007,1.0929467548377203,0.4996660717386381
514,11.361817226649453,2.5385101626696427,2.5805427820239233,0.8205664550553872
1239,29.98195261070163,20.634011235941916,0.12059174853971183,0.6761073008018943
1776,55.20545837941758,47.2161237658723,1.6015767229713094,0.3201952297161029
4890,50.45140367315028,19.10149983155573,2.3964279121149574,0.87074927776872
3321,30.953097967774323,39.834831112312685,2.05393959866418,0.7409120011262098
400,14.326123922226222,6.100751680095675,1.3889814948347265,0.9203363206314075
3544,1.0548722942414424,48.11948348269043,0.9351610269067174,0.36677342300884186
3102,53.45730433163328,58.824386540699805,1.92198938107328,0.5674122461555914
3351,19.02806522569476,13.441866271276691,0.7094511678722754,0.668780275369774
1327,41.02601631664431,33.94533740315955,1.3550247296309657,0.15379685555393285
599,54.12935375776816,7.1236372358290385,0.9451665908154123,0.49000532157390386
3064,52.425368463420014,21.933275334792853,1.4885414996679496,0.17106848253548768
2319,37.51550539640179,52.83690780757793,2.5166157705238015,0.8932617236308152
1206,23.164070588632228,0.5274118362653257,2.2505994979247133,0.07404868686237975
2739,40.93118881203905,14.749066326380948,1.822064321883159,0.14773613584052336
462,20.88507817194987,48.67409561881679,1.9184188149483525,0.7610835605535429
734,47.73816922417561,10.74158271212804,0.9762511736171342,0.3642213228052563
1842,38.35766012632758,42.68731659315215,1.1329024270134254,0.02223624021778836
3661,6.278367195136145,41.41579379967281,0.7172041378625308,0.18163746458182528
4296,15.267081956406386,4.790231375424911,0.33164240635609044,0.9301554149240839
3446,32.518194679813874,17.279726011243653,1.252565586559263,0.6335894868745413
3289,27.200279794044555,43.07317597844697,0.7598529551886293,0.5731055466129261
2781,43.52014409439604,44.109859845084046,1.3391962175619518,0.5210869725686149
2377,42.893666622075116,30.68726493076892,2.658915201232354,0.77008639260239
4994,50.61728892294719,41.964108714461766,0.5540901490153756,0.5851186810212523
1671,36.486378369459494,22.85771810629974,0.10591312660489904,0.908220771382586
1236,55.50912426787918,57.72117745459479,1.065242144522284,0.3626832962694042
2676,41.213240378742604,33.11613789189461,1.7206779465060607,0.20933623512806598
4798,56.301725584103586,29.456535799858173,0.30616158102944935,0.5707298084351928
3288,50.00595358118572,59.023744471643454,1.3381806254229505,0.23440496552605927
2643,25.845184331408454,15.348275107515438,0.6549947611726202,0.3720497751307532
1011,56.6747737465102,10.978600384108665,2.4383921823312016,0.9345733463591325
3451,46.633435366838846,50.04910094704374,2.35171662453281,0.364435693972912
2385,54.51194398275689,54.52767725286441,1.2818672304204917,0.5675268304601724
4944,43.76509060634279,46.9687741861652,1.808617826364895,0.6108685096744689
1467,3.7459836960860815,16.975654419949905,1.1104859657513313,0.38952710621945363
2285,59.16371438128878,23.43761572516186,1.4283462873507968,0.7996793203254184
1133,10.129868842104685,15.751113348107177,0.2935774155308682,0.878747034353656
4512,12.67394321811613,11.940251786037969,0.7459291715875332,0.987204194056927
1196,11.312328944715865,52.00506128543022,0.8935948397662956,0.7054239595377666
2022,33.77139354709664,47.694204900704854,1.4967372282980862,0.18484415511027985
4367,26.941031778163772,27.487774537474053,1.6173050291952284,0.8222641292090642
4480,46.17770950190368,25.490663833441246,0.6996617785708511,0.3453488348734478
2280,41.79032762585105,48.087218133806466,0.7352205963366918,0.3244619470486326
2761,59.27961313209235,3.319539328754104,0.14815786985139284,0.8125893987135915
4766,5.1712938019698225,40.20104857004804,0.5208323484915369,0.9058138865602978
1398,16.176146590399284,23.234970801212253,1.435261519598627,0.7672645533182371
4497,55.39734211007142,10.839264048909449,2.441600520488001,0.7893736996957769
2051,39.27493783423436,48.47194702561844,1.1032341670076995,0.21136184015156045
1465,16.154080883967897,51.269309548035,1.5004805663770877,0.09182882915281398
4673,49.080298648287254,57.98269737673102,0.9452034386372691,0.8306540147062301
1250,28.897306035614125,15.298415441026453,0.9345619742259709,0.9487035866269723
2178,6.926511574511536,5.246787686483135,2.4022666126086056,0.6143066653268832
2595,5.44537674814253,36.4538579090507,1.818425921166796,0.5390010614397449
4892,48.90895936866708,20.020945284868954,0.4480120353108227,0.1814371401450875
4353,3.0858551855140304,37.2808519876955,0.1567966226679173,0.9234224917566938
4624,28.27932392608534,55.649433581526225,0.7896555931737795,0.5769150607643042
1982,20.808320862132643,0.7469179041567675,2.0219974720443084,0.6935515483048145
1401,42.716887782243866,32.43893123506378,0.8034266358330874,0.03868416589309254
4986,45.587216214277554,45.46067729696491,0.48375763646963266,0.7472018437494281
98,17.741564645707047,56.24161924955162,2.048692785163262,0.24573159844420034
1866,19.70335865541,13.606929736995939,2.658002935984469,0.8312644245504882
2340,2.735448321217455,24.70433202805536,0.13522113079473647,0.19610261545200858
710,14.696464872604464,12.13562995929996,0.5232189080728417,0.533828559852957
3593,19.825584367934976,40.26717703038272,1.712040749370257,0.27405779829337307
226,6.185692112233423,1.33093302852632,2.5185146692288307,0.2807926335193922
1286,5.246289381651117,27.98439479934224,1.897095717500754,0.32079642599863845
4005,17.141272985548664,49.33319156568914,1.8197501257877695,0.6838657116441585
2440,24.738492073498307,10.753022145083861,0.34883501971391717,0.020429500853201166
4682,40.23200497174654,7.681113072139405,0.889002169581724,0.14472763892938278
2526,52.82626710719286,25.88793448092791,2.2928783837960043,0.08377858165029828
3489,29.855319206727746,47.38827217213563,0.5182340544945516,0.7093031120852104
3394,41.715216921688814,4.832496232835943,1.8568934350737218,0.09444989058202857
2005,49.520745512172,51.27747923378338,1.143408023828835,0.49949513403027324
884,21.106752154505454,55.421322448423936,1.3093387472691964,0.2520182676929079
769,49.80832042999455,45.571500574095374,1.4128225116835038,0.1948756665134771
3804,21.293689230287065,37.60844627897215,2.5838638566564143,0.49804704442846315
3441,56.54003157866311,55.343714450123684,0.5706875101428647,0.8206945123849554
503,45.78252635870108,44.20872998254981,0.7019663975241455,0.648994327166613
4084,16.90912955273016,55.17700478389557,0.28430345066679114,0.5415078927000105
1868,26.742548739936655,0.9676011344672975,1.6400222745232726,0.5093944188819758
864,10.752026481868945,45.21178110422879,2.0713699474618292,0.2530216738073592
468,8.395051333076225,27.790579570150562,2.2940833340921336,0.749140107871371
4435,14.931549928210277,8.6660050586375,2.0571306045856286,0.1206173413850351
2389,51.92080596675707,41.21650529100619,1.3359293090986954,0.9579362714218732
3515,49.91386466786679,37.67851176456096,1.9694685939283931,0.5617736096959401
4857,50.69085360173476,34.374250153242336,1.8282270730422303,0.29187903526134706
4516,3.095440024626921,8.469943935137733,0.8317969420418501,0.24499216676392654
3603,49.34117332532062,37.23074892602808,2.270724889332851,0.5616908310932112
2829,14.722703653239932,24.65310846825684,0.9496131186607217,0.1551367427228897
4990,18.194324867450522,20.57130980219325,2.210239587756146,0.13184714603971426
2414,16.75557638036072,44.803727647136185,2.637590381357759,0.8971641292053398
4436,24.165504197601972,3.801183439439999,1.6511041904244186,0.22439609831934526
2103,56.27408430789533,27.58322045122828,0.753840959437905,0.9538814583099523
3574,34.80099881104777,36.60401255452609,0.28527979592201014,0.2769355680322182
1286,5.56933299387863,27.994642911027064,1.8886738808856536,0.08978536620788391
241,18.687459457787035,10.202972557020626,0.21497079058527843,0.7267961987373518
4041,39.99004614829106,20.885687407947316,1.9615628225389492,0.6751642065611665
2322,13.138596680031615,54.61940958225098,0.428913700035343,0.7905565851441118
2817,0.0896091991015413,41.71045933466634,1.684329741109937,0.11963388814426679
3372,42.18762921435245,2.047076826474037,0.7442918179020214,0.1731343414879417
3188,23.36832593137825,47.75985889401183,2.2088991177970154,0.5719847506962209
1288,33.40276101435569,7.436955641428737,2.680766040784898,0.9242114037510637
2319,33.50495454047133,36.549420291075265,0.7053821278778751,0.11910037725046485
2706,34.6326429865776,47.587286893192584,2.2881048671518402,0.612067519195036
2356,31.257293669198127,12.001523463790404,1.8979531485287353,0.05054243047238738
550,1.7760762016169207,9.7914015268044,0.8706419111246314,0.4164793602546788
2798,56.02935416679658,8.18849359325843,1.368972534925672,0.6981742537828132
1807,41.613881665606065,34.69456899059809,0.8771257602666971,0.2392769915806724
1382,52.16139133876651,47.61153913437449,2.758870989908687,0.8999027434496298
3862,13.08510550065489,32.9025957142609,1.8898541245147198,0.37044564928096013
71,35.91243020635611,4.9581593584418755,2.014397976510849,0.9729276080428098
2355,31.602191606694415,16.16451929889124,1.3473602694435884,0.9394876899928688
4753,2.6633201544472063,8.51303930296569,0.7618207409288613,0.8155790284659248
4538,28.310039889717903,40.57284748399857,0.3972732512964251,0.1689037426522877
2978,30.08831081534049,38.49716890676957,0.8996783007004732,0.0062410228146567714
4925,53.1876854771952,41.03706423345535,1.120131716799975,0.07929623372678718
233,0.44678906319598033,46.755876624249694,0.10777067073334022,0.6491022971057298
1975,40.536922447010966,4.107788924097971,0.4323956491951185,0.3136772821379227
22,46.391083958830286,35.33619617513429,1.508729810044258,0.6921548822152618
3971,54.70673002492783,54.021241926734845,0.16000981947810242,0.7373982125545844
150,49.919445857373645,0.7388414964617773,0.3024539629761431,0.8046974057338181
4906,0.5328277452803931,11.691892686978829,2.515645369385305,0.42987392726939344
1484,8.003967337635817,55.06273757025501,2.7414537517083097,0.9264091525372569
189,12.578208710305825,41.80443581291575,1.5555854935705795,0.04172123329467392
4271,8.478720254878764,21.02902381156535,1.6747446326117303,0.5939890505075957
4304,16.861348165537443,11.592108996821457,0.7642434812003377,0.4508559385977603
1631,42.30765283525546,4.749912705945032,0.9852730801759377,0.2099496807637241
2188,27.306002159575307,52.11509170313453,2.100030271968401,0.8193049399480992
918,3.836102495155027,50.69101357332492,2.028517510069165,0.5508735495444375
3740,28.801603501369975,24.215644616131865,1.0866302429951167,0.991160582750607
2499,43.19549871048761,29.703459014325208,2.580163190307307,0.4953944534134618
2046,19.57213739070229,41.18187279263968,1.4359237336523885,0.47012384299951115
2866,38.59744724389037,49.74306375248775,2.095105268297766,0.3152284604490091
3888,3.8862550032519794,51.380702263254236,2.4049906557276413,0.4517835058018489
3597,25.712277844301074,11.761443509585321,2.178474499425362,0.38451749564836146
4415,26.445438525189626,11.363771160378535,1.6558869947406682,0.7008028624195275
20,14.749226369609545,50.615823551736725,2.2017574685360333,0.29225254793995903
4388,32.554181164917644,32.15934319406467,0.5372225196819304,0.5485171110594176
1720,53.71475862903189,39.4282341454646,1.2694759087884016,0.574755580290123
190,36.4813955888266,16.342598651492356,1.862926214216779,0.4096801071587034
4050,2.3971955336061357,8.662048857364047,0.9415604941833576,0.8985901360489076
4864,6.985128211128324,6.574918544310622,0.6929991173031957,0.8313940669137878
2580,17.512550930216456,0.6378506527546457,0.9902999979743475,0.8132476904070561
379,9.26048958674274,21.207264639496906,0.20335995167305262,0.4813061436609074
4246,8.201103728624705,40.67194896340693,1.8717983787925,0.7576831610776293
468,16.53190210338827,14.994672550129149,2.282324766511802,0.6604166080276577
2782,9.50851084026061,8.279872258940543,0.8103121245413171,0.6320977641468475
2546,11.287297024078596,26.40116385499363,1.9409644505255854,0.19128009204654284
498,37.8965444373743,26.623940116779437,1.8463001414798426,0.8819963685926526
2942,1.4229009795155512,12.738845896737152,2.2680117208228485,0.23066308931256585
1529,47.921552538324896,16.532769492201155,1.285685660109878,0.29665926592133884
286,49.86551527879567,47.313335055270485,0.7397564568224192,0.7912438060022514
724,3.995564666592557,5.838616095507594,0.8801072138755932,0.17139588149813412
4670,32.120044432433346,33.290754510484284,2.132823444046622,0.929818537184532
4422,50.60497530060486,19.887352466001275,1.9613423775818777,0.6076304687094312
3592,42.88800075964084,9.963316831431186,2.585078712557176,0.5593882321438214
891,59.12788494977349,32.775394682469575,2.6326640256158225,0.5128040548676549
524,45.32071464116325,8.197705660972192,0.5519258810553854,0.31736793433541755
3246,3.312695441300808,36.006469728555466,0.8531787536969836,0.7196422280185052
3971,41.19597673275856,23.484909911956233,1.9666262895889273,0.44316413543019584
3876,27.681578937800836,11.207102353856355,0.32556318257935435,0.1722416353293431
4521,32.245241447299726,14.824873264247946,2.549221589409865,0.8382201707630921
3418,39.50003749292697,21.017413013446127,0.9037989986485471,0.2845906701417745
820,55.247965439740106,50.802209340122104,1.1049235785688216,0.9266006399062993
2036,36.12655398721057,17.914658601677154,1.7941144726293683,0.6999509749426439
3417,34.99398296491559,43.76034721082215,2.5964656578622423,0.8112006679526359
284,15.75145783003821,15.363018460639111,0.4231932292641971,0.42221119539889473
3477,51.71555933469992,14.808376177811342,1.8534484546055692,0.08169463924753861
4126,11.753656694374364,24.674915770787916,2.0192524251629673,0.8048297903117803
2493,39.49416428488425,34.85518927390759,1.627551708516994,0.3793896404667181
2903,3.9225856192236153,43.53098310707972,1.8289756232841803,0.6731187029240034
2730,33.816154018117395,30.71774331261903,0.653303834875314,0.7675243408448509
2245,16.455019534325164,47.13865204846284,0.25924621686626925,0.7886878702653027
4244,34.03730401114352,19.64939632513629,0.9370077118769253,0.5134467451974303
1482,46.70902325380939,46.1633817275495,2.6186607959677533,0.44318515642601186
1540,6.307571078232048,48.247179795610194,0.2796023164141428,0.31410973041744683
2597,5.477848242014824,58.38088679393707,1.9799360628686795,0.2650159727197481
1475,14.445379264171683,50.116573178406895,0.8493143110285272,0.6146521798433974
3140,22.352431643525904,2.137841964416165,2.2848484481770868,0.5099567503325668
1366,4.866863433028299,38.41751881048159,2.0498092687155545,0.40325123594892076
1956,24.072470594075835,34.345886650150064,0.3881566970333351,0.016282461151853278
1633,45.69230207628546,4.837544874236583,1.024342867996302,0.3647848986179728
3065,19.755649422028164,19.499762006391336,2.2591616219984565,0.8737077984081446
4969,17.112885439004764,54.34054646831248,0.18611149912965638,0.7189046541350381
2453,51.86299706740189,42.098406936274266,0.6927261591256608,0.8771656907567462
3824,2.49024329121448,46.37430672262063,0.501500906312062,0.7265946824466827
2899,52.24209640735983,9.659390967695767,2.7610472496806207,0.011031510138735046
9,17.256336308822547,49.951885683999954,1.9028072346117133,0.15552190044621728
973,54.42986336936422,38.39426010442775,0.5717569677911439,0.13966733103536166
3412,22.540755427283877,56.00388861934031,2.0568527582717286,0.5227272353040118
265,21.637087239138843,59.40565503726229,0.297585375984592,0.2890620775828372
2656,43.76357822551812,59.84172930074124,0.6662041105229846,0.42507400131463546
447,8.540151170352788,31.329519460730502,1.5153348419641677,0.07405350099347263
2238,49.61149452860373,40.43778490734981,0.6855473966700216,0.8062960874931924
4058,43.743360691371436,13.845445108831127,1.7689320032180174,0.05510163777256483
2895,45.525380098909466,38.18286809201907,2.095881239808375,0.6580547358883903
3857,9.431112817728653,45.76127390047375,0.9845645526217267,0.8791755261997154
2603,37.60100739736831,31.125113963282953,0.8758213492354288,0.5937779825513408
3933,23.790721551918566,51.00868771285135,1.9808730133332153,0.547731203585044
76,1.4278200012965736,39.748722692165174,2.5701135492078535,0.8296955163309608
2221,2.601865496637492,50.468603603857446,1.3975901654575598,0.8330522280375213
2637,27.082418971669753,57.66923782033029,2.4323553254880643,0.19302006283783946
2409,54.267975530702834,6.102169126301272,2.0910848221758496,0.8956414539782103
3196,44.3085583348621,15.95536388465309,0.5936967573148635,0.0766659315127931
3332,6.544974161507639,47.127614566861254,0.9488047395513709,0.8511483589857527
2626,40.18131800564807,1.1559738175222334,1.0725708510814551,0.845142852502583
4172,46.78617171528267,8.87429817705167,1.833292721744359,0.10216726084584438
122,1.5068712466714551,34.707041296762455,2.4842327688423658,0.5176066645805164
70,9.649821035185076,38.566673549537086,0.37986806852352584,0.43638637562586036
2167,23.29667914934712,28.77351194200723,1.5590434651566503,0.19031223619882953
2082,45.94860467909326,2.6948243518087778,0.9206064348145464,0.46818983042890183
4744,11.55795866999512,26.051242703338396,0.10392530347723068,0.1388502458304014
662,16.49680328845634,35.251509349416914,1.9447635412006625,0.11544057834233556
1016,2.4576059425796615,47.106826346235735,2.590218834127571,0.5462289245216501
3592,11.394864534758174,5.0435598513446145,2.122167130177384,0.10768731874707604
4413,7.054510582417349,4.061260831764779,0.17301032211967102,0.6803017889583551
3298,20.105388915119047,32.32421112706417,1.2116263004967147,0.23227599504605956
643,48.95732679365354,1.7460278339420987,2.0068663927512307,0.8662471687295334
2647,11.566719994253184,3.285192938008341,0.9985911061627489,0.21162805153552178
828,30.239039440330362,24.149962068967238,0.464257394244725,0.9759272170941553
549,56.48659494639061,46.24632664971597,0.8227423273561809,0.3691212748127377
2027,3.368981931046915,54.85145312556765,0.31740584442537423,0.13269755388584992
362,25.51854176020376,14.718985720464591,1.190862344557608,0.6121942606953238
4418,54.1358915388499,6.962048214056087,0.8676198501969427,0.8016685240515522
3048,45.714451865625584,37.35738756989716,1.2105243229999576,0.7245082350179972
4591,46.194263445538745,36.32575443338253,2.307985573577797,0.01640524407922661
3998,57.86095225853538,22.2310517330838,1.8871223221971825,0.4129671586013769
394,28.31096632309704,30.62350476679049,2.0039335231570217,0.0703143855658096
4082,23.966410169692416,11.757518125832236,0.6998973562366507,0.7632108191541812
3690,13.522469872074492,30.240253642738825,2.617735122243418,0.5739046431655801
886,34.86446735493527,36.871554878473354,2.555278650926783,0.019055600015113416
3392,20.640976293708974,0.17002818398717867,2.1467210470842617,0.44650813706051395
1720,45.82958921096742,15.360494834204273,2.46484031365667,0.22576469637376995
590,36.77709554339448,25.246559958500924,0.3820284797776283,0.6440391429144464
2146,59.83723597804532,29.634932130034912,2.3108174301525635,0.22088459928464987
3504,42.52970461567618,43.553725374006156,0.49022151631259336,0.6865695384447804
2968,38.42257940217026,25.134536834756865,1.724061878238547,0.10190030885560786
4652,37.25115038281031,33.15984329902013,1.9964812392916222,0.9967368852093653
633,11.970410627767516,31.69274579440697,1.1308225520570367,0.3141550906650288
2616,27.86478211088089,44.39567769533202,2.128403587249175,0.23538576074149264
3969,40.30612482935051,24.610018989438796,2.180829376515518,0.6618917423581219
4629,28.12520120572033,53.11520655648722,1.117559287590793,0.15403429645260902
2589,48.05973174381994,58.47686210658047,1.105818447617945,0.02804973158697255
4355,38.67229887541194,52.181554599356105,2.2589298213999194,0.905729554075078
3407,59.622961194262565,54.58745565799963,2.1629380027349234,0.9682191816244397
744,48.61013292160746,7.544378574614232,0.5025995647052603,0.9455689584771598
2085,44.51230766495339,53.671043485546114,2.383291446860931,0.24546260922594887
3463,48.90092763809969,58.21965823914011,0.5294224907695091,0.6767839093073428
3776,8.556806457331112,0.28176899605098615,1.5921922936267912,0.07819529264986613
2833,24.162183397804647,25.58202288887682,2.516697175917744,0.5429153260629255
4651,15.574340959575723,20.91459789710934,2.3873586955158634,0.8010658599522239
653,44.794399226495734,28.30952680868706,1.3062053332259296,0.3666241825095179
4413,34.76121915140596,20.493744861720963,0.14105903690827143,0.9709954494123856
2533,43.70231358081144,28.540627366789025,1.4055460524745353,0.8410338658821783
1950,31.83162583706369,14.165556832943306,1.7004924757717625,0.3360374380259533
3395,56.73915861550432,25.13284681174108,1.3167998731659742,0.20620558485976015
3385,24.009295955090682,39.66206228006439,2.5241900935332198,0.19231205364366832
2,18.252847003275484,28.181222820529037,1.9657278567969116,0.22319214443294544
2252,16.73328962622034,44.91884791339082,1.911782183018002,0.5147051334406346
1856,40.49562713939648,52.21238721130202,2.170290922481456,0.12900036219520683
1145,40.034741435613995,13.708716843047517,1.8554818687815613,0.076090485036165
4963,22.178576786994075,53.4560660600526,0.7415887217369199,0.11298907406099556
2402,29.6752100395361,44.1668562504296,0.8375115934502442,0.04608037283139499
3574,18.92305158967041,14.235632377496465,1.9962518785566001,0.9671878418886446
944,41.31162495631133,10.042619950731645,2.297117739349373,0.5425860962518709
3828,32.18645882167803,33.152097878387245,1.2666794340160394,0.23730114367574906
3084,38.55409740317612,38.3092486949678,0.38860007927938045,0.8067930478355643
3451,49.84642937503191,36.710469855228574,1.2055620090018853,0.5472491092031516
2487,27.930108896180208,54.13009603961335,2.096776897705184,0.5290826912549627
4873,15.402710009333422,23.937813960801726,2.407945437867693,0.8617618474784675
3173,32.59852585844852,55.05382379101173,0.7377256533722609,0.7181474292920073
3919,15.113032899200585,22.879374426323796,1.9745739363242427,0.46478302895063794
2774,39.122380459295414,12.529995630902961,0.24322734196941323,0.6807748536645429
1558,17.81425818734037,15.89042037778948,1.1141977496936937,0.48148851552579786
2860,14.302841072743176,42.26545858984104,1.738941611141796,0.10152713118192047
1322,50.018674659406926,38.658615721513804,1.07463697969127,0.2856666289925204
2957,43.55598158295567,51.60316563787028,1.2690884185241287,0.7756607014085333
294,54.792450558814835,42.1779582497294,0.5335423711941572,0.7323148369762954
4756,37.74968997499296,39.53824395659825,0.32619080880811224,0.177285840136289
1186,58.839045119491516,49.13616779647779,1.57161839263581,0.5116594885430565
2880,33.33725113933954,30.497981392478156,2.771147261152404,0.24058893429418482
789,55.91839553035301,31.262455577909783,2.377315400134614,0.03485259188367129
1021,51.27052719820457,12.553987505052673,2.154278674478932,0.1782504627241115
751,11.662051451285294,6.112134503590285,2.583078352293257,0.7640178240309201
1887,46.48693709799177,58.06693848134918,0.9540837092903046,0.26931509775964335
2929,21.16662389526812,36.350380401420466,2.397523807546155,0.9260558763902932
3305,21.052479988760965,36.53166517909346,2.7703191068027713,0.32226390014580497
32,33.75978351589852,5.607464952515784,0.32152182737176993,0.3180491576739487
1258,19.5564048017999,17.367117417575255,1.263816026989335,0.5947512128919498
1220,2.459909680882637,7.863908042242345,2.481384759561329,0.9722335786209952
598,3.8954286728806897,35.66121882231795,1.4592719005858423,0.595092618369852
1879,11.857059665320078,46.912919838984934,0.2029690402719459,0.7060998397361958
1736,58.07315240270993,53.390231854487155,2.5126537645865348,0.927924133725183
1493,27.6644732361981,28.23287469912113,2.402891275189879,0.20983184263432397
3584,15.88103754646384,45.024724268093934,0.7622337721396754,0.7238505976270867
4880,56.67681134528565,37.640790521874436,1.2777797714862096,0.04189203737649805
3054,38.54572647920937,16.09449909780024,0.2294433392477136,0.79057335039296
2449,37.6696488034915,42.47358111429349,1.711817945471893,0.9881599927491211
4171,34.48567990440712,12.423949022202262,1.5415713255754047,0.5709989357273693
1140,20.533581705768338,32.62688960962721,1.741780694516474,0.9111891386678839
219,35.118256000945735,31.88373941457423,1.2989053908814647,0.4906161702785613
4331,21.137132572315643,46.82689646256749,0.8250961266673392,0.3571547955387846
1909,51.03415364722558,35.13465724876067,2.029111113364048,0.5406058251563579
2262,5.0663921978902255,1.6327408066178029,1.4908422687868026,0.0013328240469547836
2608,2.4682055912885814,34.01012053357293,2.3819597734455114,0.9499705645284039
2692,3.983887569461102,7.18203114784719,1.2483148150325867,0.5421607148060422
668,8.833220055465796,25.850042250102632,1.0985957014137175,0.2477441215384253
286,42.768953051431474,45.003129165829144,0.5198692146278694,0.6875808598557248
4103,10.803137763551982,18.608094168937676,2.674947531392724,0.5874335500992165
33,10.800279937203195,57.22537430780487,2.6802115804761586,0.5696683208792023
883,2.500099171005199,46.125706168617306,0.25134240318231826,0.7470270448298616
1652,59.87110450695661,39.406825452014864,2.7947518322216687,0.9941088439266854
2320,22.170372485352857,0.576942139743144,2.7470801485446033,0.41451638274795677
2135,47.82299390830701,37.32907804236303,2.7510981084013775,0.7389702227487935
9,50.478718508040764,29.622975333353097,0.9879511360315163,0.6193795280572338
4645,11.324474835427703,19.688514416166555,0.9124899140432613,0.31242789832106577
1022,25.38822395493858,18.103989464209178,2.0646723542898595,0.04594811090649509
669,43.72652827815506,15.663456678517276,1.8466212366546486,0.7897650012621092
2540,5.914563982048597,42.849486394144314,0.6838313423900854,0.8887735403380108
2577,40.113529031454206,36.509145682814605,0.8946912245269983,0.026620855284799405
4671,17.353946801026506,48.440121460064,1.547879073048914,0.5978288388378851
4577,41.56273312222825,17.454996536135354,2.2441029577892126,0.8257187931628305
3451,49.99629855206516,1.261046464233948,1.5688176351894978,0.06348240118657711
156,49.10689376275153,16.489954967832073,0.9589875378659758,0.6592422615241208
2508,50.1457369432119,33.04058833424091,0.6954647731348845,0.6760617581525756
944,23.747082016320956,11.214618663843352,0.5637415816870313,0.08749752521884024
1929,30.215880767239177,8.123702750485162,2.087367083665098,0.3038039154452622
2299,42.89942243489042,38.120827435449804,1.674689184073345,0.086669822190659
3122,45.02638363897677,46.058128179344315,1.0570057959066794,0.6524932110331625
487,54.57637344562464,45.33953827166238,1.8859745789322362,0.40793961260310063
3288,40.34480329191517,7.180848265156532,1.2720991347843673,0.26146786267581257
1423,44.88239881507129,16.469197336662774,2.452111424567842,0.36987933949837826
4591,18.447020319991775,44.875830253025654,1.3713534332465656,0.07894439604230097
3373,57.586922834266474,45.46376719060358,1.3594081118406856,0.7019362547246693
414,21.730728807914517,47.54386708137359,1.842654237602489,0.6160517147894552
4235,5.272759681877909,37.272634988471125,0.18994579546921592,0.0713818750290992
4519,46.81339168439771,51.7414071631217,1.444284368257322,0.3096528909219344
3240,1.1142468289390317,49.10024890951158,1.4947715464252946,0.8817420447157781
3148,45.19305541074783,56.4174343856051,2.576399791013163,0.2756382110403536
1505,30.33305669946089,59.01256250448082,2.6819601436373692,0.4888969893573011
496,21.993446088308467,49.37285385701244,2.4641398055657815,0.39458918658257536
4716,33.3678139419491,10.353539990466373,1.1243663202180254,0.7643137218848656
1520,57.34969912088267,42.09348955989475,1.4041788905458996,0.4412645625381896
3120,49.16916585462023,31.94905010430866,0.38127536291435893,0.6000007522607642
4763,48.21978400131057,23.022161286204447,0.49903675573179596,0.5260442028434237
4557,22.673382711397714,49.229877505284406,2.584410150896574,0.9934197317697504
2910,21.106356566168497,18.66788081113715,1.3007921052858256,0.6916916252532798
376,35.85645850042264,18.23196204702949,2.462079969361872,0.28929460277813734
4680,46.42739211633322,5.153251090271446,2.3844978370266605,0.7631252121110954
3006,29.063189505467847,9.789501891444278,2.774237688481894,0.34965748446725076
2957,17.277545679158262,5.097431812523809,1.3117393277646048,0.7256251300228435
3109,7.520635167575486,28.642843032755334,0.8462564845059655,0.7919854097269007
3868,6.630141602671231,47.18687430234285,1.0284437357230338,0.429259384741815
4456,32.54393191267272,54.863213760489685,2.22790533508644,0.5444023049754578
3140,34.1598014911205,52.04403432987044,2.7123506653231013,0.8630407961800893
4082,52.19267304645916,5.966290793356464,2.7981782928991,0.44845561431281467
669,4.49377894212061,16.183953524189743,2.0378096488490076,0.3717720341643803
2240,38.22492378296926,12.830812466099923,1.4150067828762463,0.8076573614130863
736,56.933980200310366,9.74699070416515,2.5121271238688774,0.2619922955570012
1012,7.479871311598513,28.66586946735405,1.100907845576286,0.6051955964115988
4738,23.33508956866696,37.847238688040605,1.8071920076073238,0.9263966259982727
3874,51.353564919789406,12.851162111018699,1.6564056693140872,0.4550742714919156
1019,24.939404323335356,37.190292857619504,1.863256670433869,0.48340959443544973
262,4.7146725934313505,1.280933962624411,1.354998419402134,0.21053422717796166
1888,22.688107633027577,23.460459994477368,1.5263156752957336,0.5451435473424716
2826,12.98127727621823,42.18482455998619,0.331329337071556,0.9016516320774662
2303,59.996424268962414,5.902452760111931,1.3502517349158965,0.5305431044245783
1174,35.472816173900064,50.73405688798233,2.0241973975865717,0.9988277893172542
767,27.648022428452286,40.30542582108826,1.3533844261000512,0.2533197313911778
239,36.9504584962698,29.955538710037438,1.0703831350974393,0.9431296244475347
1124,30.551556575424094,35.854179925484445,1.5679387730046372,0.07780562210669884
4007,5.143928073617657,37.717290215257336,1.4708922371817035,0.569908613292789
3456,59.96060427265832,24.317048200301343,0.8257838446464172,0.25104549722046665
3915,40.36046167758721,16.14842367080607,1.0812013855026437,0.8665858238029734
3831,54.7022580486033,8.539710510569112,2.4423784164328697,0.634793472289172
3558,3.456720692103674,32.51924834104225,1.235339670456921,0.565109485219798
546,52.15707557086908,41.307130587989306,1.764983865614576,0.6429527653946848
2356,47.1653149925424,21.85995946612808,1.5016439830733468,0.3026165671693235
4781,14.809288144336392,25.48279223881219,2.2284732702157437,0.7273312993136432
4900,32.298830979163235,20.748087766626746,2.561987799018977,0.46043907681679996
3784,21.212204051787808,0.9432323666763298,2.1434588017248397,0.7473566916476367
3319,28.157632513765726,5.010174667349951,1.5270613084961528,0.8765592606650221
2743,58.381263274067216,34.92470879800207,2.1801160282273946,0.20231344928887784
2938,14.538662041235803,28.644292000896204,1.4929328091869813,0.5740935376052136
4919,42.97605580921177,6.294518315704655,1.2996373549641207,0.3473963057709756
1046,52.008394667758445,10.104447324245058,1.8553550707877888,0.33977010213769754
1256,17.236466063111962,3.7715166000582157,1.4305618090001457,0.7620405976155669
3735,36.898714664378154,25.746086544596565,2.7485143248088013,0.11499966895044833
4635,59.41256414227059,18.535061515764685,1.0507738559644322,0.8623729796324819
77,45.65210900135116,11.670582648823927,2.372112263805892,0.22863228564147253
1271,45.46415125784308,26.617425054805807,2.0459995281938106,0.5831013545043958
434,2.0212420188450753,48.78159282762327,0.7934203964817164,0.39972632591104684
4158,30.40284908602912,10.160521686800571,1.5739672821030422,0.866536922034721
2398,18.720946587225345,42.94459392691365,2.7151408569600153,0.40546498560962396
261,17.035037811101805,36.150134807925355,0.12285074328418272,0.7491168805806383
4908,19.106497251542343,33.8566556238041,1.1367517280723818,0.699897465766854
661,17.307134109695387,49.650116596037776,0.5158122660134241,0.11146382431428592
1728,23.15441951422897,4.835457749713168,2.3476452228509417,0.39579284320216224
3555,32.39524532726312,9.668275908530276,1.004688998989817,0.4858916579006536
4518,17.27581728070147,6.083489918829141,2.790540269357297,0.7001243433743448
666,5.646207711842317,4.22628940786947,2.7592002801078435,0.9966239960108622
4146,53.20538322076628,40.90808827406415,1.3374356032289296,0.9605121409390115
1255,53.94785323098691,37.691271702162744,0.8909405966536793,0.08924343243289856
278,39.320054840999816,13.710435178200237,1.531999219482608,0.4769962737465434
4492,37.418784032894244,7.887175205879968,1.548306329844573,0.19563958037822382
1275,58.3784412899585,0.15851776786639737,1.907138884391785,0.25996292179840974
4082,13.181089603737677,42.53702116893136,2.1837027269785128,0.14611645985018284
2226,52.41927341569471,25.65206765635888,0.16581234974118192,0.10497964833366835
1331,9.828093493297,12.989801336989945,1.6402323307447202,0.7402363209105881
1627,3.7951441564931976,38.47599033768106,0.24144458864314827,0.37543237075887415
3187,3.806793043352874,15.774586118800983,1.7844891562531753,0.41255346416878336
4530,43.95795557371391,17.895409035453156,1.4569410193576193,0.920764136220721
4308,42.6055819583157,10.788648303718254,2.3773591407969543,0.363299718352721
2196,2.5468417787289277,2.8510365812717575,2.359624787632471,0.6969416935307032
299,31.294729687817778,41.73689450103378,1.228157593970195,0.9149571917739716
4770,21.73269985843289,35.31746345059938,2.093535796628624,0.6183117163321902
2055,35.78224112263669,7.2406139992863565,1.61032897957642,0.470593130214914
1778,36.50156421958445,42.67715696915152,1.8877089919640926,0.5987623799271371
3888,53.49269786224881,27.999949103460683,0.5414078405389855,0.3539945502440792
3767,13.340479171226873,49.80945951687818,0.16888073371003684,0.011716296608409116
769,44.50711311077611,57.41786176626133,2.512858922594812,0.35084779118458564
3118,31.68394889428005,0.6746786581054653,2.648124049508655,0.29930117793903943
4147,24.29562845855709,11.347638716831835,2.1494902111560137,0.3645199459488614
1695,42.23650710744277,35.088185063507375,2.1053177874634743,0.4972774118945906
3806,17.35996229786576,57.221944606812194,0.9735352308938382,0.7683768126128926
4740,8.927608857635745,38.42109407241026,2.534332259908315,0.8464656582497411
2512,44.6025706711155,39.97789162980531,0.1503740181773696,0.2851451201679468
617,24.25453457437574,15.74337582011432,2.7020586335324035,0.17922594658073976
2834,25.383857695381394,46.25199889180211,1.7805635291244093,0.2400596361374462
2565,22.106284437017795,46.09592857732157,0.8461246157825278,0.030246591857161498
3235,22.85767134190277,30.228736951581347,1.3118585960060156,0.6000685336481165
792,15.069303259637774,29.557948235566123,2.173974361880793,0.3660977832772382
3445,12.037143790517366,20.975424614331477,2.6225929864783692,0.6492792368024212
1317,40.121853608376234,2.859095929580744,1.166971311208767,0.04489675883204203
2566,42.14400436550308,24.715600004112382,2.097362658891911,0.28927704732032733
3824,35.83545946153007,11.941040342178868,1.8767531051514885,0.9943265705682599
3804,3.723243423381961,50.477686667342816,1.9735843427030357,0.9245278362305778
4624,58.21326906694677,25.217958177591758,0.1850621545305952,0.8043475791274729
2619,50.89898783924857,35.02213321437358,1.39247845477687,0.4117253579207294
1098,32.84056245248306,9.408897758636428,1.2904226248313906,0.9649388212628107
4396,54.04929904109857,0.8411749510329081,2.4771460519594672,0.31649408211610863
3423,14.24370674910106,6.4051974600418715,1.7337177712508836,0.10632426323590782
2371,51.26973231982543,17.408441264931735,0.679953866349318,0.46829682904578385
1313,24.66402620182086,55.07540521252667,0.20175245809387776,0.9585423171140839
1499,45.30175619701004,59.633936102151026,1.1513966809726106,0.39609971397485033
2881,59.58391031978414,4.817600093146444,2.5617476159189754,0.6437343503672308
267,53.49730596739323,58.853643328320835,2.737491660630451,0.3628990362253478
4357,41.84664429391713,27.234158879859226,2.2495996039322823,0.17469376497013656
113,44.488811347191884,26.584902456800773,1.4991079063757229,0.24404955602502787
3837,42.5275691850809,15.650696351975837,0.13771791717288562,0.8709173801488309
3139,36.505152451861555,37.65930945913428,1.5805372180212853,0.4243977415246436
887,7.237351265483303,3.836921028829594,1.374807274398994,0.42715288567733956
3056,17.792000826726806,26.930336338191516,1.4636723171272843,0.0689642123806582
2944,7.5467567329002705,37.29975187917072,1.6044551149237491,0.7406864371029782
2632,57.18159307231603,26.65268451834347,0.38919277167367505,0.10963933834101669
4676,45.965583104098556,40.558495044907964,2.217451510548736,0.26648500211563564
3420,57.534895722988296,57.9003328038664,1.6885149325127666,0.415807055637088
1261,29.79006998870624,32.99473449827205,0.9448627118259015,0.8468153281994178
4953,0.4874812460369138,34.20249978450602,2.3945874540824796,0.8939580476383433
4605,27.39216394484498,25.374463263969787,1.896452077627266,0.4418019773354783
2118,36.33302110301786,52.37841476085925,1.3648774068619574,0.39279658020101593
638,47.81953422654577,48.855758106823416,2.1646539535740863,0.29831673446744955
399,31.83742075128538,28.325218924080776,1.40624536344902,0.6334059925385814
3847,20.290043774254837,41.51876302169884,2.544440949132371,0.8834638732446018
1952,51.32232560611178,4.70890864045689,1.1268123105203391,0.6500062685124369
418,15.609937780361099,2.7948629761605903,0.9431137939736535,0.8286077264585557
3574,41.99473307600614,5.898642980155062,0.19292313198427674,0.36064932045487974
341,35.50372264936129,7.671595517858821,1.054426403858911,0.8728278213796603
589,52.5565337196686,13.136415207437498,0.926463697464873,0.12855272273275775
4210,21.097858400684267,34.74595635667504,2.575877704119243,0.430160223997997
1815,3.9565118579456127,25.11336583261713,0.20019476292488947,0.7113118141195248
2534,23.662623942660808,55.926735481755294,2.6296261114498085,0.3062428837887249
3193,48.45784702698479,15.608358585336983,2.4814185325445295,0.23632711977865817
4461,59.57145501730818,56.3677186528881,0.8345631014508343,0.09565904067683673
2205,33.001492756831006,10.890358826749546,2.05347184069786,0.5312828045312706
1323,13.68207570394218,7.784721857907524,1.5021920751029005,0.4311780670300913
301,27.532416713335582,18.92843389805378,0.8537786952027228,0.28512625650369106
356,47.658415433806965,49.70832060154536,2.585729316964216,0.3766218362296808
873,31.968055232735022,38.526512182060145,2.2313219446002517,0.5150085979005041
2665,52.64392781194064,53.66632599944865,1.025476819906066,0.21143654231625908
2469,25.52902985254756,31.92004161908807,0.588767237422537,0.5356604342807254
2536,54.91261502980922,20.0533451327287,1.5152659606269485,0.8770755877331458
4868,10.862183688633454,7.376636280199329,2.6157945673153944,0.5155733117786383
382,40.826369508557505,42.704431155423116,2.7416731321547134,0.5004245143636004
2080,40.40173264297244,52.29013181148207,1.9469238183227846,0.3401948306807536
1502,34.10182981811758,7.736507058141089,2.5128578826251258,0.7877348271096831
2058,0.8436413209504323,27.459868458726586,2.0626950723392117,0.36216694198378063
4123,16.916257195853383,3.1314377247680936,2.1873282126453253,0.2929372914621905
3931,20.97656589310228,2.159033787575173,1.9893716821945329,0.42954739030964695
764,49.027974895677374,43.14241814937753,0.8417286082858819,0.9577476219706376
1481,31.477828498908774,47.62568566464925,1.3180082189913882,0.10149652877884552
1161,17.09733549730857,50.29802054294826,0.4414938320533701,0.7489080659191351
480,9.865702491117457,29.95297757785062,0.7967546368609085,0.8569355888686384
1546,5.327319337064804,12.554806278345525,0.15921686882252967,0.2599000149262777
2988,27.867822999299666,31.802514124153973,0.5464525715473326,0.03988236871613193
1399,7.893545749007309,12.261482212069383,0.5489654813950974,0.30165796059568173
2502,23.586161833583628,7.071827766912103,0.2797131468065132,0.7823391514674214
3719,32.89239864880956,39.09104397822923,2.450170943794754,0.7413670627588004
2460,14.954911341050103,22.899264349460037,0.7072594734905162,0.8056610389351614
485,4.730917235234157,28.944575658955774,0.7746168870569718,0.7001689816869792
708,42.410197590599104,21.7005732187318,2.439720848295543,0.49329727688016844
681,51.82245936508326,28.30036280638601,2.4175773654480506,0.1836331460991203
3154,33.64933984130268,51.52833767081805,1.352931273399602,0.7248119711449688
1629,43.655035097200084,10.272104944157206,1.4965397391654554,0.8339808106165989
3689,20.377301786420773,53.736824245744224,1.9917498692782436,0.604264877867054
1610,33.484534910365035,31.777868637588348,0.6301489227645419,0.7369862935876775
2530,0.6735776865458987,52.034141192382535,1.210054033513566,0.6187566075795172
3756,31.38935878553386,48.91446976829384,0.9612486638751868,0.7622745524812823
4262,52.89674363340801,54.325140910031394,1.117733244324719,0.9240379163409403
4299,29.34411551892775,22.02448061419914,1.1631651389728557,0.17576356144566874
4684,25.98743298184213,42.768132197063395,0.9595520432882099,0.4493503120015414
2931,28.107378767717957,25.947667812102765,0.10852529540261567,0.004793140163982912
1851,28.9513737228079,55.879005614616204,2.534674590029997,0.2319599133899094
1518,43.09526932242128,20.31839021800958,0.8921319338380594,0.7061839060622508
811,46.995472798314374,54.35927910085841,1.5559994816081721,0.5638081589390692
1693,25.671002655617496,28.17675172553518,1.1126224474231643,0.08886578291179281
254,36.502366386752264,42.517072322644744,0.2996011351204825,0.7809207541840625
2137,54.23732850474494,8.384079115318572,1.357285975764729,0.9404848581341988
1340,52.632659014683995,41.60159682593442,1.4175591466744168,0.415902606430139
1050,1.5219283554555618,24.200138291956094,0.13830042418527133,0.8462159177152868
1062,53.15863055498297,21.801476841569993,0.683680125946573,0.07259394986084078
118,40.26903746266153,4.075724293070517,0.4733644879926039,0.8073754368134237
1927,53.36276524632708,21.811651674440405,0.5191895352421909,0.2215243320065946
565,54.56004700300445,14.559725078837428,1.1282668607587296,0.8010710349654151
2095,1.253433552106844,20.764837598632443,1.9557346038904226,0.3877287391651131
425,48.879170043157195,22.427799905296894,1.584570627495937,0.13996694405623888
1767,34.18264034808526,16.6831541503819,2.315315041632163,0.9469375669247662
1694,5.614724776206952,40.87707828890142,0.5630058082422851,0.6042211500278609
1469,32.643741031003415,49.47907444124661,1.5387397608478939,0.015238996022919782
3167,39.07543260144741,57.14347783615801,1.8359672460268386,0.42450945111007077
2894,40.36300010995911,35.54096266555672,1.3629598941096623,0.6987017052526816
4199,31.79283502739017,7.960116284993424,0.5636840713259041,0.3640256396517806
2293,44.439002338434975,28.85742159353911,0.45295048026202434,0.9205524912746968
3618,32.519607887251254,31.156645705877487,0.19901193345690454,0.36356629815298414
1908,20.009332674417962,29.807673083766204,1.0571492278201817,0.36989199562651187
3211,56.96067392019488,56.37975120246579,2.1961371766864053,0.08675686754995937
2179,47.04996534538198,23.11981182574325,0.6345795455109624,0.4313089504816646
841,51.642978335284454,55.07105116791331,1.276249858942374,0.8459964214488455
3622,35.62764635542702,48.07954963339669,2.2621804887390375,0.9341946166426384
3622,26.530465796691182,39.949703639796056,0.7473565828548688,0.3912214908702377
3876,37.77187488711372,21.288118356477806,1.267178683115553,0.7933320703634315
3664,32.03703380137716,27.473623089059465,2.555464329434612,0.7183164739629048
4984,19.051897048566936,27.341213879756477,0.21602549818005312,0.76384148194398
954,6.02562428519231,12.847961136249673,1.9691445257295497,0.327359093799085
637,28.222347871742095,53.302834466370015,1.8793542162323755,0.5629906898333719
4012,8.714742117645802,42.80311781098784,1.654023707576901,0.9544890264645599
4110,38.19224472200921,27.221897035338817,0.6008848118537982,0.9298746616612039
3573,32.697704835750216,7.6385058177979515,1.4937896547790763,0.47379578127387356
2861,14.114698745648512,45.82170986201735,1.3450034018795398,0.2839582338241742
2428,6.330260595292334,6.926673681917248,2.5671721550112,0.7559662942356594
3298,40.24286652895741,5.909512971704789,1.4776686255088816,0.9328474917196454
1374,48.47513801127794,34.39158913579427,0.30160158964487216,0.10974233564843472
3237,15.312205121493577,6.660682422891542,0.17729521721721347,0.8874512375074527
1584,7.837194459888234,2.663785331440165,1.295791119592849,0.46153853320463045
4859,46.78756199760987,16.882252687463904,2.204172320535508,0.424107554158654
17,22.13621212537675,41.167856788889004,1.3808647533759801,0.3582400282442335
4582,16.99985217573429,29.283869297129893,0.1881907566240855,0.6729785290842423
1105,5.545912351726643,42.85125010845369,0.7115437793016055,0.8891995397734401
4359,22.49435248931698,58.05628913420204,0.14012548588237922,0.726110267923245
812,47.90024205782587,18.47189261707548,2.5693651449104684,0.32667427401186877
264,3.1546351011656903,17.459781341139305,2.269950321697167,0.5271627495774271
4951,45.41971704209787,54.47707981573046,0.8223976957090565,0.9243145832426626
931,18.93645153128349,16.437639008223123,0.297999552990574,0.47465160929348094
1783,38.97387295494696,43.32166108604045,1.0570092475407362,0.41745375173705046
1014,45.46629819372352,50.677152800028715,1.0645277388638497,0.7587442015364574
267,23.75317192740045,4.2745668784589235,1.9895445152113507,0.9038668040411387
4017,12.162545719864998,36.68564068813972,1.094819076129519,0.8566584401747465
3156,43.8478453004379,16.13801359985445,2.3775766551540234,0.7894034216799528
3493,17.130287635742402,27.967268259530435,1.9637302625789264,0.6304851225730902
1016,58.69253053874444,27.15877244687417,1.1493163533705881,0.6601732950952933
2843,20.15471753313857,40.34352697808689,1.810331754065979,0.42704294114626695
2266,23.07000539877902,52.4763017165708,1.7003025658569548,0.2259049043363912
3413,16.795263736007907,14.773869796726842,0.5325611429883828,0.9428182273352625
1267,55.38330356117785,39.37363415171362,1.830711223262902,0.336407113731259
3915,27.263239907244724,29.664362553187303,0.869294306529575,0.6239609823641856
4138,58.97517046543078,29.417879006725883,1.8451863759030525,0.6243608896053672
1825,31.18070116000941,32.85310089624767,2.0060558497622196,0.8446597987202731
1949,32.57651376096507,28.730860125954415,1.6332638036125156,0.16659002580628113
4450,33.442088319194895,7.204984060541606,1.5606801456257653,0.7159894765591454
2528,13.19047985589053,9.993659170111007,2.501914963395004,0.8982035459429227
4413,34.576900156193325,27.849334186018627,0.5188876074720169,0.26791461063303446
1758,9.613943437699511,16.408568776983948,1.6282842851327402,0.5458406019579607
3960,51.83752622235637,50.14968693851934,0.20119222483490157,0.43347625510113474
87,10.90821913857884,25.31412579999695,1.524330839172307,0.7357348205305592
1500,19.617548194058607,34.519158398040226,1.7901431104625853,0.884842176310177
569,28.48586160726554,58.469477311447704,0.35994209608151717,0.15685224390528185
2103,18.44625724289546,19.721071686838332,1.1492684723573723,0.12928389555834363
4527,34.14465691892459,46.975531722523804,0.9860220917347472,0.48283167733551813
3375,16.378791418449868,48.17691082980168,0.6143903808214121,0.6085999819355427
3743,12.881225707676055,48.90178535432734,2.69490501799964,0.07479818161244056
3770,9.248975701433256,22.52048253006109,2.444974201238112,0.947571183949659
1256,33.54869602869482,14.555412600959833,0.608794713427914,0.5041120727617634
486,53.81919246003273,18.160202490213177,2.0870340699539116,0.4038421328320714
4067,51.92618877741478,9.567141934704269,1.6948605229798268,0.346431035228152
3097,48.94954982812797,4.920181346564789,0.40453695174219373,0.8148368570285315
2072,7.011728030856654,25.6499710085296,1.7268351123410672,0.40761580089853977
4276,3.8147377375422686,7.67473748881587,0.4313058759240129,0.2757584071921594
1387,45.8481699267457,24.29844930934015,0.9961588166186713,0.2906533775501743
1774,26.780454595303894,44.97881795020041,1.2656553692617885,0.48677179139412885
1702,40.07659879118481,12.549374479789675,2.5280084177836932,0.19903297929324382
1531,54.005088066239686,6.00086534900713,1.8953961108960085,0.4767216752784328
4046,40.174218661485746,12.351025780724466,2.262643689165356,0.37942014223979026
2823,11.539197387040561,5.279958541746308,1.7008958850846068,0.33828813019745707
4356,0.1800222586492306,52.60041511502388,0.49249647359405024,0.797749540979753
1129,55.31825403359185,19.62926548038556,0.9054031500950255,0.5199022612590479
4565,14.938122409767463,25.948955680086875,2.153556938718758,0.25765679948942843
2994,18.959574256566775,33.776815390947775,0.9534218094865403,0.3052280735311994
619,48.1543641287477,15.682029134710888,0.8414848758774021,0.36167829188541967
2779,29.648588579329335,32.247643467710596,2.22575991881214,0.6450631653780494
2823,25.93679202967466,33.72887167826217,2.7459858261697705,0.8770390652895083
280,53.047198518166894,22.24108818041077,0.49694258289158477,0.7816223014496231
22,44.13128168715429,2.3921481630865227,0.6719102269579827,0.11650622493921003
3391,4.759551458985884,55.424265548033766,2.3297544584680896,0.8940237970884665
4132,0.3109038835473288,0.02057444470200398,2.131860397560874,0.8668357574832944
2857,47.70983941574259,32.049138474031466,1.0709000075694606,0.7741588041825784
1850,37.85265827410204,0.2858188947243723,0.8438707196382894,0.13865092640359244
1607,2.832322999482122,6.072479951193632,2.280688554192235,0.5641125461915888
6,35.721437803413295,29.210877766918482,1.583027660305785,0.5394076970071069
1850,3.945663137563913,37.9790299344877,2.0965463742149333,0.9357106243572028
4356,9.050568582543416,31.8697424735953,1.5464618922807434,0.4794849812047728
1254,18.497882371083374,1.7107686326946636,2.3416887120912664,0.619483260575364
1259,20.157880184951203,45.71626282134638,1.5870824842006268,0.5305080187083158
1362,19.24202315769652,20.697677159044463,1.028100884599845,0.32982850829042865
1792,48.82438368735255,10.55295519852995,2.5086454062043257,0.3745039331086313
821,42.96537071539072,9.460140599432327,1.9342876163177898,0.5296000993401639
2642,23.41212805330017,39.33797838222725,0.2858954006273904,0.7650506739370262
4408,39.35133520446944,4.684631973388584,0.6964662653698324,0.4575650102951192
1466,16.515703698938847,12.486527854275693,0.5192760590553906,0.8184296591313429
265,52.28250200783734,1.9756174417685224,2.3633271922581436,0.5884469567055269
4639,8.637902383089573,32.600794868738745,2.6403578752416603,0.677440314765537
2077,19.87027762561649,36.15374385204822,1.5198726695044116,0.19039081908715494
1364,10.19138003965066,23.7061944702321,0.37310246470028174,0.735707910726967
801,47.02254725248866,33.0031115849159,1.163011419316353,0.5997727013602104
3968,8.891237072306486,19.7709216072546,1.4631628317454926,0.4618491646941856
2372,51.96531661039954,49.682891524995775,2.716630796265629,0.12412728168082265
360,22.107160888871782,6.668311388454007,1.1283893555694045,0.32563718152827603
2175,46.146325718319446,54.127699223026234,1.0608697989975555,0.4119379394442614
534,55.81556511125954,45.33416286614708,2.333149246305401,0.7715606147711264
229,20.812268020759706,45.8386811940128,1.174903838376362,0.4920346665104883
1518,0.2517621935936254,31.82446747214978,0.5693694910480748,0.27271537441486016
517,51.3755297381316,13.556225093153063,0.32474078099845716,0.8042182077265768
2154,53.32497263806761,56.565904817605755,2.21942210334492,0.47675902767406264
3232,40.82815750607276,25.793783603272313,0.43898535907757963,0.1874909281087045
1381,26.556009799827315,53.58860557643497,0.9839796889608324,0.12714404571737226
3105,17.353960096402666,50.424223250341726,0.6009471884888917,0.13953641553997143
2702,27.4028337152279,35.721040723647555,1.0294526290385024,0.4726400444042339
3392,16.581264135348906,25.26555801600636,2.22661636288838,0.564809867756346
1445,16.36295788840761,39.15475832695326,0.6405615034920698,0.424399344975808
1916,44.24760673678965,56.02247296324231,1.3624250216185416,0.643082662680674
966,57.562268010050936,4.753974736390571,0.22001687924394442,0.3869991801605759
1788,11.994944900787338,11.263606503472177,2.220347445774492,0.6263385520025553
3237,33.87105024525094,29.334649772187674,0.31916706802869654,0.13881359708741414
4844,19.36859842968926,32.68532016016956,2.5397608225218646,0.0626867272983549
1594,43.737307536129066,1.607943451517173,2.2865278638967714,0.6861137223217499
929,11.79902440211061,24.85962061433818,0.355961524782306,0.9521271068006866
4166,55.27420536471832,5.993815408277612,0.40509400161098263,0.562575349134553
4911,49.08815274431583,25.28316684965356,2.5690149126888797,0.002263333437399262
3255,21.061360299167852,52.183428107023566,0.22207753313636544,0.499682124565224
428,57.32267011057203,17.14324499560173,1.8529928043468304,0.9368716295862132
373,48.540891400137916,27.315772225543718,0.5149034992217971,0.13535621338582415
3955,32.21651534674091,1.6651231769800856,0.16560484389668756,0.08544577505400941
2988,27.779420553120673,30.498421751488397,2.7713568131025905,0.059832295725491424
2502,21.128620262927452,4.441666440835695,1.388874957487465,0.548333823958743
1834,25.9837993857534,9.982337027690363,1.5605077402045744,0.4918177897794518
2058,27.684511352497253,50.6183508480713,2.579929132820599,0.7557985084339003
2375,46.52416803458729,58.790645735684464,2.709410600635224,0.005652341842709796
4383,34.03579662234661,16.808542669584043,1.2351591404902345,0.06302968784146579
2239,18.54822502045526,39.6336126123973,1.9185368893864418,0.8487656241217958
2527,3.0020864229468947,4.592604074112819,1.266351582754844,0.723033863287839
572,9.637032673725717,39.35098896259049,2.084346404662122,0.8583475994749744
2363,35.581693393327804,35.51661980646001,1.8005754490271122,0.13512432954926468
1445,35.56959506322541,54.35766387381149,2.4573684779038425,0.9678329325900861
344,11.817438714731301,20.92724896516963,1.2418977180418649,0.02547614445644386
4598,41.14606027700228,16.476555512665684,1.8116517638234344,0.8552367083187762
2582,49.729689635952276,34.00059332711926,2.462375391772976,0.1679213322291384
4633,17.457656387120274,38.710701834756414,2.7476395999224326,0.23870326721296098
2710,15.146200133461914,3.8424142344714274,0.23953165649314886,0.9284568520215686
2042,53.60183139295721,3.593236635150412,1.721767706584236,0.011829600533505458
3424,22.4971477666892,0.18353587273594485,1.1378207716387405,0.057614973410898496
567,38.657879503781054,51.47403007789205,0.9310536259033132,0.27858439508173094
2886,23.878579951937887,7.300297910653349,2.0974257271482517,0.3085104778909489
4978,39.215513024965105,48.08593951925926,0.8709633384622345,0.10366659558364744
2865,25.404037018940674,4.432224234071702,1.4060515619462641,0.7957332902195234
1807,2.2597910146460354,21.165065666683144,0.8319886820646614,0.8150495380290453
382,44.43279858117232,25.337027359384898,1.8624210153680396,0.40651948498797985
200,39.538736342782656,3.0571024517199508,1.936255386643405,0.41212735363230724
959,23.4071789949264,8.623025304594936,0.49979948872172375,0.14433810730097507
1043,18.864139132339982,55.534076467966194,2.27045404209059,0.7770072775994546
3771,25.084866117689117,16.23334463709199,2.6714641312790075,0.9600175145113842
1337,4.093672867383587,32.74476437998428,2.7952092329050826,0.07947113339644918
586,14.938116089384845,30.170770975064872,2.6922659519882353,0.8680080941045488
2858,18.981884719220226,15.475691866521968,1.6735997850496769,0.40603750228377555
4128,36.17463251186657,8.91360996200884,2.3099751218189035,0.20494394758288503
4877,42.938568144960236,15.992250225353569,2.117836584396574,0.8516165245637737
1773,53.831913768977316,38.71658862834481,2.463193652543692,0.8213963380803028
4585,31.017944788276594,49.79598879984628,2.17452317645468,0.21029932305896681
1664,14.073904007085925,12.748286880594762,1.9498653921985547,0.13289863946600844
711,27.784160621149145,20.506436833109124,1.6978190100619561,0.8262529775173488
1158,33.52642949534153,55.02200233520039,1.326786807539548,0.1659225325485496
1232,19.554692899032375,41.755023477805814,0.7841459380552039,0.9081001313619917
4946,5.713749516904885,31.014828654883352,1.77592974802562,0.29847755948284627
1316,12.50313617159279,23.958108832807937,2.746879532611788,0.5072395634772443
881,33.6533906241788,32.96787491560832,2.0424938932156915,0.5052852665998522
4768,7.254758689427843,43.46819987575244,2.7232787828069114,0.430058007292506
2751,0.2597088303925199,15.77399905953782,1.9066675975759877,0.3158326628274881
2157,25.95522459534839,44.72086388453199,2.534464735777737,0.6041980597322865
2200,47.41369535491679,54.44927630426939,1.9602063041745552,0.5022739556424652
2114,33.17294352134167,42.535211443457115,2.292447716885318,0.34972651518214415
43,22.63248140723444,26.34563014954592,0.47371303132536335,0.10884564134967312
612,45.83246899189604,44.65845822004547,0.20977822668619206,0.22703951425380497
1464,34.342795087795004,43.98085781729862,0.9344042435146486,0.9235144516656771
4554,38.47656717462802,28.372204825279898,0.9918392806864539,0.280800852183702
4207,28.64770588466729,38.76455931126384,0.38282035628207467,0.9089701141193546
3970,45.731944583808485,5.437118023091301,0.7983259692726657,0.44137366730516436
3400,53.2387975901911,8.214047739325247,2.023913386157437,0.9617541459065462
4144,59.517034211935524,29.28030248867073,1.5370182919922022,0.013013979889616056
2089,20.158825706734056,19.6725139649574,0.7370310832386945,0.5234895635730874
819,36.72427591489071,55.646444317601464,2.039955050089266,0.8791174152390296
1667,21.204508769218325,45.716511129596704,1.0697158150534232,0.07901567170083645
250,45.40116794697062,27.443187172712932,0.5205937898275932,0.28396952105290596
1347,56.58535694743474,30.62341149450862,2.089532775555965,0.6580087020843665
3514,14.291379145517148,23.35193211160456,0.7911574058691391,0.8849679476845128
3958,9.307562952646173,56.42312987833791,2.0818173469407233,0.16066115850241136
31,44.973733802475074,17.006532925965757,0.6033606185280972,0.9834684544910107
4602,51.438384228453515,5.421426100143318,0.638586642391038,0.4787606191520887
547,58.746839844522206,19.626529907677387,0.16935175352788479,0.8262255866449029
171,4.467283389426706,58.43889954839498,2.6829028246945676,0.8521733717797407
1534,9.136516092509382,31.284500912491918,2.38351056503855,0.36297914437793743
2088,57.58078113010798,15.077045806503948,0.563512042329035,0.43920205996004
3954,41.51175613186901,50.31804284152494,0.31470208150789736,0.9964828068585149
1438,32.78083516288801,20.816400077687632,1.4275314555176832,0.14474856472992392
2319,10.645895710894655,56.55548522497976,1.837722277322641,0.6046079802372704
3218,55.64902705037438,47.59039695619628,0.2749918790398696,0.3322827941183788
285,50.890920713518696,13.5735433421714,1.363786778671095,0.7430225071400466
1272,33.10229422580212,9.874767253800131,1.835823105901743,0.8392475022862002
2418,52.57424668717697,58.83716980211274,2.4851954861376173,0.46362603793437795
784,34.29508246815488,52.875063943748216,1.7859558778140971,0.3688176349866039
1709,32.1796961270069,41.09634326475088,1.5819889341137419,0.2140403759229771
3020,47.261112607952846,12.705694580465217,0.6783869416266943,0.08866733470105781
2222,32.11117671882509,27.55513304110716,1.2198879624088155,0.31955500600168296
3188,36.88142484918121,28.546083573770797,1.2426917136228817,0.04191739054047772
4534,0.4041291411598147,53.8780173656227,0.70805817018893,0.38838318146542916
1959,8.884563466004609,59.425974253968356,0.6882680264816416,0.6315555545572878
3250,34.583925273438766,50.21843992603777,0.566071646127906,0.5148248163327785
4613,15.920985495263174,15.935067460430744,0.671155800160393,0.9351163250099281
4195,40.25137548060121,19.739357804682495,0.22259534619885096,0.12630235518929622
1826,37.11349055751256,40.34228236840841,1.8928105589178275,0.11428756861887446
3519,30.28765420432871,54.5903719384995,2.4975538315751984,0.30378980958344204
126,2.6261666665411187,3.7272845918491826,0.8914029210718569,0.2359708002630977
1400,16.217323272018007,51.06403262668705,1.1901473673130123,0.27386518004481775
2608,13.103686244125575,4.42746966471292,1.8600590380607602,0.8883327570335076
4677,19.800841756977178,4.165371914952257,0.6280485401619524,0.4706267101843904
4563,52.80879385447545,32.58954793279486,2.6010496268477024,0.7489143333198208
4170,14.786881970871992,54.10937516441453,0.3082387759264542,0.7971166310291082
1226,18.48647558017515,15.93856288871736,2.323356486256342,0.2666795059845425
2730,49.262020859595054,9.617685865324708,0.38465686925182285,0.658496145192514
3423,51.91587273857477,9.659068452510283,1.4603567524166685,0.3898035221822319
1904,0.5463177902069694,38.84021067254106,1.027532784187861,0.8093824801406818
2712,48.22409904548841,3.628726158056599,1.722559571597814,0.5529177143342435
4851,13.594987751171836,20.883516363607058,1.7388222412598269,0.29369327170059634
3609,52.155002515199676,40.01832896421946,0.4002413719468667,0.8205510894241219
437,29.382438774392845,59.11583604019619,1.4992981954539935,0.39078364867122406
313,18.79168136228477,52.76728415908335,0.5158584480338951,0.7585053205259664
16,1.1193772908952293,1.075484034055405,1.1895537072491928,0.258911430905872
1822,2.1047790441279224,32.83527641815541,1.700866527557973,0.12041955514597602
1558,11.562251979641191,29.593887541363316,1.887809839302317,0.6337843597209489
4374,42.92819175404137,31.52897162482914,2.5922070213723853,0.19312137894149795
2497,23.162320552711193,19.066525616716937,0.36363938760425085,0.807975054118012
3462,29.374743012797296,36.96003023991072,2.346855219908705,0.8565255530019192
2097,59.186208365984875,26.385293585938946,2.18153698445228,0.3638746051281616
2475,27.32632987006266,13.675362386508393,1.3358038485083499,0.6464786179887427
1562,14.906634030281074,5.9320056432427855,1.0280402531974246,0.34496196513113175
4865,50.70068437820133,51.86270199324607,1.371064658667011,0.4025449650316717
1321,28.920795347363104,44.32517534459052,1.6197210435373453,0.05345159479567396
2146,7.383651162062577,50.18107153327059,2.1170931706367444,0.47218761359902484
4815,35.0236295261458,27.68935881638235,0.28647345007489583,0.7272322694278878
4320,38.43552162913362,46.043404967907385,0.9526964739748717,0.9676077453814618
2088,17.828750917083756,2.4254941450144862,1.855020698074741,0.2620821180317735
3851,7.127518897257364,52.802505348489596,2.0116874607578006,0.4373139877492319
1233,56.24212821447989,30.430154576237022,1.4471461051504881,0.34883087201999163
2075,37.81332652025437,8.166799582786009,1.9771175333066033,0.8586708969148032
2167,25.070856796667037,21.624985688053147,0.9423359563455881,0.06119604484138752
4252,6.622937958362643,1.6713460696793558,1.7365442739854176,0.7148151723485536
2211,44.66770827155202,59.36657268083072,1.0451623400672407,0.8908310536284746
4220,42.963855769831405,9.842308658403844,0.4322547254341156,0.7726929942930684
3551,22.84785778145406,18.082950043792415,0.9050288367038023,0.5577946810519442
1902,56.07939669855715,23.850420255342883,0.6220524043245989,0.4946306008770429
818,16.089086198539572,17.329577998537456,0.22711024168447383,0.10446790056140909
611,30.967114952374807,49.89383358783371,1.9645905337874783,0.33259156195801876
2626,19.485662580375596,58.52424658250151,1.4990329003022835,0.5635129762310215
4323,3.813788644750278,0.37080239883199084,0.36252773735175836,0.8907041310053189
1548,55.45398044591419,55.47324754616552,2.656049832356688,0.4870473830328107
2300,24.427048679162514,38.68881452779599,2.7443240915537217,0.08098996665336822
2939,27.54918430924353,12.309624571889483,2.4417684094479686,0.34415724639723844
2716,16.959203629183325,6.223485585609064,2.7520527199087415,0.24059255434225146
1674,3.4495171803158997,5.376313942996507,2.649214682206567,0.134995640244007
1716,32.172799745993586,22.737690840349693,1.559931187623967,0.26266300284211896
1340,29.073836742670448,40.43182865403857,0.6732404931916136,0.3944640654412076
4973,19.482995982390147,5.696437198253745,1.9103408462216724,0.04718651015674713
2390,16.204273465071267,32.98411618695389,2.410473238673449,0.3265796782932131
1412,47.57427517673029,42.64547222872992,1.0251494650437887,0.9790998057636899
3672,57.993843962628084,39.17157055808401,1.5658239647678733,0.897111160284091
3629,51.334494453783805,1.950232966088532,1.2651784463380498,0.21864657710576685
4624,48.76934009891658,52.01288495493647,0.10393797038831652,0.28207374619393366
2602,11.663182471370089,49.230260155325304,2.4582816804477323,0.48019418627150345
1755,52.2458454932736,14.520897648536335,1.628468767093203,0.5881315565332637
3127,23.964596579243004,32.627192942880825,1.1162605446589153,0.399140008308144
1310,41.86725252922583,17.009382580720423,1.9734954112201657,0.8876956992537104
2728,25.470179256638193,37.03120987706051,1.1224608933529012,0.061756890198366166
4108,21.923988498576797,53.32777976158422,1.788312814041447,0.7011919896866317
1551,56.82260961756178,46.401474624645516,2.673324771610113,0.27075418423913855
2956,12.895165644245578,39.55796205826582,0.10375524033386044,0.6991885724761383
3665,12.225289319252962,0.16559619945512694,0.3206002175810708,0.01594780498369819
798,5.643981777265436,20.03225530513682,2.0622216058032836,0.41894552403430496
4220,47.380253933158215,30.38690694858346,1.4946462986593816,0.6318257335600758
34,5.814390467573361,37.27300321822789,1.346195066159819,0.19073954868473086
472,29.648905928925547,54.91162415516756,1.6017923980852466,0.21215362162407747
1667,40.15677275074826,0.1492243929506576,2.1621624614336508,0.06868947332636832
4433,9.763489473417554,56.45338869471832,1.9839648048397514,0.39829300785575594
1048,12.997515553136584,29.612912409315104,1.4122370974057947,0.0833711988196737
3341,44.69598247055541,46.61439488729655,2.5737056305066592,0.7422929931216029
2818,13.931314223826464,16.28281568911327,2.7276099962953535,0.8032596919244255
1600,0.8709656462181847,33.73045985146214,2.415476581536161,0.5299507789951656
3714,10.331358084514362,5.634941503909355,2.3497048194129375,0.9560097661132925
2026,39.39097063193372,14.88296512836085,2.3038926830307696,0.062326654871040055
3968,22.060761575616166,19.713510207711614,2.420989143534996,0.6608825782736976
2987,17.813719420683537,5.521962734551824,1.4007438390755385,0.11498344793377868
3978,12.581135741570224,31.419601500165165,2.3429317911705843,0.7251586845291299
3380,15.216057342124111,25.168470114342508,0.5853822860616369,0.13598570539519517
2861,30.581271700791255,9.651304847285864,1.3282548949002464,0.589813312184505
4138,29.116763846465883,35.21824564350261,0.9092575289771426,0.5570931594528834
1455,59.816693906689274,6.811005371091888,2.002869874749705,0.06855258733238134
2479,37.585679057123095,47.736976440965485,0.8289164996828255,0.04422866667615766
4822,43.85614634427749,50.4465010188438,2.2059419998445007,0.7144098324182311
691,30.953953919346617,29.57183169281649,2.5197961310623302,0.8182318378980149
1608,23.9811284228286,43.299871869024905,1.470184531843516,0.55516327171219
1828,17.445810198708873,57.93472600581781,1.4796168919879984,0.44646380105538264
3942,17.098218529685838,17.197499390604534,2.339519602699259,0.12563359148506525
666,44.62619733089099,44.32003986405012,1.2157720050946257,0.9402989383831246
1504,1.9834547443513761,5.140004902567585,2.6386548526939375,0.8946325582402187
4608,37.75036430864201,13.595341356671199,1.109980447070834,0.7573200454244451
2692,26.813055302240524,23.59457827487242,1.2075078741077756,0.5789268226060114
4060,31.380119222157703,9.51044200127837,1.744008680511214,0.7473606302242537
3380,1.4281231757074697,42.056769754956015,2.637331901059719,0.30797559906499306
2823,38.689897794804594,20.278294901992556,0.13740173278157602,0.7571841060555905
3857,34.31834462234346,7.925502633306262,0.7401662856447366,0.6882515475405424
1035,57.78005534325647,8.844671016948132,1.4305692870628757,0.4865997163079885
1962,53.97966066132854,1.6136702933625435,1.449165108792584,0.8048399238350413
4637,48.87856721717888,5.645091727110605,1.6770423287536527,0.06984574010933586
3615,4.6877655226372505,7.366295859645664,2.236483788226608,0.20308887471027381
4810,40.91557577302738,1.8438183818063991,1.070836318515685,0.6939252219891855
4535,3.44990761973365,31.9162947742602,1.067225239250306,0.16956391724235065
2621,39.70298023515284,29.973868068956154,0.7907604883822272,0.07219507191099273
2791,57.691870378308046,21.28255228349661,2.616410407156406,0.3327462966665552
1779,9.185537277551463,53.99644807950694,2.0866067210344914,0.9907303372200708
3430,26.28232304027196,46.06991107290692,1.7065648861458314,0.9780395206009209
3020,44.688780453617255,24.157197118574988,0.14840172970494192,0.9910715001988443
4848,59.240895919719854,40.192344577347924,2.314470383393927,0.9629879634450708
4894,1.7208041113231043,32.52666046583013,0.2516031320543884,0.5125011240538543
3507,46.769125896512,42.35620650425559,1.2534227615089892,0.3967987730558957
3356,11.902165649000738,4.589120222642515,0.8936521413326597,0.45726350190443243
4993,59.7139372526541,6.927523864677467,0.37301110617485966,0.6020882509924463
3065,10.090944051500754,41.27139842043116,2.786358653636812,0.6519970897629429
2414,17.236859800280932,25.63036742209727,0.5915013579456538,0.5842566666335028
2200,19.808595598688793,57.82196495311632,1.734620596834892,0.6454938510547137
1950,11.228262582804728,42.282987002051385,0.88797143570478,0.4929528104903156
3928,3.5320119766465385,52.02920670093298,2.1134957673551416,0.6688977661991738
2074,27.563474459761714,24.827092491681285,0.1818588662239209,0.09195004973989096
622,51.20323674371953,41.31368256765899,0.24921831499744185,0.7076409244896789
821,20.684745941441616,18.246641500559775,0.22917135302675912,0.0939496427342813
1008,13.971959359200001,54.7334849943898,0.6146021073395209,0.7321550546486044
337,42.230303032706914,6.321938690824506,1.363012331726191,0.5927257686637204
1746,31.845427417901814,2.840002750513071,2.5457505302595003,0.930493754495116
766,28.68268272729673,3.7977306682069,2.5373659835625575,0.41222595873194656
2052,42.89733779401498,23.602727367368846,2.69923860159283,0.7532252717930116
2615,28.576109904702854,53.023685993849284,1.6788639400916543,0.17553276878633428
1085,52.59696226718286,22.552568073958493,1.4155218774081608,0.3925151403254433
2108,58.46710107337079,38.396140437991036,1.6524614617183264,0.9453093512150454
31,48.4354403703485,27.10522631201738,0.24905599059926978,0.5839090962078914
3049,3.6697039296784095,34.5571650813719,0.3987170868617015,0.3401281129717496
3526,42.96223990028308,55.07189702110552,2.6253036243117864,0.782114098778658
198,29.62937752914879,55.45982434847738,0.719214688882005,0.9904161138036623
4533,25.520665753439804,31.824671952973468,0.6811562499989645,0.9572927889806591
1840,58.11027397451189,59.16066518881232,1.4133882820169743,0.6216699989216029
2949,55.80421021538272,30.209377556662638,2.6093876191559104,0.9981299717324272
1052,8.730703637641117,27.68561064828721,0.4661376371549747,0.9105174243840841
4854,22.372475068459593,9.703506900674405,2.470980655310817,0.2917414686978662
2542,3.6643216631528497,22.560196282395182,1.0134797607725514,0.30292792137801106
3987,37.39879354482157,17.516510668826182,2.009369665745938,0.37578333404334785
1639,7.652289414135294,24.49177336599857,1.1643114608918645,0.08709032234732816
4819,57.71776683059129,16.960981546838745,2.010240791428263,0.041747856258213534
1585,27.839195226478502,41.3213701884461,2.331021460516824,0.5611595251943706
2389,11.933063418119328,6.683717456200659,0.49703888567748367,0.8657500934311178
2973,39.13231197205861,7.886703769000427,0.2864454759417353,0.2198845090281648
4034,33.83717452888068,47.66624448896492,2.581025343622544,0.5864773361642668
1340,58.96769460527439,24.84283739407525,0.29147679641058943,0.2034809024277423
4533,39.030935621584575,25.13359247655426,1.2910350241808155,0.5131684647407799
3140,35.87932012782224,35.58978873249197,0.6545886065686474,0.113932220891099
2019,21.29786495417948,48.28801655816276,0.6039177193062975,0.03895960624727146
4622,28.366879731160132,34.56483734514397,2.02149270446062,0.8607072221196658
1033,6.268101051842256,18.409805502114427,0.8140584202715498,0.1370370365952741
1770,11.714743241516654,39.83104989651377,2.259139672041715,0.6182209533165255
1356,38.34473019064693,41.24428154275675,0.6001779193705632,0.0341361711407947
824,9.553021662966588,4.5481119009197695,2.3555918372857563,0.947881679057816
2848,54.77517192802628,43.46973320567117,1.0771377975545788,0.7866205933483761
3476,20.907368328981217,46.01723653274065,1.8591381456576501,0.5958907103216735
1266,57.656628819822835,37.47051192711076,0.364948417311025,0.4027508046448547
4067,8.715608148426037,14.986264468153365,1.879827879468317,0.23715432092740318
4691,33.97153552862672,40.178962713671304,2.550627686242619,0.5864328097552642
597,11.08773559469448,37.34487167985907,1.9409888602528835,0.4857010019297239
4907,8.605245939889386,6.634672055085704,1.5971542735584099,0.16251924432787324
3664,10.04378961111338,51.441270663528364,0.9991569339820973,0.703616946426841
1319,18.503507102125912,9.917597846436877,1.6911343589031422,0.14903842704543213
2133,47.88565504768192,41.6077344227389,2.4069255830325442,0.9288526085166932
784,51.669711321768254,48.762876737425216,2.7631728849089736,0.1700515538660463
1339,18.066341111396678,51.45340819976558,2.2867908626921634,0.5751301379795803
2980,3.29985801074814,20.505548081679947,2.306497866637621,0.9364074703502995
2534,46.563283486925165,20.755179228173628,0.21499445992772187,0.5198522425152244
719,35.764830679775564,40.882421868892756,2.112811242629492,0.861971487126185
4750,16.90856422478706,1.933419695584886,0.5728693274953054,0.37265212999065667
3312,23.94538645112059,46.177069632464594,2.492142143254603,0.5497744189439778
981,28.077438916023073,37.56556748422548,2.0844692732038905,0.9439920539624924
4975,36.81093405657593,58.860152027409065,0.4223237186105916,0.49351165327138113
3380,35.867731693075896,36.97084287358496,1.7358547966885935,0.29266187032852853
4252,7.5409658075743184,17.84705393318006,1.2198739711524627,0.30907251012977055
207,31.54675491367568,6.890774700495415,1.4743719882379562,0.6446690159421762
448,59.437831098191346,53.6499661803306,0.12339831682953382,0.6609392320060193
2542,10.612848187393185,56.078684725314524,1.3735682418412756,0.830214718478415
418,31.90581226212438,49.41279232627265,1.4361540854517398,0.34493637817782674
3815,17.701063166292965,43.64586928751094,0.25842291577407883,0.46497050923959526
3401,23.580237307250936,0.44585463956641425,0.5934041088471326,0.7043978636885645
1531,36.179697127002065,14.78727363516984,0.8398579899834194,0.5286485552726591
2019,46.190018020632564,57.05043020979211,0.8786222942741764,0.9423081657482115
579,29.046868337753228,45.99824325904875,1.0192347387634701,0.41987517906985095
2482,22.62020336520276,0.447753570941678,1.5282091613058317,0.03208289094479322
3899,54.36642308630623,44.5786773575079,0.7567051569727464,0.9509905560962718
627,59.995504319585244,59.76991515385451,1.9883015590853916,0.7944932491422168
3075,46.2034588185984,35.0134581657287,1.0830475228212417,0.09309652001978397
2098,26.442141475678977,21.398877299986346,0.1519438806549908,0.9101545057672723
3811,35.359859352581466,29.677289148771656,1.6059524927417643,0.9386101590185525
1727,30.65252551301427,36.66071695325573,0.7217284067013785,0.9545173505518997
679,59.99517006527012,0.02535380004210719,0.3263420483426933,0.7559606553030641
1542,49.56256922983049,11.704673363961746,0.5749099927859527,0.8232368208552797
1895,39.25800672873489,31.090594464011716,0.9790103583159914,0.6169919478841427
2992,59.191192755580374,53.65995885981006,0.2093384326171217,0.24216691919950395
1266,2.682401015587308,0.1788829616681542,2.601626874027653,0.2527014295099602
1618,24.073937158916085,26.509866239899495,2.119510250464178,0.008764662810522905
3533,14.672283505634525,19.83771802596256,1.253386303880544,0.062064471330208315
4301,33.88191011686354,23.395264471059093,2.1201507377561213,0.8557946435974485
1394,29.3359559191366,36.64105075036367,2.2170450747354344,0.6714352206892655
1632,5.850247043232459,59.05313664113458,1.7997270461452122,0.33815014447560054
2509,12.690246896051258,35.488942416462024,1.9461509039443987,0.38374250948735245
848,34.805440660327285,22.215077352053687,2.1849123143062794,0.7187798566457595
2129,28.859008828389644,45.0597601236405,0.9498227095314281,0.3875314268877811
277,26.401209448440873,51.16302642568479,0.45577866245767906,0.7752955601261348
4099,37.773626176350234,7.087679036018253,2.243705730134316,0.011817608680383729
1721,43.56297900277525,7.758557740609069,1.5072154133157099,0.4514978473254069
4727,10.973899174320373,29.615145320097565,2.185407055077855,0.9847068564430346
3444,6.540035421325692,43.87619158874084,1.6377236038235816,0.16858271834521044
3836,50.29059003381447,10.11897487290646,0.8543731979164496,0.15173575904851822
35,55.73421532912785,22.582268910995,1.135987135025085,0.17636345796233588
1286,42.97956172135943,33.84281839128621,0.8707558591037393,0.44474170394656176
3842,20.32059972072658,27.40040203548531,2.1378999753483434,0.7612992477479898
4442,26.023114597162284,21.483797715824668,0.69916472121243,0.6516001571973502
1726,7.013491236061016,1.8729150131266015,1.4090916158242697,0.8572984299101523
4289,33.03762654309467,50.31687844573568,2.4226088766427307,0.5531755312731673
3428,30.338563421051404,17.63739982140773,1.2274370965774115,0.0564175940628201
2771,34.99043305621515,44.25943213307273,0.78122018649691,0.14030400365269757
1006,53.7673240261336,24.59571635212789,1.2905897722422413,0.7070090008645346
4336,45.03414605285501,52.094665592699265,0.32659582126785336,0.2649307565121122
1295,15.215611511582367,46.89207425910391,2.5916607390346678,0.8454982512559845
1148,2.691771992123484,12.184908368062713,0.978214411107031,0.9190140990605096
3619,38.19947860828657,59.2061793770832,1.8891121453051467,0.448529827738531
1847,4.570780985008261,33.42818287309797,2.5120575907678204,0.5259953053987624
1253,30.119589187563278,30.53355629275975,0.7420555218637886,0.5415417672084437
2119,8.358551535710621,20.661477300479444,1.5034512474786146,0.4450517673447342
4341,32.00496239051221,32.05499685369403,2.6544135864568923,0.776753608154988
2581,58.14880070119747,30.042503249737656,0.17085064275543937,0.8444943041069644
1244,30.695053672973756,47.7524213831922,1.1247938028657627,0.6995387993208992
3226,26.62758429502315,6.211447789110361,2.074783245383029,0.1625747593308181
3149,45.49200355538982,52.654920499108556,1.0964430146733546,0.7088148203919263
3655,17.510961220050007,0.5767618201147084,0.8420498623318876,0.8537943013795753
1246,24.51959211880368,51.75412688395189,1.9021076723782937,0.6895280249802209
111,59.43023293689083,54.049916729924234,0.1505977801993298,0.8402224568586562
4513,9.768001057007519,41.34308680628151,1.5847244832200842,0.15626345740743586
3811,45.088833825296206,42.1692610203544,1.0511239904444867,0.3476191373372659
4133,0.6435595399767347,47.83304634506089,0.2955437179656831,0.7430110078983284
834,55.53904024137917,38.63109435890073,2.5978277360348656,0.19892109831778826
3512,1.3441761058740953,28.750270928253954,0.5145417469730775,0.9299032382104524
1586,34.393536805065445,19.455892085447328,2.7425458045130484,0.5690694981752036
2435,1.6743041431189387,32.76747243178605,2.485828317098592,0.9210307581674673
4072,42.59241478577875,2.9400847278877817,2.446857216129813,0.2741081879403088
120,57.672985679043,53.91406003842255,2.3249028240697225,0.5585178103700046
3495,54.86802962657908,10.92451589927042,1.2101831967190588,0.5281946335261023
2840,48.83023125751221,34.543849584485585,1.845858320490487,0.5210471907870154
1247,41.59042353923391,18.264948633670542,1.713277233867542,0.1317303902239505
3699,18.809414056700508,7.636228220342076,2.317450567961273,0.8417076107302618
913,8.819883641582527,53.84624126646259,0.11723605102486384,0.8060519752484844
4691,39.665009315994546,51.77522696496881,1.6038563463698423,0.4210914848448617
4998,25.775171003127976,14.72791603840384,0.5263788002729182,0.050861808723914104
669,27.826717013781447,58.9029942783505,2.7883393902930877,0.2782907563138248
2552,4.464832235474223,30.382556481249697,1.8891838523792723,0.3646588358299474
1294,6.931433499229122,19.311380978825838,0.9988362974766839,0.05844191514879671
1143,24.38336488627838,45.60211320201716,2.589609592975542,0.5324834197518824
4234,18.322156350926512,55.564845602599334,1.9217455776280183,0.30027049447337595
4443,54.450513104384335,4.081199235648323,2.595457515593283,0.8889709859091511
4751,18.31171573665675,29.172020466053684,2.428965205785652,0.8087651968367591
1820,43.6096747995974,13.713250408606646,2.6365661393092346,0.8257973360654158
2797,37.70571020786406,24.837013233469715,1.4292941472861487,0.887014893466372
1934,31.22369755746918,4.786549172348328,0.23710000943227486,0.556384278191559
3330,30.09532857418902,22.825924846426368,1.0419085456966795,0.7829693749308453
4138,54.1272668600389,27.95150277288457,1.4653457193300763,0.632948395406125
279,17.02626240359067,18.035338599603413,0.5227578944229038,0.6165860415092029
4204,40.1168632705537,15.145175092252614,1.6742233284901165,0.33879979455945286
2384,46.38713629632067,49.922841490631825,1.601825359556659,0.3857061753586598
2468,51.35606338983877,56.26597384040112,0.38294401866152394,0.5990110725144919
636,58.81817536757571,54.73772702670636,2.379577226247216,0.2557174322110286
4224,38.82840374917059,39.25627548351687,1.4148912852048388,0.34304944184243
604,48.3840499524122,32.932486898096634,0.9156685238679639,0.9443826201666071
3818,47.80278167345054,48.61406377949892,1.5224138025254952,0.8058790309120011
3627,15.340312596935625,21.088949405723096,2.224394566160688,0.9333450346088674
3989,48.65163817588815,0.18744044542914118,0.43461735783802957,0.6928297567074172
321,10.767645120949181,34.03528577488119,2.417027907279069,0.8315154807740907
819,20.467500597136056,34.671822364162644,0.4984378255725973,0.31940989179948265
1586,1.406364855348552,10.62015576457027,2.296947427996822,0.41354484570142314
4831,45.846707588098134,9.926588023833677,0.310372742286924,0.22800538117421876
1181,53.01471009951166,29.15365302876782,1.9466078964239941,0.8918385137187463
3105,7.5614845403367,8.005065338167014,0.7605546676588685,0.945493672963522
4526,18.301996717435564,52.67748144202922,2.363230540322038,0.38917166486389587
3198,33.36405204787842,14.619688590422623,0.5662279625833369,0.028511848024879494
3421,5.038702065139528,32.695132774203465,1.3842928415927986,0.46590425212169695
3588,26.999031993579564,32.17256958268595,0.49057391783019755,0.5964580176080742
3585,19.42002747933006,12.685254159570631,2.6885014570949797,0.3186904962569057
1153,1.1122529530410108,43.56173442886154,1.317758127394127,0.11581823386478463
2921,37.9541660636418,52.224987017495756,1.1763674069122443,0.5426105233385488
3487,30.73352883959113,45.778793845972785,1.7364746408797718,0.5844303007394495
2606,48.39850083432482,24.53988778107781,1.7521533429338854,0.10562663086336377
3886,21.12315094806561,4.925131138034862,2.3414285880679513,0.4973845792516489
3256,21.905696282198583,17.58855270226906,1.832822626935699,0.6312085930561582
3371,40.125835371653565,49.681318486070815,2.0693098802283854,0.5766712129442555
640,54.92442530717329,25.41977667067988,2.246040679577161,0.4742671107231411
444,14.605095384828592,7.930732154563089,1.8589576265610794,0.8880356182683901
4259,19.076918841402254,48.969760263961035,0.9119549267052741,0.47722913798026223
4322,8.737505467575506,33.736836270992804,1.299008877286387,0.7898638242283146
2225,48.127175069946006,45.74078974526456,2.7397128191678273,0.9491697794522898
814,6.823022775131468,14.2945819513837,2.0224424084866754,0.5396460408208923
3556,48.098427925999125,2.690056193738033,0.8477742537052732,0.8659829175544134
1068,21.727447142066147,3.644268521181495,0.6029079178979925,0.945257341875287
2409,2.1734222395044878,57.51968843351459,2.313899433724224,0.16135636226263994
1607,6.4081488394903126,36.587738298216806,0.34638295793864504,0.8981300811397455
3091,26.744446414494604,6.741009042440047,0.8885525735067855,0.25999182754897787
3670,57.39081328348717,38.845576722327465,2.2989338360716642,0.445092392069923
4545,16.34450859456325,28.24716009173548,1.9748409136396394,0.3787141452034559
3860,32.487733785490455,25.48584073027285,0.5778885047356784,0.8609647833734039
3930,11.497750282616261,4.5616027797594905,1.96873289818637,0.751752483735919
4359,56.33301946189292,7.450817477958185,2.6538741873664473,0.8191996382195028
1971,22.85956625836731,39.04939600679116,0.2717358542899715,0.37208550450147515
1626,22.031941581473507,57.61482099721617,1.7637859494913966,0.9678459134221084
3632,46.59641761473544,14.759981377574892,1.122744871292646,0.11782350947949305
160,32.26811570422118,54.7078083240452,1.8955079429539878,0.3201087486490797
3048,11.332825524079686,1.5832610941503655,2.6365692076701435,0.5329817642497637
2871,22.155798121018513,34.680407816734665,2.645385875764703,0.22002765666076674
851,48.999740645979,21.302389567377762,1.0564358283862945,0.24669808602969268
1836,2.8922976020763103,37.727329935883006,1.855771587601022,0.32865160616196654
1512,35.114429044095324,13.419420786243883,2.792442568420047,0.11499915663968607
2462,6.838319487986846,17.302818242931643,0.5437659217861498,0.22392321824116168
2342,20.98235057749492,55.618461209758564,0.6070294356118319,0.3057447948640194
2513,16.815868297363437,23.323914382953475,2.107231751216963,0.30593696020631955
302,49.73974792745955,35.31509198350595,0.7573838610916386,0.12427903486835057
1325,58.081957703650936,39.03899727455044,0.6870328918758905,0.554617890460958
820,46.05697092755648,44.909461815308774,2.0541710400613886,0.4722525444493094
1238,38.68131293165724,56.70832180277033,1.2858101897930263,0.899933643290881
1452,22.558257313388438,41.76316231610327,1.4010694892756985,0.9550415624313331
1186,58.961051305827475,37.97905416766574,0.4938439753650403,0.06338614425227984
3138,53.458510909321355,42.279848069223746,2.535586248644393,0.2459356837148089
2749,16.771232943924442,42.6718887008492,0.42913392323467503,0.728774803906754
4890,30.232761839980967,17.236532246566988,1.6861215307359418,0.16731669750243505
4525,26.59306571732507,11.398159386230784,2.624971710571674,0.4453275437577643
897,5.050369525390151,35.27424230029838,1.2177862864735542,0.2832680297241368
4787,44.46051213352388,56.342651714855926,0.9377562704821901,0.969686273077057
1689,50.61176568615119,3.6329698363932006,1.1497907585516884,0.03251181619671073
2220,11.271135795218141,46.29090653829136,1.6623266633962617,0.10641420072947416
4622,11.770137767127855,50.46137909422235,0.9016402327955985,0.7483434307917429
3216,58.92588765725663,24.304058988892585,0.7768628183328167,0.5818184027229776
4812,51.747558966615536,59.75780657688814,1.631710160393307,0.5196520511518234
1765,3.979321340306259,56.214272869059705,2.226844771031044,0.2595004996045547
3104,50.18602902355504,47.652269766888494,1.2760364365954728,0.7328201755543229
1356,14.293894911328852,8.876142334957768,2.754263055005219,0.4791345220452773
2723,58.30156734082369,6.184245890251745,1.903646226666632,0.4996374466135046
1691,18.44860810726459,29.36417681972555,0.7600863179174608,0.2744802250500358
2047,40.85282522902303,11.113800560748269,0.3220557084881278,0.7998187518243903
1942,7.987495520127343,6.345473929566525,1.6571469079356216,0.6982603340403176
1103,15.904129720418986,25.277044171362203,0.9099724336360996,0.14043910249392566
2236,42.26049723948671,35.0564688545726,2.2745501553832312,0.4357484739243176
565,38.17426113693053,23.67405669584062,1.6872793791241747,0.05797172227543035
4289,50.93878030716259,11.607641133455493,0.6895532288747808,0.4792091827036651
4465,48.79221407863533,38.433806426369074,2.65648784795135,0.04454048880903616
2943,33.90676727399806,38.76717260488916,2.763527262890876,0.7204094336045325
4608,8.927968710323352,14.659907101861096,0.5337190283915085,0.5559176935981534
397,40.35899513862738,56.96102045894515,0.7454834335911089,0.957061806659783
3465,47.0348824996431,46.13638398602505,2.752536818257392,0.49360256933658075
3153,39.48366691748896,12.107522241338334,0.4024534914160679,0.9850418079857375
474,13.29222615138129,7.709516502293326,0.678517349855516,0.7459899996067445
1987,6.742399047086025,24.75628722809574,1.9259750888936324,0.6862486203808552
4129,8.134717572772598,1.3443025835481293,2.1300592043296813,0.7076576638289016
2791,1.1861485857331333,39.579908750969786,1.082047119957537,0.11887395906186182
2622,7.6570622968626045,33.6236903522628,2.343561628711853,0.4830780149278341
2430,56.02405940247927,59.00054028470532,0.42552988640632017,0.23518077583948205
772,5.632982338863785,7.288340089508432,1.7165886180132914,0.13069351019149877
3411,16.489144893204656,57.73004792667265,1.6183744169390266,0.7680404772687076
1133,45.12647527457349,48.97215586276467,2.680877193342493,0.18462083524018447
3151,13.849337414526893,15.746167951825258,2.613625781738911,0.8099378497293598
3662,18.870124082085415,16.3427123438877,1.1115680060167692,0.22566167203045429
1644,39.28717823260676,43.12000435877183,2.0436649520586525,0.4470470893602252
2326,3.5266137692915556,34.45964505914764,0.5968835440964273,0.5748520464085616
93,17.76113500976313,43.16549434663265,2.7614009332793037,0.6093784273046238
4264,46.23145655614225,45.757086795978154,2.6398187089533534,0.8596423014272078
1447,41.07558718358938,28.580526847710203,2.299151675869153,0.5156013895218422
1327,49.0959311724143,45.34542732455706,1.6829734568244012,0.9917443738192545
2016,36.74919612012135,43.479160116458345,0.19304716609167488,0.5392998486407689
195,42.55887054897133,23.105949490450875,1.2533681868948976,0.6949946850731178
3537,47.47656097140132,53.88145946681979,2.3779007176712508,0.7534678868074349
1467,48.99875847823475,25.73256542821701,1.7733052039413248,0.5545029840102891
4809,3.0309560905404576,57.21802566996091,1.520300797581204,0.057573105320553486
1764,48.655599624762615,13.355753931204415,0.2921977431749222,0.07089361675464412
829,39.00605723696829,16.78242497004718,1.0988053957490078,0.3929986563722513
2079,11.098771376941844,55.53905798937071,0.41369144031381355,0.15006779417983374
3981,21.174715530849824,11.348453609212328,0.8917357749574604,0.6037249979447947
3190,44.4842584193123,57.16174714629798,1.5822847186126443,0.44017420099371674
285,43.30545164864642,6.198577299858627,0.10191550646827957,0.8572224206585359
2970,29.482346802122542,49.19544831782744,0.9736724644223819,0.3896669215087788
528,45.02779959218502,39.91673128882347,1.602692957899048,0.12922256300129864
3758,48.49148876531634,36.568426436159356,1.0810889180589405,0.761417210054003
2058,1.3342624222301924,24.410194690757233,2.0380671108564203,0.7830687397092234
308,37.27164739819374,46.55038258415299,1.461644170220214,0.8838207789821806
4683,10.306255308570542,42.63338837647245,2.6984521870761595,0.7089435926268863
1729,24.201013366072008,54.241666654287975,0.4830038553293283,0.8767331242880394
2182,45.11374110322073,19.842132785444406,1.9669094393893687,0.15104124799977525
1019,56.942355255488195,15.13902972966349,1.6248198701376033,0.08060656105462605
4355,58.20716300809514,38.458960924062225,1.9809616689321685,0.1566693586244251
838,2.7431401388234833,36.0159464349455,0.46874966789426953,0.8917269744864722
2200,24.01071492752755,32.69997771751299,2.162342995753173,0.23275757866798985
41,37.53912367406803,5.7613491512243975,2.231549996336981,0.19372512417832277
3184,20.864661265691478,8.19377885035376,2.312731548798497,0.8815310560477883
3590,44.368651282109695,18.92473693503473,1.3068670957605226,0.775193448441182
1980,26.453934265564655,25.490064136927312,0.8434922307459941,0.19842826880213982
4113,16.526994686185876,46.597331173037226,2.590877186034618,0.0770875723557537
2265,26.96678420087128,16.17819219338571,0.7826034905741781,0.9038064042344608
2098,16.000556351550138,9.428702191164096,2.5187153379948555,0.48698755726405263
1366,16.54702705112294,40.580724959551794,1.5679763763217875,0.2029094826081972
1793,21.92730620578521,17.70565354620221,1.5192721465114307,0.4878950442372211
4440,4.963554948378544,25.87436710072576,1.547668240042536,0.17954788244839526
2276,44.410028166478725,20.278446432918177,0.1209693784099082,0.9007907973648016
233,26.828475971101874,30.68688430228557,2.596740453633492,0.010562232260265758
4112,27.24449238832114,11.256134359230327,2.4849960991130327,0.4610425468141822
4296,23.918692375406184,27.27601383797909,1.4636177908370795,0.11123074550830037
2370,57.91533927597965,55.97304379756622,1.9185709233521664,0.7405145713217018
4116,50.29393071496176,24.071504298342912,2.550957826247012,0.06525917604855258
3224,0.9275354058954632,54.70907405438586,0.6914281675093445,0.6312010611185561
938,50.78326901490133,14.017963642867471,1.5620660799489845,0.5661354993089623
4630,55.75328053765746,9.741120417027755,2.652032203027993,0.4861050030492359
3443,33.73879827530534,50.427498616370904,2.266049802246843,0.14927744386776476
2063,21.49206793317767,18.701562789268614,2.0012525489311157,0.3139798116261222
2692,58.666891939697194,24.996213672283577,1.7116197332221348,0.6478806465925887
1103,20.70186704122627,47.318282467453535,0.16843436422010377,0.8500976352522158
290,56.05623436660275,33.876680063745034,0.4879482859382438,0.35140033349266075
534,52.39660648641289,5.006197971377347,0.9040388456308501,0.49884578817940084
57,12.530704300172136,51.900901837608515,2.3647519587481622,0.9215348707276612
3958,30.135741561005506,27.246462943817903,0.8153953364066896,0.18653946486599338
4525,12.230978272114134,33.16366282100112,1.8089270617011695,0.5630751505066938
3515,37.70517533923706,41.70814551979789,1.0760793694983353,0.6450005582013923
1376,5.938523468062176,11.356332397832233,0.30956390872436057,0.4581446635501575
2946,50.01376468183208,25.51600288557617,0.8220273410946818,0.9912440406973895
4613,26.72113691835403,38.04759215113247,1.518949220831427,0.8794453432681459
3416,3.709701520630264,54.9469784209919,1.2731732089820103,0.08689778530790493
2796,1.5506038473781558,45.438436881330375,1.609985233692699,0.1400283763871326
2186,1.0931086348577623,2.3419752424727402,0.17856252528742145,0.16392302632103695
3847,5.488829185813979,53.76067047323352,1.960613993224741,0.18287354177775306
4368,52.38186032322293,22.69205084231046,2.195006088633192,0.771475691625141
205,6.732267588990397,3.3947254501642132,1.1931210838597828,0.30788122476426893
2490,43.035698348102315,14.222128795393276,2.5406009580794042,0.017580445190018112
3365,53.995699860896295,25.713462825670195,1.9001365292755663,0.615102096029102
4980,43.46661362539885,31.892718379881405,1.8038557965377833,0.9499317215946212
2796,10.36209417970442,42.797876967043145,1.552194310880543,0.9972296336155336
1598,32.98333872957105,48.70356738807712,0.14843300274463136,0.12425068904025549
930,22.6714748596757,23.03693102291499,2.580736216269967,0.8903611099246656
3119,35.402359427110696,49.07554633838697,1.2296948464128434,0.4123598606350831
4563,54.374212328432556,57.88904128075909,0.32401368162362165,0.11446241308027238
3737,15.056268756359355,50.485232697388916,0.7700236419647701,0.14746832570420532
3101,37.08825895544676,26.015306585086343,1.384391342695588,0.6164930197975277
1674,0.1866076176728093,46.6041445081756,1.8852682328806474,0.02547723641865085
4294,44.01840749769965,20.339196195095916,1.838679190617726,0.30815284739086657
4589,9.786260918020965,0.3757429808410695,0.8354686092299521,0.734019330507255
252,18.775851321296795,15.882800378016587,0.2009722982555207,0.15564905030398235
4226,47.965701085082145,13.818004942086016,0.9461289760530159,0.3366977389334974
2259,48.042946235689314,47.445044526780826,1.6806149609568812,0.6382480250023629
861,23.080423749094937,45.363841469444765,0.2715775348322486,0.5847207803592945
3631,40.411480677257266,41.67960786027402,2.6800389068077206,0.6270750201501443
1091,40.09251534459589,8.239449202442987,2.3222687827678077,0.07204364902632576
1953,8.635322477123513,31.766017421569707,1.7675300421935116,0.7089584368085756
2472,12.079053756593552,27.69672084356326,0.28818553397709895,0.3235923588817189
3646,13.379538185450183,8.972690915592842,2.5424032461540187,0.5345876167373267
3490,29.943223846542015,24.150434146061066,2.024075108540762,0.11933608675690355
4682,57.32797476846729,30.650616514079655,0.506096481689708,0.2714265483078372
228,48.25318629032781,44.136452905330046,2.15528497779682,0.7775390023381726
118,20.376211874428137,50.186729160219976,2.424196499723552,0.530765209971606
3425,11.724515203761927,28.042084038943372,1.1067073095293523,0.1109565561290985
4248,28.48815638643522,44.69257255771199,2.4231124644710924,0.5589589119488703
3026,28.78094109079532,52.67904800138052,1.2536542146916425,0.42834723014003684
3776,0.3649745773392632,13.345884223907177,0.15887195687930808,0.46119953358538646
4976,47.00699099178723,31.315441819862052,1.5297325812962526,0.17329844381141468
1379,18.346089900516883,10.919378124857209,0.7314429292337716,0.5600709902984531
2487,54.27312685848299,59.13731144798279,0.29972710922435764,0.8103311961724198
1503,39.717001445181275,43.27208719788164,1.749117783783287,0.8503106083922669
2485,23.211379936141377,25.068550487929272,2.6053354610207946,0.013862539166913379
699,53.440840489454615,19.21817125692054,2.367161985221625,0.9217095887823589
823,9.616028611864511,28.83497214212381,0.39414157034767106,0.6500882814706854
3065,0.8616742744650274,59.82795220227107,0.6706517255753416,0.566268171435528
3642,44.592071781423726,37.352180860013725,2.7512909355554096,0.8508245348390787
3721,4.272833422645079,10.372329759226522,1.728425748656701,0.936360007825662
3691,46.76587792670643,57.1193410677765,2.0449465691532343,0.3358328287224701
4658,25.94500869227382,29.331684893687385,1.2102087508809196,0.9646427512139293
2634,15.920227948364815,19.144962273448268,2.348518795702,0.7304667798319204
3689,20.929458818047287,6.769386105979822,2.361344184357925,0.6989549012888635
3813,59.06890099570192,10.922364845610659,1.5446953112387116,0.6302650461026172
2518,6.048315638874511,37.221230441687744,0.1894414176420911,0.8777162574578334
368,23.147249285958612,7.55215861151515,2.528452797233123,0.17684300287120747
1077,56.523141845197514,38.67211057217686,1.7867130361428003,0.7358767652935753
3796,12.322842304054113,24.377706337175916,2.6466233302798816,0.6019909878398765
3629,56.48619225200883,41.09058311044767,0.10991542597328696,0.9439842743795828
3130,44.73683959948454,20.696069942267957,2.0127598812041927,0.24642310194015893
1490,1.8462941197755711,32.515864169777466,1.1222940684812601,0.6262718594294499
1888,38.045702050071135,46.56419323720252,1.9062293838945543,0.22259311583034302
925,15.674244161747119,6.199906579453591,1.2276522843474578,0.8928368578852204
2470,14.68829361457634,5.466048526441083,2.604117974290218,0.7492939935356242
4207,45.59856179226111,18.34938219522338,0.6924790411902778,0.7668228337875095
3851,41.202096234244465,29.147301144415923,0.8721251971412706,0.033301901572432846
4553,15.363103288395923,8.093251186179817,0.5812347796059761,0.5821898646171656
929,46.18643787594122,8.26579563309862,0.6181002055948659,0.6665154904635254
4261,44.719974962516474,59.292723135697855,2.516592836358206,0.11950451112157301
4193,53.17113885287684,49.81496130228133,2.244582037249061,0.2340161641219386
3110,23.737617523285664,3.4709489811293226,0.6354735235151804,0.9301447072294017
2941,35.236763082583714,19.763078235921704,2.2301583371493607,0.349363164245053
1194,41.12893438717492,2.7000942418752993,1.6030877677002644,0.9682162099263513
4638,45.305869038392196,1.7447394149303053,2.3796492257969786,0.9379074990230206
1894,39.45747725917455,12.79393914281015,1.4470418579840045,0.054478145829219615
3702,0.44890464096062566,15.038296615712653,2.7492904846350115,0.938863089653328
2152,10.223312931545909,21.865528571327935,0.4472974270707617,0.7487343309337524
1364,35.20847021959939,7.073907115642295,1.6470917969486143,0.8250585192929966
4972,57.00783467192026,4.264838358741878,0.21098102202215274,0.6106239837123938
4551,49.80371918446873,42.80255407907063,1.63131825655652,0.5463038457370084
3076,38.555863268608675,38.71149176617382,1.3742356269871379,0.3852854210997321
633,51.82495392150965,36.170361715576185,0.650313944190784,0.350649584928616
2678,41.56963182039828,51.219435250336765,0.3339424759981568,0.7261710603035405
3824,31.569879943879183,11.626953010957754,0.19655588262813933,0.1690705238837943
1788,0.6247675419239695,52.82641312739207,1.5869647616426152,0.12000592764255091
4156,38.84288683948173,2.4453760032076666,1.8140002370571013,0.9838874690868062
3438,17.827060990788695,42.90023369893118,0.1689294085822237,0.7539499113989768
3849,9.191966101981574,49.949053214230936,0.6427728877392959,0.3080971267293493
4402,40.32704044612502,6.284885413109251,0.6699209210560415,0.9226137031288048
401,10.717358511430994,44.4075881684307,0.8034271117242874,0.19566622412663592
202,45.585188797867616,56.27986717566878,1.4683843677693649,0.8424975584134572
3985,39.78501503670385,17.317830770237595,1.7985555565514346,0.44628471202357156
282,32.96396948413891,20.35469561072073,0.8649327438769285,0.826605272075957
3848,4.8120727609433604,9.729167699460206,1.8404577610337713,0.9103905063037988
4675,39.439076107755604,34.98847139679196,2.6847091773997454,0.0623682094423863
1049,49.26798892459246,25.977507407573487,1.9763656306198776,0.43180465457395345
4363,9.292796948391189,46.50252843212159,0.6939005653389206,0.5913712092030149
105,47.93589875678055,35.23810264618656,1.9936364047763446,0.07438392342002664
1926,1.2902128809495594,55.91325689746658,2.28934973610894,0.5086680972833146
3349,53.262827039360715,45.49151607959921,1.5490426978089837,0.6272677508121499
4726,19.295238304684446,5.243719810922163,2.2198152548785113,0.17621842896078777
2958,35.14813644147258,56.72185586723111,1.722302766238689,0.9536246414071075
1600,23.630986519269012,31.36468332914749,2.6871883580766913,0.9961773405076082
1097,39.80239001976787,4.51905817371231,0.45020422975531715,0.5147282490370337
1216,1.6970077640300851,11.93846530030922,2.5225504821334366,0.6302878109906027
3690,39.07529425684641,53.32742235182508,1.653917032930901,0.008697099676721831
3304,41.89729281489869,49.71795071688822,0.20332834379498443,0.6706061076405503
375,24.17348922898193,46.36283820300793,0.8284748110086526,0.9790126491054438
1836,22.446508865689047,35.97581777230602,2.3211674338853028,0.5357823896946954
2012,21.610220650070154,57.75302006913477,2.4124407270319717,0.9343477052597112
3839,52.12944649819907,30.69713333691829,0.9015798851721593,0.6940101945703271
243,44.621522556062935,7.677170079347526,2.6399157387837353,0.915912571407008
4939,14.583404977984939,1.8776113385076232,1.238990132237576,0.4995509054588346
1125,57.86964602483086,49.799187396489586,1.4337975898898994,0.6600794446130038
1116,23.416734038305904,4.896098669974817,0.26078657064037336,0.9722437457091339
44,8.034969654996956,45.18916654662651,2.47965536955793,0.4865773835363537
3327,8.09128799302818,20.548029242704853,2.6037936399960566,0.6052545985064071
2492,18.265217561700148,43.674641263749756,2.3570668434599633,0.1028809864799467
3625,8.45546805657462,3.8843168668427697,0.18531984947834923,0.023893481354418378
2765,55.097730616314095,14.166774370706177,1.0110994739950268,0.4783159407855374
3561,15.077527004193875,20.352489443361517,0.2131403326763952,0.810658457870638
3226,19.454314252896314,57.47988340387957,2.1147293945238554,0.8099064567477493
1149,36.809753070503085,59.333585791884595,1.1127833221566732,0.8375321783482025
3932,14.622918733173574,30.984681073540365,0.35533254374300094,0.8439826809275388
550,13.55140995843013,29.058721038993436,2.149675917807164,0.31357530894872854
178,4.026067747544017,21.458071127071673,1.085097078342013,0.9590082312135779
1349,33.988159056011064,43.818884578414625,2.0765362108011827,0.6718489649585339
4163,9.316770769917964,8.441134368947532,2.743716385987615,0.5562551516556735
4451,59.77749068134482,58.30341889563226,2.7663848775428894,0.47687878093351876
4924,52.331680804359834,14.547575474216757,0.5711268485114531,0.12643569951646205
1339,31.317522539130525,26.99683509849865,2.6692906052350414,0.04132631137537579
3289,50.84055471314128,52.80834772834937,2.3613970553099817,0.0659882900686074
2470,32.24216014927703,54.52666496461051,0.8178570225680853,0.5133105297615038
2556,16.30029181182463,42.022513115914855,2.3038362705440774,0.5550412349664194
636,29.80542245715815,52.23484072361631,2.3980731073223125,0.9189586915238194
1071,59.04853693516051,14.28489025807986,0.3513955831908673,0.7219484140025938
1030,25.53374133502436,48.01220989590222,2.6992688563834957,0.9209510487049428
4557,23.891505771420125,27.42225831089986,1.9860702095758707,0.5877584836190533
225,3.7844137824847457,57.209699794524624,2.583267358640501,0.23016858850994215
2262,40.526649380486134,38.42024171479716,0.5321665720186312,0.9736351078822265
2934,58.441047739646386,20.60629933436022,0.17529040933030768,0.6907923683330458
4099,36.62663046150704,49.14019582171256,2.0664655624038417,0.13529623085300968
1603,48.25474860045827,14.234113105834016,1.1461133995638324,0.5890039103514408
4280,56.00992827205659,46.65899598803126,1.8333762072040964,0.532035061561898
1778,9.216978491063465,43.01734970464343,1.9772925291152377,0.9807336734940121
4700,59.62020931471733,28.748893203324236,0.3719333551994577,0.07723830932059017
1536,46.536287100101944,54.803204716627086,2.4535519631493656,0.3580138875470532
1420,18.3803984441956,33.10054725941535,0.8269934762839789,0.26659052996439714
3209,20.073014071450046,17.021838815065305,0.518391343583216,0.7798501415261446
1945,56.16836013127776,29.301644882423812,1.1085690008940676,0.9422915852945504
1974,54.358861762342656,35.46994817720203,2.211846177414038,0.9250175399559221
2098,46.71095156817221,33.02319807080384,1.1014194307776384,0.08176013384829472
932,48.629735278268015,55.99752934051117,0.17399248168889747,0.7732308285785465
1978,50.530333396885446,59.83353806662744,2.030244960860242,0.6056294067449309
3556,3.918159131257166,49.91273393218098,0.28188128951748587,0.7686021746299533
2238,26.40374318467533,37.905245016230694,1.303597105165324,0.05823509823659956
909,9.312005130446021,2.178571824421127,1.0374017848713648,0.9695893758376898
3964,56.08467314862533,8.781216568398273,1.4262591130140085,0.028303686530619987
4204,9.863832670072131,6.283595945913792,0.9001237606228549,0.24460359055432002
1688,53.75719186180555,37.49121774032035,0.5058191504736701,0.6774413458267303
3677,31.678888157041207,42.422077968049244,2.067949218067589,0.46801581104916334
3444,5.972488678472363,58.547515059353856,2.5877080599085955,0.5492042190849087
4269,52.76910798511918,36.039656460089624,1.9940419770741356,0.5535920231026726
4145,36.46914770458764,27.534881240108383,1.6214607740617235,0.7086723817271067
4415,32.24188305399688,26.5587871448345,2.6349989417270776,0.1708589080916154
520,18.40057630847879,29.357593147155743,2.201895199289388,0.47109401674943063
4899,25.584089892534156,22.951727854310647,1.6010592833984423,0.29725083728611734
4928,53.27756361901439,39.071792488467004,2.549261344055625,0.38921787133024
1664,27.69800502137607,40.43545863367205,1.4751557534716238,0.8315205067504521
866,18.41312889505809,45.8886589740159,0.3177194007725659,0.04824244954968304
4176,17.733261688021305,9.897628559799564,1.0554135427313402,0.16008187444723787
4035,59.86345266636944,46.772186772257584,1.9194370441833843,0.12470037084384633
3937,36.98146525323182,33.29459354983228,1.4068164273318005,0.26005874014595576
4833,33.71890658456242,59.12229693595321,1.5308449379458515,0.2775691535054252
4395,59.37270177253345,6.901841084286977,1.0381687077563515,0.4969908460976801
1735,59.52816325541533,23.759320655820144,0.8115041774837433,0.6486341723140597
1785,4.294091719182536,23.172628459316314,0.9031075432359755,0.45987738391928734
137,23.40313202016697,3.0345300648452223,1.5638878125753921,0.5349256953376684
657,47.77439933641533,31.27101140449684,0.5441692863673361,0.6440655543789077
4684,31.495853277640947,27.225411215747965,1.8260524450705198,0.08808547480061613
2366,34.41707524440986,14.735666733546894,2.7654095692088965,0.20539792039408
4178,16.579976856595792,31.34643685921233,0.3923160669225473,0.08303230384120197
3212,39.2676269109878,41.21243095048838,2.029689643643993,0.24185999529965918
1752,42.08731243410676,40.35145060839093,0.2608700594034692,0.6680649941016439
1539,33.15272345855267,1.5245547221935785,2.7072552307894586,0.8214636124058274
2211,43.310956612429365,44.71571216506236,0.8039915520222403,0.20974575075421265
3058,28.126512631186188,17.031124522132963,0.13205813582597514,0.320804693128538
3390,44.73044191730109,53.33337581847338,1.1480684488597803,0.9134190851752452
2922,39.64525228200851,4.579370564852705,1.7062077287351956,0.3686011387035002
4212,50.14513526470573,57.345706344172804,0.3471183418992626,0.3869973487441626
3872,38.6368479731945,55.78010317288188,2.2394537623898336,0.297235357165507
3276,28.930985873384568,29.33031342340325,0.9063479387281796,0.5892948180192322
1400,15.804950869397478,9.64237482432752,2.307479684434298,0.9258587162016128
2057,36.24956590821168,51.744559592014326,2.6588318628045173,0.3014024383682554
3086,2.1829342276616304,11.72064725513092,0.9689987102918964,0.0014424514210108486
4838,11.155910406915087,57.82151739258555,0.1598044133611679,0.9009127339593646
925,23.70212984465009,31.579772661565777,1.4979034135536022,0.823060187885757
25,47.19404109365677,31.841557244158366,0.17432088881926128,0.24762117273120043
4757,52.20365101471493,4.0711855393365255,2.3026768700721916,0.16895825393718478
773,54.16186896414862,15.3946540466709,1.3455575068640984,0.815159969328282
360,29.65441526184638,42.15333529665168,0.8241813810913878,0.8109318915518041
3759,51.8399424757418,10.882421984400244,1.1732475745912576,0.6595813006140124
4044,21.44717776068548,54.139342478745455,1.4417864124464241,0.2972601041413153
2903,13.873217241662157,35.52146732324907,2.258957347055292,0.504905203537629
2354,44.09196910848298,52.02972339942885,1.62977147518927,0.940169525844677
4528,3.3098736764192593,37.146884871192555,1.81362221699451,0.1556441155450783
4964,59.7185100670102,15.9831157735064,1.013597916210745,0.036341577428478655
4221,22.022128423257506,8.120003019692842,1.5286562411092623,0.9195019516810033
3625,53.59267613141162,33.951043783008,0.23203795918268447,0.9267306838932545
3994,9.081743052104944,51.01999289832833,1.00095760296687,0.42695250723249667
3036,48.55112600869414,7.599645319705801,1.2700872074687588,0.45279301963953345
772,36.30057816268159,13.707260072455833,1.6770898680814752,0.9522574209616834
4351,47.379893594648465,34.649964803784606,1.200013498493035,0.4699947737966752
2748,28.526255869427594,17.827248295163777,1.8283140754822298,0.8791337496967405
4805,25.910226570600244,15.355898315513329,1.2861130015808715,0.6079856939576257
1844,25.706721194997183,58.537088995946704,0.339068970405808,0.318568686572668
3464,10.610261363380282,52.160475995469554,2.6918187455567035,0.005978234449757647
3615,32.70841468239299,42.65610875685413,1.0670016188518585,0.22791135576095045
1212,56.56493307298507,33.23605771231957,0.41143941953903784,0.9016159468454814
818,26.36843526585492,56.83229971311873,2.783053399947945,0.8072490659158599
649,27.02701951274228,19.85626042955087,2.760661658800689,0.6833760894471098
260,1.2395754034979323,53.133021849802596,2.041333797241336,0.7224783802567001
1815,19.433957585777918,46.40663159574376,2.776285435751329,0.3254839401925902
3569,0.628987838902868,23.64585518148987,2.787212209588584,0.2438665302780404
1310,29.628582610304576,53.23899980301391,2.7880360548476943,0.9095990806226064
735,43.24609173148022,48.98205700174945,0.679102836668158,0.23233811458173037
492,49.515057194995066,47.119621087852025,1.9083991465141308,0.01916381660191091
4081,48.04583885055905,42.903689111333556,2.067231310339044,0.42981107537322893
2727,33.172280858934975,8.038479869977849,2.069970709929182,0.8351007436749142
4416,53.092834439352174,25.724411288709106,1.4488474828222269,0.7085875221162629
825,41.25673859760093,32.93449892064455,2.351402495875665,0.5669545746110509
4487,47.841590213086086,48.170759863303644,0.5088296933535261,0.1183131621535588
4634,9.253898418600421,21.368251771123067,1.8461220365691098,0.6570413702159501
1489,24.068845339232652,33.514633860215724,1.7451422038005127,0.23386997372969465
73,39.00374995847331,55.48922082069068,1.9280856754320954,0.7210922232442103
2218,23.227547525990275,7.4548135663543835,2.0345153426365123,0.5248152641135433
3404,11.933185628531843,51.379586343866094,1.3002069576907083,0.7976464738615029
2832,31.07626413074,7.737966466152015,2.2216204511077406,0.2883843600036696
2050,52.06971650771929,41.70714259961148,0.788901491239852,0.7557558359889022
366,45.03609008540343,7.240590780451175,2.3924550922867547,0.7897589810312358
1342,11.237078435355912,8.317751568402716,2.628134851517763,0.43833931896260314
792,24.38866980414516,44.772975973934,2.0249671824685938,0.38916427622376915
25,0.5588024658755142,53.73280351867089,2.1570616113699037,0.6507235583198233
4941,23.300332520106434,5.670374545058577,1.0085704941456954,0.9633906885524443
4609,25.223552680244623,10.059184074332775,1.0273369006974276,0.04926001836291205
3819,9.277894659380676,25.082005092770522,2.77370764822571,0.15402169214957018
3666,46.52943238355301,59.97120055664842,1.5443294878848273,0.23309934188708425
1619,2.521878069114587,4.115601071183985,0.5007896254980944,0.07878155317439084
1058,4.947446964223441,59.28444399819913,0.26528768433424915,0.9494831101366481
3637,39.17177850245956,7.966335437201844,1.258005385393566,0.4502738988496915
2812,33.206779314329026,44.641227449403814,2.595272700016685,0.2585996423908935
3181,15.509279323336651,7.876991503953645,1.4066471951029484,0.47840038357980796
2222,40.06227355187428,8.28652084630262,1.3144891161679042,0.9768261148772953
2882,5.3748626459256466,16.27416072913542,0.9263383079958528,0.7680385499792629
1552,41.26566054184765,30.79862385990075,1.476615686929872,0.6811222406417102
1801,54.934797443616745,43.91329094101799,2.762792900871669,0.6931180772357796
289,58.22056174152857,36.46658869989574,2.051361652527339,0.7299057480118114
2972,52.6287792739436,28.125363658782806,2.58574071034241,0.16528935056466687
4412,37.89113627134614,8.502524384604362,2.679723712612267,0.603472271604411
1548,53.773440834652455,54.51943949219149,1.7349203176311982,0.1510270180216169
77,17.184445152200553,3.1524968222311145,1.4194207544437607,0.09238781977823363
2894,56.858648775522305,34.175330705570936,0.2778802583205182,0.6120442001805999
2422,38.0827037816983,19.928752750987893,1.3232411644136655,0.15173716970450835
2494,28.669064216872805,45.42557543124461,0.6851673312605236,0.6986349293197224
583,55.01573771630157,58.50300084219943,1.9381926229114086,0.23699535617874645
982,40.74301199813639,25.24217556860831,1.6187096806960626,0.1930728368703597
1886,39.40142252381658,2.7630939616833095,0.1477110661083777,0.11834113686256753
1382,25.903906154486652,14.878566422256078,1.5887428188155608,0.5448162429382606
198,5.513727918975482,18.882578504151454,0.9958107482817071,0.4087194440821007
1092,17.943990540039195,8.19761837058043,2.0783449088654034,0.018926974340624514
4461,29.883962889381873,3.980321323764884,0.2551718807943064,0.7791404223679049
1303,5.631311581951572,16.53200674856503,2.4055913481894162,0.20170580825139284
746,10.077554927958294,2.0019442644531216,0.8359953422336086,0.7198526444216321
1308,43.42961919440991,1.2225739900831356,0.5114552535794736,0.9466590558991103
1509,20.625324030549432,57.84635858539594,1.35322087943569,0.5725915185278995
4432,33.754439368603386,20.896131821103722,1.8673143816730982,0.45941747947571754
2144,57.14454436239604,59.47107089356173,2.701954591001626,0.3852207286458965
238,52.82884226822921,39.37773190186922,0.15496602072505694,0.3146943652058364
216,35.25222160763419,56.46885271380696,1.0606441316726944,0.7051032161773458
4663,39.715621531468116,37.95568524896093,0.7405575881269018,0.6413858219861506
4754,22.45488881947406,59.59596544558409,2.661030508023349,0.45380817613037383
3938,15.169770734831644,53.49903175409159,1.1581186069411733,0.7117464791130693
2173,7.5825713069383145,56.1975702676414,0.5268305514865391,0.31075862083325956
532,36.75150878088657,43.40358720217341,1.154015315605503,0.2668900378365837
2136,8.50036474068184,47.90610282841297,1.9277543261974497,0.4663548761746825
2615,27.594395644386086,1.2147939187623047,2.561807169147584,0.4660938183507758
2256,5.0306601818909735,20.108086473738293,2.207142531197838,0.06409790962401452
214,43.97798865718342,40.20240514208819,0.981160198062148,0.11587426757828201
774,19.087974759189795,24.277630122022423,1.0837071643754377,0.15281388069824353
2650,21.32081113953125,32.36511908715623,1.9510640325845114,0.980466701144286
3124,44.75692945306925,21.3521065927575,2.7163576235199245,0.5803246170119074
315,11.398452005010318,44.92129115729267,1.411581552630869,0.49419206505468005
755,4.2918612344113,36.79868555775317,2.687276512046614,0.19471518376827102
3026,21.304164172075513,33.913325626910854,0.24073861152197648,0.9624419049142985
3137,20.915457890090504,12.509638885840653,2.484462080455437,0.13245007610539217
3208,54.9646867743788,35.72409204607529,0.7360546299948632,0.3572242169158485
269,11.701831539497775,26.753374735584075,0.5066668786928349,0.6892224690733236
3643,15.48240939351171,30.53967127913194,0.8607076596806852,0.6589315636426156
1105,38.41071277281901,22.485708399554866,0.20298028381418493,0.3893228595800182
2974,27.209616570448265,9.49930903648131,1.7267598477844421,0.10950595055944767
3240,5.6984317411164565,42.852097396117045,1.3427554886951232,0.9761799877835429
2764,30.47699213969142,33.025322572242715,0.33884942554144404,0.1026446314074082
908,47.72948670339788,28.989485913070386,1.3944491018821918,0.11424469485398703
2985,54.08218065445125,46.97228135847526,1.9802546403288708,0.23324739481082368
2505,19.309103526053175,58.049679704255595,0.40303361373295143,0.5553059589687226
3588,24.14572713965005,14.486007745866411,2.652696135010946,0.9655059922345015
323,20.93593290210434,8.50210351813171,0.48425685964244936,0.28810197067373744
2162,43.516019982958376,24.864849769681342,1.0452026887851757,0.28340520497474797
925,41.86065474278972,58.811393726810294,0.8265673632754867,0.23664917409371633
1834,45.71217272259444,24.320406225991476,0.5859014800705221,0.8635991008348723
2750,51.79965192271286,21.973196183037487,1.1869908638612052,0.1192769887616425
1585,57.42380143060117,18.05568973379333,0.4526898086147164,0.8600181456117225
2212,48.33896256129466,10.063015828032595,0.16638940153975712,0.7431348393692347
722,11.836706629610541,7.76726350374229,2.296933667341801,0.9759646941397854
3530,7.536465146662364,47.53712559578731,0.9291825547330592,0.2797045080273326
2597,7.724407322081945,53.87319309508221,2.7605849567015683,0.755890378842567
4195,3.509439560698626,16.228222166981883,2.7950878126370338,0.6867758231402219
4457,56.487528964922504,45.055678364148044,0.24542602346919684,0.6812512729065783
1699,46.18206455669563,5.560986610359217,0.8832190491088538,0.9029905434569682
3677,8.245893146372438,21.405602941670033,2.2256956714291745,0.23836232250164036
3973,53.115984954996016,56.31441733115521,1.334353425163944,0.7003124085968085
2496,24.552688952345292,51.553033246632815,0.9193589684512611,0.49213056017994183
745,39.569347901199656,25.50101819339559,0.9450511386374467,0.754034310599331
867,29.153220801359915,32.300702689854596,2.7888976414488407,0.9468407505508661
4169,50.23493285184158,30.601251798137355,0.9148178105706496,0.5465400470438856
1958,35.086349659474855,39.77524376153606,0.6991567709459601,0.3966335120800215
2343,15.607317921314127,55.187538628067045,1.0793754188157518,0.24419755456803272
1162,40.92707878173934,40.798554545223794,2.1375219923421507,0.043007028506177325
2694,7.981960249671884,50.9526790537378,2.136854522437288,0.5912795037148271
2384,37.685491333493296,22.921641515035493,1.7503722226864484,0.3834261040931787
167,31.18455621055461,52.73083218898099,0.294497913006764,0.08952374287155684
4373,19.94321997569873,0.9089121155403368,1.483626440473516,0.9131008868901911
2604,26.963268141469868,0.6715296084857325,2.75735569550803,0.9258337226780922
1380,51.88594724269745,20.18101832753388,1.6876040801075205,0.6669420070299827
4061,43.98200819971273,26.26894695833706,1.1890876319365082,0.5713553697594332
2189,5.513019479048213,18.086519680069465,0.38734236486951956,0.7562936296815228
490,21.86695873593599,38.44925424434573,0.554602214441582,0.6521552699565116
328,50.427539032177094,23.478099145989905,0.7782339931123122,0.999192993764499
2492,44.54100785583746,43.27812494131605,1.0102788379209062,0.9528631070000216
361,51.67656347507963,17.98162967482569,1.4901673304774383,0.6759268016460769
4467,19.232633921458678,15.579666713889107,1.3750058528743565,0.5907317363820971
132,56.36600436401291,48.857875357792594,0.7539270517832514,0.44958328991642527
3820,59.68838625100676,12.895730944910637,2.683804508629847,0.5182128515637451
1446,6.398985135694395,2.649812835284935,2.7621449049084372,0.8621657434462063
1147,48.41518882011805,34.80884388966915,0.3639066351479091,0.09613108708144946
2635,20.88776797276957,27.92324667689141,1.9504489067915318,0.5123138974524538
2997,13.38144186018933,32.30975145291993,0.1024841176639178,0.9149036113904429
209,46.087289250945844,44.613551614180295,0.13192997038244475,0.976967234879563
1153,38.57175102842217,2.189947490558204,2.6445399659464557,0.8370060896864906
1621,28.41986451257245,54.96456823307075,0.18598772434677824,0.7455595344685397
2497,51.60294523624206,42.24336993568176,1.566353461917086,0.861522118836083
798,53.3106047471951,39.687550702166924,2.724483762429452,0.8069356702247221
404,50.16306327702716,33.231838104608414,2.7953425657176125,0.3792503035838878
2534,47.40421771325958,15.672071243425032,0.6416702881692012,0.0320971360268002
2230,1.5818162349497422,32.088039888359276,1.8499435546044019,0.1405451686628414
253,5.42841092564797,58.05360395268191,2.168984283800783,0.486048674311679
1771,25.62660763026863,50.083500206414115,2.3847846534777197,0.9170838368453247
2937,19.648767028687313,22.16964392195625,0.5336936744473325,0.2018245968443545
1449,7.281275097833251,43.301212802763175,0.8147350743303656,0.3018901437122762
4270,43.06043408042875,38.851801050770916,1.0292274201139084,0.14142222830645446
1393,40.59709975849263,8.02403588712518,0.10431396447184667,0.9537760426736266
1038,55.74779512845503,20.198516206141672,2.723086410271731,0.7179844245348459
1453,58.84184754222802,7.922112512277408,0.17736732491936974,0.5620376118554385
609,52.694553750715,11.096551309212,0.748732446622223,0.5127629939825504
4726,44.34195378936658,36.6057390520612,0.679884319643384,0.10927149949995663
4223,25.45112913253428,13.873127123245547,2.2786527583899994,0.8790206417281878
390,6.479738867516702,37.16764810249449,0.338182910655059,0.7143967132320824
1633,32.31253527688986,18.931451942004113,1.920243812092663,0.025815376804784407
4957,56.47828395392453,25.22152663649274,1.8910179950777455,0.1991704946477667
342,13.368095021408134,48.03226411887465,0.7429568260854849,0.6702612162745588
3477,37.46214835060113,40.952158616042965,1.9029439382312967,0.7205843330638563
2045,26.655462861822013,35.27923083219662,0.39626007852795786,0.2850668557907027
1623,46.301193872464104,59.42275320829003,1.3541039944603837,0.2120954086020299
3217,34.478617042856065,0.20200099459595,2.3653069667459965,0.5195411327698913
1481,3.2332031679936257,6.27208273227007,0.4720730594072452,0.7691623479220211
4482,29.910158722766845,38.6584381069633,1.9310809396953166,0.6411474417558507
1528,28.99988387529697,25.499577359863906,2.1168917337702053,0.14917714848923025
2409,27.10728590355871,14.358390341896076,0.8164862439668599,0.7526389206753636
2853,39.94580837248551,7.71730076116495,2.482739313671882,0.6129435330947647
1369,19.53807680855453,7.982195818945432,1.3179106155653777,0.7413650299033887
2607,35.87028496076428,41.885378071175495,1.965062722516636,0.8186488507785431
1522,22.643463614191415,54.03389093933139,2.697933958105648,0.07410304120395605
2704,23.490923650096644,49.18267300825371,2.204332576814808,0.4071605257366985
2825,23.696379737566687,35.76920924885159,2.2125062760710317,0.7008243365925952
2566,34.56056377026967,26.372214166368828,2.5275737119952226,0.24405627023777698
2757,6.535322104791012,0.721212892550056,2.080871811449215,0.12638844260295912
3939,38.06912582090715,18.3631997109292,0.4935817771095471,0.5043204474728208
1921,12.617352949907637,4.300364298157873,0.5327308409259341,0.8202668860688808
2239,40.4088135877266,27.902049370509086,1.8983441922217674,0.137347855898294
3024,42.25221340663643,9.416929930333266,2.063154183887318,0.19398684652780585
1283,7.3000351916287665,36.30685075572819,1.6879610713725073,0.5542405087709583
4630,53.51050318080517,26.959046819559976,0.5124953409498756,0.10570303515138679
1527,6.4842198543487655,28.089359999902086,2.2160904785544995,0.15575126860468846
1767,26.17930597758669,43.359046381693304,1.643096469785102,0.41090535017247365
2076,26.739391409105092,31.680603341188885,1.9107440769395752,0.6189363558253488
1712,3.0537921446614624,33.17697385831629,2.070563619960713,0.7985244853578362
1747,49.73809028651451,14.829018268029655,2.25154287696787,0.04639785314791278
4650,0.9027115082724602,0.6457125919248896,0.5042999057283594,0.33303400446024367
2966,7.457172900783309,41.088004495819035,1.3722126761690367,0.652636004018179
3823,30.423445269748328,37.21648822247959,0.37664940709690276,0.04264763579377617
4300,41.095737385634614,21.939353869481938,2.3913955575530985,0.22401929244740337
4952,30.16953443630396,55.184754321497536,0.7074373892245541,0.7581130968875388
3219,58.233843904671375,29.817289914971855,0.44973503609314247,0.9891043641533211
676,30.683208842110318,9.883064325345035,1.2374126483552823,0.007476141084412413
3464,59.044611679962394,17.920003707147988,0.11816727535776411,0.7331429932038249
1731,11.336946197853472,51.899510333259535,1.7315881596804679,0.8392439938311581
4610,36.12858810487582,16.61545988737964,2.6466120054029254,0.44103066061655827
1537,28.764581766471295,0.0056923709421385915,0.8695408693266954,0.691216600326657
4506,25.164883322103062,27.985465157410005,0.6791793377527727,0.8584018518342641
2087,24.275732000241153,7.358716624998138,0.43375855367860494,0.012698264899222544
4922,43.68621926603832,30.850515593033393,1.4384267355725446,0.5044794931275017
866,0.8830521578949924,32.73508295740218,1.1360766275061576,0.7282098905479442
1700,16.21287361202232,43.14566760254483,0.9157530806022084,0.5719074053074222
2297,34.67132043028878,5.7509820824535,1.878346543992389,0.40568354989543975
4292,24.396057773215176,45.960974815946464,1.3175184526853623,0.4833613115263019
4257,19.700400557640105,58.02228732104674,1.2072223642231268,0.24564585485614276
518,48.340206633597575,25.067019437428698,0.3837957441922457,0.9403995970171332
2440,43.97714986373329,31.816532663606594,2.688585577451682,0.698761435758945
1104,49.69603534866552,29.538771116402238,1.5374198833390034,0.6340990773395307
1590,39.86132786117982,9.512355827824317,2.345193993765519,0.17905079440726823
4386,19.931317049362633,25.015611909664162,2.2550763960231595,0.17966576084797248
4465,44.87081892980169,17.45761480547261,2.770994321086499,0.6292006153991645
2479,50.793419008281184,50.410493536234554,0.44357709890441277,0.7215670027252195
1605,22.40501701007871,17.225567088554556,2.7441979218215637,0.28094187858954733
1520,34.446164285143404,24.394440084293844,1.1673005527630713,0.3994741653846089
216,46.17942789794807,2.786417959747385,1.8481889165856973,0.24664684072795628
3896,28.98137615367031,1.2430364551818562,1.2825953708522457,0.9999206249323283
988,21.258907495030993,28.035034379039885,0.6461135781210112,0.26023338380457284
1632,37.78834921047862,3.1981571859593694,0.251646237697806,0.16480935368543426
731,59.32023951452042,3.5187538198678525,0.6762188977920488,0.01377283773147775
1893,45.56254732415695,54.71851349803337,2.1241324717017473,0.9569440984049001
557,12.985229190743059,29.929301723261496,0.6416483273488902,0.45890116806012127
2152,47.515594477663484,13.84276264991588,0.30825767111075464,0.33069589402956834
3051,7.876072161536185,3.174282291855275,2.7979862573041996,0.44180561213382674
3032,41.890275060320164,54.81289994209362,1.469017622670321,0.2953283161845519
3042,34.998891210346144,34.55107048654061,0.12217051948542804,0.45655751083855456
4180,33.268018111156465,46.292807564415085,1.5419449898628494,0.585667845454442
880,41.561827217247156,6.777013106315206,0.7058403839841263,0.24244402963764533
4785,41.27048450353447,2.781141508182612,1.3052866440206141,0.550874254682871
4688,17.719403286714975,59.26422073188895,1.36787378094848,0.004807603837682084
1328,56.72121673024408,59.89479640770796,1.2004420574828198,0.21708066994701591
1690,0.5535380989879735,7.804527413668046,1.3147796215911587,0.3871344838828601
2839,12.233721338787806,26.35556252019699,2.613193670746622,0.8242021706628333
182,36.699714068393966,27.674379938117163,1.0574530104100643,0.489672559781681
1356,41.24824965108064,51.756554702615745,1.607414914921818,0.6494300212237805
104,7.807382976014221,54.547573492349045,2.587417516116893,0.6512900967778887
2291,45.05983096766907,11.821865178066492,1.1004867789586488,0.8506784711180836
3776,42.42894774823077,25.463669175264826,0.855183509317958,0.5219566808356185
3972,16.52944726700016,34.522102526165504,0.7034635208114767,0.39748294148134866
3298,32.469222817191245,43.21517064130996,2.734327412344632,0.9638565271161115
395,53.8174733674472,4.308077389272908,0.5693745241805749,0.7164503779945275
1880,11.28009000321046,58.44826491225044,0.11436556747092194,0.3440484759872532
4794,32.514145457803004,34.052909811188,1.2089436515526326,0.7086255363418514
1577,11.728780098548313,22.88076104834608,0.7892715938103353,0.6791700689208688
2553,17.095968370395312,31.980557393229248,0.39962781962356875,0.614489738126195
4776,1.356681712395298,35.43109792370466,0.5331494384523005,0.9705865406940506
3135,51.049983340660106,43.29792296419505,1.3994004563445321,0.33009673638258175
4398,25.32461298800166,33.832565803397735,1.4843485825066605,0.3639622669741829
1809,56.66339041510843,44.496350583936874,0.7693264093443827,0.20748217738710573
290,55.22126232851234,25.276501218246892,0.13550313361918429,0.6146508764533507
68,11.262352656239642,30.26030274830139,1.8583866984772979,0.5937164588569618
411,3.2745056130007932,11.706149362595689,0.9199660445925504,0.016633718263178165
4984,33.26366967539642,34.867778504983185,0.4253425986548448,0.8157146508579917
1471,14.01648039860017,21.424568357376433,1.24389257792103,0.8934278006079177
725,31.63056395826347,43.319377776324885,2.080173794725302,0.857838216954339
3148,30.830620558036234,51.47910313641837,0.873083131956207,0.7466246182321453
3856,42.92190140863206,44.53569853501827,1.200724581612502,0.6205069187524405
1459,0.7748676965889079,3.9852218141851736,2.3805060083755336,0.07516794768089052
734,1.5918719656441471,27.660261241939185,0.17711515797338936,0.8743867407385838
603,47.31725536267275,28.984421750381742,0.9134748888174824,0.23700600873790645
4815,49.10823229503906,32.09832580643967,2.527467606719428,0.762165499708966
2763,53.29830861990683,12.062451759374033,1.3834725713107223,0.34744303528637455
4112,50.47321693031631,19.76514998902696,1.2410328540213633,0.9903178421867179
1922,11.498841603091956,39.62369796580034,0.5179392896789463,0.6010336374632502
3292,57.960334909524235,45.13100817606946,1.613270785017255,0.398988268619761
3008,43.593885028680646,5.823573456853408,1.6349207954278018,0.23457506287069296
722,22.923118867408437,21.577387497951694,1.7976171425062377,0.21990017588185762
2138,23.524923104399907,52.99400404625725,1.5365846424053837,0.2648041256533843
1588,58.749295168646356,20.365110654265372,0.14886346284191446,0.2295082924623023
4968,19.0533186730905,52.94000878524317,0.18600354344041684,0.8438856396168256
3837,45.124158391733,53.59881660526936,1.4570033050554991,0.8790560777116694
1702,40.233323883572304,0.8680224914278778,1.641087136947946,0.8771801052650449
4320,34.119911536559975,3.1892544740929796,2.0900015816556916,0.923214404132737
2874,51.905081901676866,48.453796148802596,1.8141770759541753,0.9739042785438543
1425,14.51726680112091,59.64359602845662,1.101503164754378,0.9138296305622485
2458,35.422952075298525,25.51997877957481,2.709068219971506,0.6234386879491253
693,10.69347356861573,45.24809817440967,0.7613581581139008,0.8984585236443204
2063,14.347228022266801,38.15899225116538,1.7199638908242512,0.8794710604563515
416,33.91810482108604,29.75958671401116,0.3223334107120388,0.8964110734178646
4415,5.501028051765477,32.74804444811862,0.1786954631921624,0.2864842866293502
1551,55.152097228011705,44.12911526386586,2.331206229522917,0.8281983656108193
4902,8.168320732108832,54.0013775929075,2.393429674232038,0.17208867459015287
4299,3.4307834341466714,15.923689233621461,1.7223711220389968,0.9382780431745106
2375,12.97290432370733,47.89549649224916,0.9816434022066717,0.19161359490211938
4205,59.31110494462518,8.619746353784352,0.5565062729590025,0.4680873782904963
4220,33.553142056563786,49.88572143555889,0.4335550832968683,0.026732738259598654
3919,32.853748364719614,45.89937122334148,2.3460895909250863,0.7274470282482279
1288,33.583705508344636,50.76255434875505,1.0095484767746754,0.4121901029421774
1259,17.822731651324414,54.35164877101568,0.4828500310682694,0.35043183698263247
48,17.25332266556626,50.77392871160302,0.13635447884829757,0.4251926794763434
1422,3.8650989603808372,35.762088665546784,1.9568033319590328,0.46347008695304936
2218,38.11381179326993,30.913549359641696,1.1187576938272048,0.5485984989482813
3229,56.771635040386386,54.97392128065681,1.6175556629300385,0.010140902376148064
2697,57.77988355518409,20.121103187811443,0.6784062636385391,0.35429256346356164
4420,22.13927962026113,6.987869073770092,0.6763361855452406,0.34725602981244585
4192,50.64201269335268,33.46026435702074,0.41936885785518807,0.25744319356781986
360,10.143147620796515,41.29688836672645,0.45290038854629544,0.9072666995633801
2452,0.04306350158646444,23.63549181854389,0.8357020274713671,0.4000178500551336
436,15.832272545055533,42.26226605978145,1.41576540204395,0.1564003639948809
4066,48.67209142308994,33.68072536608088,1.7239461106971639,0.39127532100320095
812,18.83009320487012,31.65617880497567,2.474302733842157,0.08277639564508588
4646,30.561288052731413,4.315699167049987,2.129581651508273,0.4160073413603762
4054,39.980490066252756,45.744393515175766,1.4457694839426276,0.24677143937079127
822,47.46778906021494,42.494230524893545,1.4461434222676626,0.24074348744574747
4918,27.417061553112806,22.934103434226316,1.6600055932193376,0.6845167835889799
1227,29.38769414103799,34.6898853460817,0.8825185186229202,0.5047925390759787
2889,17.62555411777387,1.7511897356859363,0.19594542171137208,0.5604003318224301
4944,21.169652878939033,23.827874404730935,0.6417106853896258,0.4169357482438093
2925,10.393657736304556,2.3999556948947176,0.970975713696695,0.34487551164572083
6,25.12787681462046,9.288702565879849,1.4617443166936226,0.7512299210531185
2062,7.217425156883457,32.17430671998707,1.0693991759543426,0.10151350240399959
4033,21.21817843833325,18.309139621178613,0.733558276877611,0.5889636861984343
980,44.57360870682366,53.587117457929594,2.0052520250513135,0.25416479615587984
3793,50.65672778031862,14.863032776126754,2.7728834117522894,0.052182710410997646
4407,27.4681772104451,58.27570358729906,0.5967480651876437,0.21839065066791252
2574,49.02966122211834,40.11064262026424,2.7559217625972656,0.7908902505128407
4119,43.732145530832,26.926329508353636,2.3181932660200224,0.37515234369089523
1713,1.771119066212694,12.962324534412062,2.661404161696725,0.10156219345920026
4412,26.339475408108562,45.90683636264887,1.4738481163929225,0.5275743547242159
211,11.95796145226274,2.2374091387324935,1.0508186110902917,0.47314476728853727
2501,8.442538167057346,36.306996047316694,0.6920738198374333,0.18294324913085702
877,25.256663071718396,35.417153387234634,1.5631297631295733,0.9493645290698643
2964,27.406196596984167,19.177361360209,2.7978480006292377,0.8041125291517752
1345,48.34510279577487,27.925745630404055,2.772272579861474,0.6888860047045068
1351,2.3641081334137426,12.628608483046943,2.79075257016861,0.847988732569168
4476,43.55691101072037,32.18835306163906,2.067850880500426,0.47547181550419415
1309,5.670588797146028,21.038661495850604,0.15195945600279898,0.9374258799858453
927,48.528709318113,50.31469998944564,2.6508805930720536,0.10060902413603434
4880,21.442833024345987,10.353991396268258,2.652945638802938,0.2023395610894878
48,32.113701303663,59.432451892127084,0.1416528832032596,0.5977689559793607
3635,50.802687137836955,32.224633417618016,1.614920272075034,0.9643098000645547
4978,53.59113923151241,3.804232867514512,2.360444202683496,0.38850666156992886
1454,15.474808502273,29.284843376942604,1.818816939677058,0.07185052827578797
1800,19.91219201492338,33.17781207175342,2.6956620272709055,0.05081091557028028
4123,3.7605068061577196,26.701986789994013,0.9267556056484723,0.0807682860257205
2001,15.86764274335972,44.97311090094757,0.8939468897617877,0.9170684357617717
800,11.656902799569211,25.324626497620976,1.5346918517612769,0.2761815401985097
3989,16.12638285898485,23.54992162147312,0.6718610475185458,0.7137737748556823
1468,52.42505934554311,53.54213849059861,2.3191149597289122,0.4304353400673182
4749,31.925158476811923,46.89106535443687,1.1096852384796605,0.6193702217546936
3491,57.901157275871064,10.845941317228343,0.6826610051916895,0.6529062142666813
2844,57.69013723487307,37.600758468843054,1.508035624436623,0.33471650340742565
1794,38.31238404152692,56.187963536787635,0.5465705219539003,0.8105627847486789
1227,28.40574148159677,13.448926754009678,1.9226466938978906,0.06658619827649948
1401,21.101185001492414,0.08232968591703083,0.6903396126175046,0.7986865322931913
1852,46.44709329544708,56.582266897904475,1.5016380894316201,0.8170533915063027
3228,33.67057821687622,38.26737640248685,2.1698738725616513,0.04550148345731375
2840,35.13586263298114,12.140709826744512,2.1630963241201524,0.08081037358260978
347,31.125067047015122,24.001542821951677,1.7534279202963072,0.9391167529736789
3593,32.69759832824155,11.613364860129057,1.1168410044905195,0.9255600851148377
224,48.7686863746165,43.39534103491814,1.9174590616807647,0.8454266733566153
2194,1.7260658149556551,15.126350768800432,2.6563900928432433,0.15862909832132233
2123,6.58652926321632,1.4588689067972127,2.437845715382605,0.3617105129631837
2388,17.331939334097807,6.348878064321919,2.6518693874219355,0.7635066534398789
651,0.8216197846804207,7.3982820483104454,1.841864095692989,0.18953387298549496
4481,26.0099634211566,58.07234194799603,2.3796211082518464,0.14255605012430128
334,10.122713039730085,10.044622207499362,2.5841026703455485,0.13355758114122174
2763,48.712460395449455,16.62568489633741,1.1553156277639425,0.15225693382915295
4017,7.010214930641119,54.37513823462094,2.6127048836394957,0.9371711476103298
2042,11.820439270499072,18.799101686653206,2.053968534433356,0.08362568321801644
1809,36.13649884905012,19.90976828287782,0.7662965002359936,0.5267297618865036
115,19.137357834534967,22.60813389283967,0.1939811863925397,0.7366563527560239
2234,55.19951393144082,8.100880165925977,2.650948385569285,0.8347487566294967
1604,13.350711268295782,55.469658501143236,2.7710306671556446,0.9526766723177095
193,21.70350404908996,24.88419764832309,2.7930426680406404,0.3615810649345469
2126,5.30151157177629,9.276459826140496,1.1560523190563337,0.9994861917696032
3901,43.0285053786219,12.282305021067783,1.206314762251549,0.06097505075683263
1621,30.41098818621741,37.295785016451866,1.005431080693478,0.24007653192049805
891,21.11127924713947,9.047354676311963,0.5952594520240562,0.6075357067530718
4558,14.607974424423492,21.472806282282587,0.2570738313698754,0.1144658138113529
2299,28.445004829662842,10.56393279283794,0.3039056425600886,0.10107501041047207
3401,20.57079830581567,50.12417883275307,2.5940328108129482,0.4767745749020572
3319,54.76845626348276,41.448375052071526,2.1408624576208175,0.05513311093165807
4194,11.100786572750756,43.740176809758026,2.2008646713631164,0.01228105278663405
4207,36.45074870308813,46.46673010379066,1.775576038522321,0.519068153884688
4219,40.100489135637744,27.045892685922542,0.13395868250773726,0.019824907489304766
2207,59.79865362426591,58.943955749683695,0.6687676705025186,0.8989649739620752
2426,4.324448425598644,27.75718158889,2.5904024469866216,0.49514130144760715
558,12.678870429008413,49.85345949260234,0.11255226897939796,0.6429823799014152
354,46.25261871421986,6.412961510693524,0.8945292275980581,0.7200356357813971
1431,8.379747035811867,1.2690240787485019,2.0834511034728256,0.9567231043669858
607,13.27711867139895,33.822671420488774,2.7810915662435893,0.6899308286553275
4669,46.9879123864616,14.557921407799189,2.594871488799541,0.38113437071693335
4384,30.475532790161598,52.340881213256424,0.6574128180717331,0.23935729035183562
1799,24.63888056061589,17.187474486554926,2.5302753468579313,0.5374152039841307
960,48.052328586684844,4.450158358820213,1.8456221841919407,0.21096571696012634
2298,27.338398118313602,24.145693858541094,0.7703138164347799,0.816992352668828
316,39.46460028228962,30.407888159290902,0.2120353870901257,0.9893715253902149
2436,10.085805257183974,57.630336383182765,2.364508249341588,0.8799339266998523
1655,33.5194117146347,17.181888437478158,0.7819897951651492,0.775759305523271
2994,13.114101193541327,23.175766817683883,1.2049968135463593,0.43988464989357545
2167,45.65973566287238,15.217154196553455,2.4626318142520964,0.16613450755427128
2686,5.937902804217763,2.849933266680116,2.197916259249418,0.19333123200153957
360,1.9511457454136827,43.385030986031914,2.346928656148585,0.8109850243611495
512,20.06041740069743,17.210503385895166,1.755218471961379,0.41471486327129203
201,36.90058059255335,35.64759924468019,1.6591894362672606,0.05930210465744379
2984,39.18339022257992,41.6505002585316,0.10943548925073239,0.7164145850836611
635,5.653100864477308,20.93926824111541,0.2031691164660701,0.6556027599616363
1724,30.418594004907376,10.878134025758332,2.1100351585897563,0.8012359771351383
1058,45.2826244196073,57.81297420150766,0.8715970202235247,0.8719018766797639
864,18.46327682137258,24.25486879653634,0.5388385312511476,0.7698283132421849
3356,3.6733891831630183,44.30813856510555,2.0485273705254867,0.6422397771901339
2184,31.85595923321841,15.305707771112298,1.1791000151901962,0.4257302313312299
4464,10.800372004573935,3.621880795330259,0.3170002361281554,0.44445933102015944
2308,1.3644451817839998,50.927896349453775,0.7538508299634021,0.6977000233931284
1794,45.147439678780565,16.784153152316726,2.5786344923044986,0.7862311585154682
2425,22.68666702623803,47.34851343486936,2.324880547012945,0.7234282335970106
1432,5.519486836561523,47.382491913152954,2.344693952052709,0.03913976604715996
1516,33.71903785831116,13.016451522495345,0.9046254310350562,0.0359092030543432
638,33.9923075713274,41.334296675263516,2.072483322340237,0.39161636192242677
1668,45.745662117988566,47.90212416815303,0.19303942124393692,0.3327688997083601
4620,21.50080450157363,3.818143982940463,0.49165924240436254,0.5034205518135997
4775,20.550245040103604,47.04830962965787,0.7099038204154585,0.6180184750543359
777,6.538360563853914,56.455411245426866,1.4595743608623897,0.2400032672807264
1336,40.200961013721816,12.204317047172012,1.8970795114715338,0.46281781879680717
3532,42.20900086757326,20.679693448507198,0.3554129864005132,0.24253091930009973
3194,27.106990630069532,23.761238149813803,2.0859493164244425,0.0862254564997671
1456,56.63200308073904,52.35126521251736,1.451230498046565,0.821153063843816
1625,7.614426432222833,34.73052075326074,0.5279065229080012,0.6349948915612849
4615,33.39100012947566,14.043551137388473,2.3840454672416387,0.050376661064716166
1523,33.67680753235931,42.10160729654563,1.4951539096766386,0.41780816740291415
3622,7.361124345077597,50.31131980664364,2.4864012183307445,0.035201483634960895
603,59.17192558500667,46.42596686380804,1.48146443900999,0.7512995581294092
3855,43.99794919704225,14.562055224122975,1.4873789595339446,0.7540785618051689
1134,53.8752741660122,22.37837807381799,0.6613187297850797,0.172768450588351
2585,18.60887163454617,51.600272859776375,0.13309426485880857,0.596075207433268
4888,19.035097269485235,7.779142375844829,0.9162510415308351,0.13736819850571713
1492,48.00868085539527,56.892450195645914,1.3914144257334808,0.41804300223584323
2085,0.12857348456189133,4.528334606643294,1.6456774566432415,0.7175094545953682
2131,53.113627335845074,31.99429980300313,1.684992355253275,0.48025040110951467
2409,9.328916103979207,38.92362426114043,2.2600732899519054,0.13233542366617335
3447,54.12247548632984,36.325874605955676,2.531539047777448,0.12156701248765978
2164,47.21788994359556,32.40166422556465,1.409169305324211,0.8412578767103454
4776,42.839645270420036,7.593769620642812,1.8654823153936542,0.5607621515190053
947,44.84826729132081,59.02903462907352,0.8200295710718922,0.18367869632563827
2852,49.954688648128496,11.91596695546717,0.3528750949292091,0.7701633429909693
734,45.47859182759778,46.099557053088425,2.3654988569547757,0.3688994180528492
1270,48.2146935528584,3.2203938959867795,2.1598399317540236,0.04890095748269041
2147,33.94852323672991,13.822218444108891,2.1504038155022656,0.8061724588636409
1574,37.218198958532795,47.57574845148703,0.7156133859476809,0.2683381400740431
4439,26.224276307657284,26.172425535984367,2.695905921834489,0.6382941069605778
1092,14.051073489757018,3.711103466645256,2.2245179631493888,0.9736951718761759
2946,37.759580600138705,40.0475755832391,2.296764070151676,0.6085087983124403
3539,5.190118866195547,31.90726780350606,1.3469398358693727,0.06799727319090532
3217,55.81077307380141,41.605164427130994,0.7398820845962313,0.32557466363438436
1234,43.21167142855542,48.91974711579746,1.9244916881083578,0.7362954979237009
2378,32.39342501771929,39.2939530049032,2.2839821162550167,0.21955299951052543
1036,48.1342089771847,27.01676382492186,0.9030812732800223,0.2233770131703141
1718,12.05842906697554,14.545277816214178,0.35480235822638384,0.39641512205920004
3745,9.766975044273545,18.59366476684064,0.2950272710313621,0.22636922429340445
467,56.430951378442714,56.809541904622044,1.7334111585775862,0.3297522455854487
19,46.94616648886497,14.773320413511328,0.5475956694445716,0.5716064327423518
3942,29.689111452765246,43.679351976900264,2.448639553398811,0.33190444176566725
1452,5.573594415589969,31.134262292073295,2.493492115389705,0.18347973509711113
2278,41.72055327269438,6.169407324333496,1.3025672781091198,0.4065045921371506
4482,57.171883854503655,3.141055084676634,0.39204536644563925,0.2837576349782346
558,1.1653088811506818,55.75784506430136,0.11312931467974485,0.31966172053659403
1990,49.042350404840754,11.104419853989004,1.293720830001729,0.6605480910387604
3859,48.18022337833357,30.165965226228632,0.8972776328863161,0.25783480429160865
4973,54.96467437135781,5.945494440287837,1.4900543777824666,0.42292280595938825
2083,58.03031495190481,7.842774671559223,2.274718459572138,0.6659644524469484
1954,3.218891480725552,48.23310173552031,2.0475987952709573,0.6794167348264323
1937,38.07124859881408,33.802417111027104,2.593198186835017,0.7703117709870132
525,30.053681626500403,7.169616408106087,2.2269040512647034,0.9533603860400337
3962,11.15893354708853,22.993783077189796,0.26231569529914306,0.0016702095936449446
849,23.713434063547933,32.80872569251008,1.5710319782715183,0.09438442336104691
2783,17.925651125650496,32.62589855267191,0.5920775652245603,0.8596315195292232
3147,51.80444761212818,53.857287949909605,0.20200200024407353,0.952045453402912
4359,32.29274358389025,25.981136579092304,2.0972315972366555,0.933732749790219
487,19.794387362755895,2.651314574046326,0.5138035911339022,0.42931818670586663
285,35.55747558127979,51.69813475348428,2.418904080052167,0.823956201102198
2255,22.583198561294758,30.89641727104184,0.29868470966528116,0.22949215783148746
4625,33.69556830133058,2.425380820474934,1.6299848580566272,0.8532598459219666
4740,44.14544275607316,29.1210035291317,1.231333235251174,0.324466689225977
1076,55.74496356053405,9.022183540245848,1.6670184384664593,0.934886228892793
4302,12.227218280877905,32.739819470983846,1.4628531572368901,0.46643385114436653
4534,3.6109208571170015,45.12804856220043,0.9000705479449401,0.0391287326926294
2099,35.42624432799096,17.871243651550593,2.133167768981443,0.8186134657075121
2430,53.336458942541704,37.316173649770214,0.27560524846704176,0.6363137345061192
331,20.587312725790706,31.07691790585986,1.8804214642594643,0.5578153827901088
1792,48.285548370472696,57.54269134937285,1.1173241503183302,0.5970401338061487
967,54.20613353256784,54.19008686139571,1.9859787766250194,0.20469768699752766
4628,27.99817434978762,5.97752526376246,0.7737543456082854,0.11080390683267727
3733,10.962648817842664,16.223780297507933,1.0891469197326267,0.3618855468326849
525,11.490783079189793,44.81321290088523,0.8178216856994942,0.3403031043940493
136,13.001667577745884,50.84863459414163,1.867078250963105,0.8948032878156048
2643,31.28132894866193,54.996560808781595,1.8467013006887212,0.10832244070914843
3407,5.031451772463025,16.873650907940554,1.1252228871934111,0.9218950434566721
371,54.507029956201286,31.19671311628364,1.2023836557134147,0.3454408938871063
4433,7.02065964321555,45.78857767955368,1.1814340488712336,0.025536479194002593
4518,25.475711135785943,22.54531233673948,2.2246281880328476,0.4531543834628333
597,54.6815787280151,7.456631403082663,2.4705522250357568,0.3346366115285597
4078,5.065148266675193,34.684435868844936,2.227782877917057,0.3687842202582432
483,37.27020934573182,38.25022631321574,1.6903569742429312,0.4329334884557676
3712,38.45503954852107,46.977225516181974,2.534497249112695,0.5571116418207408
363,37.14765447364639,0.7668862949390487,0.4800686744986725,0.23270584923920457
1181,32.39298459941984,40.666071489460066,2.0138903298595414,0.24455771121786263
4845,7.3725101223150835,58.44300574146565,1.0831982473615782,0.538348963012326
12,47.77145726172991,25.46091916782296,0.9931406148872545,0.40523233267198977
782,0.07907590487238547,55.08169693668237,2.5843236083329777,0.6073445089370892
1082,57.23207997941097,22.572761060096994,1.3452571258863688,0.0905417970890301
3417,48.94423395076448,26.457085284289295,1.0549672835094837,0.9299262107443645
167,50.61133520731498,33.658771407677,0.9357781915054273,0.5696639033587463
313,54.532383569949616,24.22022421693854,1.8899241811815621,0.9508978465751939
4210,15.721268082206308,30.885991531590143,2.7183747340353768,0.698637379594608
382,19.17751104009339,4.572475246751642,0.9918894723219578,0.767015465528434
1709,16.515077655435128,30.31740121547255,2.523557155739928,0.08962656350204468
4168,10.118285899713149,40.375796288079,0.5496494234996642,0.3631702200489515
1795,35.410658555575566,54.244704363707434,1.8920476549326024,0.5908489137059989
3052,40.07486861938623,35.58160632020839,1.5900995858229992,0.07300982061515293
3140,1.4645069069042171,51.853316506765644,1.3198677819488027,0.259005620599294
1949,37.69299237640985,19.647773149101475,0.9293238484993371,0.29059406451831327
3113,48.821527533980486,38.1099576472546,0.5409698576403524,0.23234947046036403
3314,57.18632645925876,23.776516090632082,0.6861064410992859,0.23242556505955836
978,56.70647773921325,25.435513288503778,2.646686664312449,0.7653364217984456
760,47.94966282023953,9.572651422884192,1.7616919637812005,0.9806521372806579
2629,21.336409542755078,16.52192339812022,1.7107885529598923,0.1791821238535367
6,44.122815070469954,37.98738255925246,1.2395771117524343,0.19823957306923945
1678,32.367143187125656,39.55506417296066,2.33538697903938,0.971550260218897
1870,3.297437861296011,35.959522120523395,1.5926032431045956,0.639278509251972
907,21.312665841245956,57.39240956969635,0.2961391535853297,0.39632164642034173
1067,47.48879442210919,40.39072355887307,2.7654363988565924,0.9112847443001124
3794,0.23495223222180783,58.647012255297646,1.5717905510945953,0.9563630078613107
3403,10.055738125914221,3.694925121884698,1.3695817851095704,0.572419278892395
3451,39.84952043028504,51.2339195647176,2.3764093129832577,0.3097305405937425
592,37.84455780829919,15.671884842041411,2.6245004498264093,0.426696610783345
4540,50.052012946150384,42.59944064048342,0.12606767429324034,0.9447683375263862
465,2.2228885100712525,44.59292629237971,0.8379306311241137,0.42621545278406103
2942,48.46829798937414,0.8517329338763768,0.6256037781682093,0.18427558033564762
455,3.6168979281850944,15.185397400262644,0.5844645432586782,0.6904097644012679
877,58.98327959442109,49.21081719500327,0.9033556965348826,0.46076332994617797
568,30.004491304442993,31.16541810539873,2.368105035131823,0.4837531748657041
3454,27.666961975278767,44.532299527244575,0.32326248407993313,0.06842116785021612
471,14.882500975479667,50.98776003258265,2.2263034845504523,0.8049769807743395
4799,2.6354831518373945,4.741022374872593,1.1852825130701499,0.7822150461002014
955,54.635997864031125,2.6751486546688863,1.9778203724616759,0.9245491127876031
2103,47.463571387544,34.574166007824445,2.109588582121684,0.8153047791824868
3107,9.655075335544957,46.3607835440156,0.667621825543472,0.7150567659967109
1744,33.95274678586132,40.605422791946566,1.0354234075021944,0.3740779187910601
963,8.700644445141933,26.734276672286622,2.2309158055927996,0.08850023922411654
742,10.685354910952237,47.12600962512192,2.366575124259992,0.5960020843296546
196,6.256922232939425,12.744479140418383,0.5801096803439701,0.6603269723972164
4662,52.753064152109935,51.677609435030966,0.597243875299068,0.6395661662739824
2780,36.668176664694144,42.936148542242606,2.3110146848693955,0.02995895895362699
4329,0.7462024265214695,54.906279475524094,0.7332550415900524,0.6795606623533134
3929,3.761593701857535,12.637714503999021,1.1121365193401682,0.622021173349819
3765,7.293591547270637,56.1321710646895,0.37324022753569464,0.5490477208578706
3946,31.636656707583718,11.118004899214455,1.3858813203605618,0.12129132724552871
4280,18.818872278618095,10.916688414284847,0.996907340994424,0.08620608986382938
1073,3.119007259418043,37.8666134213411,0.48795253245195314,0.8144385485212908
2589,28.76858142127865,42.44613274008458,2.259766033695979,0.7984047943874294
874,34.63498835646859,14.446657047492955,1.4239206170484593,0.8638654298881983
1576,1.541082716776212,4.767737525325792,0.8117124539959758,0.09881734762538286
2593,38.249766243886036,19.06052194931327,2.7762412807447525,0.7728470051144936
1048,49.21098511197349,52.59939720055292,0.14756462887794786,0.15111782756214476
1586,5.681841313604876,41.930378484285036,2.26121222776024,0.3911849896531431
4244,4.73027651913698,52.17641221422063,1.2450743662468113,0.6768147767529075
3801,6.471318932639125,22.633291323736806,2.2396122053894207,0.9359172482737556
3135,13.537838565288789,28.441012197169858,1.3639680426819236,0.12326114824641943
604,50.052310078538866,38.74541770569786,0.3253865336754029,0.71347581327055
3239,20.142228986633196,41.05149396984082,0.9936650241340879,0.883587265519353
3840,8.326836620947741,31.437671444182588,2.182169869791714,0.9643789494968215
383,46.471472213469326,17.92150433933911,0.37056494007708174,0.7322799220657246
3148,38.20985217321767,40.84644183592664,0.17748309383608313,0.930145499785541
4848,43.58874798197869,8.695276045123242,1.4452107227721653,0.3128052770955426
2291,57.0096878607566,31.322961563035797,1.6705286372720567,0.8873808875682982
1341,50.459249253003605,30.99319340829482,0.37328066981454056,0.2907640199175955
2419,43.29792765956381,46.93705159960308,0.9031386885651155,0.4260436920913864
224,10.52240609396052,43.28489573294507,2.6600362994473663,0.8974842313748154
4454,54.98545204390125,51.7623929953013,0.5169900611881888,0.4135037542051502
4117,43.519415298062306,18.601741316335374,0.6216087545710686,0.7062881060432477
3082,20.429299627466193,46.21835341221505,1.6141147965183809,0.15610272990947727
530,53.66989177081245,41.26255903314519,0.38614799294757185,0.6821374834187836
3169,10.579939598197575,2.3154448820063656,2.1995346367336417,0.8867413877135812
1864,21.205117968232045,27.966532535954137,1.9319720332853951,0.34843201916401356
3009,25.72453077129197,43.02225314794332,0.4279252402829248,0.8464770563011045
1305,58.86443392966978,43.77374442903219,1.0371544817882705,0.039280397688271074
1036,11.745656850013512,1.3604653066306094,1.8372408578311645,0.6416243687839129
1804,58.41819453846469,16.72305225996537,0.570109383436902,0.41615762923784483
3102,30.57239759675124,1.6522941653181222,1.8476347102228337,0.2937456705337228
2440,15.456198477560577,21.98375247104369,2.7691646442711306,0.2987087087728142
2227,42.235757062549965,26.91986143355027,1.9456600059361624,0.4445531238539262
772,55.65160149320498,25.604515454344252,2.7290039706324594,0.18074792206033308
2550,4.902419369060191,58.48586594407112,1.9798060008102736,0.7002735987246094
4327,59.07058029582561,23.468685446467447,0.2680771122805855,0.42155875052389946
2832,49.354255934633564,25.67298718401284,0.40901263395778154,0.38659419552801444
3743,4.085414270549601,12.046862087526664,1.0801637007012264,0.5694228267793529
3374,54.229934102622344,12.649095180076353,1.01332708306667,0.7294423424199794
78,21.981031932500606,10.803607011434073,1.2849334170651818,0.894294548737066
4894,14.476462427553013,40.83509163682112,0.22275678022196438,0.7515401208433629
2175,24.37621082725771,41.23494331829735,2.3368252196247856,0.8508935703465392
369,23.09333591951433,13.777887584458252,1.488970810702519,0.6921957234202059
689,37.52877524513405,58.4177195470578,2.657160671509164,0.8360586192779126
32,42.828806236020434,34.53756159925863,2.3803436145765797,0.14301125403876946
2649,32.30189999524006,21.95752724883472,0.7541825359316067,0.8597546552768968
4779,48.29100554818891,12.071845713536044,0.5433540933832869,0.11127403614945008
1256,23.630177006269545,51.273521581684086,1.296551334985209,0.07288554867809516
1713,7.145597089340776,58.680347923172626,0.15030186116022812,0.8279973526188688
2266,11.483098747515772,41.48678548518511,1.5334502053212444,0.514311717932552
327,34.84152566501801,36.188601876561805,1.0220953959921206,0.3070283331829847
4337,18.166110093755524,54.70591473908689,2.2942025306848945,0.7414107797861844
4234,48.90509034835894,0.5118897256936306,2.5717384002908372,0.8862818128694462
114,16.12628495218126,36.98136580404099,1.2738367290609875,0.7849820008980387
2377,35.13032886796855,34.07218453007493,2.5408405626762867,0.7081443508683745
2381,5.433172145429619,49.48141305070394,0.16955361961350424,0.015400865437741884
3522,48.3506939935226,55.98110481380063,0.5416908372838645,0.15992362161987628
2546,32.614514024478495,57.751687004961525,1.9612512802947222,0.6620541290859958
1851,15.647648964778597,11.792536548536868,0.5108994827414515,0.18399048211347524
2636,41.287375105311,16.91730937908585,0.8603663000447749,0.3622964122627449
4114,28.273454682926452,23.710657623432756,0.6351498169115878,0.8462632416054054
1084,53.50315800094576,33.598480098426904,2.4590406162949563,0.2677161391924111
4553,44.414330220607866,35.1389450002174,1.789349209456297,0.13409514707928416
4604,57.286796507531555,30.838524302502528,2.7478719391080833,0.5215360286740701
4297,56.000090651285646,43.60181890958792,0.7659966126326861,0.6809191881958976
2965,5.775296704346942,50.43428740773741,1.668618161709129,0.6875722565829125
2060,15.904233762474338,18.858485594410055,2.586004219197258,0.157690056232067
3014,8.185815932519766,26.049044478780626,0.6695894353718795,0.3018460992022618
1893,19.249915291166616,48.50437581099677,0.3040989660087452,0.7395861361879966
2207,36.972714080520504,25.48176572551555,2.213923142997275,0.5497155885155278
4181,10.049416987214496,57.53414253718683,2.072236016179563,0.5644251752693487
2009,21.502925511883063,46.842129147168116,1.6733309600021846,0.10997068858203096
1558,5.56742745310328,29.532017976413314,2.169928805057977,0.7942795915198332
1200,1.0805666341072628,28.708763097729495,1.8802349318629712,0.887828301618649
4887,48.98628428021678,17.308629773703647,2.24264241448293,0.6327621189809377
504,2.6937302168152844,5.66798769683317,0.7356528937500637,0.4405928556393547
2809,1.0895472314042842,36.95339244024447,0.5986238336138517,0.6690466139108865
3451,36.08454750514639,17.68593920247216,2.4594173646862263,0.3721005811608996
4922,56.90856758041287,50.26092161450699,1.3659288680564128,0.12066934125979634
953,44.759712661183386,52.59934953383937,1.6545061402476042,0.8204986131574843
4101,10.999146128640163,16.34777388946201,0.9819855116981931,0.2824904491874404
2190,55.662072583331344,2.5306535305841105,1.7587821740325138,0.3653377424440768
1663,0.39543075536950356,31.935360850796812,0.5875045543202227,0.6098057466653378
1466,52.93925500598953,10.009568282504958,0.7896756707004869,0.47667926956644746
2137,25.958218331667226,3.344438836640078,2.2778183097310687,0.856992976127429
4964,8.8027033857347,56.25118668137173,1.8547475796191935,0.11325497686916997
1322,9.952117752084673,56.71904288296932,0.5717604759702112,0.8349741252673994
841,56.45639836545947,3.9260198762776644,0.43774820579661966,0.045615900042772495
2344,4.355642119458299,32.24571648036878,2.030872140211951,0.5836023102991298
2620,16.521234273478814,14.526338728271638,0.6246910502866749,0.8299806962798295
4710,51.084173934768124,18.67853123714688,0.6214151027887092,0.5874757752048888
3112,32.146835198035944,26.863348047015553,2.07528619379024,0.0687083314455531
3805,53.11075347830369,8.738510193930527,0.6370326054263868,0.9122289998632678
3578,10.516398553641718,5.413580432505736,1.904932234968913,0.9016204698053734
4824,59.94318353256851,50.42763847209721,1.5455783279973487,0.03673015027705684
979,31.261470593018814,52.35041843463855,2.4225693229447027,0.39732854276475615
3511,25.398400699941522,52.353158451054114,1.5312208076486216,0.5347502914280436
4402,0.16225016325240205,20.666382473486543,0.4501155303075246,0.703691985166089
3424,21.217504792529127,41.94138132040641,2.0607139017831604,0.7936191044991593
1240,55.333661286569175,2.1882479015713896,2.2569915094859527,0.7936176150717639
961,4.452662307935311,59.219809920240856,0.5103095004156395,0.2546537090962675
501,20.670245796257603,6.062859752667544,1.7582405852855016,0.16479639157053272
228,12.474990339917152,42.89003377155739,2.054014821669566,0.39075532174839567
2854,14.066033617193606,43.081686896038015,1.235795372954515,0.5304949028679776
1679,22.489530641587166,42.98932887276468,0.30085693589928925,0.5759382737456261
157,30.51886908858155,19.921875406315902,2.6978978159894385,0.8529494765799366
25,38.88660672968659,57.639218658893626,2.558154740583276,0.38456607215354144
1940,3.3256848564257235,37.06297132784675,1.5949279194947785,0.7656245299790477
2355,8.57398784229356,58.855084984638495,2.4700688488655262,0.9749162407721957
969,59.83463095497916,43.66381149657823,1.3670784458346679,0.8895229508129716
827,58.991959683463826,19.123170925522256,1.43334744741649,0.14413892006669715
4189,41.636093109759564,36.433521116797024,0.2947334851558009,0.3308826478348932
964,51.79206358858018,57.50491049568189,2.0600158665404984,0.04817968783538007
2798,5.031680693489353,12.071152692995371,1.8289346177190784,0.3668993492009103
2855,41.631865194908166,15.412644696746503,2.255813373143527,0.8103329172805894
2015,38.09674232534163,38.10449426238959,1.5372186029131347,0.10138329271966451
4622,24.003131405030246,21.27467809591634,2.3091162035321147,0.4619922807673503
2164,16.61083058738732,54.258978994575045,2.3789768859711216,0.7310900322480703
1947,2.4174393827397322,15.086756870649637,0.8918491863667934,0.7020556145141825
2459,50.47345725785155,50.74809172799182,0.3083420111520909,0.6130881880510031
2937,16.2731730292232,46.59612535891241,1.7444815071831132,0.0976348518489405
1918,28.866360475018674,12.633367975370934,0.49468917191917483,0.19619905210755673
744,33.33318738352701,45.07731058891511,0.4680769701946448,0.8740943093957192
4334,4.12235438710977,27.166820417683475,2.396523998214373,0.2522935184460905
3591,17.84112952405479,45.18949469021932,2.4324065198777767,0.8770772261981736
2741,28.08969385356435,27.745634156573555,0.5709503580462731,0.2131965254886683
230,7.058998120922288,38.57974932435322,1.6825677611774024,0.6024263258642595
3786,53.65251623210059,17.272442732476776,0.20007909829867004,0.010660483048716807
1799,12.56306074876652,54.07287971014932,1.4439265064368825,0.7059630946465671
135,42.57191371328914,24.09498869294352,1.7846641189155765,0.9780122280015466
3453,15.509143651794023,1.4792366743431473,2.1176290234483597,0.6227210271527397
724,29.859426483682604,3.5136304398062657,2.722855141604351,0.19925832278069544
2962,52.89069249043095,42.27690685751991,2.186113399648911,0.4062962651150671
1621,58.699055190326604,6.707984431036669,2.3393362930009616,0.3546834338155229
3978,55.04186518175944,9.970665674649696,1.7840503520580286,0.9627010732630802
1984,26.29631104407116,42.73181292609729,0.6580481687692598,0.0465311662862572
398,44.215146012736355,8.198421560544396,1.7997243684887445,0.43980748175178863
2120,45.16088800305918,48.38529451832669,0.9589569845292445,0.10053828456844438
4375,9.443163637044481,40.624810648257935,0.5430456708693425,0.7150522835386867
828,40.34085035181118,15.673470737499272,0.6566233637072572,0.7860384439609365
2236,37.878018351981034,15.123542382049074,0.8948081759130694,0.27590079156188596
2453,21.64655970153911,28.255999219975294,1.2473663470456915,0.06141581282873165
3970,20.569293485904044,16.37971585054146,0.15742291095392968,0.5795011594410611
2972,17.173918554447592,53.81792408685581,1.2133057649694676,0.20282205302041123
466,32.04804316625012,55.40274594258532,2.365310329113823,0.9728537109343097
4742,56.62432635506645,45.73128145251945,2.6791018424937616,0.3750528938737988
3335,23.261934029895265,8.37427988746195,1.6211905430094187,0.5319209169525134
2712,47.96343256670295,41.49817410536134,2.281854444925459,0.8323454250529743
4235,33.004090834653766,46.65081839866093,2.3630980825730257,0.5233430156497267
3238,31.09066775186434,18.773690428336906,0.26911521939488925,0.4288148230605745
2676,26.9144902647541,21.17589755310838,1.918052809765949,0.02878566025942786
4129,3.0208912152276968,4.215400487643796,0.997787387927134,0.10032355410706484
2807,59.54983486088017,32.71582821180438,2.490886603928935,0.8507582000920842
4950,14.267253018274706,19.26242396667465,0.7627884865325036,0.5366973037910074
1732,21.44272118385629,0.1594312630457706,0.5041887490337782,0.9858841994154846
1718,3.9830094221553236,1.1456956952402098,2.1748714816712065,0.6565626167464123
4548,50.71983021617241,59.1430668168936,1.2012545010932525,0.4461475552804558
2311,15.955022356797674,31.60844151916286,1.1216263015288437,0.2067026904677286
463,35.89232833072195,37.879720600177265,2.356286125983009,0.9346442279259153
4399,53.57882826612941,46.88421268209679,0.9224839934033567,0.6520103808829263
1894,14.44231982936799,45.00301170561379,2.348404361412787,0.4328581792801217
4403,42.79690829554204,32.73858485510881,2.0939913272684842,0.5305036877396662
1326,8.716762357840269,41.98287421373117,1.1640755126344342,0.5001728768649426
3290,45.65247305052517,45.69411602537377,1.1814878755201743,0.8168212332779621
2163,59.211065055215315,53.06358085992975,0.7232330606513193,0.6074259611925875
2106,48.34169785327412,47.38013003369472,1.4984070324178043,0.6897841524916278
808,37.060469550671286,20.855046901585325,1.576147438885367,0.8191320771941397
3634,50.72388494586254,43.65770601932591,2.5359558168234857,0.32941116320701924
1703,29.9026334983084,17.160463766039094,1.7095074351059396,0.5197328837953894
426,17.739574137443373,9.246477975372922,2.3979962676839053,0.11640361179453174
2602,2.1811094907857176,18.132138859207252,0.5098348162990609,0.8492012489564068
2525,41.371640405239695,11.6133467486225,0.5241231987318004,0.21202391378246943
1614,25.56790972005024,48.755131785418484,1.9431864232256564,0.7781455741162158
4209,11.161333162748832,37.12764687818256,1.1912311618919686,0.024050409930596706
3539,4.550610999559746,55.883193804885074,1.6442839549279444,0.47145826741061314
2433,13.927131283499616,39.091769107771434,0.5550589976607816,0.06268420810862041
699,37.60040588866764,38.27082244243721,0.9455035634717478,0.4443671556185458
4537,33.7889851383042,32.8599368635103,1.163814544026675,0.0595884376640311
1451,49.64135484040557,8.323199968798123,1.1685625523265233,0.5825875402370183
2010,48.300147927380266,7.702346426024038,1.6982294007393313,0.811082943616171
1954,19.564957805974664,59.904955377553875,2.0808061022977222,0.57524495239299
3493,55.63081533023773,47.32610788372124,0.557072285727967,0.6917546386456008
1449,34.37999833352878,59.86968667433154,1.4251464813689436,0.6145772475508625
933,20.309444288898494,31.95900574642799,2.1591335769439146,0.25248100873823554
4562,32.63312913408874,4.197274664362052,1.3520114911035135,0.11702968219985999
4770,59.46525583307634,4.796174780952748,0.6922251451671366,0.7422691461102519
4825,52.83111518254919,43.492239092100455,0.50995397308885,0.1949262608276332
4835,45.5463340059676,56.65211852021122,2.1673692046640882,0.5351243833881147
2517,52.84739226144271,11.836829389033614,2.2938982150610685,0.6900791003560484
3398,33.051608960288604,3.6543743154661135,1.004777567030261,0.15251850060174144
4267,53.47522135886368,33.781165263057105,1.228815560578975,0.11377947148223333
1573,6.1977078397559655,19.342464381606657,2.447246678404868,0.8555975909102714
1775,10.678908176791706,23.69705197095303,1.3778361023905075,0.9091044100329265
4817,6.835855834223896,38.55215654175217,2.6132461545515318,0.2609502897458341
937,51.65178972111971,40.041422671264456,0.3405847840436955,0.48622012888307253
3356,29.568426632663524,31.542417786876438,0.581705739048408,0.7836472121139351
1695,59.92155209626763,41.50152414063406,1.597031192411646,0.03779593065240083
3355,8.86045514440277,40.97022393629303,1.0494237108992253,0.4761140710355468
3442,8.563204033076923,36.09119890292971,1.1483806864616566,0.3797690181074528
3887,11.370328063238922,7.686120178241877,1.266269101863454,0.5386915869914135
406,4.466260482459816,1.0401636719762308,0.3479247327118035,0.451762124997686
1815,53.69858016243566,30.851578935031394,2.301645293065612,0.2688478409466627
4725,18.036432208314302,17.109740135645566,0.15609341694344395,0.33793491534006614
3337,14.423750673691778,15.726277969948338,0.4306975705157676,0.8711735718259448
397,57.89697528523378,3.6513843912997013,2.39087169983741,0.21417067856864436
2430,52.8416398760815,2.736625239041932,2.2131936206365754,0.21572142988212883
1976,27.922965873003434,21.161842372189277,2.5507105092142415,0.921984062338516
1647,25.84609460468631,16.89158186458462,1.8619268742096609,0.011562331225205003
1724,53.164648403498006,7.123577369069496,2.327547042977468,0.7718541191382207
1811,23.707809864248862,12.668292448481628,2.119769913864645,0.5026530091918054
2006,21.16675360603957,13.457067946096172,2.6292939492951604,0.2646273365252044
3688,7.318783831474606,1.0345422123353898,1.8086722958335042,0.039225015528396856
2438,22.074383469704824,44.70867248620525,1.2222622648484613,0.9206685344979976
3568,1.3068911106907266,2.3369545254688617,0.8200775177145206,0.25021539054971376
2045,8.226277550772492,32.87473293043122,1.7756434218532968,0.62257592997371
497,3.6652717992017747,1.8311700169052259,1.663759992580844,0.18142770648967277
2525,27.038098890901633,18.041435300942418,1.4174868091070754,0.5438126711356206
2036,19.175213908290214,36.83766053677606,2.278958687156526,0.29329718671067073
1955,33.3327501572151,8.273320539998005,0.2520406327967313,0.7528061863347291
1949,37.377387059835,37.577532283395,2.2989844106874964,0.11256777885329838
1042,42.71728650676611,29.43732590766493,1.098608907381995,0.31305954179770334
3115,59.84058361747954,46.87536376460002,0.4204280606904133,0.5612780797897103
2355,37.772102825595596,55.005842270664324,0.8717809753768234,0.44679933119310833
1352,4.391322031209015,39.38858070797532,2.5115008819750426,0.8067027907685906
1557,25.200971001711846,21.60152550784935,2.4662578814887897,0.612714661199187
2236,52.99977697755708,39.363689688106575,2.6019720046041472,0.2516683349178791
271,36.88951067286373,4.88747713193892,2.0120657662890413,0.6257944555568699
1488,56.37250852654338,33.48511238599908,1.4657366489513204,0.3004135042915158
634,32.527389733890566,25.052342402047735,2.0628544458668356,0.006658880105285481
1734,4.508064945672723,38.65535694540934,1.792422820638626,0.432994564600498
19,5.561285445466105,17.591659172354348,1.4761063468003277,0.7196479532214329
751,4.644175345412005,52.03337007096666,1.1752413538168927,0.632273643541084
1215,28.911150428068776,26.562509952364707,1.8331004997609872,0.9616913363739444
3473,8.370566020499442,46.44467343146132,2.4747254449527665,0.9938395693047912
4100,6.935217582157294,47.08716309063141,2.362212342430368,0.026115435853791613
318,44.50758714723376,19.148734238072798,1.1235234158194076,0.2391305932425426
3631,42.71142804644829,13.48836976408272,0.1659806659348177,0.5515724447457545
826,54.892768568572706,12.946936169642973,0.6285193485555896,0.4552922150353248
1833,6.220567767514737,5.629954668997222,1.1208964240098551,0.3594555449866741
4789,48.66728816571642,55.4336553673947,0.4584297963795201,0.3516309906259346
3523,1.6884018765632014,42.79240952837134,0.7574730879554532,0.6332076013162847
4468,33.31769547423987,2.448226356873815,2.47160424699991,0.009949303036079993
4124,35.057924295871906,31.99053628781907,0.572729110078863,0.08242625912183443
2765,4.949451068458979,32.024654894565444,0.9542802148473786,0.19228781111051818
4712,55.655855082038556,21.381179583134898,1.068582572930568,0.06472625322445069
4485,50.24143528195177,3.4745837134469615,1.9505055629414993,0.048206229776791565
203,53.296730655229695,1.5685104635042801,0.3274955602857432,0.9529911605519545
1230,33.58167285838628,0.1788199292850745,1.0075951629827566,0.05589550952115674
1148,7.4206934667949636,31.309353363088245,2.393307554958339,0.9834107568447169
3256,54.71499266671166,36.571357564294,0.6032795595236359,0.16549548364379607
427,32.1951736193978,12.102809369453917,1.9271714945959115,0.3864809236296918
423,16.596208094602712,6.505742368061993,0.9531955291875639,0.3528527253907445
3858,6.658319150223349,17.09625445132097,1.4747271300036398,0.16517735890072904
2340,14.412583305767333,56.99815771942068,0.4024353862279392,0.18364847346383928
4242,35.43992627892376,10.69620772364869,1.577714639976359,0.975185780915809
3102,27.019769025896544,13.02832376155064,2.064267591521864,0.15012407772973924
238,32.17200288457246,30.6785727859942,2.770797903278471,0.17707920196412652
913,56.54875326724563,59.06268952825779,1.9798207451805525,0.304705826107879
860,15.266540876833359,54.04955797102701,0.8820515911883895,0.8776199059001538
2616,34.62832770394,24.9432422978199,0.13661073252281303,0.6359294414551679
755,9.947260549966545,32.060901890566974,1.3572301402680316,0.75537025200166
2158,0.678758733994298,50.35414499094513,1.8872569845269436,0.8720255375403045
425,56.41581638206961,35.38985163322131,1.2112124581254258,0.9290756584025358
292,16.747131497140472,17.409133488236467,1.4731033585995057,0.44816037926386865
4832,10.675260230514422,26.25353956674283,2.151035195094691,0.9568250239935148
574,29.72648232598724,35.045546402467224,1.148449774972259,0.01712350574037458
4443,56.15424806363368,13.159239166948709,2.2392945493109933,0.3791112342754671
3098,53.923699525232905,47.97334902294855,2.3690272624054307,0.6270725255483394
735,44.43349758933177,54.10752860176921,0.8942220645089919,0.1802723525654487
2318,27.08737013186412,8.866315484168918,2.6627794371433122,0.056697124822890466
4756,38.89659364701744,25.39602289403145,1.9617532789842167,0.10752295854599003
2638,50.97295685129171,34.12580886796901,0.5376249636121634,0.2579663762484208
4841,35.00301823779126,26.180738642777783,1.4738556154056996,0.1934137034613398
2650,31.184975564480627,3.8503352511311517,0.6653224931467715,0.5230220148892486
188,11.671043055355554,54.09909272851337,0.9434694949068013,0.07043958700549058
3884,48.39701104970319,17.129451746495064,2.3593510325334988,0.49347551681580837
3319,31.259083405324255,23.40427408369382,0.10541657130521286,0.2976591492649283
4881,14.516630319396224,42.7369404963916,2.057784933159026,0.9671810836479797
4632,17.423591576503078,37.21098681204962,2.3448873699974464,0.9739944815961391
1051,30.004720932366332,26.858731808982384,0.6214745761645385,0.019334117246478377
2561,24.778884850194267,41.98970420737034,1.3046139672113826,0.6996325424723051
4029,1.9745536298759525,0.2589484660796604,0.3887256339196984,0.8053994261121463
1799,21.49057714044037,15.273347568187548,1.8517148276956106,0.38581269971475973
2447,28.614991518858638,36.567084610301755,0.8496858423052676,0.3290648050706617
4288,19.740214505259193,30.605000638685905,2.3142727468874433,0.04850337933879689
4411,20.084628214597856,25.870760491124557,2.319378877666949,0.038284897155424935
1282,26.00907751175655,48.73300256616075,0.8262670553989684,0.49828521490007316
336,50.59188530708788,26.547001784663784,0.15563105933458668,0.563374228050549
4910,11.00628472211252,48.4867755116266,2.2057209113794545,0.8647545920171021
1079,58.65857315477817,29.956610132530038,0.8509604163788798,0.10185017734866653
1849,39.49282140800192,48.521213055401745,1.2935761039973535,0.1749947800078976
2196,12.157491552703029,0.3337656179203319,2.625914280980628,0.21300744280990302
1493,59.40737867517953,24.60074077188456,1.5091939109489678,0.24270900863069567
4955,11.149994627367732,38.982023881387896,0.6839569320667896,0.9725748717961188
1716,2.6550312963532763,3.9343158345246,0.8127404338881886,0.6363324458911568
3422,52.33817415069952,8.697677843607664,1.1095984169531656,0.6826245845218123
4936,26.559743580911675,25.372276729432354,1.421166542348098,0.850542429755836
3157,17.66098456558445,3.428496136178456,2.6223718491929024,0.4533512319723514
274,9.912395734557212,58.650802359431104,2.669798113634578,0.07812366626335154
3507,39.27215089251415,2.9987535183331326,1.864442930548589,0.8236359038863009
271,20.743915832212874,1.0295333043004473,1.026400526274194,0.5511054113829399
2867,24.47365066976515,36.589800845132544,1.1573575363544768,0.14993996080783134
2067,43.432122933140285,37.51598051539655,0.6434887203902202,0.6352926430119054
2530,12.75193254790432,46.47186871007131,2.0354121915444665,0.32597048761009884
2606,52.93904768107411,18.369843884495346,1.318118456657226,0.38351850888209815
2040,37.115237971154656,43.21120376698997,2.737837010713237,0.5211922617158476
3766,36.127228295768084,28.50735207557169,2.612960064270217,0.9005220092098896
45,28.314414203324937,23.160345455464523,2.0875403498310066,0.5867003902917032
3041,24.528571310279048,31.39432303531802,0.6095949727221012,0.5109208728329567
2724,20.950731903207224,3.5419779544939223,1.422744391184304,0.9036380966299645
3094,31.22779064091868,6.358074762581712,1.6747402710026358,0.041651235667685915
1409,22.235388243772768,19.289031587275044,0.7086447545861241,0.20944073054984436
4867,40.716243182274894,24.714130293045855,1.473541329134167,0.6163275672937821
3354,30.850905226071262,57.18321608352606,1.0106434478271036,0.5328881549903569
129,12.648931803619643,51.94321488666758,0.7053814296628294,0.8518953055910684
740,10.593027405226486,54.851512173489894,1.836183708448879,0.7168362341322382
1912,29.777603809051723,45.59459544289715,1.1758416005036945,0.7387015373703288
1189,29.679375441529686,6.750754462560449,1.0283650237975885,0.5003668445192033
1626,57.474969149980396,36.011694221152716,1.8959747647044642,0.3935214658426449
472,9.36609171629097,28.038338290567456,0.7969218697759661,0.509351384084445
1535,24.030937049055055,19.662499260138723,0.4444686736515774,0.8410724711627424
2800,59.55134869339074,39.602888894899735,1.9772934949152279,0.5146089564255909
1701,4.825341324850864,30.96077780869833,1.4199351645185567,0.12910775628501692
3910,27.972805569555593,16.632690767299835,0.1377053559408634,0.7185215832644726
4698,55.45177439546046,6.562651628167475,2.401418566138094,0.08712960525704538
879,50.632509324037144,17.190506199232424,1.494562178499005,0.1492864426074958
2829,10.424055801090786,17.97891535390869,1.6166786195882652,0.024746253239130933
4043,37.509381536538086,17.816057523250258,2.6041389385004354,0.5050033518042886
3323,2.0480095054634773,32.784987863545,1.0562027862024297,0.21497362977959356
1318,58.005729314887105,38.89956603355007,2.4848049497460862,0.513116015154882
4141,40.273520845688644,5.3415901824293925,0.1565102925357823,0.881996140377626
2728,57.80816603307755,32.42100193225621,2.048351456220926,0.5853178932922067
3494,33.52164589995815,17.18065432912772,1.786223950955391,0.3118323678562376
2772,17.82935582378173,16.22769225938145,2.5086868910667004,0.5265862320002819
3519,30.03568264167497,10.666081565756674,1.633147397344018,0.4092916129766767
1310,53.06749544518955,26.83207238419137,0.4215701713361997,0.2774655395026495
2155,45.4841865109987,54.43722991375862,0.9810140330933304,0.22599625128122602
1590,49.50625447114781,15.797410515553603,2.4609912980068724,0.7841105126130253
3749,15.89388005398554,20.187283405006113,1.588563596748022,0.9318885893943779
3696,0.8459778829872988,24.609538051866135,1.401123837194559,0.0740027855716956
4066,53.153262311296814,22.22395824477259,0.40878338083437993,0.7855752896303573
470,16.599418320483583,43.92881803931372,1.372463330946107,0.29322167326619497
1187,24.38284186601165,49.20799405133791,1.784010670684957,0.21924015406115105
1567,38.56510671631128,29.584944971724656,1.0250858973928076,0.2144289283877867
1262,6.6291249562070975,26.918722451068668,1.2438092099245124,0.045234321288541435
1689,44.79946194664389,58.0033888376697,2.4708559048636913,0.5418973636464384
3554,2.231473936125139,56.95020637968136,1.882746362640561,0.009255827067109923
3694,23.76820135565889,57.401440736659644,2.0537973552366444,0.13556520949389117
4337,32.392338523491766,10.69884984826173,1.5750735745856912,0.5866175325726238
2607,1.614625252191857,25.716413858486813,0.8065499482329739,0.7294979042928935
4668,51.64586750866928,50.87484267213391,0.42696643692599234,0.42912024054640285
2446,0.5737115490435363,11.019251563611753,2.6967133151547933,0.5014222776194278
4688,39.79722819661688,17.031463592626995,1.5480912775539435,0.5684456306809351
1641,5.047020476925899,43.66024931129965,2.365140172064478,0.5448687995490561
393,32.815148927541365,46.64026850812233,2.3757793750092926,0.24376381715017725
1117,22.195169768218943,35.795200829794815,0.160162409498083,0.10146495456826865
4118,12.696351524580772,5.051993378794267,2.3324614809638207,0.005787789113970598
4754,14.044990998116267,59.11347179273391,1.8996817637642933,0.3108171661820609
617,41.722323933325285,49.64995411326969,1.6561378540154512,0.8235207531440166
1959,46.79818406667497,39.51096883123045,2.1074043472277992,0.6754771611398525
1949,47.6305927387203,16.15099549581975,2.0565854398425425,0.9455426196640386
3692,48.561086605347185,13.46186306696901,2.335746005942539,0.3475521494185537
2303,7.354437290860938,38.291032021545895,1.8386398234385175,0.035332159321217915
226,33.97428910491817,38.6295459570376,0.935359541550833,0.32862039559170797
633,45.01099319511925,1.7137951931741124,0.842834705043484,0.730640330910764
2517,52.4856756925948,0.2777983301552256,1.6876343935155904,0.9862939097349628
1838,19.595909135436774,4.250655694810892,1.17238111802907,0.4754080344543459
3058,55.271259341974066,49.786723312839776,2.3366252445480282,0.07424971436206296
2177,5.824471165759746,5.688351579069484,0.33238517564391223,0.5044363599527085
528,22.025618461434817,34.366848342096006,0.23625352759130228,0.16126884896713267
763,16.14298060761095,1.4150722206010835,2.6550880792468305,0.6452750452236014
4239,59.35008451845666,48.1340847300117,1.503369253719654,0.3612858380172861
1721,21.59836872101488,13.615761698159352,2.172141001573903,0.9229649282369845
1352,44.46394627652221,44.82746162048922,1.5623242927107277,0.8844230626653309
1307,10.842706362472093,39.96046416347126,2.2226320396145174,0.9046543405353105
4684,48.39187643645208,30.120635154346058,1.8005117137521918,0.9237297407134833
2969,59.65013722554106,41.59564733940418,0.7738904056337388,0.13335974599909406
3906,22.83860361176115,49.79999320557831,0.1489943803322979,0.7652752441868712
3058,24.921533690511918,20.223804775764293,1.2900516399757647,0.8170075578953868
747,9.940786569604354,28.5895647690776,0.5135261429729969,0.9152613543193159
1820,25.866204781590355,26.548964486199093,0.5913738718289039,0.34221405082743994
3458,13.494286405380777,55.81818461056441,2.5652357745616268,0.9089580098612755
1714,59.812113441120594,16.92714524668233,1.700024156581254,0.8189659630337729
4761,33.539448515920164,36.04129486598084,0.459462113321069,0.2925229115922583
2747,5.837594507485204,59.48017903094826,0.4489304370303766,0.006439875029510378
2245,27.44221062034159,52.868793151815495,0.6837968439550676,0.4874451966302451
4027,34.37562808808146,12.431387340768016,0.5107123225596412,0.8843271160807182
2136,1.6227356705393081,3.693592464614368,0.34352903549969693,0.8073243013438256
3935,9.263939710976398,54.57175827914858,2.4880641059201394,0.6216171560375389
3165,28.718959419467634,49.68704402146506,2.2000307810105055,0.05154482718390818
3986,4.297119195949017,56.338670204065096,1.1564803749827657,0.6058623996722455
3496,32.17747819202834,25.703822029864863,0.9325036672420342,0.250356327287637
3086,22.774929371902726,21.33336871259399,1.062801534290486,0.882242889384979
2574,7.72361969116573,47.89430650707666,0.5493911194326893,0.07523471646351809
2723,50.97324401069727,29.04267222759036,1.7778580030458162,0.5975522030778541
2234,16.519895806037148,15.354967002640336,1.6847016688521261,0.7251861346796159
3217,2.6492422876384003,55.78518793943056,0.6499830894204554,0.9863411009285578
2311,35.20342160177176,32.28594032179289,0.934095767276439,0.3553355181272725
3703,33.82150615185595,57.68332424168533,1.761504919885402,0.408944083831001
4530,36.71195132610995,52.8655963473309,2.3689920978782166,0.5644942495366956
1331,59.11004990643263,53.48615394480132,2.096518606335133,0.021406257035626264
2685,4.935750683455254,34.86153761823696,2.2467460116235216,0.25803875415030597
769,58.12827819475592,7.522942455043671,0.2673722328189799,0.4297354191466719
301,48.68275271192927,28.695675549349197,2.103421650444907,0.6422153108881509
746,26.904959721119976,59.35034177887444,1.5157006665132975,0.03165816157660428
726,25.646075225061992,17.944712606973045,2.163154465655826,0.8339636744104763
3083,5.788191699530465,21.608881571806986,0.7545057631779717,0.8891349106066327
2464,10.765906159901789,56.06914450282272,0.46972499618999763,0.9124789331940899
4435,41.66532826712817,55.01409310751865,0.9614947228815504,0.7397476461431561
2633,18.174955374080138,32.75986162277468,0.2856722113235084,0.797493254394556
3235,27.850198048225437,25.137348924346586,1.1952621768781393,0.7687649112303596
3683,9.11653694160917,56.883800243392336,2.4396905560900755,0.9693403106658371
1887,50.51070096310439,45.599671861536244,1.7071315982250748,0.4512355828858464
2029,23.528977449198194,38.173943706407584,2.219968926509411,0.2598438715563194
4778,59.13648661678552,11.638153395480868,0.24372076850881566,0.9786243349370617
4811,59.08513095392454,31.94164484087629,0.9839313355231647,0.12988287606050541
3731,1.9801557419004046,18.834539536702085,1.9733765106355785,0.08451766073144695
3629,8.928428664856208,58.43256686574333,0.5508098474426235,0.8442558307757412
1973,48.06805196171354,37.02296108911027,1.476928100589524,0.22434220082596945
4687,9.355808101356713,57.80857671540504,1.5927977616268962,0.6620338423164499
1222,49.585399640305546,48.737326615357574,2.6199571120419303,0.6977565470747383
2612,26.62703665087438,2.61289072983792,1.8765746963132524,0.8480588529376271
653,45.27857249254466,25.767338553876986,2.734171354389209,0.7433658628031484
1210,55.990748499785774,30.538338264721034,2.189094940284423,0.5240501325308448
4666,50.904034878865204,25.50988282801488,1.493725872211316,0.1856864218942389
3766,43.84894781128311,23.00194629444754,2.2424310029483103,0.019186537469496834
1079,17.427213183648945,2.7241761099615203,0.2728472777260735,0.6995806125082553
442,3.8191990675194676,2.523221446979156,0.5575963830234767,0.6038477906569225
1693,38.74806753550314,9.03599170219492,0.6022421589399095,0.5453187440368391
2358,34.68028473303548,18.037229230970883,1.3176113418182551,0.46706164829728347
4201,57.37136323571492,7.999227148647783,2.4729307792691864,0.4118915402964285
822,22.982601703326058,57.31528974662469,0.14706990702122003,0.5768860625764458
2932,41.11256127129564,15.677593438707188,1.639752084038058,0.4969760239239823
350,22.633463356264002,14.626099613104786,0.6963741102064774,0.582956628638248
3617,37.758518815580345,11.129752529552078,0.7225459200819638,0.39930068824802833
4628,10.37157115403735,17.86679213442917,1.4448389191593014,0.9178819501204112
2824,8.63312633859702,7.180193124015128,2.176789242439914,0.4512358000390969
418,42.46116014867699,7.713642841806269,0.5950278186776575,0.6456046508664842
2697,27.656532687959107,25.970454933193853,2.386092954343946,0.6965362031237865
3181,8.636807745045099,8.2623339382343,2.5795766643282803,0.20834852193317954
2765,17.987401933529497,6.885609873426515,0.6189588012264597,0.6649047898179435
3402,38.43141614705412,47.052195350240794,1.0267803297171898,0.9895213858519577
1705,25.232050102346303,21.9320654267124,1.6484583907041706,0.28644596396424427
4536,29.25309671228505,8.920775392454853,2.4286478218690966,0.8834867966373721
4261,9.432966254439402,9.57900343225539,0.6670827039834855,0.7279385670364975
426,26.5204120695644,57.1116469157432,2.4810759526110746,0.1491695444715393
3707,52.57956796593237,29.813361127184823,0.5685903179757855,0.506852531640525
2698,53.377892320408925,44.924688847706875,1.078412943801138,0.16485309589207697
2663,27.638229562467917,35.63460283650378,0.3867190302631308,0.7340600877440092
2195,2.406553654779384,5.059600595935281,2.129979262614694,0.6973191347119286
2690,46.03661382193877,19.22956517057755,1.9701835064135564,0.8459574014194315
4730,13.460993833141139,14.170683794873636,2.1408765003069026,0.10908295208721153
371,41.473486496465746,40.6197778140473,2.6344072763914506,0.45403054528888875
4085,40.8170777175836,38.577960652355955,1.6874841170197308,0.8173917145000961
1651,2.8482693104431256,0.41520971050985844,0.25376025109137157,0.32047333008834744
3220,22.85719785230626,45.609903949566956,0.2226463064354805,0.6973769010623616
1507,46.74954108637213,4.476725646525175,0.635477261011847,0.635209767581822
4321,42.03238635935427,22.67468772777826,2.047960084323896,0.7843199122195778
3581,5.273847035379595,31.57453882619796,2.188881622979557,0.22613926491509118
1108,0.4487019597293207,49.47473270005439,0.5899149059168465,0.7622113097092023
59,26.643972705084323,1.5785697254247766,2.2268806445167617,0.242866258059795
4127,2.356772671773111,18.166019866134896,2.363050505816514,0.8870353398586242
1849,54.298508082611725,18.473705526734904,2.466494746047043,0.6907468035297292
332,21.39648451025934,38.369102563132856,0.3736927055419803,0.8484387210459676
251,22.90139090568854,13.678208561957563,2.4621669647448603,0.8871989127571273
1457,28.361166305026956,16.715815473056285,2.212656149998403,0.5527199241800432
1952,49.211694870901646,28.838458822003684,0.5111083959627485,0.37155491355344417
3536,41.99984626925486,29.20399581474685,0.12567227665874742,0.8643960590581258
4578,54.52448068382179,20.221277807009713,2.2771653487985786,0.16026638897784817
3899,35.58295923939868,54.71679082234543,2.227373537900814,0.1710155399440172
946,9.97968891785762,26.347803206434794,1.6972540837884122,0.47256054643171297
1689,28.842848661113123,0.97311910108975,0.572860927056509,0.8932034284729842
4520,7.556675720185426,54.81558062956096,2.09245864150053,0.6751815688645861
984,45.824445737353834,14.40801673846099,2.4063124344610953,0.18328316980780923
3942,39.75931530176086,40.614635309458045,2.0473281098591345,0.3171604457512135
3802,18.406837685940193,24.028508240112,1.9833048488620342,0.835497730057189
1309,26.09661835844503,3.5537365152598355,2.2825013609876006,0.8086927403632189
480,29.89013443564027,32.98487424748302,2.1926367429167093,0.7249724838859751
3494,31.391375626673558,33.119904316505384,0.5123540453550753,0.1893555412691862
1117,57.877865428406054,11.783074960320592,2.5911231479918473,0.5339227581960859
2509,12.443728389886461,18.346315254918068,0.25852526207228893,0.8070885408361773
4802,10.025590753298667,46.68585711335461,2.2831237064491887,0.07793240104953936
4591,50.4814751000046,10.887567377112186,2.3021169759501223,0.6397779453376243
353,45.635918805098214,25.993508967058048,2.2271074055143316,0.7350127791927726
473,46.89725059999581,33.89447242262389,2.7235472947793538,0.41558679401903476
1005,39.958150860174804,27.4369201947141,2.784951466806774,0.34333490709271686
1009,43.27338255024874,35.71871087238674,1.3862488047104486,0.45968867915977774
3609,24.57910522119848,1.435985601949783,1.1661671919837635,0.9280484543212169
1114,30.25117550215586,33.12514367104594,1.425127303121541,0.9762813203895495
1835,35.02168884917185,46.573423990286834,2.254952618490243,0.9427147827640352
3689,7.708847540124292,21.67726248678132,2.4570114453314997,0.1563086951783278
2022,58.25736983718698,35.33327943544067,1.9758942824260408,0.9567980816283428
1424,49.738460986799076,31.026304746669666,1.6938652810378942,0.4205390717989106
664,47.68482618543514,44.87759867647096,2.6436426403102478,0.706268860559481
1952,20.528816862162355,49.95957464257687,1.3666902690104246,0.17153920234184317
439,39.478113329402206,5.267668843536009,0.13738151714299962,0.04460085464136787
3761,21.150299298355556,25.880231958584602,0.10749029248686615,0.023868309508133456
4685,48.684912556948596,46.994443218232625,2.168672410508534,0.861476844564092
4287,1.4240070892740442,56.38817784222718,0.582815068603481,0.9687119524098223
3756,44.800051185315546,25.339380676284307,1.755531145413831,0.16011584966043813
4660,14.609437233778106,42.186693619198955,2.4659225102422897,0.8415945562933987
3200,57.805962755627164,56.67162140802729,0.7811910213888453,0.9234330287865257
3589,58.3169602668443,34.86604347055388,2.684890472805307,0.14498642929271743
760,33.742912160984304,51.8660871542641,2.091904900619074,0.8452708889924485
3641,0.2814821083886532,56.0332944955321,2.2200144556221835,0.3340681714729702
4262,35.98231676452534,40.37556389471696,2.3336236427898704,0.359200725689945
3468,23.474943524668696,20.83280689646848,0.5073800163254412,0.2591205115591928
472,55.99853093236087,2.7584966049588178,0.5530704246764463,0.357158494902994
3040,48.6614311430007,25.36951193062441,1.4789052949478818,0.22393335928828306
1237,37.65333350018557,46.51080570791071,0.7134069412115274,0.040928446800003626
1565,48.79205588553071,3.457672638499052,1.7692094304788906,0.378376488806315
1208,34.0349399791167,23.37439653258348,1.9865028017985575,0.780188324679764
1549,18.547433578446036,15.53715545891269,0.5532415508712133,0.6272654253912738
1759,28.700921165986454,16.25866678400818,0.13692521277893038,0.19376951554745758
611,18.044433844013327,40.14460120977263,1.5167308421684969,0.01293928891246543
2558,2.6208318487146487,39.248454533288694,0.7089015531524826,0.193438716271344
1751,5.795997283292069,2.7664003727960185,2.378093211788033,0.8075101550894064
1139,59.53888011279981,58.898954069831305,0.6706496566090246,0.5910852393979267
2032,13.914114420312165,39.30848927291863,0.8064653430271613,0.1693461420781066
1643,29.449233697967404,13.563871403892263,0.299277034075689,0.6635203901259635
4961,24.14571175694724,46.353018052224456,2.237356589781437,0.9966406651330986
3810,13.15022672086127,41.02096639318107,1.7788387656985007,0.46527101836638407
172,7.707453685998007,50.50783809481034,1.4569850960097332,0.6732008701526359
3861,55.06712707445844,33.54737114361276,0.7671014104942945,0.5297614978678372
2438,0.5776662561009127,24.030597850139934,1.855849945948134,0.7676969176782275
3565,28.165360567852783,33.892634997297456,1.648834423125551,0.04883280555556768
3367,37.73181826903632,56.14762409822768,1.9789768795634877,0.6807778871771106
3735,48.5825942007203,57.14155766500125,0.8402344597543817,0.4971837705548242
3533,8.153183327643967,31.788397091027043,2.4297774524152236,0.5019377624706496
3944,49.143009484659935,36.57098191920793,2.2222249354048635,0.041830473437732385
4365,33.391427917332194,39.61187624502872,0.23397410354537665,0.3788609640154914
1603,14.299811427183748,35.399187519257055,0.9369934776235994,0.12462428092527911
4082,50.49045920345714,14.840052929626946,2.3008092595308822,0.15443410122088053
3434,10.269358060807285,45.519667003351486,1.2762305902882374,0.9810216143961638
3273,29.843500430798564,41.759858581886746,0.999315177394524,0.7667024850990402
3208,43.02429172345499,39.7903757650472,1.364357008131182,0.4587757392533576
2788,27.161382497177964,52.263518531664324,1.1106644814080087,0.03575075334307776
4422,39.67113433845833,54.799422907584834,2.6379183478151753,0.949796044518852
3941,11.853889679558659,28.222752441889345,1.9218243967858266,0.8222009223318159
3070,19.276925518181848,0.0728832117080147,0.7620326586514676,0.19715409192781375
712,19.961186662392095,30.32135071636065,2.160646183929468,0.5217894413630608
4443,30.578333639887425,26.938730918358523,0.8236368053646675,0.3599420761810529
1868,55.00557328919437,9.570291045821595,2.2882018609027557,0.4437169437594982
2269,43.489657607256994,37.70625222401736,0.9604620110115215,0.3885929126717027
4717,59.447185454040124,27.768916096570422,0.5828886590728412,0.37867096400973554
1861,17.273691868258886,3.6765116792190367,2.634742523253502,0.7250649166502827
583,10.530356470660216,41.189040364095675,1.481300894496927,0.4009845320082882
1564,53.93316527342567,13.481005096314638,0.37454530385933094,0.8138479845816752
2167,11.998325171502941,2.1393458352294514,1.7717406192983136,0.2668142285636331
3482,5.27802257125016,16.48672638746332,0.169773408927023,0.7408830097363673
3850,40.402400298791896,36.21162614520525,2.0437926854828294,0.6975863344890847
3717,53.3871244549278,11.42292487626666,0.45494917962296066,0.16307498849980717
543,45.65284189021494,40.0931968514404,0.7933658757937602,0.33955632474747477
625,47.333556206153574,10.806530832415612,0.7300044626737371,0.4795705131776766
1975,59.08504334424767,57.019223326241985,1.4390333601305914,0.26186686922104296
1702,34.50965398564515,51.4730061179185,0.886581769770654,0.9258764398294378
3518,57.42711915037525,16.68531955991773,0.37898326405182736,0.6435493336264447
987,16.94743425016917,58.231178701309915,1.6671726762919887,0.7539690405092883
269,19.479877050611314,59.269431650423606,2.6243206711504885,0.16275972438262376
1536,4.284129413949231,56.79945516175439,2.6230179628458723,0.686064843285144
3890,22.050352668467298,37.374048586767515,1.5013931154952576,0.9101456054227547
1131,39.806486050840014,7.006144468622106,1.9618843823448706,0.1529505265533776
4605,40.991434968655305,57.501664919407084,0.463290100973733,0.46792337602222367
1713,45.555510672588284,8.550822747382794,0.9734524925271543,0.06143971305911777
555,23.851451824175513,13.569616439088598,2.102440807155542,0.3856196382475089
3833,24.150605459641234,32.212112163308966,1.4690140721881972,0.7637272837904081
2086,43.799706743607416,46.04270229211491,1.369233509732392,0.038771289346230975
4627,7.058888709404902,54.27479017322122,0.5165793250154571,0.3260988088998489
4798,51.87181382345648,4.088680957453741,1.5162144362500853,0.9672942643848064
2607,16.941156746793084,2.2358263381719556,2.6920711408634626,0.7736674062503244
4852,11.604680799613817,2.2913231458778704,0.23825159642521496,0.16900398987350707
502,27.120201006003114,24.89977905307769,0.9063224980210429,0.021597488318662372
206,50.83501805965659,54.00479567937504,0.8605298731519082,0.9688416981574057
2769,43.09386053925179,1.4477076044534254,1.513831038160546,0.8271414432669503
1400,10.111786288535434,47.434776075351984,1.9409972673683475,0.6235656669115727
2798,9.032539549105746,0.8889286291741194,1.9575758720345982,0.5361849020595516
3112,37.70734842012054,3.1559760518475644,2.6636637671501746,0.49527622021445605
1070,16.1366948159623,59.94743105223672,1.845853743057009,0.5292611356578235
3500,30.60994342024114,23.84751192941379,1.9086487032205475,0.18957896445858058
2469,45.34089394203052,53.259734683760925,0.14979276193430052,0.371529815125914
4585,22.030819878735695,13.368510146934941,2.4008199840886357,0.7774954855231997
2818,21.844409634451353,53.24227174779614,0.7892296782598498,0.4027855323058792
2051,10.62963977820367,10.171446303050962,1.9580765100549324,0.2511970761556934
1182,28.60364968074319,16.448354849577967,1.2349409205477038,0.6977506616053696
2032,12.883558020719931,5.222618526232063,0.5196337128238707,0.6691950702947496
3569,21.65167069773178,44.1559930186708,0.30749219337192296,0.16606332850341976
373,54.65562139874229,32.00066408104623,0.8169757391578049,0.20428455043013105
370,49.473407159970165,0.37145307645245484,0.9837656791853446,0.2796842601270456
4882,9.275099302432048,19.34439095256399,2.634408656726339,0.0946992007934877
977,31.692685525821847,33.11725997114177,2.3208743505621268,0.41295792785694907
566,54.250013764444105,3.699544638955947,0.8560427112164191,0.06472205480144644
3692,49.67373692488691,52.52865865478664,0.6179239886660614,0.8828550313865078
964,41.95857422263019,53.843892233186345,0.31269297702678867,0.15737554886095895
3696,37.24842209992631,56.815239084421385,2.7863014513726676,0.9937250176665304
4184,23.007669636110567,21.446891253065118,0.1534130285866062,0.16180950240987457
4276,36.55000287017437,7.076492304852112,1.782379898545882,0.18619139065142698
3511,36.06353780261515,10.582952249115374,2.5645411354809595,0.4135617903493688
419,49.011367888716386,47.185038845193596,0.19916479061249323,0.016416123356939982
4186,46.480216265336345,28.851193343918244,1.7593606083607367,0.058495587442031316
2204,49.815697156659674,6.558098414124647,0.3259664378110693,0.37908071268941823
2647,5.965845868089028,45.796852445081974,0.6097826626779859,0.6031116147663446
1027,58.92943606467992,26.886630262097455,1.1887027242115031,0.13340418156640266
1960,43.53157945091659,46.03257444389477,2.7756366660874487,0.77323498514808
4455,51.25005931267383,29.832494124929603,1.7997968640627935,0.3147429425653133
2898,21.695512853296613,1.6263607983150252,1.0512802195553967,0.4844375219638303
170,58.441026489957025,58.72787878315824,0.8596855155099166,0.7287052042996871
3781,47.63599765789646,22.756803551217615,2.0776183240145745,0.9137499902945733
3850,19.83167445002946,31.705121328409138,2.7310906605949685,0.741779818831294
1581,2.1575797220568615,58.68356105512784,1.243611321526833,0.8119414110446616
1594,21.921334292533384,28.496282097974746,0.10296518336356097,0.666130120542045
3398,41.315589157554655,44.1840165511263,0.1356880854715571,0.7797182686833843
2488,50.575934189681355,35.21183969787384,1.383793707175183,0.34882219094408196
650,25.880124896153156,21.694631695610216,0.7944367345922225,0.7728342386024314
3671,0.3961078786339889,3.439941117799099,0.5578304843476716,0.030823230009865976
2064,25.403289617093414,10.294118713183476,1.969097473743124,0.2993821777423733
3595,22.37835039936902,1.4271115806264545,1.728366166523593,0.31413864682726667
650,45.55679856444846,44.42845037205376,0.34000632190473623,0.5475932034652415
1201,6.243017190724323,9.25696101953118,2.355784468344993,0.317481103019128
4313,11.080958769928642,16.03653462937086,0.8071515582867028,0.7922754766302293
3621,35.52020191845895,14.940529249321187,1.0598064872793003,0.06774029880806665
1336,39.47100002668623,24.496007399392813,1.5497677703651422,0.8125221754445625
3631,3.7870647903253207,6.556289172591077,1.351985466014984,0.7701803307552164
3988,15.172258872401157,38.86821593453738,0.2013975220235501,0.5528779072635845
2744,45.923666554911364,23.324171166908577,0.2600631122195426,0.554241517418304
3190,16.741628310560614,13.939019392750236,1.3665297448478448,0.034429034194603636
1430,21.021690732072422,20.397784975109186,0.23516288661533682,0.5118624663866906
4568,57.42016497030876,48.90105340530775,0.22099851493709816,0.7653143020225937
1052,19.35465641826673,37.035785582039416,2.524509254361495,0.6647885827879726
3962,23.418555472266135,29.932735167013455,2.4507137348073176,0.8382495199973559
1953,52.60651013859741,14.02497962623103,1.1275203073056113,0.2387319664753378
1350,31.232068439721488,50.32454660088632,1.6029337965252581,0.6472711670712548
3666,54.51375790814467,3.465170466698042,0.8590617064873285,0.2537832479518298
1332,10.21655184343319,5.179280387915068,2.5941359089032434,0.45206907323918954
2002,33.122925939208116,10.883735902337568,1.0682702188762987,0.3810832147230103
2318,28.083370509854223,15.17351593741715,2.3452347355807968,0.16623236470120262
955,44.545418105190336,27.170724341328494,0.3712154462539933,0.09142368430267467
2437,39.21531200334367,37.301559768289025,0.5041140858617741,0.9338630292245454
1503,46.859883240527594,16.787750500053473,0.93644422908656,0.3453667262988517
4518,4.64635514749107,19.406063437852012,0.14440431572949658,0.5376315362172587
2627,55.96422097923342,3.930082541330877,1.9652910323184982,0.29415011825312554
1447,6.618226559168936,27.43349252755826,0.7621185781394145,0.1983540336213684
3227,17.433567459773144,4.638984943802433,1.2835877865234036,0.9896521866965671
3005,14.48323753534196,44.26314580520191,2.7226231155024445,0.7984288670832456
2013,48.41263351875085,17.81688994420933,2.303254826354522,0.4661007076315936
1520,14.764319536499952,53.89266738052648,0.7854387704246952,0.5128515120049004
3578,14.899608019111783,41.0047319295724,0.8919189366256107,0.6392109854820124
2921,47.47102388876585,56.96879254477723,1.2752069726829978,0.10020866668286954
632,2.745919474686773,14.640538649047025,1.7798242030240536,0.47853984234058367
1002,15.637336241745597,13.792440834825504,1.545467284763854,0.4453806648951426
1038,13.07843703934851,31.01654846948851,2.0909538592240704,0.20537496789672205
2512,52.865013957385784,28.093519882713256,2.40244538589898,0.420373566642519
3770,54.251470804760885,35.187689199942554,1.3788555736891042,0.19678779958868686
2432,30.606075281970632,1.0090203203965409,1.5880041070662663,0.7209223594097341
3713,48.299878371574486,10.244873174941809,0.3253681517461946,0.050299247458457486
3928,37.49394549461662,8.310482970980013,2.3530994733917785,0.13200237234637102
3,50.24721557697181,27.65289456018039,0.90994682689297,0.9501732193928036
3345,3.4844647185335176,6.5067286422116695,1.8937535310823421,0.7559686821671928
2855,19.022902498922704,5.899211354071687,0.27597977241502464,0.31069172713676774
4331,35.21361544520462,6.974907398913346,0.7279780230295682,0.02622860846997166
1259,8.523148305415656,26.030223850885072,2.4909157346491804,0.4948649242141311
1205,0.1936664428986723,7.802850126317602,1.6985884677956289,0.9830107106299835
2075,33.39633910994076,6.946758909684963,1.0352417302876729,0.5070459098046578
4211,56.892691729398315,57.086761060991606,2.0171144402541556,0.3181372365207087
1346,21.91196717256728,11.370232883131685,1.975292251629562,0.0864718158547253
4921,13.310447676616924,54.13307894974493,1.408244411293733,0.8450738294631663
1555,22.602871609844048,6.820209954624588,0.636322426049038,0.3666371663624579
2718,18.573510873506265,3.293944237526285,0.2509423661798294,0.08864021839297131
206,25.847899718620237,53.72062990048307,0.9015636032520855,0.9292712988254718
2249,46.606530828415636,46.832038530851996,1.852237749630614,0.7066722656289525
1437,31.974554321417884,33.977652999240796,2.2814248400463066,0.4846390310653922
4703,50.0567288849726,20.76219133483231,2.420212917310838,0.4735976184014793
317,19.074066133600056,5.180635048973743,0.4292152084100739,0.6785138279949334
2401,59.06875694261865,10.821483849797042,2.6606080268314587,0.026468036401097184
186,19.24789128851255,6.26825132072891,2.2661124668596297,0.434028426471728
2592,28.394201302985426,5.463009061108528,0.7294190924948771,0.8796449370747866
2356,41.515237043133546,45.6686841929596,2.470617777133919,0.6374489210949588
1490,50.52259741052812,45.46027201214699,0.5770077834860294,0.5152305539333515
914,44.696879371445064,36.96742867911591,2.732283076258801,0.9563224962155957
258,33.610479751913495,34.78108635857585,2.420141109510144,0.32861125665354396
4979,45.427239339924355,22.259293370688688,2.76870115802615,0.7327818422603499
2910,14.592296208205749,19.404002437918983,0.3603417762491187,0.8574720450916024
841,11.227152158778447,6.369550056851033,0.46359198537958424,0.9741587149244716
489,24.997405528146142,39.37243323780266,0.3653402238246879,0.7124563176221139
3896,7.051023585637832,22.62705116129023,2.2960902880460745,0.6070134248374877
4087,46.92716393945235,56.909362539028734,0.8017741924161571,0.09366682075827282
1851,48.52412544322465,22.586205561841414,1.917314461124754,0.4735927056679343
1249,48.41167833155664,59.45363955370767,2.611737196005393,0.9531869053081004
4019,11.620650580536243,32.454932246055186,1.6971363130333457,0.05299043171936735
4889,53.16949699451372,20.926226858644664,0.6824942568762407,0.8951582578676146
3641,2.3651831759214437,59.49463679424914,0.46512195878310825,0.08155262489526327
1101,29.19611419471199,46.62297816996869,1.2872947992844832,0.4522147488632394
2619,15.552226888931887,37.17666100604095,1.6385346735579331,0.27930779316231946
2191,55.69960611626124,27.581507769428676,2.7580985023807685,0.8986512228280095
784,12.136320385021568,42.01407667890891,0.5000455583746378,0.11744147997579613
294,27.9968503815031,1.8215297061350944,2.7758548682299287,0.7847993908860023
891,49.88281512226797,42.97073973544772,0.5996641375041138,0.20256867388594768
689,48.67251034916147,0.9031853170103643,0.5034099252507455,0.924124727963602
2871,23.355915593745408,11.51820704545176,2.1272407916305407,0.42344030477666383
3795,54.146787426449,41.898587352348876,1.878615906014233,0.9245235666199834
3229,48.286796533012634,17.757472780635545,0.4388467482847005,0.5464341376351737
2287,30.76620952858412,35.20012597314118,2.6588417215651243,0.1192477384243894
1796,49.43741032787781,56.59021537023301,1.865836996320731,0.41428235267075064
3034,52.563291456789244,24.3614869094924,0.3250336992643507,0.8277850588272301
2651,58.744001186242855,37.95988185536027,1.3099076827048057,0.14977758045012635
4784,33.01318649666837,31.358969446595978,0.6645013996811568,0.8765738791548909
1146,21.17501408001855,19.647073981593984,2.7559249043409646,0.6962882655204424
2351,25.42309167697963,5.807967369332192,0.7748751142130197,0.6294228509948407
2042,39.716388150669246,33.40595488222844,1.8877432052800815,0.4267237551097107
1076,5.539810099582998,21.617011762544422,1.566077611980082,0.9318361189526235
2331,8.310512323981689,15.584538391575364,0.933462131013339,0.7497789784873703
3819,27.669899670435253,6.475527847563405,0.8370674770733573,0.12689553230850292
2276,36.22867765503534,47.238619362109695,0.33249235413428047,0.386585798199227
624,51.263604787221475,2.841667888330348,1.0378453210907037,0.258036717952874
599,7.392066221801081,40.67636838181905,1.245664898802704,0.9615882920766988
4227,41.77932675180238,22.986674683314455,0.14387364808082964,0.48713027395292685
1400,43.00989171339015,52.760972357687585,1.059572636852627,0.6644119990061893
4921,15.169025189511904,12.297943771715296,1.3805583353107709,0.4353760028956325
594,46.48300579921546,24.776239294737486,0.8151944492168082,0.24329500630676304
1106,0.686055504527765,16.36055274817241,0.32404363342621256,0.22159328860408878
792,46.53079124918002,41.46821875797413,2.6861656228805066,0.6231009026961634
4045,16.500724549707474,36.004565489374976,2.0648311112134543,0.03810734604319288
865,38.018236750529475,19.04191690238183,0.823271652010818,0.05529903159085792
2413,10.197932653207253,43.72149551793349,2.2221601784847187,0.9957380308206597
4645,52.531776383445106,11.671519181706714,1.9346694743542232,0.8575458988004475
4619,8.007714194872399,4.706298390109922,2.7496209702706507,0.058510037023545736
293,31.64821575844702,34.28576863269506,0.43293389199165777,0.3166329610645928
1403,18.682272261115806,16.196952374271294,0.14728032287945275,0.5221710869245058
3854,25.367078883447405,50.70868698947016,1.9089440926005865,0.21325966274205455
4064,31.92054290140245,26.31154096056652,1.3291597198119212,0.3290954451143594
1060,43.13121433474096,35.75072527534478,0.43162749805978873,0.30955384782969997
626,40.890603023369195,56.480024101414976,0.10534548480051548,0.4402065385294497
1514,5.8849065634677,49.44129097282247,1.8680547973853066,0.7619836613561727
252,45.850999283396504,16.211926477808518,1.365672903666613,0.47825561065636646
2670,30.048003019813272,25.14501070590246,1.9448551556876599,0.7697222671910328
3063,56.87180046809957,24.184651404582283,0.770716825307389,0.6444693355987091
2681,2.683910876840252,43.83872392707802,2.6218209737911806,0.5029890720311414
1273,47.92655476751244,56.69497516984894,1.5706673740607624,0.5326986725898186
347,21.57280653619803,32.49287522120539,0.9229110626135901,0.5809534557862255
4068,28.731018497605614,29.34937383729807,2.129701448966683,0.21028977351562617
4873,11.870341192062288,21.146644966008136,0.7766557964632268,0.29730236437174873
2921,1.2081003277896296,49.74649352900573,0.2944536348523279,0.20184367891800603
4910,0.6201182490544732,50.2690618520659,2.1496459572326034,0.33777758402195535
763,19.211318637898096,19.241399566538295,0.19702616198788195,0.5796435211169454
1938,55.68359769729043,4.3329281340012376,1.6644725279139645,0.18601808653841967
988,34.25945323111739,59.120930940310984,2.2602461720988547,0.4679210349722035
2027,52.7450824748713,14.036981992472416,1.2043708213616378,0.24116753383341916
2719,13.2154116667392,57.93814575555079,1.3501267102542513,0.10141891450485341
2800,9.773366048948308,18.90660703544381,2.401889323190478,0.5933392013602281
3624,30.222648272681212,26.52406565139174,2.6554174239350723,0.19451640400598635
3773,49.200148477850014,22.77939969772048,1.4663048237623182,0.09845336351614498
3281,14.332482376217756,59.690953334935436,1.9625007230666838,0.6129688203834047
4324,26.90429971477139,0.35089687307170436,2.634162818078,0.5848906253746855
696,21.873286189854543,38.04155966913286,1.4932463262945925,0.835536288788663
1341,17.619645671920573,6.730683781413902,0.5644051243918617,0.844856951669457
4167,47.107539641199786,23.94859496179783,1.7391471399198275,0.4129729626689467
2578,39.2238821914021,14.829396085745675,1.3296934045048885,0.7667922749349205
311,38.92511073701686,27.965093101173434,2.662199868298945,0.5575054230573088
3042,27.173986551854735,17.519227972586684,1.5563758745239844,0.8882462093018407
1032,47.57598495790603,33.97700356343337,2.5389639818694767,0.9757503033406397
1981,53.60928667048434,51.68849070922455,2.6505395526951268,0.3856687547703129
985,5.964988624223895,22.66779346106544,0.40866798866451604,0.6587538994991614
1026,37.780745940179166,59.484999470309546,1.4533529025240872,0.33968876400307857
4922,55.97659572084688,13.65574326351489,1.8904849539224753,0.22573429455201766
1044,46.40593493325075,31.735404779500946,1.6758118993657314,0.8753134722864737
4426,6.978303090779359,36.81209374232073,2.2714196449075144,0.791796169272593
4956,55.4035353590936,12.18532058916404,2.1688459112124425,0.28575468293514583
1480,34.181112015776556,34.97224826770486,0.932929663207375,0.9821975101793736
1610,52.61976224304213,30.147855217677538,2.7216108318178254,0.024081684820562388
2887,5.483760543333873,42.00212267159891,0.8982687530104024,0.06085064516481076
1401,10.589846102234402,49.12514175954254,1.0487848436276128,0.5091819537963467
3135,16.866338379377744,51.16520410729509,0.8166910171869555,0.598804918577887
431,35.71811776718087,45.20064807601821,0.9867979402675531,0.5498277003997613
4946,38.62573559932013,2.084985573911573,0.24954502928882713,0.8250913415594726
2314,16.03666050881918,41.43957848883197,0.5851379955582561,0.47988093567685797
3100,53.30596538133342,50.56015688230437,1.7391503491087792,0.9575001333195059
2858,51.20144149079623,53.226474841015836,1.176146857894059,0.9430934296678158
2212,42.90550921467494,9.93881047350705,0.10002045278073574,0.5620838267987522
1987,2.1751114471555377,34.18557930038858,1.1418220629721307,0.5158447055782528
3112,27.724412676922164,58.714620682393736,1.2797330352702012,0.922472936456447
16,47.329543739365945,49.21159840236085,0.477257565671083,0.34128705426816897
2442,54.74721655577228,49.17238940623781,0.4439240069189704,0.22349889253981736
1456,55.184034281526635,46.315858436823866,0.6662144703789694,0.6135158976150649
1426,25.54170222783714,46.95184983496855,0.10668664339818187,0.2824834929368465
4891,0.7278328101619591,56.886264742933264,0.9248707658268832,0.0031732024714438145
3070,10.473813453883825,22.43461075509753,1.1758111570873373,0.9125328956881499
2025,21.81943246766575,6.726764771322116,1.404104757435657,0.9680577417552284
3942,41.321333978811154,0.4916966807002887,1.9888017170666303,0.8832201734847919
3563,21.06812643985109,7.270801450695215,2.574463046730574,0.7299309070868012
2305,49.84134917167226,46.192768146346474,1.9451848189994987,0.5858168056204959
4967,16.635680866198783,59.65598492964296,1.6056281083287562,0.5988777237371424
1185,35.89166224062951,19.68925483878435,2.011909317278162,0.12491792514086653
1524,15.346527103040264,4.262729334502375,1.9203187881634616,0.7518776506210553
4351,25.973445075473407,9.972051496696327,0.2352929666720721,0.433898215812755
2224,49.17492871821327,34.093696858004336,0.5484963548700544,0.25771573147741367
1533,36.80051769456582,14.614373271147727,2.1936641729158497,0.02647717583807896
2482,50.778563011911224,28.39167052898579,2.786035380848042,0.15913538478477562
2722,29.55303200301913,33.25210513902911,1.800542781046923,0.07725473723696308
1171,36.54925301814911,52.60166249699912,0.4026367488809097,0.6786034291852965
2511,7.023174183691429,6.277398780694861,0.32405131332161,0.0024789979228063697
3476,26.044145208972083,43.249794847170236,1.6969479993386631,0.9940268710909098
224,55.67486116668801,51.06107636223728,1.2238112490365562,0.6449432465214571
1221,28.120165936342786,56.17717951918813,0.9875878735042131,0.2689257055450045
453,44.67764872711774,20.116556627571672,1.1315030266446426,0.3138131134598504
1579,22.59367705103649,31.258677912027157,1.4022999362421567,0.4652126274177778
2518,43.64719117110722,13.00009420218889,2.5909157416795936,0.9394923096182884
2835,5.931260773309599,6.355576179498785,0.851106251471272,0.035518780939255534
744,5.684050790284552,0.606821051129065,2.0894375495745394,0.08367866505897881
4601,4.817056760503606,37.219301913201114,1.2375186547090886,0.0014839169888670733
1672,24.08167568793722,11.66039187697294,0.2981668544779448,0.967393641204613
3406,46.133317908116844,21.725641449881717,2.1110914013056026,0.4021624494942646
3248,0.812886029837876,34.27630328155483,1.3998504682896933,0.31124532765138335
2472,59.16929491749571,45.665093180241634,2.6409036225988998,0.9666305995551988
1147,10.527153449543299,3.4065559222935704,2.285701463949395,0.2608832245756786
2074,51.976604278707086,39.41079639059014,2.708072098837726,0.6299094269432544
3587,10.196579122994363,30.727020438204928,1.008698711104062,0.35453386324951996
3092,53.76346135152114,38.81266008182816,1.797756656700912,0.22762124457255495
2376,45.87317795243789,52.590818287639785,0.9545519674868636,0.038085013459680406
904,11.801113264617712,56.89907602360573,1.6104709651292641,0.022575349893617647
1881,26.60650047533728,40.89970833957482,0.56140824651161,0.04002192238247071
1313,22.79047257434633,18.561816809152937,1.21480669783038,0.3076857244648258
4872,58.46682140303093,48.83528327931474,1.7009399981879887,0.8814963555121988
1852,23.75484460082987,3.2951373144992413,2.12685107857931,0.706136078359515
1171,15.48493512817359,20.776058231118224,2.266021156878202,0.043033940362857015
3556,20.788184444478578,37.78519951238243,1.134697735156761,0.9351228545377493
1895,34.988600435611026,30.6798939043907,2.201267073407877,0.8933739379388783
4528,42.94300684957658,47.160280484461644,1.0205201602071121,0.1973019563298387
4648,37.44453615520819,22.59945861385387,1.1578686819771948,0.1450831651162916
3186,55.87860878030101,44.58751641068438,2.232203113782897,0.49164762386185445
1309,36.05202440060514,20.08716638786731,2.343485914131838,0.18318416553450234
4800,49.53326415984938,39.802844174439336,1.7124127752397231,0.4678775909418387
350,30.79540521932532,23.135003666546258,2.184070206147638,0.7924989515672365
1736,9.731750784422633,10.435027587544726,2.5435459009540886,0.3536802020766382
4859,19.77522718706773,14.806576717635222,2.786701746988141,0.6321146333058382
2085,36.73031130802736,22.174634120293558,0.2184227189456857,0.8133735474506845
4075,35.46731019154412,13.579947661613172,0.9127261114538694,0.4185765161988608
184,2.774500619666076,17.98539146496776,0.390776193181664,0.5356686449890393
2061,2.4942521739476753,17.86031533023526,2.587305697121754,0.135127561324764
1316,32.497226546113836,10.178976252112902,0.8489718188888937,0.9761434783371287
3150,54.323241952182016,48.77493077674165,0.31770101254592065,0.09802210572202674
4278,44.70444220874406,20.156937055309697,2.439687123208962,0.3979471340102959
1716,25.96701499459144,5.624729948859837,0.7606354174154464,0.05895047336040604
4537,39.99302556494744,48.24434314650318,1.7321337784417064,0.649883335174769
719,6.99592983711187,42.66452270822474,2.009816942242392,0.14606381602470653
4207,30.07468558579542,13.098786478943435,1.8365699138719398,0.18235556619452908
4738,37.176418549854404,47.0512278355995,0.7246608125728884,0.714866259368677
4571,49.48653118875243,43.86569415223544,1.3432294544334193,0.7287034466108363
4680,46.14807540014024,3.4949931383941446,1.236163900040715,0.48645656080821287
4355,49.86476138968217,28.840363003834007,0.24270864412619023,0.5738728310705479
3214,27.936874983190968,39.85721725494444,2.3178727872247604,0.026500688272066752
2224,42.67433948084442,17.854620859944934,1.4263121587695333,0.6935079932340062
3170,53.944975743415675,2.1900338722061985,1.6709976588885882,0.5151057995579087
4743,42.512522852860066,32.85277441225628,1.7961603806769737,0.9202187568511316
4229,19.45547161926381,35.617732854926324,2.7911196988947338,0.5159729902063277
269,22.808598381375063,15.18437731934075,2.5927992460213085,0.8323754296648195
1765,34.27473217959527,38.047186296270226,0.8596069333246724,0.6490919001321047
2865,54.523825057278884,55.707475059525144,2.0733987219890975,0.641152220598889
3298,30.039946402156385,37.593182509871326,2.6994247231305133,0.15466046000970435
3835,55.30785562351975,14.161443141545359,2.2074031631626543,0.38908902994493477
4033,8.484113131963962,15.790569716240423,0.15670020973255908,0.43302179086007975
4055,9.848919269284915,36.15161328430477,0.9433330801103017,0.16316861408294692
4378,7.308928900232301,47.66303342403048,0.43306227118821694,0.5026944624408006
1715,47.7954387341366,42.70260499715177,1.151720577601842,0.47321258021366863
4668,48.41221656898295,6.953854881605079,1.0551337060390518,0.7211490806581003
4995,24.82309404665407,29.665663277182855,0.8724694016869204,0.4433164847451704
110,30.386885233294677,23.467898246928925,0.8360914016332586,0.8653457695468373
236,52.413813244969546,38.85243064148892,0.7654973256004712,0.8516209164855734
3969,3.3162258715815196,50.01809249290798,2.342503112928118,0.9450331376874042
3815,4.680281698578181,40.33377321962077,2.262218158554992,0.5468414528840869
281,26.162401703460873,24.723362088933843,1.5447951859704383,0.5190821518076745
4386,43.93513885219434,30.881798565674178,1.0028535591234238,0.9400071654607058
597,43.21643529895846,17.090262882240612,1.9950926983443595,0.06331937850276392
3603,41.31629921515484,6.105046654481779,0.7972822811326652,0.9427722064428842
3387,44.309169711988496,45.12242582394759,1.3882886132342445,0.5465645280034162
279,28.330765485395986,19.96412315424303,0.9733553880454999,0.93813646874891
893,30.297921962468283,46.64330861300913,2.6039129407052446,0.8717004655958664
4151,7.297511313751894,27.659798874160476,2.418240335167821,0.9016281216813744
3601,45.52392202509024,25.574914610479553,0.9866702427093632,0.803214571743537
2869,24.83938385449585,30.46912809716561,1.620907837110291,0.17007257624110772
3369,7.798703350473151,37.554799046707785,1.6299515866687928,0.3925526188808892
549,42.93542691464512,23.061704808839018,0.10366009536978997,0.3429369558669597
4392,3.4017971415030113,34.32312804935907,0.5561019306654732,0.6990559138295916
4062,26.5557912218136,21.608890963213184,0.8322931238457377,0.055249184660871364
2637,19.643023751365163,44.87644231616297,1.6775126462352263,0.5704014638392038
2306,46.200782514290196,35.75582715229515,2.021882868671102,0.6998232462026073
3067,5.227957678229968,23.515139974217178,0.2871648708684094,0.6927279244596637
1688,52.74535817149921,53.34666729390953,0.9667067316350276,0.33789562276147944
2849,43.05439390906078,41.057773158031274,0.30798957003341454,0.4701347484823085
195,8.47536377268662,55.81102979383676,1.7825158918138093,0.7883653736530761
3442,45.43783276393841,13.119872695735724,2.689718149790701,0.8195457725549895
3560,6.501454279673902,37.409487773223915,1.6956075758134646,0.36211279772907934
503,3.576894226472016,7.501580605217231,0.9900397899011734,0.9317668428093557
1537,40.04665639944972,56.66257649964478,0.16003722249858468,0.6902290383245566
3621,24.860607952860047,39.189642983414984,2.272555691965844,0.5019970534702782
1173,26.422928970054983,31.471445237967213,0.6930938678336229,0.7486340638699213
184,4.121087787130877,12.2634205378812,0.14282686824058383,0.9480543898163151
4365,43.5426967325113,54.03357669516144,0.4445304867123102,0.32551904552646194
2811,39.46877294471275,48.32021144551852,2.3279622115831953,0.06908696713678775
127,55.863333736465435,37.1865068629626,0.7678828211974679,0.5856837473072198
3583,1.1434459404875241,57.41744505440524,0.1688592989786494,0.31686665617256915
2627,25.46538861331187,1.2891251028849426,0.23274038325306168,0.8755746522272565
578,27.721819453941492,17.229123522931165,1.186922029375537,0.12588046264613573
2337,30.63690463530343,18.678892166464966,0.9765926560582486,0.02805182976229481
2537,33.737828912346494,35.57795702110406,0.6451875281760592,0.7275288445213386
145,16.213993621676256,56.036069497056324,1.3510976727625683,0.47972511332181644
2114,4.778326354016144,0.36099234051837126,2.3705998010348135,0.7954467019836391
4808,25.880561738538553,35.30990392068189,1.872295057003388,0.12292064487027876
1273,50.30997633758234,56.36806587833473,2.5201349772763875,0.13978375491734452
1052,16.913723161530108,15.715424651648014,2.01794675990872,0.4651008215148419
826,39.134478453527045,55.48481040464372,0.5303038335987896,0.022274391664432125
4740,57.10771717186988,59.86577928159018,0.695208072088199,0.6376209284611634
2924,35.67651236734524,24.680558830250302,0.5205329720162466,0.0754479883991398
4120,19.915892240006944,17.7582636694267,2.4678083458489333,0.6026394422125315
993,45.6575522730083,50.96731678542567,1.6793122603347843,0.8912818670435099
4716,11.1203614799682,36.108087623802724,2.005320362843933,0.35033697777545925
2007,59.729680101822616,56.43868802888042,1.2422183750755253,0.6045473722908586
4407,45.65430879089868,33.78255284155896,2.475442870476948,0.3639358660872485
3842,16.276036273894306,57.4504163997004,0.13971475233938419,0.5903005933877272
1274,34.056275882209,15.327167361400688,2.228382806278543,0.5750961969970085
142,1.4022719256828964,10.578431929622589,2.529902500900357,0.9263698883193213
2767,2.8916639356952967,59.572602582476996,0.5924613459504482,0.8991372810100118
4145,21.97077888302179,9.034932184475934,0.4047188858879023,0.37835111157187296
4815,22.7958572262153,43.8621918399827,1.6644320613177972,0.3250557549498668
2908,41.288641654546616,59.159372828683864,0.27438558568736565,0.20785841597620458
3864,12.008581408541088,2.436126672418566,0.9975153821810375,0.18257572038856784
1869,34.44021498306277,39.77298749112079,0.7705358985684434,0.27199176024680016
1424,51.04237785533725,16.71802604550214,1.0794009959489377,0.04295104748902723
1513,4.93546289938851,15.229154816858854,0.9736679703331632,0.9913588332298504
499,23.017493980588764,19.33913495409033,1.28544190918853,0.7351984426305828
2850,29.73153165915986,20.12850739949495,1.3938298980904604,0.9627444069609594
834,47.4290015488595,27.921388601246072,1.0500685980956657,0.07604430824499975
590,11.785600264322834,18.127356942143443,2.62952443301508,0.027795832446776303
2522,55.88311821983639,19.464209823449597,1.4473706475778538,0.7594988479069708
429,30.364842023713127,24.767257461453966,1.447951260730822,0.8069434523351695
791,4.806569767958231,49.97798527374472,1.2582504082760548,0.7880729296050902
573,13.55071568561663,55.78408966278678,1.762111232292486,0.5328984923526177
2215,50.926649705323555,40.23435683634693,1.550557477675861,0.6556883387061021
508,14.620618771103723,2.2146125365816327,1.0148057980271483,0.33957585702624027
848,25.326658326352995,53.22474079014899,2.6609721233235972,0.5678282502519293
1957,9.618765269737839,45.00543408895935,0.23769902935405648,0.21745606177591692
359,43.80805128877728,35.305601751901015,1.9921861041331501,0.10559220881759102
1590,34.9013225105827,47.677536838369306,2.1149627226529644,0.35004603461486017
4376,56.89042570714611,5.619827334126029,1.5938322388509278,0.11885269253430064
1704,4.2756676511290514,50.46182632647797,0.4651855850028844,0.24891517816557385
3851,37.13555131960899,56.08790676846096,2.152946184562351,0.9571154270428911
300,10.653372310987706,5.331011185345343,2.044827510539562,0.5110876632728661
26,37.13819528209061,59.997425725407126,0.17783731204796022,0.2419168810355662
4017,47.06030324109306,55.65447952550489,1.183530820086694,0.6959651752521641
1704,31.60587379727292,32.75354814075721,2.369601812909015,0.8890587285809516
2078,48.229826108799315,16.218706008186672,0.10256646345094755,0.23092609402979958
1021,0.001310631299502596,12.526083314578022,0.23141612011873566,0.9515509093936958
4608,52.99108119740383,3.874772857525297,2.1535249461963395,0.48696034543489697
1386,4.16740260214784,38.01733197118111,0.9912583682067976,0.9941791847237097
1210,27.008063671852042,2.5008922832452884,2.2151562772771096,0.13433319196173155
1880,36.16102320540973,34.47954512319649,2.392867602309469,0.38465871510237104
2885,6.5450831249694,5.461597073561217,1.6359468132465285,0.554876310176569
490,59.550783533823285,48.60136818213189,0.15972365332105593,0.5749620554203874
138,32.323850686338446,27.03833070782776,2.287243314321603,0.9734964286093961
2077,58.2126863715378,57.930165796148316,2.5782094548735563,0.3119810906722471
3364,52.792042808006144,26.727910874418054,0.7992627255157005,0.7059812184625545
4406,19.636083949284128,2.699765607031235,2.4366583725183526,0.47540815540574444
2513,37.41567228422059,56.01776198370825,1.002851680935995,0.8114205621218724
1913,13.293302737502914,21.680317172694707,0.34798786593120645,0.9355226394554159
4878,43.25834924805237,14.408569131260604,2.093527407041528,0.043795255540589495
1919,21.188340441319554,40.21918535782204,2.6752825455286606,0.7795026766471123
164,36.60082960479945,27.055203254283434,0.23557961849970108,0.8401105055962161
4782,30.788857777928335,50.602315346437635,2.3411408074126143,0.9314382867695014
3839,33.37777363509604,47.58137810704059,0.7535215598996204,0.06823308265310479
4320,50.166824812003526,8.609717830579235,1.373829055346796,0.28657216801704954
4088,25.81529039567429,17.008067869239454,2.570433138406164,0.9195380240495842
836,27.737042015320778,49.875297835045785,0.5694387791314549,0.07290798669559861
4115,6.095084315902268,9.7776607844163,2.223563536377678,0.2049941308373726
1217,46.38737816456246,27.03079260077811,0.34811299221587866,0.7096252041113306
989,16.891247964252262,40.18599635191059,0.6410647408997704,0.6453519932085049
3913,44.91818745586456,54.08024917986355,1.0686752413558431,0.9302681662015441
735,3.455333443799591,10.549060130481191,1.162961503339696,0.48023578748253326
930,33.36886576621984,51.70793816576199,0.25928849143589594,0.4769811064063174
3412,48.992158874370226,56.90615411207425,0.5437148942350629,0.41790436288390576
4302,50.58762416349205,8.402227190866293,0.9152751507066961,0.7371450332354311
888,30.090749619498858,16.663686402968274,2.03168116647521,0.3377035522216113
3563,12.002831131937777,31.17281166580641,0.327805837556943,0.21257432674901233
4363,37.37237012971575,41.76559813939022,1.4980210514925572,0.36591742536351557
535,50.46754480688854,30.12686749210924,1.5850588780631283,0.5884395387440544
1491,2.9908155915838264,39.92034867986813,1.0356903034346399,0.13943200643190623
1691,10.814653985564405,9.645334279598325,0.10096004932951727,0.46864332780332885
2601,20.61657287615771,30.047747795644234,2.3322719027702354,0.6418125495127773
341,44.64475574043268,26.636132665333776,1.3682523536746396,0.1429446806258634
3590,24.769713262480423,40.60109101870827,1.4027376230769706,0.422945360555961
1525,18.543398867266678,8.396277728789768,2.7018297467998353,0.5302899322031285
1902,38.95812606746599,24.214135397210782,2.132328304737035,0.9792685826401761
2518,23.584232049847778,19.67729173434967,1.9657321748491305,0.37441484138876957
2577,54.29357694113654,29.294247651290398,1.2493107466787068,0.49122567863666977
574,33.70503731937196,5.159609203861808,1.3311197502169174,0.030371751592225826
2810,32.522320360547305,10.285926646391966,0.304427190268908,0.11948484743719856
2179,46.34624389070748,47.53003035970367,2.0006258790438576,0.8875679686380534
3138,27.82718345078945,12.278437824983568,2.1731030274846215,0.2372687523661341
1272,28.010542261471393,7.56311398632775,1.7620857775307126,0.918015148722605
4411,47.041637208446176,24.454716775248528,2.3122819528802006,0.7793479024966848
1342,44.530324794588154,50.043689483707716,2.2243491346189996,0.26632557093297415
2494,38.227438131558266,8.818284414855043,1.6417884934696536,0.4492929440625487
3144,10.49019154519634,0.03385718011380545,0.2714077522477241,0.2022053653293745
1204,35.65477573843816,46.03246019675737,0.5252018800960568,0.9988141506213885
4823,57.08397271450454,0.19544741976776692,2.435475280261104,0.7665769987979854
3701,11.1655083826654,22.712553784544916,1.2822409533833699,0.16755424941198793
2101,53.859984532372096,54.086705573507835,1.1515387195258067,0.7571926142368701
2648,39.49145161611641,3.7835959105772132,0.3971804048835661,0.8774022302240608
1396,19.419960879743833,20.530089854064926,1.3383345297511828,0.6855972287947198
3443,39.63152581727131,7.5247184699592236,2.4287271509109325,0.7462286155306764
2564,10.161616962729731,31.01351485433299,2.57277877633534,0.1402115899762456
4801,22.240696503694668,21.295173350598194,2.5150510307186744,0.4940611868675273
4387,17.481319269137853,4.421806067116833,2.267864923164657,0.6231639349753694
3337,14.565065988667918,53.778979185382084,0.6915010379953673,0.5689183575195043
1264,42.15424835560979,27.030218266447395,2.270553003479929,0.13672134062635777
580,28.631086281289964,56.067552929338405,0.42458628565104306,0.44275740388486706
1478,13.843162871657508,22.408806923988877,1.7198889845232546,0.27194091365917106
1202,8.962177205606395,58.49853630280899,1.8419102729790475,0.71350893554925
1386,26.390728794581108,55.96335461703907,1.9150207394869003,0.003631649801309478
4861,53.20835256476475,59.94840294837691,1.7448701441366798,0.7346989516146787
200,43.95385877288182,21.95522205653841,1.9559106786917444,0.7260661783948537
3524,44.04390543956332,31.171680023436085,0.17436769143161573,0.9330390782598517
3066,58.73310411729219,44.46534340148779,1.713009726581756,0.014009010001741262
983,45.07745636713975,9.945123354819243,1.0535038772501546,0.8436439096783332
4945,31.813198940540428,15.07689540495981,0.3790087250241132,0.9409176020770273
3715,46.69553901196149,4.927252381586566,0.9046076440490941,0.5423751461610288
4975,22.20741862802778,11.128486166360357,1.945659070087498,0.4659348255509411
2866,57.81422834200228,43.18292788187156,1.0450486736377245,0.511421310563556
825,7.096497790366891,1.0840144435552923,1.9184711613100323,0.2733786868013458
297,50.942644956542196,53.12351064877419,0.424766885316464,0.23650598530426892
2758,0.235228509301868,4.792713398356754,2.440541594824056,0.9079092756788754
1426,11.639908954645415,27.369782112837623,1.531837878081168,0.07160542903566514
3546,28.09759097053831,33.66755377758865,0.9056371266565769,0.9610008722521655
1257,22.18695770377655,11.190924513364198,0.5536055523116624,0.8955805980559595
33,23.481783235253065,51.87782245638236,2.132595020375147,0.15365512149656702
510,31.550788133992246,34.34775075691629,0.34505985692302765,0.8209167340665747
1882,19.16546146478651,47.19322112018409,2.5662859708440786,0.8084936458514589
1537,26.952102864260144,5.340094216178876,2.1009499530283775,0.576442500576366
4754,16.68920692197066,28.35756323045096,1.5201275008352713,0.6282321538958187
1982,0.853164638602244,23.580539196011607,2.6667490318694536,0.5944133786238527
4059,33.183904718154075,8.02968956774073,0.7602056671344426,0.7929631209909981
3169,15.428386824337101,41.94353900461818,1.9734331372587581,0.6533324757932585
4945,39.41778246233481,20.956426659296255,0.48310234324882206,0.3996362881924401
178,43.10578718341576,40.78009333423347,1.3442855412410353,0.16300666317082346
124,16.91635259789625,22.183926439254666,0.32319541487979175,0.39600248587283093
2015,26.16301654076366,48.19044725564007,2.4245019881485494,0.6576119920529365
3993,53.54988050200996,25.21417767468787,0.11921365431402234,0.7788061804549897
1751,15.714191275524634,5.673219982179467,1.7045499415063605,0.47195386007451
3443,56.41052666987093,41.12920266998471,1.142793256468576,0.8271387952942391
2855,18.563423258361112,49.746397256994065,0.9693674158079093,0.7029878087763464
3861,15.008512386450533,49.95531777500198,2.2562657458155884,0.8206501185492845
2118,42.57530472598235,21.47407635479684,2.703830847590967,0.04040044286803568
342,34.88594956662947,36.899344666069354,0.46124118256537416,0.9076094974404821
1945,11.291209071049588,47.7871812459888,2.134254737129704,0.9167145467144073
1620,55.19894961028363,31.906824768956056,1.9936831007333489,0.5125766929820731
2289,21.42316126889196,0.47804036130044913,1.1634467860778928,0.14430945182251198
1352,5.6718210784196295,15.220541205334783,0.5460227717555617,0.06393945048193861
4796,42.37679299489315,22.76251617329987,0.7266857745031647,0.9429974548042579
3571,16.77447592490312,39.33620470378347,1.7721965807501658,0.6314343052952853
4985,59.08464214710569,43.98189017235403,1.2998611090008305,0.7565844782117409
3876,29.506937746522595,41.03947307304085,2.0028128733003068,0.3714979145474061
4057,45.97182786815309,8.169073684013636,1.1250957674492932,0.4343988248663293
1105,19.4347002300835,54.22388636656382,1.5393682530269777,0.5231857611100476
3968,1.7843938071149412,38.34659422719777,1.5848822533476277,0.9109032305164086
1072,51.98851657732942,41.29915189411341,0.33943572025339286,0.9945713226503922
3258,5.871098643528878,5.030746313009904,1.9001959321298167,0.9819314668598199
1078,51.19610290388406,29.51911952102176,1.7572334912392904,0.09141782512598462
3911,8.012244486146884,15.221580733660483,2.5259477212313515,0.5258958433521775
3294,55.75376363898998,27.150568534397355,1.0962649980242927,0.9291073116820674
2627,51.01495015227321,33.79767822813074,0.7561164863759332,0.3480997129046133
3871,40.305641941739665,51.091138965952815,2.7480282726422196,0.9413652785345274
2304,7.142406249373248,41.47720173298897,0.5196342195932855,0.856264315278572
2235,18.197273338710467,33.46347622046897,1.8329161488540697,0.40481140490088396
2764,46.98018548332457,11.303541797037122,1.962167985792018,0.8484497263841044
840,53.62982530376163,44.76647263628463,1.2985823536911614,0.49218750281262247
3857,3.4139831501987294,18.80485015001652,0.724843007432633,0.5245048152696965
496,56.781489112355175,16.71692695418234,1.2184509514008828,0.07740936729189929
3249,41.20261100976513,10.041132438042746,2.378170777682919,0.3291904494141483
411,41.487700207274905,51.003409733754395,2.1811618817015965,0.5017369962021269
3706,23.627210695840006,6.143212881182278,1.485255648454983,0.32081190798054915
1930,25.595809257127595,40.01085919579575,2.6771516071591335,0.9534428920853365
2717,22.06776243158668,58.835441802414834,1.5479843181594763,0.8225269381478393
3763,48.967754933603885,13.281640588543313,2.13992058037842,0.2612792981594708
2963,56.2928529934446,22.82026570781021,1.822535342371264,0.5911616290131282
61,49.334718382068104,33.37216037823955,1.478444675996988,0.0185104550266465
405,56.451008706561005,36.15511271069472,1.0863935848292916,0.022009086459258698
1000,46.075180803292874,27.570107990816005,1.7863832460806128,0.20284303987736274
4251,49.785202328517585,44.59600949519059,0.1298608033627696,0.6869435845117886
150,13.768570736866444,42.802016852207544,2.1788712843822773,0.4481762919307192
4994,21.131840937978104,52.27977618006905,0.37135384333787713,0.982026068339298
4750,58.62158497938967,43.54627659434301,2.65949268794511,0.806069138158252
3914,10.44832767311473,8.286544362006026,2.7047052958730684,0.3895791840641174
4219,49.88372946460035,17.154359029940633,0.5349761205278935,0.4769146855193721
3912,3.6897770067834013,23.1362383766007,0.26330556239464964,0.5656940521993766
439,20.506347632352803,40.0472929943639,0.8869077298050668,0.19211126555270885
4714,4.968912453077554,24.707131250705594,2.1103539262529147,0.9861438838435755
2873,40.21487149053837,33.02984913492684,2.712803218815035,0.8934802686722765
679,34.65903183065857,11.64502963528702,2.4815355717222682,0.08044193621122286
1449,47.04552260536308,7.426314794299875,1.0693962822907763,0.6208075550767471
4202,53.88569381496456,15.66889224065843,1.9315085222330457,0.39138553736694304
3224,26.75247610128975,19.694697213458376,0.42338079571333664,0.5509417277862583
1963,58.32639027421711,54.29015775032629,0.5331117093845651,0.6879665100692947
4293,46.233600689402664,35.973857143018655,0.22797044725934268,0.4632624849002781
4589,48.631974765912474,52.64857934655047,1.8154478631587332,0.8973246105687224
3014,2.573915166369183,57.05116180151943,2.163618487476649,0.24896740333624878
1877,53.627215829502795,57.09028501271926,2.316552310129014,0.8581429880510454
55,38.680772388354086,11.83930959401576,2.3903010876514776,0.36701614720396425
184,13.245266976899654,42.54172359187915,1.3586362492899329,0.5657780600267195
2645,36.941030848723074,9.301057825633164,2.634276627196006,0.19194118012912442
3046,41.203815604078066,2.702568492874431,0.2305406701519361,0.8464082304573419
930,43.28434936574058,6.313329543843517,2.488413980121292,0.2845047485417903
4622,36.220415860065245,22.237864094878645,2.7738044026335746,0.05142142397277383
3465,29.0414247917934,8.760834325580017,1.0752191251554135,0.9205798789674168
2113,39.60702856379071,42.17344020975058,1.9853642161702514,0.33487709166747726
3993,17.973730012056496,29.8913392630406,0.600641956079848,0.9596772587199462
4994,22.940898264007867,13.491036198284236,0.5957022495384665,0.590748931048561
3891,1.5321741864190597,45.11013775605189,1.5494123561835773,0.33298740577667785
1474,5.293298823216568,13.7548190505011,1.3158087974896122,0.6857096414965936
2695,55.23269662767928,35.65629754926397,0.33132508359664137,0.6292464672983377
3989,44.52470256356117,45.814303094400366,1.268275091960257,0.28246900937431674
4295,42.47014265901088,23.389333550017515,0.6782022737859463,0.6043916431231728
2481,48.22270500486384,52.593386710251934,2.626600092104307,0.11481247317279852
4004,54.299455143764526,38.9110819790928,1.7955520616772496,0.28080793123784875
1424,54.187907544514815,49.31181089352855,1.9136008793999872,0.28860323863496473
3470,0.07783150137847583,6.319698502054713,2.4300013483296703,0.7312293279245043
3267,16.1752807300994,18.559057036582345,1.3606590099791898,0.7190599406909957
2072,38.27245067829794,30.88015883058723,0.579781029998487,0.37137249298825237
2606,53.34810754840193,50.19691071885981,0.4497341597582678,0.9042211250765783
3442,5.408493732437238,28.360073625352676,1.5140800191193664,0.46691236497932453
1950,19.445108580926785,54.929899444758405,2.499193285444582,0.18500127554382118
3218,47.39087387460058,22.631244487332598,1.772600526795386,0.21723371490344245
3096,52.472024904647284,11.086524433058358,1.8712237836886192,0.0757805691312784
1127,10.785123924687303,50.73549164617474,1.0293447592165954,0.420891135810766
2616,38.80458536922022,36.52177496238892,1.9161041640614944,0.049476002246521156
4403,19.285749787567354,25.17431007590914,1.9351318317124235,0.5001268104399158
4402,8.273835319926956,54.65496401070829,0.43807556333481923,0.041266411594582886
4932,26.12017921020768,10.393642621829125,2.704692727716178,0.8793103515315098
4468,13.567766811470811,49.448112670556405,2.2736991619590907,0.9622265460144879
4816,21.804302316324996,19.98133026318306,2.1010734893625176,0.7599789941650843
2379,36.25353183109867,40.76349771075846,2.6403762617859945,0.1506226373316214
1617,10.130921096229713,13.104070498726372,1.6262440892096566,0.781784542054041
2444,12.800242950806881,34.90453413645437,0.730592349428541,0.17946823163697767
4240,0.5671469721839206,15.653842887723965,2.385339422912748,0.8361204634788362
1864,47.4083269638061,56.5220901999694,2.115782039059539,0.8992632981490758
3600,36.773559321548234,10.733871197860456,1.0239739963405263,0.7676894985078163
3632,56.38732242339392,12.648615336103637,2.070127081980381,0.7424867507448667
1120,47.538350355987106,18.079503222780108,0.5928555176514364,0.3986469785104715
139,32.35379476696382,58.783764229827504,0.3276446986890701,0.20872433103693944
3273,36.34363685352865,29.69090262286539,1.7410687095314712,0.070832382752814
4723,31.83558523449942,31.432806164406305,2.326469630717382,0.6383260013077081
4738,23.85116707233053,43.57526182359448,0.4416034711365563,0.7936519391172806
3239,54.02094335625173,14.595770351435819,1.7062706601805224,0.3477106470953928
1576,40.40608846329982,41.48491989927805,1.190062095908098,0.46390836883978437
2628,35.41961180334978,55.29990654379335,2.613045889861939,0.010727996391741268
4884,53.56744767067164,23.85391890567242,0.487896562687115,0.39457629336166244
4085,42.68478308555393,54.38633646765764,2.5768594666773255,0.9963555750869288
3964,46.41281521549178,2.544230963862275,0.400762733675204,0.9770388368160143
2165,27.658425097940768,40.86214832044157,1.9654914826286718,0.4930880462283437
16,38.24064077705011,41.59355619650444,0.3346103808724093,0.4039603671278609
2069,25.82272237430644,2.946125425207329,2.2701755551015834,0.5974747913978042
249,6.598764691155443,3.465601476681359,0.550605500292684,0.6686055297805668
949,28.60918336874611,14.62892807321695,0.612017173633675,0.9027568954458095
3611,31.779632369366382,45.08420073039715,1.9587520622963934,0.40298088719948966
2187,0.6112149961700197,41.964096428981755,0.6362883920673026,0.11639704683188845
2250,43.27667858349837,47.35900015490028,2.4859935205698,0.5783905349064851
4342,8.4055781823699,18.635228321197893,1.8499063922229817,0.43593172326157714
545,26.308107498643494,21.020858456953924,0.7607523376510514,0.6020032196701204
3926,58.18669358198401,0.7411137237283594,0.6959796504420556,0.44421493454924776
1614,24.781003187589135,7.389247949308297,1.7471952615982416,0.6794138462184932
3769,43.26537417301117,58.44768530774805,0.8751054523972274,0.5162773912645631
2224,20.214514490655258,58.53174568978437,1.9031424495603226,0.14881872357518222
895,27.880322306242782,29.304395299473892,2.0353977052585814,0.3810089326486851
2201,39.917411577508446,2.2581087422101342,1.5777692475355087,0.12223869797897446
4837,15.77843042867589,8.789677966566284,0.970591293752218,0.6228183632480917
198,44.365965215649496,28.98880151783381,0.39052298462277935,0.1560165205353321
409,41.810760635010595,0.013661299443377128,1.9739041544990492,0.3612693313075248
1766,14.25617439041581,18.74222004140595,1.8311399264589716,0.9137320999171824
950,14.315879601124912,19.207156155656243,0.882549616533554,0.2460082964718986
1602,41.2985276471684,21.256829844981215,0.9552957882798893,0.7184609772221838
3335,44.75162950050827,59.70316945325294,1.8095425961292018,0.09567600513220953
2869,36.58678131691374,11.773051062649644,0.6288716211719252,0.019380137264580655
2503,15.47562958162093,47.05240433936513,0.6091742784993982,0.8538146122876401
932,24.863661404714815,35.17454830916019,0.4409094139552052,0.6533150546562735
4465,51.098457932690685,55.25017460464447,2.5161332619027914,0.21887540457076504
2475,36.363027654575276,58.683921168677266,1.7694900941660474,0.7927498428152717
2004,57.31347195921748,1.7276227290048851,1.4770594456441148,0.3744681818064155
1659,30.369564743896568,1.908481111713698,1.383130970567831,0.8280193828645
4075,43.11379266355334,4.01615745611595,1.2965866035226408,0.19215950199347542
708,5.788397325830772,45.64008931840035,0.16582827324762234,0.019632893335533197
2462,48.7903440300432,30.502029225230135,2.427035382242125,0.9158716314249742
1125,7.595473074302134,32.42491754179268,1.9686196794580266,0.0013394374478954418
596,28.68571767592396,51.3371444051462,2.003968553633905,0.41536995309999925
1069,56.232944374325825,11.20930918568851,1.4260646856884975,0.981887353636124
687,13.255299438286478,0.4946999903863869,0.5682414617998167,0.6930719489583397
2619,28.77966583788163,41.93411092773407,0.6926457343383066,0.6470795305898824
584,26.65290650580026,1.377706164194088,2.0082768963712585,0.0703779037457315
4164,18.881685623488096,58.59547353099399,1.786990194058565,0.31560967319598754
2716,54.76524556265648,7.980209708285038,1.7153915661908936,0.5453066226272925
3800,47.346295711462716,45.05321066330971,1.1001459234446584,0.18100225596403519
1356,1.177423235595354,56.95993364349248,2.0180387950554723,0.3774973825481649
3594,28.08086726114672,10.627966913130058,0.6307003243230694,0.08984007636286662
4256,58.68784399991031,57.034896678678315,0.34741897638664954,0.9851632533412376
1394,10.791549462035274,45.99935184862172,1.3008872752604859,0.7539102238271185
4230,0.7816139090996566,6.324288399947086,0.2736254395235875,0.5886597543031198
2669,31.442687979510634,28.788772635376777,1.7274543999131735,0.7867591973479994
2114,8.96630067638371,18.830879122510726,1.0274039390555172,0.2337397600521257
3358,14.934831692357445,47.23626838220292,1.7043330852153844,0.18589255283586736
95,58.659211889350736,50.9041950648182,0.6362863652517008,0.8378283654748468
3050,46.843187571407825,41.40263076525238,0.4058607172756158,0.8235095534164865
2499,56.12947668088103,54.6908535356207,0.28898047423469875,0.42211411626806195
82,25.63904571242508,52.698149250770925,1.357366783142737,0.32815975712209555
1040,15.25511268104408,21.53792412338918,0.2469904509573012,0.10226851420692906
407,27.341039640419208,16.44975225075998,2.6446057940197,0.39857325720754055
2812,15.36770352466284,54.67327898409337,2.5552950987897747,0.40570570788864135
2955,15.862634835512942,2.3573523306569233,1.070872479189064,0.4488128656040603
1292,53.56799426859711,48.65480804361194,0.4997835071695135,0.637238216450636
4694,32.28060720470567,51.796525331268896,1.1718162250265927,0.28440135441299064
2000,28.94133338857693,46.29557727473529,1.0689874236757768,0.35213646429618206
4192,26.21243407506916,12.289757445321916,1.8055771437970076,0.6926519261473052
3994,37.70911122259527,35.04150608266385,1.6099755848073733,0.08084223756444375
4125,27.47202218037166,50.547619123424056,0.32714108341148773,0.17898009071283472
3581,44.07271002362593,6.69812986368145,0.74116898568712,0.29200954369627985
4238,9.769496144427166,10.365355931362181,0.9267153878316096,0.6714123033907041
4490,24.916161996894914,5.176612450581506,0.41172076186663786,0.2833540311243016
3129,45.292734853222676,53.54342933319725,0.2168609176016907,0.8669810821607039
4003,18.840590557099265,45.968263300381956,2.0849798150424927,0.8774453562538544
1185,2.456976134147615,24.091478655120877,0.9854643933947167,0.5763197319805983
1749,58.92062639023963,13.691702138615414,1.3254142954463224,0.8473089447876293
2901,43.44573078429966,57.36120992345908,2.1565321400464375,0.5961612413010553
1001,45.639803695168915,12.87658082497934,2.4377806973608482,0.7559226090580062
4654,0.7800044469361866,9.538503569745965,0.30098916324077296,0.36245547119279453
4429,5.559135750168447,38.44733414669748,2.3442545185544037,0.37048088113182254
1008,35.59350191999214,49.709057641215864,1.4432945574577722,0.563477290161552
1377,2.832735428153037,32.15583932628468,2.6976164585011535,0.11025403485688112
590,35.28603156126428,13.155573597643587,0.2579375482930204,0.20494153747705024
1237,43.77372072232902,27.14275431834239,0.6916601421693775,0.8967012096352069
1227,23.020904046571825,36.19943531914996,0.8416189455436345,0.802348839287536
351,37.20160208741314,24.855199148445756,1.7035921585777023,0.08946163224971304
3811,18.422180580435867,30.646502898040826,0.8393448436641633,0.5888966586565261
3504,18.75542651794712,34.56339918276755,0.9010165002725686,0.09584850578329196
1654,2.6222807412990456,5.050236586334593,1.0275682240346342,0.8220098741719696
4619,34.589455758905025,34.47639132816595,2.338193385562246,0.1389078887586157
955,3.647025534554089,31.040514656486,1.831944490003775,0.9500905591378785
2165,53.742003193011655,28.485666990207612,0.8488687862801685,0.7030999547588358
86,10.248715766145743,55.92638717933714,1.5708846336066429,0.18148915495875662
2958,11.764394195503423,29.29582609457302,0.7193348876185094,0.42478691799100565
4498,39.643805173318995,42.28817968833869,0.18825901328943123,0.4133723197747726
1432,21.18522135590747,53.01530252985491,1.1266245933702648,0.8065380031319734
1488,32.23425895544326,3.938558330038775,1.0151996939901617,0.2849177908037648
4248,10.888346763889489,56.20196807792464,2.4684811096538968,0.004728444131223863
3114,56.96781251603939,14.16775926423864,0.6182061168433496,0.015875047594182456
4590,3.831036661372642,50.928422563251246,2.00924532101414,0.3225874233969298
193,2.185641000555414,36.033861663382886,0.21403038011234293,0.44310502066599744
1049,48.58302438465497,7.439979858220709,1.7393074084539395,0.6370667576048514
1887,55.384209372384305,41.763095849858644,1.2415097071738574,0.23715599278902422
3371,16.902274555190047,26.270878658332677,2.7546356560967475,0.43496853961716764
1736,21.489384786826893,51.678536164419754,2.3727394933181545,0.40595344956242385
3053,53.51383702264855,58.59665212957154,0.14824324989842486,0.40827813868875695
4273,16.968327311838877,32.066004700611266,2.31840243467378,0.4828545061221917
3484,37.176336385967176,33.7157661412057,2.0295024253287863,0.1297827785976613
3016,5.603640109411212,4.168204974356449,1.5375559693189491,0.6627320024622925
3480,50.09875703832124,41.08734712412167,1.6616718376465414,0.5456219942970738
4487,26.495666937973255,32.87030165170521,2.4493115467456392,0.7324889049738602
3468,26.097798959717963,17.452497851221505,2.200356648671796,0.10282375612374017
743,25.933382936186316,4.045157315169192,0.1995862945224205,0.4957632964118923
889,19.578535879465385,30.474483515607666,2.16966759038454,0.15725151584610253
4204,28.265186300896033,51.91151862763802,2.0759819622113453,0.3917355799703556
2416,55.65557941107275,47.24499781872582,2.580048393889673,0.21510314001278052
1441,45.323176606246115,8.534936640883252,2.3860958291774903,0.6300611431161144
1614,17.149870472287553,19.65402538634291,0.2653972216199433,0.20007414358797393
3614,15.6067708824923,7.724156335172996,2.4019436983264404,0.517581664135743
4303,55.542375611165916,3.0737345412894412,0.5477566414050976,0.8998428754011555
564,43.66222449419388,25.609345739587244,1.2855667765636554,0.0010745669899712151
3734,57.208507087716534,50.69268593614066,2.5306363791444024,0.3160826927235989
851,42.988769073237705,59.47753032173349,0.925745814138613,0.6883143848962109
3359,53.30711472597246,47.01651368676879,2.7261003848812146,0.2789485398088951
98,15.615057572987975,24.221968267650716,0.8159668426513266,0.740088799799192
1620,35.80503918337126,29.353361809616025,0.8562552212626138,0.12796363596344262
440,4.66578912985023,17.747881009465466,2.008016797092256,0.0804966446651878
31,42.4365583881373,50.42378671776706,2.6190730851647834,0.5473339885849855
1394,43.73038874778416,25.215389951307884,2.5978010533933746,0.30997656060007106
2325,17.87912959153147,53.29337534503895,0.4652803767688495,0.6923880714735788
2917,15.613822080505201,43.76802687152291,0.7300041078698031,0.36485219476407493
2684,0.6245556754852832,1.7514625386855331,0.4962975913534461,0.8102564987773928
3074,20.49005176801018,15.108477110868154,0.7190916414230797,0.5163143050697651
3082,33.718127640163935,41.49134807825121,1.4844684481365749,0.3137477865861834
456,5.648552251953525,45.99613522497897,2.393438187196641,0.7398550641078011
4313,57.9958865786886,18.33622533122958,1.4008990663588008,0.6228512308274202
3258,41.70626336195971,14.056024700900576,2.4029007303862535,0.25590568112102774
1619,11.58281519906293,53.065470924794816,0.3559910334177343,0.11415701935281464
648,35.3421136751162,35.04045159089803,0.7898353849474755,0.8538824943746295
3515,31.694460812137496,5.524135631685487,1.169231628637576,0.4994734632732609
1439,10.110648772393013,14.275227607984014,2.189375821416241,0.18094139401389486
2739,31.93010438086789,46.17063199139076,2.5484328157767,0.48312172467505643
40,24.510456885964015,35.98361505749509,2.261370952712152,0.3029775342032728
1749,5.9584101681496415,53.348592385717836,2.0676701455381497,0.10032758550773502
317,26.802751006570418,33.67095482209643,0.48908180424792513,0.07121889275627058
626,27.163970465942818,37.770415138985584,1.3054651218627353,0.1973362112164061
981,54.27441298680869,42.719701160346425,0.7183287696777727,0.5904738969814036
669,51.62225359193491,51.893633678019135,1.5997691570755124,0.1879100826853387
4703,58.0596901157946,0.4025540520064097,2.2702677293720033,0.07069234710738026
2270,37.92265598497762,16.04289089301625,2.3539656230712844,0.0851427257582954
1049,27.25399943815133,1.1574912451867814,1.3179916137880778,0.32042878704557287
3295,35.21134166502137,51.5923965872429,1.7359631239984337,0.8578082218827214
4876,0.5208640071992621,43.84496158349073,1.0809674499633137,0.09617077092205673
1030,14.201353309460416,34.86740803471647,1.0086511568048622,0.18754330367166383
2381,54.62142484911252,30.09178091772758,0.7933032103885569,0.7529870259516721
741,4.328090915906966,4.689785345208961,1.0795227691025777,0.1960367336814287
2223,1.465362984379146,19.17072170627249,2.0857505548859168,0.48622446128528896
3661,10.575257740037834,1.2377222803768384,2.383379114445261,0.6868287102880394
1917,47.71773168589942,22.26084416397708,2.581536097298565,0.4781234155810782
2850,34.12169278401801,42.344798729701466,0.6277929219872782,0.8409416544755044
1364,55.03038438672541,27.983236622341742,1.3729803747242764,0.2281253669882799
4297,53.79023912917052,21.62080042034441,2.1655512633482625,0.753475501456973
3173,32.02301478820882,42.626470563876715,2.678735425672521,0.6994914260426129
1546,29.142114151701147,39.24260876268063,2.4568145971723445,0.8338467622505132
4941,9.059820624712511,58.53796295879118,2.3251819781112837,0.5191849569161585
4185,48.44779317097585,0.812646758085771,2.558402085622854,0.6969791380557013
131,42.24362951280544,12.923652752966714,1.1810822714594993,0.12760911738960012
3142,1.5249864354530729,28.899380155556383,2.447123499087328,0.4856936296870027
782,40.34986321515689,22.275095356866416,0.6838775320974589,0.23737516061566322
1431,5.555534892071323,50.840743425510425,2.380098530768952,0.23049639664897836
2392,19.773553689085755,50.771500349157286,1.0836211792975623,0.8778860548977896
2079,19.9395276553689,48.62582672208624,1.368898711079964,0.9028356680422229
3789,34.58552587069389,12.181459634916019,1.0282535640845927,0.3903690307442924
3191,4.895751890927906,28.133361398085185,0.12944188200957102,0.6647749260927598
216,9.541241525112678,23.143828349853653,1.3609068626917602,0.12133510283877313
2748,21.116624661650377,24.226439106431354,2.6553572781172865,0.9504131280630738
498,35.115651613609,39.50554234354675,1.1108909778106366,0.6995376427515406
3777,41.91122863609584,40.02923890110519,1.5403747357095239,0.579297224090248
3261,15.826435268639473,28.417661123502896,1.7561232405214144,0.4819105098042492
1994,0.012149733855559841,8.885034493355558,2.152061386296551,0.004675993790362876
3834,33.16574364084798,19.530729763359748,0.23072350403955308,0.4658516328744645
1892,6.095487782071642,38.1225626404291,0.49448715682682487,0.28424729741169963
2109,27.499845490690248,41.718849359162796,2.4913750438521065,0.5851195140084845
1991,34.77052749814963,31.585695172431826,0.988918972779876,0.6837928710388934
2154,50.28759308348975,46.691507438528404,0.8430481388283877,0.7362125152772615
1160,46.99318902423773,18.167293003307034,2.6794887522613413,0.7015684773320359
83,11.116794082511394,30.671704808303687,1.091834693688022,0.486890535288778
3458,12.734738416027474,45.84780165912949,2.4166031899149285,0.39281934620199277
3715,52.95455615370896,26.39847890400705,2.7653020259028134,0.4775298598258737
4133,43.430315527576724,19.83448542222597,1.8507828443224414,0.22316653452620705
3312,51.18150584924306,52.29105804889175,0.24956141973951124,0.1294420432105008
2697,32.48110528969619,59.60449701448883,0.8336949998678562,0.2815569337319558
4935,12.03113713132591,15.64105444687781,0.9732313740654341,0.07431859199339652
3839,17.930139610838168,40.73820849328244,2.3581653571686494,0.24438278124478952
3362,57.60919181147054,28.3620982805723,1.2581880568731785,0.9868203735231664
2980,54.05433291411425,28.442282897824825,0.9153343187457553,0.9763901808560033
3423,44.2961424839484,59.065371030803725,0.7741075044729225,0.6599695235670532
1132,43.98588737506938,43.47775981911133,1.9381737083050015,0.8684913461799425
1093,16.44741447245988,48.51384922289215,2.4337791544971337,0.1278078852660709
4178,24.96716231887241,14.146993347743335,2.077948800351661,0.2754530849208059
4826,15.004707399925364,27.684799080757966,1.446725543835681,0.17575789078935733
4657,32.643615723298716,32.03989938493519,2.7555994068869625,0.836852729714236
3902,0.9581433429797404,51.801181547966856,1.8449891357287094,0.26656502731228626
2680,47.712729102573164,37.27568992381825,2.586476862839879,0.6590054593706282
2692,6.46795626055261,59.475427599800625,0.7866886974416363,0.7271582882971455
1340,40.86456753479417,33.96275880181329,2.3996939704967617,0.30036771814673224
1788,32.767243093975246,27.35581747754732,1.8050090121697604,0.6231741468587206
1011,52.121061256221545,17.385487890296872,1.437191276381206,0.4106101896437079
3715,16.202607696055786,41.11162975769717,1.5139742604286544,0.1843611273774508
4255,22.748879279277695,14.822274843385117,1.699982296895939,0.1770110094095716
2782,1.3911834410798263,49.4394162856098,2.1517234961611287,0.8571923742259615
1277,17.43048158320724,5.792342893957583,0.6836353603657376,0.7423278259012533
2465,9.263248850031328,15.922314383853015,2.654269853076286,0.575852870401423
4831,28.739080314054014,48.54486102579426,1.395835837423433,0.017797046614626333
3713,49.7939265755033,5.697095092994424,0.6796391727112114,0.7529045900035879
3499,10.212706366336777,3.6523832861237904,0.6125122305657009,0.808749292487987
605,34.58864407021409,17.655088908506333,0.3993241156627486,0.5763231007022651
2014,8.48844280351733,31.732156001794706,1.9352580273191038,0.9835752003328663
3010,5.447763466696037,32.8210116960317,0.634723251236088,0.04487713749306255
180,48.36448841013626,7.39849173905514,2.7986700093633137,0.807736540797798
3298,49.05379273102704,52.915641531798606,0.6792137529280924,0.6162070364162441
2719,50.655536444235715,36.152913867990975,0.29432473070022436,0.23236038303736983
203,37.01604253726536,20.84829759236037,1.0115492283188228,0.3368390607165124
4487,2.481481493661828,15.774245254404779,2.591362856464406,0.15238306444467986
4797,31.092027193009883,3.3842427855514767,1.238834465469816,0.9916139801932083
3868,48.228904966090006,5.1460661120744415,2.528161411705612,0.7998327447448597
784,50.056338008220024,10.47579232803578,1.3377244776877826,0.7582795384558267
648,26.99983864606545,1.595356126956755,1.9021269539372987,0.39361196028934486
177,43.306986051039914,58.21735938542324,2.3436498610266323,0.6620915544355761
3863,48.80732467807615,4.599589671727586,0.8422032530653007,0.1935991084262515
470,31.903420665421486,18.904790444637282,0.1536808996075832,0.5646441565556338
3987,38.2845654389935,51.82496497174699,1.709808656287845,0.43970166731989346
2233,29.674176182466937,19.232490678806347,1.5677122929730591,0.7930961066384835
3518,30.495390955710356,11.3312752923587,1.8077579641372103,0.37821401992402115
1982,38.86771102288971,59.15480902470211,0.9698863054442047,0.8653459637691135
3142,46.56672583113909,41.84230342256056,1.8497084167558644,0.05682654495053607
1256,42.41789796397799,17.867526591289536,0.23751184044407472,0.06401070108053997
1932,10.841044897333155,7.792916005222588,2.7084224363336644,0.3662930761206792
4066,16.133211317247316,8.041025597568531,2.05147408984873,0.2698474450853062
3044,39.988173902295635,57.125061905305486,0.6402840100488089,0.38369475686988475
4077,42.59439367972115,43.05680701391515,1.5323176085935242,0.06965154939764617
4476,47.430864039412064,45.46922316357652,2.4621104225619486,0.6471623181165247
4393,55.109958571575,30.788158525518693,0.11561092289517383,0.7010777107374114
2300,7.062218098366375,51.56690639570792,0.6904317328878476,0.7194693163913114
1054,16.35372055294078,33.77305669894319,1.9296570799379393,0.7656939468181636
1493,19.797619112152457,59.381405675267814,2.2434399208047724,0.8468202819162131
281,21.695763053379245,59.452106533473966,0.842291955274221,0.5989399961836704
1980,39.44911496979552,30.121178529127942,2.2333097061844853,0.5360751866454495
3478,51.613908595872275,26.990882754772613,1.921619527672469,0.6750475220822678
532,11.444242154008037,5.420728029153339,0.23034745205304272,0.4035197344690904
2760,28.44947215221854,35.23785082845952,0.49730513769618434,0.8258357060058079
4527,35.18604357751497,39.63395766103643,1.0029137116049769,0.23781046757514313
2497,5.416275194993004,33.874876931879754,2.6826015664872975,0.6729167098014188
2494,31.192494468227093,56.286231884575116,0.11110966438162866,0.965040776423634
1338,9.502672411968804,7.082902611904358,0.7335233292296035,0.13116648406336096
1001,3.617546088190715,19.53815096113525,1.771994028545419,0.12786234913429206
1707,3.6644032263475346,19.56689643539294,2.6763047900393158,0.4768448012829153
2824,24.32746991551558,19.513501077413984,2.6836385922011443,0.9072360522522528
757,28.702332099771898,53.65380328221956,2.654092153654551,0.3322111106337543
1515,9.710800920258272,31.71855964657349,2.2904592236341026,0.7412279004425192
3953,43.68501327526504,41.97888762647126,1.9988941730830194,0.6051922137997546
4034,28.65560990644908,19.49933037811688,0.5714618958252592,0.2716731645858007
800,20.415768650933625,37.98100632460298,2.369367157519957,0.4307712363049858
2437,36.91174438508946,11.208180718622797,1.6620080074783128,0.1204864076021619
1188,17.221871377612427,52.40859700791884,0.6064924222262007,0.06262397390614827
257,19.690005301793715,46.77059952889406,2.0899812294864724,0.8619039619456066
1835,3.6791208671224185,41.236727739573155,2.7202681707356517,0.5061375044149086
3886,20.593075004534562,9.663039560246814,0.8221453909960246,0.14407700488646757
3223,35.24258713074917,20.648522213687656,0.7223995254544697,0.9842662872723603
3108,54.25484630132782,4.529179340185769,2.189249040217354,0.29560723035490966
4308,32.27244097045343,1.7997634437759458,2.466372188965007,0.638244817686939
827,10.396712413695344,39.20666406015081,2.1873364071239187,0.6616989948119757
4690,39.248481976288936,20.786959854362767,1.2370258380690509,0.30458156036154815
4642,44.23700297449989,3.5324997453059614,1.165428459286078,0.31783761781260333
4879,32.96206553617554,50.97652887423552,1.0828992302780498,0.6286968654834744
2778,45.78332511810516,45.37686011721449,2.4974384466640815,0.8526677846490031
4860,4.043286476852028,17.373843251282192,1.8315486217076735,0.3611079688228995
926,59.61167848943903,50.5777983046217,1.9806307157356993,0.9209613538935213
1237,55.749497710049944,10.432343354186639,1.8923349706401584,0.13040483124615654
1166,18.383825528433228,44.05226373665886,1.9904861603415687,0.344455925460344
4578,11.219808341575026,4.771388306958622,1.3880926382505936,0.8514106323084916
3254,28.46437251450236,16.191318122127896,2.2269623089358785,0.005881759427081579
4628,57.30489234669344,18.70450614558876,0.7728704265384172,0.26144968173185024
2984,13.777565958875906,36.64074575004724,2.2192683038840393,0.5761986526401993
3788,55.51183088563133,46.682095203412935,0.6350745202488783,0.2785881116166713
2670,44.40389629666326,23.81290157018976,0.2181079741232614,0.7707633881493193
916,28.045090111735643,14.5940048730686,1.2246903080856586,0.27075327675650995
1804,2.868327353879514,9.275544212397111,1.285026589163505,0.017907391003266437
4903,57.839204351360024,58.930002903708804,1.6069228423165696,0.8816608380466436
2897,47.14417908926206,2.485363991581242,0.2916853112114566,0.5633180142579012
1070,16.120913894193926,25.673110068070887,0.14241571462198208,0.8862364783468553
1817,27.702359990764545,49.29861319429078,2.0779795377510384,0.5082891343219043
4329,28.988314797790153,40.61303600129596,2.6820308915325093,0.02928837231211734
4743,56.1658437347204,15.686626383258806,0.9339396886888242,0.35522100978874427
2487,27.23334407436797,36.99451604552218,2.226563668585576,0.9818653628620007
326,43.94241606361286,0.8846956890237045,2.5689090153636607,0.5558166575052559
4773,26.02065415147576,59.49134283371855,1.0275346356501303,0.8891576656427905
2687,57.47575463311462,55.08497499397852,0.3231011493561121,0.12757614007818197
555,31.15752613062446,4.647014033921626,2.493861763909516,0.5680927816582421
4639,8.41997357510306,30.085375733002277,1.7383868875286053,0.8313977147748097
471,35.7635746990226,20.35456433456937,1.5796264398516224,0.35617359850778274
2399,57.32329554263927,51.79883655961241,0.4808012691753677,0.6729322911803902
483,56.56315685783548,48.46793605631775,0.40806089374279686,0.34134387884683737
1644,39.5367620778149,6.991747556373394,0.18022269961272164,0.2537386105701681
3236,38.3193378028381,23.15853352238988,1.5570892374488576,0.8504323566731661
4753,38.70747087250677,53.42315042828364,1.1242646234426226,0.09165378976512384
4641,39.73850275094866,10.993366971422539,0.510671539000672,0.9422263044989962
1211,39.12766047828455,9.699179013924075,1.4163987825027184,0.3587378962276263
966,43.1408841516724,13.656243478682338,0.4187218090473357,0.2970414880170089
2657,34.814595841222356,30.022408929289647,1.0802292585810096,0.4445824489801562
274,48.94460939556397,54.50981507727971,2.2638200902473957,0.974682548319559
2132,44.42494467167385,56.618179186246024,2.4844670997724165,0.5941360549607069
1892,9.734928173487077,50.52267100537183,1.7025501165824501,0.738666035725735
2349,17.379387393016323,6.498375002925836,0.18170178233276663,0.6236925470147865
996,46.54442385231067,46.31404355460319,0.6667383404650163,0.9240590186016217
284,51.6646012713734,44.49934117922592,0.4518139730418058,0.1986379931671065
4563,29.47390833384813,40.395254719312085,1.7879359948182076,0.7000817566865424
3008,35.38491546165023,10.626738129096614,2.342647472053029,0.427729741183997
2955,29.2635261612894,14.798308216419102,1.6832712846608677,0.5216038271162796
359,45.77498313653135,46.61070505472556,2.212307424085953,0.9524489919151459
3991,37.58665310324968,5.373943611294356,2.3979050977137812,0.24582088921680512
38,43.51314953393459,23.611481242391854,2.714955922190113,0.7613409023660426
3406,40.77957419272802,54.77660097897393,1.47355748203802,0.7254100881155146
2090,54.956884976135164,40.15674516226013,0.3107012598012576,0.4170861095644578
785,50.98256533375535,29.54012341374153,0.9801906335575489,0.675791395260711
4326,5.136988605728594,9.089851227159166,1.172761447804382,0.3405520290609104
4461,39.03818456597105,6.798355699704787,1.9078046414123198,0.5668376202929852
51,58.77494265648574,55.51422256740969,0.26415429021425707,0.9053438231469283
1718,53.434155297290296,13.664299838476975,1.6463682082099032,0.5768382463623216
4452,21.316290325328367,31.769006434770155,1.9769474481018836,0.5188692552251845
3757,22.49142281388781,30.86176750468033,1.017319791732123,0.24715308885719178
3748,54.46556870881857,54.193891221378486,0.8953998453038717,0.6734802663260635
312,50.395966691222654,57.675797191387446,2.690330336768089,0.7337787663214852
2802,20.111686783157655,39.20605706897852,1.8717039195443366,0.26072849183882363
3089,25.751116811162056,5.045740430409749,1.3216242446188111,0.48060725517154546
1099,7.856812873399899,25.293209429161845,0.43446978383655577,0.831090807991803
4023,23.41032996909888,1.0998964166266934,1.9051492690715304,0.5786961692081097
2278,12.185696113427603,21.507944180812284,1.1446101786454959,0.092438746996228
340,15.738514130086356,22.336835533326106,0.17525360656479738,0.2454481758971303
3390,14.882871844028244,1.0537466016371044,0.1311959284802668,0.4186767071605564
3946,47.77269670464623,25.018302951769613,1.0756477727445362,0.6614910594395474
815,42.022849426586816,30.342780942975942,2.5765924291493407,0.6924035678778423
3094,24.077977369788076,1.6375409123291207,0.32278921979130715,0.10221246905641523
2954,47.08037975909836,20.643455478484935,2.5548675740933753,0.5155252841337887
4647,26.12622744715932,15.456304782055664,0.9288030663379989,0.32754802367513114
2311,18.533537557096686,43.36456521733388,2.4710798234478926,0.04561928955909844
4278,3.9442500109427936,55.888606595693375,1.2223645692389948,0.2920588010117068
4529,11.983828319126342,31.509730725209813,0.9504417238280497,0.3014774198816239
1712,33.165425730110776,29.748138096231823,0.25115793542817616,0.8631402604947157
1032,35.99767120652317,32.19035169224181,0.3668048300808525,0.28353348681242085
2927,35.29427381165384,42.47441274716229,1.8077567792427756,0.34008020676129047
3459,49.61345902393519,20.24104305860036,1.7332811469811111,0.22656560618631882
3834,22.401159181351478,25.226966614743628,0.5328532816888998,0.009756171296979477
1456,5.564517543271686,44.44861694119644,1.052588819860101,0.48210969941523585
4706,43.62347931737671,11.239111691651974,2.229371050696229,0.3232138699323768
2042,23.72529412880751,44.085737204271965,2.14269040619437,0.9035540730984155
3417,40.09202401606676,16.88185531427894,1.4687096291727793,0.49781434998754304
1532,53.51846322424644,59.001780212996536,2.268041421392456,0.43632511066137014
4529,28.99336732546748,42.86852495942487,2.720113734526995,0.7402196211184763
3943,3.892332730382164,8.363667265140274,1.1916702628508997,0.10572144528618888
1475,48.05428343132673,50.330276843597794,2.774486480510547,0.918740311773098
3562,55.291001625353275,8.26036588319643,2.306158075381324,0.9426870100352539
1984,17.790156790708934,52.245385132432446,0.8446005205048119,0.7643932511214385
2452,27.006159672472492,28.993745645198384,0.10425575724989629,0.8465948273216949
4809,10.597427914767945,0.929210369793223,0.5790442906332268,0.8222589694386263
2655,5.3540067315289575,24.614201391261442,0.461348880143544,0.5470487436824792
2697,3.9005869161934092,20.1321844767071,1.8179171745747864,0.7860445267117258
3719,10.00713959045023,12.536331971903984,1.945102417595275,0.025274550267197493
3326,31.74086637801571,48.51427072649809,2.4547003901321087,0.849030874370159
3030,16.169527548485455,14.079751387301819,1.5175142719672534,0.6838092692941706
297,11.896754435095131,16.779939936532724,2.6392079535686075,0.5642448831436568
366,47.57589864078245,1.4313830982169584,2.21128734999899,0.659890668413198
4794,6.729354252125718,58.16858280119844,2.026706571344363,0.10682983504619281
3017,15.39108307923678,41.695284292091706,1.9703598048034805,0.95498888526043
3753,27.02256973402782,49.100498989023045,0.2134804226544268,0.19842620267399524
2921,49.64706186464353,42.55561442947175,2.432785730484347,0.5771372879090996
3089,30.713525353675372,24.708827670520783,2.699808764833279,0.9032840530837255
2775,1.113487419351078,19.43393807978698,0.44847302742862694,0.10799107655158313
1906,30.902471826765407,59.86216942050306,2.082651618337562,0.25105863635288783
4242,57.36426429670135,55.27753964132352,0.9746594324682037,0.012822636656793729
3438,29.200600218175335,32.649890672179524,1.2302241367868625,0.7346053669822556
1708,13.309042101262223,9.695036290660248,0.3466623832394258,0.2451528292749987
1254,57.80557625030136,58.39236230433579,2.715357412307471,0.7558743174510592
4902,1.5462428476887213,56.326879813580085,0.3910251708182222,0.7451595253781235
4440,2.420080272941787,43.56708813759489,1.7363245115795307,0.32151911077324635
2918,37.58962977177981,47.069176032026405,0.4334131796652947,0.7126847055212745
3426,23.43071610358764,3.683032676169231,1.3676500285743762,0.0061776894415248584
4147,41.73229859251895,6.997406285988175,0.1403974997694265,0.030751871761963256
3704,28.158927339692564,18.515819050418912,2.3348515071975253,0.9822539551426354
3229,14.714061048288789,15.432556041714845,1.6343765163557495,0.4248474731466042
13,58.82023620454119,7.8782113000037395,1.5393388290305408,0.4461464133866241
77,12.746727527394997,42.91682288775166,1.5339101571257845,0.6674606909228085
4856,18.096658730964535,7.678926991498276,1.9904049421099574,0.6675149720288579
3154,4.794594670317047,44.62849931877713,2.042329021142044,0.8317944333715801
4100,5.341923583224983,3.619946501041751,2.1257746308473022,0.43118799014931564
3141,52.77403274699904,29.666979691994353,0.3983236038448271,0.3973572973294658
3066,34.60993451959889,9.550472049050695,0.509587202528988,0.13574712183477422
4339,40.838927103437165,34.03928331841442,1.0494267168860436,0.01774651786909165
665,55.732965944362284,27.789966807636347,1.7580630248364522,0.49795654544744217
2847,46.69432973984523,18.079162758787128,1.3215518785759215,0.6630160308202279
1265,53.59358999474135,3.1676349056961817,1.812715235758052,0.599945499783235
4893,29.245164252000006,25.205588311699465,2.68105881938977,0.4010119674410355
3991,52.042842113148936,50.834341437048465,2.346085961392143,0.1952419922687597
1655,14.885140079569643,38.976182020416395,0.15412600771261092,0.09735101434714599
1077,49.54961510263194,5.208954891815538,0.8679344189837336,0.4508073292239866
3381,4.394041740959125,43.462381923089474,1.1710991747348947,0.2726408496969366
4299,24.95427858530187,45.95901194482076,1.1693090126457186,0.01789913475635152
4762,5.467432767847422,27.971972687372137,1.2726849651816037,0.043721657674503644
529,17.047892443332394,53.64212806001657,2.55040610058938,0.1738348016485568
216,37.586382948172414,17.904393992530288,2.7935080740910676,0.08684175073116951
3680,18.788175886385424,47.86915738579612,0.316753211336885,0.9712307547646749
477,12.235161525616887,46.0969229725981,1.4607135702560303,0.5080489687936717
1613,0.04319279229634265,46.577560768448066,0.1433245571713485,0.40154302429843525
2264,51.84669841140466,27.156894414132978,1.7569414593431223,0.012548198172780523
598,45.084440148361665,38.04745865738103,2.0629919409363575,0.84046647639054
2948,2.15469115705206,34.808653181572964,1.4638020613952687,0.13835471201301575
2787,9.165146788630853,40.92118971775489,2.0258485185485187,0.20905364487082456
4990,28.098085465589183,40.29707603519772,1.7243982486819354,0.7621004833580323
279,32.17494063373164,1.9537570082107747,2.3680663341901727,0.7893984384292482
383,39.78779222052494,23.656965731336765,1.1496946995920354,0.550476008596807
446,56.70599830674257,43.25485113618753,2.0624209978948644,0.816467863758369
2763,38.85526676943401,39.669555920093416,1.5669650099528483,0.6023027688503503
1516,0.3830591593472854,32.12600159193318,1.5050601308447786,0.24859931528733303
3466,21.030156815713923,20.280750048838815,0.35973247136871955,0.8197923559310054
4443,48.09206139559761,15.514461270676458,2.4393245564185637,0.03276212140012191
1997,10.30479499558582,37.75506246654572,2.738317729157615,0.2948561264597708
3523,21.354246264917006,10.331907865657833,1.111289593659885,0.04946852215128261
4541,40.01430262878365,18.369635195945758,1.4580584307747124,0.029717544994996015
4948,33.77650205497111,1.8592726415491723,0.39173386416466405,0.4332559281361591
1891,36.060934979344964,33.6415463661667,0.567017795780944,0.5769200605464415
2184,4.669096408601721,26.610970614433107,2.4724273432845183,0.1612683552421883
4203,5.61609747824032,45.620294151661106,0.4358878154036123,0.5214683844309308
2908,40.79131188441093,35.65955818873473,0.6125638679747312,0.7159386103222152
671,34.09785499566881,47.50145535927898,2.7983348615648445,0.6544766750272394
1825,21.33143608571737,56.23758418032379,0.6876885394151189,0.5787066091683614
1737,36.186927541612725,4.628495987400354,1.4159366842507475,0.4653140343783341
4121,20.683709468769454,14.162353685145384,2.589727944474215,0.12488728708757535
1790,8.029664045910748,35.568019718288205,2.2557878899654398,0.8124728272575968
445,3.985327265407521,10.049090376017954,1.6765736463237968,0.6237219491095086
4859,39.35430203669998,59.03002574295185,2.1638553555047966,0.3579982811154441
4278,17.514458580951043,28.476520641647408,1.2078303679151197,0.2087395972099242
3140,23.511112813934684,47.62670328005463,0.9625812733350556,0.9762912475267227
1664,47.26026793495339,4.812592133280951,1.1575585204880388,0.8908196041362016
2997,27.139327933645,25.540042234113237,0.4679187006590807,0.3558748006728899
3539,8.69404312399006,19.0369554587191,0.8740667843806934,0.7696549944793182
2039,8.75312340826329,20.2498975886907,2.1391711686819965,0.11395205087695026
4479,29.69806419087459,58.08691041586443,1.4161143420050866,0.7410082009239898
3800,52.841187603650454,42.44102398333917,1.0191157522938707,0.5086472627217999
4074,22.29857788255098,3.307993642681337,1.1650789920007667,0.632799373601711
2508,47.291856664768545,34.61049170569191,1.8936902526327042,0.9075991456150149
936,38.920639871991774,13.54731234098583,1.59523901449117,0.3438752639019699
2617,22.73885115222327,44.94698726136928,1.3927260341240097,0.45831878782009794
240,17.669855297340572,22.933944707988683,0.6132870382001556,0.3077625569946789
2810,6.386166182114492,52.736093923788815,0.23454596727114133,0.9423948430294666
546,11.977596845009854,31.688818356834986,0.10177549083687928,0.4789529871544109
2987,0.28856511034639265,11.14190951561287,1.0186513177270342,0.2550432051250482
2560,39.0435064563988,1.7313746671790375,1.4919991775212735,0.37029796455758435
612,16.024627697487848,56.79396646004031,2.1039382454120465,0.6846898214464493
792,39.28006152801825,18.537204440549814,2.394480389381606,0.6770301426308563
2166,37.07363453106001,9.273304548569135,2.7445579553969566,0.3834174603830167
3046,40.09558577711743,12.258323843016331,1.9075131589033787,0.14717013114041466
450,19.353359950478012,58.417486352273116,2.3440577660971402,0.4177077876599956
3220,53.279273568082424,20.037778743044107,0.4823318404161885,0.8440680103099597
803,23.41189602574418,28.356573825543038,1.3758158253056734,0.5960281560196973
4336,22.676788364074664,7.46040337850112,0.9648726104654382,0.0419052718646562
3728,25.14418167720672,37.711876419045566,0.44964317322586156,0.5814748586877854
4405,53.769280099439825,51.144954449500155,1.762752167588416,0.9414039161194747
2561,32.02833787277149,20.594558340770927,2.0424615982122534,0.3322151635986863
853,43.11663997346887,5.38718456714941,0.13313768079019278,0.3206781289170898
3613,38.644762270450144,11.406223903316803,2.1473744856945056,0.005377555855419547
1887,19.70947279657226,28.02196914278081,0.5760404330087012,0.873141525210716
4523,38.5746377976215,58.168834297938645,2.7132051917744153,0.5530958275489679
4027,1.7893729132707192,54.37865468905357,0.7364776775574146,0.9409420534143691
2689,15.42925103137428,6.039769877945016,1.6414835102611176,0.9801065318032971
2188,36.70336758768257,19.72328519948331,1.695691659811747,0.16573866776357993
312,39.84581789442337,54.17682972170461,1.7372844718502711,0.053863675728002214
367,21.671476508735303,54.701727955502356,2.292633997987276,0.815426846554658
2342,22.00186923108344,28.96987070503161,0.5221451143202244,0.09518845065625892
3673,20.38617642594113,35.64306064995086,1.223297072410209,0.2515865843164262
3137,4.384453425671746,15.419135765042169,0.5824839259520911,0.22304850697161605
3595,11.407631675912693,49.33524975783787,1.3488647267228442,0.5300882769454126
1412,21.178826003291345,25.304672478794462,0.997397061486158,0.9262344030927527
4723,20.8666456552808,2.2972903474559447,0.3203895118164046,0.1963753775334175
750,55.73605016403138,58.47726420314061,0.2847487259419979,0.4915563451088075
758,54.257361988057795,12.912904071132527,2.129233841620918,0.5499953777116594
4473,10.083058930247997,13.00299962404081,0.6629989322511887,0.36738282904922026
4120,12.979093598924148,27.990187906896736,0.25523039644117324,0.6750666307899317
673,20.315368351689386,38.316771304874365,2.699103169317374,0.9289147175227759
2448,12.751504778524108,15.216701755263175,0.47033350277033337,0.03726558274032521
3605,21.180070765721048,49.55660510923175,0.31723232176115,0.8982193182625138
2413,31.10693280938935,58.69453516506109,0.6178295845884206,0.4622225504040538
1833,16.86712058649254,42.787193964473445,2.343579016488544,0.7069455476990206
1378,5.4664166031190735,17.27573565173853,2.258632200135549,0.0834989614227496
2292,34.998450642280474,54.735990110741724,0.954667245616203,0.022327921779574655
2147,21.797361932887437,55.528416786127465,1.1321448070556224,0.28557935026148196
4003,3.0499800954360468,56.69854718843632,0.8419821965377394,0.29564958207556646
3696,42.0917820535317,4.862309545563399,1.4984924132646902,0.9524585077230701
4326,46.08445752515517,8.787345795459412,2.7349285250281516,0.6950749798783935
1807,3.9222131051741216,1.9988520888585315,0.31621369107819275,0.938773992879606
3571,43.30146877610502,28.385659063672573,0.8518882011091771,0.9750819655097324
3121,54.51621610686459,4.146338138614998,1.0473878625710844,0.43194870406315433
1751,10.02915223041393,25.80914863421928,0.1933601836825321,0.8632152918402056
1709,9.926471020577555,12.08156437566186,1.9023444449955236,0.5602685427755415
433,34.94490493917175,33.35110427683995,2.5508025080291943,0.09355273110606233
3534,11.015145826946224,24.023066854393168,1.7113357421828268,0.6900441535218634
3002,8.084286515296657,33.203521887678576,0.5229013260461212,0.6071469988769418
1034,32.273041581090524,43.17234916386582,0.421811213136003,0.4807118351618459
1830,45.57018180470967,4.385619414173396,2.486455831795917,0.37619320206861406
2194,36.00667926263332,5.950712071384228,0.7821694879407236,0.8198800805219956
1710,37.17098421952893,37.85925851495762,2.189215271163385,0.3231384194163486
70,24.493560471030122,10.138848607949873,1.995598937308846,0.1742055094664684
2692,59.35054207041758,15.664248646247398,0.6735696153496723,0.19089474716751176
3605,23.676657795924186,20.19120394269763,2.6694054523202047,0.7982957439426757
2374,6.126822178243005,46.78092429650193,1.3708101515312838,0.6015053598525816
834,5.754257691821147,52.436707363029576,1.246900510611014,0.9319693586122597
1752,40.86213345121725,37.84743694411633,0.27099518843192266,0.0608624814101959
192,42.9290743178274,16.955825955955113,0.7271909570307953,0.9315579000387825
1601,5.09415964320919,9.452658443319173,2.013536601265327,0.28310656697672465
1376,11.70946410094962,40.76188269474742,1.9173216994584283,0.8307422534059556
1890,13.907926290866184,6.7965563799365665,0.12429274765566195,0.5902483113880553
1054,2.0273824641887095,29.350553811628156,0.785639620493124,0.8769682861854867
2838,44.63308400933649,51.67329416449579,1.3098656032252527,0.4814404738302466
4840,28.34085202138618,36.67066639523834,0.7959632114180902,0.2851765320521835
3044,53.93549575696654,53.770134271670905,0.34390310945158953,0.12758207718473968
3903,17.629825131791783,58.088076008808514,0.8359972632332208,0.6696062399612455
2252,13.467650187152799,33.1482705320218,2.2605981306116485,0.7593697981050835
785,22.74810054720989,48.55046159340992,2.1631406350086886,0.6223477696615168
2295,45.91102241280712,19.86005191866696,1.9153011971534444,0.7181136251869465
4998,37.147739283060695,7.628536185736989,1.6998262704274778,0.6471723236647391
2088,29.015568306074833,25.830191738480686,2.7837221376268033,0.8599169210517105
1540,10.82461237963279,45.816745192179006,0.4639309771992405,0.9835218570064725
1117,12.979229790494289,4.35060133613243,1.8178885688852053,0.7233957238299371
4504,18.045994542617617,53.683446146239845,2.072050976239244,0.8060816745298545
1033,50.834373625408475,48.23857149378296,2.1547630458105433,0.2734356968305227
3194,21.100608755224723,51.08666030480964,1.9976225370440854,0.9102281032979903
292,35.18839777766414,8.128194955148835,0.35818629339961827,0.12149339860240826
4087,46.46846665688463,43.57324028415299,1.230046882791966,0.9921682771371831
2158,56.32365559079063,13.022765873451156,2.4700714395773886,0.8948062525915734
1170,33.42600001227906,14.01171918936547,0.8111556395069992,0.9335637335835897
728,34.71717402775865,1.7655347534222887,0.2960888320825027,0.6124891919443005
3793,6.400537674330213,23.79881510569302,0.8268453489966967,0.9402621583915717
972,41.09392973370617,18.666211374277317,0.51428726646082,0.5084568090076874
4168,4.738050187877672,55.11354675927403,0.7427745260416317,0.23163488123187892
1507,49.21342782117537,25.10719554903755,0.2584990058406983,0.8012379567377497
766,59.19408508157468,18.08090277825553,2.3605707601446566,0.38828897775073756
3777,33.6053327727071,58.069609865663544,0.7791524986238717,0.7778144249482705
1538,16.902884543529588,24.96306143922174,0.684255565943734,0.10156994876082026
3520,46.47708242918972,9.803785072759307,0.10278456178297869,0.1699912222338622
3280,5.972973487841893,55.45540383648851,0.4573018800568329,0.06795817625970701
349,48.19982540235997,13.523552556697926,1.2837802447397535,0.6465844082888808
2533,32.934122023396924,17.566210273123897,0.5394858165512264,0.31107902320255254
2339,14.551054882436311,12.338810446128187,1.4125849453933532,0.4882798779770857
266,26.906044351700587,53.3961734452484,2.1679936583304507,0.6101244778401516
1658,42.14415497955068,59.89926370694191,1.528846566058291,0.7442709020042474
1739,44.842328302469895,24.19649489693863,2.1444590406315998,0.8301977038100279
850,48.73532480638954,26.944689577262395,2.3981692922697078,0.65899486291301
2434,20.176569772190664,44.78640160276627,0.4624995180124284,0.3303667770904025
2354,18.039270848657406,13.456974461009407,2.376297921002282,0.4906246485369914
4478,40.58360049998595,49.457534421193756,2.453732406662627,0.8470690358921744
2774,16.781211906793615,0.1775009459449195,1.6817720848528752,0.5470323343530562
2345,20.19373974575484,0.26491520866796847,0.19235619932946146,0.467393250550006
300,24.679958905252395,34.29764069660957,1.7254217226163782,0.43889535899043064
72,34.62734290140048,9.0320968252935,1.7709452816650455,0.8207857663227176
4597,52.315446861136834,55.081794100544606,0.26935689370345983,0.45065322898501514
134,6.394588481871494,24.35263023561439,0.6445965307398817,0.5239815576761647
1241,37.464616419656714,19.699250704698883,2.2369264795632144,0.4476306536623377
3367,8.670354628733723,32.45491674152055,0.5323605513755135,0.3036470125346219
195,41.22460824591241,2.4581582132757696,1.7328506099045802,0.3507209147004178
1463,41.458825467184745,35.91540773875663,2.190478818722319,0.7717153295122124
2666,52.645692726673644,6.63118523688865,0.6205056364242018,0.8869813625655022
2562,43.09974955150251,12.814894558581537,1.124446584460691,0.12187463108763363
3170,38.10249113965688,40.025872687139255,2.5089118458842736,0.9392995724231195
2291,49.58750425446344,18.21744604125788,0.3543331348493257,0.2216428381621317
1511,51.191136965109685,29.705362793206096,2.5734298645656657,0.5680600681554462
3323,9.89444152921532,24.745039164272733,2.396851309916218,0.8715431207378637
768,48.290071761913396,48.1009723547652,0.9352089146111794,0.8923378164146748
3618,46.938638739335886,55.32511566933281,1.200010953366083,0.22300253389610314
3480,5.905906867744828,58.25982121562976,1.3901041966890932,0.193502223283902
3504,35.98333932734747,42.54730662559994,0.7161991632571273,0.11495232310622527
4850,56.781397179114784,18.748904461021645,0.2536270541314129,0.637936331982086
459,33.540057976456545,22.366322327502598,0.10182863500336159,0.6428703962183644
3444,19.086488215658278,23.84801765580631,2.459439638026263,0.850198649692669
901,13.8281845449877,17.603258330131904,0.49758035775745046,0.6466750938247877
2243,59.17786200139687,25.21766293584093,2.168914618296814,0.3018649940371466
4540,40.59259359152818,13.46090870104901,1.2253116613284836,0.7400214532684077
4050,51.47399848071717,6.103087614318621,2.2045155842607436,0.467158845015876
2925,44.05947204771397,16.803810932674267,1.5478422697734646,0.4994829443711719
2851,9.012547289629516,30.106998054379464,2.3114154098163517,0.7293700408676703
274,9.647009061034685,22.19371503419759,1.9511846868831917,0.6800933484105852
4774,1.9234709356522495,3.2341581593224555,1.5115483878266005,0.08248393919508656
4877,35.227351607556656,34.777024202614605,2.2099691356880453,0.9391529117584921
4895,17.70976237129531,42.80718082301694,0.7694750809192252,0.8522506599503048
3143,26.714711004453875,56.455733396330864,0.550139544378987,0.3077396612914808
3575,45.027337981727534,41.618354657343005,1.6034061987879766,0.9075186248475455
511,27.86001361952057,17.11111939558979,1.4613231075782704,0.8201894371451343
4725,14.148589846394348,46.957834645877,0.38624095426031535,0.34114484579934234
4683,11.337669245896624,57.71552541853964,1.582255811211838,0.39362311250997484
2710,50.83868359771589,57.065964414401584,2.3713709004402026,0.6822632954498206
381,43.11181687841112,34.47349829361683,1.9521305685805848,0.5369082445739074
1683,18.12609103224508,36.933874961990306,0.478989813702256,0.5302341556733446
1707,58.17956124796222,0.7518457663672851,2.4527781906971637,0.7170094898294448
2375,28.35787365886919,48.42664517575257,0.42347946670233916,0.05383175268615037
3656,38.0230696874078,0.7636826517280482,2.489404067792408,0.1464487676757794
4485,53.64124006325402,52.98678217557566,2.50090312848026,0.7623964312234037
541,5.434866907166819,24.65673548535257,0.9057113098291193,0.617197284560368
893,10.558626051432112,19.68958380921941,1.3907098777071991,0.4919619245136573
1344,39.27408306490307,59.79761779656675,0.5628872143606065,0.345192125617129
2274,45.43643406380757,38.76118771183685,1.294963361556024,0.14356437903514696
3311,57.71926191359586,59.87963893217718,2.1871213464203323,0.36128417789107614
1546,15.801979419813044,3.264174906487314,1.03044169563837,0.7712102794210384
1567,12.708752173632492,39.32487535062863,1.1624234288477804,0.8261915847181761
4463,57.855440095940565,13.103826677836,2.3556069032524745,0.9999333033679326
1758,25.32031557512267,54.94959054675317,2.7991407133222346,0.1979146912126395
1326,6.399359730240417,25.3592880669319,0.2344169403658307,0.6322076675626515
925,37.40148882148821,16.573629339030123,0.6898250715500318,0.445928228853943
729,8.314775661203637,10.134158815055416,1.8062541993394365,0.40587784966525264
356,30.178251531157443,54.005983296668525,1.0203868547901864,0.4935371827903342
364,12.546764654138645,18.638047327763992,1.7693964332941337,0.030319858380654985
3899,21.169232690704046,19.015991492626753,1.418798878015991,0.38279279812311984
41,52.55972775480958,48.116340185258274,1.7992468807870452,0.5086449085836684
450,12.32761350552066,38.424661599273236,1.6696555146548366,0.591960665080441
4186,27.267103940850493,5.441065129999448,2.693353168665362,0.7688575066779793
3549,38.11434740046326,4.767629263926008,0.33727668559175744,0.7960738624121088
4253,41.41323371655994,48.89386400365853,1.48206105366166,0.280706481517205
1650,54.863758735374404,42.22610866227251,1.3145714866337928,0.13985624305052025
2660,6.178442698490805,5.8510913863174085,2.3780598203042813,0.6046838473385578
203,18.789188415303688,3.7807073429921356,0.1256670070446936,0.998572120869939
1771,32.72457274110329,43.604945959373985,1.5959790578340702,0.1952776684230313
137,8.409209158410192,15.212842704127763,2.362768006491063,0.8313386740565222
3093,27.640201742422693,18.737484929679706,0.3864485897575368,0.7130731690417439
4345,3.3007306422230065,20.33315187895641,1.5094727344691246,0.7747542034801719
4235,18.396554503910913,11.051346050206185,1.6862831371563418,0.9332017030009465
3612,36.61368513492488,13.807826778308048,0.6123644502659367,0.42501485583873777
4396,22.94061867668642,54.912298088162345,0.938735433914136,0.6078656179497874
4231,44.27004962209617,44.81485408648153,2.694313706776036,0.129975052697895
1103,44.252501420245075,2.1995694310465264,2.763744475940066,0.8220485277602695
4021,52.34760837184521,59.71697977751553,1.0098218793826597,0.20522051527217633
1771,56.419427737216104,57.72504796038505,0.6364866184193454,0.3737237254599687
3544,19.834487155371228,27.66268243792289,2.503036965558506,0.8158784839751976
3930,45.32076766669432,14.47950837634779,0.8626144050909087,0.5780634895042642
1441,3.6988061481984347,18.452545779735445,1.3463038382656622,0.4500464125520758
2107,30.724063052575953,49.72886845967864,2.542704422159344,0.9628857423827201
4178,49.56640616762902,34.628560276113255,2.3634414718367833,0.18835120827848972
1870,37.921096908304726,11.183118072976637,1.764390540774165,0.5345522434090201
4878,34.37175758553383,48.00966102075331,1.7444364511387116,0.03192438526026353
1611,4.960763913032597,22.33677661520259,2.693651742543927,0.23696593474011507
2236,33.45662111174125,55.476573257935236,0.4310684658925036,0.514414177990994
1617,49.11129260676753,10.031533215474674,2.0260934880678483,0.49922767116919053
4716,9.64898338365507,8.397248316279533,1.5279873536517674,0.5915543861719185
106,21.164818713683456,7.262045451775483,0.35374432643281795,0.7794585270194739
4867,34.503738737716205,2.0345364536147525,2.208298407614327,0.7970349241225418
3881,3.905889726292824,14.497580015824711,0.7180659654828289,0.44418837328286553
1266,22.230573352560633,59.392683631606396,0.3621279090192103,0.05069142213694455
4205,24.287046377144314,49.08459440102374,2.3791160995443335,0.32730945585598636
2678,40.307019888864744,25.5647048746227,1.9470590734293147,0.059376280580162755
7,33.55542262835618,45.04615028873964,0.6975895771836991,0.6817059616998736
1086,57.29494375338363,45.700678896064254,2.5239847331686245,0.8943755791152531
1145,40.53447097232303,38.56164219101136,0.4342323151309405,0.6641775343846006
20,35.39409784903985,24.05923882530438,2.2519639127763336,0.1205003116948532
415,11.051881049855247,42.6248049416659,2.212603585609111,0.8451789080852873
516,25.99117542998642,13.750516867427676,0.15169114693571412,0.9338064336125872
2262,22.345551115552677,7.8258891080704185,1.2436864583322507,0.7057139519388612
2749,45.0368906255621,6.944665483709846,0.7349909569905253,0.9373016662778362
3534,55.921380606401,30.059382109800328,1.8058198260923262,0.4097428189767288
2125,35.75446669332377,28.356357054836337,2.6910120503490886,0.34125945645755007
506,24.335453158451134,28.357160370855716,1.144786754611351,0.7583600017514041
1708,15.338541885853438,55.89608739589361,2.3107218746238916,0.02670295700805947
4419,59.10909499010193,16.840745951117473,1.5303374524157454,0.4381108325703623
3779,13.555415538090983,22.13084963477678,2.4666741688041753,0.9661895088779727
1968,59.04714232339505,2.3608563868129373,2.2921168847522964,0.4825017392864802
4044,12.896531341096047,14.543396843926757,1.6002958008021833,0.5712090070206013
3216,4.689840057606627,53.41178987884854,0.8737653342622981,0.6987562185819551
2929,38.99938596330712,36.9797360435166,0.7368464740420935,0.5748809654442024
4716,24.88101133383564,21.392651925894832,1.8848146820634186,0.5030020920510663
819,37.01345215647216,52.61357704258569,1.9699650816544028,0.3096849006782777
2252,16.40609916743343,38.37455825469348,0.6016255069868695,0.17450717095040713
4023,48.928672860369495,43.55664463637674,0.2767929218248085,0.8348572038133715
391,3.8646513283829087,1.9731297903316514,0.7623387140155297,0.29002841965306325
10,32.55107754299783,47.28916805626971,2.274354163881418,0.5707201873859251
1168,49.21308756089287,37.291882781758034,1.3708189174509,0.5018287431448878
3905,38.2594884572637,48.970523020499,1.2443677287591808,0.40633475784975603
2936,24.60274044651686,56.84256193679832,1.7045804746873403,0.6830793696391574
4040,57.436915538068774,54.44808417088718,0.8272496533321274,0.27885122144908336
3290,30.796543250113984,31.237407589696872,1.010142844448949,0.7139872764065839
3564,21.662595188041266,51.814519295735835,1.2758404658268987,0.28937020057961527
2125,33.8622535585232,6.4957991379551006,0.24534498466374616,0.1220741052433002
4793,22.081682034059842,37.30803701029971,0.31566545579226557,0.2858415285122464
3250,21.843749253946005,29.435102233185667,0.730046330185415,0.5530916700709463
1433,25.192094858575338,18.737671786900716,2.1863009651370238,0.15133293965171868
4003,2.0395410430373206,7.2937304977875765,2.4778430618265705,0.7256223091048815
1789,56.133619179983256,24.29200645028235,2.1792872064187816,0.09955583464390805
2119,29.920494692563324,11.093888152276994,1.99900633630314,0.595936583595249
1124,14.20618179094404,11.931921162217183,1.7166256066723855,0.7641340608895518
4897,31.338110782037116,9.845351560376885,2.7725404969911054,0.7893671731027865
254,5.127236161437933,47.586138100789476,0.5445027537125349,0.6265007764990586
3566,38.406989662606435,36.87605594612178,0.4473840486433125,0.36241442141178415
1269,14.728031425614422,29.87599996375732,0.3843368768154716,0.4072748731550404
4881,30.45924036419982,47.32645769080683,0.759318496880729,0.5048225405292265
520,47.4232749325786,56.719549535352456,1.1581305186093451,0.6955551965848751
4457,18.522652453989274,25.925813292256123,0.40259207858918666,0.4891584331358433
4177,21.125014332391725,12.57605163763898,1.6469673213962401,0.8227432897655863
2189,44.90218498667174,25.059079061765413,0.8243690731218594,0.28073806967449166
141,17.762794729836354,39.76150450427708,0.6820206086511909,0.4442591611067547
684,48.29979241769192,9.135000743674123,1.8381303868814487,0.9694491281928064
1511,4.639159026583171,41.547595030220045,2.061692639614796,0.25699500210286097
3106,17.149939696761262,13.634520335952695,2.1591133935103954,0.44762303715133867
3299,24.47942701163519,2.935930252621697,1.0551054965565763,0.6493799862471015
1224,31.656622088316876,34.85610034976659,0.30364145336252324,0.8973601500775643
1809,32.74299513935035,1.484844403107013,2.4726762661658195,0.6572245831998633
4669,22.967018415030882,58.00593584082421,1.7040082252174344,0.634920421259172
1482,44.18887512717037,9.675700614225322,2.0016131271575817,0.0690430330552162
3829,13.574237177958677,51.18459966519503,2.5982026294263383,0.2812583551046466
2718,42.743201372435294,46.22206021412045,1.7984752884061843,0.8423225005073349
3428,48.12239660181896,18.296401589011314,0.11293565893504454,0.09307247934076979
4216,55.44298242663466,7.859099789864046,1.8169604309691374,0.5630316655131983
2892,49.79956806328046,57.508794248635574,0.28968771663028847,0.1514776734072456
3217,1.4604068235628898,22.776763158578582,1.1080292788158737,0.3312938457006447
1641,48.87830265293707,22.88115715432133,0.1735402569210303,0.6814569268608244
2044,12.44990731023615,8.641443043985074,1.1443323781813153,0.5656955613519662
1816,28.829086938078145,42.77753466621584,2.619789377843788,0.29920482231964873
3782,8.944365838435786,10.683313076037884,1.274677472552517,0.906270797700326
1306,38.299838100354286,7.833713055936194,0.8255640353409138,0.29614456432553427
575,16.458510221039624,6.141129855103447,2.2393024900119616,0.9117179413009123
2067,35.84348858914935,26.714969308966936,0.18014668527778888,0.5600247382732525
759,2.1641070018586217,31.458113647126176,0.8452698929011144,0.4543023349084673
1598,0.6508219310456065,39.72396389651017,1.0483749668122488,0.3021409061282182
543,49.001965421509084,5.267032608391792,1.9599622813704738,0.8934235510805492
1159,9.34896078036116,20.47077868222871,2.1924198058414373,0.6837598403657549
1432,6.610431496107743,27.854397779587472,2.680328230084604,0.08536466312374591
3035,6.114933194919246,58.03904043075711,2.018944724709717,0.9155126252079896
19,34.47028757641217,54.06850771385469,0.2855777932635416,0.7574573512585654
913,12.344604148417307,45.640504901571255,2.3392965248781445,0.8879935833765298
3983,16.4929430924027,44.02796912929775,1.0934165162569056,0.8047041643670356
2045,30.259169800868417,7.513540781521922,1.5663609384128352,0.01781039085869185
4282,24.127171224678015,55.44045031391672,1.3516620545431948,0.9429993347295912
3910,45.12489185077855,5.376517131789605,1.9711419971368667,0.4647451752315831
370,42.10353931830274,31.41355022177502,0.6796971168300132,0.04876461621014616
671,55.48029626319937,4.7063107025874595,1.0235002175846495,0.4919182837313558
4791,25.85388790834504,19.90778699099473,1.8373703063438755,0.9217782574458652
2296,22.884361276905338,42.820414872667435,2.5896571960349535,0.4980548858761443
1114,7.99077812611255,59.51242370391799,1.6160929949628786,0.16911203861910196
4172,26.831217705298236,50.08753841455725,0.44146479584636544,0.7328262927264634
770,20.78464533524369,11.30498670929609,0.3113974132884233,0.6425636360143508
1921,15.162713099233471,49.819939757448786,1.041647016431724,0.9892099836001783
924,33.753581929740484,59.43683313767825,0.848549069274697,0.7860179862940194
3815,43.434894801193735,40.7135449019393,0.13148871365924286,0.8071992672968062
1917,2.85560968671027,50.22231463507274,1.8371289409334624,0.5659028046457011
1070,37.87869337614264,1.9714505838296037,0.5449475516138403,0.33766626845602943
1206,29.50876528774654,2.9055162557286462,1.7016603846324498,0.21230185887353958
4550,39.02247976375907,8.764169736865997,0.19061356267179813,0.9064742550706969
2010,1.211563462047407,16.35839246133648,1.3924105191727012,0.029402274185454602
889,32.14677451264578,14.34485938754721,0.3902810937789688,0.13565170183919206
161,55.21316934066826,36.02756743010187,1.554574561846601,0.4713426797130227
9,38.8823033859393,35.12999547180132,1.3146363304292243,0.1323391582189014
2932,45.36166988344086,8.053418522994294,1.1184937811286335,0.145479147901157
4314,33.27123442776313,28.768104640101434,1.6084734089731718,0.36267001695995926
3814,29.396387672022605,4.945707640052444,2.7863165470464053,0.28775195558373146
3183,43.19284536712744,47.15263652826718,0.46523412167127565,0.3233095661687563
2365,43.25024357900537,7.44492600402745,1.6317822009441496,0.8113312072984458
683,1.0201925312769888,24.13554710046204,1.4684596444829607,0.7612573843915245
4635,10.24976414134449,55.23674165410229,0.9961311463040087,0.976212762922092
3598,18.380741069607428,54.663846157931516,2.358893835621077,0.19469143273003708
2571,44.67053780478143,20.820242553235023,0.47026800074559394,0.23539619374655985
1131,55.03103435667757,40.627469551198196,1.4411243616129605,0.9529300635367653
306,24.905797849873476,58.39448466303684,0.5846050596596347,0.6880220804909289
1409,33.233149926869835,39.27532004810894,1.7971300833507093,0.04617711993524032
1911,1.0020819853031293,50.200318164745006,1.2879677900629747,0.32593741120095165
322,11.09589997447692,48.38741761463689,1.7387945250177133,0.5509274580806651
4524,11.533017517288442,22.679336408287213,0.981590004672794,0.24185865434213738
2279,53.80036648006943,2.312505787914929,2.505549088434691,0.8879510762954382
3426,52.69656277564982,5.169941700332883,2.4874599418564234,0.4653127134267907
2226,0.1253852836975189,18.43095910293849,2.6092992215087567,0.16845027097298293
2596,6.527924491706843,9.68908904714413,2.5811345473296354,0.2223864176216246
1572,48.80240990545298,53.542536630777825,1.3754661156036097,0.018444875006810246
61,56.694322810707625,21.841905164817945,0.4985580599376397,0.11789499423097238
901,23.15864499322536,17.522165872786108,2.647131665767677,0.3229614769497571
4316,48.9358453365132,13.491641856582996,1.4617529271142817,0.668127896602734
4871,36.76118186662814,37.34578323204042,1.6684356733806651,0.2935444413713111
1310,45.03191772548494,32.449390390588576,2.5366477632429265,0.4607686310511292
3584,23.184734489869637,7.471722451773434,2.034333753423414,0.44371744142770797
2282,17.451108258639977,20.31687062144767,0.1912898335474242,0.18629684667430468
2987,44.692919564465456,40.66917868760466,0.34718167864454863,0.28325133498820076
1440,22.454134788026757,17.305478669318582,2.3987611986245154,0.8951125270510151
4800,53.50698130455256,46.94293660232101,1.5351396038954745,0.46747782792590675
4197,22.78098053451408,25.98946465334166,0.3959230393231835,0.6824844046578042
1881,34.5647373129138,7.040300718037815,0.24185681853586843,0.2811029220422402
2286,49.200319398976234,57.35465645714995,1.289071632225718,0.7812074485430156
4145,34.43955224411488,17.466059103120706,1.8651451681402225,0.0216181628531259
3582,4.597318712289853,9.786724241473975,2.7513889341992837,0.7298098618129988
1081,0.26775493886052937,1.4355211860658867,2.3109759679266766,0.39027118264368166
3529,24.51475854621978,43.908390894633115,1.370549990175783,0.4925502181112419
4240,27.66786040136134,57.83907677828481,0.1592449000886889,0.6680911406912553
3633,55.09331758136042,57.59931114125544,0.8056475439224795,0.8847759474716301
1954,14.633251491397933,54.51322049810712,0.2978791030275423,0.24765473985425468
2087,47.29050212081565,51.79100873111549,1.5770575259872157,0.8369587752370603
3944,23.920289740050848,2.5198398543155553,0.18115827362769849,0.3052691279548131
3312,13.219138006481266,30.854809384424755,2.7449806615495684,0.7390191563694911
4665,13.860794232365674,58.807523619378415,1.7483558909331725,0.3520410394777128
2664,32.57940708159803,7.05816932989622,1.6514045374207118,0.1782168087747913
239,4.707038765903442,53.25926994189986,1.4636091203674233,0.31434875830986575
2464,39.44918274601494,18.616342646242774,2.1707270114046344,0.20760615310934982
1952,32.92563697941457,13.280454145241036,0.33674626544026626,0.16757280549360887
3235,13.747179615272053,22.524302188051394,2.702769066199952,0.5096515026285837
2669,22.270674585207544,47.08047521239835,2.738392187021809,0.502412551063104
789,37.46367929880517,13.390629638788825,1.9275486549355993,0.11813804370710723
4429,30.216868444293862,55.761665853944535,2.736699995602593,0.5687357424432722
1941,36.84340895830545,31.466383117406284,1.369288585282036,0.9913954630227135
3584,3.043025499668728,45.493839621328966,0.9107123934935923,0.5796008497547549
3090,49.45333615782414,4.463534406685765,1.3978937136165377,0.029835068328970316
4155,14.464365890062613,57.101397244124946,0.9618571022583944,0.16035289002849895
4410,58.71250432070167,17.1603460240939,1.950970714506079,0.9545900932105679
323,37.48416285321415,20.56937296827579,1.1844135153817106,0.6647839390305446
2145,6.8059479542383965,28.747867901509025,0.5512907167015709,0.034496003330022784
160,30.947184531530166,6.691595023863317,1.317569302992424,0.36001003212438965
1481,17.72968329236789,54.32100243747575,2.3615074361373067,0.6310642850896043
3825,23.65682696547436,9.810545460797695,1.8880547163305261,0.5133926072269244
2205,30.059994259525272,2.8076213103167325,2.24021450764385,0.7909150301058052
1054,26.626471752412687,40.03257654996329,0.8464217531184108,0.13699157323033806
1736,24.327823519270368,37.07103354740832,2.1204319012202504,0.5298303555557907
1230,38.705204940936625,55.76054826372315,1.1082169876569516,0.3720242973993557
2667,3.761568955951897,36.847489569468955,0.9654691139133618,0.6175761394854795
2274,10.084902339779438,47.16986440415067,1.2535747994594721,0.3069158585593317
78,21.828184890334157,59.50964647592049,1.7659366369928529,0.5867607593794392
2442,45.432049221488434,28.27998933109435,1.4182938327159753,0.8783762488765197
3530,53.192691353068504,2.0809024279008637,2.1505021449376946,0.2531779775380293
460,3.6148253457333457,21.388197896443714,2.7062848184649,0.5468698310106185
1071,23.6208452862549,41.92920421551963,2.1959710202293303,0.9045273864801977
4635,25.363150846474536,39.02437172353883,1.008597250849135,0.3003121815293345
982,11.56221205110997,41.555407594521924,0.7107022790635446,0.8605531833842299
2726,34.914971773943236,31.37002597938136,2.51091504212148,0.2688252137147411
702,47.0276923321613,16.044830026594973,0.2293857607328965,0.42927540675569376
3457,19.323558189274646,49.03990575998694,1.1768946632822903,0.16438697074546493
2200,36.64904734709865,57.53819655974798,2.3929329331630314,0.004323333542467722
1473,11.278008269675588,26.04588115037314,2.2205476584208585,0.39267950039574984
330,31.77934360592192,51.495599391158,0.9734139933358439,0.9623996789606162
839,44.44557540489375,14.083962198791419,2.0649000409728226,0.7499921900324632
4214,54.30745245595804,35.919631684896686,2.6574536881683786,0.5516442675289741
2520,50.55813451239001,42.868639586406815,0.6147192948976449,0.21954976802663595
387,34.84540257201328,51.557373465047235,0.5952220267066589,0.8364791686279023
4855,49.12877122403351,19.486051154760386,1.9536417282789105,0.9340066661278319
4845,21.72951567349965,42.312787183032874,2.116379830764621,0.7195724486115249
703,3.7852737549765503,57.29933347358983,2.376452177227838,0.7774797251244722
4146,31.689547950400755,36.708084332888646,0.3236013533832054,0.1417649285663085
674,52.56344295472731,40.87928934626968,0.2975891098068368,0.14025139558324362
1277,17.489743007150732,2.8729914998930983,1.9209010613316915,0.7562376546390263
2858,46.98473471522593,1.2035812208565577,2.5877837490295157,0.5470673039590308
4865,12.541405596771826,38.834761787225325,2.5244849388682584,0.3518986117505163
2678,12.122256643607896,30.291718611035993,1.6958260900562732,0.26892227602876895
1885,3.4119941908674623,49.65419353654606,1.400405933050424,0.9028044462542716
2498,4.529815314899894,31.241155677981137,1.1652851700068652,0.5236974498974927
4186,35.99859540534441,8.078079456579307,1.2790907979716972,0.9316175217846185
4147,29.82585683328488,56.336379142650266,0.18679708848776239,0.02766325177704987
1130,24.77710365285563,48.067213114042886,1.602182987442541,0.9522739284820976
1554,16.5575941411689,5.939091939722713,0.9996134056465403,0.2160753677177094
4433,48.70516274803279,53.934460468325874,2.331097156933427,0.0265496268323141
1387,13.127101055710499,8.940505529149888,1.2870095353881303,0.487863579976589
1393,42.255739183349526,14.279683190105281,2.664508330837779,0.357054958610435
651,6.095037030056963,2.6775515978538644,2.0849270259395207,0.5838589419356122
951,9.42875867755646,10.124057647765191,0.3889524463208348,0.31430350304076116
4061,39.61490441190024,27.741188211730382,1.8304874144896728,0.4554596799240007
2284,36.62841791726005,53.79078609124899,1.3173626688355509,0.2501511345421361
1126,6.341108802845707,16.219515177661602,1.7592248579317615,0.25007177157057525
2890,6.269365626682766,19.96137102317318,2.3989362992627705,0.19727721519937091
1228,55.52771065502798,12.251611085600992,0.8879545249913477,0.08163044683339138
2936,41.915644208792,0.35626869095982894,2.3970330473521644,0.9399593456789189
4279,37.99741299193372,55.86512217180337,2.61684487561684,0.30656338972294284
1449,22.359969658391417,49.739846397703886,1.924383889831485,0.7632466593749228
2675,45.287312381613084,53.092109020872705,1.8266326148053755,0.9321660536587427
2521,11.561639108130464,27.39108518252059,2.238500901572264,0.3163265342315331
2360,31.810039171682764,52.34086438011235,1.9496626726613628,0.26981105100959357
1591,39.932587767293796,45.79224099683453,1.6072718063467277,0.36415260926541326
1850,53.883776710840095,38.635974287561275,2.29233431466426,0.8587794172330974
2810,44.180426557783555,14.516463206003234,0.22520836837186603,0.17327169170500178
2788,12.495935270209856,48.71589247705675,2.057154596058302,0.3453893471379794
650,12.3126227788741,19.11411666774633,0.23216073872277615,0.3975284372045874
102,20.419576798742465,27.823387776082566,0.5259772072458903,0.20084994614423535
1988,45.455444423472585,51.84023145199233,1.8607824094420375,0.41770735578460383
677,12.454971902558666,37.47657554989304,1.993835376489911,0.5933440188803377
1287,25.532914286615494,17.06749547745786,2.629285598174574,0.8755913228651263
2915,9.979269048971835,6.049599461429683,1.0600506336066737,0.4667351227214632
873,1.5639072025301792,47.480730211659704,1.6616640360655712,0.7522904321257876
4547,7.546974871387658,12.323170424016874,1.1026481050040327,0.9736031059008048
1327,33.87985344118978,1.9171630636253445,1.871779088002453,0.6062524904528623
1006,6.381697067223739,14.528228014939028,1.784673091951382,0.26509946264914086
3,13.063622387808538,14.168193744292054,2.094973392003655,0.703484672198168
2354,3.881328662444785,9.610820964906889,0.8727041412199329,0.0647714145403484
4805,27.268121204829274,51.64871471680772,0.5695055069845635,0.8635926326922602
3618,50.62759989887126,22.161850399931605,2.058263639516117,0.3019535432677759
3048,24.346775069854502,33.38559932726729,0.31832217556071873,0.11905252759152696
462,56.57720026784968,48.24228606524135,2.75137479092144,0.5285497502822505
2655,49.34999311528877,28.686058761651424,2.448611685813698,0.4901384564474045
3888,41.887564102676485,12.99256851447617,0.6442441343288906,0.9374293176860317
1894,48.715065764460114,37.7446215559363,0.24873419310172956,0.5970121039847391
167,16.421009364005062,10.748744104200998,1.1178612244451305,0.4779175162918937
4127,34.30374039818642,45.91019179020354,0.5369658154064999,0.7422137104512134
1322,52.525617348729284,13.90018297517771,1.5768402117925793,0.6125204083116105
2601,11.638584960739804,13.885093205668959,2.5684424440541695,0.05923491811087911
4253,54.72427529957622,7.585139462709298,2.586836033906443,0.5428280987445441
2361,41.4334255336497,58.06812272875952,1.2916782091376282,0.09608923424439975
4724,51.728576206156895,52.187814495775385,0.8680235959068981,0.9184457402002942
4663,1.4360455883752166,52.92575991469988,0.940355203198692,0.1778914819836519
3236,58.23788776742614,25.420075656232378,2.3608429180818633,0.33562897227903177
348,7.701229310282787,9.838972819622514,0.5243071167402135,0.18284733800906539
1958,7.930835469271997,58.75657396590067,2.6064626822938743,0.9003409921542365
306,51.322777121650304,14.449525926762101,0.6026377103067683,0.23912065688786177
1910,35.7572051773097,4.679814116728583,0.26329544242080305,0.3111653434981657
1362,12.017991833343478,42.107799589114784,0.7018631706786015,0.09972405592424405
4440,42.288182945231604,30.133520658444265,1.5108342950976725,0.9490139563430571
1454,5.752221084612923,4.919370875050381,0.26512652586737917,0.7815582220662226
1652,34.31652375956838,23.50252639263726,2.503950087792897,0.03217702334981298
1916,43.270727691204115,9.19090182208535,2.0541194161294825,0.023019272187363216
207,5.30402990326007,50.360738211263566,0.9494907317377488,0.08440833340924492
4765,28.633758872477088,17.03780818851382,2.441527414347318,0.8242143182725968
1437,21.825976672782723,35.52074883198129,1.6263722059903802,0.8374723942691846
3317,33.941445693447335,29.759341097648,2.2240315758401916,0.8183740847727818
1099,53.142615041089364,52.4450444657629,2.3169448969542583,0.7341226653730532
523,1.2501383771141694,28.563100393869018,1.2605672536408319,0.07649070483995346
1373,24.635556987284772,6.226472707192143,0.5621085413945289,0.0067342445190700095
1033,28.257157790031812,12.049860887647828,1.1529402865895941,0.5783963514463264
4051,0.10360380783161593,32.96185732828329,0.8065661920101674,0.7938612825488232
876,24.151874385824257,19.61333648417379,1.5968704618681435,0.8876462548389953
1989,5.730845120021312,21.775444795316517,1.6172263274556467,0.03757258307915634
264,23.82421503105385,6.518890142107432,0.22905800997787928,0.7181588122109855
3868,11.517232968341322,55.836740738599424,2.3589967477292393,0.8629776372927174
4171,20.010212257264453,32.37699625748183,1.9960237993924854,0.9251100619333406
2327,57.99823401415125,30.297048683730228,2.3643729782686944,0.680938082090784
2931,14.642070939498922,17.986073290256343,2.7891901951310527,0.8661172963771813
2774,33.72066354814092,5.439803210961369,2.2667803467443672,0.7985368659414418
4060,39.37044761915804,31.736088854796204,2.395886465856101,0.16910319258815198
4220,13.493850018590974,18.120502647156172,2.0596008918607036,0.3704814130724583
3568,46.49066304344868,4.055167136200206,0.4900106647198129,0.07644547774792043
1108,28.12512362019696,8.520743324362257,0.7325136590150105,0.614077313245223
824,55.96534986249361,38.7464747856627,0.40066169624794157,0.0339759561581523
3,14.764179001776833,47.42518280650484,0.34363023290791295,0.890784285744917
3449,26.3707900350107,15.03510152631248,0.6307792728036158,0.9283469005489222
2029,0.1738586585574442,10.121257504639889,2.1376298953495674,0.6730744803070503
2497,38.314893900000094,26.709265240234664,1.1904505921875226,0.6304379696401474
26,24.65219954925411,56.117955169816746,1.224979959935411,0.32219473581696545
3259,30.110211978626754,53.154305318758915,1.592930825455766,0.6905799710092599
3234,7.893268313439443,34.57589852946281,0.5364560315402567,0.7876260645613256
646,55.2123045716223,48.525899721929406,1.126518242425709,0.9004754472493881
4561,23.76367709408708,2.5527438738540598,2.325610082815963,0.6062873477928187
2615,27.821758331884027,31.376160019188536,1.3886821676316636,0.3881583818128983
1711,13.013875185265425,19.428765201046897,0.43305913593765866,0.757709614836186
1043,0.07502795059535661,42.036185453091065,0.22103772130028698,0.5097870802742309
1815,52.8368328550436,52.46937795071121,2.6622299995820207,0.9168802665455099
1633,44.965718085897734,20.385489893633313,2.3796838635447064,0.7466206280759258
2370,16.787657347977593,3.3998015708978424,0.5643238668985452,0.899135425475377
584,37.50830865229206,19.765911785776463,0.294733192301068,0.31447916889457983
1299,38.17857451385792,43.49952959498441,2.636138524108181,0.5033920792023656
899,34.21996087418939,52.02755077082972,0.45681274813084183,0.9176701387505537
3382,11.268113912580846,1.6258126329515243,2.4822788138264804,0.2691731302678396
2858,18.687142195109207,45.10135483956967,1.5019088943724395,0.45384491377598835
401,13.12221364873655,5.621807840445738,2.39924719724609,0.9494459168996585
4906,12.729670076348658,27.197432533688747,0.3581043495680232,0.8686517082956237
4785,15.766182012595603,2.2129755823241415,1.9701161416437016,0.5619115689067096
584,47.86746342388507,32.44543408580635,1.1866489751015024,0.48237427954678647
1761,23.234489915458514,17.323231612783996,1.475551462371276,0.18719485296267224
2421,58.28432870160211,52.352768889694865,1.8935915271726127,0.3550701361480785
193,29.468518638425444,35.37102245871328,1.4121746961154125,0.5489923079053399
118,6.763825987896821,33.22168884906725,1.376163769718332,0.5216157944453363
1505,57.853570648509034,30.61450836285505,2.762778156972305,0.7413025491431158
3931,19.009199978147873,41.45211329432229,0.9391609971013104,0.1156394544395758
2743,5.758989874915834,7.546838796843025,1.9067741154497344,0.8024355080161919
4459,45.1028150612418,21.387434016919613,0.842911311982327,0.7734984666011306
3428,17.278733383630907,22.41410683038112,0.46464664864621563,0.3995687772785692
461,32.50847164892888,3.2853361148024485,1.3383233981012566,0.8482433635840363
217,47.16163685288718,28.007396370836947,0.7639376848928199,0.062220055008605946
813,21.77915475526216,23.556462479638263,2.357835669125538,0.8660610769014959
1554,6.575025807442092,18.127038119254102,2.224504273066479,0.10605931071161834
1394,46.39066783850497,18.14810973512258,2.64538551704899,0.1579593658064723
836,15.850818265270128,39.75904548010492,2.690338762870313,0.5517439820237517
3201,12.749729392915194,28.02098549698876,0.8874230950976196,0.2172787718134509
905,18.13766444395954,36.39884223626003,1.2674280495740182,0.6753935347944575
4003,28.65260123578694,28.19358240050079,1.304135491181743,0.19252433059403806
4878,14.79830270226014,12.33593414527199,2.6841269753247374,0.2503308516685845
4313,6.510016160880722,14.856456906854273,0.7655593714616654,0.4184139521753527
2896,27.588287400511014,1.86925644789113,2.143150935049315,0.7544492464292051
3134,27.071391659627714,1.4807523163834535,2.170953692438288,0.8218753389709004
4069,4.508665810566297,44.47211677299587,0.8742469272411578,0.3039829072192478
956,17.415815824246287,54.19821508577519,0.9626665198940811,0.6557394638403734
3835,34.02911804496732,30.452026817229402,1.820639979968729,0.5417542666650159
4765,33.623699415925515,46.54959566399882,1.3785423119703686,0.09894334802590643
999,29.394545168052563,14.564480228495071,0.42492922699120284,0.8917125884503783
4725,27.60593038440865,53.02749539743819,2.1020014436899577,0.5932346293398667
2920,35.058926006280544,33.670233277119515,2.1972874263902527,0.3282824768221143
4492,51.12221851405305,8.770828120470197,0.6352797216683227,0.9915320647754053
4627,55.89983822433531,34.65061981813643,0.8881463279870788,0.39723722687470964
1461,6.364441597128463,41.53510997108963,1.9288245384380673,0.32941533976078674
2732,38.802498000692495,0.5597622542238057,1.5239176291915282,0.6071288345855139
2348,40.19487036179811,30.053799222789777,0.18306126523561406,0.7813404817327485
2747,58.359584496011244,39.61156367858005,2.6669006134078526,0.5918154908869238
4021,18.924935240033996,27.04447265043423,2.648483552653121,0.25428952176861785
3108,52.04401684529263,5.891217832488285,2.779266335686682,0.47236181422934476
2473,25.97424664145106,47.301334985977945,0.12104148303441822,0.6855230834546007
801,10.64204515921732,50.804817459111895,2.685376033513144,0.08822225088143243
941,28.04214288884831,4.000501097682121,0.9194738732818858,0.3369658655639497
4110,50.4328285864336,19.688516779570026,2.0486082073840457,0.23184448771447552
1946,31.330846726387797,13.702703910183452,1.3842631626466622,0.972921551004553
854,18.036025624847476,53.335234952036075,2.3104458812684547,0.7028009592544628
3392,51.39784189031823,17.814613680079496,1.0057237995702073,0.9057295627790086
2746,38.29168627425559,56.59410172097965,0.4634274540997122,0.42151679369871253
4588,38.903060486749865,3.0128823950341688,2.3816155825114036,0.050740163348143685
2062,23.666965551471634,25.210548635340853,1.8844100195676652,0.7380484930644599
4164,34.302387629303524,30.814291386923827,1.3505153547604745,0.5250522642759249
1989,16.639692276575843,47.3226052164457,1.0389708325574456,0.8007919407545141
2434,12.345905355227654,19.228311567948694,0.21443406179658964,0.9374952499676419
3212,22.200228960396654,39.33166022151702,2.524350767979409,0.7612552513196768
2665,27.296317694967417,36.00841725300342,0.4932348141499243,0.8268622012235728
3949,47.56524757124511,39.03228655595252,0.9635179038089275,0.723982591678154
4365,19.891377443784695,47.937170366330754,2.1208137721262754,0.7353266247547239
130,10.416866647337473,53.755669789649176,1.279982901955464,0.9569358622271226
2054,3.3359087874104842,14.006098545473504,2.5192844126510803,0.133814211145316
2133,36.5982914160321,16.89575289865958,0.36784696578707266,0.9516907295569913
3126,26.6690219202047,1.84677516129379,1.3484340519913072,0.5470978442783121
4621,7.096452841235122,36.22883596396741,0.9716369632762014,0.21666709066993495
3558,54.47789923795652,57.23031054101848,2.7385036170045565,0.6716532937869218
3656,24.052822092903106,46.02586581163842,0.557177724164116,0.694132199777723
4404,59.777829684382155,54.93688032029555,2.185602863195266,0.14365271578469874
3171,36.760549283585256,52.28016018663546,0.1258044809677823,0.6618346642871562
1720,8.971482837486937,47.598287233677205,2.2302309745951883,0.5581723631043084
421,10.634533702630584,9.527550400556468,0.3445620707082111,0.03278805208660307
104,26.00912964326111,49.527399456977506,2.1952343424144933,0.26379097316536415
4651,44.43364442782691,53.29468470007913,0.6423260353108279,0.5966013751068346
777,55.89815461752268,17.9848585677342,2.4957552878016296,0.49813066354532043
3890,51.35980833421075,23.56226514570644,0.9687113328958867,0.17007630896676162
2534,27.399564617373322,7.564215752760244,1.909937728754076,0.4653094475172752
3027,17.401196100510372,55.03107043641099,1.158565601854496,0.06585549403922342
2567,35.75946391642707,52.7664838963285,0.12561109921085706,0.02872762340222057
3945,20.36901043042372,11.948602401626125,2.61431972546708,0.6094719883926039
3992,42.8279897898204,54.566351280864026,2.7122474357796396,0.7079596533988248
3687,33.74097831050064,43.794866767012294,2.431751561136266,0.3073553375997681
2873,20.691171000336624,33.08489649122905,1.4448393816124396,0.8481811323121191
74,18.358929535594445,16.29272307825367,2.172761511734671,0.615713654389631
2740,43.548130529520314,25.99895833526717,1.9647773904769936,0.8218257129875056
2226,3.9070632306315733,47.62383367813197,2.215201524123846,0.05518299720056041
681,29.965417278356107,4.532990651352877,0.18376142396698159,0.8918957793372629
3132,12.568004607898544,45.29247577297053,1.96487990890341,0.04534583783751023
3284,48.83120156628005,21.11745237556215,1.1012257445993585,0.5394554863446593
3857,10.740147899878414,55.56780090231446,1.5381066226458282,0.6690506051620625
3624,33.057351165251625,12.750579537822333,0.18986792694930843,0.6169345923911136
2090,30.433553420518006,47.601521611045904,2.2130233317043735,0.9857896072270091
4325,58.06504836296329,21.71203250841498,0.7872436500770068,0.8118477775696114
4364,31.832053334778287,26.2008779437777,2.6568256256629916,0.9877700657838815
146,33.56447110567991,0.12491714249572183,0.721775574854709,0.36007696259254784
1465,59.491265115916846,26.05482510593318,0.9571168910567316,0.37677772946994104
3523,17.39085963891698,24.492850456485897,1.7057296521229697,0.20666197667501873
1357,13.75570224969488,2.721218483740906,2.753706913289582,0.6219588089728025
3904,22.505824152133638,52.91416692823512,0.34442085872142797,0.025000759034895625
620,12.50893446705234,42.75323510130775,1.545722855027218,0.5048612932204697
245,43.039514145395835,4.970378349367168,1.1616026305610894,0.3443261208358017
1177,46.75066432909323,21.68391217533546,2.3610687302581734,0.43243008347427936
336,41.742742000946315,37.787283853422636,0.8617764065985672,0.5598859070654343
4399,59.31520997239673,55.53092435326096,0.28653675235470877,0.19379930445703408
3308,58.23092124019168,27.66001409351857,0.7034883387077996,0.3802672039877182
4389,50.09936654109711,32.00767096432637,1.5921203373194248,0.8641713498768817
4572,0.28742719835490593,54.64727431862779,2.773102002350567,0.02988096645261984
4356,37.270356720130366,9.320512095696733,0.5982426349877422,0.25472213069844873
2220,37.21609043250833,48.5792665837011,1.3173925154481965,0.259138392025974
3981,29.1125690102098,46.98626719570428,2.194919610770769,0.986431850881019
1056,51.20132998230227,42.3624486918681,0.5931757615235244,0.4353052068279105
4180,6.595196281452711,50.14297250285086,2.1863373479214663,0.10864085132251511
849,11.206781563945148,28.54550052100078,1.7785263975770005,0.2574152015690465
2282,56.7738207005449,35.6777867054994,0.520765200522095,0.49076986151058244
2386,17.01034984833097,59.66581040395192,0.5252656672564662,0.30541548692030085
3800,11.701950464751773,3.4738677285556596,1.1516371357578852,0.10946113361535814
2959,1.7398443525620233,30.585250530189928,1.4883233238778897,0.6393227495809441
563,26.171000349352436,47.57249578688796,1.2118111800118978,0.5285066675703519
4842,44.943009586911174,39.61486252744778,2.347393166561936,0.8917063347847154
3757,13.700449684936512,57.87807895348383,2.640948723913864,0.8106420703762942
131,56.38915382034933,22.32315223427362,0.8354769515648438,0.8099413133669092
1129,47.426814695217615,50.0337461826098,1.843447112305326,0.2962181550643266
3768,58.67823757128134,7.598742550906219,0.5913450654268814,0.5569054812494425
1847,55.375010567165425,50.91698028785604,1.3130004302080691,0.8169316717576897
3244,29.196881631251593,13.467717864442392,1.4030335314741462,0.9246014112994746
1659,23.788714281784145,14.263022518856554,1.7293357555187137,0.6735768047967668
4106,11.500171897042433,16.376447162108683,1.5317667966634427,0.23135144188623047
3606,50.65464980849458,34.795434646771454,2.192966391273375,0.22631752949125594
735,5.085631873258429,43.96380437093019,2.251228581921471,0.4051411179899864
2958,1.430307191461171,24.543085116304958,1.8477586618225519,0.8830110636099517
3733,30.180968606038615,9.014290314950607,1.443974835613743,0.052205846131364586
53,44.20015659959423,44.922637474717384,1.2493152394110465,0.18066412632817508
4496,7.325908630697635,12.700511958385366,2.0767124409665088,0.8931794667673473
256,40.198113822499764,11.70086828856743,0.45279418910391167,0.4487967877559227
4294,10.347460454531703,20.87889237270508,1.3773847703917066,0.3021585200078154
4097,15.398171465503225,7.225146295580314,0.7843176741167585,0.2679871126677671
4438,26.842773414675438,3.8382917022134544,1.4712171938353138,0.32015710026262356
3681,28.9059797241103,20.25257817107449,2.673842252529889,0.8525294350032165
1397,27.16709459783811,28.317767627132312,0.5483758889346464,0.9586181605518024
4585,14.657871610248261,14.930062268639865,1.4392700825692482,0.46527465861174333
2093,53.900366724064774,26.52091136826648,0.2533109043357042,0.2992544361454008
3332,24.578042972627088,43.99841449185339,1.2644315030973565,0.35435713634120747
2878,3.598678175424308,12.794725570302797,1.000191742100808,0.5956999605593297
3444,9.337236524680165,53.76904740955498,0.8112973874071504,0.5065179110035712
2245,49.629983296415666,8.784688611402059,0.14098969488151186,0.248560336904877
1736,41.55839641003841,38.410267942290794,2.1500812554536384,0.3764744815559171
2150,20.20601125104807,44.57975393729191,2.041177790360178,0.6496111914245923
187,57.61933237904641,23.353261873391496,1.1901870675701611,0.17496478089355583
1846,21.82807556614906,32.27662907135862,0.4578350173875839,0.3466309701354473
2436,33.7770126461493,44.5171081261183,0.7071871288754743,0.24547887627023024
1852,3.672419541334395,12.936357613584233,0.355100073288832,0.6211905996729539
3019,16.704839075517153,1.0044439650000858,0.4470554520882364,0.19778570447902122
4067,43.28416175063946,21.86301073627728,1.2429061113132727,0.13565963106834222
2949,55.566947784308525,20.624982660521507,1.4662247589098223,0.6773538759517528
3701,45.7376317027382,53.3028843544091,2.4062663424888515,0.4893867088269376
4856,6.381824570829999,46.234492584811605,1.6624619008463652,0.5116575276531309
1417,14.45150806264814,14.384756690243465,0.3717627304787692,0.10825374957609923
4829,5.685448083577269,0.22876747511823226,0.46997041383965643,0.6179061344143819
4785,58.94359812030723,15.334016890973064,2.60910480827463,0.15718997694283787
4503,38.57958105630786,20.48460788674357,2.1066196567717848,0.5764177839519865
4756,23.654164478617098,11.047603620384518,2.3081732022754067,0.40430164948000114
1095,36.348970421990316,22.777026325368748,0.2786349796533877,0.31884634743396734
1567,11.66104119994509,25.993489995441777,0.34349190199519586,0.29539730021217614
484,22.815670376979945,52.66683616048362,1.30784591559429,0.7966115978108302
3121,5.69682957272099,33.00987618770332,1.752304300786779,0.5412931993444221
3061,10.721800460064117,15.684328520723723,0.6523544000595056,0.3612124656442287
2936,15.293999282744313,59.23936367280149,1.0051248298970354,0.9787984394661012
2158,22.883438123541126,56.39677178055476,1.8407718864403149,0.3645070173558639
1223,29.56340250141559,4.793197971720202,1.014851920346553,0.5128536251132093
1784,32.29617516115189,10.649531641488066,2.1593299936665304,0.32352023449697187
1350,6.721495669738347,44.45783830360218,2.6000594217906423,0.28025987476729686
1792,29.006789692247057,11.995517790889735,0.5213708242508116,0.1796570406549347
551,46.70294774477636,41.003924702104754,2.41776594157953,0.9265755314919238
1691,42.38234424963501,29.38025906457738,1.0797730436407544,0.7125187312660559
4120,14.247441108104766,26.338494573863727,2.3530625899783066,0.4483305885181734
1855,54.37462132765691,5.724462665730883,1.3592886498640575,0.6024865408091499
4235,55.563812111723735,51.13022777549802,0.6610616102430831,0.912530663187928
2064,10.872830726392444,15.94856590636102,0.8675017635281083,0.850884623389132
4924,35.173417693307705,34.286880348778524,1.1027883093954045,0.6525849083117385
4912,16.39266398652944,35.62049944239044,1.5509318795538134,0.8249321211974875
2988,21.39622538646209,1.385356952099972,2.018316857184938,0.26821185108017065
3387,17.342600386248993,46.40478888470476,1.9878883828778506,0.8166026250088114
416,39.83786493219208,33.036778195573,1.6457697456594869,0.6832575299399573
4899,30.380141303407374,16.2815096360205,2.659933689689748,0.5467468973779501
1828,10.5816047066173,14.268075668502265,2.7991878121389036,0.6228349465847484
4010,14.960839091736212,52.074426779729855,2.6259211253259416,0.3553058498447764
4928,46.176549843820005,34.34361642279356,1.5874492178374922,0.1284877118029849
30,15.176774053290591,3.801758079671964,0.4110879757237671,0.19126838684075365
2564,35.752038248708054,40.89662719400827,0.37278009487048824,0.3792913266579716
1138,49.782839304774484,46.73374511449006,0.9569434208203681,0.04296795817224075
1501,6.443287510121774,27.2655233909369,1.3449111539678813,0.8946782564879338
2885,9.181848819131432,44.76986990431272,2.0998595346025595,0.9182297109960672
4291,56.69441439344826,48.352251695504876,1.7990348795282574,0.7717300803574576
671,15.760719204961509,51.66147614826498,0.11970864929940706,0.9410816459720631
860,59.80122759015587,34.58207597271869,2.6965412270725224,0.3268300161277147
1871,30.63654967294308,42.08411344501144,0.8820129359183698,0.8448376392147657
2072,57.48683301639759,53.09001487991968,0.31299642353766366,0.42255864927327036
4904,22.173955254149483,57.880009718721574,1.1910658035947714,0.9793376685275103
1022,29.596949385099865,41.8231706727354,1.0740508362553847,0.7986550259158645
1094,25.816327868175875,16.123826662808504,1.2202936659266084,0.44124074538580305
3981,55.04638035762926,4.606206071732983,2.099228336832074,0.026534438230749857
467,9.544277172822609,15.47985407687162,2.575304133479488,0.4873758811057567
380,30.39060627440397,32.73603759139631,0.17940803965220603,0.24343036344505342
1228,58.197715872254655,48.18484341968003,1.1104628709541453,0.6198328124449409
2830,53.68679021055429,2.882491030055452,0.35879946694442466,0.6466789217385182
1037,21.951975545687326,13.576454773104897,0.9274788662628702,0.6812778715676431
2734,46.93011365726619,19.05453969506519,1.0016538376056057,0.32623610348381427
2281,7.183294995265051,44.873117375915726,0.7299710172813406,0.676672160706104
2206,47.70222850721361,34.161823547385616,0.16258261323081624,0.553957005280429
4834,50.14799861808355,35.284424889870856,1.5134521350677395,0.8511033515478652
1247,12.326641907447225,53.921248678160524,0.7418102963493967,0.786191968371795
1626,50.16451602712949,36.6889210031695,0.6974970325893861,0.6799882597975107
695,36.15931545861436,25.313657181597932,0.5724474087300713,0.09366942634862507
4320,51.13747915618332,39.66602525533761,1.870572805846843,0.9957181624908291
416,58.37886766794646,0.19513728604327873,1.5974061507089858,0.9007712561102552
292,7.613364735121932,47.882323701529224,0.7196234011059098,0.7287217626690029
3072,4.230756177860149,38.718075721855854,1.1292057111992537,0.5141290993613056
4742,59.18693671632319,52.959731056036055,1.9119349970550639,0.8137842871695852
2250,0.6183658131265157,41.42895081607654,0.9065600046661214,0.32375147007457905
487,47.12232868305182,23.8231812672802,1.8495981047883452,0.7310255246749345
4971,12.956796123713213,48.80640536070413,0.5532941108005237,0.9474367802004217
980,49.598995392223536,21.699473943392686,1.4266721454724964,0.7914253189958002
2320,4.466511437904281,32.936100838045874,2.2174866589358544,0.2029985103260531
4711,34.92749473747209,53.42299494071392,2.4519455415273397,0.2842985018350386
3080,0.04594411325261172,50.42015775475112,2.6892728070947713,0.3162481737888553
3251,3.17445507534587,42.30597897653491,2.6223908579773942,0.25454176669503126
1864,3.862271328052307,46.66211114797047,0.9244237612472836,0.31847172497020515
4212,29.23907054663095,53.493491195828796,2.2769160407625364,0.5647753560086142
2594,7.722850975894553,31.93621588729868,2.658008530675512,0.6527191667526454
4115,29.115665988741245,30.52490012746289,0.13771311150413218,0.8714963709738852
452,16.638336592272015,32.89979840597877,0.9362308926753246,0.4912789421753817
437,6.669550206959325,48.989904245478385,1.2598505535648483,0.5956004822264583
1539,21.383137713871395,2.0439847086379315,1.9807307084641559,0.3705266082341875
1772,21.090823025497897,4.386410299313348,0.1807150731013124,0.46172911491635515
4072,6.749603936789102,37.39231801996456,1.4951118128489216,0.40095556970063617
2163,25.170031821001906,3.373820630996325,2.580116263562814,0.8806548987628264
1703,52.42866014301211,38.34137776743259,0.5172942049842199,0.016306556823126317
1938,58.34651760306102,54.705111180454885,0.5288650788576641,0.05944882034020571
1485,57.673196060488266,47.49051032222764,1.242832454136307,0.7905141746836711
3467,58.84564465944589,26.4112488941983,1.7153658571297083,0.1480702687378651
4411,24.902369504700154,51.98427380194137,2.0554036305889514,0.3745826627181027
3765,39.78136017687386,53.16318588105427,2.4256527333641844,0.3558352361189986
2776,42.32669765625294,44.07105384380796,1.9042890329032673,0.16019344390093837
1388,17.322715724636183,42.635298065502774,0.30930961208829744,0.9432430481333505
4444,33.10672081540995,55.77998033562702,0.4218655387575603,0.31182945820252994
392,10.522672794134419,7.9419359448846265,2.1987997623483793,0.8392963213650458
3710,45.16121596594144,48.14357986905361,1.7742586682006847,0.30323617092668076
3742,7.851158513426812,45.12702289672435,1.0650441162542525,0.05709127227898858
709,40.07455333813,52.57527726468341,0.2556887948778804,0.19381629635536746
1957,11.457080473757529,2.5489114538034907,2.396578687059411,0.048190802096091834
1575,49.26815809757996,22.501867836726642,0.5324250466893724,0.347415815477356
3401,37.76311103926553,29.617044817815135,1.5348862373831669,0.7803878791485922
2873,3.154811279719336,42.08233659265529,1.4116734602098637,0.7450964473407586
2423,10.199662488548935,36.07154334276051,1.3501574657148896,0.3078529139387981
516,57.46797910899449,39.08231259772345,0.3130393599375615,0.5893660177702129
443,46.87481402690941,43.490759263889814,1.2768134739228927,0.2807444279038801
129,55.95117916703592,7.394092016494403,2.1853338794598276,0.4048237101551463
2012,37.60154794193707,31.53423685366811,2.0659149130523757,0.6889883752550472
727,19.508957243870185,0.5360910718727308,1.8832625622811374,0.5032387111730035
3365,3.148819913628118,43.15898115523714,2.680515544906408,0.3133894242762646
2638,17.48946037671678,32.238705575625076,2.7815883094213114,0.32214091376350384
800,41.19482283449753,48.18645310896927,1.2779393277059217,0.9749008339439597
3785,11.627877511716742,26.016361057501808,1.081294558615125,0.003629824201914822
354,41.217040730561365,38.500755572290174,0.5113998834971057,0.9056069420263464
3626,17.37999111335329,5.276597448060922,1.7029627548373303,0.1938288586834942
1676,29.780834350675626,41.545320226974994,0.13838601317572918,0.5401860303928376
580,5.644648220536405,54.699607884363395,2.001561683072063,0.9454848950164325
2951,29.045124417372282,59.9261961367775,1.8485890155436695,0.6513101104915583
4597,4.570824802875276,25.058267948246808,1.8550410237867097,0.2579391670083957
2591,53.05740075482078,28.395002972768914,0.8532773273590113,0.9133905403124062
594,56.22336040448469,16.496507709790524,2.3277679474267976,0.5254082823416321
3926,55.44022828191885,35.04564530167886,2.3167520791700302,0.5457323695513704
4660,4.0942460806644405,10.113580066184538,0.7319535420463524,0.5799833555748047
1850,13.743318884229234,3.4685506283538703,1.247828239557411,0.048928586955318654
1913,46.91665688307161,35.422235394751496,1.0264701311407312,0.6747927515159098
1170,25.171619386354305,40.94714714055158,2.499418295165954,0.15741991534824773
4140,10.639223491520497,43.79376048752961,0.17180889478213918,0.287058246200001
3782,3.2542567998161,34.486336292295185,2.6566392008503503,0.7167857989043273
1333,49.059718120453,29.389993572681963,0.6818596536002139,0.41831342310906405
3998,33.622940995020144,50.95970301362806,0.29073194578881306,0.8005997863611145
2983,5.636273908931056,32.8177361141806,0.27635191784532565,0.8816377748408591
3922,22.25764885507423,11.753043510676239,1.9798967101390137,0.40207924087465563
4661,13.887883887554803,27.767139909584117,0.12580236171159076,0.20874933051864974
4258,32.69728323733477,38.48144892906206,1.5637236218538009,0.9216527929243704
2873,56.80446023802837,46.44174655393978,2.584244946227773,0.1040924342016386
2855,22.76612572125687,31.30163851911545,1.652563272540213,0.16666232380019397
3752,10.097762403633226,16.715995995975625,0.7486521545201267,0.5155829655723745
4734,8.189345714183759,56.02027555926121,0.8756572942863512,0.15630256358627936
4325,57.47783938972261,29.60529808603267,2.374389917451602,0.8863500259604896
3931,56.52571410079359,9.567951699690626,1.2450109258092605,0.07546542222467922
3035,34.22340189720973,52.225242992756215,1.1051732892607777,0.8532877905834229
3315,31.266699420197664,48.92780774326315,0.15571411078653694,0.582105751338661
4054,7.136652497907365,51.087023460018585,1.2263932326594105,0.5091085397443657
944,20.008501302665685,23.522982434250174,1.190132496928876,0.7914013039901021
293,23.93184247159975,45.23900427465723,0.8521827477256454,0.12869204875566342
4428,41.15984542476229,1.7831862618658079,2.360953797120528,0.21289275041423494
1322,49.68201871549004,18.02033327040405,0.6520352273083807,0.5828153312911558
4356,48.92218177192061,11.231373662458903,1.1320997050140522,0.3484137242984726
3670,43.66832826421181,8.10362708086219,0.9826505283307244,0.7172595469924293
4756,49.40162169194952,5.929627856785482,1.0084270756670415,0.4422501037529264
1496,24.810317335222344,2.0648783667948445,1.7676257494807321,0.40380549931148035
3156,14.369055405568982,12.229639662002679,2.362325077029608,0.36142153881823635
179,45.53797859677428,53.089034243638565,2.6457168187784754,0.9130334771472572
387,58.18202178462759,52.76804758012836,1.3512255884754172,0.9713854913146517
1762,49.07311650764058,53.24554900750957,1.2952629627623469,0.7377819402617203
3733,16.58253520123806,56.71161411561896,2.7435409965123894,0.019253209138799354
47,26.04529332061981,2.1292693992553824,0.8394651612760651,0.40741608931328777
4963,32.60115925241576,5.721835784830014,0.6522712104973254,0.9134034436219274
3209,20.838434652812865,22.3987300840391,0.8664262861125587,0.9413340146445037
4604,9.795872239191421,38.70504754211945,0.2854914166858204,0.09465563158086487
72,41.167585476807204,5.803950130094662,0.8620163715490314,0.8749146628146502
1780,33.77817698038131,30.624809307702012,0.1897379386863658,0.7322068816189852
4015,0.037186137679885434,2.3847920259323896,2.2398146226959,0.33735398080504886
2135,19.402984047605955,39.82074581225499,1.8576905559881924,0.18302410962801885
4440,1.8037861836766877,49.18827896904574,0.8201609591192879,0.054877828327417055
370,9.851924710906449,21.322035118374465,1.9982673515271523,0.4873555485819755
3469,59.15552137767725,35.89886762908606,0.8948559621761696,0.0754625417645336
198,24.939905606250214,18.362782516913942,1.295623965526228,0.39777871882331517
2428,57.36195430015433,5.461462392016381,0.483120214138,0.04152651593784018
2289,8.570564860475203,44.75292252917698,1.1045298188773305,0.9047988853116957
1355,0.26263875808476334,55.63055073644755,2.2798069033020827,0.7738107441515178
4860,34.91940649920766,49.36419434695681,2.2644834376464895,0.2011464651297823
4433,15.034131616071317,13.681957518159253,1.8925506815377315,0.2974683722181324
1720,50.16574015953475,9.045160673110805,1.1415830241129168,0.23773307860276083
3369,48.00363589565276,37.38911193651945,1.003843762282324,0.5642201535400435
2134,12.921711770900481,10.494897307467452,0.7286849464990613,0.8640951156151963
4192,2.2729797267567187,38.85287902477772,1.3691889181632302,0.7456536958287107
4405,17.142111562096144,28.736274217383645,2.5187369687503924,0.21813995880200387
3707,23.045661705049127,43.25422573864746,0.6747604062142015,0.16165482038007872
4245,51.29560102860718,54.214876081537575,0.34728656880493114,0.05283223257595082
2216,36.24994929499993,30.709251442985554,1.0741237632269331,0.26665825814880595
1757,58.64800933785299,2.580055309956031,0.20791325518427572,0.7350440986371786
2424,56.594831207341684,56.680304910356995,1.6386157459411352,0.9994538808558444
4708,4.747866064429136,17.625819885899702,0.36480704128478403,0.6867647839081235
1056,5.448092485059077,23.435481345595754,1.2672686050074753,0.9095293898152053
801,29.631510538533362,46.57387426386153,1.7885349050455768,0.5375531589752668
1972,30.58029238252383,25.218951607725273,1.8188336939940317,0.6970133836029052
4420,50.13317316783842,14.050662133777166,1.1403305727471125,0.3704698207607967
1634,18.83891399246609,41.86827547893936,2.5929012531254534,0.0607311305202789
4823,48.75344105587592,46.79394753997268,2.0115717584822024,0.5355616926542198
1305,1.4975408130948553,21.997533679134868,2.5194281151012246,0.022080239009210523
293,56.6799851087942,25.50424866520458,2.3252111266912387,0.12766207382989336
2935,58.24494301104865,38.175783409600065,1.2077056484602835,0.7381906614358099
205,49.155249194940524,28.347536454641645,2.3162741753714475,0.5564386807259211
4656,40.03088145154173,0.322094483153359,2.618639742051066,0.45435679277391916
3584,15.45166123452368,33.88619316272021,1.350190860858739,0.0510548274097703
4415,58.02568026730503,17.638698667815824,1.5185312918176423,0.9560014060598075
3420,21.18987172235738,56.887565723859275,1.8645480812455726,0.14945001643279476
495,20.787011989596277,9.03378153943759,2.559329567646349,0.40473248661188266
968,21.466040768207804,38.2899876919303,0.45218566079996503,0.8810349603795957
4926,32.550029820076155,53.386655001253175,2.0113301914733084,0.9754668930750249
566,16.772026342209713,27.30709008704211,0.6270053958469061,0.8165636306713656
3501,25.441058001237383,3.3685948087425355,2.373670444231107,0.7402793885367076
1943,44.28392219371672,54.643444384905386,1.3413679730238584,0.5578540677875985
2423,59.73269737315818,4.9594402035932506,0.7539807170782205,0.8179103302905197
3942,1.6782117738481395,13.917289676328476,2.293768087076759,0.8609099488570588
895,37.27998814286917,51.11557723756136,2.775356018951214,0.9254824074309107
4253,59.43483889480311,13.811428118834602,1.421778448923903,0.5641507803917114
2923,59.257685279765724,2.0227015901186784,1.9204488647190736,0.14145417635305424
3462,26.226676111381597,15.937316424688621,0.594980783056264,0.4282094336857907
1701,46.86335126112394,4.586621179686743,1.150014452773629,0.3227859189776827
3859,33.849191779413964,41.64078112776109,1.754063175563638,0.18020158954510168
3451,48.85274128321976,38.83060312457946,2.2611737017035693,0.2997670750161582
1443,17.94212044714549,17.404604795857065,2.1112413368505454,0.9809594277963802
19,0.3468476079514282,57.736360062270705,1.2762688774827344,0.7725311502405582
4923,2.3822834105964352,30.93573572159602,2.6664224656351285,0.25654994952637045
1355,51.22292414004535,56.32998922702401,1.5992818386873684,0.27972412545715963
1007,14.191554436921823,49.57868722671382,1.9400346184809218,0.11777429457548594
4306,25.87500018694408,49.69399455301664,2.7404614107378356,0.04436060462528513
3284,10.521289976277316,45.03212420918186,1.9851185715816952,0.5998049950992872
3626,45.98492740268426,21.00178010362978,1.3025917963495965,0.7928955270380025
582,28.884563505418775,0.6289897269654943,1.906488920376332,0.19927301572007539
4672,43.92834611260498,50.06213985496104,0.9622619551769532,0.8792839596449488
4317,50.17248183695447,38.54685013645845,0.6028579360369563,0.06494287255083508
1962,45.50945321553364,4.242913684082552,1.1755940460153997,0.6642322077492715
1460,28.658950603205174,19.35892382425173,2.6918497147569913,0.7457855825907458
4159,25.003242992838082,9.737386141422238,2.7071711671216274,0.3806268509413059
4378,57.14575971631875,18.9268570373444,0.61024620675581,0.7276204428647373
3784,38.360141772060075,50.38702746521195,1.9122090537068432,0.18830929959998477
3880,48.68139237555165,24.65064224340684,2.4683645288335367,0.6072211051010898
4082,0.7744060729621305,26.592360382098704,0.199898535651515,0.6343462867192668
4262,47.59406033783545,18.18254678040695,2.2132830567082626,0.32343739064869914
3850,28.75365519714561,11.355738772888312,0.6170541454090717,0.2638715008317013
3656,43.35435327723142,8.14055328583559,1.8061219110757785,0.9741059994569398
4505,44.265126914483744,1.8657360276742696,1.6267522328966098,0.09673729442912782
4659,21.10491329616259,8.540015654765963,2.1687685506727936,0.5250620357377689
278,37.99366161542487,29.37937859180133,0.35504366460306847,0.4578795924539608
884,25.588783847179165,4.835560564480201,1.4429510546130608,0.4301331307767985
3227,53.36275211217499,25.400775967505037,1.2719286936647087,0.1078664635551787
3646,37.26157738927022,30.360903173019768,1.2500311679159388,0.614240941428873
152,16.25941876954034,59.31789485638945,0.8369669000707741,0.5985341956394157
1142,54.39869733400369,12.969858415486843,2.4450778642494755,0.9895436837453431
1830,3.0847035121265343,14.659141723568066,0.1580968804167691,0.3926778777711467
138,38.17291065937785,46.67789871807988,2.544291946826932,0.9652879616685377
1300,41.6290519754078,5.592742381642011,0.7923228166657745,0.4291508324682436
961,16.108739718513913,46.88503100887617,2.4822238058289297,0.6547339440888043
4942,52.2665306997937,11.975147914324642,2.0211625909985047,0.8111328866374669
39,33.11279200336898,11.831400859393714,1.1965012076199129,0.8471409901843362
1615,39.84549509417719,20.751433645530764,1.3307582202959363,0.8123658858538078
1425,9.174265210304306,13.049997204460482,1.3069478615002204,0.16458772004016164
126,22.76781663453263,36.70518513368253,2.208843746896482,0.991704582886792
283,15.01792358655171,26.024247827648175,0.6007609988708287,0.4619880066210461
86,29.597979596074282,47.575212052914495,2.012842170774753,0.9068915785790018
381,43.41279480595189,44.675074870650185,0.7411195575844899,0.28692333031636585
4321,42.58032380695445,28.639682416466666,0.5827209625266521,0.8406332456289927
3034,4.7683376625984035,42.30050969737428,0.3492206847473113,0.041277054184372663
1057,57.09165612570251,18.57222381295935,2.7375104158365127,0.6082081141942796
2684,13.620425497397008,13.026824185509318,2.339337283101873,0.8401172946117105
951,26.807013507548703,1.605098677262804,0.6155944014963701,0.23313546128535534
3573,41.65061904126485,55.29909561783398,0.5813174553863695,0.8467302492842074
4125,25.504600814078536,44.749704588597915,0.5378374737701426,0.0862003454353466
4691,35.3096402095149,38.847296361729704,0.1423372267765884,0.18889412646521775
4692,42.94684443458159,36.49265046718563,1.2250869034579792,0.48443835896647847
3025,36.337357848848825,54.08033453699371,2.2665636575127066,0.33338360608072004
982,40.28505105473112,58.93044781083316,1.1896432196429523,0.5230743065565414
2497,8.74579697244598,4.974918575906237,1.9362066297223917,0.36743510648596867
2731,16.085930119265875,9.629693472817616,1.480635604438417,0.4432908058120728
3507,47.34293213241313,48.210008900138945,0.3885310782967396,0.573779707991837
2659,4.828783612293808,49.37453463478518,1.6332850720318208,0.882383865864131
1552,45.921365824853844,7.209537158216479,1.3721003292556788,0.9741521667400659
2308,39.63355559045221,26.193678172488084,0.5010754888767297,0.7057334246246739
4759,30.177290535876438,40.5433845696403,1.1173980521045348,0.7858445982995381
4998,20.197927444219676,16.84054514545917,0.598421532855143,0.21602037473632052
3680,21.055599324237924,4.81331654948165,2.045549791888565,0.5653120853573503
667,25.16339191261794,31.027413655462997,0.9949301548555504,0.3077998391625426
4168,1.206112784632427,54.53330696010318,0.39342597274267455,0.7078368645065028
492,52.711033168564704,16.290438846080328,2.2414928070018716,0.9759175567810979
1820,11.293627335602608,9.825432781883308,0.5849201520101623,0.6718880012891334
3102,4.898655485077603,56.8506689256892,1.0004511532442664,0.5203317050542331
2030,32.669503664723656,53.20100476068928,0.4340528579778481,0.5827079232100313
2769,3.1290827418389355,13.099196606437054,0.540158898722674,0.2300826692049841
2713,44.49591899600773,45.99506530861253,1.2181905578703531,0.04570903948237792
3219,55.26083778370249,38.96872949830736,0.33772016091974244,0.9057325485301869
4356,1.0717287706253154,56.951347238108454,1.7731866674113952,0.6666154182709211
3410,42.26307992431377,56.76581743835604,2.2383433685446636,0.853652241644808
2741,54.4798934974149,23.822231829406007,1.5819471994403191,0.3472133694868248
4731,5.8819819775847515,8.7235277343977,0.18171544756333285,0.1682713636736506
4121,1.7646896103399912,41.904493101327134,0.7434977395628742,0.81181977429424
3625,6.824087531055292,57.25394807864556,1.7008521891641526,0.1349033526989173
4957,16.91676163708108,16.837997941052304,0.3426133963093302,0.6837533851318203
4113,52.65650512267739,34.786490191200485,1.4128262360460109,0.18882596892606218
1227,36.661001998023266,4.892600020311244,2.748087499191688,0.820814910351287
3799,26.4866883117108,4.801730849327108,0.36955183794673263,0.8971734316596987
4576,26.915055611969304,42.71348010652332,2.023812099066347,0.429561507987564
1386,35.68390831560577,17.29056014679724,0.6569193608674126,0.032511057261449317
4092,17.62294526934876,55.35140794202796,2.3940832702716124,0.4101978640273546
1670,20.206609041024674,11.762843897887,2.1039883134065485,0.18985640405381932
2027,25.99345528884878,29.91733537469922,1.5397362218912687,0.44456106004224005
2323,59.67132801587126,44.107634272741,0.42420746943638066,0.3031165999908979
1874,34.83614165124506,20.071708988477027,0.6576478362960351,0.8135876625621838
2381,5.2840802058576,22.878761169084456,2.0563425201540646,0.0939213505106371
4511,54.52371226101792,43.38663559294871,0.15113253453009923,0.22989454010411725
3352,43.070095279629356,58.523427178333954,1.6157498123248148,0.5228896514212066
1761,1.5746095992640807,41.85622973723275,1.1529905611706521,0.4570178901276243
2528,27.861781545400845,34.46191897438229,2.1301096842117557,0.35612825399367043
4814,55.665587121954125,20.38945191883692,1.758373742402317,0.18452752477588386
3402,55.47180948591905,50.92881228488299,0.4690074125832261,0.1268004768792531
4985,18.98961428966626,0.6602328692188086,1.9540109552790155,0.4005188625874565
743,30.384003191905343,57.10521784847459,0.5704705379884677,0.585556123800616
215,0.8266169184559291,0.4885539558162644,2.0016144315028295,0.8237744169944318
1025,38.04008504565457,39.73248317364673,2.3581606716907055,0.9378012617353395
3479,17.235586155639947,15.5870242870838,0.6664947634760288,0.40773666394250985
3725,28.05920265454703,34.299814945826824,2.2971708166118576,0.6091445981185237
3841,34.53068517586928,21.706279764054102,1.5579719993209713,0.7698047917614863
1262,59.80117458985811,6.321042041056845,2.491353846361986,0.029713878464616372
3075,54.694728167077166,16.44816474686795,0.687994349392059,0.33436917845672653
1119,43.34350914938701,23.360374542265,1.9417736681070856,0.8304642772653466
3286,0.7248188292341107,39.59345402327801,1.2566384821888994,0.5602416438662041
172,26.364805944094996,47.67760704095766,1.4303106866154325,0.4433912390632563
1746,12.394469632762526,34.154565947416366,1.5398394283560437,0.6820565277407997
709,54.63667637940221,27.52985235632893,1.3321348131482151,0.13066662466581924
4005,54.24575542680358,31.21332050339194,0.7185129193142854,0.5833784492015122
3020,3.4369732384459817,44.416835456838385,1.5976704277931677,0.01350277720427806
2676,34.24874936604504,50.68904679629036,0.8124927989598449,0.44395628503372253
3139,35.753446593259056,3.913161174254731,0.9044719467077136,0.007737186764888659
3674,32.001053862949156,8.734714169024269,0.5065225000075786,0.45206887834339293
2823,50.572536506216096,57.50097231448067,0.4480021619598402,0.9900287610268939
4338,26.448741978969828,14.972840927755719,1.43494631414927,0.3331942374327638
3975,53.58132596504422,31.342972183908927,1.9963269747838213,0.997924375213306
522,20.018278012945704,11.849787198314282,2.0100239790219723,0.44274311996819793
4058,34.92147459498919,1.333783938932449,0.7243569934011409,0.4427770964031488
1171,54.040871749122765,53.18003691432124,2.273561827593913,0.9163801770323236
1746,6.880036504872553,3.481811319314254,1.7947311772500316,0.4129779389132402
1347,16.49104438058629,25.490731180942422,2.680641651507224,0.9008737085027849
4341,34.931344663595056,49.717349410319386,1.831633018624956,0.4408443002055127
4902,59.332729539941965,37.67437752738498,2.280844661193079,0.004361402788693902
1678,32.5257975584299,50.8653602146477,0.44382628078963093,0.9870121545107722
4839,28.550085174468645,44.75514368763972,0.894024548475299,0.17857477713218983
2757,47.77391834233082,1.8720191163918032,0.9453174866971467,0.018605767530124773
73,47.58863980586053,2.2594776269179806,2.678113908314603,0.05503673781676266
2055,12.32897970065579,21.718258878249245,1.3134484662982255,0.8582936945474364
591,40.45256133374144,31.927511100975416,1.4701475667942054,0.28712728213209715
3360,52.332363643117986,13.116291402718563,1.7871538458855551,0.5616662450249071
3201,53.474555076596914,2.786847017399985,2.6164120867203455,0.8051352305423458
4568,17.071409497141396,28.65831301758645,1.4123746226374354,0.26001732208896644
1067,59.17235210676833,27.695446905848755,1.1803802220569954,0.0747166581878258
3144,44.81183779509577,25.565385105705367,0.8209956175312579,0.818721004736366
1585,31.476987381505975,55.44733780965168,2.6797575912754663,0.9207406984595141
3481,7.574306287691801,39.9207673869318,2.6119825783545427,0.3795018330902885
2029,48.71951691265654,25.598230808340606,1.3670186282814436,0.9449517701311663
2621,16.79355669500676,37.55963731357454,2.2145625873920562,0.3245171391477034
587,43.55716162514831,36.86507695741676,0.4628282721079696,0.18541849552701073
1132,21.777991831745712,4.8944768041419495,2.248174279899591,0.5391112809685047
2957,30.581853565117704,10.740968370815978,1.8708643603296897,0.5456340884594552
2259,45.11121694841853,24.716738607873157,1.5290521450706993,0.18500390892802143
898,36.896158634664275,46.801577256289875,1.7621567682189547,0.7929557030831259
2050,12.15538191762354,46.03135023161594,0.4461356369589,0.5765713854005843
2311,39.96259089271557,0.3487854535913826,2.0004352662311184,0.9599672995705508
3596,2.812553712643453,46.220951491223495,0.3847475498525359,0.6012047520115456
3266,48.178919228357884,45.460129651539155,2.5008729662101628,0.4819902416357047
168,48.404196618741736,59.343094575260864,2.353328872404605,0.7331349843993863
2075,16.0212240607341,10.975955546661606,2.2870677159715647,0.943808578262281
2458,32.84063021853362,13.729839435865065,1.5031575957848975,0.17565750030173588
3696,4.378263976456857,26.72665832917923,0.7696545368787006,0.8738366488135944
874,31.634799399753145,46.027995719219234,1.9077285039717362,0.9951574818001012
3030,25.410095492738183,0.29592923470584287,2.4500375589361596,0.2955632856943924
4894,30.642643113958215,57.47101854901167,2.067834444333903,0.7614006436545745
176,18.24845013791166,32.22171616203177,0.2720071507864142,0.41012354269989526
1626,12.01269353391907,12.748866767875782,2.0806634199435536,0.46746755966273734
1182,32.147514219931615,58.16443651477884,1.4403199705897614,0.3290488398420033
2217,15.411053194354922,42.72998770548222,0.8499909759657716,0.4788458789682887
1020,47.52843665887571,29.818566965119473,2.362822076590089,0.9522109321303296
2776,45.85026921692496,20.05791136650548,1.7463682666994758,0.7381672898320282
2563,5.096693349598467,9.869854688784645,2.6255591801089833,0.23872913801106954
3956,19.895849309867955,9.538324505879004,0.216664753891889,0.7172885232706133
3229,54.652996348067866,47.69594407424886,0.5871255368327455,0.06791633417417497
3325,59.23160626912802,25.20461458872215,1.168252254069094,0.9345059123961903
4749,20.281798430670356,15.969639349663499,2.566382559679322,0.6056874233275708
3951,46.49663889652252,12.12322131761136,0.7489067483548382,0.19978641329602875
1835,35.46925261172535,56.971338661558754,0.8215889729956068,0.9340700410508335
4201,41.57691896686512,12.492603413538239,1.4294165959604586,0.6827978520597601
4567,46.88082538451393,6.544622768331383,0.4062970705625739,0.7702488081122059
131,25.49840351404409,11.316512622985632,0.7548320329778855,0.4417697184118299
3242,23.229233793276236,59.27825491216408,1.3237055183739002,0.5810233080112959
3261,34.40157934009862,24.934493005393662,0.7527814184805058,0.7875242139920435
405,2.9310658245958843,9.270324759425424,0.5315662823786141,0.7071669605695086
74,41.20684655463812,24.041622146438606,2.737207863610756,0.24207675978840393
879,42.89829877052281,50.113071326872,1.0641602101478642,0.6055549167551356
1415,28.638284747168708,21.214086216829244,0.7101307304544513,0.6881503875377519
4757,34.75839858593761,54.01785332300326,2.227652893615465,0.15214668837377776
3023,32.713375785409944,38.83162291977688,2.0490215155680196,0.34031188158750036
1046,5.258782284974246,41.4671606234546,2.598976457481384,0.28008322047117185
422,6.979903584668852,22.206361390867244,2.2777587237239065,0.869159211047917
933,31.152654995764912,7.481315502299335,2.139503149008061,0.10899882758287449
3154,52.382472231372745,9.41338612395083,2.4446503309828307,0.33717308744739727
1094,45.528387364583494,18.66549442592188,1.2154379915049207,0.5078184183650066
2439,11.284330815216316,48.012147422324375,1.0198580073810641,0.25737104272065625
4681,25.921756484606753,21.084566454666117,2.0999894425093406,0.9634551081549985
4797,55.70502428734423,7.6581794722063385,1.4506792768332915,0.48717752146078797
384,52.1637176353663,35.50428435796056,1.1527746144355089,0.892599845946145
3347,20.97790806369681,36.38953079866526,2.786919417359631,0.9299922221511269
1860,40.35479047832953,32.67829088760068,0.6058552634655356,0.9390085532479532
3706,30.965044001877587,25.138418088810994,1.4844970260569046,0.879843502975465
323,51.47279414492272,0.5689757904812809,1.0256392880790648,0.5534046438731197
4213,17.040049544972167,40.90690828985472,0.5015039165450089,0.2982231094364335
4434,53.691158332613476,23.43000778843626,1.9255431856491187,0.2989110972160559
1776,7.53382467770159,44.85340600656265,2.118734068088425,0.328109803482066
1620,3.8108931175322436,20.554281534866714,0.19288663364638098,0.6888000669953899
4200,4.699114356615772,54.89600078941392,1.5082478887627748,0.3566448946946684
2082,36.087498836835096,5.297625458439869,1.0338649717209294,0.11794061593068839
2690,31.03385235776788,55.51736391791287,0.6522706341234723,0.5362422196099311
222,56.9562521897628,51.59777083022179,0.713221212411789,0.727382637651999
4214,50.573864796877416,41.92025475011928,0.8230099097666127,0.8273701338981667
654,2.6485873404007165,19.068109145190963,1.5340553146952813,0.3198150503596977
4835,22.95811045109448,27.091447626281603,0.11793434161211579,0.3832903912827429
4400,17.974899284727336,3.675589818908336,1.9559467841158726,0.9107935684975381
4540,56.28939289304532,10.88320998267257,1.2400484593181647,0.793626965326167
550,37.46931029291982,37.01989935348084,0.20189173603279795,0.7659386969620338
4679,41.01523982575731,51.19071802935835,0.29079094619112794,0.7298557481792886
3423,59.67070073343533,35.26037541718087,0.5927664599823226,0.32250123637594397
2685,18.36684386967131,21.777367554679337,0.7519162283661976,0.18388474805709076
4817,34.16072958637683,19.05052008775272,1.401018588012344,0.11498550404902075
2682,57.516596461703585,38.979812054717065,0.8136531806755211,0.4550007967633224
2862,27.325812687576136,8.203764395087596,1.3728530519256443,0.3852908782294745
3963,24.573788518227392,44.316894959734526,1.8091823893220071,0.9484840461884063
4631,9.311604065639736,1.4796504295839563,2.3167614521890387,0.35133925797644705
169,20.92516420042118,15.014614623894031,1.8816948503603046,0.0588203580058122
3443,1.7506570076054806,50.74706806361144,2.7012554882858555,0.7979643398843832
9,8.153047733816788,30.004410128292427,2.3826603551242864,0.6416167347311434
4906,40.24487121976157,48.5279641927911,0.1973089641889007,0.22813275700015567
1908,34.706953936426565,51.19227186997077,2.3860965931164095,0.4594889877030256
3790,46.272011642400344,53.41544465831537,1.7551587106855362,0.07924850482800128
1709,56.602349949449405,19.48973015955271,1.8480516266163423,0.9932468922593672
2729,50.964362586149946,44.10571935419498,0.4917937707448544,0.0004000534373691522
1946,5.106849539492718,1.462561536094622,2.7418418987055024,0.2899084845686051
54,10.794918587905006,44.35805255365728,1.7711846789745496,0.3111451918978909
4482,19.793429054324122,59.92123761314352,0.6192576808018051,0.5336219576947885
3563,43.3411399796611,45.77104782094625,2.799922328347215,0.9328655307179476
14,31.462013217190215,39.21018953940476,1.1775356434676094,0.8485770327673855
1961,4.8030873029945775,24.50300863853079,1.8602648731901343,0.8006175736236508
1569,25.249256458522023,45.20022345509971,2.1695563609984507,0.03909822942204433
3424,12.519397790371043,16.086989169039427,0.7205610962716743,0.5404196017769665
1598,36.596808930522904,32.558686704634894,0.4514985441079883,0.34500595832553094
1380,36.67292658279379,20.47486580025213,0.7175787795358972,0.7139715624865908
3941,8.901976295385168,38.88231051513088,1.296219873005856,0.8929949158381566
147,59.499238570843666,15.772463142775566,2.0333622525516604,0.26305253403319595
207,17.041107839429117,34.00398057678657,1.4535247309077817,0.884572781404823
2544,28.749127852190778,18.10031696367465,2.2561225095587365,0.8153603403825044
485,8.372103573858475,31.647637330842866,2.319617969623216,0.18717174835147177
386,8.76949299374572,53.16475111012879,0.7355933498864488,0.9225345447164918
3177,26.506041832591343,45.374054596188415,1.041315945848887,0.004421184426937508
2774,38.92859961505748,45.45480601098545,0.15262782645349918,0.3248059363875888
71,32.53779079196972,20.755068070092534,2.5653240945447755,0.08819714767159126
4302,11.7156675703447,57.036885157809145,2.428180419113094,0.815414573587101
2030,45.94726057450658,58.631043524464474,0.6386884881748167,0.03627675429360955
2138,51.98097780221718,14.177537538609249,1.5734895064557854,0.3212879180802546
1819,16.218552541164954,39.79938610603916,0.3495315550482109,0.4089196744536776
4567,2.674847157631124,42.52491468420187,2.1816147215195847,0.22286583971353346
495,13.071399592476954,21.857287973515646,1.4967173394601936,0.33725647107651424
4,5.945107343054956,37.76731495876206,2.0934219864917996,0.39341884750241285
212,16.338607938400372,21.40600922272447,1.5183188383527262,0.9709796125273153
3740,33.98623115388919,12.376122383857444,0.3618623174560217,0.8225061900315601
3702,3.9096157330727377,36.205947897871596,0.47173163640600324,0.9867560201811635
4652,6.6399846143358925,36.899815866545914,0.6593346327098308,0.3709208958102035
4687,56.40767089505419,10.275325573334174,1.7995412375257331,0.9211764198783094
4447,9.875405978697724,5.981038083086039,2.6064049715379256,0.055334189167182246
3255,51.2799551588852,47.09555431692328,1.9028393510050117,0.044689465655372906
1943,48.28789915892742,41.73623791441795,1.9416470222017352,0.7249994622574256
2375,43.5125849542948,44.30698092181259,0.34246973074690823,0.7156925119439269
2063,33.8981958166258,58.12003485781391,2.1581395190991444,0.10499041797349384
2773,46.33673377850511,8.264344883753678,2.771203021159937,0.5768188548309466
262,50.334806370329524,17.64971359407324,1.2754203854691004,0.08417333313024156
2510,47.223541664350044,17.656218339416732,1.7568816550195552,0.3953795367446259
1743,52.58022880250474,15.903974273632052,2.448354181162347,0.7459430857748676
1095,22.020686831333087,14.185561517445525,0.8600501867185174,0.08945818110520976
219,34.17587873965236,44.102874956414986,0.7240107409246468,0.7787343162299086
2549,18.404702604342678,10.309737472794536,0.6646355633457837,0.24536665949649417
3121,51.01816731985654,32.70215443427745,1.5516957884543234,0.5145640553953214
2335,0.43463779144073955,25.170023173137576,2.3761784649026487,0.8074339852606204
2359,17.96605096704074,52.539420065385094,0.3978560093726874,0.5579639551314344
1363,2.086835787234278,54.69034051786882,2.7075812874260206,0.9879716222971936
4217,0.579249620815967,12.465315829461423,1.2582783592375704,0.35901971196151794
3202,50.88535852733137,47.17714078137172,0.4023317181508641,0.08251985451556121
4294,43.4309733066363,42.34458722127083,2.3753768723613056,0.09792754989756058
1258,5.756030041981967,51.12804636110154,0.47215877304671305,0.27701272834097757
3055,54.184202791223164,57.92210580352011,0.5951525972930957,0.43939439920739976
3089,52.4549597445113,10.150391750169899,1.7383360331943123,0.9604049797436914
4062,38.213557767803536,45.694776381176666,0.995831256512276,0.7409504248028518
1223,39.287478366283096,24.466731653740116,1.9885788257079018,0.7274970448091891
1812,28.51033785592221,10.593450862515134,0.24360206971266385,0.5416841922383939
3286,31.053386357032625,7.769079359770745,2.2815880322901365,0.6757832014018991
1688,25.9971599343291,9.841016916681046,2.1534476310461943,0.17324635246745412
2305,53.43360559039237,43.24606929302288,2.001368331841383,0.13789026253200642
3328,59.75181356031146,39.14766608862847,0.7954397550946756,0.05793881017291569
1212,21.35708901169528,38.68966035961429,0.3394743814758432,0.9769162069965245
3265,22.829165467128128,42.96586383862949,2.203070173622128,0.4840766499866902
3051,46.08529714876446,15.342601468990829,1.9981667210733018,0.8975480887592104
4832,11.598173858723072,30.767158635384977,0.8036532287335509,0.937930151631843
632,46.96911986337313,48.55424637684084,1.5906967392161224,0.2797556835516871
195,12.198911310128874,37.974009917342855,2.329527855833156,0.08776111404828635
4608,25.433932100464144,37.08868386946171,1.022000558909334,0.6960677065772835
3658,2.9714643856642353,49.24963206389519,1.1135729161251746,0.3530570623997138
1998,37.34842473152899,34.92393487825637,1.0448978865487217,0.9408824394819136
1757,42.02636239854542,0.8093158247782339,0.5377232786664066,0.7045681740094331
678,27.106317942005436,43.363944894719864,2.141858667483298,0.08050533944150318
4386,15.559311021591187,28.543039183200804,0.5813431617174973,0.41473906785175463
1260,56.6969178833491,49.21965669026124,0.5537205442034616,0.7228140676724317
262,44.984371580285675,40.9869618104503,2.468849216206528,0.6268659141847954
4594,19.812908124098456,28.191057779491466,0.20192721480461867,0.08031202496219858
3031,9.76957921625359,1.8139213826619804,2.109603977194835,0.6940270475142739
2878,8.766831868592204,12.9668898054828,0.4479910643861037,0.7409783137400967
2488,6.074165162345071,4.962710796817344,1.0798403086543154,0.0042225891398336435
3836,45.497553480566495,2.191757951885893,2.0020484691009703,0.6739985129917653
2516,28.771640261396843,44.123282229567835,0.2622594910134939,0.0704519699201559
958,33.857105343920374,23.600029248769665,1.5619051253032237,0.8670539287959094
4310,42.5991379254611,55.99359637401817,1.1347355696343726,0.04615025914869464
2089,3.61372193582008,24.621013426447593,2.5778064427794845,0.029966584441364796
2880,40.055793719555105,2.6907979381204816,1.4858997476796492,0.6421675004801067
1270,45.65047358328494,35.310891106333784,1.7013762638783059,0.6943399628348598
1390,18.984203085280193,47.93893402238751,2.2546063762678474,0.16645543579635247
4043,54.495422044044965,47.05313422736705,1.5897818774610777,0.4408943418392468
1262,49.184546863023414,45.62510684141361,0.273981434222072,0.6302963570528178
2437,33.03851148309922,9.204095860222486,0.6903943015930021,0.5685653568460679
770,22.837870755424248,44.97462474288935,0.4926900092672394,0.9459672035899893
4282,42.48554935857443,6.208427020004718,0.7286553517379646,0.8063207892642571
1055,32.91176859303413,17.164329521868286,0.2668546224912222,0.9246134591708313
1671,24.304563867360393,15.103088367369438,1.837944009288549,0.9666123302150349
1205,54.352953632697016,51.83062516332491,1.259390648471911,0.945567279900519
3227,43.74673676057722,2.9450577637049413,0.9473463862812224,0.26326255078828054
3807,40.027094719523575,1.4112880493639657,2.5011059273435685,0.7816191195519194
255,9.645091964229248,59.38133267601862,1.1044793956521042,0.36154169289526705
3063,44.272613301296914,36.410721916328164,0.7859204734796739,0.8354118609702442
3981,35.3535938680698,39.29919599169402,1.248285531476889,0.6415437525005954
3874,30.8674068537293,57.245039318821334,1.8078102140255583,0.6465661407596186
2951,36.251347963968264,20.76449362070432,1.1420217402563715,0.1550422962622281
1486,41.54988225074872,44.25151327737423,2.3160344856957775,0.4416624411634077
3495,56.67327306689704,56.077161673680976,1.566850783411649,0.4807056190831286
3535,21.57481801074291,33.60899175343846,1.409024295995166,0.7724308991797196
4923,31.197000409347282,45.50375722744384,1.559879519836937,0.8578839175791334
2590,9.989528615345195,14.315939358516854,0.9624022402351896,0.5963004422650151
514,9.960714504217787,24.53719808567699,1.36867647668826,0.19592530932623442
3015,34.8358886514082,53.75521563879228,0.662655624882062,0.5433529255125802
4088,39.40426601979328,54.18411585335608,0.723522007155969,0.538370243229529
2484,13.936434326016268,36.69607920832662,1.295597056943745,0.963216152639695
1045,9.514021913077757,24.029177811526,2.285866675178179,0.21022003779989673
2300,13.786575380036677,49.832989757388546,1.7058037420324805,0.30171154994032745
2383,21.43002546908461,40.216317063791976,1.3719359997968323,0.580763179256436
2231,50.743777744069654,12.935379199645658,2.5769570930412087,0.4325307197480063
289,59.45423341070229,48.576335585678315,0.6960873420322966,0.04470692919461916
2320,47.89972687638931,20.85015807363215,1.6456817414820786,0.505545541232441
2484,41.69943972568515,3.4134885873919285,1.1478223247322634,0.22264452817359415
2169,18.860554843166458,26.936561651758065,0.48850111889976844,0.1433811374687386
338,28.18661728028442,26.27171592022364,2.1134436144077964,0.6690053141474341
2325,54.33314084082243,10.657989643987518,2.2004055745793654,0.03387516296152804
370,31.196083774734117,19.45927477828083,0.30041058437648027,0.34082445075420553
828,9.67177644012503,51.24391503942559,1.172726696590463,0.19680081474661693
2565,25.777055073908947,12.397002329771317,0.35490040744371654,0.9027922806693479
698,37.766458940649706,10.33371029989754,2.5856332830274846,0.40370571143515144
4608,29.36586123672494,53.88511220275519,0.728281693209726,0.13088281771306165
2820,53.02662339543661,34.40410357384936,2.3216566529573424,0.7959329609760868
1045,41.5531484447361,36.446780839173684,2.433899837970462,0.5974012279390224
3118,38.36194830785285,1.3806782706887488,2.5505196952028806,0.3443531527725918
3146,5.429997258549282,11.960817649972897,1.0364480086693948,0.5492183041689302
4643,40.64874280136942,14.987178229596497,0.8834904356247439,0.12031151907628168
3371,10.780553979558798,17.19707153865531,1.4929334739903055,0.7975812212695828
41,24.618183548274185,55.840765065779216,2.010960735770698,0.8278387241879039
2904,24.247584612614645,12.04828241555125,1.2443258884590882,0.6162850537544324
1886,28.113365037710786,16.75156375826625,1.8109717145388842,0.19015911065679858
2956,40.527545100126,55.07987560926742,1.57214879289759,0.8956364132532002
3214,19.100912253663843,44.08600353860352,0.5664000058784747,0.08853994332035997
3607,49.85326630508233,56.055742649277704,1.074781445711793,0.03358589622529129
2200,16.657839954187747,2.4463700236643926,0.6140203094971064,0.3988557652703446
3741,42.058583855003064,54.73415393704108,2.3281617707592255,0.5893932689210858
2401,41.0493794656002,6.064322990108064,0.5119593456664067,0.9534812490726935
3032,19.87033757318818,52.77736164370784,1.2778242834790916,0.2392866457735201
2720,55.30519939656228,2.562655365611697,2.537286446958832,0.7124110583861889
1088,49.09942668282897,2.931286836686693,1.3163269903236496,0.4219912249323192
2692,22.09713086783053,19.562795423332084,2.7831906473042456,0.42022508761593413
2107,32.36087146141961,32.90893028938799,1.429688674192932,0.02200814155342179
3111,32.55048445889964,15.260578003626492,2.3747090779482827,0.036156638584217915
1948,5.172941896990373,31.375994685075803,1.4357653137928978,0.22279521444464467
3620,31.816047793496868,19.84375424154261,1.0384547813444234,0.48268263147557355
4351,44.61779148555069,50.99870969375618,2.3113765202434804,0.01883611134871288
135,10.169310220742926,46.04562701967255,0.17657312941038616,0.16452863134217544
1754,31.36886280752277,12.476115232507507,0.6029533995702859,0.025019480692473728
4290,38.64815356002692,30.47540364922297,2.483654932614951,0.10500352111590117
3779,42.065716930783374,55.99291702700564,2.668017103871245,0.2420868252653886
4761,32.1109696495377,16.259448940144427,1.4078645093087427,0.00909282847217563
4063,18.21167287469108,40.68386074646091,0.48627285217789085,0.23891810261319535
774,29.93648235478259,51.31492861464418,2.6908589280936672,0.9436901645554719
531,25.940557851389556,46.06313348574683,0.5190720744376506,0.09694500325041577
3573,36.821244519750636,53.813274835967015,2.735548601556443,0.9101461865178069
4398,6.4725045816205595,22.993148931737537,1.3842137010088698,0.35455106123943214
2552,50.64130414066917,41.30429258319402,1.8954453412800687,0.38633424968461494
613,53.50836049643367,35.31001248063182,1.0933423261094128,0.47991438136952813
2174,34.708970944222614,8.1066263087623,1.1869547602137638,0.7783831341360694
3332,14.936463114006857,22.102294774347207,1.8360744879465225,0.29211898938944403
2614,25.07884328131075,45.08839348399057,0.23663284896516978,0.7911981901530518
2417,11.34475574465666,8.72523656648089,1.2797770005832803,0.9101819425647403
3967,15.607467444600207,43.167916279876636,0.45920745101860094,0.6375797027874975
3166,17.75977686104676,55.622873880712724,0.47356313001825145,0.3807067778107748
4129,30.979035465291474,55.05603771028229,1.9758643422781892,0.35715673805468373
4232,51.36921976060011,10.336527930500843,1.3288091387423961,0.05583862943492568
2429,57.46544286869469,27.25589972575382,1.9873903682239311,0.6215414740527296
3865,45.57825148407141,7.210019947342962,2.666552139875969,0.6876543710187176
2148,27.744791667847586,40.712250956748775,1.1178388257612581,0.7616807902553552
1500,49.69540556809526,45.21077255087238,1.6329523646644506,0.6928327662597664
4488,47.32871986578068,41.24380216151927,1.6106143452017947,0.6651015580248939
4522,34.29513059199114,8.752021493999981,1.5731175493613934,0.9989188902571643
318,6.707898113026955,36.971779196875765,1.0110102218381802,0.3648399318110901
1880,5.825764525014474,2.9318576813487662,1.532842071550973,0.7877601502800758
3152,3.5801594165605377,14.232993987112824,2.0888200074203134,0.2732314141738301
710,20.434137603169326,10.138143906296834,1.355700661289711,0.990748492403928
3625,45.437135296328584,17.71219718462944,0.8034772650442372,0.23857152226852962
534,56.63069609076606,6.151629444269602,1.2999059787654903,0.967634874058345
3630,57.63633145603649,4.898713644030071,0.939138582390517,0.896693398276725
126,9.282696626725588,10.77555544320054,1.4569928619789472,0.09074548580128705
3291,53.5671964631394,44.03545341470147,0.3052031622305832,0.27057801318491814
1890,50.77391626693057,15.516815643705932,2.432962246471609,0.5201584595431109
1988,3.061247529694464,55.49495535293002,0.22931126089296675,0.6004310936260563
2520,2.8850882363306773,22.202355724016634,2.5496941026849314,0.4817282019658582
3349,44.4367063904202,41.35405898038683,0.20656913083812323,0.4210754771156937
2967,1.3889753595402676,58.5348994182366,1.0683982657834834,0.6292959307197014
1899,2.0983259174002833,1.996369348043483,2.2677556144097886,0.9275728940338825
1153,17.09834500019056,40.40002748136515,1.1042654091500297,0.29806299283454385
3262,18.536626100334434,0.540644931472527,2.244948751438183,0.45050506672076474
3478,11.135992313718269,0.20405809291395016,1.6409373321739842,0.8406786034076651
2821,39.25685331355502,21.532809447814877,0.28271385969657115,0.22999580834788502
1255,52.1887501633473,20.554767182737432,1.8325115527044666,0.13088331798591746
4458,57.777957924564106,10.561729244202366,0.22235549181846426,0.37938964067348446
4900,20.699757232991416,25.332195896372852,0.3134059256965295,0.25078236373171536
1339,45.52593575382231,13.955209790183186,0.4748180388257348,0.3097488140772443
1721,45.656917230568645,50.03610966994065,0.6497310041779074,0.6690715305126633
2466,16.83248931212796,23.81279640821166,1.5925353941641465,0.09506678760927867
2597,16.183476952856047,7.830658799710902,0.9511744097657928,0.346868711743624
4303,29.885433500112047,2.2923405405081065,2.442285267551916,0.8402476814487471
3377,44.27958783637198,3.9639271898874107,2.041380629486647,0.1063265474408831
683,14.851735437450769,10.009284021586367,2.415155615044978,0.4021875097597656
930,49.33149155654074,50.78211795919512,0.7670443211163361,0.05981566010992356
2053,55.21751195548337,34.61082716694926,1.199408337122438,0.08146796989326444
2997,54.18447760433965,38.00561598150408,0.39902146498481306,0.5435919263163035
1964,20.64709914952556,1.5525938657715543,0.33983411791574103,0.15408766391463713
3527,15.792989740973544,46.90323479705642,0.8909854254647968,0.5092367362547102
4233,20.648403842673467,51.67192942660748,2.2146788367370833,0.9190825915323352
3611,49.802848171268145,59.68813495438978,1.5138125765384658,0.8041314654546164
3027,39.32109817640554,2.2517911579211414,1.2379997313019377,0.06117120932486386
4587,49.53478089746894,12.396121159218218,2.0953653166734387,0.922576166636957
2448,20.84424366068528,3.4502671668636453,0.5040800810885729,0.900822545293313
3109,16.363849729252692,27.901177564451906,2.494973388247079,0.3274386359261886
4555,46.22237595809556,35.15369676748751,1.2460207172743638,0.6639625598283421
2607,32.045865904029846,13.500806684987062,1.5585008501243938,0.9555996150200757
4504,23.039250774476447,26.5441003902157,0.3006765139921551,0.41749606670921857
1425,32.29064749805532,53.02697036425731,1.8498526879270243,0.43762887989538546
4540,17.379315496191197,25.86216101825119,2.541763605243231,0.817251108764302
2425,54.47038818566014,4.48051630627883,1.0445298828644072,0.12279354823206878
3981,54.217361496584566,25.834421664539743,1.8264484965059515,0.5668116564293809
848,35.42006491486434,4.065383748993014,2.2819303789533794,0.8392698995704009
4720,42.31842079737329,16.59329650642098,2.6527739297813295,0.3814011157591526
4174,17.648622824410126,54.23504566944955,2.0848137084762155,0.15237307239366527
1119,7.715044599862207,0.0001720951406913862,0.6517773947999055,0.7489447754559652
4267,25.33631304708303,30.63454814431251,0.73783431882576,0.034080963069188064
2939,10.652764142254059,50.859073342764745,2.29692641028106,0.015390673481540884
200,40.87672942756056,40.702215997589846,2.549033807171969,0.6342264749865804
1664,16.60746955456714,17.80750144392007,1.177437440753716,0.6894073978420993
1774,14.143944549917421,17.055046934651426,2.5773201636123075,0.8813402549157121
796,49.36563683785079,25.650235527793175,0.8647493189186085,0.563622300575658
3710,39.76572854608083,30.083283438186854,0.34147880144416354,0.38800960551966457
1314,40.462117943774174,20.987236357326744,0.6168360234091692,0.6430394719228238
1797,27.248846263715972,51.44917244142993,2.6281809814839696,0.44727751078405875
3123,56.518770348193144,56.51781637105121,1.7664910388951596,0.7437034063590784
503,21.49616006912747,33.590631711213184,0.9038224349478552,0.49481751072499947
3046,25.39488426974071,34.88371036007726,1.4243706781658172,0.502325930675107
4317,58.9567611917764,21.735118204942978,0.25862618077578314,0.4445526313214688
2879,31.755327690627407,23.659060207489826,1.632079571445235,0.787157418993339
285,9.085936280563464,31.4144298249945,1.592379262345738,0.6722684068570008
3030,11.797192917519139,36.470653139490594,1.5079931496566483,0.2903629926360407
4365,16.17037904596461,26.626758087009286,1.048449516142111,0.2946561967523704
1177,34.43189356280173,47.20696520353267,2.436387640444012,0.6192002311997137
4377,8.63189743406539,40.09332488753799,0.185022319733546,0.8431744747211417
3212,32.21878002486451,52.6138239820404,1.063091469721138,0.38426232326511556
4854,1.878335757059122,28.71053653940246,0.8940244767606935,0.9872222715288406
2676,14.525923439485497,24.437401161527916,2.6588827226194267,0.8692750171828261
974,22.76057103335438,19.164666559795666,1.266625997384348,0.47712356327901684
1876,49.289603232235564,35.512677464306606,0.5368928622265351,0.3619500150267667
2684,1.9358698743477931,39.85313645572075,2.1401437467568116,0.5025781135702498
185,41.264623844652995,54.989432276574895,2.334197626726402,0.017525777027706968
949,19.747344772187937,19.88064187006181,2.573038617535256,0.5753470833954559
2868,41.55073922484357,15.007896137861337,1.756518348361008,0.40613998741118706
2986,54.70196587320265,22.252134524701226,1.4397494795300205,0.31882553866290875
467,12.691770826506406,2.8834413757043476,0.9301929279613032,0.2705959893138139
1114,38.16534516054342,16.279951157468965,1.604379564267756,0.03790638974316507
4006,18.544538047894687,21.54644288689912,0.7076180419106983,0.3307959881662357
2498,35.68692643057434,52.774004410864514,1.695591391162645,0.09506522962291375
3460,12.393596290323012,56.17686965737046,2.176673253580037,0.7867161156916282
2612,13.799670551744782,38.699066702260055,1.2837669431590504,0.40145176300134566
4025,19.09709055131261,49.208754019041145,0.5325826803287718,0.6456711322948048
831,26.466883806482542,36.66878250570511,1.6103586500710432,0.4589777614401772
2312,3.9763406912660737,11.96206693348551,1.2730899211695246,0.5649881648473976
4151,47.85740817694284,10.329369743160663,1.9944430803899007,0.6863473319260479
1833,20.737101785259668,45.62340191945797,2.2909787092326384,0.9112548243105626
2378,35.0471639835618,40.42902559041773,1.3521256356137938,0.2866102342786221
1293,39.4089812221057,5.386616714497057,1.8995861795564184,0.31375148031997213
781,53.421614033574386,59.92406689831123,1.9432598052373626,0.15074284204421506
1534,4.391283693564416,20.199493400160634,0.6158037310966676,0.4785273654587423
1467,43.692650836514204,22.758498648123805,0.9769628733779321,0.7988737177529582
1661,11.169642931502306,35.465819999938894,2.4580827981236943,0.15498291529712194
456,17.29578370814111,4.19902359693994,0.955882663080866,0.5317881893968808
626,23.317037442790745,8.53028313765261,1.9746739455595586,0.588575765217508
1167,46.92972399492593,35.048055476386565,1.8973243942138291,0.65912963009816
3813,44.14801991968223,45.4486145909367,2.60176707957428,0.8615930618140297
3055,14.878845568133345,32.640334120527335,2.6936215338839147,0.7405156010884318
1580,11.403737497989182,31.05467526973261,0.32388408568920757,0.3461304358743291
179,53.70075653530233,21.605631739443595,2.2552737231551654,0.3015905527107068
2747,25.977545736101565,3.088862701051416,0.7438022173968708,0.9637363962088655
1933,36.01144945089328,39.65557586284973,1.8241854486478748,0.7853115331404772
1374,3.0481285811239056,49.688721189328554,0.7142909172976748,0.18827456988579439
372,55.55766414166643,43.160215495969844,2.7122250832772186,0.2593555898641343
3334,7.470862398696738,31.880902457623023,2.426416812741393,0.9032514036523258
807,11.160242755844116,9.707982443273664,1.2407943380374107,0.5966137964271033
3986,17.495537441160447,11.58848578550713,1.1865116564840859,0.6741919584246936
302,0.5203686145975617,5.188054573358613,1.1034835749425376,0.10592160836590725
3806,19.422163307723984,24.086177510412806,0.4953160143544416,0.6735423083574525
657,20.443355275088123,56.13662220161239,0.5127548727344959,0.5715540730911088
2058,16.921379559803004,50.96198828379212,2.4199102649315685,0.19648786602458312
940,55.18881822726895,45.6308408827426,1.3584740707845802,0.5849269428679251
3482,57.5619294618842,38.624931407593834,0.6347704111130035,0.8429844656907814
276,4.3824498617391905,46.298454293058334,0.34867076906529343,0.6720804465187474
3109,16.11548137887271,44.82737583294963,2.2631762101029764,0.6715029100249915
2772,35.559285575068635,37.753652900519384,2.2857264499869605,0.24270761426652088
4446,20.87150085688991,44.22496434173381,2.3690172934216016,0.9920820940149639
3168,17.46386786953087,31.513967241582243,1.585738098456672,0.3029952906106239
1945,0.2761937553306959,4.032827550796605,1.6756125114759741,0.2800742095747918
2106,37.435025682178214,4.143474527835829,1.6268237889778305,0.531134454295905
2424,43.67791665266813,34.956171669299856,2.4879543688815033,0.48947156018944815
2970,4.0723817515279865,10.46638791018199,2.146459426050706,0.5690817676054888
670,21.127011413146334,50.45262444721918,1.0534783689735712,0.11520314996787062
4075,27.844227067364123,50.0829993843679,0.7059851809081257,0.4151090504310322
3130,41.754630319111484,44.516363977020696,1.805679498821178,0.0018779607018631905
4091,22.488686084494105,8.139691249144327,1.287738611955246,0.05831930269021901
3198,35.951079955920164,9.156751678995573,0.18351946582563006,0.11609040983154228
483,6.234626365757954,0.5066013912215461,0.17690986521421842,0.33335362805434354
4544,39.44278086828075,20.51927487731786,2.1999977132092066,0.20510585195470643
1968,4.826023924321219,8.74067349230377,2.609183364667856,0.2453534920287792
3669,20.011477753829997,43.93036859847538,1.107693156713577,0.9310662653035685
2569,33.600942209186115,14.459466317360345,1.7080560287470912,0.857243085379655
3048,9.425691342413751,6.807078055065274,1.1179268852444852,0.8809734650976326
443,0.8885976435885068,32.49612357223474,2.2274225525736533,0.16056343508335225
499,48.528413247203794,27.88468087670634,2.1286629018459835,0.9823281033880273
2377,24.35331483205048,14.33211208827818,0.548075077606887,0.1920167211034408
4082,16.606838200285324,41.82416436338619,1.2197323054273255,0.012286833565215649
1764,15.400046235017644,30.466957639484068,1.2151080041260933,0.1962216824805122
3904,58.854536666091775,19.092305748044758,1.6629644178895555,0.9866929121455271
910,30.46664027766218,37.11845588154394,2.1717897370304566,0.34349244113335253
2769,36.396984590203466,39.22382161376901,2.580723755555593,0.5776975523358828
1225,18.533066890763784,46.98419492750479,1.1417519495199406,0.9931149063138304
1022,26.89609904812056,33.03221986930735,2.560208058917064,0.7995368812541372
1005,0.2897164764223792,35.26691818296756,0.3414820455480267,0.7360149454871014
2968,43.148662649918805,24.290156844006113,0.5603575838812626,0.7767708117801239
1397,57.33879229259274,46.764326021152606,1.8020231682915067,0.7661264080247195
2994,5.795732156069073,41.39731354188786,1.0862706009019498,0.3767980239316866
1833,46.47062545628304,9.74730571324882,2.67755487628227,0.7867633448332471
4467,5.912036125723561,57.4114158113452,0.32676838016788484,0.9048391341925092
3567,59.24959529710897,56.93652808697828,1.5576814617888743,0.5208596934536609
1435,25.0384995365557,47.66993539006648,1.8116253916465543,0.8373474859081784
3087,53.284503701906736,40.16754400923073,1.2814966145316355,0.7359031683079732
3073,16.51818802004748,27.5105785332449,2.7654256194509967,0.6697728882737909
259,55.80176272462816,19.62570999133943,1.5250165773334121,0.8623801215144851
4857,39.102481976932225,38.14796684091823,1.5520903856797215,0.9398879333513983
1638,58.117601659855595,18.36991398930614,1.9511672738465564,0.0766312628760093
2992,38.67639072457153,58.23587359901579,0.8417618532794581,0.21108812046381387
3232,14.705493687618718,45.049970615250906,1.7202629965511478,0.9623127623306799
796,9.051909255514817,48.95415990709392,1.9444146294262052,0.7114656118553991
4923,1.8508918839780342,41.05317324756358,1.6384899415406218,0.9408914140057972
3046,38.32618529310761,19.342437326065184,0.5321269796785786,0.7083638793647133
23,12.435509757868338,30.265600579403714,1.7960173132345978,0.8020629043432757
2710,8.57084979134722,56.96484916739809,1.5365976721135537,0.9398720832232492
1335,34.702656174771825,39.410669127867244,0.9684396195125388,0.39739195006270966
397,1.2036175322004095,47.22958702736319,1.3477899466926413,0.05874977735354925
2316,28.54953892413685,9.017669669654643,0.9638674562402243,0.16171762434024717
4943,8.088022119129217,56.73864484440575,0.6704118806152,0.5045809936091882
3078,58.33404581801424,23.97870582853628,0.8607531889200504,0.18757587294685785
981,6.069114154589485,16.76738311573866,2.4513489010399683,0.5591602911970472
98,33.95888241560687,22.310148952156695,2.6403714198906494,0.4445686491377596
4350,32.62037059211624,33.35975400500808,0.9630735818502957,0.2863701628933134
4181,53.46767228043107,31.095930562826023,1.8608989134463851,0.4202491787232432
4563,4.822991451746317,21.262608109081693,0.13465427990719833,0.5201763085706932
3498,6.395645532510401,17.268122260039924,2.6477563775119686,0.027351616014639868
4537,18.785701697594092,8.99346244799711,2.5814100943418037,0.44707008577335816
2879,48.265230530155485,48.62708082535817,1.9771921701528044,0.7289385686493755
4835,40.54881114994522,28.440103245866588,0.737171341026804,0.559374377275625
1287,6.646391728558985,52.40213629336213,0.7258673134597843,0.2835464847894773
4874,17.761299928154628,14.003068675781126,0.9760279717755364,0.4733079582159013
4832,59.0020423465239,44.17748582164314,2.396140219422479,0.7177630038406679
4967,22.962779428441017,39.37044958120279,2.612517950965538,0.9211400148750033
570,15.138719071424855,4.449083706965462,2.617051072048979,0.3987545724399313
4575,22.937277508855047,19.40873633373015,2.3526490292719258,0.47215102517354846
4358,45.46528170088291,27.332601993289185,1.2170640688476317,0.40113527260768755
126,12.06667661958453,38.86682713708256,1.8162337697537552,0.09701892886305374
1157,30.651407520443477,34.03906621447164,1.6023154493314926,0.5096790664568879
985,16.523106454071904,16.5346946249692,0.7986279173691794,0.46819396871321595
3896,40.237193594575295,23.515929301668944,2.5188263132452566,0.43017426708899287
4096,32.79292554275999,30.291586810893172,1.6506906606182905,0.6112491170976901
976,9.80887890731526,43.93905625508018,2.4432735557765195,0.7997711234575046
2638,22.58559957579004,59.8934884487705,2.3116898458819963,0.254730167403561
80,25.981746798336445,21.371165368310937,0.28973145540696166,0.8623518082997986
1888,33.77109502495551,32.861741078294145,1.5815903118744608,0.49565908523701807
3042,8.59915363455884,51.80715449432765,2.4704498308844522,0.7808433382598299
558,57.855509948226555,22.026570943544222,2.293643756877185,0.5078825676399537
1777,55.30969923685142,44.94035340370253,0.453202910253248,0.894179021697871
1173,11.544668868467467,26.571757268853982,2.222637799671498,0.1596407565802206
4047,1.9053411201249904,37.80626933936791,1.8251233353954648,0.977386099454069
2191,46.48837982570523,44.58579758871952,1.443208845728026,0.09956682825088281
3859,8.502772908618923,43.908693343961346,1.7599898977317183,0.9569969825849729
2635,44.736859051858424,39.61461075939224,0.8907165057587864,0.4369110661772577
1412,50.53833850186636,14.140299079628331,0.8575487373428038,0.39264886280181555
2781,30.84539521117426,0.6683071408166863,2.1370518704291563,0.8441898746674404
3353,49.07919043032612,36.91481484515681,0.5066323670932299,0.535244566747122
3047,24.448964909394842,7.318698638940207,1.055781152895705,0.5658211227899244
813,49.28221845566887,53.16244795899036,0.5863896430422714,0.8094164122871045
2682,39.31608206555435,50.46940122260898,0.35849836291741566,0.44257734308355046
2928,44.08550873693123,12.806521806202088,2.0308446762033667,0.8092376546040176
3708,16.933293484493596,20.34857280982831,1.5317387133201532,0.9733423788366042
4836,2.9902298218114454,33.44563217458338,1.1661986137054823,0.849742453084708
164,32.27386209178756,16.178520829365553,1.94285795140276,0.31984501261289355
2493,30.752864147308326,40.1698898426573,1.591649185374154,0.624110739288513
3642,53.84134175585055,43.830531839107785,1.453158217693169,0.7239725367552934
3529,42.05201713752814,39.179303901664404,1.492149051333853,0.9550595292938843
396,43.87528727646989,52.23290252983712,2.5616282824329932,0.5382149586486277
1656,43.29763754130764,1.3198629442119425,0.11790914713353957,0.8677153997029922
1400,47.355480011565,19.01757495768777,1.38339578620715,0.9890862605238272
1672,46.30964355077983,25.04951844403906,1.2412054404630872,0.13673994621401298
665,18.751782282426962,49.3331105334953,2.6244034374819076,0.8589711441574199
2878,58.56646545055148,39.515857635352006,1.6976540530531434,0.8701144190543236
822,2.4777142659247597,18.814219104211674,1.5406689857404212,0.3235293126339853
488,29.01230109552471,6.064811704073874,1.2336007264899196,0.0020121814853759634
457,58.69351759845189,49.081599178218816,2.5578437077936145,0.5373807427476649
2546,49.48495182148775,34.13431439488061,2.081696004988568,0.567890500787114
1665,31.2371865489575,20.219096399011352,0.6262064294962234,0.5972710631169764
4681,10.613886226759728,8.382746777282515,1.698979537669778,0.4736769239927163
1562,15.210862457226625,11.180199394022662,1.8592759406943977,0.86293651049231
563,23.47977302890055,23.742095964840132,2.5692186890083217,0.5840566506173525
3900,37.37304460233333,53.830123659233735,0.41426255871621565,0.3599373453399851
4312,40.291627677770734,54.66556459151653,0.16587334379038535,0.14701381496685217
3406,9.61421146798651,4.487356856597044,1.8426098928058168,0.9307387899929871
4589,33.44130004817886,6.605569473606456,0.678948798727777,0.18028574159729172
2165,55.21491159839423,51.74001528268689,2.756433356552506,0.3605745525620079
4002,13.866371433923742,2.949321787306689,2.1834789558587007,0.752480537512773
3523,46.104735122580244,36.763075226582714,2.596339287489411,0.29845906944587164
4342,24.767791617905978,3.459336856410744,1.5171301149938132,0.42859612677256165
3418,16.918199224449012,45.10742841987862,0.5524711123229237,0.08404202389194526
250,41.44088774961812,32.91174408421874,1.4505036841487775,0.44968863472400156
4455,15.789917900388136,15.323539716659202,0.6298433196291755,0.6460599682269144
4767,33.475853626854175,47.855241708060944,0.6153806598845762,0.9976474431836091
1071,50.80503503396064,4.8692958195238,0.5407481177070796,0.1383877746456762
3888,44.0931380905198,15.797673974001714,0.4207063144347193,0.9845478016837171
3467,6.144651182669616,30.507824902746393,2.518584790101767,0.46906074021209776
1221,4.796388653543493,27.940313430461572,1.3124768356085437,0.5246441754383012
4572,26.474253272349056,54.263396881383095,1.9887280783758585,0.6901948865950238
3911,31.976358303216564,11.34420258110592,0.503871771130042,0.06627255938614207
3581,23.19501641685696,19.486259949528566,1.8599230594604883,0.990111028633554
2606,41.51596473925793,53.962521717221385,1.1314800739580193,0.9704154271449394
1493,57.70253856342701,59.56215263541944,0.5476572900607678,0.1763523172644449
2624,56.56755970111186,36.22300597536432,0.5147856014016823,0.24527232323500403
1374,2.297303710285221,55.84434250877498,1.8822590036398035,0.9788016197763443
143,50.53239933609948,48.43941200609112,1.2575460416578033,0.15766755587434667
3116,13.421439599066616,59.86837531478345,1.6734532425849107,0.6206105549407689
4005,42.55747354038958,33.422152571312346,1.1100951567290058,0.5220635640624152
1228,57.655051057627816,26.035808879964073,0.8555791156845955,0.4145205912667118
1776,33.96812742607123,43.05294137662568,1.6131349915702569,0.6102184486975543
3018,55.48044693558562,47.34863558111758,0.4648523816214679,0.7437608200130188
4202,19.696582650504606,59.42825544180372,2.6537878590782324,0.28193444827389147
817,8.791798819999553,9.79883822348335,0.4006134762836493,0.6257102699682724
343,15.937071404663746,3.8043009777718795,0.25922699353786693,0.05847144816089689
4753,16.928094609822292,15.563435251055662,0.16859915260421593,0.39946810228207486
2142,23.169534737524266,16.634545873913126,0.4131919926778135,0.05362799803830254
2653,9.717644136962239,3.210230276496391,0.4732172485004641,0.818389041829888
2088,54.204626109566014,47.812166897063975,1.4571368818367751,0.9133389176657123
4940,2.416307629969845,47.53350817870923,0.3844594893007367,0.4114072434008913
3938,29.636401383067863,36.50395146088753,0.888273405022854,0.4477359945865642
555,25.299925919317637,7.757819338620429,2.1096425599450357,0.4444327573598792
4034,45.0433890810364,51.738955421986354,2.1129494952559735,0.49767071716485256
2979,26.69314831376363,20.150028805431585,0.4054300282665749,0.7313677551496582
4453,31.499352670353503,37.87759124933635,2.6331351789207686,0.6080562061245662
925,45.49356027915982,3.56761718972181,0.8308611271567606,0.914752140244075
1881,53.11975741117804,54.75890452199965,2.039783078858891,0.3692283960868171
840,38.32648406030219,20.994784866123013,0.6989705321538102,0.14532322419491595
3832,35.214857061922274,32.46831274107817,1.4082088286363652,0.6999469118203002
556,43.858336666739035,18.79195508871156,0.47037159117887817,0.9639503556204804
1312,33.730285095066414,29.999310332913968,1.6419891022391355,0.18934909868508099
4093,7.041043502960291,18.877600835108048,1.1525548522331404,0.363100688489721
986,15.022253390669551,58.26526878926086,1.3941623611422735,0.39532000492643127
935,36.05073960750067,54.64326949678324,0.5959071202673627,0.8598401298341123
2658,51.17720093591119,42.0492553489942,0.7613191675097299,0.803257036836688
2354,19.024149069112603,56.014216555018784,1.7128760204682782,0.27110535153883764
346,44.57026166366265,54.11457608300515,0.47907082950073965,0.015980901273256132
2286,49.95808456049905,26.708041926643187,1.1819113156757006,0.33587684107483196
3078,9.299898603062962,44.23516003603704,0.2926253358473898,0.37628487201598704
3778,54.25021269252979,25.184135236855997,0.3085997104017254,0.01344993568121522
477,29.870645277489462,54.80889428944513,1.6039518541698765,0.17799616722487266
1270,29.812856775045145,12.459803216470842,0.2738354748802869,0.40308392106442104
4104,33.59570527679643,30.567416617916685,1.1939569557106768,0.27598915224968734
2048,27.422054379497915,33.945352102515315,2.5954856013149548,0.5564965014558925
4923,47.35427230246518,26.356604630593687,0.3249287731955423,0.676171399015425
1725,22.60702318527574,23.649638251005868,0.9902591509393875,0.03741699847172031
4495,22.757460060112358,7.529076738684624,0.6253261031530324,0.09179238431878156
4443,22.40788448025232,1.365723301255799,2.3940946542943857,0.7705157540121926
3807,26.526866371485195,31.472422899513926,0.49830087050683636,0.4755635144733903
3984,55.71027311643706,51.01999397428151,1.8881268074694624,0.6142348199227402
3614,23.34330998736146,39.200391430618446,1.9460855380717437,0.5306695364089229
2353,7.337391016781565,46.10423115543719,2.1397695313674396,0.984154731256209
3951,53.12443635001851,37.989050453787236,1.2306933476202147,0.3167007654256986
1729,28.54050435946341,30.11987274607317,0.7723272215091851,0.029232121685613177
880,21.847623058446274,31.507566606616464,2.240240239373643,0.41249143816999645
3050,47.0265530459263,42.590423018512595,2.1187559908655005,0.37230203122397987
2994,57.27592677441241,47.07755393683129,0.9494517061261268,0.7664124592974504
1423,39.54811876511586,52.40855536308516,2.3563806639703158,0.2884152782451521
2394,20.503115816514093,24.29219375265974,1.146605685406924,0.8938197211119433
721,34.86182953067481,11.715204519338327,1.3944301084150343,0.10522991915143887
4119,48.68896284459474,22.797959411711112,1.6088870259066246,0.7286645169835537
2366,1.7573556051367567,44.686018212070636,2.315597323482157,0.24434859133634979
4490,34.4700680762868,1.6573342979562145,1.7118855548047025,0.8076135081843412
243,45.70413368158946,44.11372702558377,0.6387501407465105,0.6481729508325026
4323,28.89484042276002,35.696328781280535,1.2754843910415228,0.9842598300589617
4272,40.191081996207494,40.49138798946706,1.8930062002869759,0.2673662883924026
2010,54.509833564259665,15.731719599924821,1.9829897273983295,0.09078849357451313
2062,31.4594497087997,0.4340987127689977,0.9606582031558268,0.07534567123362623
3350,42.55316568473429,4.91663616191675,2.0374329813322936,0.9000686189628077
3208,7.966198195155263,14.470907323490112,1.3544621010042097,0.5196188668785019
4168,46.856899196040715,47.81823338605409,0.35709897609598684,0.24397463550795584
3986,30.899491755032862,26.386034006060587,2.1191627512475772,0.7608087096857681
2090,14.33442640878377,28.963361865578264,0.45435270287102947,0.14374937516963837
1928,51.50441483326457,52.142854127830184,1.5755591214958413,0.015122553378134729
2311,19.775200128679437,20.122815156591237,2.3863469669126864,0.86558834880912
3917,9.125431299373583,1.8783600353248597,0.3698386341225951,0.2808311515083671
674,1.1026292161665219,18.62527247463802,0.4695430153627118,0.7267669400820411
2703,21.918625652175724,34.511837247239214,2.632419109544541,0.44829438800996146
4394,21.52833871223718,32.33307338747166,2.5408780520232526,0.8709131057776904
4977,4.323892554155515,12.378939089992864,2.2785540868563414,0.9139362099659047
3391,29.59480339977699,50.72261425497259,1.4658953727611488,0.44842535780644877
4590,28.638234045420408,40.59227007147642,1.2712608582649707,0.4609695606015167
4099,2.456394448647108,40.896843307830004,1.424940967558191,0.6429680120349918
3875,25.942739098829005,31.062059435465457,2.213089780483356,0.4104250824537261
3184,7.741759172285283,22.42915164298404,1.2320298964981036,0.1780056458049628
2673,30.246449304237423,39.05986215116918,1.9600687929249698,0.24673304759096837
930,42.9869357588161,27.912001139783957,2.238403317524181,0.9040632074355986
3952,40.30382158759735,50.540321744802725,1.2579835907643104,0.000576018773974174
3349,3.1736097163475607,39.61551759035301,0.28341602468599647,0.38177776485355164
4137,41.0815651657872,25.975238984099,0.6784420197812443,0.5029685791659739
1407,7.7916629795167065,2.324279653195931,0.567937710055305,0.5646926844587763
3508,17.288995886861297,28.464661272809966,0.4845905039498256,0.5984634702762107
1699,48.63333319759717,18.676286620357256,1.829403179057908,0.5143620527291307
648,46.62611862977236,32.46405118443987,1.1525687976412586,0.5049883564210988
3034,9.245075497280395,39.219718048957844,2.2498598570289206,0.1345805213271437
3927,35.38838693092726,6.706294231032119,2.0261839461496924,0.865181821249634
3900,22.58484813179595,6.969173347477591,1.7764419249124133,0.4955218671032269
1747,20.862527185469446,11.499416269066941,1.2685876631554358,0.3465460939225402
3833,26.223974692646404,17.522872911989666,0.9918860559036997,0.4267998719586579
111,58.220722221947995,37.90607022171564,1.0638989418086917,0.5652416673024082
3530,5.4702160170424445,52.5627436955808,1.3680338745436178,0.3188057557260997
1510,6.993573267064042,3.4178255809376434,0.8273793371565517,0.7846125070096752
3763,7.583833634903612,21.630184239990374,0.12389466014895546,0.679529836329954
895,8.379145124124761,59.75034137500951,1.8844900629755104,0.5451746681688386
961,30.284425540458546,34.39897987490971,2.665565365649795,0.5031577653709327
381,22.07196187376066,20.15700030963054,1.0405131898062958,0.6922824035593589
2379,19.2938187812353,35.20202055001724,2.352604593191454,0.6345971742905855
1084,58.25741469027852,0.181934627631668,0.5880325438548171,0.4408698584041256
973,23.85257529901103,11.82784300009592,1.8570296819461267,0.17760986739100804
4322,29.31924117997161,14.339146056072064,0.888480978241151,0.7887421294304751
362,18.30811426228481,9.311747734145161,1.5642349420496842,0.4576898840126362
2205,22.772620465988027,48.67181688499695,0.8942741492995782,0.6167139767993599
4735,8.969477069767935,19.66144833514911,2.7339262074724897,0.4011743775112576
2118,40.78985483400721,18.086125892518297,0.4950250931846054,0.5150239030161528
2066,55.63026716209302,47.56578151748041,2.3340482902021993,0.22088382713157861
4238,18.067299969477165,17.22134050404457,1.5787541105826628,0.2254921047859001
58,42.3366675780745,52.33695214283935,1.4887176539458369,0.908377939499236
1573,58.9441181069668,15.577195184402164,2.5687594224989057,0.6255748770454074
3176,27.361219947054,12.072234945619702,2.052201155471383,0.6180792261761765
370,57.09575778010452,43.969681266094106,2.440049094613163,0.22362921432881233
4396,14.080343116544071,7.090315595568044,2.2282134606832766,0.2178622285619909
3351,45.97599809580634,8.174973504629495,2.79929021415054,0.018178123373802424
3634,58.22941883958559,26.9172814374983,0.29113106110169307,0.5696090731186227
2461,12.873562074355533,31.90424116110373,2.7999593353542513,0.6600757357464578
2549,16.7368759569869,17.672787933701297,0.695579741682984,0.3441072424397842
2149,23.8917287091714,16.772334751904108,0.8383298618622712,0.5078627882299602
1759,23.527196630118826,45.51274058150503,0.696031762410783,0.3243076040574807
3539,25.5616106647541,56.83582700638138,1.3647997706958213,0.659870029682601
1539,41.207029605887826,58.69614285254504,1.1275489396814433,0.5907646333625095
3745,59.61150657761491,41.034383668391726,1.180574293594571,0.7746152470716917
3700,34.264095272993124,0.4588041448566327,2.125343989393071,0.7643367795762338
2343,35.43977212640397,47.438948991905015,1.7457418225824943,0.1662167367467321
3389,2.2468923168186072,37.80965806022811,0.7137543798456963,0.9518259550077628
1216,58.47355815695002,48.8698510964324,1.3895102789760287,0.1383127760608015
1631,55.01984935325987,21.12957698047367,2.3917153726679095,0.9634910813656887
4607,8.499420647647817,48.36442198390971,2.356644629008972,0.7540909212323502
430,41.22868774386102,3.833143759892168,1.5362522903306732,0.3990978026261832
983,31.843029643386483,15.165453890654156,0.9336041685234036,0.9005479516171594
337,51.31949998306629,5.990991068753431,2.7983489355066036,0.6906965584718884
2275,14.849805499504987,19.049753460883917,0.38343323069477275,0.8223600072706375
4201,6.754246619484336,13.42246894108479,0.15070405224777084,0.8965704131484429
4135,17.91076963483897,59.135976697805994,1.6690415270935277,0.987068014662659
2812,58.560014767025045,15.235784760943003,1.2377791835514556,0.32466803930658805
4885,39.579594949239294,39.22621097055798,1.7300217057964187,0.5819623991649792
2644,37.158859480539746,28.127061311424995,0.247095315468053,0.8660414266656454
889,43.97266036929462,34.5773986838269,0.1016000798251394,0.9601010683009904
3380,7.747381751090272,5.004218821669333,0.292663565681386,0.11191153635210915
1218,12.2831403454016,2.2518423729238735,1.5795042069223406,0.3524550332137997
4696,19.36286166512431,22.31274759329892,1.0925236303286994,0.08221291142765241
2165,3.324370055052348,15.378735188820547,2.5966589981344743,0.0531679474166209
3524,0.9580859190348545,7.666913602385252,0.28579223673049126,0.931061436404519
2391,58.132561394627814,42.29296660092099,2.1896734203058514,0.6070570979100275
1521,23.412837086163997,58.876960627445854,2.2074738427107503,0.6646697976242282
3330,25.673116818420333,4.171365109114342,0.631687376426636,0.1797497422684552
4514,38.64099510486168,54.411082306879116,0.11234131231215405,0.910199448975692
2097,23.842578287081334,17.871043015466306,2.3149088901939248,0.4778008312300146
2357,26.611467425574588,21.346065830496826,1.5057810823044744,0.6933231981039321
4833,52.583905891774144,46.28996888563852,2.7238743744338625,0.8834446940407475
3408,53.07705059227605,21.179583359281114,2.63983787507405,0.9376369920616167
2474,36.11865147517108,53.99252294675423,2.557307718701221,0.8630495134927497
2287,14.278124025222738,54.065803191643326,1.5116112787787972,0.3574253301239574
1419,42.58317151445136,3.452406410184652,2.1221078727924687,0.8595636623225662
2840,33.41702283988917,28.6031975908228,0.3511797550333363,0.5409987908888907
2797,24.714868411996388,30.30037147713171,1.165943425825011,0.23568271567655197
1640,53.788621105361905,50.07567332873209,1.992210401165123,0.8718191586875442
4020,45.61474287709287,3.194708650942182,0.5192556690511799,0.05268403227648977
353,36.93941305983477,28.368847482371425,1.495358299256376,0.2024959741465545
3023,25.59395511889771,18.898238600529965,2.472069343925647,0.030767985452777258
1317,26.365295371466498,50.34662602434526,2.735495410281297,0.542985235921278
4043,53.571366551721404,24.949665126597743,0.16462782679313567,0.3720227221746011
1995,44.69609462092337,27.4838143587325,1.7827083793069516,0.28947813489093965
4734,27.324151909667215,30.54802344324909,2.543176249727591,0.3926080950724746
3483,18.884195912641395,9.525293037474176,2.5679688678363393,0.8699472077728118
2676,34.39696794817907,10.972222138966771,0.1302482233186462,0.932853847188488
4623,10.760642292046303,19.227819225352697,1.1784379158138227,0.7828134662426586
1823,38.40818220186483,0.7665164946204217,0.23232423091029575,0.5835045993640492
1707,43.23117045045871,33.559690289348715,0.5974746810286047,0.9588108421566394
1647,23.176855296848736,24.731026423548844,1.1103434701099923,0.2434652649520238
2164,48.35550279314498,10.677494456967334,2.5988250049115633,0.9009858139936935
4797,46.798627720646,0.9828024282055203,2.6304153671527764,0.16766045870098656
4737,18.16454543920885,12.435013921582316,0.10603969132374935,0.9456816513964285
290,33.264276807201625,7.842785324562009,1.3487158082132524,0.5214509626178323
794,3.1356651097957,27.643101651486155,2.566541662722352,0.06465999409803835
3939,12.44736142128798,38.83276823376177,2.1718827833963927,0.4452416811162163
2816,39.321605297801185,30.86601281172379,0.8903097425460571,0.9919638898918312
4544,20.34621644411608,50.63909791445546,1.340355991693927,0.4921060330320589
2216,59.79332494525589,22.95147497916013,2.7620953997453457,0.9466105329045476
2917,32.872009710798814,3.0683541867077646,1.3434280922122357,0.31576847432607924
3300,24.6030420275381,33.30911859850091,0.9878303052158032,0.05683438549668951
603,54.82724582470065,51.80986474380571,2.6839997274482466,0.7928400713758524
1761,25.25833672498297,45.457988299766185,1.893819431536764,0.6403869817444187
1306,16.10462694796874,53.14835828129223,1.353841567495764,0.813756479281324
2316,33.71495690980774,49.730476165117445,1.3070041365746574,0.22692173761826928
2403,4.8671392565125915,4.035086812692416,1.2721696796476236,0.5927975500141364
3923,39.725688248578905,56.53150738397916,2.1566425024865814,0.7079499718640865
181,5.791342318906483,40.681769711496145,2.646463862507619,0.6943666065771346
4603,18.127805848090173,39.857866244583434,2.2203403726401887,0.43792313448585396
4075,58.9459361163788,3.475641452426852,1.5391631750350474,0.051189056404018496
746,25.23775512333396,45.466401878899156,2.5916835259389193,0.9900284757887371
1563,43.982996208189014,24.28410211098144,0.25038806682898596,0.06361585028472128
1157,11.982232711683302,47.504991575050624,2.678904800553554,0.4926780329243885
2007,28.926206099760115,47.68061975410464,0.7860999410625171,0.7191515394427139
1301,41.7369700199946,18.160376490686893,1.0668074301481967,0.5234561744297224
3194,28.302845457954298,34.37415628963268,2.587751339016783,0.6672589605486866
2234,47.23608102961741,18.200828700314183,1.2806031732229768,0.7008603388897483
1319,8.80628247708324,43.2707789208815,2.788687274107531,0.31656203143461525
3459,20.060131657014914,53.11923064934862,2.7713456871412547,0.2156453522187315
2693,27.496717976978815,24.83194753018188,0.8163087495743442,0.9603086515831418
3318,49.83567591748169,20.7873745767988,1.4893091702951928,0.9149945087146741
1587,56.296984207644826,33.94058157422427,1.07470647738221,0.3652512726273638
3630,53.22717291789485,21.202994291454566,0.4106813497258337,0.873207088583737
1603,45.10342860453534,20.017027280195997,2.482075002827753,0.9675869882760005
4103,17.98160280707065,8.389342355773765,1.5941252303098818,0.7703001934744442
3689,55.27256207927634,50.712988618451966,1.3144003066836147,0.4640760749536863
4368,9.404474017142181,40.215859292396374,1.6263409814268868,0.13831724989522298
4707,48.59826095943629,9.919119236769266,2.7324501351785444,0.6279906439582544
4670,8.0094980748353,4.110277907580229,0.14935965580145555,0.2660336877737275
3492,25.225469607598907,19.1519500745381,1.93339705380278,0.41493588393318104
2204,19.83770138404726,10.247954144033539,2.253040666979821,0.7022459050555938
4175,3.432791912497113,55.86847686145066,1.3907272262328232,0.5805084343756356
4865,47.347564927627744,24.592914798165747,2.4445172770336643,0.2799788099268652
3415,52.40612136257953,44.175392774912716,1.3728345179499755,0.8877775567962634
902,15.463157603830663,34.70311796379956,1.155999545424655,0.9849568052473315
0,39.889878096583445,12.464334513872782,1.5285692807019957,0.3422313577294952
957,56.013637743401,20.357603779030264,2.134368251297366,0.9564848319844479
1570,46.363725858067696,9.25623923036218,1.7909548364447132,0.5978863826755554
412,22.872617191119485,55.11040712486158,0.9764384070404662,0.05001970574188497
4265,8.628683985568074,35.31367628073589,2.5949671657807882,0.01771060282722614
1131,10.230582922335428,9.922923557304546,0.2680979119186935,0.47900296144072474
199,0.22263299178004736,55.27695195418665,0.6571780530575565,0.4512144977824768
4686,36.0256915720463,33.199910098836305,1.8345126463467414,0.7966241696482625
1297,37.1594845447195,20.53451541824319,0.2877773275387411,0.6545637999367797
1858,17.208819692291826,24.861892364635604,2.7185584948760555,0.12420146722329184
113,43.669092743026475,17.898257364801545,0.618968021638351,0.336377109680442
4941,40.28811012689922,12.733353162922803,0.606711570063873,0.4446300111146272
2062,45.28392226401614,20.413652474083353,0.386842318900952,0.9354774108983647
4030,21.780249432108153,51.20816655408521,1.1065117031950622,0.7082480893437434
2771,19.5192970508529,59.19099181949908,1.5697665226865034,0.5193584950020822
1275,32.028444780410354,57.266339691686106,0.7710460133244913,0.4257504230862458
2180,3.1815885959980372,40.50737135243204,1.2162436504203764,0.21172175880728838
4963,37.68427894179905,56.009975649526794,2.3959988594459825,0.981430435813205
3970,11.199836956762594,13.760766522745806,0.9176229940859965,0.3206098442107146
4746,40.59869297985831,5.27708701108351,1.6901046625141207,0.775911386337146
303,25.178306680190495,57.406250771056634,1.3056197017237599,0.7425744109680188
260,11.958583934731571,50.83974266434183,0.9275497103801981,0.40146961307731976
687,28.787015954013626,36.69017380019554,1.21443373241596,0.49974874356041044
4774,36.44625332825046,14.049447740029343,2.747593435015394,0.29579956358618364
3637,12.13291107581502,32.84671127454489,1.6689641383110505,0.6967754538289053
1090,17.81347866220193,47.81212834803095,2.042344077685119,0.8616639002052415
3063,23.708143234408652,59.79972627018072,2.2164345531895413,0.20732228780682593
3777,19.09396201680125,50.90547818590332,0.6029435441543137,0.1206299364132446
4483,50.8837267649751,56.4668237536629,2.4999064308245864,0.3336169613881157
2308,5.2472584178869175,58.75976539340493,2.0893467193404374,0.7705083719756721
4070,10.648603950511609,21.285947826540774,0.11287910934831764,0.4328809859625974
1827,6.919975157306329,11.883334219464768,2.3302353567875764,0.13521967201526564
1032,15.475231216890942,50.157142830093015,1.4225400793716114,0.017899901257911854
51,36.87586258039294,53.08519419085164,2.19978073307584,0.15318221406050736
4861,6.552884193420992,33.80814713223406,2.1703318948719432,0.8970247703235769
2270,54.604758773569394,9.104645489601932,1.7023050979329362,0.6176005443007723
3813,15.436909556158495,35.61332428177918,2.4748135884842997,0.9372688669505185
415,9.652712100278254,5.511448878479312,1.8985362680989908,0.8920575421311276
3963,22.83377560087534,19.459776021074376,2.3512581183683987,0.7841031296473807
884,57.00671555557448,47.41843230898658,2.1840758015799575,0.7969250665836286
1319,5.611980019039915,30.8288912075952,2.6931369044084574,0.2611747635884867
960,8.633592555775255,27.659454132393833,2.577846015342309,0.23786837615030065
830,59.036833321426705,42.8685587852802,0.9806857968943522,0.6363230169634103
3781,54.82507772330636,2.976289341784797,1.0655855352564458,0.6617507411971689
2679,40.8083347778478,28.794120221503267,1.3997870461079267,0.35946078358016287
654,27.585459183299378,33.18255026567572,1.0791403638543107,0.26812341659545436
3209,35.35007816643778,7.1514255575586905,0.769858113230294,0.017113958223165415
983,44.344848619913456,30.799052350625608,0.4764756887503264,0.9337127141540055
60,29.84078293819313,46.014800088339285,0.20128398215003973,0.24729458637661306
721,5.682012760335655,33.67442150729036,2.02442578490233,0.9061710501049355
272,26.973832421206485,43.2581181993395,0.10171083962848446,0.7832261520410074
2216,26.708066369198992,6.5354511202977505,2.11691559818999,0.670599975215445
277,25.489198647644937,10.405650925174236,2.6994258643579236,0.30470113629834583
3847,6.356260539174414,17.343886088664576,0.21377106350477607,0.8519708515554026
2273,9.167016640747509,20.711117519171378,2.6749819564331183,0.020638424224016516
2578,48.26669716031345,47.4784117921558,1.4137763379263943,0.2928270128303688
4891,9.891230022646752,3.0385322240651713,1.8809791872618324,0.595293327329833
165,4.51967135974466,49.18191735685399,0.23610962262149834,0.29304046828159447
4048,27.688027465148703,41.76484198066854,1.0566809266113695,0.7154699157666945
2570,13.965092874210804,10.40082662275043,0.8875288733455887,0.1005324988926174
2656,55.508971035611864,45.59060307536387,1.731867470604186,0.5389986565667305
3104,19.102969184464598,48.396626806944006,2.214651470384272,0.8736049886861134
1224,41.95566646249251,21.26722933787706,1.9969970608506873,0.8728953252682392
4032,50.004076190351626,22.41946812681085,0.6594793239828836,0.1380470138589558
2882,36.847176800758156,1.0777092718731218,1.1160729580461268,0.2823547797707524
2476,47.892314635825215,58.32377987395621,0.5437112961448879,0.6209776913788947
3719,53.64850267893486,43.12562995567814,0.981365107319307,0.05168133269550845
273,30.21858816260472,34.26171830120482,0.6641119047170851,0.3550616034239613
849,15.26625042362877,47.373154942016434,1.0003822649609848,0.778313038003436
4809,33.135721919559636,56.08228658524409,2.6752247083100715,0.02853705093004233
3912,45.01701331746416,33.403139116922254,1.4275745212278736,0.4347645155803349
847,48.84571881199082,8.599402016615104,0.18101551175901281,0.564013794389884
4847,42.65250356358882,55.13458611507965,0.4795605580069986,0.6799737230616818
2589,15.30025354291004,14.820670113104146,0.29631399549186305,0.12748277206664294
1954,36.292918135469634,26.090441108865605,2.474693941680398,0.4782375261045718
2071,26.174810585458395,44.57750444761706,0.3288530934582873,0.216566397029488
2203,31.161107890952724,47.80546842227589,0.10187436262295625,0.5901581343505001
4984,22.509498587704783,52.61709299456224,1.0239913232959597,0.4252585181166869
3349,17.868857520936828,2.132008382997168,2.466305680175562,0.017455380006659138
4110,7.503562786761647,51.370383278050326,1.9170711011507386,0.4148118875680584
3090,47.561764223966804,51.34299269050437,2.440846432674413,0.16576036264922356
3883,46.238772025317154,17.14138468138829,1.1036202290676802,0.20920759656613142
144,43.83008904614711,31.626742224999344,2.780851979229307,0.456840875757643
2214,39.81754315001665,55.83377845825631,0.7089081597567803,0.41698153797693616
2627,25.774697411686954,8.644687097441716,1.3637051944397764,0.5969857697261144
34,8.191944478422515,55.452281658346884,0.15464420720649774,0.5793719492158346
2302,34.334116043157486,17.639627269703027,0.412068060984384,0.9798262934608144
347,1.0746623809948352,46.06649636798272,0.6777343977697415,0.23436340358009056
2402,9.322155792035732,5.095526216010471,0.3024452031950088,0.6997227590837442
4470,53.52929722152558,23.61245390491606,1.1628758169665054,0.8742988198060012
382,33.609023403199934,33.00130171523464,0.7008661218382213,0.28922873518124836
1153,23.418875583140355,58.44061029608607,2.447219796287215,0.6470241453773389
2265,50.33628688644995,25.490198794882375,2.133973778943441,0.7667364541911953
946,42.477685559182866,0.11538620303406688,0.8135363248213356,0.6293293908912645
4807,9.154008509510813,44.118294605873,0.6479131267613251,0.7601937242088834
2870,43.404937954306504,41.71759634119237,0.33037456487630923,0.23772972490701405
2395,17.265471597229524,44.542846237741685,2.238936357718821,0.78513961787602
3172,12.686027738465173,49.06768302805929,2.0102443021266065,0.5022626893448275
598,23.910154712568087,43.228002539743734,2.009374286471569,0.45971330655765363
3628,18.851516625589603,34.50042128507353,2.7619051203687737,0.5818104533220017
1855,36.37642699807277,35.38939982623784,1.0416771456765808,0.15373859414813373
748,1.7918210139959179,17.872683183860122,2.4101895537770455,0.1948346990103097
4913,41.24035706840083,11.803676472239031,0.12497857821735926,0.238384485066359
1336,25.747518476016587,55.09051551611813,0.4361122697421145,0.22236201396605326
326,36.34239999432247,10.061604274650275,2.73536211887955,0.2532911755393865
1707,4.032950440816685,31.016221174820725,1.5771529953955763,0.6204398751469257
1527,3.8196452671002246,9.411506248201755,1.7302241005350254,0.8059490802363154
482,14.162974283758995,20.311104354473642,2.5561072891958947,0.8780712607321214
2611,13.910257401257734,40.37999479829914,0.4540568920008705,0.06888184047549128
3581,31.920366597560005,58.2098794120081,0.9276532924447429,0.6721990133074751
1205,17.827409755647007,55.36201364782839,1.855497253191465,0.6210201280039063
4149,31.76920759775725,41.734899167225066,1.9604234131474996,0.5592585416652548
1759,11.702082168398157,8.270198955902867,1.1505297975049111,0.23276914041341112
1695,14.81925274268634,33.832051969744874,1.5605212496025846,0.020132162061510472
2343,45.99032623886428,59.64779952284581,0.9357137492043639,0.05698673188209191
4511,9.03823837108309,23.464567092332892,2.5183033538869273,0.14618060851342463
2443,43.88177333138793,15.727603730193165,0.2751113685368986,0.8441740602563794
1911,2.798089257463625,59.013452127985715,0.2799388469187123,0.20705548768729543
1474,11.351683326035724,26.955447044050068,1.0502313420561113,0.017298596600734406
499,59.23810836398247,3.7396580415871616,1.3466426597930363,0.6384470354928871
3563,32.76999420245076,13.391701849772444,1.8986820482743474,0.23799654453708452
1847,49.33944754240221,18.028401657779096,0.9849525461482266,0.9881142324658498
1285,43.629003587721634,27.983048031828595,2.206723963500239,0.5033175056355333
2027,57.64434432636283,15.52742602507703,1.9415187432893306,0.8201405845799665
1257,14.09369989835843,19.557563658880063,2.604180333417484,0.3723159555525928
1117,48.46270773894244,52.04991455525076,2.658757828651056,0.931341003294641
150,32.537419724242305,7.397785286352116,2.3924288064747365,0.6483270764157948
1854,6.045730489925962,1.1861263502899866,0.9893027459695468,0.5964928485308112
1064,3.2872324807583553,11.407359162603655,1.9768962246196031,0.30923666361920676
4067,47.44164194145252,32.250456548425035,2.044683830651097,0.9396088587728118
285,45.88975437555292,43.32178655828411,0.834567100629896,0.05832514304319081
2779,58.42989822709744,24.050180237222214,0.584270596757661,0.4580608848163428
186,52.57814886564515,34.24629058866386,2.7342598376960257,0.121248405461854
4869,0.3547250134869939,27.46926394536316,1.7197426367229498,0.9652349697512084
680,33.32287034823423,16.79431147126467,1.7047333430738174,0.32347985840202
1068,7.388261241386123,25.836062251159433,0.9094344046320777,0.7799870348823288
4289,42.011272989082464,39.52865306447581,1.0527666373085611,0.2522437179934981
790,39.491714349951565,1.6678454259985842,0.36442867043876914,0.8935547005022813
1646,21.701539999495907,48.98412826872161,2.0993580407594252,0.2574711073607423
849,40.90388909320256,41.380911084223875,2.278457144565071,0.7859748519274614
1193,3.2476092273562585,51.84119198417384,1.5124885899951817,0.029609063207964303
4973,9.361803316493253,13.960701000933069,1.9642298344304379,0.8923649760465611
2930,38.87817730668742,49.04662354007139,0.9124122021413257,0.46051373340491786
497,55.09927664018284,41.91302572473929,1.4252659663551475,0.9644404319622006
2328,7.140070174790978,35.36988883223912,1.8109319187243698,0.7502004298364479
691,25.181698532378697,40.909568308113634,0.7070086672935116,0.7390389970176656
3056,49.37669874633892,7.763720311546114,2.1584544921340147,0.4877086220434633
164,32.79584766412082,51.35675309367147,2.0985810836375287,0.047427865667049374
4195,16.54304353672184,57.412606404838606,0.6276039463172775,0.7186882156298307
2076,56.55211176046524,40.4707843066158,1.4953028106085104,0.09312976838192843
2652,28.992382916916693,15.245657062960007,1.3342411640128227,0.5820847182357509
3045,46.02675403953684,38.68299855725269,1.146382383097402,0.9343768687780732
244,55.55200385118267,26.67273898913681,0.42550659089068577,0.21953772326821053
2306,56.96819343099754,54.86574404685852,2.4535400798155624,0.5491832481498674
931,57.73925779681362,48.00830485674261,2.3469935160874793,0.19268600397432079
3999,11.65142500770013,20.291402925004963,0.665818909828526,0.7465411212244599
640,44.19350646838615,18.014958388756895,1.8755310474329427,0.028397043385316456
102,30.862052078302217,40.830835588940396,1.888513566871137,0.58519868707874
4220,30.863357786921423,7.260077277238242,1.0649122163748341,0.8798617839608125
4173,41.00391807705807,16.665798597388715,1.0622293658198825,0.6052650958136593
357,1.612393548627895,33.93337892503433,1.5788141855979363,0.9686532640283584
4478,25.91094449083315,20.36074173797378,0.6375258738486872,0.9890594964473405
1009,17.081372725662057,15.302295291882906,0.8630217960115348,0.3629597186627499
2813,7.757680348719546,30.629278186589115,2.592732776188376,0.7761835854053812
3964,40.7303861828121,43.74567331677477,2.4766234465046075,0.8853483482864367
1951,36.01420560186879,36.73800439613447,0.1438131006646062,0.9396477578605762
4908,26.691617649519667,15.448836220509161,2.518569908795164,0.5195667950247457
1703,3.9095498634683867,7.291599821883805,1.695104849120932,0.7905732799700703
754,42.13928631612481,47.13601084062164,2.3912448012004535,0.160660614585736
552,55.82795880732346,31.31834410304784,1.5243193351188773,0.8667150145755531
2332,13.319790783403004,42.67523770263521,2.7819264478048757,0.6520275822443476
1154,20.467643581930904,11.714853064932829,1.1218052463203614,0.44118664774658245
2667,31.397770319972654,31.21819302263772,1.3911715071977546,0.7659769081833183
4362,15.229124285759665,51.95062520987382,2.4939204548619243,0.8528044337008516
4463,22.175992909100742,3.3676400395973904,0.5075098125309875,0.7221733496810284
3566,59.16280458241209,27.990196303674836,0.21539438708870826,0.04780046013849659
3116,58.97690576498612,21.53038086134098,0.6491480837377801,0.356791418739027
4083,58.25454731292786,4.3099686245734015,1.9755545225162443,0.09221480885910416
3623,34.018537386175794,36.17270882083558,0.1499393743035164,0.20532643461969236
3670,58.87635621566849,9.945394144583869,0.522437314321556,0.7128281855250082
272,20.735119943956068,31.98103461051155,0.44430504333475196,0.25778696255300926
55,54.41869450898472,35.75351618824747,2.063989466946129,0.910450738681438
916,21.187887276740184,25.335969442996248,1.7587296247468691,0.8030236403855914
4827,29.07840779999486,4.449303362395806,1.9614800251761784,0.18732586682207253
2148,23.393639999910423,14.882091676263787,0.41969685618168795,0.6521175866444701
4680,39.82270968410098,26.114044349758135,0.576689797456119,0.4812713423665802
2584,42.33004565383388,53.32407893228894,1.476589101039822,0.9222620461107626
2544,36.54830619078422,7.619149567607552,1.3318324682480194,0.2800511830044262
3616,5.7886511741935625,13.66922821022419,2.491887927259086,0.8683187767645686
4698,48.600614374691695,57.765444336925604,2.5727077243001593,0.31767942153308226
401,55.80906197000003,28.418750216280234,2.1898766134632304,0.9887740772603522
1602,38.60491012247654,31.410634404251176,2.263901473067,0.5700621545173525
1268,56.574156000261056,16.814137074038975,0.3181167559215481,0.5947115532930369
1930,36.1156518172167,5.422091974924599,2.2564431006874757,0.5268450172771232
3909,11.680465460587913,8.790094844796009,1.6328067305947838,0.5220814270229959
1238,28.549802550307138,2.4124760034144788,1.1265732599104494,0.8476647932647107
3445,15.543020415219482,43.9027830269258,0.6098252202787479,0.2095651816186408
4611,28.80508040997252,18.091915159511938,2.1318587079561655,0.3872386065552309
3377,40.44532191757968,45.927831880465945,2.4772832432872054,0.47171205624951473
2261,56.35446744945865,0.4220064441793303,0.5529667858376442,0.5004603737523249
2755,18.096957528255118,14.822879407824342,1.8980493942595844,0.5516432426407282
3606,47.07444071297194,18.75857284605607,2.288669568771412,0.5983159457039223
3700,33.67812926350469,27.732551421460954,0.8731386222839512,0.9789728159105073
3826,10.775478247464623,59.26815341214078,1.9742700722229614,0.9939109944981049
3698,9.917452627734706,27.443680799706843,1.5502260502659044,0.17946741616479178
2045,10.728467974336699,21.217074069152332,0.5882526871594455,0.677307646417927
2475,17.421012790278784,37.13559421481936,1.5291491490822255,0.3541329975877149
305,14.453896541532973,29.015474418351587,0.3927010385621027,0.029977885709460916
1490,23.506060253558406,4.037042031804305,0.15709452119289258,0.6872352394074375
3450,56.2135774505076,53.328100872755876,0.5834343311801711,0.8797275613395609
4452,20.484994655267318,0.8852431521055459,1.1698457610462363,0.802998391470107
1292,1.008034021981008,57.115658775626784,1.2278730261447814,0.6120874050010062
4772,42.8743245029679,34.60793118522871,0.8338612512736842,0.531223981324308
1078,31.032454706890466,30.08298540141754,1.4888557943245058,0.22274573994562352
4877,31.148449030213573,45.5051710902465,0.9492648871942048,0.860651226592455
3684,51.91996167551294,57.613271731655146,2.553799052804859,0.8153844623634919
3097,58.307218686511085,51.35459542246202,0.8408059499453462,0.32686892392510625
4642,41.104936557473735,57.79875207006851,2.639530559799444,0.8199160159889507
3223,57.24138059001648,14.83245337761658,1.8505976386845513,0.17718839977344658
1999,44.05836785127425,14.787294983347998,1.7688776927776624,0.01918715815511518
2788,18.674015222837866,43.95500709520943,2.5568163939270923,0.30030979354857357
2796,45.966348557788464,35.58071938869979,0.910445477531014,0.0779334362415991
1816,33.93334720741053,31.341837663852,1.7432088620821573,0.31207988965132016
3963,5.913272837334047,18.28876939859446,1.964531310913421,0.6777776502686772
1216,40.51398404350299,58.86271685409761,2.222385911076163,0.3057681426383355
4755,56.99542048101079,3.3031426246468953,0.5795130406282805,0.28086711232767136
782,24.992247902567026,36.49136617205374,0.26642187139976725,0.1017246417629083
1141,36.95668337344251,12.121488962031934,2.530865379161274,0.7722951220534965
1391,8.624620075112466,39.04173461771211,0.3485961148771872,0.6030585156283651
3699,54.513759836593245,8.746945397584106,1.2819529081854748,0.6601544560493029
1361,41.76206110310999,5.99088419559145,0.7696817166475318,0.04848314372287099
891,51.2553777991029,29.911521444101695,0.27734133158645513,0.6628942771686297
3763,13.172279668964268,36.34882487115917,0.2509890698089203,0.7820834197577216
3487,3.3712882681204293,41.9029318145922,1.089465057863222,0.1076748752113793
796,16.153253589202176,14.025520937218129,1.9943920474688412,0.1311138264999907
3587,50.52074115420066,20.428968139160716,1.249344626144653,0.09382347109677114
20,22.801327282017347,11.269666394317166,0.3789707224866823,0.6062381888884186
4448,6.585733479257505,19.194641100537115,0.7733036163395536,0.551567717203347
4561,11.343912832542024,46.577241913062046,2.645066026125385,0.4503019309812535
4099,27.62618550344817,23.937018800161777,0.7908018360123938,0.5073653119375173
4115,10.614416570752375,35.531083713373,0.9864702051809879,0.7548669920098671
1283,42.10478717049817,14.360834814798253,2.1738589383369185,0.16002866886500122
3320,33.17540718999109,20.51992814957367,0.2685991249771907,0.07052988896733736
4005,13.956431048913519,48.50371325707079,0.1430940295477131,0.3387287220993206
4944,52.15108983459124,45.438578269395876,1.4320101868601467,0.5907104654133755
660,50.447484584348096,41.37068975240541,2.779816123930479,0.7017347877455599
2580,10.933862862212894,0.6023191504655889,0.308548385404843,0.9081551830506653
4636,29.051009392399376,46.61267464913695,2.460566328287587,0.2838639958522139
4284,10.949492865754609,28.98601446876631,2.7651968437747687,0.9157905596567302
4048,14.853840274545234,35.16536844555268,2.7037726906143646,0.5396121270198573
2896,16.609094917054993,8.321712963816694,1.941545146225861,0.2791973557939452
779,20.43510059529172,46.726280681106154,0.43869041147325016,0.3062252839019137
204,56.7315677071235,56.127235411689185,2.661584129939392,0.7084242373949855
4629,19.569155800078693,0.8466109977605529,2.273060394173524,0.25519621830143835
661,47.952734525379846,40.5059353072493,1.296531933265006,0.028240345851911708
232,15.075425712658777,16.00112957663534,1.6179691410321393,0.02089532164709662
468,49.78989678124376,22.576590607405393,1.188448586547762,0.47395968853151527
53,32.96604817466213,41.098779891353644,1.3566454710182232,0.021261446146499496
2885,4.928387265829921,19.75531465708852,1.0698247374273842,0.005230600830671173
3599,40.654211736881585,26.55329140226852,1.405791452333114,0.5205676524294904
3898,39.6416185476905,54.03767059837079,1.4780367367787033,0.6662087759524672
576,57.993072813631215,32.860789020722294,0.3926840747755983,0.8624702014233704
3169,21.148996374293368,0.1325354498818454,1.5041883513857832,0.23323881181707595
3015,16.773087139168364,48.928171007669036,1.5794623935217809,0.20633977289156635
1566,9.612550977198113,41.624504355897415,0.5792604921294514,0.7605012135756537
2929,43.02133777615225,5.67566219362792,2.4895685634987137,0.29653637779884445
228,15.301543478830027,9.260475529501281,2.320300752152692,0.6360954862415065
172,37.02698002737764,20.063556253757916,2.112862788473284,0.734612537651559
4568,2.056743864499111,46.65487068165488,1.8969897068287853,0.20617936752124777
3277,34.687197723404715,23.812517713691253,0.5688196948888887,0.640051500581422
2408,19.97533596892122,29.24116773193689,0.8009151093093493,0.14228193115098364
1158,12.284523642170077,46.995558029689036,1.9532289098201785,0.0659730893728907
4563,40.936693663628375,12.046499911545725,0.9952128885424966,0.12197478886927371
807,25.5875492026945,55.46984512055943,1.9968857550953396,0.28890529186062575
1225,54.714862412040794,18.2490387949115,0.4115344007338345,0.6119997548002929
4554,11.623970208166899,26.08270517478155,0.35632071034315194,0.9765171571333894
4201,56.09343973380469,43.9319788088955,0.10736435009812488,0.41713613015200857
215,14.625160939366149,42.10605931476535,2.6964983639469002,0.023236523819450405
1077,17.01739375163227,38.39625635104521,2.7724572155814093,0.982182729324429
4562,52.20359230581891,6.996097545772382,0.7337147495008242,0.7165913872301489
2733,30.072777221955654,52.05196463600024,2.6695206528683673,0.7304619150058206
1193,46.2823748026846,47.59005955987389,2.656376839349427,0.6330478624719934
3099,54.17282576739416,28.4984290943225,0.5255683812335626,0.3026901434641409
824,22.75782763804878,41.25358364143335,2.138498031439118,0.42117142289197074
1699,12.403527645412055,39.85964913276872,1.3037318237902888,0.40708768647346383
3276,53.4161107656027,37.97647553000032,1.270576169282006,0.741380469073946
1606,18.875947941597097,34.485984799460844,1.5798222397334671,0.590363920844889
677,7.062970468051102,51.590498493791614,2.563242110186851,0.6241879708602714
2935,11.96766192235686,6.962562760100073,0.9411406601860653,0.6630656014886391
1639,20.14118712058221,54.67957894406677,2.380009724773547,0.13126395487649845
3079,11.749355815110361,57.62808915122173,0.9644313969479766,0.6839664078330316
1156,14.442491330032022,5.342685066184845,1.3848282165531856,0.9653287401872109
2405,56.28166479586427,34.759153644937065,0.5475100404205772,0.5790023840836187
2159,55.25581579299827,56.10879365674205,1.311453481160062,0.1293563924798491
4326,47.775349832936186,34.78695600279289,2.729360509979698,0.34738719191042133
1659,56.2827014261295,34.19879939244336,1.0741099707185278,0.6827536978665281
2250,19.79725701407997,44.15317064324749,2.034780176496888,0.27616142226133245
2275,16.46900320112771,11.01808935691909,1.3110911542580135,0.08423184006612161
4792,51.324533668008335,2.9141031092132597,0.29428959292375473,0.14774470405230333
4443,52.3991602391259,15.228995369966698,1.5723322832802684,0.7559900634405948
2975,6.742759547042585,2.1895679559522674,1.4619202450402413,0.9581981342218092
4425,10.154927214481535,29.678951265686266,2.668717476066374,0.3699746963031275
1297,46.510807251827174,32.933996352773455,0.7295663411795789,0.6054727030492789
1703,43.59523285114563,29.07150757985732,0.816320322708607,0.30836259014976874
3523,4.860122123056046,18.10128053022375,0.7241113719570039,0.06136973639213361
945,32.09228347537429,52.793916603007524,1.463355413316611,0.7692913046603695
1956,29.62785399464491,24.927903316266526,1.8327421801714252,0.010719914899461336
1710,2.227955577195786,53.729563453987005,0.31331275819160526,0.9905239735636586
4386,15.878136612510541,49.23931663389898,1.7480098499419625,0.9906833892002238
27,47.365679609567394,58.38293701206679,2.0762960172346023,0.9631074693999233
4022,19.368132798159156,30.61754630102975,1.1756262136153697,0.2520576071305174
4644,16.935819886791247,50.8009940461121,1.5449942329187918,0.5434638623090822
3666,54.152721557668556,46.47588529231858,1.4896989748016183,0.9310895681138212
790,14.025540485055805,0.08703004737605102,2.445944411499282,0.12209950302576833
2440,23.014484452686304,36.85657093114821,1.6759220135965245,0.4898440612044995
2561,34.540914873225894,17.321894729606043,0.2237582144851978,0.6114932986171258
3462,52.69957079595231,18.824252419526186,0.8611232768591878,0.190025874893752
3890,0.20512579621624782,34.638364640637654,2.777569037924175,0.8404139353043074
1657,31.711312828539878,58.65311587907709,0.587091513382964,0.8371903265649946
651,3.4459398164585897,49.355340897117884,2.7549109253555186,0.7372937227440157
273,22.44071026103564,43.85447863332541,1.6480052417141797,0.4787941727891848
1911,14.00672103239881,49.94409179877918,1.0949300645341693,0.09979492285991853
2056,26.561168468125487,24.264940524878924,0.7915439855919305,0.5766426575988746
3523,16.509141327565786,58.506487464259635,1.334958491014575,0.8815645662672819
1348,42.86330103393881,32.53286961972122,1.1616591805006071,0.22688897237605765
737,36.29485570824844,40.365118921361926,1.0215873738249137,0.9999938755442922
2280,23.580434250957254,2.2060007514599644,1.2284859529953431,0.48232518120339496
4382,4.372623540023759,44.945045664542064,1.4736110950563828,0.5730645779775423
3999,40.164111825323005,30.578654952777676,1.2986614092634448,0.8549457195353488
3258,45.914919546226244,19.222064128017543,1.7386070028155425,0.09245088395641554
3877,48.60157278468542,40.96700017112934,0.9109084363543991,0.7275083539278162
3879,48.67928167776171,56.06215652224816,1.6934424062616344,0.9140939018813797
2989,7.356416064227687,47.11912180357394,2.7403694278724267,0.5940444736698185
2031,24.174804646996908,58.68024173008431,0.8134045411681496,0.21877881466631832
3343,52.398819485926346,25.437499886298603,2.1215201530350547,0.05679661438339345
2547,17.584894974421623,53.67480922425206,2.575770317578091,0.8471929484102582
723,56.7830055991864,8.911046493437244,0.26638477089948503,0.9036040548322625
2273,28.159280929467233,51.79137136307662,0.4037442866670645,0.6563731868226242
1498,57.78751437518229,13.379976770709355,2.409046416975751,0.3504911802844358
3622,17.61823267922338,24.19365388651042,1.7967982424005045,0.24803283939210574
196,10.399194778641762,48.60573496961906,0.6634050899877898,0.7473537232171065
2200,59.38990524502357,37.40823038671844,2.712307096736351,0.9608409433293026
1421,39.51294823396183,3.1037939969450035,0.38637331398498387,0.4713287163496761
4023,55.18655317205577,29.19204336200594,0.4674081891181072,0.0841806086173541
3953,14.045045461018029,6.237768620832447,1.2319467658375636,0.8475391398731332
4385,35.271723670053184,1.2171205158027165,1.4845305726829023,0.8213077761088886
1549,45.75387033823678,37.01848049729334,0.5222305229092971,0.45694199319666207
77,8.597892481216975,2.676483403294978,2.0114635136478043,0.6930927809702626
3774,10.818883686498964,56.531221512300114,2.0194411632368676,0.8887460645729957
2446,22.115993715167082,1.8267680285678223,0.6600352986316977,0.12731501745744067
2161,8.503854682594374,55.00214580496752,1.5889915228667117,0.901013779877197
4266,28.142084741683043,8.274857728480642,1.703745313597814,0.3788122577412043
27,39.87596028549972,30.025703248330686,1.330164612289437,0.5341396972052969
1694,50.59951849161982,12.149949974994197,0.49097992552562353,0.46232109742536487
1614,55.21425055336068,1.0252483042346006,0.6141385776515967,0.5799661998390958
18,17.48760728546834,10.898451159446461,1.6111196820577436,0.5118840055800832
3269,2.7887122535299813,27.057544553151676,1.7617686320374388,0.9554496513983061
970,6.434248942148959,22.426917356006115,2.1032810424000203,0.9079424139956125
3653,48.72364450442989,42.33397756688491,1.2727882830537525,0.8577333808815552
2725,23.477614914621807,46.398651831449286,2.519931042423998,0.8569664360909295
1342,45.2953631325084,57.84488552129265,1.74545249215768,0.5887039519299222
3430,20.16374004676009,26.128285535869644,0.4751245321806469,0.2936095555735777
1070,59.704085904944314,14.853607558284459,1.1201686791874614,0.7341448757068469
4277,26.742434493803387,34.06453926903461,1.5522108884296157,0.8562448503084471
2094,18.688243534240556,41.77000834742296,0.2662520549238868,0.6450598635125256
1947,6.531496446721499,26.201067757272693,1.733938072001911,0.2661428479938447
4438,1.337676226354978,55.11399485825664,1.4943403450126478,0.0918803052988032
73,47.964182795707536,15.350588135189604,1.8103238042582956,0.00592630400892924
520,25.007227850911008,15.284365316861203,1.5382063501206003,0.19824672616421035
4326,57.73329148688819,7.735403280909634,0.8488606361048796,0.6388298440694962
1270,42.59098696528126,1.547401878569079,0.5107352612148425,0.10878494715520348
671,27.83768625654951,35.252911771685156,0.2075578439883221,0.4820860780721521
2121,18.361328077925915,38.67495906565624,2.699858313920269,0.9786517885872094
4286,10.602769938749887,28.611313132536708,1.693678240515608,0.31738724040811594
99,22.113356042608878,31.246244309804258,0.13196244729362738,0.27662844904245687
2491,24.915122787118598,29.716198830131425,2.425518831645553,0.045961470941716764
3931,54.88467768299455,27.790194742387328,0.15129757306382652,0.24511944190940738
1968,45.45564107207813,31.203813992990227,0.4164364224445043,0.13440095766169513
4342,15.56962227518226,13.639721402765241,2.663360969621746,0.25647282721159614
3016,19.86094017427713,3.786692220561687,1.8175054364962206,0.06447032504070005
911,9.300247279710343,40.283432412177746,1.478954879189567,0.42160185743320755
3498,42.59641436782871,28.56720388668416,0.7464861235788992,0.6685208015244358
4919,35.84979180775277,49.51797549567492,1.6579820913788932,0.5279523183326525
4999,37.36496534429628,0.9066193473469886,2.3071208964607353,0.36116236159098924
2391,1.345282141879871,3.3175007744239227,0.28780538149620016,0.9961466710532404
2627,40.346853522664254,56.63362723846724,0.750427726677147,0.11024491313850449
3306,15.155336671495633,6.544634240567417,0.9538741647596571,0.5022499859368057
2279,54.24936925622767,34.45484408190664,0.252245636190327,0.8658334624552831
3848,15.565811804236905,55.67357212648315,2.4431897147975756,0.247006766175074
3157,35.00514830357425,37.746050809734285,0.8301844129435667,0.5953137302848247
4639,3.4532585257687587,15.76267341348627,1.453235599373672,0.970069398803328
2550,48.92045540283707,26.27152695445265,1.9306650570199446,0.15488730251634575
1026,43.88617025511376,17.370834065373213,0.47731567465881697,0.8498029962955587
1145,36.812228012803466,51.95810889414211,1.9122429954434232,0.6788652462238494
2483,26.238317145905118,38.29682611961361,2.5574201495883204,0.26421450808692803
753,14.149541028797836,42.949343127013016,2.063394647115739,0.8642375229349685
3687,29.748430847158012,46.94732572033239,0.9694379753898247,0.2643231422293021
2906,56.18396708968918,4.098793510481085,0.9384028261450886,0.688808902459012
1144,47.91353144292338,12.432313580561594,0.6849269016622089,0.32650485795729733
576,25.156763024990447,32.18890922772875,0.7806965513642783,0.3456277444619309
3455,53.165869694811626,22.564201532083228,1.0766103927298887,0.2041783450051211
4338,36.717675920560865,58.37850945296642,0.23210156124342474,0.37046963993088167
592,33.91081681921485,28.27887360340849,2.110537565229801,0.6832777187139556
3664,1.6498882231346212,35.74812946671966,1.5591850525807505,0.8217087612738474
748,21.204100947841983,6.109021400588375,1.4580624554794956,0.5806934047923888
4381,23.327542428271368,23.254594886571514,2.6567946538803953,0.5024572564371536
2963,38.331113348361136,57.32167113332972,2.4381811839756904,0.2933573722616373
3549,8.252749436825034,4.210703857598541,1.1130298014627733,0.587314293750097
3706,1.6164108344708517,3.500310210975901,0.58727216032523,0.5929861852092334
4198,49.8427436885598,19.798916592182486,2.4645547371657357,0.7824464042945962
902,17.070625958140326,39.233702176743336,1.0236539934331952,0.9526631750985697
4120,40.973933605249734,59.73498811025087,0.14764507418077571,0.382343870041582
1722,14.805279669783726,12.716610356096968,1.6947836777493226,0.09203179510012693
3144,58.29997558352322,58.283153481888995,0.7677970067541766,0.06960731687436139
1190,19.546964461354065,37.287922105804604,2.1597953171296416,0.5920739130973168
4080,46.817874575422216,35.34120381877058,2.3428610877597613,0.41682349124251916
1018,33.402896595897225,59.973078714149715,0.6103018005029431,0.21141964494763732
1279,11.169063247697649,24.55111594456337,1.5571186650520377,0.08152797214230745
552,6.87180742588674,36.49057880692705,0.23590753060458172,0.770891687957061
2697,43.73251256181329,1.0726077446489946,1.8794159317616572,0.34923303506630465
1974,58.28368556112302,25.711280795863082,0.44849232260707617,0.37708448271873507
61,35.76442415167699,30.729606594654214,1.3618163755019492,0.22823813785767177
797,11.858565362475995,2.880651011879447,2.250093312255304,0.26175515231683155
1865,50.54937351420003,45.301461884434524,1.3112628592141604,0.7978823738522396
1462,33.487099597640494,12.937220265159507,1.3547545182370577,0.15716060590114778
1714,29.201633462049276,40.17403723591302,0.27574668368130084,0.6683493926881449
3922,10.508530595381767,36.427045881799096,2.6013086010657043,0.7369351016783383
4486,41.36620426857553,8.75998802045422,2.057915938747486,0.5739799356722874
4062,52.833072029917886,27.336314012637693,1.1394516980692964,0.25360795649208057
144,44.03759010230661,16.77398381421976,0.5779560585685104,0.42585875635903037
2775,16.00882911742569,11.119566986924845,1.0238107210181,0.17158890571652297
3535,36.17734715631399,58.11558115327877,1.4367593215318037,0.11469711354452128
740,52.93204999873977,57.54737841761064,1.9896879731584474,0.3879367764815336
4562,14.312434016670633,59.09540081657504,1.8190009875225839,0.7763063865364656
87,43.94938422683022,53.47609516729915,2.6308217139476557,0.863167488182598
3508,39.75018016033109,11.991614089128205,1.8178435437839449,0.049905093069573137
792,5.53657933338628,9.975379109653296,2.027319169672212,0.9057200833613193
1700,34.892665299225015,0.8136293222253621,1.9770337144595727,0.341872042804522
4808,26.135450198044012,22.73836071673784,1.0662557802502683,0.013972612063522072
3773,37.701242992018216,43.06155360824596,1.7882835462236721,0.8716515272616586
576,52.09695990004774,55.358771722935444,1.029318487255937,0.4172714871027081
1102,30.754044969009268,40.00128130785818,1.055546970186176,0.06019882535880372
1009,12.680089092884952,3.8953876419466327,2.7337133524324875,0.3323285394219667
3846,3.301337082068807,1.0101031006217887,1.5527326369951835,0.841902245461112
1296,2.5814517545276616,35.49217553432718,1.3117011878408154,0.9923241164285468
2350,2.538857238528589,0.07149361243499852,2.750156939479167,0.5380098234275172
2748,48.60671683773875,8.835633816031558,1.8176124758738696,0.9414205269936281
3118,28.71168159310751,51.07153077627125,2.7677902052452916,0.3556326664063528
1121,49.254277504800896,27.86188266052635,0.33594217870777754,0.9621386385923402
2790,44.39721627449225,29.242191249573587,0.5557925131560515,0.24278863989008181
3796,34.334101865256955,4.1319417590516805,0.40618473289260904,0.06275320416428465
14,48.788318392724314,13.512188793175417,1.5159696567239445,0.7499903443804146
1480,39.015804625934415,41.82476171254573,0.26376157330627165,0.11949774763057552
2930,17.888753153090295,9.75176450372298,0.8626908812637651,0.2729014343045527
3582,39.34393920901415,33.02915271012016,1.0901325157764077,0.5570851755257369
2825,54.35531152278326,8.329117280441341,2.4944468011285466,0.5061951917540751
80,0.34890440757651797,33.021971997945776,1.3885258597232155,0.5836339425830569
3982,2.0822665803272433,37.611556329013574,1.2997575340318486,0.5012306445410332
47,7.565474824013174,58.35940872700197,1.0873893427526855,0.7025707435072935
2072,46.11948265540996,31.073949916716796,1.4839091922762788,0.45085050164447227
445,46.198106443190795,48.01885201535451,1.5947262707977543,0.8570792172530749
4317,13.14523410359147,21.744526272577094,1.167489630556846,0.48852957539668673
1419,54.98402429233776,9.478421704967667,1.7422019960730815,0.9402745246994054
4388,5.991598763201827,8.153794012151543,0.14813007425034244,0.1784428393875278
325,0.1936478436762834,13.19854279758262,2.3498514633955603,0.7403266457848119
4841,39.74096992538235,3.276887088091982,2.6209065105751748,0.7460022099061568
3862,54.03444161841544,37.85841220349627,0.5037507622095132,0.29240611585804555
1,10.940846509390678,0.987415435531267,0.8919308591081877,0.6154035409821476
2494,45.668052426643925,28.24453786509038,2.4896625960915824,0.8037980207513687
400,14.938541609076236,24.56510857488864,1.9755822657641047,0.28944145595252635
1494,8.165936737867394,23.069791721182405,0.7774966014073076,0.7520500493780264
4685,12.708080274634913,8.058739906496337,1.2663397729869252,0.4111631377156346
4564,20.190288891124876,35.17537778746549,0.6257571516417898,0.3454547756415337
3930,9.367745335387529,21.44579732024597,0.10561292242294792,0.4939954046164834
2821,48.004250129978566,34.11091290011638,2.5356125258239253,0.08094418588736196
952,53.60822543714605,49.05846520921385,1.907091864694401,0.5133473941204155
4327,56.83314510864473,28.943466278050288,1.8609444152788988,0.9546171029675461
4309,6.75222119281538,50.15728117731257,1.0863482633838506,0.4684058602564253
3203,6.400172072332104,16.882547440409876,2.0262269008466287,0.9196463616317913
969,51.09098921091816,24.56433365203634,1.6295359556209925,0.4182215086604626
1882,55.06998453254532,28.80753381671323,0.608289633852269,0.3853575123275875
2380,38.58314501889238,57.472632222248386,1.1247052327323734,0.35485922112671664
938,36.65616823063831,21.682690512049195,2.3364627321263733,0.8317368439059929
2249,1.628255355410857,55.11162033350697,1.646161581218198,0.6817125367914173
4676,49.39468544056154,17.832888951051405,0.5134116033789258,0.3045006859436634
606,18.303228898901903,17.439549059967216,0.8590668092803274,0.8592684856832774
467,39.99109224922873,58.339581198919966,2.630155868871737,0.36626709372140953
3043,47.81233114932469,32.42765982567066,0.6719481770425394,0.6527027525107341
4100,17.91713784865237,5.1227484634095655,0.4298596333793716,0.7986109003793135
1098,58.95578183216098,44.34589574144813,0.6453549857418739,0.33945288642032756
1067,26.239064221116546,5.680206260326179,0.7845702656980198,0.25421599293204644
3088,43.60184001778904,8.528533900518923,1.0971386663890506,0.47715628780853125
2813,30.095788996122007,30.61861270680491,1.0216853460072948,0.5149876576177117
949,2.7408909180592578,48.879802663661835,1.8716703679049196,0.662319262158049
2634,31.802721708147526,12.22102953716492,1.2239914363884485,0.5114619263975793
1219,36.42384561278073,13.82301420936179,1.2626344996655106,0.7155141943734747
3427,36.12265782758624,37.93270419142163,0.41981900326164523,0.9945489963334836
3748,56.7394030847945,3.504537880369265,0.3934872473090574,0.4245805534225181
3345,39.46993595238246,52.14892319350665,0.6352856137413803,0.771790655236546
1929,47.74401788358455,10.437759728471816,1.8006876367034357,0.12429108634824726
4100,38.72080769412311,47.13284781026281,0.2209277173669013,0.8568574508618676
4096,43.149956077512435,11.219864060572363,1.7800534789776314,0.4277682453754713
400,7.618610600907503,47.028417078822756,1.9786531658530861,0.5204030739052898
3513,7.473736494552208,43.80523013550251,0.368733308060741,0.7824286686302309
2009,24.011457354471588,11.644139903370352,2.441410398021912,0.25341724258126563
3125,36.20200872728689,43.480065982999434,1.855831280599571,0.38211038020310106
500,49.05008221334126,5.194900508207936,1.482114148397502,0.9595979614310888
3426,7.4449922523363625,29.61776732432554,1.6339938376229342,0.25370569356632866
262,23.591799047230396,4.431267662264271,2.0688399872823453,0.8038146981914174
4903,11.35763144032018,0.021630724331653806,2.2790162568508614,0.28797678438753094
82,40.289526692642696,58.030794384657156,0.2783478689069324,0.23895579790911747
1541,46.84287270403621,52.430788832251665,0.510027981351881,0.559546598629845
3473,51.838884624112204,36.883473327369266,0.7714155889121475,0.22747358217986136
3261,53.345887195986265,54.89375173405933,2.1316657180029916,0.37749517888894046
1205,21.491541503389954,1.1808792047503136,1.85324552595696,0.08665151153349127
2530,44.47160770037371,23.422157511252845,2.1275751000113328,0.5272538266246561
4678,50.40602785092112,32.00164857345975,2.7925057112684564,0.38394188807727647
2162,1.369226178479681,9.539210437481723,0.9968203460982602,0.9826088414246087
1962,24.999768011275826,30.401276436368253,1.708987202732507,0.3608838626013827
1902,47.18005249357207,34.064670796958815,0.7685176890705387,0.05934929329482663
3958,23.06159777396654,40.23550106671835,0.12343459340254015,0.4818453128220255
1266,52.975794616010475,10.727714390652924,2.6774051254552615,0.7636205751999104
263,36.713536781206095,59.65898408484983,0.13572690661629078,0.2663822484404287
76,49.197516267973405,2.9931482980715396,2.7825993442872,0.7164511852946958
2051,13.824556121613409,22.33533990374634,0.3268027917990681,0.40176980047121547
3117,5.147063512537155,2.202131992280283,2.4668280670532905,0.31528125332913237
1055,13.217318790139723,5.174206049283838,1.5555836525725533,0.13193903998248946
3875,4.198979346725446,16.943120305024642,0.23729680564115646,0.7746764980535331
3349,56.22447437138347,15.947776028737813,2.243824810966678,0.7803514370772311
2533,56.58216723912511,1.8978968896698634,0.36030239944251385,0.7102051967642885
2662,41.30394514452316,17.52120021362229,1.4858636708319966,0.11613722791419734
280,32.29524698643396,39.54317664923621,1.9470803001456076,0.8639612748775307
4650,47.472487248897785,4.84931348876697,2.22040483112492,0.03201371632801797
2816,21.002628456290473,49.57137615568654,1.986380343250352,0.6309038438843831
1568,49.871195255768,50.690055393775665,2.7647316984747987,0.33097178745160905
1552,46.56590670425219,17.648572601851622,2.2915507792510836,0.9635531170469586
3952,44.357799761913604,34.865818563252425,0.8105256505887007,0.2126737899359159
3338,41.70321141144809,49.90367910173042,0.8131648464983112,0.17676209619808636
2919,0.8396375248871424,34.480688805787274,1.5917943453984853,0.9110169214925372
3145,36.594870356128496,33.51343192385825,0.621300802146414,0.2830544235205018
1337,50.4881448427142,50.16175715686863,1.1374763675263195,0.6340198723144151
189,20.594461439723055,58.66758666069193,1.4976692366393223,0.06269647494100805
2923,38.46899817778725,4.646318187092908,1.6489987072132144,0.2572695282815767
1590,39.00806526669495,12.782866831808624,0.17070123612083762,0.16401414165043182
202,41.212659509739204,5.494017915214853,0.6019319243316875,0.05077799677263917
2121,54.534775009696205,59.191123488606344,1.5425596900113676,0.785626277881013
3543,19.154363339743195,27.792814436312387,1.0395968599262664,0.4808683316343373
1636,59.33511816773004,26.730991254431437,2.773470989820737,0.7411291710026222
3208,51.776901947412604,14.094304346870977,0.4706785435148888,0.8798473682554666
2760,15.994948154479566,27.348152133373144,2.6828389035550666,0.6961260277264611
3733,3.3407365721985527,5.734460530471885,2.075560921683425,0.8974171031297815
4904,20.418371479519234,48.93654937786696,0.5640214612745508,0.11558349104860499
4421,10.965360569357689,33.020478689140624,1.383432222386947,0.14591729748158122
74,20.30819251640875,54.90776012042679,2.757953922988828,0.21671222437473792
2148,37.83873468892342,34.134747617716336,2.5579350970022294,0.41532642703109923
1263,57.37921064864282,5.037100896200739,0.260196856301525,0.3677720848081608
4085,29.33887323733267,46.894766459738825,2.250183508518128,0.31211074804245775
3896,47.588033597286106,38.483295158497846,0.6780438751025271,0.445306077139653
1103,52.1279192723556,36.72863223073959,0.8348523889061296,0.27737939691076474
368,7.614152142988681,22.368258933472013,2.2231775741035453,0.9301451661023803
2784,30.776455927800594,12.595915726185112,0.16611974902098495,0.7935647099353598
3920,34.38124531949602,16.48581569880318,1.7610180704602876,0.7747692385020478
4350,48.97644118149853,33.9827038282281,2.636850829565515,0.5794449961093595
2540,5.7804427441024036,56.72571858806605,0.8046429888542697,0.7303753542506038
1486,53.350271395587896,25.6568608256924,2.4734140600017107,0.30187713003977423
1640,24.95760090781989,11.010829869161057,2.6656921767021706,0.6239434332333917
140,49.3545208299608,41.38031010334244,2.075936030406745,0.1335859201129218
888,27.67471986078779,10.697474819550765,1.5887875858035094,0.9571850769494196
1510,12.161675639829637,27.024832509622374,2.3066339524449377,0.21175829406407665
179,19.096546780977285,36.36557630179408,2.7672167328972703,0.3491445930658591
4361,2.882804798313001,3.9587740397435844,2.463638790258126,0.6559290686618036
3275,54.597092935990915,5.276832863921008,2.0374277332353894,0.40412591132018105
4642,31.697455995404496,28.038394734830266,1.71012718974632,0.767781311058775
4821,35.49485992695456,45.549237252607355,1.7219772782715368,0.3908402146005219
3926,16.01324537440638,0.9595819973259467,1.8483472344771865,0.7641913799926997
2556,52.675802523113724,56.851655394485476,2.7305176811431284,0.7647994543809359
262,21.423328606242883,36.85521473426523,0.8542712592377346,0.8820064735090564
711,2.8739717087843863,26.12441499282889,0.673278632818939,0.8712570668726554
644,48.452687190698256,0.07656420533467712,2.177981280132153,0.21157614938421854
716,49.85417609531629,58.275850739412164,1.1860060853242447,0.6035512076286043
1810,37.380364533945,55.746032913835464,0.5352815715549525,0.30515939093467714
2629,21.84270019735329,43.99628403526752,1.9711490267632608,0.441313153096038
3686,45.5048697280632,8.36186360517836,1.9042511606481214,0.18212689977847385
2166,39.84154734561151,52.503210000773365,2.025671868066306,0.06053478896657061
4143,6.099085180839323,45.59735273870484,0.3365953295622493,0.615660452546072
2163,53.670884063054466,21.037555154817877,0.17621372275361213,0.9297152888246049
1106,27.299910773017537,29.373843692991,1.7597621287228462,0.941015524717343
949,7.79890253776254,1.5558844710169484,1.5278101648093567,0.27274964108258404
1628,35.8663052466151,46.02698086901418,1.528758700970619,0.34526201587009375
686,1.7851087422217704,35.77552293670222,2.4876126998666765,0.2551179612203832
82,36.1420547052477,40.37983694580029,0.43642476377406747,0.3008792289702409
4943,19.42657419249731,53.70770268075488,1.031904720906123,0.8708821726557129
1085,23.59551104791909,4.795928866445857,0.6727895039947923,0.7522073810631627
1711,28.97516843906381,27.94589812287662,1.4352722533221036,0.6853518469278492
934,12.253199976085028,41.09262965797252,1.477855680338724,0.637078253618549
371,44.348375265886354,38.0579349171325,1.821435031850163,0.04346149208435657
3187,20.752741363887218,47.93049898964652,1.2241821185563493,0.1123484582340517
3405,36.08375315951757,44.00991194014699,1.7102062438928043,0.7809271167369379
2346,12.094785284834233,56.86714738141742,1.3482019033249117,0.5885607996975616
4192,24.412072190397463,17.122422846253556,2.5897324706750897,0.11918291526876013
1720,11.704730587023988,39.40210901152206,1.2403182757973121,0.8182169493742708
1696,39.964628732675905,21.33475469349761,1.455314455490213,0.4896827419004778
1941,19.98946291157423,27.11561198020035,2.7294883170450506,0.7408197776556033
1078,13.143134132468251,35.31925622104092,1.8509081964085135,0.0025241029474226684
1650,46.04249084893451,36.44500365898511,2.3427178671017637,0.4317854224234543
32,19.237797925987884,11.473518993885643,2.43745878508163,0.21209281171053107
1166,10.732409565586757,16.27703510444405,2.4175453732388754,0.9775448273353529
583,9.640418304992275,41.96345094768018,0.9642672932434424,0.5576143624962951
2829,54.25646043490567,2.287267480088333,1.952367144352639,0.4664846389367562
2059,7.69426581471266,55.41651193069289,2.0911651457197906,0.9993773405349039
399,54.60846420993444,1.0487497779206678,0.419740612998726,0.14268068320142135
272,46.62658093209259,21.301519301757622,0.7241020132918771,0.14132162333387732
1028,1.0464626855602766,43.036206036680845,1.6151445117002725,0.6771802856330832
4784,21.271527180651383,56.386927913720086,0.5131139560489612,0.9780167928658793
4297,3.63212040969626,10.460436993454604,0.5498170362225985,0.5054649487575914
2118,41.29203564308689,55.483187058113806,0.26158960872264103,0.9456143903263264
183,9.091608275472643,19.81478378453485,0.7675090435112917,0.8998880948193317
218,11.1638167333662,4.788073437479343,0.20441621343642175,0.11726446519908174
4250,3.353836211417627,1.7647234492995256,1.2200172267990115,0.4367051555617615
2314,43.73732964746051,36.74163573915453,2.4673749086392567,0.8073415842656346
2658,20.107631720108387,40.108362986686686,0.58096484451843,0.5935738398913336
3054,41.18968498827895,45.756923965581784,0.5238502775734364,0.9008509265566442
2802,30.499052001452757,34.11138662935232,0.8751697562475164,0.09543664626798576
3732,8.446831253418374,20.642262881193403,1.8731487367167092,0.6566209577783252
3104,53.02711019737158,22.446523410792967,1.7118429629083183,0.2948553506047631
2924,35.20672518175774,24.914680720796518,0.506323633399389,0.739501803528069
3206,46.1038263734922,24.620782545808353,0.9850459811719232,0.900909365717656
999,51.08316212352254,51.386002842766175,0.8129275864249096,0.6580523898910985
2511,52.82551846002836,58.33843906471506,0.3438623578977875,0.7060253951790504
1552,6.615010034369866,33.395685297009805,0.4282409442243088,0.5797333083442375
967,34.281246801076925,36.951773069100234,2.042507100450938,0.48832506771606343
3704,38.002555842985,25.51291364028014,1.6730294514240418,0.2867887954200228
3238,43.60922668219989,34.161423372914655,0.4269697651739386,0.2710360482898957
3105,8.666967686774782,28.27767845161581,1.8815678060248031,0.37608019089676603
2104,35.75830750098291,50.22680468973902,0.18870219348808154,0.5501205317776979
1889,4.86978959452061,48.26359994764507,0.4694640936365091,0.9106819128672402
1326,10.924545117600609,0.2546017713357607,0.29227795020935143,0.6166458946401427
4062,10.390752540739099,27.469500566893043,0.5215950975804453,0.8076149231224209
1561,31.96226378882425,24.727609410062435,0.2585212382085933,0.5862289306912444
488,4.6840954995741395,7.392897457725187,2.1306244147414204,0.2237996527309718
4337,3.262688607613997,41.219350011135006,2.61398384645323,0.9984809060781721
4503,57.175879167723096,6.313450928034456,2.400008053735995,0.47855425611852587
199,51.1019339654591,42.280784780516186,2.4104529569699804,0.858331240811043
3659,46.856712362141174,12.253687446786612,0.8512659790029273,0.15812425486312465
4970,22.677963774031003,19.41778012144185,1.9233424168072424,0.027545869803003997
4282,58.7509590913004,9.066951840328244,1.7649919493875454,0.7579205439260266
966,50.10736075749024,26.789442637592266,1.8556068850431586,0.06981861031981895
791,35.845750694542645,53.53727631284715,0.3923120225683656,0.858415413270146
4097,16.41095697621459,33.148531783386375,0.5575804050984967,0.6281917633564745
2434,22.236181114517898,52.94963594044746,2.1102212372908404,0.6675197894154759
3558,4.200799526302221,22.339295324730813,2.13335922198656,0.49665155303109376
3419,16.28219689707209,20.796474015186636,2.562664356521585,0.447461313087667
4587,42.49424314260517,23.528497206118445,1.5793233523189276,0.32137694184225074
2728,41.47834846233871,26.64675459647096,0.8415952827984932,0.024096201756281244
1211,21.688949758651756,50.377276476370376,0.7772930912137188,0.8374743196087592
4289,39.240709631440815,56.20863689101468,0.8391229412436124,0.5438974258686466
3338,41.65386129934533,44.38206450512048,2.2144160712646688,0.3947486655985064
3110,37.11255073242653,58.0092830233016,1.3149960736405988,0.3365528145338449
3471,7.308448160781933,53.42040273106923,0.6156869807832095,0.8839905789219665
4083,1.8341247355041301,29.224766897572366,2.7657668495459444,0.5819336781695125
2457,42.617218587175785,19.386023014582342,2.170093233801093,0.41984623993412473
3176,36.20659840179946,37.89150706704661,2.1384785148121908,0.5570621498555313
2106,52.7636472537356,23.733568376128314,2.145082172775407,0.34179105709197954
133,4.0606812107338275,0.17177427896541753,2.2033030220003558,0.6657073411028898
4208,31.552588734499853,8.828135538640858,1.8298233014720324,0.419670759388617
3096,52.56927947781698,13.838802720853396,0.5361767981938177,0.047686471648615836
3603,52.887698679275445,27.437855584495175,1.8840396509657662,0.9663409619036015
3092,49.957573255732335,27.76408255833561,1.904158223698951,0.6640033240845323
1757,36.611410261157765,47.997077727752554,1.1364370070423897,0.9384523401126341
4487,46.33879390999773,6.831960703535252,0.9285051352888372,0.5814351836612087
4680,39.4365860100904,16.09784789394699,2.7383283632850217,0.09622437285632535
1213,15.177750267774854,26.183899536938526,0.5494853463768375,0.610309647729519
3371,27.01841218911072,31.712931208646165,0.5676215060936959,0.5872229604837261
412,5.1579928256670105,48.41420607293257,2.4007467681852965,0.47643931159462727
4894,49.904399953406184,6.068899180649989,0.90857194118271,0.6203969880922596
3853,5.406353258145746,29.182831685589807,1.9933168932357872,0.7570284681444752
4801,26.650646565802056,36.86155708393995,0.38211853875623114,0.264053664340426
3474,17.97522677313285,26.72032892430994,2.3832383893227824,0.4660829311720174
2976,23.76433449512178,32.75528232728842,1.308340968836808,0.5825567258524598
2453,54.839402253383355,37.76059524003877,0.41856921136594594,0.014232049461641583
581,23.7894721573693,53.62277895218768,1.2200598168444128,0.0051523888022456665
1604,19.696026807107696,3.6226115720812713,2.350290617919685,0.4176684223522765
2286,27.41469436304485,1.9446182596886241,0.9049236469531515,0.37028491325549306
1105,48.84005629228503,55.646312756484306,0.7358908816771662,0.17081540333932654
3846,50.2369537444165,21.916302668263956,1.0621954495371653,0.427936150162032
42,58.56635221060733,26.627375821580834,1.5926425849112988,0.889945252850777
3980,39.89559773328471,6.569953507565554,0.8004356400669347,0.07886803267178777
1386,33.79497454180731,22.964924023580075,1.2061857696553422,0.05861992230495694
2758,47.869610635254205,56.643828821434894,2.4762718600586635,0.31657593011633645
2108,50.622201311079536,26.801026668958247,1.2842428998142748,0.13420157684194656
4322,25.77719034788293,27.89335656405546,0.752051313034651,0.22906690685831232
3682,34.03640583679541,6.87241047118238,2.2039004798688113,0.3726060194795008
4521,1.7171001294506016,10.874440003103414,2.3768976978755094,0.2928606601300473
2439,12.192083994190885,8.088924080560247,0.9449829178892857,0.7922271739984896
3783,47.70915604158228,26.244910397903453,1.2292831616168063,0.39742216840227496
1734,49.80640331398646,23.438595613283084,1.0912111236978925,0.17765744227930014
432,44.57919142842006,52.80052290120685,0.40382014117243725,0.6351409297063997
1392,48.1392558121224,7.525562204152775,0.8334268212131187,0.8304084271264309
2944,5.373414944341808,8.847156000540936,1.1668365104372427,0.6964598358684382
1402,24.48462976880293,18.34125809028929,2.49877603288341,0.15929966587516642
3575,36.906397134620775,58.725867859136486,0.31786932385387046,0.36739879789077656
1492,41.54849138043925,50.3091662979081,1.651171262548064,0.6734126814912371
4096,23.355042429849714,48.52837162139961,0.6233222186959929,0.6173626098146935
3773,16.10696692733984,40.623414310024714,1.9433741425514457,0.43325401207917114
3269,42.74055683327194,38.23337868869105,1.7128735010431082,0.22853149196126754
666,47.24658344343989,28.928688395592236,0.5443472040847022,0.7021688295482069
1903,17.466264531285084,39.394373655693286,2.5162429742119428,0.35415334887492556
2188,3.20490579283619,0.7031683513364806,1.5256064424568208,0.0442696091296062
3458,57.751413173883634,45.10025645773568,0.43753598092255197,0.046290076725405194
4481,25.463956573104408,44.597342649663716,0.5571979183727357,0.26294623438208864
333,21.392737128357734,20.38704611648707,0.6754300854150228,0.11452257135819821
2109,1.5775058193943492,1.2922155973715,2.613380370466607,0.9171703102721456
2667,2.7866886080128306,38.2450846499941,1.1906941494486085,0.16790720597230446
1308,51.838424899326725,1.1360231822253075,0.9530904622942099,0.8908946288868095
290,42.76348687428056,51.48062106374448,1.588915461290337,0.3370346281782953
3627,19.96301798031809,58.560354315665606,1.6275480487806449,0.1442338872877621
2375,24.63569239427042,11.927639746615116,1.8397302495075993,0.737375615484812
1005,4.770932306260134,8.686916797578103,1.1884311781072312,0.3162546812557543
3385,1.5347507600788823,11.86097141386015,0.7082401878303407,0.8641430867902294
3975,37.798219358745335,34.68003687876503,0.8005161443958579,0.7011566487905698
1371,2.4082167798949294,10.68133205254409,2.1251852240619957,0.6527229295908338
1768,53.62432288573704,30.93437870303778,1.1048455878770156,0.2675511800153948
2594,20.240336574702763,47.16355894220322,2.4575815747183793,0.4350529335061074
2898,13.24132255579163,23.055420934879912,0.2876679218290698,0.6143280426255182
3886,19.79221717822338,2.8071108836738734,1.7267013764475512,0.9441796561905758
2156,28.587403703563947,18.750509417786667,1.4632918816253762,0.1586350639659343
4026,36.83829860343642,16.501375795502938,0.22722789944300983,0.9816327266636916
2531,30.726755487700625,35.89418112140672,2.3026608083521025,0.4678929369658823
1942,12.835907679329782,6.350528070864943,1.0391120086030166,0.45698013359288636
3763,13.020729536179058,3.680949327525238,2.7342436558437893,0.28572400142707155
75,3.619935119506623,16.74941810983738,2.6904381444514587,0.38493771456564074
3815,38.12435360537093,1.3704584783522988,0.1727919336206698,0.6971710670480633
3282,28.668327510231602,20.885727159429695,1.2775923224336225,0.13296485064788888
348,7.887458634398836,57.32624148546963,1.4734419371732292,0.25804979842056897
3914,11.917834943432013,55.93799705843412,2.3807540513239,0.978088543817022
4082,11.265038163674014,11.081222123864634,1.628588998358157,0.8224367326058859
4304,37.8287228442855,4.157424871076003,0.22363957342134122,0.1450844589160336
4243,54.73947363793421,59.319576146865835,2.5638773000819235,0.4671747256815454
401,48.061870036418995,34.26430997509533,0.1154592813584615,0.2742428760990967
2606,36.81712532930686,1.2385326546444153,0.8713589075759818,0.16091925549213237
1730,50.21227026942523,55.22701160141546,1.8026592787329814,0.4938268775127891
3638,42.77329503464686,47.72606635721284,0.548810297677407,0.22887713091646988
913,55.72760967429567,54.68283604339463,2.748245116022234,0.93001688806411
3217,30.172936807748098,4.377116930682654,2.7078768362952967,0.9607415649722415
1126,25.31727281586056,53.0701610034013,1.250748827193555,0.5905159481691096
3091,46.00585543679282,47.8916795805233,2.0503751705610944,0.667645260676749
2604,8.006634252927348,57.62302378111715,2.621652994933554,0.0530467255005338
4074,36.69210548265028,9.38509425833708,2.16372161849792,0.5830131610795102
781,52.10970095620437,26.975824166906786,1.8503156472172164,0.2206538395746559
777,59.76687153252762,22.691698097415713,2.3598163046558356,0.6003667097156784
3977,24.692511637771094,15.288616547517561,0.1877824668505028,0.7382611005914779
4296,0.7971777192552709,37.68032394959081,2.5641475576462196,0.5900973692251426
3428,16.19256553452599,25.518966191808786,2.1240607678383436,0.06849800391204586
2153,53.01483555407098,48.8468997786819,0.4914916392805645,0.14210589657158124
1450,37.32565854708537,31.41894023302093,1.5959402427326703,0.988734336460201
314,36.91041400389784,29.42933088209981,1.1002690904350196,0.8075944667943158
440,37.37252165207233,53.4634525091276,0.34489512712714276,0.7535733149535339
1267,32.875564035125386,52.77948973763229,2.2033625173288356,0.025085674026739446
941,18.945334563982975,47.40403143264949,1.8410882775200994,0.28342386342770964
4774,24.834152963357468,42.8651386271205,1.1085983140465465,0.7720788776302032
524,7.691976934364904,55.53775206036725,1.4492857510531383,0.9602539166437972
4740,19.081159398834828,4.530959208012453,1.7960503687032439,0.6769653367704728
105,19.058251410842132,35.431966926342085,2.4271162421319317,0.8355799633780552
3750,8.71641658040108,5.603700248844266,2.324023523212438,0.7679582672195607
243,47.204963236886805,53.988679473924996,2.650325631050568,0.08839216309149955
3851,38.08658798656864,9.251739706232707,2.0353889782695624,0.03107849637695137
4423,1.9786216389995648,30.117068141847486,0.4207602128697403,0.7087872307728241
3115,12.076068257905078,12.395481474543162,2.3846307259274435,0.1432962527317525
4118,53.501188678020135,53.3170372338155,1.7137219164969042,0.5858111495124008
3427,23.885856924247896,31.46917219853979,1.8122899396551597,0.8838738327317806
3118,59.43910412952401,54.06087827903396,0.9598792711561013,0.6514072717546767
3062,33.95521751411927,32.54097356375871,1.4198422776167545,0.3904326078619954
880,30.975464146987765,37.45679321470216,0.8460116771224968,0.5555617087883298
2060,47.95723093938052,32.5562540749314,2.5495668254612585,0.5438991052189014
4531,44.62719382048587,18.42848246372372,2.715618121428378,0.3132823252773099
1872,54.2036293347775,50.519606723492046,1.330151130048234,0.6436158852800448
2012,45.89314772492347,14.184399046895624,2.392586029079154,0.6892719261367682
1404,16.584097965417655,37.35291526892244,1.0360574119819017,0.47848755181827796
4255,30.331783276433775,57.37014075326165,1.008201058658436,0.9534357290530153
477,37.25709383215665,44.68367807190744,2.299701860635393,0.3945164553216265
3293,41.25637326347128,54.92972747953056,0.924775776555737,0.6385479795362635
4541,38.0545602495883,19.54512823125566,1.6301949603716832,0.21033393058989647
558,48.713276066432215,26.70669949278162,0.681679316966844,0.042154500289481756
4220,51.25342424223074,57.373448275158836,1.1326570015421493,0.6677735036629759
4313,8.241844111397006,32.26370535870137,2.2901960923406093,0.4207770289583197
1352,26.799742793929695,6.969686750216113,0.5796966555621803,0.04342580331207346
4977,53.208398738138854,33.50779103366631,2.211386805386726,0.7395073247476578
3074,19.046520162031914,22.951521974960723,1.4057358205114738,0.5640576471711797
3675,15.83707826227267,14.709354410400145,1.1408179284411852,0.2037511245588729
4013,46.09772086037381,37.61436314066275,2.528141027259818,0.731109798938898
1831,24.340928494288253,38.598463139442686,1.56600078016757,0.7268672806141667
1031,36.33304747827699,58.64281866959827,0.6870240003266032,0.22689531842254285
2880,36.72111197986104,51.15177119463874,2.4067737208659428,0.9192866061712519
1472,7.02393764646936,20.66324095104555,2.5413059105774303,0.9091043885039969
1444,56.918883671843815,18.544528566540727,0.21037054193826188,0.02224518931976216
4408,51.552894009730956,29.911805955983667,2.0134320309438283,0.9176923341070571
4773,24.077795462921593,52.16081112479344,1.1124304552612803,0.8211204234636277
746,7.185845255390122,6.294978021651305,1.4861683461882982,0.6699980408375735
4304,11.196700188399227,32.4130950806252,0.6084607378277481,0.33248854534879757
180,42.39730978519317,26.514660167686774,0.9186644021120199,0.7028301792397178
3374,40.38723173203266,8.754469715951576,2.0695443586326676,0.40666719962233266
2602,13.751378465378036,30.168573017302414,0.8567736002088829,0.664075303979843
204,30.401356599320767,52.37839285169835,1.1510077244697137,0.1763833009852881
4053,46.12984672319538,2.7176755045034207,2.612830232765323,0.5753154953530011
2701,21.167285017159994,36.198258023769654,0.3245495263093452,0.3069052246445012
715,37.048336690522035,25.273136639961912,0.7282897079090748,0.7415178405843762
4505,46.67793388644357,20.054902048282226,0.9393978449108785,0.31236447033269177
521,20.581451888070415,33.92097954031591,1.395002695510752,0.8594291050751637
1409,30.497740024021635,16.013189637463668,0.8579969972451399,0.7440639668529159
2721,56.68931643647081,9.530175718655908,1.4962068968605438,0.2719621989585781
2463,19.57327481450539,10.227524222412171,0.44993342413506765,0.12750443249957588
2937,23.543620846305956,44.76853100994161,1.4435234215385018,0.73577436476621
3136,44.21527810074608,15.949014433488287,1.255630570472873,0.8333681855810456
4633,43.43987326132784,54.5011748001779,0.889129713088017,0.6434423266529189
1578,56.14099066677922,25.47411621844795,0.3564755250939533,0.7109295876990108
2271,37.5957272968711,0.008605045245071441,1.47631522361671,0.13503003447502215
955,1.286969531647384,31.880241334276217,2.154574033592425,0.4335097496495641
664,30.076721342784037,11.984443358806708,2.1338190707105014,0.6449552967829669
1646,12.56457001660687,3.040734087363295,0.7539317115164998,0.3272281423430283
3527,11.099045040802471,33.6554107454333,2.3852469798776057,0.57785746478077
1560,44.7544706960127,24.4745802386767,2.694775339157068,0.5129661328549201
4463,22.0937417787129,15.029458571159601,1.1675177664598375,0.16585748317773152
981,13.929695734824396,25.514984255890038,1.9972577311688227,0.5815074923292559
782,57.74326785111223,23.148421334092944,2.046411904307562,0.9608637390074111
229,36.8723415899273,7.778975207338759,1.0336818753561168,0.8671736188092255
4262,57.61600577745037,25.697234000524805,1.3612499114745866,0.8486598681389901
4559,59.282625460174415,0.8609955516984846,2.0621623931087365,0.46148249430719746
4355,37.79634672077123,5.990123728396894,0.5185195349684446,0.6121042996572096
693,36.970658222424746,8.284949769928065,1.8852504472596971,0.26058382748676046
167,44.75850873035909,28.6549431475329,1.6444233171821685,0.06072151591771058
2440,54.28094009000011,37.49602341341438,2.2114208969147575,0.5522212988080111
2699,45.88648793213214,44.6707214490687,0.8758547923967543,0.06807471244591934
2001,9.633748799913647,0.9100970124244201,1.8692668654346927,0.40969868902505446
2448,54.916630840314355,44.42368199605737,1.9608809779890293,0.01901769446797974
74,13.130232253556187,1.80753988410439,1.3145800398970005,0.7129462853519218
1839,48.573572243500465,38.336552517747705,0.6986401680958787,0.3794982597361025
938,6.563190102858645,24.741743803043676,2.164157669084349,0.8095872520037752
3756,36.64883671222375,11.946937107654191,0.24890656876705702,0.2678050013143892
4255,27.883168448778413,20.59817309600817,1.8271710335401166,0.16382824780631644
1780,1.8210541393493163,30.581803161161094,2.049138503737914,0.490053982929305
559,8.621989191697462,27.688102429367834,2.2495352842667216,0.03659734598636144
185,2.5827634319378756,55.18959906582067,2.2299089819616227,0.6894531134966098
184,59.80474285330055,8.168915582354865,2.6685710040364268,0.061709058630854075
4508,13.047157492295106,1.3379648370604924,1.4272449489249939,0.88699522049305
4665,47.763773852106475,37.463883340757654,1.3192392261829677,0.2142262810377491
3955,10.083482825901008,7.5315723745394685,2.36552688716901,0.6287080798348021
3973,13.4981468851508,22.876122562217166,2.3483626823916888,0.6920977608173684
1329,1.2484564755945926,51.48964074259493,1.8073319893360318,0.6317226705246648
357,40.697968372057765,47.06239445006412,0.6939900044304584,0.09442358884007329
4636,32.443786131888395,4.72696539836736,0.879127389250794,0.024252304839817773
2887,55.15909744418153,51.03726835781123,0.8298076900399913,0.37707852417604093
3287,40.12935951562869,47.045543113601866,0.6369916747652112,0.11891430538463954
4549,34.7488629269709,6.762784003685487,1.7989379702613093,0.02253683433221676
2536,1.8940243524107125,16.455278534480293,0.6154041137022126,0.015255683452969349
1692,6.140668002138241,49.35675676182418,2.1185138881194345,0.7959003320643379
4665,54.19616899222307,0.4327433382846313,2.38086290651396,0.31774688234480175
2439,51.64985907322449,46.01909741758556,2.685429431377477,0.05800155184179723
3509,33.62842005390008,39.69186158599601,2.4513994898060547,0.7327785046691632
1954,25.123260889102138,3.0075946383981766,1.1965275017450958,0.8206361000999206
2781,58.81245101801602,48.493836792120334,2.7183179652354776,0.11553350167104615
4137,39.24619580954374,4.615062309990805,2.182335874023921,0.7888232623906695
585,4.177569970443815,25.801694125427133,0.8277488270908423,0.2978703338772166
3219,17.112882865140627,58.99095737298131,1.8286295461518074,0.5653654430589022
1861,40.96169560974639,22.2700341369839,2.7354050618738768,0.678607067264867
3584,32.37730556480655,20.401277427250104,0.924201523874512,0.5344232042907129
803,49.16657332336971,47.96687579561521,1.6750834843442408,0.0676951888001246
1038,27.041326985679525,41.045030337528694,2.137032864169014,0.11781313735095289
2148,7.061521040347816,3.5995669429710397,2.684825695876521,0.7283605934158826
1712,42.830662169228574,24.34640277269907,1.4903728714243387,0.729825196224091
4200,42.251013276618885,54.78296896871029,1.1352523397025878,0.5082047987472725
3548,44.12960543733802,24.60300980200006,1.7669345823253577,0.19873987581281372
3970,2.462102224767906,16.125164186488888,1.4166820878583672,0.3565014756182163
1146,24.752449287446492,2.894838646335618,2.4677306687147023,0.01235546934924936
3597,4.050613023062133,3.284293913687333,2.0306426489880662,0.33716457128824395
2269,36.724268015289425,46.84595296026433,2.226972663738576,0.06539177159516996
3474,42.128039625927066,46.47252542695773,2.1203870645951923,0.5356241587872209
4798,34.86722762661989,19.400507802400544,2.6271146840769153,0.2310947193022187
2610,37.92050372047049,52.03911336524102,1.3268110693123263,0.8191231981203438
4293,56.82925453448794,0.30178555838847876,2.2646089713191926,0.3666815890405274
2478,19.395319404542985,38.018077160140066,0.6674354457360203,0.9018465923312862
2736,47.15082024689567,53.76527881787341,2.0209352245108754,0.24441784549698242
1684,8.893762009295344,21.421570335886777,1.9050313850668479,0.8533412420141809
2357,40.292179471595865,45.28779884369432,1.3941382971740586,0.8559184082209749
4806,45.82453963289714,22.21485801555497,0.7310356549494402,0.4155979148554627
787,21.043046333682444,37.50745709244067,0.17332804499164478,0.08170671094055437
4964,59.06720587291965,23.413552648860275,1.3080617897396405,0.7307029757711274
2658,9.366912297812762,31.263383711517548,2.376323906229316,0.5671181546990451
4827,23.55809686037809,9.086113440555222,0.6612750156890698,0.3113569717473518
737,20.523419249792294,59.88091847932564,0.7492115665895904,0.9364854019887648
419,31.04087150667788,13.422370819019784,2.798587756169428,0.9690278464939045
2330,59.21309999685579,11.506956238778239,1.5518241883757051,0.5427877204029754
1608,59.245983466368784,24.548298366570645,0.6679381849328456,0.9075503244989829
3195,57.13928859706708,38.0320488254151,1.5184669739254115,0.08962070449183479
677,2.747974849978738,50.421785598698655,2.2638327596484107,0.8574781987822049
1739,47.28631814478277,44.5427532644778,1.0359862876428771,0.4650613111172144
1866,29.79714307397401,34.48470938091954,1.3012942596738906,0.42209834750703723
4014,14.635804325343521,38.859622545077656,0.912107067610835,0.4244671069019075
1479,30.820771805505856,45.50832887446212,1.709784431823231,0.3547045325961815
3228,1.8131513854169556,50.618714425117254,0.43312558131506373,0.29887364784856674
4592,28.48658979437047,42.73992589113446,2.351897196692796,0.16939707523742553
1035,18.165517114585896,6.920509339437164,2.172487921776964,0.8868849376253538
3512,36.53052621350832,44.401075266563154,1.1032284758007393,0.8688295567132065
3387,4.0017459733182426,16.96749105784899,1.4054744499038798,0.4332750757000363
4651,38.696502338552804,36.28148983682885,1.2409373982244305,0.6033722063295743
4651,56.24790174832863,45.738678124173056,0.8074792420611778,0.6237924824929931
2611,14.36958811434396,57.92813331236979,1.8047213877640007,0.7697241661108806
1308,38.69636082983902,30.771414643742755,0.32591079034221593,0.759185433502336
3960,49.684919813584,9.135124802148821,2.480354295436932,0.9241970766347741
4383,46.7228115425192,56.67617643294991,1.322763021584722,0.28756841342672324
907,15.691028214973041,24.996608487609038,1.8591436450020382,0.7142186421926826
2541,50.8199811868839,32.64906342666725,2.2341772407065155,0.6116333133961219
1603,26.553475908089762,3.287965172861058,1.7184058089760805,0.9255749876403545
3930,48.82506686805454,41.99225181871694,1.1266315163017906,0.4208831062692646
235,42.41358918784662,27.638993244917472,1.3930946855319728,0.3951019807161035
4027,5.577343137944164,46.217024313950006,0.44465641483044327,0.9430531926803883
4152,13.744479482438832,12.542130692863502,1.7058753990433058,0.5351265325035953
918,45.01432135307741,48.93408996453544,0.3614244363506687,0.5122616850147307
2921,5.596434758387055,29.3809252833777,1.1089025735590565,0.6577734683204968
2150,0.336292042764208,3.3680813327110015,1.7613107478188474,0.3810840566728292
4898,46.456174209505164,26.931244619995205,0.5870354521417871,0.36617011269074173
3510,33.6562654842956,17.402922614479998,1.7302269980338547,0.9548477099781594
3445,25.37306831270808,21.5321365024623,1.8679998971462426,0.6470522725865068
2128,50.576882587351754,32.137629629787874,0.4576361329019585,0.4344520730219681
1962,51.34981630742405,22.65758372498797,0.15648740275809134,0.1751020249381532
3442,21.265119808480208,25.75072174007306,1.692434797493927,0.8425349966770576
4613,19.196991397816905,23.631863797321706,2.463326547528284,0.5102792818311912
1550,41.764973160151534,14.263825311466968,1.9088277579273716,0.9205253101102592
3484,13.204787664954697,2.219815390480151,0.6307725283586333,0.16029237241507555
3985,13.530103837623116,11.856003498609635,1.371300769314882,0.8212322291989064
1437,14.130505892150074,26.370336196632188,0.6120642200045235,0.5644317845870727
4007,51.4760103100697,4.147763311961854,2.4260738741683037,0.7052223914901892
1527,2.592672552261084,18.876787048905403,1.6750286301770771,0.4247477460433391
1430,14.232364679394987,32.27991766200618,0.24331365299326269,0.3658467475374926
55,46.48543271140749,22.500379222374097,1.1043334976386316,0.4687865321761199
3817,12.853398160225368,2.5655497310943565,2.2657080792817323,0.7991547124186013
4704,55.70171637319712,18.868509914654474,0.3508658578112135,0.38161902645866574
3160,3.8518649174709263,29.649662373504416,0.3647397175980338,0.5948317262649525
942,50.87980868772343,20.474278958595924,1.6479756593096215,0.7348728807981864
3717,27.772261338198273,53.09657711061829,0.5561743302472891,0.5357976298960656
1852,28.494168329820102,23.243790383779682,1.7996147848038915,0.05199101704114828
1472,2.346365040220433,43.41819600500523,1.4215034383277667,0.5741140438586788
959,44.5616783733768,35.30293278325455,0.7682994898787088,0.5956400398938744
3566,44.783155903894695,39.92298431266566,2.1440005584871096,0.4524399835035582
2955,29.81666316710455,20.413783047430574,2.359483347951082,0.40845144441271397
319,45.94996906312674,21.06969524408092,0.33990797824763463,0.18570372431738347
4318,49.20871563192919,45.74411760606727,0.3613427273302737,0.04962536504444681
2382,40.21497368627361,5.081051498976663,2.2373303971931926,0.4405592154084571
1819,23.672103599148297,17.075493541103903,0.6521686375837693,0.19876848812716552
2542,47.77488466141345,47.59947735453085,2.669330081936971,0.48471108690779985
616,21.879969044271053,6.114557555344993,1.9384542480477671,0.004670855980444588
1837,0.3602879754074606,22.939704923041905,2.1245075264328896,0.48837190700590505
608,35.12868079728987,56.67334672474525,0.9976906579292761,0.682752685686488
1186,31.82485978300485,34.895431902320155,0.3228793265240114,0.8281825718643808
909,36.1350580258417,16.041695878188424,1.5030530193466352,0.3499008352360532
1469,33.00063170018933,58.316573993394194,0.4453209106364002,0.5747025443522955
3107,11.690311966854281,57.75758946851537,2.4995062259963112,0.4549963574818964
2790,29.335599059566746,46.10080806432724,2.671993773330681,0.3500637165591777
1091,2.3637971215902476,7.2884327341068245,0.6156915212579823,0.5303228112426283
3769,39.657357345184835,57.955453599780625,2.2560737061412452,0.7393136701450319
4559,35.28884215575353,51.83958860743205,0.25338389033726555,0.010251269231870364
1492,29.22174354170933,17.239920653679444,1.2551168504085952,0.24523218878088882
4726,51.72757943372444,36.26751092432146,1.194787180213084,0.0653473144265212
1763,10.5597567953395,29.052978881959422,1.1688819678202977,0.11542266516319699
3130,46.66942490462165,13.919917311045015,2.284550822602403,0.7472362374731958
803,19.16892197252701,54.869278246171135,1.6445586410440949,0.668394001363425
1640,56.601419181188554,16.102909066237846,0.641347494492486,0.7514971642466042
3889,49.56374762358968,40.37218574048039,2.2580784222069394,0.8881962107135939
3827,5.544598879251499,14.855549369832362,0.5097457541437143,0.09720835956684104
2555,42.938080870570516,14.883408244349612,2.3605301769048572,0.21346530919848183
3067,43.25018551086997,33.96323486205335,2.6849304955659097,0.8047222278677704
3480,38.78987642501335,6.25576440893161,1.5088177399657603,0.44288229244640864
1505,57.45163504120391,9.532195043071097,0.7252978009923944,0.665746752407912
1761,48.57318844138243,53.38482723388562,0.9223117857059389,0.8883552370127485
1122,27.1183255715878,0.043521565262427675,0.12421901197940396,0.14435679649683097
892,44.66603459767164,29.256699476096752,2.518123003699181,0.45294683066043606
2344,41.59118304537531,37.44592779499597,2.2881964936229395,0.6339592471038938
97,53.200628512053775,49.748375918963504,0.14554306296258623,0.30680807483284156
1404,18.2533089046925,40.81164318607663,1.6727925685834024,0.19875660308058174
2620,53.79785365413938,8.833694903848084,1.194913739383145,0.7218665892852151
1135,34.67988050247939,25.22164295972135,2.3527145789397097,0.0027750057999640365
4987,31.87718412056402,6.52853503961939,0.72962663845446,0.8698062815023658
2572,35.17649576400038,28.220519392929702,1.2872288523770912,0.7962211677244686
1985,17.21102249796141,44.10890966296721,0.5178688008174722,0.5501989827961805
1715,34.98756371703874,5.9943378894585315,1.3791672019875658,0.7332408235869445
1632,15.230363184224217,47.34127429962277,2.2025898645619986,0.8947488760187672
3509,26.351129080487283,13.0734781456818,2.2592312516556494,0.6673228610709545
3212,58.48253395485824,48.63033260276248,2.187645802574374,0.8728198028056814
998,47.52400363381085,47.202515368112074,0.7516166791248262,0.8341982364539198
3322,49.369184961499904,37.13387386036186,2.179669244165192,0.13420238835028309
4082,20.979430765370196,0.6338843472586331,1.1253448022513066,0.11892197812763727
4018,29.833417878095293,37.458535592564,0.8387898479871213,0.8633144850576496
1260,43.883989878395944,36.47802713182079,0.5143996263784231,0.792501545560732
3275,34.678266935645375,27.87282679602359,2.3070585817284197,0.45225537706882546
928,23.33617644795398,59.18405576102107,1.1562658703088113,0.801393496542611
1218,7.133610934369814,7.029694083138615,0.9304924071804443,0.9196624882622753
3680,2.7182002652857684,58.93520563159226,0.1334023409660366,0.7240764959013579
4520,25.315916327854918,46.685702270563645,0.28269562876576,0.39074971753434395
52,52.43380479871388,42.021000984859704,2.3534350474959687,0.4778939725037703
3937,34.00481276244022,36.24320954841444,2.179045274336483,0.4466003911299451
4936,23.112903601694708,17.735341056671622,1.693774568850477,0.13426566733948042
2541,57.954939944105895,1.8718751333508132,2.6557833301148004,0.7310738788888436
4458,20.269683421826223,9.120726973061878,0.6260662375060028,0.31335198288349864
814,53.85914281879474,48.36293428690099,1.4437551874087633,0.5941699449373997
4242,52.6748934038409,6.053438784739975,2.7270021417154893,0.921349654686375
2795,26.27854294679978,57.15388404661413,0.9662717014867522,0.7276962758805494
4045,20.57003969384649,35.576764039112504,0.9463719891923549,0.34433914059697046
2744,22.506992685623636,31.52340520602315,1.5026541298117522,0.7467256208335482
4419,41.86838075091551,31.356425496997467,0.370235398710289,0.1396907052228462
3374,25.18200862341676,43.21566164507285,2.418653376251893,0.4274213542817602
490,56.54599760544848,0.5805010077583428,0.17409324825949096,0.6695414087699778
34,56.24959844645303,16.234003086441334,2.0893722012900224,0.8276388248098068
2146,35.34551096267067,1.6407660301126281,1.1267579392760119,0.3430548727314239
3922,34.91636036244688,10.6699503179125,2.6284205745306495,0.28990776964409937
2183,4.896048073172736,4.6413363138168044,0.39100161663058874,0.9608933575227214
4843,1.2924886039496974,38.457836999052596,2.34955863890373,0.025642940645059342
2434,39.946726438482074,15.816582210341995,1.8532096005657726,0.23868543727501923
700,4.166639775109877,17.53310883874802,1.3618564958778978,0.9577464729060514
4964,33.30938526589954,44.04360373260002,0.25488289396443603,0.0009954360186322786
2736,11.313492017657143,49.79861594549212,0.8404408108203081,0.6625762733067481
4302,51.76317835767385,34.63088574320652,0.12119335005284856,0.71843942696684
1658,38.75753275800668,52.41966460573133,1.3934747334696476,0.2202460198150641
2910,23.248851534653614,36.30033500408642,2.0030982540381075,0.46671971365236753
3388,23.81494275623638,35.33359746987274,1.1604577701013545,0.6158589910014587
987,53.64430789719694,11.30940557527888,1.4261656446589843,0.9911564236596659
4292,14.51578811324761,2.812663364636492,2.7065898176586796,0.4604128931006696
1315,35.20136090813112,43.76187826916681,2.4157351511666034,0.5976542469140206
160,56.95395934005083,19.319259136325527,0.5785551302609312,0.6048433789100898
4615,17.916554517239724,0.5203424847927818,1.9244252423320884,0.6073834888606765
3773,10.41559432841478,42.86420677129937,2.714099899092116,0.1399252456932797
2605,37.23433693611747,24.102982966459997,0.8415161835317617,0.21324757276130524
2825,59.95743852785905,25.222026642111597,2.4945152374779718,0.9655748503161793
2876,15.176589884051646,16.14922487031552,0.804783182878313,0.3345551704401304
3072,56.63941275889072,17.801224921082625,0.9660714546498376,0.3903257957469265
4252,18.246009285534775,21.67255764345659,1.9985869157616116,0.33585297120087076
3242,37.94178233612777,35.609098867442185,2.460322521753742,0.8808943262021106
339,25.837584523601393,40.18728337027126,2.1446525349272294,0.09568590843302749
2614,2.6327275939995,6.323358040649046,1.0404409313899086,0.22122879711008647
4987,54.835386148232054,59.95516214871635,0.24629424133615252,0.29970481573348096
4413,18.00113947279195,48.118683717491315,1.9925739375902405,0.1715606443825578
1323,26.68361483834079,56.50406722851276,1.1344998636469859,0.7608475174855232
2915,48.28289949321683,2.0965197509053035,0.4520514990413449,0.579570406200133
1045,24.941370706378752,28.818154088448797,0.45208392507038275,0.6303018705970924
2699,35.41409872098874,7.617660607199017,0.36596300472555754,0.5310780546905185
1529,25.338026500592694,18.992092403329913,1.0386846066310702,0.7078742894622545
2472,34.53577166025328,46.035664553394746,1.775107239879657,0.6731367781214631
2296,54.11967002407845,49.49613042349079,0.6321442075283354,0.34898682473716247
761,46.56021007071777,36.55948984707299,1.8666638474742359,0.444339808762251
396,33.8231475394195,50.91441414013028,1.0465949936528227,0.21005527515187605
2344,23.623094730589507,3.32392291052082,1.4213101237302896,0.39334601237983047
3264,8.568417535111807,3.991388152865716,2.6508437250550836,0.7529500546334718
3095,49.699325974429264,4.47254760827448,0.9199840365036853,0.07811055519913668
3231,13.623929381604874,6.8488538815749855,0.4040110400588145,0.3799624446516918
943,12.958011637376647,13.744359960831794,0.3922372458695763,0.3395460354476997
2923,10.106682344740284,32.406194045224794,2.794749609918629,0.824596534523872
4461,49.900747784682814,39.42153832600296,1.2510591238752384,0.5608671773369508
4750,9.38586851769217,48.32928470618935,1.1406567101387717,0.10191929720417103
4501,14.779497560268844,39.1742772649083,1.0824938504752217,0.16064779672284513
4668,45.88148229643119,33.91728481882154,1.3480422176574336,0.41585746526208
3094,33.10672971630029,23.747599785615876,1.3899080653807632,0.514877536673098
1547,0.1758775509662347,28.837684502853442,1.0522382059632958,0.7794065125863603
4949,44.390308489967914,0.11359730568705872,0.49165598739875205,0.9712728127120779
1758,35.75768736154731,38.769828294221206,2.003766374225219,0.5053944228548499
2173,10.912048815609305,51.17434973001053,2.7901194846034105,0.49070610385884084
2062,16.880635497413664,28.302972667569087,1.0744835909899328,0.748802915103499
1374,28.212287193228576,50.402856522485955,2.269752612460928,0.5065259627782838
2061,0.8320217923260986,46.302329026900175,0.11801852902066391,0.7826053727219409
1266,28.501423737139962,50.1257238008075,2.4334990571233295,0.07390305104140382
4701,53.682021021327024,12.25836399216346,1.97756031923662,0.751384594024267
415,36.62314649822021,40.51483587727338,0.9179802128297663,0.6843185307331591
2839,54.38821049445071,29.322057255860294,2.428222911644285,0.7328211158024136
969,1.3625607655825123,19.15014902565518,1.7651630852522766,0.32412479370075364
1561,5.663920620609049,31.434127362869354,0.23729468535532125,0.9236614214805633
2267,53.976092240025565,23.98404607762072,0.901925322890433,0.23924559679697388
2917,0.7959770100810304,13.508913855123625,0.20904662797976784,0.2623029959763785
4240,32.91022640587048,47.32483247596911,1.1615545108845728,0.6988529932270825
3817,44.676980425311946,31.505687759685298,0.5927177396384149,0.16031506272194518
4475,36.3091719512794,19.210660760785757,1.9518841170824162,0.701514485732111
869,39.37814182953535,46.690700370222714,0.2622513956494455,0.4275773151349628
543,30.45889107061555,56.33255544581505,1.9538861860215109,0.3258437350782516
3256,10.679514391959511,41.15508700441491,1.5654841338654402,0.3125709550802873
1173,11.580384276673305,7.946933957886659,0.9143915069671031,0.18630534484266836
2101,2.6990724120300147,5.878917589936212,0.8766568580843963,0.06468699619034246
477,10.90300227836686,31.75736733772383,0.3423945670561619,0.610196026529962
4063,13.300670007550295,28.74833474256649,1.474211068343755,0.2371680439240892
4971,8.610829291501387,46.44645996923192,2.204058740337161,0.20203645362491596
270,33.05043436760571,18.352555962723756,1.2311616891620318,0.14309944416618536
949,56.648450358223236,5.166092353516745,0.8429983819504299,0.7852154755597427
1249,4.007959721876501,5.426067087006112,1.3997682786615198,0.4017930332263606
4757,39.66774729595542,20.939580484747108,1.9015109281937965,0.63048283531013
4178,33.62790831096463,32.87591935516291,2.4337234430270045,0.3609841907120781
3711,31.92614155266687,49.655018860735964,1.2968204876697247,0.685461485996738
4752,41.52996245721365,6.596175304653233,1.594934335343135,0.46711611266581077
1281,12.847690004628804,36.44110496662929,0.25147686182554985,0.25026747596381427
4851,46.6341578402938,36.95966032064011,1.3201119172874987,0.48165521355525953
3068,12.4813841544945,39.639143767816314,2.572633607734609,0.5553501943362075
2215,50.88899151613639,30.38664087947512,1.4661475558556982,0.8795502855403392
4933,57.501775400517765,49.02432299089176,1.033206547504806,0.3405380917301192
4894,18.522449041970887,42.60680407254738,0.8530000868813269,0.3719464680074235
4047,25.83687844770882,58.97252428367954,0.47426760838265325,0.04217715488989582
4441,56.83119274644334,46.492027613403685,1.825871253896232,0.029195642434631464
1873,1.4360435852116082,23.19176166907499,0.29040450430958975,0.5816245021093612
1444,42.1088128215525,34.87335915431196,1.364520223836489,0.8868268796141403
4953,26.709373595323587,35.408320444433905,2.253916012987428,0.898247390956742
3986,45.287076812170824,50.261809348610015,2.259803809039527,0.16632395241836917
1107,0.3748947578135131,14.143750025339637,2.1383528701905914,0.07452328388957674
4464,49.94428147874262,33.717577269086334,0.7616157060291026,0.7249605264575685
689,37.67660091254675,37.025639123027645,0.5242000569763403,0.8145524819884509
1148,50.80683442979274,47.363284879461,1.5717496741316452,0.29084930996867153
715,49.8540321606404,32.20030212924725,1.7786818187094082,0.5492862921210966
1083,26.24093400111601,3.1340333546070576,2.6118953696196487,0.33401389026876416
2378,7.566876337387729,51.741033952610806,0.7433768626880038,0.5285622078044626
1797,44.1345186011276,55.97759858728548,0.7942884903564642,0.914943113802406
2691,3.6310112323327504,37.72042606194106,1.4734695240318259,0.7083330461677562
1098,14.675393590589502,42.694457520209056,2.202540441760025,0.5635413674054386
2400,17.286627751317155,51.37165244457908,1.2090010753137441,0.9092078894568635
4942,46.815798552240146,8.831093081890495,1.37940332316155,0.15949893576654972
4904,8.493302184752011,16.833232857485193,2.5696736295741114,0.3443024076847333
3,33.610071273209094,6.288589450100924,0.8931220466002731,0.9547263499653585
4198,23.60864714038545,28.24409573833538,1.4580940021764721,0.5731593102965901
2552,31.269759285766835,33.1151450079634,2.3955084473869803,0.5139156890432015
3547,6.857686471927613,1.1806118588793124,1.3597751540523988,0.4973459100718579
2918,53.598174645468404,12.788147582231293,2.1389817642523155,0.2991450549859713
3561,23.104162948276098,54.04243896707179,2.1135040298480554,0.4849247628851363
2315,10.44386060756077,34.0454666532741,2.1264634027955394,0.3294965777797153
4948,9.84642465988138,21.192947456021077,2.3958804839164354,0.39666638330089465
4473,41.80998507562039,42.1252697764597,1.248587856472579,0.926803963842405
2633,52.867865436347316,35.84848499234852,1.445969574755114,0.7264860802988917
2126,1.9537019700252123,48.004186942889724,2.027696901218231,0.3759941951846021
1830,26.15381575205898,40.29368355041563,0.8701222089780034,0.09201579849242947
3704,50.58300655152182,30.288368107193687,0.9044531728458365,0.3020188285061184
1842,16.307067922256287,34.698722643357996,0.3943463303983987,0.0462342437665928
3527,27.85191180835669,39.68978290457754,1.1496605048727406,0.3484964563426769
394,20.456852097239146,45.27787813879492,2.1155054866086447,0.7642328054126388
3986,49.95897987754555,3.7736997639152237,0.5741975902736481,0.7004354440001995
1088,53.36678804459079,12.385231704403472,2.150379350077385,0.7956603316158884
658,14.10172226470902,41.588519200767486,0.26487947259259015,0.9101764958260796
4300,30.207899716254357,15.334721668067228,2.777232181198865,0.8056321838979708
2012,52.01694759667868,12.010927854787738,0.5759529546425163,0.10827057364991954
45,30.99278851078455,23.62682800288679,2.616596947008429,0.8947660779970323
2474,51.77451089869977,36.084061239863125,0.8864568861645525,0.6892929948318585
445,52.21075704518008,15.408089696378287,0.3604109375396817,0.17112990279363727
4616,12.788951333126619,31.746008352349925,0.8801279794565523,0.2211106640524677
764,32.8512606395044,19.114527762709415,0.6342965469416213,0.8879148825420567
3122,38.368343843514985,25.231294858149703,2.264910286766576,0.16176039917836804
2687,3.692951714195325,42.49677992524147,1.1379395900006677,0.3969472854268268
1696,1.1525983075299662,21.722910411532474,0.6759646736448409,0.001985181439104755
3523,49.35446769357644,56.18536917978176,0.8746891357487923,0.2523280342167131
4811,17.09082942621444,3.316450954132024,0.9983251244006174,0.5946190812036669
3587,23.2798838325363,50.76208011729204,2.2984761412257297,0.6043766847893923
4182,53.725730577891625,42.42749209781366,0.6970073388904615,0.16181896636742676
1205,46.32832476644802,1.855548249908694,1.9064734262182463,0.5959514877825298
603,49.23366540925033,24.179736526399218,2.048752840873784,0.18793066146188342
796,38.92177002459348,53.51573798068082,0.782446429260315,0.28055236585319787
920,18.046826063858433,35.79798833065985,2.238661277620035,0.9966015203782612
4744,37.9120128450645,39.19064192028145,2.583378881381095,0.20049854148847024
2958,15.38988433201486,15.319840422864546,1.8838029354738426,0.9897614573385172
4576,17.473344865046347,47.88964029638884,0.8300707469804897,0.3596893814903971
861,7.634641937510946,30.490148208680907,2.599279584514306,0.11117792736825172
2721,1.7243334549099276,28.879241568206588,1.1335575036518648,0.584460150417394
145,36.97931345672467,59.58405900132229,1.2015037377781492,0.6726527331176744
918,46.76644363918151,58.229208245566284,1.6049870262112609,0.5355434352214682
1919,49.15504461872259,42.40537776084033,0.5453507329710255,0.052930581486318795
4975,27.358317931481228,3.246975049870826,1.8724770207284942,0.7029822616304464
4706,40.77722179782408,11.07473220594273,0.7251164607066927,0.5424565904008317
2585,4.57379360776847,7.225717801567062,2.3284449119933996,0.8210654128200181
4354,49.4927712852536,28.495312738749117,1.2327297099977204,0.470381128027628
1501,58.48414119993651,10.996320194705397,0.622107004373555,0.3935661164369144
3295,26.245211567751284,39.38122844824251,2.3857968229887123,0.49581008363532963
1934,7.469032659162971,49.742594510398995,2.591691773062748,0.0054531092225351685
2057,19.40520281324274,44.3079591629158,0.8617351375126251,0.12205959706719183
4763,44.10109857056515,4.93632311852388,0.33879386769915115,0.1710453305256392
363,4.056359297298007,53.1572424406393,0.30220301617118,0.8301066750854037
2196,7.072289335871789,50.86792331105791,1.3445402722533357,0.637978177598364
4716,57.36860952404793,31.699757140490718,0.9369546815655801,0.024370536728077208
2781,27.21791295950728,6.991499319414878,1.4380864908452387,0.4241260053726361
2652,33.574369675739064,11.160045672272174,2.5219223579796646,0.9772006723939562
627,11.698505231981017,51.600031533116,2.254694223247478,0.23529234468658555
2110,29.152576632542136,7.489054132455905,0.6101112423351331,0.2696469962718707
1820,29.39140836227893,26.42779127366485,0.44897796054915884,0.14006432275304215
1191,38.55057523504284,15.123454553537956,0.2604956650264107,0.6628697734613994
3770,20.949401719042207,39.871345106341245,0.42590995979742374,0.04597755611734722
1922,34.36049085934626,30.95028629680707,0.46251656714055944,0.2441878202918757
1119,47.208407244670745,36.432668050941324,1.8566081840157884,0.7525516908570059
1424,50.295364268547594,16.092491361540162,0.9960892233901751,0.04442624964509967
2336,6.621032704547227,2.2801795114450107,1.8129205137680207,0.21491025840823397
4473,8.855233836001952,16.293844011895256,1.30022100250861,0.5431527827729814
38,43.400294672420046,49.96109015752705,0.5458092565307361,0.10730197316549095
2082,36.816488532170304,12.046796914040156,0.4773398345562152,0.15521501712688068
2829,2.7051452429250356,27.146538518887013,1.7708544392435868,0.6802790004623354
1742,46.63417628164041,39.65048133508455,2.4215861681294433,0.21601750674873565
512,39.65641664251828,23.00868174301773,0.6809835212612056,0.8921446301890481
1643,33.89174215055684,36.511172687354055,1.2629320858795936,0.018380965482060252
4573,8.34459629695482,46.07913691932793,2.385790024938613,0.9324976372416669
582,34.76529051758914,7.307114371984138,1.1422348575580394,0.8442749012703168
2564,0.17013933113160018,19.685717349263825,0.5848831609390804,0.1025059066099211
324,8.962927252829791,14.877218615890097,0.2804675423225368,0.3050830888359648
1810,46.15729144241876,34.04875312831201,0.8025693048180589,0.8283052116067621
3746,46.566954004534935,28.67499619015127,0.3523079168788483,0.9929848664084457
1710,42.81947672350178,38.79479581715123,2.5847020814542776,0.4702976021975941
784,7.17272496840244,57.4234866090223,0.3137158147890754,0.1967132459947275
4775,7.454610166834296,16.05369179104274,2.15877674751346,0.7572878565268131
342,4.345364685585378,34.86374483684875,1.6186461186461116,0.27248979354095404
370,5.807196138757429,34.611145271573605,1.0772999736868636,0.0695083440633315
