crowd_count,inflow_rate,outflow_rate,avg_speed,direction_entropy
860,37.11551227668622,20.888033581227113,0.5807192200208531,0.09185039964427189
3772,38.520589353432186,7.973004889338359,0.0760650705067778,0.33572706782191786
3092,24.9809205999381,25.303694923335506,2.119222985911614,0.2920512294169779
466,15.260726506442957,4.260704345088545,0.8160252150860647,0.45087636077773185
4426,48.687129101924675,2.325924817253433,1.7027275993246178,0.26410205432101097
3444,33.168130547824646,25.99176835775674,2.3689684994417686,0.3397327053450291
3171,20.411875967314934,12.394848637543781,1.4124757452053291,0.9075547793492427
2919,14.02316121023262,4.768690394901376,0.9928672562996657,0.3348353528896062
130,36.55514915017811,21.195629374381614,0.6706839158717592,0.785518046729897
1685,12.109172279688385,45.75703697586974,2.3351094816187334,0.6258337002244594
769,8.58549944868441,36.209622332707745,1.705192045127857,0.33753794563137385
2391,26.491694448103516,40.78079576735138,1.6632034831413989,0.8177882697803505
2433,14.499369632207094,43.59569943793182,1.0653958128631924,0.5950760695962649
1184,31.445257246180752,48.631387069820946,2.112621782168577,0.008618727598900366
4555,5.896933743711674,38.16232867570865,1.7841804675237176,0.06872820157239978
3385,32.74705522836608,30.420396096973985,0.7079581794525402,0.7526395594523189
4117,14.164826399885111,18.27129401511236,1.49894665006262,0.44652778958519435
4843,0.012146721725636578,9.082161827885804,1.075484886503164,0.40550779174354057
2904,6.346802883708818,34.33299369916472,0.016475407074282578,0.14582718419580798
474,46.6807688917547,49.74749930609709,2.0190585787544935,0.15731859396127024
1082,43.367731955767894,23.367934230945952,0.307075872299252,0.7977524500959006
2558,11.680451601811843,36.18396840464038,1.2748862650065353,0.8290171339614553
2047,38.91859522727456,24.754622499657806,0.840565482712039,0.5600025406387292
2747,30.428579658698713,21.59667116817383,0.8552226030016938,0.2951278098056874
975,48.545235572493475,20.515280677995758,1.19341220853452,0.9327008166678302
1806,18.680282976702955,25.23123414658488,2.4925577600493627,0.6239623909952267
189,34.073030625858564,18.344783093268752,1.0209492015786894,0.7966421194517882
2734,3.176786121195929,37.43866609109039,0.455823074541431,0.0032829202882154185
3005,19.8123673408203,43.71360132957583,1.5340158451234223,0.4503196008753605
4658,48.190883059409025,44.14426533225921,0.5907192700988031,0.8709490863199558
1899,26.949043722506026,11.384935671291297,0.263872841782376,0.3382332832327213
1267,14.393975166742228,44.79545693657454,0.12543543016482278,0.726551176872281
1528,6.013548156430343,17.077561592755252,0.05720318504920968,0.6576748251286455
3202,35.17641700907652,15.465383274264882,1.0779116207776593,0.15221836635429942
3556,32.24280217148634,36.3378028699118,1.0668144496834842,0.7749038272544051
3890,18.69693568018873,15.234817004314472,0.46386350019488237,0.11252679031279889
646,47.547067593291715,2.6483202804855055,1.9600476344280233,0.7279140965719407
2888,1.1101406493925159,18.6808886155154,0.3231765697996969,0.9909683367790943
2435,15.18619258159129,36.07328001791745,2.2882929815982562,0.9579814318117628
600,46.05347431497907,16.347921013508827,1.468939944108181,0.8002417430570047
2363,16.04677191597202,31.477952799757325,0.06904094026232405,0.5345174242297022
2061,12.612641692758519,33.00597221315652,2.4074315643567914,0.67482457582074
241,26.711020496562366,36.68680058631781,0.7698531488646341,0.7281083903440927
2041,41.1900874960269,44.85652331554682,1.1249373989446334,0.008401524278238703
2824,5.1573380439180525,21.628224963421573,0.7106717324863804,0.10236622095295644
2612,47.15103548228681,8.321603833122854,1.8210532450844439,0.5970591320788624
1363,39.7536440590582,15.946285771594471,1.2142005517988466,0.0065345401429091066
1478,9.062512777577597,21.608362758699297,0.3309323985062565,0.9089056507734973
2556,35.60039805990813,35.69457346640566,0.26050988089863447,0.4896627132250778
775,19.247936131877857,0.6561062780816751,1.813438533311437,0.2577670756051217
4014,20.114733903815935,15.789269171993947,0.5927035123281787,0.3938211695975993
34,39.16450462194332,38.99212905096584,0.3444834365961813,0.8507764106400029
3152,48.13924039903661,33.54288516653477,1.248568992494607,0.9271928737641157
1955,6.332793642359697,36.586998679280256,2.00691321884076,0.11623498047732006
1585,21.03151184394097,40.59053847195974,0.6969568646828261,0.7779606339555767
3943,24.047080404215176,39.16178594389812,0.6910790292520195,0.5782271182165303
3073,18.81559084774988,34.10915830763891,2.084703150650942,0.5855027576644867
1021,18.15945618581125,21.98307661852953,0.3695844864219566,0.7794521218958264
3461,2.6134333780798267,49.17991644390769,1.5418189794663681,0.22284468678595748
2613,34.276931028131166,28.45365977950369,2.3875337074564635,0.5310449679749583
3843,21.81072085600227,10.138460468441956,2.103257873943269,0.3193526154508092
1500,9.739690132196339,14.64064275523922,0.154538084449323,0.09451234497651484
4798,40.80167511510342,34.678122798523496,0.7997771914040636,0.10507944555660387
161,40.128037407581395,46.23697825997318,0.3559361639815409,0.13647147062515075
4297,24.31958140444469,8.936006460294877,2.3731015942178493,0.614899848904838
1981,14.922533057388026,4.117324787289317,2.464853915555203,0.10583019837731
995,31.90463628982262,44.076552402100305,0.5874825513500948,0.5701038425901735
4911,14.407606788870153,45.76389894564172,1.6742476120718814,0.5882970579772597
3342,11.800396516185602,13.818967265794974,2.104079330117796,0.9038965101218911
4551,36.52573270131633,18.864286218561993,0.5842007110361913,0.6263765963255142
3798,2.0162619860475353,33.00939987489292,0.4692015858024437,0.9855878408815013
1275,4.7384235517296975,16.49650104212374,0.028027558118200735,0.03099257994083482
1016,0.33940870117948885,43.857935413502645,1.0299061423538147,0.7041461366451189
337,7.647159323771308,5.378935135693136,2.248593655986791,0.02648007805304331
878,3.449500435522973,1.8991110480097606,2.257449122640872,0.7293775778747036
1076,49.79011838899593,10.424310337139476,0.3193578187725407,0.38585020920403545
4887,14.440498497704478,14.30438891024845,0.5108812013209874,0.6113077653925896
3993,7.4634006334623635,5.646329564443753,1.0201183273363341,0.3095380720883377
4859,12.049812899795898,3.284521467032336,1.951561362909255,0.15910503915264906
379,46.80627857700673,37.78038567508991,1.5296287088293214,0.7235125180892824
492,26.008011151219783,8.213828295112869,1.284624358800541,0.9046203802700867
2062,18.240904815392845,45.6961099533152,1.479829710556508,0.18358244370003496
3884,43.669572895460966,18.3999830724048,0.24049923450574162,0.9207030012036006
64,19.749513527451622,33.53029048606727,1.1941591056372673,0.14018210920454377
2568,16.75042849788479,11.270105738440012,2.480158223847821,0.7356618825495312
2027,10.364126127486777,12.016138424593342,0.22111536734771953,0.959445158179006
2695,18.889841195470574,28.735460143378766,1.298116694087216,0.1473708817562377
1495,15.8342178008463,28.032146257299306,0.7391231541434364,0.43509004675535334
391,33.865197964907054,38.43646140060407,1.3497832421548974,0.33745748235839945
4514,14.479135233536356,37.8906652847133,1.4345469000843667,0.38847775018409814
4474,28.859987321128074,33.53438823318305,1.4436822452986897,0.7531397391317766
3561,3.2946082515986355,22.45652829467455,2.1305219632772165,0.6611889325555593
2278,9.564457834825719,44.532019314030855,0.9743685366841524,0.9686869644628192
3099,20.37026358056744,31.128924511064938,1.2908854066662399,0.18547950335642227
200,46.84746269543477,49.50992452311786,0.027320997419371384,0.5432608693258801
4875,18.86259928578477,40.96849089671793,1.9738765039494168,0.44912614541902673
3104,33.2037060599917,2.215490561916311,0.6487192684396323,0.9188561089257496
4598,12.754361121069907,16.02969535401589,2.041387560101291,0.01061923247695995
2454,6.351678798661586,28.593785823547584,0.664096665950793,0.9891704007670942
3645,2.9268300040025066,36.07347689357436,0.026971240656230577,0.4797343143725288
804,15.270674927137568,27.516824888097073,0.3870782954836169,0.6255396472335975
2731,7.883051339845398,39.30652112310909,2.46420725643042,0.3600525558057155
2773,8.70052240080621,14.13278263786723,0.7995031148699714,0.8525266696954988
1570,38.0379654193475,9.195602561641254,0.2720597550318679,0.5619879451183827
2690,0.7919035472437108,2.6958341894885054,0.2968970090643763,0.6628109362497648
3840,27.89050628677172,28.665687228576104,0.7758567851430596,0.6489047080606765
1028,18.97306902967324,34.429976033774764,0.09411260279190758,0.36398213989773254
502,25.32749999542736,16.30748585596808,1.2787214703048844,0.07599099580661584
4493,28.141511860730144,30.67920924279383,0.5343522887233004,0.8077062260940501
870,15.668384722863909,2.6078615426664618,1.2982766034921807,0.2897159191843175
4488,14.755443009214265,4.964667314840182,0.35191054674805045,0.8489302284777045
206,36.67009246674529,35.087738612924916,1.0746430725437308,0.6086430087908263
1484,43.563849406057855,18.403485260864937,1.4947921460031113,0.353703958097478
863,9.629081622926394,33.56670155515028,0.15499984584527005,0.5942471489736227
2790,4.880938026757447,41.5860560139959,0.9968732731276464,0.6454926923614376
563,44.889790319601296,42.631121873805846,0.7563095524742194,0.7066834077586723
4191,17.494773182369933,8.608382273222547,0.6008995412215851,0.8223381345070713
1757,27.565869533140706,24.314278617567325,1.5113365652112412,0.1597549422179847
1678,17.977157226000173,36.696336181624325,1.4713549644135182,0.9441443847686166
3242,6.290116817302565,38.69902981334552,1.5767495166942338,0.41084061442751085
4636,29.466582247386402,39.23379903644388,0.3972066760813034,0.8604502983763773
1059,26.257042588481482,11.408366719029223,0.7142731121558193,0.22047959536778516
1722,10.149677959559861,9.626740886188667,0.5241969449876969,0.029028972204714787
3314,22.593452232613892,29.500623413684796,1.3512590124946047,0.5733440436228507
3157,39.847375200782295,37.054289886910986,1.1526642230240407,0.32466627907243895
2625,29.52130515539457,15.956975776709664,0.8257343439818752,0.9844620049479493
2729,4.845866353349742,5.235257843121078,1.965037022171083,0.10445345471538292
1597,27.401074861456753,35.837319145503876,0.234934361020957,0.04730286600352174
3060,35.136914964479345,14.984891569000226,2.4372417218891056,0.04501781855313325
2693,39.63517028903757,8.318136215586092,0.2913601945382968,0.21687369522379452
4891,31.45587893171334,7.386176419856582,1.9326770314209236,0.5791911163653384
3627,7.632908227039187,15.745477376335815,0.9205754729020796,0.5055633736446917
1363,35.50866332950803,29.633903295687276,2.163155572829514,0.3500758048335615
1981,33.86709230407582,17.92011193469083,0.18542487196040514,0.08879310741690927
1663,1.221344147031661,1.0330925796715795,0.9368042754808446,0.2337370947943188
1529,20.587383379512158,4.845421733890554,0.8386085162505907,0.18414706478471687
2038,16.647512348118664,14.525162359930954,2.4828925955638383,0.7456668371560484
3302,33.47060321268217,32.9852241073546,2.463872487224064,0.7799463830013141
2237,10.806790615546035,4.925753673426692,0.47450989666597,0.7770140130618197
1306,29.543596148712925,28.032842675034093,1.5748674017458473,0.9690405444141487
4029,45.660298090708615,5.9942935412002125,1.3387985497773505,0.884237946334032
2675,39.890118610430385,10.580766367469074,0.38593372810184684,0.49780474717850487
1282,46.07288681082652,8.609426377788138,0.41944926526105764,0.41493602090916515
709,48.9252983466345,3.3614317785405246,2.4731293211988867,0.9157685177094618
4744,0.5335063503081383,33.56649086932951,1.1318249840523318,0.6112252520481467
4413,31.137063818873877,23.170177369301726,0.31450323000018376,0.29439866702559525
3748,20.641969887945322,41.55267204486691,0.5369750968481357,0.5644640277151673
4779,42.992724516756084,4.944541999115848,0.6708701681213741,0.9921494226961263
663,12.590735100456584,7.236646666903612,1.2772931582965483,0.8494700601523623
1998,49.051474455753805,15.32288656752253,0.8388703237657733,0.2812797160595416
3445,30.685398477187363,38.29329934694041,1.1375294647248024,0.9529544259172169
3743,39.676870111441545,15.28794115778494,0.4162488777534068,0.9814621114791159
1495,4.279977641138416,20.42093537493463,0.8168217264687655,0.2311669594154152
3304,9.172894237943252,15.080178314858228,0.17579148179438508,0.8955921185013412
3763,37.92018365171016,4.011214590051498,2.224275683689622,0.8832027176988321
1853,1.0993261019661804,46.97168114480937,0.4968811929214456,0.03975357323404061
4659,40.84389929468914,27.426949603559443,1.892250338571847,0.6696891930616871
1291,0.6974509345955726,39.39165940927484,0.873879470508365,0.3052807130311693
3581,32.85594195306366,32.9178546092648,1.1859932973494833,0.6746126264918758
3457,18.254696011590294,25.712713953098753,0.728152598653067,0.9135586941902435
1636,30.574742635959957,4.483912832969006,1.7411031777684247,0.49877924798951845
3696,34.80157034945569,32.13667726351522,2.1113660481867687,0.41441283078865276
2999,17.12376095931521,7.768517796841606,0.7156754618489702,0.9215312711874173
3152,5.398122405541778,20.71915846781383,0.605544109158981,0.9741149177385326
698,3.482293387413282,31.455657174021518,1.7036006636597423,0.062236327793802726
2160,29.446801128127394,39.11145002360617,0.48788265141930215,0.9228480691482073
4097,26.032767686705576,34.252258785430975,1.5995994140244307,0.08276853352188884
4737,37.110050456056626,33.57667645273144,0.23607019923408884,0.33728621338358966
854,25.486775500196856,7.452110458760375,1.550342899901718,0.7625741224303267
3474,21.122289501543957,17.306427003579394,1.2835168350260828,0.7770369819396953
1707,19.904358911811542,2.1456136330097078,0.2847642889407709,0.7258218906791662
2777,1.3223451298833733,35.973844658823225,1.6227590871614994,0.03911248806106837
1733,16.777860084832856,47.62929906587095,1.1163928925851896,0.1329660480240933
4931,48.80100787622471,13.205519508953788,0.5427876270427143,0.9362164982197485
3510,43.67777881135444,4.384835458115466,0.8834603892554432,0.08146138839589079
202,16.468903351710885,23.77850383768268,1.230255264097324,0.07854591697311664
3255,29.38977025331861,42.83491115637844,0.228885568160955,0.8356459377578702
4218,42.3648372767747,27.598709763588985,2.3940237078208857,0.6412657532228861
4496,22.063716837503435,2.338857509505665,1.663905390530303,0.35165605584517956
766,0.897893187507548,48.7136120263973,0.25633745321924,0.1657104870716264
4389,3.7255230909320036,41.43249549813003,2.0571554608211486,0.8841704198928149
2327,25.519636067435332,6.579703852575508,0.8063873273653634,0.9885377576285121
2931,48.47196878379392,46.089887825175445,1.4919988417829597,0.049971728442829155
197,34.66047711094339,22.53441443025943,0.6928571039489331,0.5541133820902018
1930,3.5458095719284763,18.59489952874706,1.833514862286518,0.26130358490581507
3582,9.468043789593139,23.05266652635941,1.8075224375002557,0.8323868335497041
608,38.5661571608425,41.72859784354736,1.380108642181045,0.3460730917748057
3272,42.071987997812236,32.973983914339286,0.6023139811789452,0.7146292891863398
1147,30.88472930942954,2.962422619986377,0.6342595187803637,0.5395234215262771
4282,32.22115848149083,47.88021855580855,0.9571569917373574,0.5415233815949703
3397,1.4168725191692322,7.389206673915888,0.36253041849071327,0.8579994311804214
2511,41.426512979075426,37.278397586767554,0.8441392829773089,0.4704044259245642
1794,39.413760408541485,31.80682652140655,1.7108865031207812,0.8455995341444806
659,12.951757205167358,9.376402397328043,2.077113200148553,0.3634268280375754
2811,35.43383599827535,8.536603805652481,0.8314557262334035,0.17478294246430504
1369,10.742730321249905,43.516379685234604,0.58397564563591,0.4554773776566151
1986,2.0165080525756496,20.984746174979858,2.081606445837836,0.4983557813770222
146,10.056827129518863,32.72882570870693,2.2267600684648032,0.47838319763779147
3219,8.931443837714975,25.203550192833664,1.0250538082801608,0.8083304118792822
2911,16.88739983674236,36.36767585379798,0.06726038462408462,0.5646789414600971
1734,20.922474858772905,23.96211875196653,1.7374040522353797,0.8884440717588029
1843,25.426944574885397,14.36899576277842,1.9600830904578237,0.5141854949159421
488,23.837693775416408,18.16916854982482,0.04506063291110057,0.22471508288200426
2976,13.533730298264468,42.95388472251713,1.487577133353783,0.12949584026275263
1959,1.4585334287037233,23.40173464613635,1.4709218956104375,0.8683628209446209
2385,30.255081111857535,10.672466612230464,0.9467697718697852,0.05617279890221172
2919,19.78724149236772,46.730269403862664,1.8744183146270943,0.11760961191976227
4736,14.933607869377486,39.83002282491885,1.0704475952859016,0.06365851891764107
1802,43.347052141525616,2.7833073028099564,1.6919398794784102,0.42373419718182026
4061,37.33716538990799,49.94714809902589,1.2927932615878799,0.5326156163935934
3369,42.88827741862211,34.74633482200512,0.6211615117571099,0.019874731022600733
262,24.74913973562305,8.013329952029347,1.5162521575253294,0.5155861668916043
623,6.546562606338874,11.858384064929822,1.8422712371146042,0.39375947129062605
1016,34.81107180606362,34.622274062077345,2.434764183592509,0.7736451824558981
3643,10.303688996858762,38.9880527639561,0.9502723670060337,0.8299566217462232
4976,22.06148345458584,11.951797157490308,0.16118136166587776,0.6849674363862054
2049,3.2500394474444247,12.848442694963541,2.46992805305338,0.4734955353166239
3723,41.26542012114912,15.356034743603042,1.5595166485638408,0.21614859504198813
4548,6.2970320523750285,29.900918241831835,2.366126145401923,0.8471148673025601
3108,45.15487535246548,8.590808915063846,0.25956771502779835,0.34166914004441684
4090,43.211530113077856,5.212159944238875,0.8550845996761441,0.3562918871949492
2056,23.2291382219623,33.94320445427568,0.33484174718181076,0.9160115471870448
3170,37.21841021519953,38.95489698965851,2.088775386455149,0.975597255597913
1682,30.972253690907664,25.046470220825274,2.20085685357329,0.8981309563845041
2255,40.15378211688724,18.191635513419268,1.2532792496875511,0.9982347235610811
1154,21.590255039295602,21.60213567632382,0.4665155441550761,0.8689088439014774
4499,39.2904242122175,19.420391693597594,0.31779742259927135,0.7043575176200818
3191,23.122840853257397,47.99924541188376,1.4704102752005168,0.29381939957147285
1696,47.048289392139694,38.40449526095701,1.2659408114632513,0.9529570488998762
3991,24.318605041257378,10.404360742505514,1.7369727559191688,0.8766268316137537
4723,23.130963596686478,19.209457602699004,0.7630181565499781,0.24074679241565322
4682,39.25359307817563,27.20061456815549,1.0059199875609057,0.48916247324182693
1648,41.078884588041895,30.649293103184423,0.05340268462789344,0.07005566062555013
1445,27.72445571605854,23.409194801438353,1.5253576126888224,0.9533088632672171
4199,8.98989067475377,40.50633175059796,1.0578588033661944,0.5727683277214559
3923,23.387911547878975,38.380300972911584,2.29941158453362,0.24520054592816543
253,48.40362514548392,25.257895931408335,1.6044657442620123,0.2923993136238757
3183,37.64930965195926,42.72146933908652,0.9967362286242345,0.9806563726298596
2557,40.55813019395661,37.554476522119295,0.6589729521833759,0.6156142918041977
98,1.6412749409620064,38.929092436032164,2.263212356519097,0.42068312410640374
2200,23.392973131707993,47.82003897167083,0.04066268529360817,0.4998454617855381
2961,32.331056682877765,13.323347060460133,0.8172811681309805,0.09855007237734337
4973,41.50163418140374,13.38240811834246,2.3587639594700875,0.075022760072876
4433,2.4636826791385733,44.447612784532005,1.6350825174539352,0.5927077433003849
3777,42.62194428209366,38.611318669283975,1.3317976782082477,0.5120040364403164
2869,27.420046837095587,46.32727707178137,0.5088367948010686,0.35915319130344114
3234,9.865698528802996,3.156508016222653,2.0834369356359677,0.5661139525113645
3791,15.862760822485,31.38785386307983,0.5104976564819402,0.07267594943717226
956,14.096477587578038,7.231416906172372,0.6206338288031249,0.9439911714315463
4067,26.54295171442379,25.19485991462913,0.4796278571796381,0.29371168778422185
160,2.584283995556591,7.787346592672212,0.3953736514238049,0.07177879067199888
4493,7.926807924996177,6.403925449243964,2.3832812399470074,0.16950427257410405
1300,40.63465216878912,0.6084172691016576,1.505078990353271,0.09547391448251685
4911,6.630199537340554,31.511940619145218,1.5945928300252348,0.17860450435968123
3987,11.669813472906348,17.951130834504305,2.385813664196959,0.4167540548266119
1527,22.668530280207865,5.2594142439485845,0.5764376378139067,0.7380508939355208
1218,25.856044405666523,16.141888886565493,0.014793846494230156,0.2723483474550398
4496,38.18052398070793,8.447204572579247,1.497209123925728,0.4359266219416439
4735,22.36662133330939,47.08474157508297,1.2696121330603964,0.9287572878882363
3104,39.49323105177694,16.000244288067407,1.1941259434957352,0.29582173932597544
2735,30.917315352272873,16.697676164469495,0.15470052811549784,0.7947197532647098
4555,5.654986971191123,41.99290016997928,1.1360871664369612,0.15781687248236642
954,7.816571919641929,32.38778806430021,0.7188989127267473,0.17832174625724762
4565,21.85168627248854,35.508580370150064,0.6864116930607828,0.45615287347626565
3446,19.84446965445198,31.80009019944803,0.555953950447732,0.23410225046638633
1045,37.177213481864726,47.30981419742827,0.8313208993864268,0.9030280737942602
1693,29.036856989867594,10.350041577902259,0.8828326878585311,0.05075229112347779
3436,19.406654050112465,49.45196208778979,0.7719394409049938,0.5972725661438396
562,8.538014172519281,41.54780887782566,2.4468817892987724,0.6042293961495199
2485,11.341855116274758,29.448629443817108,2.331827713773718,0.06602592751944769
3354,28.775050923452948,33.11858121981245,1.4362752488121555,0.7325642148708913
225,21.171940244989624,32.441293825030705,2.4526370960257746,0.468897544512196
4893,25.746375443033603,2.9198112029576953,2.4779950257979753,0.7230733734948085
959,8.533871765111684,10.90082492659693,0.8898492750432563,0.8269249859350699
4548,33.14531261722829,48.07354422623746,1.1129688643493614,0.32289935199069386
3067,42.62693704279835,26.718221442968964,2.397654442461664,0.48448588293548767
815,12.89697533934503,18.9176801630956,1.5215654982467164,0.2607607797680114
4754,24.57571129159133,38.10192316945375,0.5323227070931813,0.201513463522335
4642,48.77636645104509,26.225947132790477,1.7234516708412508,0.0005947580426574062
3120,16.662087027536383,0.6581385715948795,0.5143654551152188,0.9636315120798373
16,29.75231724618806,36.811879835755896,0.8483943591796145,0.44092846932964824
1243,4.5097850100122185,36.61087800264306,0.5689004077383788,0.013069773058874024
2205,30.300750123972158,8.25743560549872,0.6124505398346056,0.008938577568048167
2524,4.481588665230896,47.83300442121067,0.01163895391695563,0.28835256855119507
1069,47.961771766191106,11.195406577055717,2.2017720804986296,0.013937678710118417
3444,35.78313260361557,22.887468369109964,0.7399762381894845,0.3745146176585483
2565,39.40798940678532,5.736798063045734,0.2159359488069862,0.06293850143894786
1060,35.20521803858184,30.16411597252942,0.21746851420272134,0.03925159115030974
2327,29.48645180382329,18.772556002860625,1.3900456911523804,0.66938139407455
3420,22.49563905427527,17.658673110485275,2.482301376334843,0.9068412894428847
301,42.91866898805312,41.348843861047364,0.3625561681754791,0.4093865833022793
4276,47.84178337715315,0.47808564252391217,0.24905445237414864,0.8367704302759326
606,24.951808645204064,39.89733854462113,1.0957597010052267,0.02926546113574713
3170,46.5767524577631,28.572428287403934,1.4083281346019885,0.7776900559701825
699,29.166645499425876,49.30492567400995,0.7359508971948512,0.06279999232289091
1139,26.91920934482166,29.47216103021245,0.7563052312846661,0.8384394231973517
190,22.724136647767835,2.768956707397896,1.0611912546223736,0.882366344872064
2300,10.464388076505992,2.532266322186316,0.785364037876515,0.7859738423823143
980,0.18598304090295947,44.157649318591595,2.2883289589212916,0.820749024411289
2975,12.075311342803063,42.06070727555266,0.1048864282265724,0.5614845663323189
1184,25.48615858017826,17.294503779101163,0.5864253996756865,0.26488494258265194
3327,18.99799761298763,30.90162420905686,2.0213819905685533,0.6432310026609667
3394,22.42426140013169,24.479567852780015,2.084895311662392,0.4395416490763614
127,49.03241097820248,48.35820275680261,0.27888769741050284,0.005336560919045996
2065,17.513618533466378,47.49804504384458,2.4344086250317916,0.476825706434835
1816,22.609146968005394,49.191950427038726,1.7333871247477721,0.6511879245505455
569,6.675777567640978,43.32243903171321,0.6814826399589891,0.013883659691320771
1895,2.3978866218493824,45.477579538755066,1.1400946620361363,0.6213603361081577
2733,38.770475729624735,10.86393893835682,0.7428465489199179,0.6525319062168563
3863,28.53415875359893,41.550339449488725,0.3750556246360484,0.15810757823889676
4721,38.03524030219475,35.44285566021374,0.7279451618722879,0.4310741851565095
4014,7.493139944327582,48.13932544140351,1.450229843724046,0.9643326008891325
2901,28.591438559134545,28.56309142213097,2.064924237088672,0.8841892277997825
1686,12.682123717068777,4.258358335527817,0.908822687223943,0.41082142285825274
3009,11.403090845000996,29.86994455935765,0.8697538513696044,0.3498462680241555
154,0.5763007026492628,34.32904640106439,1.1700017527033066,0.12408068097685598
2537,6.517036178453594,11.016051435621415,1.6113889999108657,0.03518908454015979
1409,15.463405574984767,19.70566917563642,1.879040656080773,0.2974627774420787
4057,5.843938029546952,29.925170702583998,0.8169987619986846,0.9402833470822384
784,49.292922020546875,18.705286865825276,1.4658811695628473,0.9586134513336673
3175,15.431632426197533,18.747385861933196,0.9734021032022061,0.8125193405762763
4341,6.516197335116408,6.65433195863987,1.7909996259084648,0.3508248135198595
2806,9.954115641397888,47.0373361538833,0.41168730129255204,0.1436264328821112
537,29.385161417073824,37.524719224754826,0.6423121626282402,0.5955334756056793
1841,3.2021761932394255,0.06217194330510045,1.0651510496068743,0.6465050072061814
2455,43.121706507057844,38.28066420110826,2.223536974803419,0.4245735692456041
524,48.07498396185736,36.98974963289294,1.4333144733767256,0.6916467955586403
2950,12.337371033369044,0.4865480077761497,2.4134902974535293,0.7466818856517353
4131,22.50476342954297,18.48021488068823,0.2581942132027096,0.78306166357478
4780,1.1067225514748535,30.337384516276533,1.150438534127337,0.5022981113575072
4115,32.035511236361074,22.637532592901792,1.0476963251134606,0.7916407775597334
2368,20.696302902629444,38.899305936025364,1.500515441014921,0.025476426269456787
3847,13.502923305077786,21.2729166317217,2.0299115217689456,0.6804043667388696
4495,10.341855530830424,7.693148472691852,2.1036200639576506,0.23563395705047985
2701,32.70115388293802,48.820781213691426,1.6754865217637707,0.27052029168765324
971,20.810851551615723,12.10199963880233,1.603840910613884,0.09130170660673231
1166,8.9829644514956,35.884615527066615,2.3725738551120186,0.1923922635931793
4929,34.455454074341205,7.157815583203597,0.9592185040960616,0.9920082330020029
2774,28.253614151834682,16.450630689196633,2.0819582854712206,0.4153901305634753
1982,42.93360274647481,22.10138042152119,2.3037593177307354,0.9277653986886855
853,5.873794943824645,9.611600226353195,1.2288481106629923,0.16289952819279807
4146,39.28333009722281,22.497978818430475,1.8227564465082509,0.20405884209851954
3736,33.67583934086295,7.8581411495874995,0.9425496416772652,0.5578133538150712
3769,5.750546841404891,27.950326949294507,0.39719753548851017,0.3495325408790825
574,34.74103649358604,33.1856626260097,1.4662597036810632,0.6439152085747961
3261,22.07736444399152,3.1217142014005383,0.4911791271238297,0.42204657572043036
1148,47.24923927779216,43.55660605410841,1.1439978270096727,0.811597237465462
1715,7.080567530894966,9.257044252101776,2.182198283320833,0.4315590711710837
4777,32.1416695407869,11.26812126601619,0.2150454689092013,0.5723491824382639
4933,19.0990022731473,33.067492004153145,0.07607133916162412,0.32107320002372874
3854,47.84073352954389,23.437553021720703,1.516194618454719,0.7040409874386541
2491,16.498744764513823,24.969779958553286,0.8276533164872377,0.6547342089657141
2660,48.109295474590006,6.407749228156634,1.0448442673147882,0.39700103277405774
3124,45.07429255503745,40.28679109382041,1.0142764716458288,0.27603210279059653
3051,13.519161765532816,30.8527123052105,0.2165505725239089,0.614104374820299
4,40.177088841321385,6.769102165472801,0.008916081698986389,0.9431516492110077
4869,49.780210090175295,18.6999683512798,2.246058107160661,0.13264302402660155
876,12.633150108564116,40.52049663675151,0.5444964022593659,0.7991166183455605
991,21.838858466165984,28.417752299331035,1.0651974796607209,0.5429917728080906
4142,26.009036828337983,5.432438956646523,2.4298144916776963,0.5255596951738591
4364,14.746556790193216,18.638852289464335,2.0669064549591307,0.9616841475759792
4465,0.763241982301488,12.13471992278673,0.26982713815675546,0.6058747975685568
635,11.006462209876332,25.873277682686318,1.2712975790314642,0.830517827748518
1693,14.096844217087924,42.168056443599475,1.82519756623754,0.5144772488756966
1682,22.179985065909356,21.81335674022099,1.745981962498031,0.24985336725508933
4752,8.555123920670093,21.667101518416153,1.9021046310111756,0.6944902714581096
119,43.66271783458363,45.26754511635185,1.1436366372200881,0.9231769044440039
830,35.2455566365668,28.80927062536362,0.4398073233257052,0.8412300956100756
3675,4.260023877983099,28.309554369870344,1.1621811097984316,0.19836360624008464
1369,32.50462255699657,13.09549459376947,1.61971812293323,0.3168891190621502
740,32.68282382028102,30.386137391856316,1.52148021651292,0.5168806739736777
116,47.81105868218138,28.79552337086982,0.17630513447151858,0.5716032952360652
2838,0.15104356780806238,19.8425735170932,0.1623810852054794,0.19381411445852825
1150,12.39662249029036,49.534778294959025,2.41314457788803,0.23001234001516457
1931,46.389573968765774,44.09454824740433,0.37951363759942763,0.7588310690354364
1012,46.606695769914154,37.479314503840776,0.7361561600293048,0.7303174167149424
1664,36.02932096853187,26.867279420650025,1.9190862053904136,0.8392088146288911
1081,38.288166052377,23.102990094731513,1.0241926895579372,0.9329298072802311
4729,4.574147896482356,9.244869761159968,0.45366213315008175,0.3082611189026917
512,25.69379173891168,15.286873700731185,1.1680809557744536,0.8595949565705794
2849,11.57914956444997,38.69803999116051,1.4223749269084145,0.6660117912761864
559,9.060902180680863,22.687447696877573,1.131916523195189,0.9577704238917994
3672,40.51516495616663,44.11347582847507,2.2973651886802724,0.2720741560234159
4583,6.751906834027372,7.3955568172764385,0.7117482377487607,0.2696715016395256
4992,23.43258184981926,25.417354800681824,1.6533304017491774,0.7042934486927267
3343,46.92891197930165,32.34828420106544,0.2807368035247443,0.9284107740382763
4070,9.291602778267126,25.842422815396297,0.9807136441600663,0.8245558247864346
4799,48.89967118691173,44.46134457924936,1.8524831289624342,0.7270395577933562
1470,49.71439928805295,49.47816409145699,0.5620423514736637,0.3873091980573883
580,27.780857734120147,5.7917329170684875,1.4744276141360315,0.717767334701974
2294,8.507137008857896,6.49774520384605,0.3835925730226508,0.8010955764308144
3147,15.805244397044781,6.516205678006054,0.2567542284034277,0.7532856797906043
4249,21.224641633826757,34.05885480352638,1.3080818723126066,0.676810798286123
1679,15.466211217911146,18.633804774791894,1.6875274902150716,0.04713125169070298
3506,14.031778993825789,36.665733063295306,0.2834176655862086,0.6597149331148087
2744,48.611485460817875,20.273573644348936,2.2944406309322876,0.4782946554829104
3356,7.668241370787282,31.38033606660318,0.5644306567436672,0.9615692715496855
4045,36.666395435843114,38.49290028394468,0.29993827039825005,0.607189883377071
1243,0.020514471958743563,27.41079553274603,0.5067472708755263,0.6082272562352993
3118,29.809133470118844,26.975179522500305,0.42393114132960485,0.9940551873697498
2141,45.79715019770262,4.411716264281723,0.22668662653237248,0.09358778978090543
3059,14.396704704660952,20.53908714547174,1.9945980869467685,0.2763162851003529
4548,9.27629876288596,27.28885766124688,1.2388444368602776,0.6560794389690257
2959,32.58398974392135,23.0990412833205,0.9712986009467071,0.31523625603437466
2265,35.63007036491966,45.039100009421276,2.3765698174603327,0.3461501479291219
2479,34.40152594759907,45.326531605974466,0.9275209676619769,0.8926449397971086
4646,15.965844001068701,41.095869029438084,0.41743181511797345,0.5793539050397966
1635,12.610120107966544,18.764903768655998,0.6851072298164906,0.10286558280415459
1757,47.79593999810221,35.86495758437672,0.5974163339714911,0.3108625857326218
4452,46.16497541349647,19.76442305348049,1.246853198908262,0.07605837649941805
2070,22.865830494641017,11.629679948787953,0.7287628098864349,0.5561299334471452
2849,42.30969330771867,17.14513217754408,1.2901529304659045,0.17326819637598967
3251,22.6161738817148,3.5482316642767744,1.6732335623669723,0.8571151500251062
3730,21.21945090362552,16.58887545023236,1.9432469642831447,0.5773140264564999
2489,7.838147379964733,23.03711086305858,1.7753944531680772,0.05937564193109468
1631,21.32030282459864,47.7740447390415,0.5139767911409023,0.30087566362431895
2816,26.87084692999035,15.670529310981246,0.28974929810688443,0.6163376672361268
1015,1.1252163714343233,45.12267696027603,1.3561253977531273,0.33549831819382825
1348,22.20565025877032,11.442913791174853,0.49727947802036293,0.5131766685939557
4611,39.067810919760014,9.548444887962471,0.21233430442878315,0.9093622946827357
3087,34.002302818713495,25.949772821608246,1.317735857448543,0.3500359705062783
2839,31.75784944319675,33.6255684648703,0.8169854627694886,0.335872862469788
335,45.477771421860126,2.2166125401140713,1.8903725298462595,0.8197568413126988
4592,0.9016004912615005,11.053293252360834,0.7854790763710451,0.3187565229167699
895,27.852379309611706,22.784183325065822,2.4467928426395344,0.07795834414039227
3546,39.367442420485354,16.550216799159074,1.8963079781517702,0.1809449542374949
851,27.06676913506336,35.63105396741609,0.14423305372215534,0.948800250796301
1687,16.194777629018958,25.55802980206584,1.2721818508906904,0.9332927925777214
1931,6.812528254598893,8.017955280195011,1.4065512530352757,0.2248120907781478
3746,44.37815359080957,44.72326896575453,1.7382567767039943,0.5535018730986858
2427,23.538119619380147,14.645283774167977,1.2444919925843956,0.13736810042300285
1568,43.90575984928507,36.556555448221175,1.208608996036433,0.6746776285115358
4000,29.292606121658416,38.99578895527049,0.9198465291940319,0.18530579600981067
2738,33.709605830750036,48.15788501280511,0.6786534597479343,0.04979042292160396
3498,40.2130577189225,24.92537332620507,2.365500529941836,0.8248968072087993
3913,32.95777723000672,30.79177577322161,0.7939916740859299,0.3254003827236257
1066,19.902742033946886,16.743814673976686,0.15855331145082668,0.10852240356009701
4380,25.681669196432548,33.908964670603325,0.41821184823353064,0.8339039508622252
2444,40.15227623379399,23.169174293315987,2.1431915901032244,0.7623974775461484
4107,18.68251481864921,21.882618236221113,1.4665836478084597,0.6837584504319681
3373,19.406072838424855,42.77337645580527,1.9469513734426642,0.9112487098445292
3969,4.784505802900058,2.508442174934433,2.0219538653492357,0.4892260868706352
2546,45.72922176108739,44.09812139159342,2.058091098027683,0.1280564975867977
753,4.551815747272086,42.60349189142785,1.376534269361522,0.061346409895119525
2082,32.410458872427796,25.318312678089455,0.4428014892477622,0.3184410179596586
2774,20.659723940139884,24.510142710281414,0.37058188059035435,0.08683083013741622
2896,20.280969512772117,18.09036840177451,1.434961050937781,0.5355094403470854
4185,33.977591828634196,49.70868958408672,0.916285884214191,0.014499017823157878
775,3.3546866314939363,5.558466637692061,1.3951206031144183,0.44376330150937593
1625,29.68528914757173,29.51076178143035,1.246194610594662,0.17846028985358542
3069,38.60158929861774,34.08407950562085,1.5054951992438712,0.36826804386715817
417,41.41063789432971,46.716500410847225,0.08027947684141334,0.6750340747706891
114,8.526519469688765,39.010174842838076,0.08209170157530837,0.35096377105070153
616,44.87095250390868,32.19236014057734,1.803987927121272,0.34133988720021524
3974,32.80730459237211,5.840615840606134,0.4828181095567996,0.990750732839502
3267,44.09274004103414,18.68667584157337,1.630496155480141,0.7188147227262862
825,24.264035855509913,6.942082127399263,1.3664397769786363,0.5138617118500514
1516,27.1016672548601,44.060636623275684,2.4544861785115586,0.5793756509975795
3146,45.95191385143356,37.48105777818215,2.0885146972076556,0.6201826315188109
412,44.99547716773359,37.87683933986146,1.0328363033283736,0.02457539894084193
728,22.4080436684501,32.61282588867721,1.5410320502329125,0.08026459052524759
3348,13.720631581784087,25.352176846835484,0.29322364306368004,0.6491893513566518
2808,19.65852172821321,7.49855297317486,0.9659651074059525,0.3644688588483137
675,19.388216426487485,16.48474433525259,1.8347193527246857,0.05544404023192506
3465,14.343343749139697,6.845789623844528,1.556678960321634,0.2975132460516261
2504,13.428980216648329,36.24565714261716,1.2111783109433947,0.13028342042139018
2967,43.05314682398597,8.011438801100251,0.4413227601316727,0.9163138422263213
2786,3.4930960342330843,35.10567750858428,2.0078648153938614,0.20292539255311504
1122,33.88055910497971,34.61276947979523,0.6829165110289424,0.14369119739405245
4079,8.641002572822615,22.965223949564447,2.0511977041547738,0.6261688170886166
1571,17.22529466970316,6.761432705902615,1.5290226569874839,0.5219119302768327
2143,3.077151706741843,15.740041306701835,0.9318285698719686,0.575932454035792
1687,13.498681842773102,16.004655453777573,0.10151305489997875,0.43594814804031523
4132,38.42105355586211,35.01925665716467,0.5810471108609422,0.46716931093212954
3851,44.25076622736293,5.687150970686217,2.2226773137204097,0.7787975558471295
3440,11.076357595118353,41.45343231080454,2.0449358597392937,0.2199221848256674
3766,23.177391962946093,38.0503645092957,1.4371332823352447,0.3965293028312341
2326,23.51620239686032,9.315345908713695,1.1658061599053173,0.9578253849279492
2914,43.67876528798671,35.95821908894447,1.617856698325273,0.18998570118604519
4968,38.139952643790274,33.42565907339109,1.1656203196082537,0.29377359504186706
3952,25.653860918402493,37.406040005546316,1.6107621017978508,0.19156692428599054
595,33.53736002358867,9.446427772434724,0.7685102491503948,0.020495496358135634
728,42.36775269546834,7.879516107823431,2.0962430447786877,0.26982992504167036
1365,0.47694770127724717,11.82419929613771,1.7547947336631666,0.04646744596223917
4492,20.14450155250243,18.29358515744878,0.8249390710692295,0.15468512640663334
698,45.362158363853936,39.68324905179006,2.076665287058603,0.36268207006761466
395,37.01565154219757,36.8961968739425,1.2183563271329474,0.020721217068958242
4171,27.142068716703733,46.27257961392666,0.4365971618436537,0.7529565659307166
4360,26.482226351756672,2.9314779549307723,0.19428115500881665,0.7955890137695468
2502,17.388504880221888,0.5778140507092799,1.749014369093051,0.4114138024183629
1819,26.026026682075727,34.956941485039955,2.1628020105200267,0.9846659793742694
717,32.76915997317266,13.964374789708284,2.018604971486359,0.6789939148076991
2782,20.918151921439655,16.703944776690875,1.6391275755553796,0.743721747980749
4946,35.7076573196087,27.34010129572561,0.3534376390119201,0.19230042366613342
3577,43.061611363019296,5.120656156339925,0.23511018994163385,0.8374376228217134
143,7.734242409243058,32.13472082740248,0.8625740575293134,0.9450463980215061
4980,22.577351140871222,16.25737231155751,2.1372772259969217,0.23631016657379178
3140,20.401004564254055,31.635756215049582,2.4043406757666603,0.6864642943863801
4491,34.37324020248641,41.70034565366929,0.6034021371176781,0.7469410486633313
2938,12.493373262896467,8.555566666871483,1.9052391764543,0.30516917180954906
3636,32.012545747613814,46.543654645726015,1.4346730422680143,0.4750090025722964
3222,43.874462086574404,26.534407053122187,0.07951841769485685,0.0975390935807241
1167,20.906579989681134,46.146388258698416,1.3572908748323496,0.17309480395950794
2616,45.550784998961,10.386504110088907,2.014851007473388,0.06157052364719473
1062,49.65818694667392,30.228133230211878,0.6903069583600663,0.5601654905452937
2156,5.304602497397603,20.194355866180235,2.2434040599261524,0.6252628972772694
2982,11.652659399242932,38.71110955780066,0.5906510171865922,0.916119583433733
3294,47.518987574104656,30.295447160664818,0.19118283161013577,0.5421848106236015
4729,47.91638432406934,24.725772847915923,0.39984827359891006,0.26061137080809993
1156,4.885363769337925,45.64927032155043,2.092507171802296,0.05947354659111881
732,0.749925018856834,18.855853208584012,1.0432647975988207,0.8849530527508368
4330,8.055001162821112,10.999010244909075,1.9923639090541443,0.4788580785280534
4846,49.800639169112415,30.405059342604584,1.3280826524739877,0.7373219894423212
953,8.999980830534343,31.20142185864069,1.2013978119860784,0.014649348595588974
2539,25.127380336101158,21.95473107859377,2.017282878731163,0.4881389226644176
3324,42.42088632152555,24.330502184469115,1.0587190292809399,0.3257226231664986
3301,1.020080534410317,47.977670714995,2.005081827665921,0.030331272613826843
1542,30.224449112922976,36.63428456984006,0.251655412408614,0.7756728070724583
1191,13.851272443481216,5.53008757412885,1.5907770388481413,0.5129016528936132
2993,43.11674582198658,10.606503543530549,1.7564676413799618,0.3331802429911309
2681,14.173057463203959,48.77883172177795,2.2477434903543565,0.8057984839073993
1217,34.33778601409544,36.323277689676566,0.5608097967904874,0.44692345185016646
1540,33.71098162236984,45.752256307232656,1.5105497002321289,0.0034979563683013026
3236,11.074677442982,15.193073199436103,1.0831414092230576,0.9444476320383255
2386,1.7399599934175058,37.09334300432962,0.9569291388600726,0.2556827404623855
3719,20.462478689269865,35.70013542617557,0.26678388802989367,0.8305755220633414
1388,14.459657598293486,14.734499271968755,0.3355833264873556,0.816415384081273
1856,40.44888748068543,27.540816272535267,2.092471153619116,0.1623739313607313
1365,40.018209422767264,31.370755563514763,1.874383580813905,0.4740026812147766
499,22.851197609631274,24.05659054137325,0.9558528257277512,0.040198978498492965
1680,30.325611266160944,41.358935332900636,2.071216453474077,0.354551672888462
510,30.21297579934626,41.643452089899476,0.20191546205894612,0.73097884336962
4312,41.35790742138117,42.53002741507784,1.5619347925829217,0.23706947011035762
1324,21.250120706159876,40.171178454908144,2.1704401317857207,0.11712793074230998
1155,13.772333989525453,24.40417385985723,2.0971605775781237,0.5071235509350089
1827,13.251745907027374,19.07191490745036,0.9319568998546496,0.5369863843736321
3141,26.809613964110206,41.56881418571853,1.8630846326424728,0.6758289313211581
3486,22.45741013661063,24.510072927813344,1.068670363799694,0.7591377468025907
1810,22.00603854924681,12.318569931399093,2.1003454109748736,0.6958095312646552
2923,4.556866954485361,25.367176616110815,1.3269048753875576,0.8454122082948506
2214,35.93018703450978,7.092491095962106,1.9121426227626028,0.22290646428203986
4186,10.686834399095535,34.581474529939946,0.1964289557291793,0.5697667462164961
713,9.847681510436068,16.79606408119532,1.4750649290221571,0.36009535742132515
3602,20.637916013869674,13.032939922372716,1.3757104436733467,0.9621123570016422
4134,11.38891708089007,47.825437311737254,1.5249418043379004,0.4402795234148238
3522,29.19291336540077,38.84404978791538,1.7391040197889753,0.9597139331335567
4268,18.573166966723576,39.35347513619658,2.2952724250853547,0.769065654059106
4748,22.445586129639505,31.186098463959173,1.9642052044400775,0.718463862068699
4849,26.858466080201442,41.95864052551486,0.5490949785872618,0.4915637119218269
1243,10.176776124090242,37.95812405816906,2.06474067323024,0.44337813425560213
3709,7.78758114327649,29.938685206680827,0.3051991940377391,0.5265481875184069
1081,44.02109514368024,48.05622009258587,1.5554964641876738,0.29363306292695324
455,21.686185141571052,9.579747484221151,2.206884520614858,0.9045099398384667
4924,20.604680481626957,47.168985949737554,0.25280513553725986,0.7943306552653664
894,1.780607513642074,20.071908099943247,2.1242316332756515,0.8013958543250439
1384,24.898815129369662,26.419949170074332,1.996551835575614,0.4331535954494361
1958,27.708486080550003,6.136965977215447,1.2594385845976768,0.07108894824421708
3072,27.942043547733324,27.005371946089546,0.7722440057385103,0.6830773179262786
1996,35.35155846614422,30.56033759290967,1.0135955701788597,0.3744135839714118
4285,8.874091749550589,49.8850770904262,2.4216453392505293,0.8704303124508254
504,12.61115671153094,48.759620553576326,0.5042438903796159,0.7803384384498635
1214,40.536523261520635,48.319864593714364,1.4490107195747381,0.14532814198975608
1531,47.3585308421697,17.41940300510287,0.20810186969670963,0.6017157305385142
3440,6.7966373683660315,49.563324937252176,0.5447326604729306,0.6922139259271843
823,24.88247772526091,22.77390757975554,1.9082909701863016,0.5681375798243614
928,10.708812636979342,42.591812938095025,0.756497600901318,0.5140421761552613
133,3.003658417749122,10.8159984509486,2.4644151764068365,0.22786307500594127
2105,16.275166906306772,25.291658982830118,1.2520426077346,0.23590684442118437
3627,7.184381259210637,48.30060480638027,1.291348313269357,0.7680081386425546
4780,35.496653671712316,47.35156984617138,0.09078684833933814,0.01868978556355716
1852,26.68627068357222,34.18674389107134,2.391316873943165,0.7789100627055763
4910,7.191723549515544,39.89071612765299,0.43558360221104486,0.5267987365391391
4175,0.46207942027571836,8.82133483012007,1.3458514970261066,0.936222652384836
2933,40.40785245121064,36.08292747420787,0.989186524896829,0.997321547722923
3284,8.809720308212377,30.902540416768616,1.0389617518615144,0.6634845651089614
4298,30.310832111038298,4.577586787562304,1.608250415090271,0.412257194420137
2811,16.846095653837278,5.657950329483813,1.6552216927311936,0.47508590856069444
1250,29.27429691575178,5.422180887563094,0.38572153714524215,0.20421542765150769
3512,15.782681349116201,36.21784674149178,1.2489666328047306,0.09923432399148102
1256,4.346978034612708,7.085760412378622,1.9761936228546424,0.5787633933021351
3376,11.14750042788768,23.386613555723525,1.1082162088805738,0.8054950979666007
3486,9.40292832395378,17.849090293887887,0.4145111770664503,0.2617665177292132
3584,21.400967621982193,27.525207038510892,0.7830423578917267,0.41965281024534984
1396,32.91418917130787,35.32382436097014,0.5309489102626754,0.5547736617769807
3637,13.190303747317877,34.2361268610666,0.31454366978709264,0.9078978199700573
3330,0.6034967650308976,25.77599579571883,0.9439528185883844,0.13863122766205604
2703,25.946868213237845,23.216743680519276,1.3523406079951878,0.23688316872966264
470,30.287974467948604,19.890779756112938,0.1818788131915794,0.9185304517857847
1353,48.14352470009048,43.09549741521897,1.5095584305704586,0.039535593154691795
2783,29.47354015466234,16.542590243632247,2.482561100424019,0.6561156340598586
2831,23.558627968907093,12.968291058374742,2.410312330050209,0.6395258832179516
357,28.67008129488519,37.16577468276356,2.0729337049978973,0.38325443363256395
3019,46.39503149310135,17.988173084836323,0.6658527820060076,0.4681646790071181
667,41.418907280082315,42.34992998786342,0.056018991198418244,0.8549179514805613
4468,16.1489366681904,16.394435931857238,2.0838542572071277,0.16498206334677912
1145,11.862718182856863,35.09724122872941,0.13930057994678308,0.2315674782789271
4185,13.131680618303681,2.2554503142668048,0.514070203676926,0.5123504114398905
3719,25.22105198576065,19.278144005516,1.3611330386169609,0.40974542300003014
2745,37.20247256142889,17.161508748377575,0.44594509785910896,0.5743724975451836
539,25.160960359148106,40.83393696379617,2.0844708282466047,0.9208391860937958
2779,3.389819791405629,48.352770161415506,1.9428992406495726,0.9171020177378366
4964,36.17903502199905,23.04406383464807,1.8894237643431244,0.23001833971499175
4136,40.29850643354769,41.2418138576879,2.0403190397439412,0.3021446128488404
4835,14.474893255985982,34.984735047868256,0.5492544506615302,0.1620686812970299
3775,33.20628696416752,48.36929938318466,1.8222309403743733,0.9277903714639264
2508,21.329595052719668,40.55542571714123,0.8882037564794119,0.3978641301981952
2779,44.45596778637214,3.8739032981865265,1.6671118989209988,0.4497051448836772
924,42.261277908036995,35.66408611911181,0.30505432157793694,0.8026407807774596
2956,26.271599915482113,26.774985771118683,1.7639664501612873,0.5129734728102919
1581,34.57527729067972,0.8218028966163582,2.430269319751949,0.11975548222151211
3324,44.167485051105196,12.565647936272184,0.10900091329679062,0.4378487094426966
4485,24.785850503913775,46.08776225134465,0.2345722529177119,0.6305240432786318
255,15.662537024441098,46.303068639337646,0.3090919183450347,0.7192090877570364
4804,37.68330689547906,39.94252301003172,1.0764097623532531,0.645351852782894
1838,11.00331273923459,49.08898016389947,0.7269504623326342,0.11918071923236329
1944,19.4265574003021,40.327261231210244,2.017300383851734,0.3043445251618183
9,43.286361855339685,0.5102093642622596,1.1844680980024038,0.7335646449632153
2871,36.22111701346575,14.391717015075589,1.2113433567213812,0.8801901943360747
797,20.190550262374963,1.5312091118881432,1.7925952533133844,0.047186415062259734
4972,10.73722512041787,4.705398436877973,0.9049224563393643,0.04222910806997715
1015,17.798419541611825,10.942040847538802,0.8830181185511587,0.6434045293390623
1824,14.20520746137165,25.177927316276122,1.892315969068701,0.548046154163281
4469,8.804464397192696,42.37660017310089,1.9501043645919118,0.15533905051771402
3136,37.16664567828283,43.0983378078554,0.03599693133204879,0.5482915816969604
2193,12.603494342508576,30.810092927864822,0.35947618960183253,0.9744873435008509
223,22.708373508388192,46.40879695331175,0.5327454528711995,0.630900220396625
4948,19.292972341805452,25.003116329510405,0.8790011718946908,0.4491411560497186
4158,49.10386893178154,44.451802206660076,0.7286202085798826,0.8275324879395753
3925,19.554612207411026,22.703262816600606,1.6713001209706912,0.21282248565215156
4784,3.9991241398377397,13.861250371094114,2.0703380845073953,0.41432643082691323
4000,4.491287628604201,45.82064590502139,0.48021745589006043,0.5277678918108474
1633,29.53768606765324,19.396753783943467,1.407450151504871,0.5045398920507554
2152,29.96817758691328,25.170205442223082,0.9195406277025899,0.9209724692111524
510,20.937949524132748,16.44303162653386,1.2644446876151547,0.2926681072466758
384,21.592184615601482,33.14188001453649,1.5518946044584847,0.05650372072961962
404,2.6966291420435606,49.751561250301776,2.2339995467050278,0.9163772045137419
4613,25.827325519463113,1.275677443238482,0.4807316695682018,0.21706765713834264
4571,25.236973769017585,44.99240030035507,0.21751646764015087,0.3790279739767074
2000,7.477465927847227,0.19630284946327015,1.5680297976133812,0.5308916245180771
2756,5.191969305546379,18.211394057310553,0.9853271219315662,0.9758804705482135
1668,6.178624529974525,8.430340314475714,0.4072567332324714,0.5352684416285981
1460,5.051412324562926,37.867089033627565,0.29271791838711175,0.44774330654847905
3636,30.48540977683799,2.530542037858674,1.3972744671850745,0.5836384795176467
2724,9.824132620145932,27.674247679216396,0.751176486320489,0.9708081599171378
4809,12.571507609373173,14.746306692265632,2.4935659489649447,0.8179445987564404
4178,8.678607207571986,6.683512443235107,1.014752048326785,0.1689681363119221
2048,47.89176522242515,38.59091060513204,0.5307165219129567,0.8032600149042091
4146,42.73087315759177,10.870841712762836,1.5721226127931944,0.8410990598038884
4780,11.524741867576044,11.183760602746945,0.6106372242262672,0.6906941039584663
716,16.3783146961063,13.75383925689615,1.2352151080779028,0.6572334591672643
4544,10.494642115249858,29.33833819140137,1.2064404593025184,0.44087700084780423
4976,24.593797973041188,32.98329658453741,1.133894074289343,0.6416953871194537
4583,0.9805266237126797,0.8801261850672482,1.9902142406739374,0.7375749721522578
1823,33.56840044483979,12.093481805689516,0.5415325036654597,0.12282024807429903
2081,26.15790749088208,21.54854212526414,2.260768262676175,0.2573299601834357
3419,44.931946415055165,16.598847608061657,1.9783512580338358,0.19408187896629403
1574,8.219634216420706,44.208532925544304,0.8328059106083094,0.8412118369060143
249,40.205462303056585,39.38543654432094,0.4515062657003463,0.6800025915317677
673,39.59805072333579,31.294510776941376,0.6988375612668531,0.45077853957517655
4533,6.359059460844346,16.90212079985199,0.8315906172726959,0.8260557504884681
2165,19.92796120720638,35.03361724230799,1.3923329220176166,0.7167813399925107
770,8.507632057225845,42.18190064228972,0.11592042203412534,0.9135930815452968
3962,12.736025022877445,29.741518867949335,2.285897824630133,0.07680699609791575
4363,13.162308741527218,39.223073344668954,0.24668714165277744,0.5091573815412352
1984,27.811819701288638,37.45524806998739,0.698183485250087,0.7067479035762552
1077,20.570546588023277,28.58686555801611,0.27321859488241645,0.20749318680484574
235,47.38664020031527,15.609160841075548,0.6416820663141504,0.32712623197136403
388,6.318507097350256,37.28910790006359,2.094184546522021,0.41897625131982663
3037,48.68460674250994,10.339818317880322,1.5379395284581057,0.7943256182705891
4858,11.531932010713197,38.97441732357669,0.5683080627237016,0.49357620105719513
1848,38.64369681909265,40.22733460712665,2.1793963244983443,0.4928700328477893
4719,16.94849630864107,41.10724397851865,2.001780148046212,0.4308876185521453
2814,7.1540697708656955,23.64579854892288,1.8841232058039514,0.22858908929631538
3374,42.894459262312,9.624038388521083,2.1190817459642823,0.9230715356127647
3278,15.44304496182316,4.986180003303437,1.5491242037957877,0.31780112065667543
1252,32.94277021134211,37.16806252439621,1.2535934005280809,0.5674656607699006
3981,28.32218425433133,44.31306922649066,0.9348375654284735,0.1487797355223065
4673,23.587815469543717,32.541917941845334,0.5594100510192459,0.43424339209904717
2122,24.790973632426955,7.20800301941848,1.393529144117237,0.9038035161692177
4530,36.611895704614376,46.7448224258787,2.223730864285221,0.9954652385105921
2150,4.388645706172029,49.45510072696598,1.4849544724808126,0.3617518567334671
4859,33.40903309789526,21.668930496746096,2.299017154301592,0.1539905463143355
1329,44.79060506992894,29.74126446368856,0.8922934239829089,0.3144515267303951
1358,2.8894098509932076,38.861426000082886,1.737844931318744,0.32724176838701946
2482,7.032666961683337,36.819489502502236,1.621663681156603,0.6445087942823177
4542,35.83159683510157,48.38935959667246,1.6760846101568547,0.4961567244945603
2017,21.86408241223088,5.744154553939445,1.6126050306019815,0.7684597282656305
1331,20.177431040684418,29.036243307140285,0.554136687342792,0.7013032844974811
4344,6.848331727211793,34.59657098365461,0.3589772457078724,0.2513087239252463
4261,25.338502035889405,44.504921209383504,2.4465706405801466,0.7842556898857781
1358,6.327265559818862,43.70548138590753,0.113237822106253,0.847461866914816
4637,23.83102281552702,48.8999896780645,1.1693412175706759,0.5983901897540017
4854,38.18076494808283,25.603922696883952,1.0627007928546548,0.9276677092485761
3177,12.913217894358176,41.53804334066133,0.9000473955376906,0.7829481227345503
2128,24.039308408986365,21.364085406366385,1.9549596339417739,0.595395906873199
2180,49.600798469841784,21.115693892801612,1.8633757207812898,0.9061659973133301
4892,34.33252116770186,12.667418223642951,2.2630623088248507,0.600358480240539
137,42.06783856525993,40.911864350961494,0.9887188154673054,0.5211911273373402
3472,20.742380328027288,49.29075529067578,1.4104488198236491,0.3562583404111027
2832,38.39304615629276,12.817086417362894,2.2307676183553014,0.8828633305944453
3579,2.025458647066092,2.8065794010536163,2.484620157138461,0.12272717087282159
3031,6.145559127112249,40.77712187095037,2.4232359059133874,0.4735027142174564
4164,10.153529646003106,31.01150262673781,1.7946096781718355,0.5374133318750218
2593,20.097596230760978,47.98494002755022,0.358068894525449,0.5547491067697768
4300,42.28724391628816,12.611960953847612,0.05796502948256649,0.6518898304852432
3818,17.313302539396524,3.5513829000640538,2.063045891007355,0.5057956242538156
4138,32.731059675773146,24.62211304332508,2.1023550612295634,0.25681814763992705
3823,35.46571474017417,4.273301148257374,1.8659022706586739,0.8569443961394998
4042,29.30911770441707,13.089500055135373,0.6998087149980503,0.6575253278355283
1906,17.86209840850681,6.298893040958414,1.5995446489963165,0.8581878137103062
760,28.852667085677215,11.206608983003935,0.7906211045381856,0.2760434909803767
3445,17.11327963948731,5.307232641069593,1.1266206152523117,0.6370568949028217
899,4.193686927600604,47.69529997136427,0.9560877124512762,0.7141737450763951
4455,49.64019890930072,13.928135672486775,2.2841002169751388,0.38340516036783845
2947,6.3591226816255455,22.194879299628273,0.5853933268596889,0.8122441182069012
1719,3.6174191918028678,44.93059038171111,1.4440272614343754,0.0025087748422967238
280,43.92653746035779,33.866079398073715,0.9024538225846479,0.5949197502142216
3266,15.091733044644757,30.901874028088717,1.6576777797855644,0.6135684703521305
1887,32.51484870367538,35.27815951804186,1.4114078529436873,0.5338430930386354
3266,16.450286483111643,41.44111285526909,2.3099442034148514,0.6300484869194495
666,19.57271353972356,43.88346339258805,0.25403037925303296,0.16722685702327023
4188,13.105648600839825,32.13198353325132,0.5516020993919085,0.6847814818023757
671,17.15220028965051,44.50036373470289,1.9158699095776397,0.33578896283666526
1969,20.535020029327157,26.769876371273842,0.9219670997371086,0.4520537425759178
4156,36.020803454617145,13.86454281342117,0.4144594655718098,0.33310936399626867
3122,25.57680971173959,44.00383544419222,1.2583031481134692,0.4739362034994854
4699,47.17826085784885,27.073641370654357,1.6303551540284655,0.6215692265117477
4777,2.0940196919387755,45.306879378361714,0.11206678538374648,0.8383434708955511
3900,25.153416131601407,2.008390697529061,0.7290547234186118,0.483435057640221
523,29.211239441585906,19.875787577061775,2.023556344240107,0.32322382760360324
2393,46.00984930371369,47.390250918123414,1.3006114165254856,0.4879418789253843
3117,2.4579261810713793,12.482504637915138,0.08844803793329997,0.6888036640705155
2593,28.674979246760802,47.07681230192463,0.7048775131867522,0.3467007167257956
1968,42.68149642639785,47.6951230564625,1.5978516399485534,0.41428207472340617
1753,12.096386405961828,44.10711571129305,0.4983986739450619,0.5628398170087364
2296,43.814617426196875,28.183402254664934,2.0684785155485357,0.29400926382735004
2261,0.9521704637145911,32.34697245403193,1.6914397677091606,0.20908465954444178
2286,36.62273145668649,43.48084992249346,1.178447652369483,0.14039228386326197
4202,46.65566105843265,38.794854119459224,2.289059452666962,0.3526099831260743
2878,32.85988308200311,31.50469247277058,0.9795019273116543,0.048342906438057054
4143,21.951462199022398,49.112970393535136,0.5876835264102132,0.5834825267095015
3644,2.2440508236359014,34.28383181668471,1.653507481316752,0.1759093659975245
4432,46.005690666131436,48.77409962238806,1.4332379686753713,0.3773947923300428
2055,23.51481113457874,2.8694237303545367,0.8381197523280628,0.26922281539837256
4720,1.4498372167974005,6.948018537110623,0.8591614033099428,0.6303899663417494
1276,34.4910535664381,22.57294230002453,0.9955257715852545,0.8503456614668663
2766,24.09186267881291,19.243973044215757,0.7278464186984233,0.633301042988345
302,6.217265872120537,39.13674206785139,1.7756035159023063,0.5425049286733938
638,10.71359046551298,8.030701323460187,1.6283960126280133,0.6690837393220421
55,3.2245340227923136,48.80475895557443,1.1019441313659817,0.029990637760199834
4821,28.714676985428678,15.7532937630457,0.9946366894480929,0.12284466096211977
525,31.101473962600462,21.446185387007972,0.9126281733992627,0.09492723597104424
4569,25.287114917772218,13.737251622001146,0.7086708034806338,0.09819716574878401
4123,40.85510665013074,28.968180866327366,0.21424165789264843,0.260483715196548
2125,43.050441065400676,2.9314350211291975,0.6705117138062513,0.5320522603832052
3287,30.78121983415633,7.483875278522439,0.8030033717326626,0.11468157865674711
364,0.6378239853715273,37.28988517093621,1.3692100156633582,0.9351162411893893
4621,34.76148278738678,9.325029170240196,1.9344712726951243,0.8542568026544154
4978,20.899960846017578,11.775722577833141,0.9892553620850791,0.971644353832982
1646,28.27787416131935,39.64911178624189,2.3618922646302294,0.04250004508849059
918,32.45403010094422,4.66505891786268,2.068374908602906,0.8514024470893163
2797,17.51183071635384,21.873691138542046,2.462004619709363,0.8037340754414894
1531,45.85492525858971,1.1531693498613493,2.1905076026037045,0.9021058646024604
3345,6.69874333748906,17.340369965895192,1.541814873273448,0.5279441676598087
1906,33.57559036405187,34.94907013053773,1.4961982195417973,0.7878890707756734
3086,0.21797899782902141,4.505163985861415,0.3238153168855426,0.051286879342652414
4580,46.23255527025904,44.41673133893801,1.8059981222289192,0.07587778948398882
2075,5.625206661904575,45.4749521470358,1.5005171439816785,0.11853224094958825
713,4.744211507378732,5.249518756256755,1.2673302584899617,0.914788863298208
1062,16.65038165261221,49.53662181878883,1.7332171813932216,0.06116934938844887
1976,18.67831430195403,14.876477669774445,1.1101196070949841,0.10014952669911092
1296,10.715003616143932,4.205083556580302,1.3096491560207155,0.930410402629527
125,29.256083046356235,0.25335572486311353,0.9958807620081409,0.10739258183227818
4632,22.145704902098178,20.426144788193128,1.7934272334267245,0.8697562987253739
3596,1.7087794520543709,31.490499285305884,2.1915274263697206,0.7892707880622863
3283,15.982603112765032,16.608962495165663,2.1021123478315067,0.040281988532154256
1603,40.52164567865852,41.83586827373114,1.965063180123672,0.02184739688963
66,34.48507674309343,35.8303137782525,0.03446926136137729,0.5343883835135932
232,36.243542678994025,17.508076598401633,2.2797011596936483,0.9971754037667673
2156,34.90584620417618,36.71548333043023,0.6871893018084849,0.8788301600989865
1169,15.548651069151664,47.02438684846249,2.2199348574084397,0.31002543337128463
2158,4.983196103838794,4.654799927150854,0.4924202577234413,0.3863092341154034
4206,13.6233592016548,15.305198007880843,1.0991143785618431,0.38790599623810107
1493,41.589265009257964,23.166296955834664,1.8734969858172843,0.7341788159050148
4718,49.023539889153554,24.89950638773843,1.6006973631929313,0.3411327526623835
4007,24.692350737078065,27.10978224430368,1.0398048450735748,0.14779706137526072
2472,0.485017746152111,15.031345326932428,1.6965596418506959,0.7471074085835504
2660,7.002240606711451,33.362982299117455,1.3723737751165987,0.4580156182451046
2739,16.10402876581329,32.25422517649149,0.6893407665888307,0.07677872368646699
1761,28.92926742964749,28.891075313580693,1.6158236137428494,0.7900522684920608
3514,3.7546822902656984,5.688086085543831,0.5106177158613084,0.5853112639502293
1975,47.16786493549408,23.848394554797224,1.7349707106479137,0.4893693252687843
2362,18.254183664220037,17.811344374468778,0.0077771940581070065,0.6733431671472798
876,45.629210896241155,24.55192349190613,1.3719312844044242,0.5053676828203663
3812,39.026090137851085,46.0933217757513,1.0026690688903526,0.6484201479884992
3448,37.771863625779055,24.026567157920415,0.7577594345048683,0.8674885453653216
1312,30.335978989111602,0.6990395919755921,1.2892699180865939,0.6135143681111254
1460,31.339190852592232,21.941836904206546,1.6132790813397202,0.6596004978542749
2709,31.900161760812406,41.03240900246911,2.4132806655336623,0.6138560694206747
2324,31.436069351279105,39.00304616090841,2.082661224720244,0.5311797776332966
1733,27.68641156991806,25.66950367640905,1.7928747077095268,0.17197241097547156
1605,49.32070092414445,12.488450642965764,1.197417279197866,0.3356776435588654
2563,36.614528371284806,23.254433145727255,0.9803602991608856,0.6931089673581222
3421,38.84731941962606,28.185110970909584,0.08132413646499304,0.42547610670177716
3517,43.62314075418371,49.99357191370669,0.8977422576476204,0.40612901191102324
2397,10.781988136292458,32.20890450846887,2.120942846681541,0.7592692841305579
3735,4.190207954753039,34.71324650313068,0.9600614549407249,0.005568860623661243
2870,24.14472182992993,24.5727071784026,1.1539624976553662,0.6789944802453385
1160,25.70403478096366,17.724477539126493,0.6795860600622619,0.4892265104900153
4854,41.45908899749588,40.647649182360304,0.6853318970334168,0.3767625812463521
242,22.189178964116785,24.746616216961808,0.154679402229371,0.3405366115735896
2590,28.542651277215636,49.73450649822625,1.534509814049502,0.17287549531516955
1063,26.353546925672916,22.856028713402203,1.1201735076133659,0.3342520827486031
4324,1.9101391878695528,3.400014182378869,1.5149020187269866,0.39141847211037284
2595,30.7607448298457,34.12890685450414,1.367217250072132,0.4374489194248349
919,41.40216428871261,2.3320725462905534,1.997111468242937,0.6723006386775275
5,7.875027403790192,12.525079844235165,1.8775297807786817,0.45357101942300493
467,29.716586696329788,17.686912638995167,1.9286346328446986,0.7962843042233506
4170,29.68052722232072,36.974179281066384,1.2480975173541888,0.6397379973783744
3,8.209248202817937,24.711796320380643,0.8847033783848263,0.18959707949408933
645,6.173178686536801,1.4322965655128306,2.333591476332382,0.27717317277051345
117,49.002597148824236,30.84249256379611,0.13567443429138487,0.07924918644138546
2928,19.685958482651877,20.571811871333118,0.3815532696255758,0.9457217549233222
2551,11.371086436176464,46.09172549835536,1.0489977304415992,0.8865504812292666
4289,8.566227222718748,24.97811555701177,1.534894131420028,0.08479622545093712
846,33.38008567916175,35.448757296966946,0.02050093701680411,0.57407601584746
2762,30.47226486636394,10.943424616477342,1.798307048277855,0.9604018188608185
1141,32.177606149370874,38.04867822658266,1.396816356974787,0.7471427899461557
1810,4.400301375572613,36.04776552418362,1.2117568966923131,0.49181219397067266
723,44.676729174921846,45.20408542706541,1.0587375970696704,0.24110298890663484
224,19.463319840452414,1.6910820859599607,1.2987175793515613,0.2790370750812956
4627,15.668470321517896,22.37503488087256,0.404464336204369,0.7362379546713607
4208,23.11807236238696,33.95777013698151,0.2717793481924563,0.7805752732438467
4654,19.503303287381414,4.7581950040107515,0.7240936968795961,0.5286933243514326
2048,43.178850156957296,20.53020335744562,1.7737619799633118,0.12094870151670478
4749,46.463048759894605,47.10733015330977,1.470719709588741,0.9338683736265946
4415,15.17266082248031,21.79672454455641,1.2003075440475317,0.8447627345667349
1573,43.19679037299774,49.27023917403157,1.4288024147399008,0.14053877902742284
1828,39.07615647665336,2.8419530539909807,1.398145032598358,0.05672758362885222
1917,46.54038361723809,35.89148880704457,0.7676048137248135,0.5358676827497336
4234,12.287515609294392,29.050811812413475,0.2436398681118146,0.284142617729526
2026,28.847957506048953,25.02698385660627,2.2419559216576266,0.28324970941456795
3744,13.727229237022232,48.54237007425047,1.4997781565597865,0.08722159275041175
901,41.20472452421871,6.482520024556432,1.744369999202129,0.9533858352713874
4785,0.2662095285532129,44.79994758404567,1.1599930609173879,0.8301664596598446
2039,28.240958144319805,34.56202055683051,1.8912014499414065,0.11383459187591682
9,16.9601715635959,12.949803664981635,1.461243159946668,0.8765987676508302
260,16.134185353891013,45.08345728161467,0.1345028052429756,0.682956055963137
1673,32.24531619324585,21.46474589305066,2.2252425884842277,0.3254411318286087
2219,42.5742224656997,40.71136640365354,0.7638403669697171,0.8712505544151318
2060,30.45976956966631,19.44182585237,0.3447269435533387,0.5980221877819584
3713,42.65864893233612,42.54654137166205,0.22010251926078944,0.8486698443343861
1619,13.229855594051498,31.831455922252434,1.8011007846052771,0.4692679244872524
320,25.975092738249057,7.0523316791863575,1.7599209170108996,0.5006510401618275
1342,22.5268269533538,32.483158173476376,1.7504053120331766,0.2910100294109561
2376,0.5822449751548109,9.56723813509363,2.289381931703915,0.38769269194470823
2832,27.840607157037006,20.596131394708134,0.8723575549941287,0.5677520691282214
2824,33.07621620730875,8.514779212601686,1.402832640897308,0.9470592237086173
1994,29.595720220953503,1.1008057833559293,1.5487389574858736,0.6001177599681348
2958,36.813994939171074,10.594326972497875,2.4487045714161564,0.14737819178039357
2038,28.566976422653855,26.818601186206287,0.7808653592964796,0.006996185476486727
3490,3.3375127425378457,24.078048388867302,2.390827999759851,0.85098785550868
3677,5.822276204235571,25.074854776803186,0.37183583270595344,0.36432542336615303
1118,29.82372887719762,12.384343922330066,1.910003640069605,0.3149659396398329
1604,13.74895959868201,34.25806003070931,1.582214750051032,0.8007311229423819
4027,3.9822564517382917,35.21316434101729,2.0422400931799687,0.9453642990898354
235,21.480137172427337,17.89839127798328,0.07171393409961785,0.7480450883519564
1969,27.71612990418277,44.05850442370872,0.19532760734763954,0.1738473129114323
4429,16.43729941748033,32.20116083177739,0.17423944892286464,0.39137829359104226
1908,36.021685111288896,35.65196376293159,1.4823986387432195,0.7593985524347406
375,32.18853040506223,13.866995896946971,1.5073401689388448,0.9069258146705733
3530,16.640918054583597,0.030581757779352126,2.2652622233874404,0.9986000639496602
2635,37.74362644542803,43.268780605105476,1.1690087862961125,0.5115609071381858
1570,32.43475212665177,41.12121922899043,0.17012263751240986,0.8225248183419498
2560,31.872268935895104,6.1595944021415105,0.5238235040562886,0.046631642777384075
3391,27.671385039353403,18.705256747815323,0.02018273704460727,0.28582474975496797
2965,0.5694834044276398,33.06696541942913,1.9417863128210124,0.3715134033474893
3643,34.825359173844454,32.60554286093641,2.0389985922019362,0.9755238452818941
3850,18.802089555457822,43.01751674042782,2.49485104071034,0.003393648214860545
872,47.13048550793278,7.013408081771427,1.0304861226327358,0.3080207377625931
1252,40.899238553860265,21.49698738925594,0.04824593850398129,0.9304122596129039
1314,29.38472347656561,4.861220896321239,0.5868247037259305,0.30667823504401126
4820,12.609099090963472,19.479762421931408,1.4694221691582396,0.22506676581457685
2898,10.185869663883329,0.7553722793852191,2.404857417631841,0.7300885114359835
77,17.019241883877456,44.91365325550635,0.2589463786769858,0.7453388929998653
2621,23.828397179000927,26.352199841434054,0.30393255040185696,0.4721778826475085
4227,14.803275501947354,42.490113040117684,1.7543974631973573,0.9469174698654234
600,25.74647476962414,2.995235050168188,1.6680176375538738,0.20270707954184186
1065,8.268521275659296,11.372905523646033,0.6262658882795826,0.9134158339795975
2136,48.885640641274996,12.968999761059031,2.0328619775362973,0.7555080765252957
2449,5.396227748249693,19.3345747319394,0.321946888693658,0.3682083408540474
2343,46.5972069827186,40.143318619877306,2.3143546119418996,0.8069086197233739
1863,45.67890057013474,19.327893686574633,0.5025798258310534,0.13320217641375387
1318,26.2680240909749,10.23267648231635,0.2033809318075125,0.1309824931932273
4711,36.24551359180422,3.249513016938421,0.8488052161846366,0.9299372032474059
3597,21.80241489862939,3.974587417634373,0.4696032213363624,0.0947805078454117
3762,31.50172887712191,38.00236029804887,1.3173530625900822,0.004079606849404671
4670,17.028796871055935,22.24014955183165,1.717116343429315,0.389030491584902
2190,15.057950989272268,36.30905610000077,1.227303946195728,0.10385097443212776
992,28.911489308475684,34.11435608818488,1.651518329527444,0.863036493244251
2712,24.90648370919902,6.7681230880128895,0.9123012859999611,0.9226935134429329
2192,28.976818457499053,7.14439670961336,0.06980649309659998,0.48242636435641273
1248,14.33302906435115,37.767100771706694,2.435160310562873,0.42547153301003693
3054,18.347891590849763,36.06341467427086,2.0485337613499883,0.5390392769440919
4598,4.194898031445465,18.90153834371552,0.1835470602115702,0.2261946248449862
4033,2.613818613610286,3.871113166642004,1.122940990390836,0.297965861420336
1997,12.672856483650813,0.60490108492261,1.5875476751796866,0.10097717048400479
4916,3.712342966527288,14.407847473087243,0.47648567643159473,0.44645009111136336
3687,5.188735431737035,0.46111367936134684,1.4449715284069287,0.6116916225336593
2151,40.646420269696854,11.50363105518517,1.3341215452942177,0.930223734391602
4018,1.943684850834465,20.975037010566925,0.5206629713367619,0.7390731706267583
3110,32.94713969673714,6.0707882655977095,0.35302577319363315,0.7230637335531866
1970,13.627887440770026,5.213887891577312,1.8974057240465936,0.30799896209410216
197,43.57728403540632,44.82187178593683,0.8064661153740843,0.8882932975100445
2626,24.24961422887498,29.273501451144462,0.6101013346056083,0.9469556966799977
1202,15.278822966391287,46.72278433813907,1.8446958820149717,0.9322629365420371
2035,25.881946784471726,17.29130818928396,1.840171730057455,0.038803026524385054
477,19.09790095226344,33.857246866458155,0.6910041408405729,0.6043506363040215
1254,28.21505323349151,10.234583731089518,2.181421153129634,0.643225105725295
922,5.726643416317412,30.91701586399706,1.720625412680856,0.29506516021650353
419,49.849525140627556,6.479286500499221,0.8644105445538453,0.9924121831579298
2204,21.277793884835877,0.10403195881428795,1.0687241254616473,0.2911874588185589
2597,17.411531985368434,46.57659007047895,1.8167742148265444,0.21661165818105577
1120,35.510492415813246,27.744718808760467,0.52895958223873,0.4841456504431918
3068,18.194970324766622,46.347033139101974,1.1719019811880602,0.32314737977034347
950,41.663715251437885,16.691576185103603,1.633895855645249,0.9240294598699442
2336,22.713536218021265,16.389303458087838,1.348746370021783,0.44007673131477276
2243,35.977920663271746,20.032750088651586,1.5208208647612331,0.4101495546725834
2645,5.3726608220943275,35.30204919790842,1.365531248691949,0.6258621301085001
1857,42.30595927775559,28.29043170930871,0.4980686094750503,0.08111467125112337
4612,36.785899338905494,46.2677453549559,1.0255133624315536,0.7567329468165218
1865,10.585838923098285,1.2720450566219677,1.3299637386938643,0.7683988218048714
2912,7.264300487289333,35.40979689862682,1.9501568558648652,0.4740258347276677
2853,15.81461743628122,16.516384468327715,1.6347605929238564,0.9556979410004283
4910,48.80352930159522,9.011682590923058,1.066477362964837,0.5793391107957477
3228,12.841578728352932,25.519781126004947,2.435999580397864,0.6952364542449908
3719,22.806360447331663,25.2531892089998,0.2694888041993129,0.9243449555031013
3228,1.5010112858668156,6.85055143442142,0.517012171387421,0.6663453434247923
2371,19.861376478311627,10.094802806644493,0.8532815250791601,0.43182600772554713
2891,28.566000771655137,20.408233245077746,0.5714301924697753,0.024771175633148346
3756,47.65623062539825,20.440570619615766,1.5636049920150283,0.7282993156318094
4225,25.83680224700322,15.877906980984235,0.09887682334063813,0.9648660116010451
94,40.955366308884386,7.427257575499047,0.4435919606835398,0.47023512353599384
2674,27.356382128445027,0.2186839550489761,0.7333680941465109,0.33976863778826416
1955,2.039250671775905,48.51175312140103,1.7083644376982912,0.5192594264137784
793,15.750413759488701,47.17496148519635,2.18966220645282,0.7284372056846592
1834,28.777475391555164,24.18251895880676,1.9962294263826361,0.0006904744820492859
2116,47.52969829655622,49.75258766375028,0.4552023331256372,0.8872117227318536
4106,42.95651798756167,33.682716539112164,1.4135143961026728,0.8863628596783218
3325,11.417780708942383,3.442876880377077,0.0750566133617181,0.5412979336087088
2919,11.005491500958176,5.885909954131368,0.7763419383821529,0.12237876617560794
2597,10.058648355695038,45.805542193481884,2.0149594870708167,0.6718057946136212
3205,46.124944815125154,31.50261010748142,1.1416642843583489,0.13784566296331335
4807,42.633307655086035,42.159181332867554,0.3748533056895864,0.5075471514326807
814,38.744171612647435,44.91348248169221,1.0963834537207817,0.093629971981117
345,19.63675571121138,22.397100564119306,0.4950823136555707,0.5890653382975013
2349,25.21903521493834,2.426297578834652,0.982978644659907,0.31806932511798736
362,23.21658723975764,9.414017444866102,1.2195836818696084,0.8309914147375028
2443,12.669905377968632,3.328597365121755,0.8738952812775711,0.7999461262084148
2265,25.251402307438347,9.436992284925367,2.3424223760846523,0.998473875474441
2188,1.5248273926377232,20.52664632279384,1.4063257438909549,0.2575031747043648
3005,6.590518674872959,5.909840525749272,2.1072316848672417,0.06180109277958035
3281,44.32947980844732,8.336662390267163,1.9018213676389506,0.4430032651488448
984,37.583988351571165,22.29108910358396,1.6529157731694413,0.08340333496657082
1639,21.143420452954352,17.00854751942448,1.2422218707564556,0.17849971506576312
827,25.857518114193862,23.382906209402048,0.005434459453968754,0.5973001413615524
2730,18.499944297998873,21.458601387953102,1.5336690013802095,0.5921308513442985
3531,37.03899335803362,32.22390129899417,0.8898936325062443,0.04332747772969037
4451,39.20935896160398,46.85947744379273,0.294405417003297,0.4429047514182787
2935,38.164259510157954,5.393216922212124,1.111565659030194,0.5302186928672417
3876,36.130586241722476,4.963007465459746,1.8388833057082619,0.26802423781998663
126,10.225216934639791,42.6403055545451,2.4041944867467597,0.872043181875494
3177,16.89849896202394,25.319835232622957,0.935262227805205,0.1610986476464219
3056,23.492271749183747,38.32025117842211,1.3568082467624418,0.2539018050062144
603,16.539649571382782,10.771095180364071,2.1281109584089624,0.15699441503275302
3449,37.74701000791645,41.44312865837759,0.834998549875037,0.11654663387055808
4146,16.467676212497732,46.192331209634794,0.35564311242703844,0.8789791840071259
3533,6.911604339266858,31.77415077732441,0.7047045780817227,0.2778591650699819
3367,19.952022602415205,5.293951073690112,2.2478070745209697,0.7225240194678563
3368,48.99572163911902,44.76474070781694,0.39848277115459435,0.4279823597252498
3797,11.294070646678794,39.624386368503565,0.8230526525169551,0.6358734807339168
1792,30.607932947161455,37.543888825724494,1.1616007762508516,0.9281761961722094
2861,21.648652491985317,1.836409445295778,2.1177830587273,0.8446078670432494
3476,3.5512283824663315,39.94812626284856,2.3442832091324366,0.06898639242023785
3417,24.393830299902973,6.89755052341785,1.064525774083137,0.8452025352792177
1645,35.108216432415624,11.11930880984442,2.329885120883789,0.4518235152806971
1205,25.660998791390938,28.856741743462877,0.4036477371443864,0.3501457268798853
3030,43.605303187329056,13.249038645844152,0.392130729740926,0.6723879254616284
2872,14.446850832879132,33.067410315595986,2.3731270490869947,0.950207873099248
3072,4.312458565198246,30.40352238495408,1.2742003338208279,0.09413549758813744
1854,46.828280582900305,5.407479900663131,0.46476958838488486,0.7680770302502391
4021,18.90981747641095,32.80072897957532,1.2199759264389045,0.20350803075795543
4662,28.82027757268167,46.1977454912465,1.9580278884476288,0.3801361228269988
2708,39.600156306509795,8.055495259291657,2.067300914308809,0.8738230162632499
3502,16.21568319377903,29.85310104714437,2.1599231416231057,0.5457991840123394
1332,35.808226908880556,17.093268596834704,1.4239272577185464,0.06745664795042627
201,6.770942490891402,22.980583588680197,2.1673650359197008,0.5080485501367383
3507,14.564687360275263,14.350008953948496,1.2750755220081367,0.7896419016414242
4212,7.235531806825995,17.706531817384764,1.5176497559776934,0.5288805877655933
574,40.56152792006789,1.445591163327864,1.8967995056791132,0.16688923897905228
536,11.132461761339268,49.07758689586103,1.0635882317762713,0.4450410750575319
1625,35.87017777026051,31.239996103637413,0.18395371784693693,0.9243453680396493
2122,47.16491986228263,25.035279524694264,0.875415892144244,0.658203990094113
385,26.38861045344385,19.185767475016334,1.559860541989901,0.7298865065085893
3281,27.001459613034385,26.968727941201383,0.48083092409869216,0.7859365074494503
474,23.051678404890602,19.005299935790198,0.3709634087491001,0.09069342419333482
417,16.294507169682138,17.995396374683665,0.732701361478594,0.5815365592699638
3600,23.782751546245855,23.197327086100657,0.08027865569455339,0.3759151931853081
954,30.14037661333797,13.79915168355954,1.8585572452172994,0.13915916367209713
4971,49.29957860853297,9.002494998339273,0.646789005470847,0.20270955830402382
4858,46.88822796591121,27.830294909014675,0.3105959915914988,0.7811604737247344
1205,43.10764791465609,42.13827180751505,1.7478235399085882,0.16148910528977278
4759,44.456526785242914,7.641408886294615,2.1073200313582197,0.3124186072217193
4120,23.392459164602148,1.6367170302109324,0.049688989654446125,0.2848733382630815
1990,32.87221635887324,12.340587257701808,0.5839994268530622,0.048630363914567654
4805,44.75333614681071,48.98603217269054,2.3630808121739584,0.46215844923935856
3572,19.647538249567653,41.437903687166965,0.9631353398319381,0.7659298421692087
4380,48.08812391727344,29.79330267642983,2.346480158454828,0.02215263274889967
4158,20.78930310345915,46.4624457621568,0.6855313459266934,0.11255145047989612
4757,30.05413326966078,22.26395584186223,0.54516908892983,0.7201866795975679
2713,35.4902356636186,49.1640301287587,0.5352710293199897,0.5935809906729136
2203,47.52960065379692,14.815102255964202,0.21307165106234566,0.715247614048682
3120,12.230813702613302,12.015287475796955,2.241080721272814,0.23010395487713853
966,37.30654891193211,31.90241005735055,2.449587556582253,0.8037687832974049
4944,26.040779307204108,18.90769839751802,2.3862720181790946,0.4798710601102767
3432,13.427857031032053,31.318277098812892,2.130070349568185,0.6103019741788571
688,38.83034198981953,15.24977591513429,2.117219769127438,0.09215341720083625
4243,27.61111400869233,30.895912841899552,1.6527136679224692,0.2050315833598213
3701,33.04869103248379,13.787313029251818,2.065534279876534,0.7733578816103082
341,16.14505342889505,2.548603440944497,0.5208559108576194,0.2239084411887785
1724,24.06369759138025,45.60679509615917,0.9697815759678213,0.09252982752145866
4422,30.867712549403354,44.16026009367311,1.6020907332368697,0.5972032822521003
1792,20.2455407134922,48.5399074636336,2.186928331403991,0.5479365161617328
1759,9.918626992385066,35.826358811070236,1.6511736559219592,0.607893928983293
3212,48.0820246157652,34.13605888676515,2.097554895835515,0.6183054963630913
989,25.57337700213087,27.950153503741536,1.1848737896232437,0.5001973458645037
2262,36.696018514385024,6.2971208176261335,1.7932593442626108,0.49377392056865577
2482,20.552359677802905,9.461765547463502,2.4499520159377166,0.9241655652894625
951,17.756588201285815,14.47348443362681,0.3837213928243943,0.5338817248797403
722,20.35821492335625,44.50781812866972,2.317301730789725,0.6173002024138587
3389,20.45983218928249,8.648476230153756,1.3059098696047569,0.2669693919387446
2079,27.209005797097678,46.143658724394534,1.608045076825145,0.8710932008021911
2717,27.173493499068158,26.13928665257086,2.194672517276282,0.024368092659163176
2332,24.857690794143583,35.77848177365361,1.0241354313807924,0.5572267622977745
3376,6.7392892458719045,5.512224334028327,1.0467314372251266,0.38385029519810865
4524,24.803773925026558,13.451677438795546,1.317954590867751,0.6039041955604769
1500,8.455195021032575,47.92593040907131,0.04775521124212645,0.3601720497713802
285,6.306789314788258,13.307497346486569,1.241665452358377,0.7176879117176469
3495,46.632285867058386,14.826086019557305,0.7277181624855757,0.020331442973430813
2065,30.247500657385213,9.879869242053974,2.3198854559794535,0.40588943876914296
768,32.97450290622921,6.453683265341476,0.2193382468825783,0.8312635997424137
3057,20.089683516668188,11.662882072699897,1.1483011550495046,0.25020071777943587
4289,45.44904459574321,32.11634459753992,2.368670425943402,0.052750878380322
2161,31.896524478983274,22.768386675178178,2.2525881257961937,0.49652407456516856
3293,38.45849347617937,27.68779181689493,1.7533711059363755,0.97653346052679
946,18.42812345138569,6.118241438301214,1.4734026299901868,0.06415856153513666
4926,48.00059404095627,40.105822358145005,0.7018273428321004,0.07005649274979331
3335,41.02306450791575,39.2047350289924,0.9173927818811369,0.5951165649466782
4150,42.69742315072718,1.0794955571337694,0.2253371618853181,0.2500677128781291
4895,8.609713371287715,19.175754725515247,1.9652707443955941,0.41023123363722536
4873,13.548160393560977,3.438530098557391,0.8096744197595294,0.8305071529993908
1481,14.281329984178853,39.60528897074791,1.6694547475755184,0.19884868418251644
1901,13.545461162343559,36.86348415628522,0.8939869429965336,0.719299936981433
3451,42.7704081052144,45.0994047146578,1.1608261034906566,0.5044855132675563
4064,1.5942397604296055,11.82019794765573,1.3875061809409874,0.9049576924142717
54,3.804999449038715,22.814794156389944,2.004631020976509,0.9729620002935639
1823,13.695743531495186,9.224393858219887,0.527890943851701,0.48496078565339584
3462,9.993648732472183,18.561746723705973,0.996913467074641,0.5846470591154669
3079,11.592980694142419,26.1121625783442,0.32520392972954393,0.7458425407375533
832,39.897159462665,2.6665394919294485,0.18940126230314824,0.31867414187200505
4408,28.156329694602345,35.74352053386926,1.5116858904219797,0.22674035052324681
2806,0.2885330646483997,27.164668018553762,0.4727276108972567,0.9646851724430052
2490,21.466138285209762,41.447950860533666,0.14949835481524704,0.43261539121957815
327,20.394246342517945,13.589025059559862,2.2427448280160136,0.0015908265157736912
3310,5.697263472227176,45.166055263462724,1.3357860494634897,0.8377182985250835
3300,33.80708943007286,49.93471265152217,0.3365705185074616,0.5996641612910857
3675,35.104859418974556,45.964921918883725,0.13356531861887427,0.16855856272030412
3054,36.044660952604886,38.89462379165771,0.29965013353414033,0.030139693177078986
2143,36.4235472779296,40.618440143689035,1.1783431008015353,0.2914824310417311
1311,0.0026413466148400566,28.687212127229323,1.6711631379222445,0.9278870954736647
3191,47.696040192336106,9.507693145630524,1.6032001874651138,0.9334911700356123
2538,40.71043835273315,33.85203425738587,0.3610577156612463,0.31100348630211816
3983,45.19908482946426,35.637650102996574,1.583722379594272,0.8359309928207167
4547,0.7821647653717068,49.26925701339528,1.0121640605439985,0.4418453232570957
164,46.69293978928697,27.06506581281609,1.1618594607486625,0.6543447491365945
4277,40.48942643440523,13.56845075125282,2.0035760156132927,0.33444387587109004
822,41.86095714793493,34.18362608697534,0.8312484316990959,0.515972596270985
943,4.664369236098426,48.96879098332273,0.3674976179083844,0.2937794465503265
4425,36.938901445929886,8.8606954134547,2.1836328339158513,0.061114362356462726
774,47.99583448210455,16.299895926780135,0.5303264396658449,0.13937818619153886
2198,33.92736707090803,27.094047688634053,0.7350746763866067,0.29067449447323723
3156,28.528070231230323,8.51073174410024,1.766475147256556,0.9762537839761299
4242,47.28148388744985,1.1110319759969178,1.7088757926440181,0.9656721502499916
3695,22.1468560867218,16.84915612206253,2.0010000532095717,0.8276633424845311
3452,29.964678315523933,43.268540075052904,0.4596666036198527,0.2325060510960869
914,23.81691467471831,2.173419966185741,0.8806997332855082,0.44160214054182256
1308,46.642311068014955,21.446452950845874,0.3147080973906527,0.4397828384907043
4177,3.804236338275363,38.110038646304126,1.3525978679215105,0.38697324481818385
513,25.05598504126741,47.659129845544264,0.731426481346753,0.04488030508974561
1920,34.347622069271914,49.27376995022161,1.7223391025214068,0.5345273742243177
3594,39.59532692111185,21.098469030437084,0.0008609199613526797,0.07281199212486089
4841,29.150932372206817,47.51921471895588,0.14920749614894813,0.8019186807179438
1409,45.4458872060727,1.770948664043187,1.0814007512983583,0.6913071428447816
4802,47.09957234419358,37.29584689992782,2.395460389938921,0.3527370066435347
4566,3.2159611596791757,32.137301731680644,2.2271284683979573,0.6471363822124632
3190,20.11852697706872,12.476092879307615,2.485022570154958,0.2330370065590981
4491,1.172951086057722,25.365925033982446,1.042075562160112,0.2652500649566324
1555,16.470832868722145,6.477686888024781,0.11642121568437885,0.3141335169254049
804,26.843410898530106,43.57985754757805,0.764890355049406,0.7970115999353298
1279,45.53974652549744,17.894904277282397,1.6894271304348787,0.21069134684608448
3577,42.32771612327014,31.30222352328583,0.33790952441853817,0.5627812274860385
2901,6.374986333599287,7.938814314363113,0.7499304469000025,0.20046711442148502
1387,4.6515187370447855,10.308242231560355,0.1404154113621467,0.2850374250624149
4688,29.463366937833353,49.597818540157604,1.1874175959755857,0.23548129298649134
2761,26.605898622939133,37.65431972206647,0.5223016942377199,0.6450046710732859
2679,13.318882071501193,48.09859348870354,0.2281200672475059,0.5267289444557803
2106,44.97265422769176,14.792558260602206,1.0280395237061977,0.7212991459055533
4223,46.368320473077674,8.22814383099102,0.8780635109353874,0.21994343733298582
4831,20.130571917008133,25.153423173941547,1.3437943423637309,0.009148535726037244
2768,44.51512785567601,24.733414111367168,1.8725966382840977,0.6805095671303348
3953,19.19744471314863,8.747325687899393,0.28142184106626306,0.11485395849507596
3186,36.84084159148501,36.66097847907051,1.9778139755250213,0.24630522442395608
3280,23.797110877386206,18.088876721936703,0.06572494968795028,0.30568615246122266
2573,6.129157825359149,9.318261546525864,1.1077547562396195,0.746802092290868
4616,46.396710061851074,16.59916972716442,1.468575717214705,0.6258918106574272
2599,22.70482966887683,28.18293498175076,2.392496682849494,0.18426543652582883
4033,36.72435201612018,36.32354660902216,1.4348075671741243,0.5978878106197417
236,18.358690721564606,24.094544302874226,0.3968729831784715,0.7081479951106119
1304,0.944043928811733,26.279749491418674,1.293854513359773,0.3888972027901715
3430,5.026517934591795,6.94729679713742,0.9894598679785405,0.24595291402785202
1301,24.81097397449622,45.73454623541161,1.1983889190006092,0.6789827729147893
2541,34.49821785631812,46.43620989960222,0.4927425366477181,0.6108912001414972
2051,16.736766328963952,34.17132952090019,1.2520676057781797,0.07791215847082011
441,34.77442295888252,0.8815704467012353,0.3750994107271921,0.6666796402337543
2076,34.9317794715978,26.853710795166304,1.8601077017271748,0.48851793283529865
3180,35.19679536639154,31.460948604430676,1.4847656505639948,0.7533689569777274
2657,24.62609270102542,49.7327111479055,0.19631922897945825,0.1907175418798268
3798,45.7443075060752,49.80334775973984,2.2240361698224493,0.2582164179013764
804,24.45982589903078,42.88056176627787,1.5409490115390958,0.5433127390975212
74,22.513259674831907,3.1915496013056766,0.7902676378195785,0.48173352789219914
2175,9.96904095053135,47.663819538936494,0.11410599881827577,0.3863653710564966
3924,15.382754367816826,30.633062357599954,1.5805667394290825,0.7460333144297888
2089,2.1167246259151673,40.04433852395897,0.9336006533708421,0.5647515636282824
40,31.67676468080851,20.359642484292678,2.269045262196219,0.7102718538941186
2081,12.426787196354644,15.98347356172949,0.08719458178543638,0.15325496231911573
4683,15.207762724273255,23.1622072741904,0.09775608835560834,0.7289882951455372
1622,38.54072608321606,7.343725648441346,2.3732482172673386,0.4615281081002919
341,16.361059158072695,17.8533069376653,2.4121848641987658,0.033767935684587025
4052,12.109794600657109,42.88087498841393,0.0693555669315965,0.23449155399649912
2074,8.452887456685287,1.8975243130440744,1.790083087353319,0.025756391740577977
645,38.742920109097795,7.543902341230224,0.5537371308221012,0.4568745219910437
4826,6.485312899501344,6.255807982474276,1.7534819157151813,0.3258797605550854
4263,22.687688012517675,20.153777135011403,2.171831991644959,0.9874495599132513
609,25.34650580385972,49.849345044543085,0.2520786971556885,0.8685041169568631
454,34.36949563428573,8.667896510569134,0.596916041905105,0.8256708603431493
2953,31.664174116649775,7.274132479963008,0.06019417081623707,0.5011165490312455
1708,40.53603364725874,45.75278648880772,0.10957461361110199,0.8070874993507668
3472,2.2375716963119077,44.102525848298285,0.07404464554443546,0.2668696474627552
2969,14.82203623896986,1.612018499827722,2.0017058910660364,0.5606494678465249
3028,14.006705938768988,37.58529800896575,0.7457316960769417,0.39291806131941
4797,7.3008452796054115,32.77328507382148,1.2330285989299727,0.1713419115227297
2681,14.458912692822157,38.38704049263545,1.9696106589925408,0.07261343136840404
3629,15.488265707145171,24.725122739796106,1.2373591567667952,0.5582183829716149
4225,26.094223096373913,49.56896092241478,1.0729901565614903,0.09763913488020615
3067,33.1852239463128,2.1923509355481596,0.028933016223647023,0.7180030966859824
1386,19.055025680590703,11.718579320190287,1.4200987563418903,0.9214684787261558
3776,35.97351156566906,19.827299348680754,0.311857695342716,0.16210610971156092
2866,16.808266928979,22.48889707828516,1.9116206019775657,0.47093857851022825
4788,14.514183865738017,46.068370134975936,0.644344309537549,0.7387745930598252
3363,27.059402792851216,28.000218203862943,1.6854685270216376,0.2868396610330268
4889,1.1858180152895303,2.255549776019694,1.6155588195616986,0.9207645196329373
4124,3.9894561817000183,20.393148171283094,1.5416890073250502,0.8884655588699109
148,20.898477179326353,20.824520618453494,0.6673800188429815,0.10375435572967795
3850,47.145635569587824,48.27454692188924,0.6677244429389204,0.027399771531840145
2058,36.075588992171184,29.959854551055408,2.1576201086033246,0.9764584829794019
1136,4.4063284750278875,31.78255355794694,0.03201833157606748,0.9564750247711311
186,42.31590063904368,35.66265156256354,0.4538065836348948,0.4222856044659632
2854,36.61503853040905,38.50196578410616,1.5254272941049627,0.05056332410597242
1250,30.54732628513266,31.75255351012446,2.0426156360079246,0.6188755527460279
1333,41.014648030458865,11.859717556696776,0.8958637716821466,0.29341010738865625
4193,20.205492387147856,43.702295717058206,1.6336086465270003,0.9367229869005542
4150,11.075052542692637,36.60599002053151,1.3928910490505908,0.7946619250543034
2711,25.601169455437965,37.09352425484779,0.1613502612050885,0.6495937841334435
4853,27.44208777967369,49.82783696173746,1.5543754923266953,0.28450384751352853
4501,26.916318600495604,40.1263267431658,2.0347586806812337,0.7012685794417175
1785,28.253689574005264,41.45757015775766,2.4811208007485233,0.28916826675920404
750,47.435245911959036,47.57027578550792,0.07410018162930715,0.037630984151876046
1762,45.11228115481157,7.556699992444694,1.65014543145967,0.508434587620274
3920,43.78585182794697,24.886368823903393,1.0363738828699054,0.48868454478869094
4460,40.07084054543136,29.02835117953938,0.024469721765513208,0.7630059730262334
481,47.17140536326427,16.463786461122883,1.5359023592712784,0.8656738823544446
153,4.924732083970163,41.97016719472528,0.30606824638908875,0.35446848869426206
1524,13.256163072286975,38.12098108228617,0.9464171254728415,0.4494730102036709
2120,24.752797282729244,36.044153725406204,0.6534177312210057,0.47040041964452817
2343,42.32672465617026,49.85747198790834,0.9029085056777484,0.3242240843723794
1240,25.258285576136625,12.969068670419526,1.231738953752374,0.7433869236251903
60,37.40173696707944,36.772862583771065,0.8980238312237863,0.5221011852062994
938,6.947995262445811,27.57022374529503,1.381829676473848,0.9139557743886398
1639,12.62069064882801,15.649459124693804,0.5966242255821343,0.6503107718955861
4120,36.58880475188362,8.029343536156292,1.588404418570954,0.2118965588939724
4226,8.236700444386202,44.794191853377356,2.1344075103121334,0.16480864874703638
3569,17.567796732746338,29.772774135392265,0.560167617288031,0.3723843379162921
1252,13.24331289067857,41.246691882039734,1.2696930396390562,0.3469265402569732
4203,17.493084711123924,27.26724920007724,1.6217244613747217,0.4071318248625102
171,35.416202453898514,10.998854032700978,1.4115653280335403,0.1835910703044421
1458,18.39235905714005,16.87744065501626,0.9141236154805649,0.9782226700264893
3549,27.76316613039701,19.076942123677327,1.6054992700143709,0.14570977286872888
4197,4.9965938527204825,48.64674062518512,0.07061551552519058,0.652648774224321
2322,40.25088466173139,0.281663919069125,0.9247655799910826,0.01306923506458979
1636,18.494431282406243,49.28330115122535,1.3315305366025079,0.4069610383190131
3115,32.42670795166712,49.02308175549153,0.05153289708966169,0.30918339909503634
4090,36.26948008309163,49.80753952650683,1.2691220742107494,0.3820246377394185
3004,10.48304610558502,23.829408945981733,1.6356361519140707,0.4980773447731136
329,44.2337492476675,48.19044848104998,1.8980192442826127,0.6003750015243178
3640,30.811212580347647,19.779959092491367,0.283435203523576,0.5835113447943
3894,21.436257087574074,1.3147220334193355,2.4764121872292373,0.630713670121113
4107,9.116759178910977,11.217359318588226,1.5154192533377389,0.8445476825537905
1341,47.11504689506034,47.26481224686923,0.9079844815308249,0.8867171556146514
3663,37.75341020658126,0.688234666769999,0.6227321361417846,0.7372503005607975
215,10.401228136662443,27.299706771148752,1.4322421542085364,0.078942242924404
338,16.885538736211224,3.7800794447339525,2.204279117916427,0.9612923915099344
4062,40.48371290440366,14.319828921378924,1.3014134903534118,0.9473980863470463
2708,34.78388316076695,4.404642535594333,1.6536801390124007,0.7117037945453537
3152,38.289214635786216,42.97643105565282,0.8942410988514005,0.5174390714019238
1750,22.06005511064662,29.55353548238529,0.9703807202224315,0.2506183583358922
2421,35.82381313210835,45.105323285915645,0.71543776442973,0.756351139498876
709,19.324686143195684,34.41765997701142,1.7640932359205994,0.8778601787162892
3726,10.563145846909821,48.551456562254984,0.8979688835414126,0.6651876008899379
3642,31.633851742067996,25.49388273802033,0.4767910101030981,0.6290726328617707
3993,48.80069627993971,31.935529088143728,0.9235014279155949,0.19300470457058616
488,15.53004856976648,28.81544099445283,2.1345680195818906,0.3577965228941896
46,23.04847961062698,24.213021472330638,1.8456301089423086,0.7231362220325122
3359,33.70006855349268,42.29796827115063,0.8366021111589097,0.016898738851223394
4873,27.07531410612439,32.22625678351801,2.267022412091756,0.6412642771888861
4806,42.17138978545246,40.06561324277364,0.1870815877936674,0.766670301010248
400,38.0871353234758,39.31819683012066,0.12438447853410806,0.33470448627078164
3990,2.914860193117852,9.552258032764765,0.31867588696310317,0.07616776920078905
3157,49.9210616961887,32.508176625882186,0.29113688964650775,0.8191193788839986
4345,37.620122685973364,9.982400959066705,0.21958578753085128,0.14183682948502274
390,43.19516581470566,29.166023912188543,1.6533565299949808,0.37080110596977356
3853,32.55988560476732,33.87173422231503,1.5021059491385595,0.70725410506778
4430,42.81425640233812,49.86175357937934,1.6190137764542867,0.8169859876514336
628,5.619148746435471,1.527098907486918,1.720915135405075,0.8623819184885159
4232,17.38689177796578,4.5621197056860465,1.8921993812016997,0.5304171916111156
2930,43.82104718022464,3.8513348185615746,0.5179423187160259,0.4758716964558656
1521,10.082760563344612,19.918064313337002,1.5557587830869997,0.8483172770180297
826,3.9121049290011367,41.079418074290686,1.4501216483409332,0.5630770950474712
4822,39.40594699726095,42.20281663935678,2.3591500645086843,0.5786507284152311
1500,41.77430778216481,36.84897978605758,0.5809193105991215,0.4339733679938007
3294,8.13261090949503,44.84391209149739,0.1468073359358285,0.3728139719210396
2419,42.717299139135775,16.142997208472625,1.6337376742863579,0.4805408572898291
934,34.33838977985848,4.407732212614956,1.8504321005917794,0.36484749369612723
3042,26.004134160829196,2.9076513994925057,0.7079900145188767,0.34354644996923855
4497,41.51250963906925,42.606635980969315,1.4271210773491725,0.9936643420078939
1466,20.96246246594829,36.52181471768456,0.14884016383537646,0.3362134940718481
3561,9.69969781116986,34.93076530055605,2.4001121029207226,0.25638374753266713
614,14.242633830530682,16.983816927283442,0.27481243324792154,0.3539240898426266
1182,25.25820091466574,18.99525943091131,0.16892634037998927,0.5907813406361061
3223,26.56653963365879,47.90567644496596,0.11027539873654763,0.9109904866231651
2667,40.27904132206168,3.190237204896751,1.0681797662583816,0.7878642501977611
130,39.567636182616724,38.68658684688963,0.24289935864297507,0.8422411390757014
2983,29.06832786022874,15.481666185419657,1.8616206023889381,0.8590086106838577
4278,39.03927416827382,1.9527309206278043,2.247185401566014,0.9205283964468673
4459,9.58867291468355,37.128505537122805,0.6505473308121426,0.23507123290887988
38,2.503226354664717,16.54559428391873,1.5719327981284972,0.45836603103743556
3959,43.68169113173501,36.10737593713983,0.10584611752954443,0.3851976665764465
3587,3.7777246881384787,35.382719155906,0.9664111792319885,0.38187699461350044
920,12.334421487199865,26.739343771655754,0.7323552835693209,0.6522836517021848
2769,34.76594748121923,38.86865646052744,0.5715477411008971,0.4018030603177434
4111,20.472396881365455,29.051916208562172,1.6118087240717478,0.6163303059172037
492,43.81569849577544,14.331842642413035,0.32556986589634074,0.3822793637278078
1131,14.898989733113478,36.70576505322095,2.151776308242471,0.311128182724423
3521,0.5935673334679648,29.456990793886177,1.6620897659218368,0.35307717844318076
310,15.032782028037206,0.6363640844960272,1.776837946720145,0.8037570560137598
738,28.903752459241584,45.08220888851547,2.3383607716441706,0.601051036228891
3241,18.796918770164666,27.28218091621567,2.355932178756287,0.9739977330166145
545,26.743637787937764,43.43136327397659,1.3791308095480894,0.8326562263797327
2461,43.82990594175094,44.13684194911223,1.2384495432149512,0.48578060833404113
4346,45.62425271151842,22.248332836754425,0.8384540205672752,0.24237633509407586
4854,13.298703232705606,25.382999822561548,1.7889290255061707,0.6739091114551452
1804,23.107023663495035,20.787719383780097,1.3455222174495325,0.7266460273119357
3212,27.45720076207256,22.471838765402275,2.3321876993503117,0.464175979791959
3810,47.45562284441235,44.75735794858639,0.5965648717815133,0.2299221324106907
813,49.930865958219236,39.40720069839555,0.7756317156262269,0.5572383178632652
4124,11.770362442076332,6.326283815778899,0.7902261185499218,0.25382925235944664
2032,36.34899356729077,30.515389077004794,2.0149961363917677,0.9399983176304376
4572,18.90155311165976,49.795332019317115,0.24760082960538082,0.6288842480337195
4413,0.4054098443106613,29.777535061624288,1.1391228024724493,0.29193096166921484
244,0.46262612179511775,39.29358127965528,1.0689518424326183,0.21573068833452458
4843,23.02830037811279,38.45307366905855,0.18284905253439648,0.7167232833851209
4792,24.416745650216733,17.51587629361643,1.0269924963608679,0.7077932802417529
271,1.1284848286721327,18.592465135197944,1.2834449582099534,0.5971322315085749
3511,34.346370838715124,36.20382108952016,0.1627617312622831,0.6143010251792214
1771,14.700169429747657,24.999176580241755,1.2746553211116685,0.6038690028256231
1262,27.99465507679747,28.5285354565194,2.398094761708503,0.3601034468105172
2424,15.045953658270939,35.64528951824188,2.447285807903831,0.9374144100074734
4361,8.35671574346536,38.87875135195251,1.329199446474528,0.47927846426291776
920,20.358686929943765,13.575828886653568,1.2877423315073975,0.020327900145589828
3430,11.613668239525039,7.3396879718481465,0.7137704160409786,0.3483613423883254
4435,26.740048845958402,14.589732336186263,2.492788679280254,0.1302825786475995
4484,9.941426514323998,25.376916254603778,0.6855729275630651,0.36338379104788343
2624,25.420298832231353,17.107065864851954,1.1322532510998908,0.6082624850357327
3760,7.868925743443378,28.41813794237969,0.007335144506691316,0.022664474521924105
2050,33.548735474289245,2.673286206281422,0.8730807272728422,0.8702005312278684
3500,37.696884222071205,25.48752058068836,0.17860075152205973,0.6103091184681755
1165,5.519711712496688,18.399245346885394,1.8595619259628307,0.29537187625899475
375,23.39012060186696,26.73333774464412,1.4025361325748307,0.3112051739242816
2033,3.543585032743679,21.126667744248838,1.4304296932191414,0.4656681765161508
145,29.90912227710012,14.211292531877124,0.7162782147492575,0.24809180600179348
4388,13.220214896482268,45.20539527288179,2.037240725632434,0.004341927760946218
431,26.381222841935394,9.238249421067845,0.008177313328125435,0.0265574481792632
704,25.873050469214558,34.068278779027985,0.8340029479104802,0.35774067197201986
2632,46.21771730969002,46.2322356291207,1.6487437261471694,0.12422167660860828
4494,27.454161128436144,26.933497984271654,2.2698063435423026,0.022363674647081888
963,29.149923985915784,43.8204244289741,0.5865398923130827,0.8592692700348403
2234,20.082656288219013,6.242573921664219,1.352750129318545,0.2741373136428532
2041,47.45398015914084,24.689438512820406,1.3449785513333026,0.5031225771668012
1828,38.85929547198048,22.85126402404697,2.1854359226092495,0.17940908419162316
2108,14.270264515142077,0.40594035184974286,0.12629222389960587,0.046724972243762264
4068,42.210479288811605,22.162867067966722,1.0611889026767682,0.7448662994885814
938,21.619818009254498,18.45148781912989,0.45616418697982886,0.12495685464678341
4805,41.4333571766797,33.48993638873077,0.05383150074649512,0.025716902403658648
806,41.144403414675104,46.91648892882593,0.36757735130120706,0.5872303282634098
1463,9.44350933814272,4.2895544131018255,2.441176682120498,0.01346757242144958
3415,35.05705656917885,16.373819335731156,0.5371212738006698,0.43628594481032157
10,14.532148465326555,22.203236869712594,2.3375769333395,0.2888360484778162
1868,14.874633499633411,22.759268901719164,0.5131358565773542,0.31941798493775286
4867,14.817403844029037,38.740486042112686,2.328238068461211,0.0038990431140297765
884,36.27841237799741,22.16978329167204,1.636552338000786,0.9643460803827953
3564,11.491302089626803,1.3580650726826682,0.2830464437548169,0.5169631024835379
1389,0.04529176230451126,35.50520472964156,1.4547878878164444,0.5725121330416838
3401,35.76184267413166,44.24148475728359,0.7962850938506966,0.666122484912028
4321,8.559237191756264,25.695235627483644,0.9578828899451755,0.797521791049767
824,5.224119765391732,29.05542608492527,1.1004273945874328,0.6079091163091758
2265,11.875806029703007,8.146821948452304,1.0567675563258363,0.7621981054933089
936,18.9950261161352,11.032297233947851,1.6602722262075722,0.4487352943628756
2800,23.795316373660036,11.758511956230588,1.9209201714769077,0.3712751404044883
2553,2.228502035631541,21.537098744064764,0.8229442230028033,0.8231339074821851
3845,48.528666631368026,46.4072610447821,2.3109099042142245,0.865310524173463
1796,35.80315267097791,26.0892383357443,2.3461657850471913,0.1378066697869338
53,16.15970326621681,9.604882260067631,0.1017260928778585,0.5426601869600611
726,15.934862864269867,13.304386793447481,0.037271972207546245,0.6836424304861594
2736,22.42712746842297,19.200751486359213,1.0626658253776524,0.08359873663196682
3170,31.31224113815165,31.162948784639973,1.4766131274691463,0.9295968167427516
1913,7.318653329448388,22.00165765020027,0.694761868630154,0.5201097727171308
1596,9.446490688247616,19.622242208846245,0.6485343777144359,0.6454574173167522
1914,42.97172914167754,28.236430019949736,1.6958345742729766,0.17824274809035368
2466,12.812746194453627,12.091749747723274,1.5042607116389246,0.2644346899554273
2737,19.009749898758876,3.9451636292291092,0.4178671874827741,0.12100121668120234
849,43.563592547505856,1.2207157411111058,2.2112524081628973,0.26399872185388884
2109,33.157391469991126,12.562958173356353,1.6999401754026746,0.49239676529179877
2,17.085593967084417,4.579601707223436,0.9064406229225208,0.8336295994572963
4255,34.18497728623104,16.81703192603834,1.709061724977875,0.5337234150203635
4069,0.9841607690706855,38.64667701798778,0.28163271691953984,0.2444635982310961
4876,36.782133000568265,35.81471652434192,1.1706403114351402,0.044621074890727974
892,24.350802025811973,30.54638113940144,0.4224610238988982,0.6219698359070045
2030,40.65910736422306,42.62501219397394,0.10357811532109157,0.42015989736664805
3160,47.73188260032342,14.103381227213834,0.8458156757207493,0.98435386681707
2376,46.28942747472842,44.252687651498285,0.3768387087019581,0.7797598854116929
4675,45.463252172767035,19.961958483458957,1.583794892384562,0.8083628192733694
1933,25.60849779669436,20.04466591333133,1.6851697350442758,0.012235022880396795
1380,18.007105706946902,20.267580681276076,0.37173076556650836,0.7777953329040571
3681,23.251766236533637,4.904718312049072,0.061532514008565686,0.1946133106754928
1290,34.49480016566804,48.774524916552785,1.982026404087901,0.5857958722883059
1640,44.199888843559336,6.92533889125796,0.005142551821405716,0.44742157231571866
2682,10.349315150005978,17.044286223459228,0.8597827229594718,0.5716038505776799
987,45.90965792308515,15.965016016337858,1.2364582451141746,0.1334435294229962
1218,40.75901159849445,3.733971640835482,2.046605471346082,0.45689168141114633
1355,48.94280075891173,7.613006505593834,2.0963966068653517,0.036944685951663114
4265,44.012588664084355,2.242916809269291,1.8123486015261387,0.0409993481596308
4616,13.996866484595333,14.620224678025673,0.6179940563497446,0.6577381307740698
4135,5.297795567202384,43.33284620144532,1.800467335797927,0.9516983734721799
1560,5.612053599579431,16.972110286869224,0.6163479946923542,0.7773929187047831
1418,14.561165928913805,6.184591603368961,0.5365204793292542,0.46915578057097707
954,30.709186199226963,32.2846934191959,1.367819885576331,0.05587074009237292
983,40.21601630485863,49.83004560274553,1.6971361095851565,0.0450201494571042
974,44.96251534907824,11.616189476596379,0.13262941477920148,0.1578922611080581
4133,31.18766921846164,13.978550268528473,0.1500565028115211,0.9758105039340266
3972,0.2815656374026865,48.59235271403943,1.9604267170419745,0.39866106644116317
913,9.315838825926676,8.938814377524357,2.1487431274136997,0.8434072918726451
4549,4.986310192668397,25.560703372958194,1.5111022908547351,0.705142438948597
36,18.1662237784505,11.982606650804744,1.072070024267215,0.6054286592160663
3387,25.067549681687296,46.61759489506219,2.1132911989979646,0.9478261116537416
1711,2.1698589289280426,49.0760507288147,1.8220425819383255,0.23041157061902195
3020,17.423898789782765,40.734892306000766,1.4489854960781714,0.45488966246915363
795,8.958983731266128,15.739190790640528,0.7993928048719084,0.8647229656745954
4036,32.353508312943696,20.17437376402525,0.4949876541420406,0.5517613076422437
4688,23.213618466217,12.115284183321068,1.0466825981787893,0.24644513962611103
3111,24.765882346695438,44.537898350449574,0.7170564399005288,0.2089164168422768
1324,21.384589401673054,45.727913884407904,0.8481464693361523,0.752881001042301
317,47.80098552432835,20.943533112302358,1.289077638280081,0.012788894252088734
2396,10.736756256078161,32.82665349515009,0.42273489237902445,0.914192077402883
2162,25.833212992193715,8.277658988734693,2.0154417001845637,0.01841798811520301
2745,36.800868418266795,21.746795018170452,0.3638236542869186,0.6309890468807041
1591,27.842220656728127,31.574955333674882,1.202484098552381,0.6047479614420073
3111,46.451044285840055,19.27015592590098,1.8649283452010914,0.578411151054781
3930,18.898417782064207,17.879976284322996,1.2125517692239907,0.47434305086675554
1996,23.1837902886589,0.049949613347133326,0.9025551589715969,0.8524303326886111
1312,4.426115760736421,40.214673188855706,1.1872282645568775,0.6593328702904843
1285,30.449955552596425,44.46688060107241,2.1216767471853513,0.7818622814993935
4311,14.410598422405302,48.47317647729161,2.476079245709894,0.11552180597918982
2383,8.015451975778443,35.963569253460776,1.577858223223589,0.049898637457442385
3239,27.226564645225405,27.43961561849423,1.9836101066217517,0.02852850892977865
2139,26.61551316899553,13.46422599043547,0.036221715398221666,0.14720598547359276
1704,3.793582061202377,49.964973798174924,2.2009110238114316,0.6670078902544158
362,34.91077267472364,29.48764272660528,2.3851243998197953,0.4940217557411708
2604,31.188609532542642,34.05770361652231,1.4379233543939263,0.7522522561620709
1716,9.45086413732486,34.120308097765886,1.8845121551505495,0.1917303367421075
4451,23.471743107702192,42.26258978785907,1.2818618574001872,0.3669630419704616
4286,36.016145823928,0.4836269423459605,0.7155093511389743,0.888497548549545
3738,26.471787027063826,11.01234702156859,2.130619929957532,0.9357145460285333
2469,19.77445380917851,33.2767000085007,1.4920917799898545,0.9217291549891717
4795,16.116922904047183,44.757286841228385,1.4484577094785176,0.8183050442007626
556,30.519693332202678,34.26693909606781,1.6478305096030161,0.6882358785978919
825,46.95543491551203,20.674564574684005,2.140007914572121,0.9136778940274637
2808,33.58724202387417,18.07777479351308,1.8297653144274109,0.7141815918326391
4521,3.7372951818157754,36.89740041416602,0.527810485539363,0.9539362487254938
2719,23.03424867410669,37.06188485685967,1.1670588610182988,0.02478833203688846
3508,44.541206575531376,30.35289962528452,2.4507458299655154,0.9216420858945771
3741,4.723121290054344,14.573351204866853,1.3864017844069365,0.5557405361393748
1574,49.443785606877164,46.25774091952718,2.3456133836769966,0.11179775182045826
3998,47.45346968227106,27.593997105931955,2.03342371578264,0.21491126973729469
2129,3.913724036493793,39.52461781241653,1.6650586045218971,0.8521592839149136
2403,46.67066602247775,10.715413108091582,0.8734130066493881,0.506116954846516
3329,18.15662951297311,17.20203943073639,0.7607983688135975,0.9828177234952366
588,42.23545835379313,43.72897581936712,1.6085526632439697,0.11753110950497103
2012,20.919166885663575,2.5053514969984203,1.081403102116027,0.41250346390012915
1547,22.042755635125793,25.615765562833104,1.9968840570418178,0.3318744430807601
294,31.71215454887713,24.085273992200452,1.9011418488504896,0.5161354360649217
1985,38.723870963799165,37.561509445404106,0.7803262168462857,0.6334378188697185
3117,1.6894575474124318,14.09468852996662,1.756821957654405,0.6616294693816545
1690,29.657799776356715,10.953341092979974,1.23637547524296,0.0012958799117780417
1136,9.336649704868549,46.306641938661684,0.8082302520349927,0.08896043378156793
2064,17.297475893160147,28.58548259792324,1.0324164819116,0.03506383365595189
4455,17.398433307760826,5.234478414182725,2.238379668030655,0.8645991463982773
4795,23.453017011057682,9.651808110716054,0.8987942303063512,0.3132922531596556
4543,16.70682059380867,49.94130297571242,0.718498183298645,0.3670634418763643
4770,5.368055922533388,9.780449812609621,0.8795180517753445,0.45037124894669267
1007,7.281436926272572,30.523775567683938,0.5365460905217292,0.8493043972535758
2514,1.6718992780548836,21.006403949780903,1.3615874684908216,0.014166260962134913
3526,23.512454266437715,44.27995474249177,0.36859109080633057,0.1186182743798504
4681,47.722384742649425,37.758429614766385,2.043609466092291,0.6851631221409004
1247,5.7837611824058275,29.84756981309079,0.5639506181140652,0.9638925227075971
3902,47.3132246501541,0.5369490898991247,1.4951375688491142,0.6427864212970076
1435,36.66807573660468,43.98976037467298,0.3125637472997339,0.2611234684675232
571,31.87494014670816,22.233373541935812,2.446132870535816,0.5198644287866173
2382,32.263887766178144,46.578882650928826,1.136438647234118,0.9749804755814343
1245,41.33638241981411,24.776950642710062,2.055428351897036,0.5280765465677909
2084,5.345993218991069,34.711224459136275,1.9216195891249592,0.3735076297282024
277,25.237716178277086,3.4646324733321077,1.784232617864197,0.3834255548387203
1887,34.854556913037925,37.25758267633929,2.0684121780115245,0.9670335085917307
4579,29.341022253678183,16.899801565596146,0.25115902164926457,0.7189165267317058
1265,41.63895355116473,17.567950716589042,1.6962429936799053,0.6871728556220472
4826,3.613585450567575,5.932792235469497,0.6645680881844529,0.2320543216907468
1040,34.5350519749583,7.342857432010113,1.9646791601664746,0.5594846377635744
917,26.701386519235886,9.287952810310507,2.392171899619722,0.35674519852231346
885,18.95804319899717,16.41030842857112,2.2537238246067397,0.24020152585394983
2752,17.013749111701543,44.59849563878027,0.28738055618416525,0.8955522860141045
21,31.041631638709642,18.413011911504025,0.9238810516820526,0.38315580876261346
4569,44.54976873221324,36.21813532816092,0.9108068929939994,0.2827871624713978
3191,24.808796305055765,4.13737519449357,0.30574066589882654,0.931720396608368
2353,41.23615820384601,29.55493996359963,0.24531513336706862,0.1973463964561254
4799,20.107819092198376,24.094561563521978,0.9622253374229541,0.7455047847165227
686,5.119723139658827,48.89789734772523,2.480178876241278,0.6527471444642627
284,3.0752868229319272,42.310388493948146,1.422356627665688,0.9204844283722855
4811,2.5667185661838787,22.741488621932486,1.5544540715106405,0.8320471375672782
3747,19.007507097883497,38.75713820226694,1.177547275046706,0.7052952179396415
762,16.861887541792104,9.651937064688877,1.655826380760057,0.31457166069709563
2428,35.896851181128476,28.116816369588904,2.3916552018619237,0.4955690112705492
2507,37.14107507924329,3.730952778435409,1.4717448840359795,0.9444957613471798
28,2.5426984416869916,17.404451612584154,0.16259614930298316,0.023202630581493522
906,11.056163144450748,11.293109081108515,1.2322264229204967,0.794331823820039
3104,13.713092507944985,35.94549076626055,2.481878183129878,0.25181035045387934
3999,27.38059920714047,24.50453456071807,0.9685068014856582,0.1850169432937917
2994,7.225761195347513,37.553523942400524,1.4847030930361804,0.23222461442231956
2506,6.6970609700000185,25.76477188157228,0.2665919085720425,0.05975099149684715
4665,47.1894444603979,4.324222107581926,0.35295124684141727,0.9919798242861678
3609,40.21014536488905,36.76838248662634,2.1867036328849063,0.869869143225145
3553,9.032745104558515,41.66146319939028,0.7508615706290287,0.5210559686322274
1453,20.32839039527455,45.17656129563963,0.7636281833864824,0.7151031785570919
4833,17.781099962878276,28.599597265335408,0.9680324900058204,0.5565953629235076
3356,39.55020370327036,37.67926794997475,2.4161966822613063,0.8115789444508323
515,25.510645823906103,37.602216844131355,0.21097624009219107,0.8447651915570114
38,6.392486849673351,7.787487989947217,2.0469102563783372,0.23279042815320128
3342,36.94960315781219,8.211034372978537,0.8538946911649661,0.45974777065024575
886,19.844398911245946,3.544275290456306,2.123670064963687,0.634847734189571
2844,13.146212381607352,15.995681757015074,2.479389123761356,0.978440830608275
2204,18.774931101036007,23.675429387053228,0.8716685255293697,0.6826893790961647
1098,24.88782818034482,49.894892637710846,0.3233909155308881,0.8976350107441573
1823,17.155775820850472,21.549667103408478,0.36093874495732065,0.8461120509870876
3201,12.095288629587891,36.312129425368546,1.8968522273729649,0.5820630636785641
3155,19.92510144019902,34.66985131362673,0.3623038808453413,0.893655360061889
3093,0.9586455374949121,10.22409751252898,0.6510539213365916,0.3774217278252344
3530,38.624892304815695,2.9253575724718206,0.5109958591551994,0.3792835304483114
3778,8.54724467837929,27.30033757667937,0.8891964100774563,0.7809656432426689
2896,2.1952306815318625,35.015279615723806,0.1859164378742187,0.13454366563501097
3453,32.68493464525396,49.9125895093128,2.141856206018145,0.30582521745841895
3511,38.69680644118361,17.930552614058538,2.1503657795024838,0.6085724508733423
988,40.69145657964216,44.81822810405484,1.0323322462067244,0.4200655988669486
4116,24.675459133029996,19.09662279345932,1.5302189225586882,0.9407237098882285
4964,10.268409234499265,34.47058542152564,1.6048789272607618,0.9585060696191365
4026,36.86138386249134,29.912646525852598,1.8731452883648219,0.5025813088137892
4179,34.985653857716855,2.648939665129846,1.3017252188601278,0.5390618903656813
1682,12.313536705158661,3.919421348512925,1.275840113604215,0.7246270918237712
4665,45.170387793139646,1.0382044862230488,1.578259443320527,0.4572649252341735
3963,5.21857290414145,18.541704229699473,1.757620989174694,0.1900984679404768
933,49.13441197956628,37.290052438300535,0.8667259425731294,0.7469691686229307
3598,43.01239054887323,8.637769699536136,0.8259261831720377,0.7377858893529983
3233,34.394932273953756,30.29264841919479,0.674296010239773,0.24498110339177948
1980,46.937494413991644,14.441389001553894,1.3721163882818712,0.8329165197810076
1855,36.11555841618539,39.8496311989536,0.9003892238894309,0.6136491964201608
3056,9.522849851502297,39.91980745014955,1.3507831692690797,0.23630161031536545
792,22.107806905640587,38.770725748321176,1.014961914567304,0.6520391441687042
791,3.5751512165817676,26.24167569006884,2.091835456381652,0.23360952629056075
1809,19.48287111440577,14.228335503992584,0.18282559936365184,0.2652329540800178
2255,37.08015098686043,40.47220219393173,1.4305264840116867,0.8480093068031561
3610,19.322167546540868,9.305028096962076,1.4390593764679944,0.9294915692398189
1607,16.514708773406706,14.487980101432802,0.9592932763467497,0.2568826583582111
984,29.767786125515595,9.19738530803108,1.0525522364078579,0.9280510370851858
3676,43.61022644994475,33.71050801938239,2.0003284022073213,0.2387988465023535
3380,2.3791596273056212,34.3118014057909,0.701684275650837,0.11726736554258566
519,19.27352173498677,32.625499639337654,2.1785094785654073,0.05822387807126117
590,7.912037090763135,20.78007334323339,2.2408582603367333,0.2421132408326333
1050,34.76771253659348,5.008550360071662,1.6265482610054898,0.3852465406772353
3633,5.286228021556743,45.55847922575106,1.932144284270246,0.9275483801093047
4444,33.24038792901223,25.38654820061191,1.532368820886221,0.2421579997060287
959,14.309043539895367,20.348609745554576,1.3131477843664792,0.36546534495089333
692,9.945840686861235,29.44124466241466,2.416694385625574,0.734155874743572
3899,46.817627891249266,9.63952179095529,0.7066374105686604,0.3020740879872815
4473,0.9262288372977934,6.627438955243719,0.3853773666077803,0.6843681516795805
2946,21.888863594478448,20.276261072897178,0.7187134078562882,0.4320778192485024
526,1.081349623089689,11.361034704995527,1.5365640209486129,0.19644495265917228
3224,24.17965240521645,12.214514726858228,0.4629585952528592,0.7340589009691361
2253,25.05236888972091,44.625574388926466,2.2720351080657855,0.02703883335668411
3344,16.08312356973735,26.537958859291244,1.0275610016634817,0.2923348250729789
3965,6.608088876251184,24.173453216167555,2.124907195729609,0.3561815391683787
1875,18.819376886723767,34.47397968642987,0.6230913613220418,0.458218254987636
1763,33.6131469966283,47.57740568383698,0.7829208877068689,0.6798692319761394
520,39.119790432222956,5.609928223528204,0.14805849293124146,0.45940499418603686
1016,26.537530119407116,41.67672835546286,0.6444192304639349,0.5943241122862163
116,29.49171972198778,29.200958993392295,1.2257845474082534,0.5957790784178173
2433,10.030818556232635,7.3082676905918635,2.3653422943081055,0.3732716498960077
583,14.366516661382473,14.857465934449582,0.9722574347287455,0.9339712657546985
394,8.09478050261792,24.118070823236977,1.5993596987083647,0.9558538308764427
3788,12.464767500230566,34.55885722887115,1.0692752936719698,0.5818508840944658
2768,11.244339011276589,12.130350847672611,0.11697962691985309,0.07169088029543191
4167,25.97243931956188,26.743940773379492,1.2588315647417567,0.49112756425593573
3860,28.13443778953647,34.23358137079309,0.16478411675980215,0.1844193267940072
273,47.247371041075226,22.43703754237531,2.20924981149384,0.4832145218729037
2013,9.778532355076152,43.15129805600879,1.8825924048772849,0.1884831544985418
4433,32.0837855080748,43.47295514202022,0.9466286781309154,0.7038552456488844
1389,40.862963449376146,23.534560882022287,1.6005466654782243,0.08042912006634251
3566,28.012073189152627,48.646285520444984,0.28007038828333025,0.9533040763959241
4702,12.750182625053785,3.7792546202723654,1.756387467406627,0.1953758894333527
165,13.127511501000011,0.16811891614683105,2.056831022478674,0.6606563360492455
1567,1.9626526535499955,19.03341319019595,2.054364121345586,0.9169623507294894
728,15.272211327424085,30.054853068625466,0.7106938692266396,0.24788631398406247
2043,37.23018395016901,31.460007872483043,0.6593654881920665,0.93429689903713
4197,2.375887860355519,23.82228681469143,1.303494219756696,0.38867466566027264
3496,10.964764125241533,6.244165662032309,2.419430404824621,0.96053081725259
778,35.3116249265891,8.524876089394711,2.301307444015213,0.9713638581345255
213,39.13257814114383,42.60739919260046,0.8990962043899544,0.18807990506923977
3762,22.76592050309642,43.39555658696306,1.9495737654576104,0.8310873369310544
1576,34.90371692393244,33.69492689303601,2.3032944102286432,0.1934210128335503
2448,19.3976084327446,33.21089861394412,0.6523161642940125,0.2264406203310816
2936,7.995662251206376,29.884106401390376,2.0757391240073493,0.08412650402339827
3117,19.907474676145327,10.146294285099412,0.6697390672729414,0.15653694649817795
591,28.998391010157142,21.41253501299516,0.8582053147180266,0.6322189682471079
2720,47.402664092644514,34.794732573168936,0.4970517271268854,0.44925273005178645
713,3.437547604433866,26.862613600166934,1.2676994976817837,0.7909442371688351
935,25.36970469224803,0.929016702754959,2.108277235653103,0.33199681482662213
4337,16.44598891053622,47.67784033600492,1.3201303435887808,0.9686245673010588
1,25.415584713834726,42.24080262860717,0.30860002423274385,0.049872540819374644
2848,1.198772368826584,13.027250705486892,0.629439830567925,0.06293595440244149
4044,15.651267735079067,30.822946758314806,1.4071546682033473,0.7013748988181361
1949,40.99340737635025,46.16196918640939,1.4579686389264004,0.8875388849728597
917,27.697086692731876,4.800550605682568,1.4422647588621746,0.7955001916341494
3174,22.52912464080587,25.15147403983503,0.1925087312655399,0.4898170878669137
2241,14.276253585766979,22.812151292314724,1.8842397315868855,0.26964136130502003
89,14.902126139567795,20.510250264176616,2.2735704974725164,0.013451529304714938
1709,19.15507167952922,41.77943044464625,1.27629736932475,0.5094514539197756
2169,41.77853549822802,19.03230733487287,1.797073216929657,0.47563619730927653
4238,48.36066034041342,3.18316666205038,2.285038730091378,0.34424589947023987
3041,21.932769067518727,3.291887108215125,1.6065568873700398,0.578072787972485
105,19.66764193738809,2.1372303262304495,1.6858143110776278,0.7288146973812732
886,42.32753879099314,20.457271093701863,1.8035110334598863,0.7008882362282425
427,21.34526603181518,35.920313884917995,0.6512561286351628,0.2632528417842155
1895,27.60090861478256,10.186123096525773,1.4566946867920685,0.5853036886145931
316,11.547083229937222,32.323426021577475,2.105437786361141,0.1487744785839984
634,37.17512678895376,34.35442360518521,0.7404068256518768,0.1216018438883546
1925,26.599415913539094,12.760106200779898,2.2429262489921507,0.7858558362591179
2056,40.45172751201708,30.027882803031464,1.55095487441408,0.6937459020955359
3144,39.036636501433485,34.243417001342365,1.0579371285826404,0.7679289006316287
2270,10.750238413501428,23.330681140106286,1.5579574035007324,0.15246227420422087
1439,35.78177752788812,16.835829864004754,1.004649764222691,0.9146185893704599
552,40.00272039756857,30.957577578716368,2.0950890046204367,0.13311161322235876
715,17.305362039119753,48.89235436640285,1.2057964501689926,0.8700369681977288
3911,8.630455645113727,21.342070468448902,2.2530333993858416,0.35237929130593126
1713,0.131607778979409,19.586754814256054,1.2745202021195663,0.10543409303413931
3389,22.54518265465741,23.213345121305668,1.650920974093468,0.2867689605655259
1107,17.62163657694208,3.810919672252411,2.4943610525171263,0.181448014213883
4206,27.745491691270445,27.6581639835695,0.3674146025213529,0.49066971869171416
250,9.402054629439288,16.434869360863182,1.8418228718335141,0.9497453480397686
2430,42.98327738332376,6.071106116563124,0.3471805697898339,0.3278711615825185
2054,12.887760781405483,23.31283705586867,2.0971659144109904,0.6120989856821137
458,11.321480254382498,0.16919932869887133,1.491133452905029,0.8917208757399636
207,24.035702824217797,20.089262258137946,2.3453989015161483,0.630073929696232
899,24.942551187213713,5.286763396322525,2.1648915048621706,0.36219914086976435
3461,10.754261439254641,1.2146351699890146,0.18718009367205857,0.9908391271758792
3385,13.59303633629579,41.2237523122251,0.3432563541971523,0.18741360144053365
21,8.485261957762248,45.81244016413174,1.5029273215170629,0.523256014895508
409,35.92300891615834,10.383732417955333,1.295786599855187,0.7967054987367973
894,38.5044515627041,26.964913191713062,0.42141282653361145,0.0006488695772243203
514,23.11642487296413,13.897907856549246,0.3233980706791245,0.702043252142437
4904,35.70435113425087,24.67887193360911,1.409976958604033,0.2664988967059386
4969,36.796769596872274,21.831566044708012,0.1223038699374987,0.16972672269187716
4109,6.91377638389043,13.452552754024282,2.1843382573835974,0.27419446336829145
2134,48.308901241726836,35.01967898176488,2.0177072995065513,0.9668164258397841
3595,41.05159735482155,6.3245479660127115,1.9634249292777235,0.8919352592396855
2956,10.224173059791175,2.653639108568356,0.039992867601852666,0.2137544564637025
1560,9.308251787303512,38.38377165186396,0.11910235853184487,0.11702677311844456
1266,6.283057278979137,33.29650156103399,1.3745978028768215,0.3641526045144676
2169,6.918928127095919,24.926306207319897,2.486064222235444,0.5923364801000734
3638,37.40808995143481,23.38948852362708,0.8557905024283794,0.8671446285811206
749,23.482712847581176,24.87056897457131,0.8609370410133599,0.9660901250400777
3427,39.14670863699336,21.851203804933643,0.33569491715495836,0.7511533681730987
4780,37.31274471751027,19.644614791558958,1.6858395093487535,0.5990072127016558
1927,30.23063567526108,24.984530144306017,1.6166917224850141,0.14233202613101692
3804,34.318330328933975,26.425758557988022,0.25330604094789766,0.07402837637331106
3702,0.9177862189570896,34.59511570418105,1.168530717670878,0.5960268785292011
2356,15.588882340251098,35.56035803670113,1.6676872720549358,0.5390641057669271
4790,31.89110896297051,18.881454007007232,1.2337903408048176,0.8460881077341021
2335,0.46724767431221004,20.677026137174437,1.6859089546618888,0.32260585085510385
306,1.6488471841296704,18.68485848681115,2.0406759935787244,0.03969085734981015
3665,42.59439912351916,26.826788681285517,1.714538582804419,0.4237082690910332
1989,34.20124308460359,22.667676895709764,1.5402855895763095,0.9691823039377393
661,13.268486656017197,44.47982315680968,2.133975642361233,0.795574904936523
4644,34.39814200593545,34.81806334582363,2.2514714196744703,0.03377217364227314
311,39.622833456963164,44.93281918772228,0.9722160929395105,0.8746789038981754
2920,15.339714155505064,35.456849577971276,0.43312471930971486,0.4716894896213174
1082,1.8018688749593725,48.549607426190704,2.0446510100201265,0.3647680318179558
2971,46.638956234386725,31.786838912763454,0.5343827682487079,0.34673954080279157
754,17.258991914781525,48.177506908152736,2.3223766743727143,0.5951442530388644
4130,5.324088164235318,7.908494520471304,0.05719486305475863,0.5305994184407625
4540,24.59284356965737,2.6238840414701925,2.3031779565482586,0.656627244168263
352,38.42338978320669,28.95625926019296,1.472957481530157,0.5736414650400466
902,11.082365730877958,49.17466028998874,1.9368552912822035,0.14394457484171852
3888,13.474502506668168,20.88026236511984,0.9962314676610112,0.2572360087583182
158,12.13574933992916,10.60216810964798,2.4792907297722,0.8410295721018342
1977,49.58365264158391,26.077072459675698,0.5688785689157261,0.6632585146956299
956,9.870186686527127,32.43993122894443,0.6608591565954369,0.4484006254147411
2071,28.7760108483062,15.758934775794447,0.12858111009368234,0.18260143183386535
403,46.26323208284822,35.738467924962976,2.3511834076535956,0.007691035977311911
4611,7.344828443888963,48.75572535228629,1.1400732589966902,0.3118874031886181
2779,48.54270989338501,44.848156085530846,1.687131036798373,0.054846956926668744
1387,47.37386171978123,14.579268675609763,1.7186018186571017,0.4822841330874551
3453,44.22859935291313,16.336184157229916,2.186255230706694,0.8218014527582085
955,10.727826066500112,18.57706122247943,1.6623131266160232,0.2853986613822973
1712,31.702752800549167,19.727638919682267,1.405052955760468,0.8477541615550496
4703,38.044573648062006,5.015974959663971,1.7757963104776089,0.7045643960865894
1273,49.301396409821486,38.098141944464466,1.8774269975078162,0.12526232935486536
3811,9.02119110406852,18.266963180535022,0.4648198656212049,0.6445618912695833
2625,38.30129497596482,43.99099883527261,0.2741675974418825,0.1516798073055432
2382,16.940058496355647,46.347031156005436,0.18712212621390778,0.6547909202749187
1441,8.781323278400116,1.2215654653844055,0.9351337363063417,0.1427144847281061
2979,21.068847060692747,49.42515349641031,1.2450005995943632,0.392511366015566
1797,39.69179560743082,35.50113657500923,1.539124745724652,0.5665942702381936
4390,23.24249018520261,26.019611299648115,2.395086299224025,0.05037417142394174
4009,26.876155010152424,19.476380418627663,0.8269695505175156,0.15330834485452738
4850,49.75797051000606,25.925906630485645,1.902185130193186,0.32040882505224644
1394,19.9554649778713,16.231236198922222,1.3283940489872124,0.46232008577186134
4281,30.77003773546199,31.134390684827412,0.5502248302172921,0.8584872939214344
1269,18.262210080768593,4.649013822239562,1.5382635728218976,0.18727308835398215
4732,19.639282316435246,31.05613014559051,2.417940445724259,0.34747095050252563
3714,34.782037672270405,13.767242506922205,0.310770748128181,0.4757762362801806
529,46.894348804744176,0.8817414526173184,1.2681994113730723,0.29577855598936875
3623,27.11794752461607,27.635288308143878,0.12902088537632056,0.6257477787208708
2958,38.41999644743899,28.92238779263482,0.8030407472409057,0.2566024347759701
2914,4.460327940848191,21.328450235576803,1.5515066939849782,0.7723504211132434
4889,10.557901871596348,3.6143116275158427,2.1026423400768866,0.5051540948511833
3591,25.106582045976623,44.66714764020958,1.8258210543151776,0.0863048834611102
2147,1.0005861814387396,30.571540361394444,1.1571419455386847,0.6269988952319576
4573,12.64274893812794,5.785664978448479,2.2730568927603665,0.5692435037987573
3369,25.870064491248307,25.546528829707384,0.7567866625594266,0.3385973542066727
939,0.7480599128150356,24.862715797423572,1.884958525562916,0.011157078389021358
525,13.227314311302084,3.020093439646349,1.1850225543691562,0.20070154217437253
1,25.701540973793474,30.342985180147373,2.246589386681939,0.40570952888235257
374,28.657462399062283,40.416319946078225,1.9935820541344005,0.19991403379329742
2340,46.287584652765275,37.45040271242391,2.253674153267738,0.5774911209396778
4005,32.267281162530395,10.148470708209167,0.5356196223551835,0.7123248939262568
3052,20.736790126499688,43.11462647771057,1.6703760802905199,0.8560176567508356
4648,46.51755885665339,17.127108282967544,1.8461585202041,0.6469826186837487
2365,39.244149169389715,47.325418914597066,1.8560356632064843,0.6890092212548127
1525,10.00044605563738,3.587398211285686,1.260001126168344,0.6084418652305245
4476,6.542118067440988,24.310434425992135,0.02812630586988135,0.9854860576127037
1646,33.790581787136645,29.856218858877458,0.6535769596726873,0.2610005690799082
13,27.99415827884919,12.382504923730236,0.8082521875109527,0.26625868051275836
4599,39.48368068963779,38.569009436011385,2.130091543204404,0.12633364142185965
2278,36.940252503934325,31.344783990535852,2.1022145427605508,0.48568432586953236
3155,31.260576692875752,0.9054718643977777,0.2617002600944582,0.09616170363092191
129,49.31910858144461,30.418429534811793,2.3745897044281437,0.2701465968981037
3814,26.679486505520433,24.57391172092232,0.45614371662872744,0.48268092877139157
4933,5.655287825085992,9.801460085175384,1.0358986282523028,0.9575956159300173
3216,41.41367824079942,49.78741135297648,0.5378924152768885,0.9638129938401674
2938,12.592668117285449,44.858109741380744,2.1508311720733935,0.7437402341365558
3928,38.865107407195914,14.625384751453174,1.8735050796482797,0.3892501615756849
2040,47.85535480000257,27.053546039930815,0.8838220172195099,0.8651612733765461
27,34.83977569821706,15.825106995514538,1.7046965650651384,0.8754558019076403
2113,29.801508047490056,38.774787581803906,0.46091721042885586,0.9101973807965523
1252,23.01930878375203,46.51657165982275,0.9557427309400041,0.640025048215213
4356,18.220493299770162,17.941430345719176,0.9427689708452704,0.20179279560788044
2046,17.650237548591814,40.27921245718137,0.5948417043034946,0.09108077277068172
4555,31.81863528547953,24.920377135660242,2.1907801239572064,0.91477550404013
4023,37.56365584688729,19.828928065578864,1.6971143386978156,0.05554610812160299
4396,33.925853474220716,46.921092604938494,0.6998482764094982,0.29589005943799485
3374,9.920505059678137,25.520234435951572,0.6053019015725933,0.4869617670377371
3466,24.69935900717456,23.370525012873244,0.04488367749809763,0.02197669287347581
3081,39.58200360915315,33.62172009811715,0.8664556344808866,0.9069122586782439
3778,23.78520390945281,13.061710050914222,1.3169282082882954,0.28712099487223497
629,26.83116398677469,16.239643539415788,0.6942773547709411,0.028504798920575225
269,38.55680240854111,46.60229181193113,1.751145691074425,0.9935899972265184
2639,33.063265313254576,33.92649227184712,1.0293738225281657,0.3113931808175153
1993,20.46724604411963,41.33185738855028,0.7907945925266696,0.8767649074853728
2891,44.770635559710946,13.555588096771482,2.347644146975828,0.4534744539208809
4957,8.12835343317393,27.189509496493603,0.6570021932203476,0.663125901054999
3432,49.77582242951624,48.56981334947491,0.9956440502416408,0.24109014953735475
1280,5.94262892381186,15.93519495141088,0.9557269713019299,0.502875326977022
2360,0.7474985552119451,8.023823815852094,0.6029958641781208,0.257651192425027
575,44.50094505743824,25.544300411233202,0.5436918495260418,0.9510838812651036
1307,12.247675418297804,19.39105443624381,0.755950047033509,0.06094541241624629
3192,36.484981372336044,7.978861639335677,2.1605904248279524,0.2746739275048474
3178,40.55076874660347,44.4275691351684,1.9177072180732262,0.8931088765498787
2734,42.94931955160584,49.53619552768889,1.7024987854001306,0.4800359575072838
2212,49.57971178320834,28.429109034499888,1.1427574816062336,0.60008411190417
2352,14.701985501999953,38.7338384186727,1.2693849615815087,0.6516933714956425
3568,35.51216709636296,42.951918477314976,0.6678471137336508,0.07092751177356338
1655,5.769992914041411,35.04910030109134,0.18578978458979406,0.01773874090858507
1579,20.34046456784247,2.2078024555865605,0.8276013918012057,0.9378410517113066
2203,42.39858466562952,7.88171158584089,1.2389593899809155,0.27150284529688073
1390,18.38290230295542,3.5494595575693233,0.1432826162983311,0.38031311043552884
1742,29.554769026780704,0.493980332102828,0.2205832551427661,0.6820931707235496
1925,25.188672186231702,15.299820437861827,0.6575630822114181,0.23630387707272127
619,32.297576555602255,19.617798024077988,0.917700933981904,0.7330713701675182
1274,48.644719469384746,12.051486616796286,0.983292027796763,0.45824218216326995
956,2.786776325070106,3.230232404316047,0.29471516572001283,0.8566098052873911
1939,28.698075875081486,26.49315454183388,0.564553386336972,0.2785406357654824
3953,43.15143896251424,13.665965997857082,0.6541181301590218,0.20382248046329854
2381,24.069135587421375,39.80185774317812,0.1690871905031155,0.831688353874872
968,3.926359297078641,0.4026310812640599,0.8152492514742432,0.3263260649928337
1316,28.026967620838544,42.12635256438052,0.18055393188876806,0.411868646000505
1043,16.60369454119102,47.737683947297846,1.7586446077741753,0.793707832687993
281,7.747089266896795,35.80675315767848,0.9651194163932761,0.635576537374575
2844,42.45172566417365,36.68220326312833,0.8168809734459368,0.44172589043226906
1058,26.07997564955608,46.67811558013666,0.31630542875901724,0.249890508904558
4293,46.66382061895333,10.453564265017457,0.5662591386122395,0.7642009688517643
2532,40.30082523015345,49.728278410428835,0.581763022347809,0.18043103449005704
3828,34.648589688683366,38.67406016892709,2.4630105371832576,0.9282796005864281
1008,0.2512751682655967,36.328535416389684,2.0883734487712333,0.15031606912299722
1229,21.3911728319125,18.054528949764638,0.03815572908357906,0.8049336919472961
1035,9.874314082601614,27.288874270280527,1.5420914769211993,0.4242488667281338
4585,45.53989555244339,32.69588941366735,0.6397752410548094,0.18600623293351204
275,8.729199233818013,31.017143065860797,0.2609423220489607,0.4023789382367712
2740,14.303002582964275,35.24923192387904,1.7639994077993868,0.22155181619993358
2289,25.84183838672496,4.119086953920531,0.3290138736708731,0.13599365083584736
1239,13.168180949903963,17.78242164158484,1.1093519488243393,0.23915539893055848
125,10.493233863956059,21.700000829773856,1.5804129120998107,0.8673984725382526
4065,29.95496625513762,13.031464893748323,1.3862368903874716,0.10594238747982421
4312,4.446476137751193,8.631363513461189,2.4440727457568574,0.9725395877678907
3868,2.9083879360462364,6.946373995643141,1.9643565328063064,0.004998453687676818
1208,18.61226475930357,18.319169612829256,1.9354834403187242,0.6582381543912431
3249,36.03322272539312,24.672085028128294,0.8889884852025781,0.856511984838086
918,27.7403379136974,3.1488220073330355,0.020988730210354245,0.9339576481267643
3923,21.143823423338944,47.32290472952748,1.8360273241767209,0.14398559345675455
4403,28.28757821122912,38.262166143037916,2.499330210739181,0.6982084964523401
1969,18.27257423266368,36.54258865927333,1.0146977693590389,0.1073492161556473
2793,46.80731677160564,8.643026249436348,2.4637962473927937,0.3526114938744336
891,2.7452445455387164,30.19003840060945,0.35427027383586607,0.7319263575069936
4470,33.66957395149176,26.486247340433373,0.7412808790917935,0.3459732261630669
2033,44.56413324138752,49.12344228933469,0.42681732935617667,0.3133747282810678
1364,40.19423543676267,37.383588504007896,1.1879399323170394,0.1160546188024082
128,9.202051741072337,28.78809418581156,1.992453503768051,0.066438094328088
1014,14.796317449014417,42.540633323506114,0.8516542288448847,0.11527799128175709
1799,35.85239693535524,7.754713543035474,2.2655723428796786,0.8754747749452244
4612,4.213527959038277,0.7608264845488599,1.3620760333244628,0.01119852538092525
1518,40.593084991629205,34.51166667072616,1.1635610343546932,0.6928658695352891
4181,35.94534723023951,4.9155730118618735,1.967589605488191,0.7686242298882978
1198,36.48033246176713,5.77168199917546,0.2536087426044614,0.5678883041274289
3873,5.012068513379569,37.234036321226526,1.9343811780266869,0.7307753611831486
2474,35.888027240811546,13.526742206699454,0.6073800004320667,0.6522696690251003
3485,33.9909062609985,31.431560778444645,0.7020313679580938,0.45555848909469265
4049,41.546124541092524,45.87034630463742,1.4986344333001997,0.3827104278762671
3719,2.0797978128234753,15.823726581892917,2.254836062615513,0.9413319884051735
302,1.1555334233896097,10.857207891995941,1.446017374427162,0.971937992570468
3952,18.650354993928037,5.328144187052586,1.6223733719862174,0.6512714036250297
4683,7.439414192457644,6.523118070986306,1.9414864740131854,0.19729883989847175
986,27.919223878511097,3.1111347689421365,0.6483118974812169,0.4478991624377875
1863,45.86744507533744,4.382118941487007,2.0680841820103564,0.49653749008260706
4440,19.573986516700785,21.600229440457696,1.0449003726678743,0.7579700524606616
4909,42.247518863630205,16.043252251198485,0.43913923372790625,0.6677771313223193
3072,0.012043725893323698,35.3280407161499,0.8752951986528124,0.5148144294278951
3124,8.425732172959211,43.512082912350095,0.6153277792955634,0.680364557787157
1327,1.521176982704281,39.23866015711921,0.5717840128391147,0.02405684673377395
2408,16.407359025753433,26.53186283328261,0.7064079967979153,0.7766353218843638
3673,45.40947978482514,5.122105811632672,0.45232703685522374,0.2116322340069443
3291,4.847606179949388,35.48836419707768,1.6692543927066072,0.6564091395611491
4033,30.32048883719002,18.14143623634368,1.4499793925877928,0.11397325213700915
703,22.57479695597221,4.282519695770509,1.6211047324585712,0.11446083592470147
574,46.923410618290625,42.12332036063128,0.8593118095704011,0.035657643836702
3232,6.125957126854692,16.91082585912528,1.9243335064351108,0.9102328101535118
4783,10.601392525111446,10.912441625578568,0.32402185238541187,0.604558757691812
2632,1.4770984305746637,43.57260323094216,1.4278417736534004,0.3619619362291483
3828,21.696762481568687,45.10669342235025,0.6886324306161848,0.7877777410193088
3230,13.891644978232714,16.948541859577993,1.3190247517440286,0.6260822006246655
488,43.49529669451604,17.74007096406867,0.8090929381005979,0.6200805179129404
1347,30.24704065988775,28.981426379157206,1.9762794127282381,0.4870427943630068
3681,30.704536898785083,36.67207469053291,2.2281795970952363,0.007926778668208678
3173,26.59553484406512,3.157460095343173,1.8564530584290782,0.25846250642493984
4589,4.59251686146005,29.667182859423587,0.43895928212311697,0.10907669460008296
1667,22.250934186267763,47.64100308917908,0.6871672459709057,0.662409852352776
1637,49.97525948542582,13.104694858997684,2.2983951637960396,0.24862082178699774
4114,41.76146454230074,45.44136070484669,1.0930503191455032,0.450166664051207
3553,44.672952708355794,47.50841703815468,2.352951023373167,0.3534302982898829
1000,41.16131796232497,13.457682048554487,0.9811292221556669,0.14319873792536397
850,5.152084671549134,37.71009329426753,2.3794366514766594,0.9583702328827193
1388,11.37241270323998,11.938750415978,2.3143474693333275,0.9334193116272159
3712,0.15608256782048135,36.880558086606634,1.6513172249665407,0.08460818603664055
1367,15.175506243905573,39.870998564441294,0.0220676211537571,0.8273653535279964
821,5.430370117324629,12.360285185532472,1.0008367049398423,0.48837368271637316
454,23.63966726507915,35.79347717916175,2.2780878242389897,0.7737358845808513
1624,33.8563744286951,40.60522694320449,2.212775722770287,0.15115713091376692
2772,43.72526475190385,17.928943605345587,0.46846950024028416,0.1322741377775437
3726,37.46085825454491,8.385138799486347,0.9979562399227565,0.8907575008952041
3147,46.92927978892526,4.598228365875679,2.088774819698679,0.8978194918410608
4089,2.6949145196894397,28.769085180497093,1.444694633125136,0.4659121627536088
4806,0.608991770827072,48.90490596578566,2.1182480836155015,0.870157797614898
2190,33.06690569181063,41.14751600111081,2.0664184611214074,0.6674589515036302
916,14.467620511112312,21.79198194672764,2.268705017381208,0.185009742610992
3986,12.675050805288656,26.83104514274793,0.29305147048645425,0.3289542646821487
2875,16.544354384689715,13.976394270590948,0.36303785363378915,0.1360606505086699
1440,13.489802894618208,8.153293368003178,0.20702257242263128,0.7739486689309331
4400,25.571820315079364,24.104057911613662,2.338172102738579,0.9852507246957497
735,22.007422361206626,23.17507830835926,1.1879059609447329,0.5463783265660116
3568,25.621427568832818,26.09649764018801,0.16081320870612037,0.6558644141148927
3338,33.63568057502181,47.64022927819704,0.8038247562851031,0.7460925681336367
3015,19.356525448557417,30.194765007238612,0.878531602824917,0.2242591024304904
2889,12.56538435710784,30.288591831118687,2.0238995586918933,0.3360012476334342
961,8.310026840437274,6.401238143053839,1.8386922304273075,0.4123212113242347
2989,17.473705976631276,49.82444330884102,1.7234676239064226,0.5945883121454721
3848,37.0903237623086,38.64224721173343,0.05465888147844683,0.8504925781487757
1026,37.835245505573475,43.86016720470024,2.276739491065947,0.2542035445899061
3865,33.34526933421051,20.715020591549703,0.538888167289354,0.47088880072778894
2863,11.701408765343729,25.106404789281246,1.5726535117316944,0.7515339112047117
2501,29.404312292734886,26.104190458113823,0.1545476075285479,0.0873849995046243
1947,28.5344830788424,9.704726964480258,0.20381522968013627,0.5128934583261785
1177,24.213309905486273,34.47445781634786,0.02394324032530537,0.14437970336572503
4760,27.498949319193212,45.148836180872834,1.4148191113633266,0.5391488967273493
11,24.589531631183405,8.185290906920951,1.5734491740422618,0.7678227613154368
4399,28.27281830370541,4.315913674308225,0.1261557580830719,0.23694741104493977
3364,35.77529773105644,36.91094527701711,0.7262122119100972,0.8494784454847049
3022,5.481409720171987,13.660091583649104,2.1286360354450418,0.33480411008175004
3371,37.481287607451186,31.193127080866468,0.25327091705728527,0.19078486355777013
2830,6.79430750637971,34.78791689960904,0.5413679113833281,0.4653233950708521
42,3.3313999205187352,16.09553817909109,1.0609780211810675,0.8760750821052052
943,48.80398431107338,40.75722987128922,2.10568525658279,0.06893306117410292
2390,47.84958844352207,27.499449105710845,0.6371226361880106,0.32757146621664535
2545,3.0218272470282024,43.449970397590135,2.4928425384083552,0.6531631689691132
2411,22.16267207374811,38.16467762794738,0.8881545328463208,0.3575808686955855
4986,9.312246914988737,43.42878160187269,0.9661216462090577,0.07082399473261558
1004,24.267244856720904,1.0080691058947044,0.3052655105769858,0.33199896878047375
20,41.50886214997937,12.175313036929737,1.700494752141327,0.8209593861365303
406,47.53058873714451,4.500397022296932,0.608662956961204,0.968037522505026
1014,31.712632672576866,22.10415085946746,1.5721689882376157,0.0397791973977184
4431,17.695283360590853,44.49800608076591,0.5578943210073164,0.5692838176350693
1838,30.166278282229918,23.37701311334346,0.9696806680661698,0.10530343302684808
3188,15.600065305422516,42.485652229019706,2.1416802298860436,0.6803965291560059
714,45.49118204160302,16.358911900965893,1.847264778685175,0.007892226008050951
4146,43.520023155291845,16.97850364026262,0.3864772498593086,0.014741625707373252
3854,27.91158751398305,44.778086516343876,1.5192704184352535,0.776879826430574
4419,16.23994576901803,21.290857325585076,1.5716016291845234,0.0744353226972978
4884,14.669483779148917,39.48827438973332,0.2264211837546526,0.3051816742870642
140,1.670899735252973,11.832177394095067,1.1645141358398394,0.9580404241038311
4565,40.79104255126476,47.44004148388177,0.6516709891690198,0.9852471174474713
4882,22.519160651950397,28.728912326528555,1.1678253569087074,0.16140286188606678
963,16.256646420013222,37.966178428920095,1.9426774783071876,0.5609019214358502
372,23.555517749887695,4.475784989744275,0.39564889952579924,0.5591488284902999
3635,40.9368995227326,24.633211291526436,0.30826051397010945,0.4523806905326133
2541,6.230710385376059,45.05192488670116,0.6732912377644323,0.9247001582639957
3610,42.882799412091366,43.851931452165225,2.380688625866458,0.7540339091241604
1692,44.8754417554177,2.3406978617113774,1.869560527962416,0.7645269356819439
105,47.335395751694406,15.184923456447336,0.04863965703636647,0.2695694317693431
1681,19.87439962113139,22.166000323954005,1.0025121062084417,0.43431977220163875
4097,10.857020201883593,8.613240717789411,0.643494947700963,0.4874236984754531
4016,18.682040923334924,36.49991554949852,1.5953614209304348,0.2989120412044165
2636,16.645604811570163,9.225599779935578,1.1482311338354827,0.09481777516205803
2137,8.807695625143003,17.331984718494308,2.411246312159852,0.12635922497221597
3416,30.363333505074397,33.164031842890914,0.5474461274605955,0.1806711281809218
4445,23.831208025431444,24.104467226223996,1.4696410399973516,0.20365333436494837
3530,43.28504961620018,36.92855193174469,1.7505250374755565,0.24226180921054408
1286,1.6054790241029127,48.060395061142984,2.063911223363454,0.2554600289634944
3179,32.193396377756315,5.827334385759874,1.0174275760700178,0.4557163454875359
3654,38.14744392557806,35.478385819903046,1.7173047691437038,0.5095731908260412
2359,37.974328459415354,11.517207781605727,0.7580036784607069,0.30887920812635594
444,44.30369835477626,20.72383637037846,1.0886902309045507,0.9072964199207282
35,36.4516871414747,1.6431362897569912,2.239067828008498,0.5531397233389546
1475,46.39050308238482,6.795369114634947,2.374769023327386,0.7874769280334067
3957,16.632829991044574,15.988864452444984,1.7970433673181618,0.9242378324208433
1798,25.160470837577154,17.099290264399247,0.9358797269404626,0.1631351145758052
1845,0.7039831641445338,44.97926082310479,2.05014447493666,0.4278744837156345
1408,0.34787936516456064,37.09064546332576,0.06466770431355046,0.4332104017146088
1708,12.006331022575994,48.60914840935205,0.25686477634855265,0.3544722504383542
2938,5.040359856954263,29.953575516762026,1.6534343409384027,0.00890586655163994
1300,13.010568396787681,12.085686604565899,0.7281214381751435,0.815972107778095
1243,8.85216472641987,16.382751496082143,2.3784655460011943,0.1115593215539028
3976,1.426001241932412,15.991796164598354,1.0901515302307618,0.9954805979217589
3097,45.46520732030247,16.32471638316258,1.0734120509729426,0.7729584919111816
4616,0.41115656944457624,33.648208655590786,1.6951987754773281,0.5800100176065145
9,36.80410721685427,26.54039640452081,1.9189214057654742,0.15460641774159745
2425,7.607394345975827,19.271208904332216,1.1888968453128412,0.515392971393247
1660,45.61148109998,7.45448843643583,0.5350022542793104,0.2611087408578089
2631,44.63979697949429,1.1069581471072953,1.933271606814054,0.25232252454306947
4815,32.695057318462865,10.94173387938463,0.8008781871840689,0.8295292493824854
1072,33.611707490030255,5.373570198434063,0.437776923234644,0.38064442395943465
3225,0.26695709848442717,39.27225154261197,1.5791004748125332,0.4507238033908041
4954,49.2435783056801,5.624897890694269,0.226134167475876,0.8429647377801183
1316,43.89163017879072,36.21141186534181,2.428381687715137,0.08779062571884255
4145,44.7553112865046,19.28293448880413,1.5809931610303423,0.5946178530910495
3683,32.962226852543594,3.6689194871887985,2.4647388023043897,0.5782156813730378
3273,17.239346432726826,40.63650247157929,0.8472335586965901,0.4252145692666752
145,44.68243245452404,28.981528511830668,2.4280129029759947,0.829774641424093
3040,14.575846407559617,11.788075643178653,0.36390561932155896,0.9428900613356926
1462,28.135577167110142,44.7340587166334,0.10173693086757113,0.46533586191361076
4676,4.98654861719412,2.2629156935275727,0.0824601511365064,0.4561470509983997
1584,46.09778150663751,10.090980409888145,1.1621759264980678,0.5020637296707448
482,7.038522888560666,37.60234639029305,0.20751049369648694,0.7231240308330615
3179,11.244840286520363,35.46889651549446,1.2804197104190043,0.6680602906989623
1249,27.906707906410748,14.463584686223902,0.8187512587722512,0.22283494920688707
4768,38.204650010649075,3.101243767639156,0.839072481185289,0.06389534859934332
630,30.967565296814946,42.90390361124719,1.5890224913629245,0.9492541298167894
661,11.606695640007809,15.684881903495128,0.40774501537905045,0.2610697597337043
3503,0.04715212637451671,9.785670746413262,1.9163834258493275,0.6385966846905917
2852,37.85752901537196,25.803091118048854,1.4550772994465868,0.8284380027437224
2466,49.26036629555469,45.51135996412236,2.2873615721187774,0.3002767505471863
987,40.49565601530452,2.1773288921687675,0.9121016344188084,0.6354334136569287
1546,23.010330907830767,38.290204401544386,2.456787480167814,0.10790024114922492
649,45.18836306995533,28.623661396935447,1.439569116785058,0.9699314443756607
968,20.4923836559175,21.272455827590846,2.4335048904688343,0.058158275050625874
2637,26.246704212173377,37.204022205253004,0.06765163511778832,0.4381746738409763
1100,23.856488369784163,48.29122122208162,1.8199408060309699,0.5368192420600233
440,22.381193633276247,11.460310558134552,2.0415538107318407,0.790481778663364
769,38.75953846469529,7.182368253605981,0.13293321669121894,0.12112851707242123
1343,26.338445363474598,45.64408726113485,1.4474241600406144,0.44080797385517656
4358,15.835856101260804,33.44765387286518,2.004855733973621,0.29971156954345235
3729,12.907908382923916,21.899301078098297,1.4025968130576818,0.31201071569334005
3906,1.8873658483716693,28.662978513214156,0.1595339760136666,0.7787879160652509
1577,29.1597580941523,37.2806952588122,1.7336181022457786,0.005460945031833142
4008,11.49807077005171,38.65159493528586,0.15149228668327158,0.7490836413359663
3351,7.406696100819154,45.99470904094823,2.043672237541096,0.8103984301231062
4795,32.691498191383886,21.342139444781132,0.10758545826673599,0.901362243842069
2349,34.06046289107744,14.67054550096975,0.343493452525927,0.6268818032304835
3602,37.607744612883295,31.983213339492096,0.6877689763081712,0.3334553282722412
1241,25.178844816929573,20.78639496397652,1.583411980652,0.4272347325488707
1125,44.70273026019433,29.729922697448895,2.440897749078265,0.9697360822874292
2601,46.81713766991139,20.99928992279751,0.29455713154983604,0.8811868264358522
1190,40.36854698962447,7.649789333908724,0.35676917303479605,0.463525909099442
4131,31.77967410040936,23.47133758294792,0.9221759917524508,0.9430630071109224
4839,15.186047679559433,34.54589109705164,2.0905478443883005,0.822954875406459
4448,49.14724608101106,39.964190383382494,1.1680773818770354,0.9010898616597948
72,13.706808359596916,24.666313839827342,0.8040265006395542,0.682977234575921
1914,10.132846099521553,8.261894510520046,1.4030095805221532,0.857654043461995
2472,22.107705689329137,20.73438548247158,0.6513079936143751,0.8917661413343257
3046,2.842028535619423,39.31469644208491,1.0028997681188023,0.09201658454067141
707,48.92472323358954,20.642963530853642,0.8315128730801047,0.9652169766606585
1804,29.42167782082124,34.82653968021111,2.0103525560366147,0.3336130987640633
3713,27.847604583208764,25.360684083904488,2.310639316095002,0.43989950958335544
2564,32.78981399498599,12.061156255469834,1.8989304803922797,0.7919037591928153
2475,24.851182388860334,39.80752540115372,1.0977089400749587,0.6648963055724977
3610,1.6031758547270791,4.210672703534351,1.2608374437416594,0.8930599124360573
4255,30.61556444201984,26.24451413775753,0.3126842348235892,0.40057375077677215
2823,35.80869384782153,10.444551712170247,1.8671617778363445,0.3732881636761586
1735,20.837453031202656,3.353281427068783,1.4911891984876102,0.031688849541319675
1585,37.86477860355964,25.146696854162442,2.256099990343591,0.4627253766696581
66,11.35006496692103,24.97810779674618,0.501527858937883,0.7240707703291087
3061,11.063829553309201,35.34504508378604,1.8993153048315303,0.30117871762621606
2428,8.070849384378697,37.237534652595244,1.7116791542979741,0.46272651367384143
4153,18.59973798945809,36.38957443464484,0.6646138345243804,0.21939776848527803
341,42.35060176945418,20.47793664583775,1.6684465988520627,0.7727878058714607
2774,41.39560310745322,31.584489361328128,2.310933451441624,0.0605115613411471
2817,19.14121039817519,28.847262132198015,2.296089969167797,0.7053830550004982
2661,29.455936799011827,21.07808780584598,1.7990664362903532,0.3789400117449835
1232,36.04081582374578,29.86063470929966,0.12018278133515026,0.04159606938712079
3874,12.06033873140115,47.36239383531313,2.1806608433004038,0.8534695872917858
2401,8.407054294737353,9.644687184068868,1.6444465175113498,0.48772186318116517
1494,48.60479966061555,45.28860478927631,0.7760856329568361,0.5993189696161291
4211,30.877865660480925,2.672775699159918,0.46812590426424827,0.7320306915244569
661,49.070786091683196,15.419460645083033,0.29050965749329277,0.6550744330011887
3883,16.887799356611456,14.407262430576411,0.12559224814440245,0.7308568708146116
3619,35.151584998706575,31.318255394045284,1.8852581198768912,0.7622816845778577
1868,11.130181827061886,6.561247588864516,0.5896074973581883,0.5891515305646109
2334,13.060008563695646,44.11738059198769,0.06063234010813767,0.3656378309077567
3374,25.5951060634812,41.427570423252064,0.9931766296049732,0.24314214971634263
1016,15.980906275403562,32.603290984263886,1.2065177014808472,0.9029032366527872
4406,8.381078192029223,22.920691589609888,0.42307557725031725,0.9699248446382203
207,13.1440350994663,46.64780210710392,0.11012084040637443,0.3576627550982089
2665,1.787419723293232,41.5373277360278,0.4728137077451722,0.11231072907230022
2493,35.221181073874334,24.965757404062245,1.697756904591436,0.22253732711643126
632,24.60583285429308,35.09366772271556,0.205609193128016,0.6706673459871896
2102,4.712153320226281,28.34649760898423,1.3875925763924846,0.17293336995833075
2959,8.58469965642456,29.397111919413227,0.3660299697704167,0.7801222730609881
3083,5.126726905632201,16.548803471873562,0.48922293395104843,0.9230302398747136
4752,30.629640413793823,23.104230231244838,0.9826947081667468,0.9636515150788472
1931,4.71051818062469,3.9060715394872103,0.25206334013432835,0.00932550597489068
3719,37.714116651760804,17.867434583229624,0.43300875695553215,0.9581541649544166
2562,1.0255459660195587,34.7914257681076,0.8723810286283853,0.7401944191296177
1679,12.468789399794606,47.66080152530932,0.8241725137459172,0.08405023226380226
236,44.53333379459536,48.153205638151015,1.8731787141893297,0.41524046877872645
4443,35.9265659061123,27.786143456244584,0.1869557628160609,0.700045474579509
4725,3.648416646284386,30.331112590479105,2.1511268391658587,0.9566854926610493
1540,41.056305224258985,9.286059275048375,2.040580426848637,0.16414139361139257
3943,24.65175607701024,34.765405404676535,1.9149790992298459,0.127733281926954
363,42.33915135844146,3.532939633719312,0.7734309061578313,0.47234705326187854
2368,30.03698872251967,14.234284289972226,2.057204463851969,0.9680988937384892
285,34.09165160164294,33.41816736427211,0.457005200723202,0.9713792152580105
148,49.67507801978541,15.515506577174465,0.3110230146375706,0.22791474105290932
4037,11.616777296200908,2.492343705722716,0.11239083372371839,0.31934714797145736
4551,31.197278738069418,41.59352046754819,2.3482759075139397,0.9080319856446545
1766,23.016069502869918,15.516500356728152,0.7700272442631841,0.7348414908520642
4895,1.9725976461345718,3.1552612429339213,2.294044700444765,0.9723164286576182
1012,0.7235320751432517,3.739408225143259,0.6815339037983242,0.8931483630155543
2831,5.961428890892933,12.587939939437682,2.268914898340874,0.21509605031374335
2507,32.454587026927406,8.900797361076313,2.259822632115221,0.7597268594126834
1523,28.35815439566961,38.71500588900754,2.309190112526782,0.048565231560116606
2785,27.671478058186374,16.084202333351723,1.2403835982104843,0.817832778741474
2556,1.5928381264130043,40.23478925199163,2.16486571699723,0.6015567624446081
3725,23.465149818000352,8.69229989115764,2.3769147404183006,0.9561009626364617
4576,46.231140892126426,24.64395897720419,0.8115423547429488,0.9600324554690784
1601,19.87959346553233,34.40185667765644,1.0471860142063876,0.050815109024355265
2408,31.246123489422818,32.59954269329274,1.79810046833936,0.16052148555576784
340,38.990933781157175,30.056470496513437,0.7508995543082522,0.4842070473186916
2817,39.19626395709438,46.24108009655849,1.8845232722816474,0.8794935249461492
2496,25.96400411976357,11.426257385337218,0.18473036303383483,0.8144451422960564
4930,42.89759727011682,24.68596022310527,1.3087459607213556,0.9643700263517787
1725,19.568904668187347,44.199627503620434,0.305783710209363,0.6180841171113408
1689,44.434660739239916,3.894688279757852,0.7333086910916911,0.2565635195616206
3267,12.011358319777266,2.7944134126537623,0.64656348121618,0.02510663950517733
4406,14.010820349528553,11.66511437791457,2.0973301839066654,0.22292649072054893
261,2.656031209950055,31.651060976900926,0.48379313851549366,0.6752731979536246
1442,39.779091827114144,12.993981322490345,2.0211198003977975,0.9262748233430131
405,20.85276181163528,9.511994190439948,1.984900864769805,0.3209036673082648
2190,11.455830695569952,22.940115767914605,1.2472076388930748,0.8757043302892954
4437,11.589513880828983,30.679903438470575,0.584608138990324,0.3948982483411565
243,45.069997061461656,12.42788535083702,0.5672408498905568,0.3082712493685503
4585,41.69583002305185,15.034559336187103,1.1623116177896196,0.5088442428058181
4107,27.676544267859164,30.677965240575695,0.022022518483790776,0.4422734924096152
560,30.805540020786054,47.286921099472636,1.3283768865284153,0.9137998685170181
4137,23.71627852751455,33.73708637190441,2.3819488144176386,0.4682569474081265
2725,19.583327143940444,39.145207179227995,0.3867672046564913,0.2773353872230755
593,45.77384406091657,18.34050473777344,1.4333640536890084,0.8425655775019036
1826,6.280635176015103,13.612717969223304,2.404446721611142,0.9987495116595667
3229,20.9223394858114,22.713387160131127,2.1513053487290006,0.6481714191813239
3287,17.228095399393766,40.35664143558368,2.1259502909533508,0.2504613689363586
4073,24.90753601255742,22.814982089527792,2.0546248259904725,0.23881507701317928
133,22.881593727258753,42.33627043949305,0.772559015140464,0.05770669621525981
3138,25.94447658255407,49.43859903475635,2.2265420781670304,0.07729303851408487
3919,6.995948861349705,3.601333286516817,2.3533508780829275,0.9149830951827624
72,25.657075075663855,2.2705078041851845,1.2394810582475984,0.09648710704955055
4494,12.120940694360543,7.479485145668091,0.8864276181486469,0.4843438482767788
4225,9.216567449409563,19.21848378671731,1.0355725390146402,0.6981217796931782
2978,3.241710939309561,6.5521104572716204,0.8355161045781639,0.8503547827736031
4361,38.132627937807044,43.5332238809378,0.5310461050613502,0.1712709502537273
1985,21.372096042827998,1.15731255135319,1.5461211756322235,0.43777867912535684
792,31.33218416558792,15.789635816791126,1.4064922156133073,0.2514801950137775
4259,36.379667165237166,9.234731474710268,1.156462677598189,0.25582308996660164
94,33.965833265677674,46.57696650787662,0.23961346671207945,0.30383930748667587
1133,23.525035954484114,33.4740502445014,1.9922324117649994,0.5871162144184673
4917,19.394926447586492,45.60151282256872,0.437333906876973,0.016577471685588208
237,18.797995482033187,48.61643551551967,0.28640510849012035,0.4087662863155279
2946,32.00243984650282,24.85491218386846,1.5576784887073685,0.18683013523279257
2530,24.73971774709367,11.715955402401313,0.996610903094308,0.9671185085126348
1960,42.45661239942553,9.686439309829463,0.14952118838082368,0.5827291592503103
1048,43.735099216335605,11.145943084292027,0.8889208874026455,0.8680954688303226
2529,8.528018900325923,35.42966538110014,1.929450880712407,0.19568998676961202
2964,6.811682577286282,2.0222864061500365,1.538123013042744,0.8100156993237878
963,31.520046301799976,2.5680536516357435,0.906965057467492,0.41478246130523333
536,15.06128740311397,30.4071471191575,0.4795119790864702,0.17769468884940243
4223,0.928535938254943,32.10285733687033,1.5794890520119331,0.7612452023882328
3679,44.432133468147754,33.263146216123005,2.218888252365888,0.762011097615281
4187,11.345038362190413,18.594025229429562,1.6156817950397846,0.995887906864061
3724,46.46403258429046,40.297244435707654,2.0322596366255605,0.780937261798164
542,35.87172254391268,26.68122938633088,1.3038195963859276,0.14526724792712786
845,38.132674495574214,5.273281500470972,1.794927766852572,0.32254474178572823
3603,10.07307478965802,39.85496535336726,2.240566934445881,0.451726917291146
3036,11.709721280840647,47.653389313522915,1.9329474456466378,0.1266528057097951
2494,26.06338769120329,3.001815650117934,2.2746348834953642,0.788038974447814
4485,8.604992632493108,19.567566935028996,1.0778490052901497,0.5266985379125865
2719,15.271584634151614,24.375802241737382,2.2605506378176417,0.9444495690957535
1884,16.073123897390225,7.323538003915847,1.553918086204269,0.5893081445258203
4138,7.981496662638205,43.385447389143856,2.175121915204234,0.5228990837382539
4349,10.259141669758037,14.2074822445022,0.0984413260945885,0.07142515293286433
3201,39.42759210041283,39.150426996908,1.6446309547838402,0.14934590494457778
2710,8.359792727363418,33.5497241014158,2.1199376971947466,0.8495260767641512
1953,1.4228695921961243,29.902291123351173,0.4355050841079994,0.9906759778258083
4737,31.46774713144692,9.60714243482772,1.654467333662308,0.4151791358982695
3850,48.7991559696225,11.035176027545285,2.0623867855415785,0.8100860837249291
689,16.56069073115607,2.367420237328466,0.7198734240815927,0.6275857663306518
1950,5.932785159812615,12.035621489113318,1.01311581976598,0.9590592736717136
456,28.51936626837654,17.272180473025706,1.4237942962480485,0.23813723544409326
2130,45.31771055478231,41.65726519312127,1.2979192222114053,0.544835743007943
3976,39.20308899142394,18.319633335740264,0.09797348259283911,0.4087958183425956
4244,31.1257934206358,37.731089138280325,0.2466802452135336,0.5417159759430152
1179,15.75282483037997,21.972114064774377,0.2511664482609033,0.2688580834188552
4285,27.094008663810996,39.24341559969442,0.6556697637479375,0.497746162715744
3565,4.562242065212768,48.81358002185199,0.6146602820061231,0.6248041467247651
882,33.9472712140335,11.992077902879005,1.855555959466999,0.08121588399949209
399,36.25480094488254,43.11708059819381,1.4318609650403613,0.7429872548076232
608,48.25158114549594,31.091204315288735,1.9099402116131028,0.7065229631604173
1638,13.019867937253583,40.86471307943274,0.17474014352717532,0.8804576014514852
2148,0.9228209521511321,32.57929511339026,1.2130355936790016,0.42585655180992554
1382,27.28042322135753,21.197475363707508,0.8094389481631736,0.06166913261471774
1403,35.33952521984072,11.403746972089518,2.1248482768893657,0.4614611290216869
819,39.5203737941494,3.501761266558251,1.7694728922747582,0.13760917206196144
3292,9.68694665124053,26.77591822303585,2.173146177066991,0.6474468135218178
819,13.087643451851182,49.51630472634328,0.11606780601515015,0.047131524131305835
419,25.629546263364816,36.90209025071031,1.8020587239165011,0.37399640622769514
4219,16.530040498500092,16.36727706995083,1.350020880398945,0.08284289848749538
4517,43.025574329372255,41.36024000433676,2.0625000725389144,0.003366434071603308
3302,23.688007686936015,38.44920000882033,1.2679014773145525,0.9605572239015918
1508,39.97893220510015,14.08178966767284,1.3505226947547724,0.9961273480262802
767,29.030988024117686,0.7153744897117342,0.1294184523551628,0.5555029515318131
2044,38.6545070808556,5.90813192669748,1.6713071625899167,0.2389558499454839
2139,16.633649326516192,43.86530951560288,0.6828496890126251,0.9110990368086574
3029,41.57083109651556,41.82815176524359,0.04923480544705122,0.9230365970761066
1549,13.728615777551079,14.760450043918121,0.1660929062650751,0.8545088911707059
1764,27.30494040016454,14.25977131422102,2.393214022415064,0.5443699845673821
2645,10.700355658693711,39.64324935512356,0.8651932239496174,0.07470216089602744
3716,23.77632608130967,46.8868734947711,2.1701890715528975,0.08843892753679783
4605,15.908760475435157,38.956862839879996,2.3991930851731396,0.8966197877126552
4481,13.335171531860713,30.278933851538074,2.358167972093307,0.8758268474572294
2293,48.349250901401874,12.133567516590226,2.2043131017485504,0.4343972491812177
4837,8.00370527433653,26.287395704763032,2.237109781153252,0.3281546194764253
2708,39.366291872869766,11.675592929663232,0.7225201108523788,0.6441239201441021
900,49.20824797416075,40.40057100483868,0.3786747256508957,0.8069879482555249
3084,0.9950741870038915,19.348053975886863,1.5981564052198092,0.731684942051821
2009,34.951370702104754,41.68486084970131,1.2202639796720596,0.6156029380507063
241,12.645590277814357,19.080460899136263,0.2468667967379276,0.2315110444448314
2385,2.0243912164152222,41.207470259994565,1.693853290056027,0.26250486922071514
4268,20.14447894783154,16.665890758262098,1.4071500187119335,0.7240674813977017
671,46.76089050854375,22.006635230883493,2.1576685020260977,0.8026198524510311
163,0.5882547183498843,30.774420967132876,1.5229594892209966,0.11613518809958989
464,29.394284596489083,3.514380701495934,1.4348654493043842,0.18729704771130606
3042,25.069823929766216,47.41035309077322,1.1018793083315699,0.6804702621773714
4592,43.66920821855238,28.68028930619016,1.1569676747221758,0.38898658747140114
4795,4.200085726031283,25.391000734540114,2.3859530674477902,0.5632928672710307
2442,34.07630149433252,41.969698555995606,0.3461150235005983,0.6148149526556361
4798,34.005484921663864,43.28813649484138,1.1155470464554678,0.7762034672673319
2355,33.45400084311416,26.1130202264508,1.639568084817107,0.8057169507169075
4278,47.11672474675185,46.36311628968187,1.082526613975999,0.2800962452614565
4724,41.154376450344024,3.2368883038240313,0.7080390676018944,0.5412967289221713
2557,2.0986363121753007,5.661289612560877,0.718393426907137,0.12352393862188027
545,23.554142535225658,29.839411500722008,0.5841401156442894,0.8420151686975487
4719,19.897652810066674,17.703293089679185,0.8597580014577242,0.8454479383331956
3835,15.507361054540103,23.211258309459943,2.1791869389589174,0.29950571899945644
593,22.566836257704864,16.403960894858326,1.263061375807488,0.16062020742204253
4839,19.20970924629887,20.23626557224678,0.6005968201945461,0.07009177820026657
3804,21.616694993933265,41.132317357314975,0.9613167925663311,0.5749764419115859
1459,48.963093280432126,29.673809992715235,0.26457603019642006,0.09142810039987981
3493,4.431648737479038,49.86722746417491,2.260089349346845,0.6805948446205999
2601,46.11154349193649,39.343959891048144,1.02049458022858,0.6781264010341463
2444,24.011835673551335,13.683312705091332,2.450978011482689,0.6139874071316246
2672,31.187112274977057,13.217255886334812,0.8688469331562981,0.8765605018630944
4200,41.50914833088469,16.794913505850356,2.0908901180678026,0.3782806927291318
16,18.023151457462777,42.16297403238713,0.6409632832286329,0.9022695826245776
3191,21.521095404398345,1.36438253252828,0.19038223344400557,0.036925368846130846
392,20.475924013935696,11.509063943562886,0.07933340418450174,0.11275698792140754
424,18.736551126787994,45.24592101721335,1.515421066611959,0.4122055625184433
571,46.27646608234475,31.994821804162598,0.7789341791839735,0.5939930186885735
3631,41.4464945596506,11.34235477505282,1.108799701189571,0.0323756366393656
1120,5.449999493148805,10.957248411629017,2.0466175890019884,0.5674344714242641
241,5.4061676238548015,43.13090508797153,0.6202702142370053,0.3073983164830314
3897,21.39347574264956,44.687875413852325,0.7716311918372831,0.8871468078118292
4095,4.932868836640453,12.806554548105764,2.113340462646668,0.5332845916687309
2279,30.954654763555983,21.025517903826614,1.2319056833587603,0.5878939082174337
788,7.184580363086695,41.72978693141586,2.069162917631219,0.9456218111148833
714,26.11866319834005,38.55037193049427,0.9361900086657909,0.7641710266545936
4854,0.36099735018588763,40.695805328304225,0.9959249520677713,0.43827326614676565
2849,15.829817420632336,25.91990953939844,0.4178459044456406,0.4768796149560194
775,33.85953618363277,45.577452415258655,2.290864633987416,0.6479238685593989
4026,24.20194701139242,16.297577197721765,2.2419592350315236,0.2001992166505131
2247,48.91347429994941,7.833606717375901,2.4605425364119338,0.08865084049412264
78,43.70518980331054,35.436616628243236,1.006117817924279,0.3112365159456184
3926,17.95353895215756,26.967720800344818,2.0465373543966052,0.7783827979362303
855,2.2743270736137298,42.72928844047405,1.0373843291802964,0.25732379876995104
2148,42.28131500575094,4.057962456235748,1.1357469723024318,0.1307592003359197
1031,45.56171551573357,42.18462017190334,2.0749984839870614,0.21902259846226024
4940,41.03136967095184,14.66473266044111,0.44341692721599935,0.6789729120057063
3271,6.397497045988243,32.74278335840915,0.5507773361543808,0.6139480566935188
3576,49.895756720614386,2.0064394539127894,0.7868206009895375,0.6883149972964362
4182,12.92921107763869,30.479064815180035,1.9704475812501436,0.32195812268038204
3456,36.210245640418506,35.8635844593668,0.931628873420207,0.9008561269332717
3506,45.40174381678608,18.437510725281015,0.8954205207019039,0.4517703573281454
407,11.784355716535472,10.770535263107012,2.4970408631381042,0.5137130319269436
2711,45.4129277338533,26.88153383017725,0.9595153577486987,0.9488079760021272
3088,15.474078959743348,41.65954022178233,0.6194263407889675,0.9792772679449756
1668,48.82066111920281,16.17736791483254,1.5580341955023582,0.6615427259165517
147,14.06300101902373,12.623464876063977,2.004699879887502,0.9448131925757911
4327,47.67179123789176,13.946765431884383,0.17401958430789816,0.5415073863404433
3897,2.6772325446337453,47.45660764583322,1.5472305778461877,0.3072829455667717
1950,35.46360058349065,17.963845788227985,0.08933863970056188,0.31509285596654135
365,26.605556691850186,0.18021199441435876,1.3158308774487948,0.5589405898823455
1674,23.89385385613653,39.084060397980984,0.6424789093945229,0.6050361206551984
4531,11.174715712791999,34.96373976676951,0.7666042441829644,0.4396170699197489
4494,35.2797894888246,6.428413230148444,1.1677399099559564,0.8837714835118439
2546,9.540474572315356,49.24521245674563,2.3177686518639677,0.4266961187135505
562,27.642089799238413,30.40311426525556,1.7766682664696911,0.27342364699766786
3562,12.66226815201254,25.038974547030072,2.342113990711241,0.007981878343539806
2489,47.781068989067805,19.11096338114455,1.649927511396694,0.9705692781576368
772,1.4315596917826412,44.9336377781819,0.017769367719649154,0.8243132831429444
2037,9.986414005561828,12.198174070928165,0.663962993369194,0.615559584685329
3423,12.115530319372386,14.288445010995094,2.264431444300935,0.8305422539034614
2567,20.703391288390822,6.120540334328345,1.608613802419362,0.8102892302509439
1573,11.636512093502677,37.955954779213,2.4541180914256873,0.9318507802258251
3694,24.567454513439262,29.777464020292665,0.38991004804573903,0.3860676833603749
3291,43.62327616292695,30.453308462724916,0.7418695827662986,0.5548522420859408
1246,35.60317107045854,10.923521550973181,0.9059191487925908,0.09862802372024593
3719,28.998099026755554,32.558419456354194,0.8163945454182764,0.9653154257189731
3839,4.450158899133982,38.272922362343195,0.6299788253747016,0.9851270692824998
359,34.69960541946378,17.894426536284463,1.1086642893919447,0.7890842479312017
2376,8.320714215546992,40.06735719808561,1.6057453084234279,0.4541209831483368
3009,39.318369298084896,17.439529426601048,0.7781423072167402,0.49656675091435765
2993,12.50283792550766,37.906923075464384,0.1992498082856392,0.435366932987857
962,20.852436416045045,1.6865053728859491,1.7713313172329084,0.29331063652223044
3632,17.523510115896396,27.558230073682633,1.1475413894531716,0.5277914055487666
1827,42.94069573374284,48.47632803199433,1.3912057652251582,0.05344506950056682
1613,6.327222935670407,49.06223003411954,1.1385016429097878,0.9918870619371684
1640,28.28224411923943,14.08762891708703,2.225893758637276,0.4240501351641408
2216,7.103080472153112,22.069954554017773,1.39686249291595,0.9273665840371063
4312,35.23979180660933,3.1488953993316526,2.308192099629374,0.7242714606600036
377,45.25390638972406,43.667065380229985,1.2764383538900006,0.28994291686393403
4214,21.73038269336267,28.42860765701071,0.7314704056007046,0.22205261817460242
4285,24.404613013248795,19.25503394702585,0.8886064679404915,0.9956754337623562
369,46.371141824138114,5.638527924457653,1.3053232339619638,0.7721263550540357
2196,26.049569432467855,47.33836427484446,1.3249735945125216,0.24966147414934092
3747,24.379921902478046,26.510952391049685,1.718344253872372,0.0674450481772606
651,28.91645513521521,14.146396454145194,0.561237180466577,0.6969165453013787
769,34.4614868181476,17.510756506575476,1.6471072499137542,0.30301645681107636
2421,5.3441687543515695,13.534859046107384,1.9464700209518806,0.22133081262771737
780,41.0555263870758,30.09049044284903,1.6914799736674753,0.7349374151493361
1716,21.775251372662964,46.498178789025495,1.204570274543977,0.6792613226543476
3983,3.6174254948742766,42.83469016632822,2.479201627792085,0.4814126747601911
1311,39.309133459910655,23.019043771298875,1.0120328978230406,0.9426559327703732
3359,18.847498584313605,41.32496811505039,0.26647653644957303,0.6796383660574911
522,5.018374754752697,21.155274063816492,2.0537605385183575,0.8934195606199092
521,31.688951977162528,12.6153570379319,0.5305030472010455,0.1905529423497191
4878,44.006567671682085,49.170755763321395,1.7832139322561051,0.2966459100808887
2320,44.387675470699314,15.194378398541092,0.4474407067878147,0.10452013369372826
935,47.88317374044866,16.18621154934542,0.042193477144848446,0.3045799978720354
2230,43.3852729883344,49.48464338932611,0.39949650947256415,0.9717783292063804
4040,0.10704596727376114,6.696374658282744,0.9424717414395547,0.9628562460923007
4583,19.01205832066951,38.02669940048475,0.2665456178244957,0.7603863545509909
4941,40.927128995275154,46.79063792413633,0.4941977105892051,0.5210482627829572
3697,18.31265029992371,25.58974971377093,1.9115656942109824,0.780779798792245
2837,30.077425318985306,0.12608808514100178,1.924709019942827,0.5534869512137199
4083,30.3158473687266,18.752947205655314,2.0437205679774415,0.0035085046714433687
2461,18.251265201941152,5.578449619241354,2.1028880913689814,0.5015470739436155
3243,45.22369636406438,20.809383046684786,1.0510897365343885,0.5989234460110525
3359,25.16141726930588,39.50133808211424,2.1688741517338213,0.2657483575030042
685,23.23921029687504,21.935577444190024,1.3148421875351077,0.20329356424166156
2160,49.87568728309479,21.596256067296128,1.1764927923400204,0.2738090948056513
3988,24.675018203630835,27.83947384594233,1.7963408224894395,0.6236277495178657
4066,8.919912596429052,29.08452923738401,0.5345460283997681,0.1460641149355525
1567,25.653471143171902,42.81481543994857,1.9737434420686801,0.7203283013294994
38,40.7008367759965,15.417771961447574,1.0736645664155082,0.42267482096160947
2544,38.84301634491407,41.0835632184008,0.3182385350094011,0.3533478592053255
4875,39.42908825542355,28.29668743460236,0.29827978379241893,0.8072312916803529
1256,35.40118919989559,15.026477485857349,0.4122668596167503,0.5060632494365266
2990,12.71089145333441,14.756302200303855,2.226431835609456,0.37840056119092813
2196,43.10420429201157,18.056875855286226,2.4773445556476186,0.8781547155606045
3468,44.67217326881325,31.134662130998773,0.8924344980032086,0.36825163219947576
2708,9.707634830927454,11.540586567997458,0.730359630513244,0.8590002829433705
301,6.522781827569696,46.01667808361337,0.5469274314858432,0.5041986984625583
646,48.780248429455604,28.745629208895018,2.0595411929181138,0.20800709745500723
4758,43.41619818251839,46.00078884980034,0.5230187060471903,0.6128181881110838
1759,44.661807360497335,2.320217928957735,2.3102253248256743,0.28532352626996127
4351,44.318819231219756,17.13056852307367,1.6683759474282067,0.14715513217619514
597,27.084341201686417,1.1403830343811538,2.2428194791729865,0.0865293713977795
661,32.320086833289984,13.612590754898491,1.3850246359853657,0.24169733579744201
4330,27.268142606682083,43.10032361342941,1.726699655456242,0.7365546420021912
1368,2.5603174595164537,1.8304857921100426,1.5486452516442692,0.8379992223757426
2581,37.275154267638634,21.807354995787243,2.077988640809492,0.8617208459819216
3868,25.266601666794013,5.8783535236613895,2.0896520279647026,0.27014827370994365
3537,32.38545373951149,20.842032963018386,1.4744824996128127,0.6609729329453419
4865,25.131990248776763,41.94257921321886,1.581269123324431,0.23035405991492952
4308,24.590566116122798,31.153551670125957,2.304689801244575,0.6227621139682403
4558,8.589455473888341,36.83781726657116,2.3246662099124236,0.8872109930416968
282,13.935685757057447,17.455205772479047,1.660624459737954,0.04089368260208137
3678,7.94263459719779,47.21988475050708,0.019385695432908856,0.9852256677254061
1486,9.783314781267121,35.46310468897501,0.2610280368848525,0.827087877458445
4082,48.648869021015244,21.089940964226546,2.1448563294360405,0.7616621162936984
4183,7.655672288609922,21.323240011352745,0.21178529092700377,0.691362893711791
460,13.463521215260382,45.93420889716488,0.5337979521376659,0.7702738889138784
2325,29.529482886929248,28.82023467176959,0.5763667005541295,0.9945953560405459
3754,30.508928811832092,35.31896049515208,1.5005869244497623,0.7701912971125406
2468,7.698706487191453,20.85176122565854,1.4415819947094106,0.351600784668327
1724,39.68587128926062,11.184638238235706,0.7235438085510006,0.6139218529335032
1376,39.26014339564125,36.17796459972093,0.5190284139211071,0.3369230161598358
2743,11.865885210194554,30.39118860706939,1.9113300746436894,0.9700654432566708
514,14.433315133773023,25.067144021238967,2.3386403890149405,0.9001397328257004
702,46.89939327297485,31.201046999723193,0.13201419979109674,0.5676202274628285
1653,41.2835722989739,10.414279303211682,0.3329511567621571,0.781273754493449
2066,34.88985165312619,39.69693532659782,1.6054099717642687,0.9096869429717639
22,4.1116610755300265,47.40814025101529,2.0111036291785642,0.2436002636565593
2460,20.913204045128786,44.55515720838514,1.977971671940999,0.5794818569288046
1304,27.96509360384135,16.071787265350856,1.7992078827067233,0.4817163192525483
3300,9.370564399188847,20.300288664103793,2.21856988624523,0.7715913548429414
361,22.411329105411227,40.42011498987806,0.5433721989270321,0.3790825213338287
3727,30.0512938744345,29.75585654123019,0.26822736622986787,0.7089796397081917
1284,16.368834005769962,27.39572218383246,1.5384074252284208,0.4029930890117378
514,39.04724094752436,46.332098376672256,2.055689728808581,0.11107486464450422
448,42.022479081940276,26.80124804885254,1.455108946201433,0.10712143160831722
1855,16.18047347170354,25.746933979365494,2.407493718647266,0.11905632455318738
4969,41.932857724622856,2.1009295633179823,1.9889111534794734,0.03251987593216177
3562,5.178828305150751,3.4708479295068817,1.7519795022731521,0.532973171596772
2520,41.88645493113282,0.37101539403250894,0.15064322717933398,0.6719026819837349
3081,7.637521583380829,45.662211289181684,0.26935559682920523,0.12672840182568956
1428,4.146357625486302,20.419333000885032,1.9620940814779857,0.611858000221612
3967,32.08877022205056,23.428068806670627,0.4955948139425734,0.597740078257912
922,23.596868287764718,42.2693473796231,0.07208794019747639,0.14709405139686238
3137,45.39453002064164,30.462315518788895,2.2769017143674124,0.4040825999612633
2159,18.15945980454246,30.475079819529054,2.2270134342530854,0.755135709770984
2547,14.357613171881434,14.826721467740622,0.5462095680787296,0.0167560255520115
2979,25.03674530720992,41.695418696225964,1.9505156451823866,0.1469478838983882
2281,22.797309288433066,8.29149880197469,0.11994915302913772,0.9958283743247446
2649,17.221402310859414,2.657479608647395,0.7126450095581577,0.7335448971490596
313,34.68706493491643,9.580167875926616,1.559167270641562,0.46413027921925576
2613,37.97809169569541,13.386860938728235,1.9079474903959637,0.6298014120916252
3083,42.649198451506834,14.115552892710337,0.025997971970473932,0.8462209705984745
2256,48.642830235517145,33.52567993093838,0.8155215331843602,0.8423045855536367
1037,13.332809606625224,10.891229366432176,0.535863900159185,0.3247014354612071
3489,35.80467412449808,33.83291522474923,2.496951014371809,0.49129142254522407
2634,19.712911774787262,4.556608661689987,1.6774555809630876,0.6380550964986437
3983,33.85409859755541,7.3601230548954515,1.0141786321993596,0.07189691651460406
1778,23.799084517461015,25.44107242454975,0.18913150495171255,0.9457965993907522
3895,49.688655138396584,46.09479012883213,1.4966756437674094,0.43274182566237296
1124,36.4451067895375,42.9783794405557,1.6042536773401606,0.3708623272579269
697,47.62456502171622,48.43767212214016,2.0410148187578376,0.9071003614498259
2179,41.748477474059285,32.523953263908545,0.7214421322984088,0.11828664875310468
1404,45.145050558168556,33.7907433208046,2.453570201200241,0.039260797387108526
1043,40.72095986073375,31.251149946574603,1.0986643482848737,0.6850024123002739
1929,22.95795651879557,31.140946142909865,0.7398593866487341,0.38500296810510415
1013,12.58942266734422,7.356017253379232,0.8711233350036446,0.7644758088301058
226,18.51600877252611,27.186947808196432,1.2989651324178095,0.0685446115267555
1828,1.0118116319975223,19.303396672586288,2.3417539112678183,0.38375714353538637
4917,26.19965837323336,22.126860788864672,1.8378969947985013,0.23532521204611223
2023,25.252890013520435,26.180028652961866,1.4427741236594558,0.7396065329465973
4966,26.26252324152441,6.41980859011258,0.4070259699496545,0.22717011042737145
2452,48.70156124860319,17.974386692605993,0.3733832772271792,0.45794533477435484
2085,45.57270017274197,3.1724780438301794,1.25549228453391,0.8188775511367119
4283,8.085638916505399,48.98340652111995,1.821771761504123,0.9153905354644696
1080,18.444126077794458,5.926401441006307,1.8775304318877752,0.7226057936657777
2320,21.197808973163095,12.926236927247725,0.5647859596906459,0.42922841153295366
3190,18.026645892582387,44.56464633516986,0.2502487821181332,0.5719858747427331
2630,39.92479818019565,24.13550231195709,0.9611524731344736,0.6896899471524939
2563,26.201883493379345,6.781860076031515,2.2954313581101857,0.8749326265741181
3292,28.604990848581252,19.211526901967446,1.3634181316734555,0.8885739847602917
4621,42.650677949396275,5.793399709569291,0.8002494170794359,0.9309694914883471
3586,40.296407670767934,10.01079985422509,0.8090941708478041,0.8107110989073822
4431,6.610576141014985,2.6014923474922513,0.3302176130554624,0.1467979359416668
2947,35.69572920418172,21.911374727454998,1.183059340265395,0.7476395333862431
3959,21.771806445101777,40.331806086262986,1.978406696287096,0.8145923735632177
2813,14.732445153125024,29.298458934994777,2.4213967288183533,0.8778714276763837
2583,2.5009410451093173,30.317265274230586,1.2539874998949385,0.9248168946178259
161,24.362478017272547,10.029201504162016,0.4180372896067211,0.5091598135184474
593,17.77183403622657,17.194692162618324,1.7073759995071613,0.6550926951243105
3259,12.575651983820041,42.2621051920416,1.8919783568632385,0.009552776616969072
4155,34.73358647984788,4.392809216325727,0.1792493735577555,0.572783567692434
2962,38.47426936577935,42.896532683426685,2.125347824078072,0.47319838107393963
3888,12.23947595147124,24.18450131323928,2.0733059749896436,0.9623060446947994
3390,2.4723718339673626,41.857371566255864,1.1813526350977948,0.9017092986027271
4501,42.43763502826175,15.900320969720017,1.401056296539671,0.7976039294333856
663,0.4979870602151659,16.94214757915104,1.7835201592772978,0.05699418452026672
1132,46.8556246960736,37.58024341615714,1.6918703126571484,0.40202884228333324
541,31.380993699135296,39.24980866961101,0.041339945483022666,0.6960422221945601
2974,16.092331760066013,11.482233899507339,0.30608825962121444,0.029660743564281056
867,12.32389547883681,48.64356624109528,0.40647638945311426,0.23581379175280115
2066,0.4502832132237622,4.224505212241447,1.889189722680247,0.8875071901181287
431,11.773570850543857,3.4251481551065446,1.1002089072309502,0.12978076729942423
4835,6.886415075857055,29.775210764305136,1.3637565659670627,0.05137350433864418
4278,30.608311036157282,36.137038388581075,1.9317185922387103,0.5805857562846692
1206,8.327279429690066,48.044306461248695,0.852455672660227,0.9464646154277803
2528,26.431491876830965,20.247289039943077,1.8722255682969327,0.8346247399086386
1169,29.50582111722354,1.2645704494816556,1.1057481865738992,0.9747725047209556
830,14.902084917345725,30.14481697232035,0.9429504694355164,0.7535231536962493
1651,1.7532474509359353,14.484801029938593,0.8325931601368503,0.43736977408457156
1136,1.862694030709805,21.64735605977011,2.412362038730957,0.9466164395898741
2810,1.3173666096958803,24.423474112496763,1.9299335267724471,0.4266332784533118
475,36.95623335682731,3.2256305369016913,0.05048985193382344,0.3500946163442443
2810,15.900485240714907,24.29908922820514,2.393538716295504,0.44819591776743384
1326,39.81500929838318,21.315983340215737,1.9385990743166834,0.8139739543824644
1019,21.58664119214246,35.62721326432966,0.3729367861356389,0.9176935498488883
1836,22.64990504149819,32.28329556061723,0.19084531352829281,0.35768210995967553
4256,25.644130125478686,9.260785907528051,0.7704852341486335,0.4622474565322625
2448,35.6515728187552,10.306945910519849,1.5604538233651544,0.898327323304383
4293,13.675143291485353,12.550308938718663,1.5413667228736685,0.04704366452866893
1283,6.079367476676345,8.947522014858865,0.6896253128730512,0.7838686941138514
659,27.802866759573075,32.86065998342336,1.1141874466435444,0.4542177582343391
2010,16.348881162136962,49.72150896001353,0.5297253892843388,0.37651835104967124
398,22.12456568340187,32.60541702579683,0.12644671291684367,0.44692129183683904
1733,32.34733541686527,30.33407730956456,1.2924261685671967,0.4186906755015798
2125,24.70628705706353,20.496396667553622,0.8674778356300952,0.756618618187806
2171,31.013940855042144,15.629012942988036,1.357206080744825,0.9279475222441557
74,27.21000010568139,45.55368784532396,2.366268306176129,0.4914558254465786
4697,36.98981859680496,48.45009370710765,0.35842577923830277,0.8327337857825113
3471,35.296830885581,24.83880877938639,0.004905045777388317,0.7319445357122386
836,26.70949459043096,14.510024775327873,0.19219553320531296,0.33068078555647684
499,33.945151042985344,38.506110383488384,1.1567707402540726,0.5873138145265476
137,43.67798011363064,6.622839543343923,1.7673300745058087,0.6668156750156945
2097,21.61356438940843,38.27941188218408,1.4519090082929726,0.023499371890463028
3696,20.638153637439682,40.94741871556693,1.2372365184343677,0.3959555512242403
1885,38.212281042619004,6.245197231358368,0.8849078277310309,0.9926381758474568
2757,29.1276918520997,48.84307343982819,0.7749354288287524,0.6372564270700936
3920,3.5503390111294273,49.27561451942392,0.9407154377624503,0.3342440692917761
1900,44.60560078455407,46.83597396636756,1.5290873850226783,0.2500240394007278
2610,1.5391551118820068,24.801740470313216,0.4193848896638405,0.20948160210075628
3986,37.41981781048715,12.303707113841423,1.9284052076365643,0.4016414089652075
1449,37.93970713521564,29.10046404409565,1.4381331002327757,0.19326569060760956
546,47.65555426409652,20.996691923571788,0.6728909440285691,0.13518618205352817
4676,2.7067204201160378,10.297432235859855,1.2528824070282094,0.3640632844269589
2003,29.842843039224547,21.18382048089238,2.406946719212916,0.6069996926457933
2096,21.392028531352647,33.19449178387953,0.05122882286298508,0.14639918208612834
703,16.5316477429771,3.545665539299553,0.49880660225307294,0.04434327386286008
2403,4.515928014953651,16.670900072300824,1.120950599758195,0.03463281806369156
1625,28.132705983565458,0.8897445006412597,1.5960993044495702,0.2673842524359683
3331,23.95203628373068,37.47477527308378,0.530570665713713,0.19013229051630165
4733,5.227722907551213,32.03456338083504,2.328509870940491,0.5392553602901523
2978,30.62447535485417,3.1336067350982932,1.6064300310616053,0.45572018705089945
4736,36.89765601264693,48.23687798009839,2.1935798723910764,0.32476661433901866
2839,38.363915052682415,1.1310778563550339,0.8232948256257964,0.8335428341509608
3384,45.26865941312137,29.49803232380443,2.0723848357665737,0.5049469929965265
2659,20.47353709443886,38.81837308995279,0.9455480422486157,0.09152999208409918
1861,47.65363843110685,39.39481565223615,0.6318794311530124,0.2957643540736953
2856,43.2714702541343,1.7142567796601893,2.2791383479094827,0.9733392661965915
685,14.825078551196953,45.32075663202196,0.23054618919713638,0.9769773207580144
4283,7.964151867472924,45.92258359635611,2.3572219901410105,0.25467163554711925
1619,21.76946980640067,28.069518657718636,1.1462880146690138,0.1672361287949139
4643,20.09493539779833,24.104159944357306,2.481563683714654,0.49568814621724433
1431,28.785965266560215,2.2433731531299905,1.348986634337572,0.48146491816684656
875,29.1693116163874,28.097707125493432,1.8937204302057578,0.4101376872690171
4713,37.49934921899876,20.468954088511538,0.017677540845009998,0.529357227493953
2461,25.49449741028051,38.6403203704328,1.2416670499004128,0.23219537851820082
1365,5.241132047038278,20.19417834430439,1.843633679045288,0.11492934154368717
1243,42.9145667776553,34.17904166623549,1.9570675498961227,0.570461458476435
4998,15.488229159259353,5.07040731187654,0.3951214565039951,0.932597996782375
162,48.5648730153296,6.647613538298347,1.0474273759569466,0.1377492766202979
1974,5.893005433988508,6.985509532457917,1.0476798952983468,0.7048147242314624
3291,47.91255861162516,2.2762749899871757,0.2591020212476397,0.437896687380385
269,4.550590344125849,27.06644296349019,1.1076137692286667,0.293976589728804
631,11.551806897352973,39.698386302181795,2.0177323967400134,0.8531092183924258
905,2.3289971043270796,30.520560184683305,0.7504518440474675,0.45649169453718197
3471,35.25565733194975,28.747744277642813,1.0814363047347078,0.5833120140679902
3253,42.51493682858959,34.03119642013682,2.4023967126553565,0.4430562869399294
2014,21.70355409079902,16.98226615360074,0.07927018972890554,0.08124958166955287
1641,46.426103752121485,18.097703582411445,1.4788044197383892,0.5949046869001859
204,29.514953587779978,15.713504911046128,1.8585902294440728,0.41884097503812123
581,31.50035677232616,35.60544664267878,1.902206085077946,0.0867566060676297
840,42.270960085038496,8.082016783538714,1.789845062210111,0.595811734418975
1719,14.840010252591945,0.651264015646219,1.8161286086710908,0.009870932039227509
2643,17.71328606638129,29.80982233612462,0.14753166418262464,0.2085203882545923
2297,45.29759595973222,47.11906823671027,1.335341547840832,0.7810695369052124
874,45.04817480193819,30.470395849815233,1.9574226791431402,0.03792742485873446
689,48.82413881004354,39.14608264704476,0.235162622593324,0.6466820980551388
4000,45.09191582208356,33.63953547330151,0.030124805967169654,0.949706946207324
3141,6.368601801668045,24.871832676150813,2.036404578999145,0.17119245817300677
1422,41.186214306849365,35.9196200891923,1.780735968916223,0.4171118602095746
671,20.4919239054797,41.20520619276109,1.0305160422861066,0.5754976973709982
1171,49.54006779729689,11.236582208584899,2.35099108143543,0.4504158387338443
3726,23.614048216440054,16.806524024157277,1.916495236628678,0.6203776861817673
943,27.69180412511103,11.186286625164193,2.4196523540164434,0.40409752516699815
1449,26.488745762839926,22.60864777952205,2.3232881488686683,0.14850412902192045
3737,16.08685149291389,44.253227545833376,1.203234007448268,0.08904435982445569
2539,3.7511044446459083,17.260355041766616,1.886772446608915,0.7444431561771444
3959,44.782561520095925,18.72334445652767,1.6729784720190974,0.2386239495219048
4991,40.133790626314344,43.01836173359659,2.0286130252312287,0.8474503127667234
4260,6.976339027983464,25.76871653723376,1.96922100562748,0.7430272438218404
2361,38.83841356750364,26.77244998237172,0.3830799250830669,0.04945318434236168
3652,31.2923333025305,43.040060166610644,0.5843388295213658,0.20121111706373518
3670,20.457189395881116,24.526336851273662,0.6643289429439183,0.2919926565595382
1753,12.701057454778136,34.077876731469765,2.0462463980425265,0.5944822488260402
2352,42.98643917511163,4.282233293703036,2.026854259822972,0.809827000315139
1938,35.009412964702655,8.931585656344264,1.2383383673486055,0.06033325515842314
370,27.386995473456842,20.21881003581228,1.452080648129803,0.24960895187981091
4948,30.478426694923204,24.741953390993743,2.067305382421,0.3762097623797209
4479,4.553309104109049,48.286685061811475,0.781484001694358,0.18337715458816628
1931,23.695988045559595,48.5325816523895,0.12544694229090825,0.5452920975063491
424,9.6850146392851,42.55985437393808,1.206491095697918,0.4780024793583103
4724,10.419183950441269,15.779941764278727,2.2842928596216794,0.3164956420511599
894,33.06519811434334,48.201414541621986,1.9761706524001823,0.5168868869203568
597,45.5628075917144,34.46704323381063,0.9165432577712143,0.3558215643511139
3062,20.187830523917327,19.64700639087002,0.1619284012070918,0.34319406746729075
2336,10.387463650609519,35.08374584923832,1.5922987634562749,0.2653955253569925
4688,32.43734686183271,0.826136489326329,2.0862269896763004,0.5404379343143882
1687,43.55935231751589,7.307734113710679,1.6623714161365963,0.44411539445232684
572,37.41594005612454,41.48428557781838,1.0626866619075492,0.19632478412722376
2090,43.43786152682936,32.27868184365856,0.30838403294767835,0.012966260898199189
3669,26.827733550539968,18.209735064594202,2.2769356103433873,0.1509295406129194
4272,37.59381221845955,25.03333201113594,0.6898958143834575,0.04283460149853924
4624,7.003227967946824,45.25710748228835,0.5607175912323983,0.4315988336384321
1633,17.413730768159574,31.57890547395433,2.039941664024135,0.22509685391235834
1517,19.477458224076123,19.90746419671651,2.4530498468096424,0.42045533252472456
4293,25.56478731230173,6.01633286987675,1.6504006468619008,0.32944987337000886
2657,46.45381801284118,14.68734008127805,1.5620262225613766,0.5380148106865668
3648,43.714828011108715,48.91701163982917,0.7985771730526564,0.7238668287886009
4948,6.726274614459227,21.868153142588874,0.051033626712823354,0.47931393813385637
3588,8.63948259412316,23.591973192243042,0.4794946645567741,0.061968060939130876
1537,17.88202747944557,24.92990161985077,1.4610760913914298,0.017510481414907964
3137,14.537193294533695,44.205201147410556,0.3782911545401138,0.21323116627753913
97,30.738547657813115,30.196414219265495,2.2095895173283178,0.42496751122085374
3215,45.13880238822725,34.683851822596104,0.47036171963221296,0.04490502862726731
4530,48.11457708362934,19.4706771274552,1.3052611325297538,0.327733804839889
4732,32.680147626761325,1.4543809294487176,1.2800331144219874,0.8870257078951523
3750,41.90796007005434,46.54864571214222,1.5098640753241264,0.09001902185216937
3157,26.260110011539854,47.45638404582032,0.8185851742950976,0.9485165097695736
4683,10.416347343001986,47.457652667402556,2.183835502663288,0.8566717755091197
343,26.23442060467387,47.18435433233583,1.110753839937674,0.8317811560135387
4666,27.754130071882553,40.76209705347805,1.750383946841435,0.863658510876291
610,37.122878210677825,34.229802505816345,1.5897771524167579,0.08005026525298309
1727,10.994149485367455,42.22549591336428,0.2928902077992582,0.1511680939786968
2290,18.415519104336585,30.02731195005181,1.5565983817565285,0.13437242656108217
1854,18.201373460728316,6.7184806946011815,1.37675669495274,0.11124181075137596
2608,47.971979787058245,19.56090825207105,2.2465101581397646,0.32771121953222926
2079,22.197248016335948,48.56474559864687,2.2021915912122583,0.8302168829505273
2324,37.75469836490733,17.556890679782818,0.3773869685291159,0.25196214363122926
4627,37.54056906872195,43.39139568656847,0.20421286396651916,0.24422167899226
1177,13.277209240162069,4.660573538743479,0.7364805480271719,0.6758887574206133
1091,28.593484468586606,16.70919211877348,2.466532141710772,0.09692510213671712
4979,44.71514466593241,17.54766623636898,0.05393444101579187,0.360279992361924
2791,23.75988597284747,2.580127155449008,1.682230598932192,0.295426306844221
1749,47.2558753671273,5.954716509337748,1.521284334602443,0.8473008641294213
2675,10.72291146620808,9.65826055608855,1.6164457011445421,0.5145012776254599
781,3.7079552887015366,41.89077954050565,0.5457147244268536,0.646473564121941
3048,44.572693657237465,3.1700994969903196,0.5667933644996248,0.12903433820623522
2105,42.384059898110834,14.93504506721936,1.0766052054345616,0.9289182605559102
3867,49.62949379669224,0.5087501294633756,0.23964451766739087,0.32245215412510464
4976,33.969674405621305,34.781387270151235,0.1865330225473505,0.7068388378431615
4542,46.834396333357475,31.01515450216899,0.220898633715243,0.9546261799155435
2113,41.347451254205545,32.24911310265709,1.4324479282656444,0.5086488616160025
3970,42.22131665600434,18.719139235730935,0.9943546422447345,0.5075352587338555
1991,28.457078522713413,10.413391063378452,0.734041951643184,0.11724942355845192
1067,19.118229895835544,36.01601066430167,0.7895484491282639,0.39027555642312917
1577,46.72790362716409,40.55589363703476,0.5182082646226843,0.8524649388815355
1011,21.605858780794723,6.9300749049100885,1.0287633383048371,0.13510650709894834
2274,26.940968362483453,24.341471396871068,0.5076451729999185,0.9175041305606574
4869,22.305715356259388,12.435784098943126,1.7451151057483314,0.6673094143866567
1814,28.240915698009854,8.405343060306686,0.3098312816348403,0.42095983505903845
2426,23.52525394961636,36.716265674749955,2.370605211452116,0.5464984185256573
4402,2.398377928973794,26.90484677364185,0.2245473503182055,0.15049660773670093
4874,44.102409300384934,10.809266618933389,2.35865178569969,0.21748329313773096
2551,22.21969094578849,15.500000560577254,2.0832374288010165,0.2864084270666728
3657,29.447182425367437,48.33268356638712,1.701780301533451,0.3848461181744145
7,6.9593901378993515,42.43397823542783,2.280754138913709,0.9155219949929847
2555,0.1693923991319568,43.99733714365642,0.3480469837934422,0.367569024965157
475,12.264504682182148,23.0006048540354,0.4407869354672883,0.523835240386221
2211,35.22930160666751,31.19036319604375,0.6303814801470395,0.1620261614178422
484,4.95972650564393,18.83838701022058,0.6120288169147272,0.7359732010520706
4654,45.444372019323396,3.885598784444527,0.7771206773179005,0.5602808490667015
2285,10.75112846780923,20.053465532839127,1.4390772456827334,0.43990745798337194
4563,10.22968071458879,29.699037660357234,0.07043152826276156,0.9471864655581935
3525,9.075398081074775,14.35721353840657,0.9556814875999395,0.8906508441418367
3339,0.6990856485682373,42.39752873637079,0.6159628197314913,0.6595112723444972
2822,38.59027342391173,7.555007958729931,1.516574620131805,0.921812406156527
4943,43.751726562262924,18.356454471845996,2.462923327628839,0.5647817949330726
2924,30.708135130809943,6.245195266210146,1.2941365304584316,0.8269371517152668
258,9.409999083993114,20.241606699261265,1.0642130977960846,0.40946016418518627
282,14.263899847043987,1.9830652487135225,0.9206088628627904,0.08674419134794764
1898,23.796334868248163,13.627469753082272,1.9623730471996441,0.9941485895291096
4135,47.71729758116504,20.036762755684183,0.17995232912681736,0.1656315208265725
2976,12.36756859088714,23.908268163834578,2.399426286150304,0.2515100392589893
2267,36.582295195994405,27.184817923757095,1.044794714970114,0.16310338942483948
3200,21.972411164646015,13.749556489495946,0.7842518145627825,0.3374795179787451
612,14.89236741800109,26.152066730743616,2.435170290999253,0.28928013372633876
687,22.79579685110569,25.45023107810299,2.3396971581079997,0.6011022485492349
3690,3.5603358770616267,15.808902543810422,1.6048353494143024,0.9964600144192844
612,39.93436854651812,41.51001653282391,0.046268437126003314,0.0525090554855685
2307,12.165096399148357,27.282056329678255,1.8713374405164296,0.778443113293322
3013,36.27060615964852,16.613485937327248,0.8388935001050033,0.12799192440648655
1781,3.417418572409736,47.366925604038826,0.9707005771356527,0.019835024632215648
2591,47.7549278082843,42.255620653558054,0.3968553224434715,0.6385768201156948
2696,9.65074927028493,49.129390577590044,1.3086452096622483,0.8733152288693673
3958,44.13710381035402,34.611693732271036,1.8613814905094155,0.1762985066483953
574,40.47366048077172,18.911145275302342,0.6825277952326712,0.34161378464194736
1910,48.3929962040708,14.043033333950616,2.346832270108438,0.16875020422307718
3604,23.89453304728748,33.16589218372405,0.4868421400073858,0.9065075693029171
669,36.369864692297575,49.04082912476518,0.16565585148608342,0.2703604324181226
4364,18.5355328518892,31.33575400519244,1.6109096833747525,0.4447128914061025
1283,9.218411900984691,44.08074704949191,2.123296829700117,0.8947412762830783
923,22.15379664667244,16.455171552388432,2.3828321482687804,0.5528692037626718
1125,8.287450769422744,20.34768912371278,1.917927526291297,0.9328498007687058
1529,49.102231139319194,45.313761979467664,0.4991250287651808,0.926450414647039
1594,4.812324557035819,37.84333509789094,2.444152962009326,0.46160101989372093
246,29.46058617263102,49.07051601839529,2.298589690072107,0.5823826127333706
3711,31.323192762702796,38.7382104866121,0.4079185569061186,0.2303142737129369
1560,26.90397714370271,22.425785360911586,1.396964567288311,0.9905358188011633
2400,33.10929428559168,26.553400991118153,1.3887935648274472,0.2783166604117949
2243,5.8090387505945476,45.025774623156835,1.106336945323677,0.7833069879809512
3864,27.750926210264552,27.582336804902397,2.460703325649222,0.31296906015522596
1939,14.360628556368077,12.76986870822226,0.14905559295055298,0.31304226208978503
3069,47.00880316505283,21.78099063849747,1.5680222711089618,0.1038629267009461
226,38.10358267198629,25.815799442455894,0.5132590566970252,0.5598958107965798
3547,48.62572410798713,4.835991677556478,1.318328011827399,0.24483233812820926
264,1.8778034870094773,37.188133712644515,1.9493519294687969,0.1483947577576188
1395,14.256658759035435,5.46769666774865,0.6168170079213658,0.2266666945167335
3557,9.77112933191745,20.245885668440284,0.9833988662078713,0.2510931570640299
645,0.557729365591525,40.231122077020224,2.376920185700998,0.504083456119486
2990,12.116286512316071,23.378518080664847,1.9037018443007738,0.38592303655556226
1899,33.93879917602145,42.100775985925395,1.4318079612795889,0.07549028102196009
2504,11.554446106728427,17.094066102805748,0.5549934695167918,0.5360285828958611
2772,25.45017227413091,47.88181469992177,1.0632635936939576,0.7877474515887647
1154,44.390905748249935,10.473421590261777,1.9351532976248067,0.5742351608939953
587,34.68789601745376,1.9132072494650654,2.0513576952749406,0.9745402522517708
4571,19.731453495301597,43.62132714952093,0.6115154953559974,0.0991502081444714
1821,18.623446945605416,37.610135797520414,1.655150526042548,0.8211523367581094
985,22.786790700424238,11.599191853368641,0.23750748030849977,0.5056926698973331
4079,8.852072052995318,49.237080356833694,0.05803076862616108,0.5215951775452281
3348,31.700038370799405,25.114006463426392,1.371684808582553,0.5190999346495484
3831,18.207640955230275,47.55327200720817,0.5609496357010718,0.32531882790763844
1241,42.618267463102185,25.251438569349965,0.19728007810533216,0.32455501424025246
189,37.82763300289081,23.59372933856455,1.824570782238075,0.6318445066424758
980,30.525658204608003,22.45692685722325,1.2449364709116126,0.04476508538311641
1698,18.210111132475802,16.74376380664751,1.9906925273961262,0.5887860453018035
1715,10.49659158367422,26.685074858827583,1.6598605992013924,0.7245907182109155
2593,38.807593205281144,22.627733097428393,1.824512349788725,0.356326293475418
4136,24.320454949554325,1.8373438311777068,0.7684014532397496,0.2173569394596333
4433,11.237501908867875,13.021761671175124,0.6581895642080909,0.21338691272290444
1098,9.75873075200031,10.65614000527792,1.5021872302381531,0.081839653344566
2326,8.270045225067951,43.37178011605333,0.5002053509952109,0.0897193192064083
3247,38.85805981027975,29.94349886134207,2.038530289080053,0.1666878681945927
895,11.449359265015586,38.18415502248637,1.3073004224355964,0.019172905053087108
1674,26.332113176259874,47.84130188746403,0.5674748308694024,0.2662354075241843
2909,22.577318048652824,32.2019636263205,1.5629205808247713,0.3064018292479601
930,28.980544961414196,49.13049957023722,2.362589337709044,0.9952212533561309
4384,43.85774501855971,15.588202582606481,0.20523681647693526,0.9916877376561254
723,43.38736950408653,9.313359115644692,0.27336301828375736,0.18704884683708478
2940,22.553803591242982,20.165494399645574,2.10959786715835,0.21303215809692444
1089,0.7683125367361654,23.539970746790402,0.27398443641718395,0.4919063705604325
4578,21.32219028571516,44.76807714262925,0.0984384233824695,0.14878433373771016
935,30.30967687120702,27.997021951833815,0.8698264526161823,0.5040394081581917
2295,27.88823795490309,14.60904997090085,1.166764712303994,0.3993897048050743
155,32.56680529001027,37.131714143376044,1.4236110917267244,0.3246228910498724
1070,7.7037866236541745,25.291596856953547,1.2682505814106246,0.8226051708097752
1958,32.326754939036626,8.106597263758509,2.2829614066452835,0.8281176999930576
2501,9.132580937188612,28.840989379562608,1.9216702509790933,0.9878894669837266
4219,37.52619903483745,45.5697268403642,2.459525639654277,0.22308811408158224
3830,16.954380663134,42.13113087379101,1.1911385580633058,0.8882774971437462
854,35.494771669072676,29.340498631766554,0.2108240245979473,0.537845929673931
639,2.3932799453053546,18.854158694249406,2.3888266073571867,0.591459431332352
2238,20.39300127954567,4.348937553210558,0.010282903972743396,0.8962932143325263
1602,35.25172611316664,23.482446166581187,1.940240034597621,0.94263079637832
441,11.343525816574706,37.60397187647896,0.07820507692919865,0.7268112577006373
4628,39.764352239861125,18.01368598665053,1.903035476629096,0.3478424319351239
1336,31.5389866552466,11.77234127758322,2.3448473496201356,0.48966798966850533
3700,29.378088607489914,46.56898596354767,0.9731507433276171,0.6150538640541099
948,17.677442710216855,41.07778502289962,0.6024121280492942,0.828640038986097
3373,24.12257351905588,31.913780971007235,0.5656978812795771,0.6579477053775554
459,29.867465048892655,6.8391671960259695,1.2292941103755084,0.36544761668762304
4646,23.623105695744524,7.245442020308651,0.42721758939197885,0.4178804513602944
392,34.915666197028,5.160979572788948,1.68230907664928,0.05043770203927478
3938,21.68484665534798,30.81483334463716,0.9208808937209373,0.9242678604371359
1787,10.113659087101517,5.7781398236668,0.8077737310081476,0.08811901332949323
4940,10.696689140052362,42.13135994313165,1.1532139406411426,0.5799307906855448
2257,0.29018844214705464,49.64825009096611,1.3564687560993796,0.8716518812388218
1138,15.047885777933622,18.317409235433264,0.3548256556469895,0.42086524951500714
3808,37.44588202392598,22.68349234835487,1.7694084094921083,0.8001254875113715
4741,39.70813544188048,35.58335884928393,2.2073677497633155,0.8038160796362951
2454,10.123377104787501,46.85765031628829,0.6949672905029545,0.05984603858624693
1466,47.952199843570384,44.704688677819256,0.450977254573712,0.41214372573072167
3674,25.120139674006335,2.8795914374924294,1.901263559297659,0.6910254866870436
1377,45.848937450925135,8.45359012783825,0.4588543094141237,0.4223535090688829
2597,35.338264093081555,37.72985992788961,0.10313790090739156,0.5451672481793561
141,36.12167115112065,34.44465540162236,1.5481080509569471,0.59445790460664
2659,4.2521810653035566,6.660929702006163,0.5993785407633756,0.15122937673124248
4596,10.999556344846534,25.103229100078384,0.42952602232139925,0.41198120614852984
839,0.44074166472363174,39.04073155426478,2.4540068542862654,0.028463221683565854
3618,35.806382023836875,10.939034113134682,0.7296624584993192,0.14962608319534443
3917,17.2219144214255,43.564381786733314,2.2586082255388393,0.5122540633764986
595,39.332625803817336,2.6485887410183984,0.44554691472151076,0.5735859979388103
1904,16.946810996851312,39.10975425340369,2.047442830156088,0.1462344065916623
280,40.966687614943055,30.790944989493514,1.255047182621205,0.7556192702124205
423,6.53491268741565,15.759967332717457,0.1964869227899882,0.3729878878709927
4365,8.66865783787541,36.046627417095564,1.834013234108931,0.9206499288276719
4249,17.043826979196826,39.11828975755798,2.23018342933695,0.3876627233054065
1750,20.424369444113665,46.694948565198466,0.4075424758388038,0.14981097643260455
4757,17.43514054214892,18.38873360771318,1.8139756058404384,0.7579704586807576
1967,38.182351626160994,34.30083679899775,1.1126312976828094,0.5678008004393289
4088,4.847569631335736,30.130813846734544,1.8846761331417958,0.38668816824415575
4178,17.560850981924403,26.260303472854424,1.7848198704632643,0.3559571634322616
2946,41.86199997577297,44.520823707751894,0.06650057615751354,0.15076897355727104
1449,3.3398538631085994,0.15836570692001617,0.4468025899178879,0.34083462746601145
2331,47.11717538356787,14.105580305179883,1.177568107330686,0.029344140978335043
2220,49.315842113600645,26.913861977241503,2.3339854297802005,0.5024019140757711
3789,4.428408691254004,8.914663081827618,0.8551836418870038,0.8967237418137359
2810,14.563626112786848,45.39332668663791,1.5721836757004548,0.7953307962153271
4728,18.62003330176781,32.37975588065077,0.03020936378607203,0.02852119720421431
1531,38.8195684326363,23.894149731599494,1.7778173038673604,0.8812603262682325
4882,29.79634060583669,40.73508795333273,1.5076706568820115,0.4523248288825533
2990,32.218285024628365,22.544309573255187,1.7884868665394147,0.1908914654154944
4493,37.8754911409253,27.932650596500473,2.2616515325623623,0.7524119552153874
1143,5.898949971851286,0.13754977769604992,0.3662473327945251,0.32287355017704633
933,41.66047284551312,18.285026509753678,0.6539739900201678,0.2533184231368528
1460,35.2809902090072,6.939523617548487,2.4894522304203552,0.16131840678154763
2723,28.867086259818514,34.48443403311455,0.3907098962740674,0.4866219069002228
2512,44.486766739152834,23.95134794878669,1.8015675163150657,0.09339399954944527
285,35.01531769419036,15.08787786251154,1.8126897762772545,0.7856131291137866
264,10.08499813155127,23.39161696858712,1.7074843655889236,0.470674576666411
2367,21.487269053783336,10.481494397567308,0.5686014732864442,0.4469764168189202
3447,24.702143346786663,46.25433162430703,0.5378351580346769,0.0018539564815209797
4916,2.7608813375202823,2.69863162754565,1.66585267008697,0.8178638603085613
1762,47.731875668002786,43.27085176480602,0.4656254611480401,0.4928370590382537
3048,6.4288630398439235,25.567939436667547,1.6539083293513435,0.43989451980134786
2381,34.87306336133634,30.947324806940863,1.231320705063295,0.7613848852843905
2269,25.31155180454401,15.13028104543519,0.9665721691234602,0.06289854910076087
40,1.2816124942211293,48.334880839716064,0.7505808734448643,0.3666804560952037
67,46.23737379321808,14.092547925974491,2.3689423333077917,0.5757339575537564
987,42.59184044094666,29.443899857015214,1.270234144356969,0.4605775627391877
4008,26.212896395191777,49.670835255356444,1.403129906277405,0.18163888987797439
3198,11.447116806972263,44.05471981917229,2.3731402117169638,0.2992765076803118
4790,6.0811445340047126,26.816491264305302,1.6346932952428341,0.300200557647633
2524,18.16962397160633,49.51872614836061,2.394632319392069,0.991970802765227
1085,12.771414052304525,35.06849308663073,0.26591685130674614,0.3261971188066488
2479,25.334560050314934,10.435020807090467,2.1165990794310097,0.20518206254229898
1693,48.32046480617145,20.27981052179032,0.8385365700577272,0.8226371531041464
2315,28.74767466148207,16.72466670057755,2.026218812675853,0.42117125500360864
778,44.49655279450489,17.20068541355946,2.1390915604874463,0.44386369448705076
4589,32.543941874788864,38.022821967993316,0.6787197153563895,0.5488890634957373
1585,23.76232632936002,29.21314636363968,1.0220765412886972,0.5956891972625116
1492,42.73037813666856,1.904635579476427,1.81503588578726,0.5905556004103395
660,23.568405508649874,43.872424182548805,0.24763907724242668,0.03449972241104393
1348,43.43140852551805,14.839807024008229,1.88883383584835,0.8188424328979528
1299,14.578838478788263,49.853743845657185,0.27618231513686003,0.19485281907483798
3940,6.440653688149406,47.709536516739284,2.2861393306701454,0.2923421277838608
1986,42.76572321814692,47.02653583409826,0.6908482332408836,0.17342952002067547
2044,29.37075818963334,40.556380203198685,1.4389983671683895,0.7670766575358777
3516,44.45461991244801,11.03066658417713,0.29288375019068197,0.5836579926254195
1058,46.89136034961916,26.6316372014391,0.6737328866561967,0.7552961527520513
976,2.6814195185724587,11.21513134124873,1.0098876087177635,0.6533984054293004
4577,25.048465092943417,12.983772779447461,1.2176221917075358,0.10415863441940187
727,18.748227453726464,30.547588471813867,0.00016874411643608145,0.3014997758510053
2527,31.292919853505857,2.041677267653169,2.221639405951171,0.5072651595901213
3136,39.67955986011618,48.472928341035384,0.01918702389719279,0.30494503143136364
342,14.029510798718448,45.93365862889822,1.9342114074860626,0.20730390440611646
1447,27.839919218658583,19.038378607885992,1.1764472808909274,0.8698119690665997
2379,35.43642899524498,25.771122400345654,1.309700062253441,0.7477836752153759
3659,6.721554141786701,23.30597096338795,0.5206636983363522,0.34522006055417664
526,40.703345297563345,44.10998893087349,1.5184208758642603,0.7650123626288985
1896,30.305479992648653,34.43009381580555,1.3430797729236303,0.627538618445228
4754,47.47687185568259,13.905562371217822,0.41059101655073843,0.0037857336323967594
2073,16.976445956534665,22.342062723264846,0.5952975033730479,0.38026202601163495
4915,5.407297116859933,21.44829878433819,0.16725907253114292,0.2904874991943305
405,25.325060051846265,47.96675841419593,0.1657089302236317,0.21790862170589687
1573,4.290538585471943,8.765545525731982,0.03443946488106642,0.2515893940708449
4600,48.47632616620034,4.478816864721452,0.5511858137077095,0.9423648465755226
3740,1.9342479128595769,44.03094160808451,1.6991530684926393,0.4863170679915373
4274,37.6751950553654,44.83429947529354,0.7905384703558906,0.8477087182241195
4227,26.255119907112203,43.58695439560824,0.8568356746684416,0.21421715215298254
1846,18.431032624914433,25.54884578127782,0.32976348313861176,0.17440379964594832
1478,3.2921082254327327,32.98722141347302,1.43867666914105,0.8887895883139098
2395,31.108346208680388,28.168152378049193,0.8553591038668431,0.49570468578246785
771,29.261016469547762,3.472391302720046,1.6907920085755368,0.895152125312413
578,14.044163653379988,29.79174484503612,1.8536486721063836,0.06302885287127491
2901,45.511085070515605,0.6807073628050442,1.4617321881209553,0.9164355221763077
193,15.205500367141845,16.249370477854306,0.6901738420300907,0.41544531634222304
2007,22.486270529605306,46.614628793658355,1.2715194983431357,0.15537048742184778
1185,27.188122795932784,15.202263481790379,0.6298270117057583,0.6833826894351941
2394,5.011593908814305,46.99133213221239,2.257282088384795,0.796902683294257
2998,46.60808596068161,12.506697857462212,1.9159643752063933,0.04737472758140038
1792,18.726807622552055,15.728112023076623,1.2325147650139157,0.9871959744186861
1110,4.038960693717181,31.420374821927677,2.4136428579453666,0.6970268873161803
4005,19.364558683766496,38.08134863946474,1.36688861682547,0.32140199165784433
2261,30.010127354629034,25.069388400244204,0.8213386923923705,0.1512937956953906
3736,25.682633591066477,44.10578435970777,0.2386682519851177,0.39253141467821473
3793,34.7270987018637,2.012021080530962,1.359364112033534,0.2205656605586258
1936,2.7741971033955313,46.10974193171853,2.151041528953364,0.49415322359809577
4875,14.227030513602806,9.8153899947704,2.166796820391122,0.7818927084903275
4357,40.961528842005116,44.211937254232794,1.511417666706871,0.6601303889505533
729,3.994684389568043,20.043158974319024,0.9835959080855319,0.4359349047817289
4378,42.77429773479788,41.637852793551886,1.6257407702266997,0.11894392458004954
3451,4.594804603855312,33.583277490184756,1.9053508863975988,0.957156922368007
4457,41.72271074458481,8.797081623913105,1.0290619609853155,0.2703705254504867
4536,18.039420053936333,45.90237849407242,1.1906354230373135,0.2778345458750173
2140,30.61045316286079,12.275869524422983,1.7015407684448576,0.6455022218385325
1644,7.644355782399908,12.207005934749954,2.191631515256866,0.7705096221471027
2800,3.308436086259042,40.708944831869026,1.9775259453556873,0.9841527653173495
4962,10.796910201006755,5.293662778626052,0.055978423300871716,0.9691642606278063
141,6.392690895434777,11.101795318523017,0.3109308594614696,0.9137605242320807
1455,15.62029488398159,25.183878671053115,2.1319454507138045,0.4353135673833498
4796,25.71916232555101,41.52385143433121,2.084557070112584,0.1666696597564481
2096,29.437973178250477,7.374198736863375,0.972016957871773,0.5844712032866277
1325,39.49340536898715,27.383411725617318,1.460694805894164,0.017256505546768053
4976,32.81199466241793,35.56202959014698,2.2646124560716157,0.19624883899539347
1213,30.43791625647765,43.029761235797565,2.278896702517741,0.0025293967947646046
1159,20.58910137428873,46.77827801011098,1.9577321144022268,0.18053591257153878
4650,23.690421748006933,39.23199572344662,0.5239723458991974,0.4747571233962561
4499,20.726041469509056,32.641419911100094,1.8257070183848623,0.3933243110934159
4987,42.10830150306916,21.681004265638293,0.25274608086764155,0.3692965649266392
4697,11.500022627419993,5.605507709420982,2.234846148636423,0.8309528639338625
340,0.2860465770982312,35.486859626276065,0.3728720089467863,0.674996304645678
3828,32.565994861311964,49.63686522377434,1.6558716002786271,0.936431762871106
1968,10.123109181941569,36.838029736604994,1.5256081856308716,0.44534109067767247
703,44.505756815490464,0.835554686886314,1.9422491396989576,0.2722296754759518
4413,42.9523164853328,24.812998902091937,1.3789437558961386,0.12268453803335555
2429,3.8363685964102947,30.732331624145193,0.14891643843933045,0.672027395685146
1800,5.319420270703867,34.483710055142154,1.7646156351103728,0.841741088471657
4912,24.758579612333314,35.98629178003543,0.9578863970881699,0.1837393642617563
4648,30.461133138467734,27.9054220608262,0.8007125030477746,0.8787527445125362
855,13.745416874112038,11.168016636712014,2.479183873834337,0.5262762016953331
1812,35.839885834968534,47.11003307382733,1.4759994148993194,0.1440806321409519
2866,29.745801045943576,34.83332338318309,1.7767976831735282,0.6428633249017549
3642,16.241205487427735,11.842001843470474,1.3158153423391208,0.5200527415372135
182,1.2685744021157797,16.116091613513646,1.9249316148791318,0.028183547312732316
3112,37.507514064925886,46.096383531518484,1.880181838749938,0.3992432047266242
4492,10.737683291254136,44.37425933536679,1.6428652892004012,0.784787992942911
1517,41.72368717313142,20.25732191790448,2.494357653609442,0.5554237534221071
1356,21.01451300271276,1.915361099572549,1.1494838352078443,0.28204112626253053
2174,28.853872131588272,2.4248684446969095,1.7654808707453875,0.9286417633825497
3629,43.64743652045009,14.195914545919452,1.9944449070122956,0.2377790380438599
3628,43.18115004599767,31.456110966949975,0.9400867739863608,0.2527360069326161
4096,18.575978762178664,29.20973176672809,1.1429375688840464,0.35463934628026306
3239,10.444444635742157,31.691389347197134,2.4229181659764634,0.8945378612561284
3691,38.75730388642973,35.86414859660533,0.08072754281652023,0.5076253954255163
18,21.65401018010656,0.9516126796369206,0.8382391349022857,0.6821790592258289
3403,9.602099677950203,5.254279758622143,1.215532405846675,0.9762641725102805
4679,45.22126711585751,17.97417259136063,0.0036624826729755866,0.7832962968923645
4551,9.905209712054369,7.742999876079088,2.2478177525165295,0.17260011865109326
3004,1.290358409561554,3.7660021272277078,0.7156110005303967,0.7883539290399766
1132,1.0139986883709984,32.048219799866594,0.6442620802736108,0.7483371492260189
3339,31.115767822713213,40.76682387455495,2.050815488384355,0.2326169944772256
3311,33.08375303587652,37.63133287171412,0.6949580712561885,0.32534983088761593
3372,15.552085252849196,40.85198893045896,1.644056484755056,0.7101282398630768
987,16.00054946235317,33.29282720289386,2.053757859754898,0.23839309406785858
3321,16.97469575299714,36.76726609071011,1.981192119275931,0.2081868690026193
4615,34.00792733794393,13.588938710415066,1.9548768435648223,0.7034727721303311
4954,2.9066895513414295,49.650401814208216,0.22159392466308714,0.8805954928197636
173,46.45581763456628,9.158282724694356,0.1996174189309105,0.07501668262212002
3741,11.126052208872322,10.724693719469125,0.7669250893434687,0.4459077352581128
3052,49.983660262104614,14.446091590792342,0.08986970299004443,0.6071752203290078
726,8.57613468935935,48.76662150532894,1.2510743412981609,0.676276785832068
3760,38.577322865618875,49.41442946769531,0.9869551656755458,0.996195912374829
1875,11.170627246481251,39.744687485324874,1.3925647813578728,0.6826919603167207
4033,4.042340082162699,31.452879927981687,0.7469713466742262,0.6201541129971541
989,43.74666621753244,26.00312875923067,1.2143850074760676,0.9897341523090019
3744,42.93756295954459,48.531042284342284,0.8368619146476344,0.0606681403781838
2686,20.178519622480067,34.78114014291238,0.4880202305582715,0.07443689615309823
419,35.11980712702134,47.23650641630151,1.6234167028445374,0.5606825264240842
593,27.853296634195857,15.827539973881194,1.683589753747963,0.35866461434959085
1774,42.64780568368744,16.688739613478283,2.073079231874375,0.09669751374705593
2459,15.752798465932722,42.73622970592178,2.186879457884312,0.3064488960927906
935,26.183619999949258,7.492746029264719,1.7611547609197886,0.674354487407644
3808,24.268618560227523,47.29639306480379,1.71874521674378,0.8806149636866302
331,17.695291312842937,25.373717733170377,0.14168916334118126,0.09432447665655419
3449,44.57275322781861,46.320693929184884,0.2744481036454288,0.5401450624841042
2702,8.293896233126773,16.839639436290653,2.0314067759771834,0.29611556479642187
4006,7.475431976034807,35.79794520696985,0.5823781540590789,0.6673261632938063
3868,28.84547676613757,24.143756098634483,0.8889126505427075,0.5494514944575069
4200,32.8747114992471,31.340181512273652,0.36324338418969204,0.9267110060221794
201,9.730962716228259,25.218624656957612,0.4878799214372975,0.03768388694988811
2497,19.535872112731205,48.35578086856807,1.9385430884255155,0.47003727494014136
1842,47.328192148937184,34.60526989069586,0.6546490487888457,0.192759555350709
1866,12.3308711345337,12.565948431315771,1.1225874156604754,0.5367817086642457
1996,33.418035105869706,45.48384609525423,0.3791784326480982,0.8535793440668431
909,37.00746968487954,14.701486907755218,1.6948247657902464,0.9113165277860585
4305,22.406434973257976,18.580254965042815,1.8206743353336905,0.3982316632172018
4658,46.87629933797915,5.106184901010669,0.9042307947467845,0.8117805232658257
3189,36.83283676093952,44.99832598980954,1.9618666153068764,0.28050807472550543
770,22.896228993044893,14.30560116139315,0.5997666298053161,0.00630494631918066
3155,28.466760088804698,12.945880896569118,1.7297596552503902,0.8552390575229689
2501,34.630672171255036,46.013129899747696,1.8249114535511348,0.11941224240661463
2714,29.609509021460912,40.27634312025167,2.4216434444719406,0.017611123362948455
4724,43.93487919130379,7.05394607596872,0.5808041629667906,0.3537976633679486
3585,17.84443311402006,38.46622519518404,0.23427620010688183,0.37937998962495745
1628,14.994287002790246,45.651654902689536,0.6575885557244665,0.0772201707722725
386,10.691944474763215,3.925560910537196,0.30715549145529764,0.814182646484471
3421,1.8891484032297567,41.26074974522865,0.42423577123577416,0.4055927302083334
4008,2.150698219002767,27.3710025936528,0.8352862796399361,0.48992361376959437
4093,43.50275965546414,33.459872468940034,1.0349768668050021,0.2646252679528317
4363,33.919657320295364,24.642716945246846,2.259310564378449,0.5115067523465978
2466,33.026620771824305,34.89015424526393,0.4890394287500527,0.7667313906173336
2282,30.732140946744302,1.7048930833376608,2.4293974398030405,0.9061827155005169
1856,42.46095723470524,38.13533616116418,2.025383024740429,0.9705296007351493
1998,24.013346283281372,1.6671848929479205,2.2036784747336027,0.426723924601364
1236,43.52054142791501,22.764992387367172,2.3236099743506085,0.9900338587684592
4669,17.972251309111957,7.548249656514744,1.8831029928528018,0.2949557117226813
4144,46.335375216954525,41.17871386756536,1.971949579042653,0.006975935285060131
1150,34.93284900406201,15.683045458783429,1.094545741514049,0.7676170438976347
4318,12.858856801221364,22.704677230216625,1.2761255866906098,0.17843564854119864
1431,28.204246084431254,21.43753706491558,2.3312135669165857,0.05245483812386287
1819,26.651528074412777,38.62509828423533,0.9456397788816238,0.9240089225976987
2324,6.894941086516698,24.057217989798772,0.10486768266051799,0.7918108304969869
1130,29.562145287530704,39.4479167505173,1.9068859636869324,0.1026648015382563
2658,15.739281185847897,3.6754138401337624,1.432893779293796,0.7769101523843331
3500,2.6174383404801214,9.579698395149755,2.037189905858279,0.8439996974269963
374,47.432807885328245,27.576712482318033,0.1888781665274053,0.905301665182571
2120,32.07451845321439,47.35441623763475,1.5530799761894745,0.54369406746636
4020,43.84594659354235,3.7378923360890157,0.619264719976895,0.703412070528096
2021,33.802800250662656,2.1542108078432154,2.2581714862362103,0.762239278961011
3705,17.849184607005647,7.827533746392784,0.2747748493543642,0.6886389351561069
3259,25.634403616440572,32.05765644300783,2.1076731818126575,0.6468336203055937
3435,33.787338017358856,19.94964583351236,0.2213856299297759,0.5475592527778836
1889,48.01261626007188,41.27761897088431,0.06274338874249524,0.4791954541955694
1823,12.683472956084824,3.5966575740682902,0.5876485751048057,0.9961250195648306
1474,43.74885293120588,9.820704340735054,0.8326113523167095,0.3375607804221564
2242,46.20389026471347,15.001320273244783,1.566321929529678,0.08826877044454862
3243,33.520775732947826,31.33650433443926,0.3293114934026345,0.7650369650036276
3134,46.56333137006689,34.25863451507736,1.0933248339776873,0.21382437786949415
2070,19.893929373868424,6.2101646981886915,0.5106590052571844,0.5326933596187057
359,47.65080880202214,47.19023544958698,2.138258303867658,0.09580151660057068
2041,35.139143858298745,17.052206759510458,0.11241626987826242,0.6192838608167907
1141,2.100288370940595,35.658438150014156,0.8898443167213027,0.9440074039032222
1635,45.343641590952636,26.21038594738494,1.5784351999227721,0.7227047126069578
4000,24.223640451659627,11.13790567735533,2.2827204451298475,0.2145347782266135
1943,23.016349238891642,42.31141615577055,2.169983556734738,0.9711380452888607
4774,28.323330298981713,40.911901409596496,2.237979998792909,0.3070869310245482
3361,7.469227338561396,19.803592695834503,0.15713323420745523,0.43661498649135444
2980,23.458302428369933,29.43037928469277,2.1023081536586488,0.4981170203728008
6,41.55636083588728,12.891284796796986,1.9497814463602978,0.9907187433734728
3267,0.7741229568757668,34.492581437315074,2.256079123189047,0.0688914007191832
1591,13.645858016218565,15.451340631021571,0.7789406681450034,0.6967282944355699
4928,0.122729322192211,42.203936719111745,2.279412765683417,0.36193087569273585
3264,20.785565457492417,10.869255213863715,1.0066027127161195,0.07832531910243934
2606,36.41577552468674,0.740171140923207,1.5852492138145,0.9350316576328564
3219,39.93859145573143,13.425402098395923,1.0604474780174957,0.5898583191430653
3273,47.25948805635033,9.552624322974335,1.069121076289128,0.7535180075887757
913,30.425230648539326,25.414321986246215,1.366592546987254,0.24038543557127967
2011,12.731343332644773,10.185164582828815,0.8898167740520563,0.7615409226294236
1442,46.20739745683495,38.15949353597474,1.9818424856730892,0.8284754400232166
3054,38.765787694018805,12.068531900200197,1.5840968385380971,0.43082939721447633
3546,28.721424150157226,35.34840899563279,1.7243894038473642,0.5719564727479653
4221,34.782010785946795,28.923546150686203,0.577587000554409,0.9718725349295546
4912,46.21581775037146,49.31249282359422,2.423938221203481,0.8467296417077589
2928,35.619701423646084,49.99504885046158,1.6504402444324136,0.44485006106816427
1829,18.4187253792367,43.476304165866495,0.49298966132597904,0.6645738587558458
575,35.65141011445483,37.999168464937554,1.8762256086775844,0.784231476802513
929,2.0139081367693934,19.322820700028686,0.43428525801905676,0.024328820578248478
3759,19.32077809152906,37.66383635656518,0.15846224074877097,0.5883659866252704
3699,20.316151592278963,47.833776853974534,1.3188834903645859,0.9845286134127084
1463,8.341911721041734,1.168878769772208,1.383809885405868,0.9471806498263313
3275,1.1542740275885088,26.89573500988694,0.47241393682899646,0.8324403947624444
4928,6.669061831887141,10.899915219421729,0.8709473607303975,0.1062140931306853
1054,32.731074789852755,27.89381579344252,2.3644232391967424,0.9940414525161517
1900,40.11444081818438,23.32235448794456,0.7125080802187247,0.6095381531379492
1457,49.41017463634871,28.788429077614218,0.38892015191342166,0.2229082494294905
1399,17.318175155424715,27.54811107093621,2.4814048966636353,0.6742686896143166
3415,29.968961113055087,48.0053519584281,0.7557638409511669,0.8565235620796813
442,46.857248340756094,27.609305446736805,1.7006341828651967,0.11232776084763585
3650,8.35208906690763,42.31160440624336,0.5789004535981659,0.9164381432894246
4652,35.88227931713713,15.991014340042325,1.3753029924659734,0.9202042814189951
1178,37.74893665745816,21.905034439552445,0.9657049665240389,0.013464406231317838
4458,4.4487767934669185,23.520673802240495,2.4039481528979714,0.9003191216633942
1257,43.062469259153254,13.936402166768985,1.0820146863762192,0.9468179182401563
3634,40.655252355542196,18.98951307389776,1.4604354604543104,0.037691796980345194
1841,1.6701503288717223,29.92565397333876,2.361915664750368,0.2941663235080507
2309,4.554220744002574,29.009388165226618,2.4730857498448877,0.3731075068161265
910,2.456344694592616,31.821767228674027,0.25414591001249126,0.3488904720663901
4340,16.73717658996811,17.590895771007055,2.0858017801059723,0.7590032372701891
4637,25.46444953399631,15.791574757652855,0.955291235468122,0.358104459223867
4009,26.61738639773144,30.580894137708153,1.487071765514032,0.9565788098947423
2169,13.383337988472132,6.643087421376248,0.9376201973881138,0.994992625304738
2172,45.579844328013706,12.651577176606999,1.0027905141369808,0.3168188707062466
123,18.413139493595658,2.1063868476497607,0.39714383996277886,0.5088007532065069
3158,2.2775077982676253,3.6305426298040064,1.4319161460696648,0.5577058403000075
785,15.011355577069319,12.169163963030444,1.3667898648618118,0.5794028299670617
2416,26.555471127207774,0.9764640148459514,0.4733894713459996,0.3742089941952996
796,20.411091129411602,12.270529604373076,1.3543260733348537,0.16599350195882967
4172,13.692125954962957,32.7488161531013,2.432754706577715,0.054560541731127676
4154,6.566162488215871,3.055353923446652,1.7860214896344742,0.10634866564983214
1936,40.95822500481149,21.83683388973205,1.2024563989583799,0.9012912375938412
2156,49.80726210620959,45.65543934597747,2.2902099639534383,0.2803750066205071
3807,16.477106676194104,39.564241446270046,1.4382858912632646,0.07682298321104453
1301,19.081052208830197,15.271875114742862,0.33761999681950844,0.6235296995443529
4163,30.90187623384785,46.24027395958235,1.368774119531141,0.07530715126128529
3140,35.922073736777065,16.48232483738624,0.4524327884146695,0.07005293966902426
3236,19.601476740179564,3.6257748168781245,1.9187620968691856,0.6215705058712215
2352,45.246475849090764,49.70279783840568,2.417935535736771,0.5913952441985306
1932,28.000199461445916,43.50112635945859,0.9020464613583257,0.04147728694996011
2721,22.51950382029655,23.296639165054618,1.0872947003129863,0.4604778344369488
364,32.333637657995254,33.3188262096202,1.0537411670965753,0.4357683079060346
4916,47.64019241245866,33.56140389283351,0.7132499394872047,0.546689129702555
2390,39.727614721085274,9.724111536523017,1.9854499121965776,0.7378447104367875
946,2.000656526756217,10.002431657681615,1.5443208318674897,0.2828000475621941
1377,16.615495536997983,23.479035167591288,0.16012889214139903,0.43278028358381027
1439,23.527234247561136,45.578657006884896,2.097015837557839,0.792742684360965
3180,15.725878610455263,0.49968874292853904,0.4677205778830182,0.9225563904605687
4857,35.00937804152283,39.12528179746796,2.4478779042728025,0.8913229730498781
340,41.31345749312905,2.876339185732707,0.9416578475064143,0.4776309520940417
2989,36.56725475926358,23.91110574415589,1.5411241178758095,0.5208657970021019
382,49.46666434141376,31.89364165367382,0.194559047240076,0.5291054421521594
1556,13.627382394651455,34.33796335412324,0.8616581867208917,0.8687155697074848
299,43.74947475122107,2.9239631807955693,2.0058848934019533,0.8399395069380008
138,38.33113325872431,20.930180869198413,1.1930212298831462,0.3115325285453451
358,18.108937877907305,29.191863025116234,2.261508708860057,0.16284968942203526
4931,36.70622718284843,3.3022768653003465,1.437846102627018,0.3789745614921016
1522,5.203797820912348,6.754727829765489,2.3214304884893693,0.28840638324940115
3456,39.466674117027615,33.18244947520193,2.4565247675313904,0.9507807248149095
1627,26.61653012935513,26.081909829532584,1.13473639879569,0.2659156794386516
1303,14.61450863546266,8.091433063414527,1.4128914314445202,0.18120668172693555
1134,32.788865089209004,26.761966845736673,2.0873016081281746,0.8994790625592155
2186,32.08099993572045,45.63461867222079,0.5538325138395326,0.08647860435607102
3170,10.474311135979985,0.7793792387681964,2.154073934452774,0.2602660514264602
3835,1.5198707405763068,32.13168867429273,1.479800350943174,0.4391111940005884
2151,21.681129345083693,3.6825217302670965,1.8137503384613134,0.5951073781596821
1237,28.47559346722106,0.32247214823504233,0.19963505665861303,0.3276728963733063
3735,43.83026391852992,7.5327244330316905,1.915469208633509,0.496233996921005
2834,46.41083978237972,21.145331592695964,0.7769672614341461,0.1988311864306065
4260,26.44026090783832,40.117199949097646,2.013080692124605,0.5742741202254854
998,37.69017418842724,14.089274830227932,1.2728813457567671,0.4078168082796595
2567,21.965163616399845,31.28366061943793,0.6865358370390828,0.8492596872684504
1307,37.30410782864465,20.557831897765332,2.381899242554135,0.4157341333886524
656,10.240076246958346,11.716589598300398,1.912655994278748,0.44381541788205026
2660,18.553236740176573,25.71235571414293,2.464215184684117,0.5921749893424125
2211,31.71139994068074,39.87322451863116,0.9111747460305095,0.12317000407694145
1909,0.9078982803539415,41.62461850280721,1.6230490838540967,0.15679517670628107
3730,36.1230655169477,42.32597659386184,1.5289716946593168,0.7902377472272404
2046,41.77677506340834,16.92789062774897,1.7188918526720074,0.27341877913954704
3162,19.957083054697573,39.672803235787654,0.09579141510332706,0.684696928928456
1140,22.397120858858216,10.608922755445393,0.7292983096934352,0.09742696997720213
266,42.56411061082655,36.92125506214416,2.273343934477018,0.8218466603180131
1845,38.78273176630167,47.419221313630835,1.0595501371805671,0.9882281109189571
1708,14.407474451668751,0.6871917345478595,2.401609197703868,0.37369094520778434
3630,16.198805328076947,22.018196558939902,0.5337579316124395,0.5055301019148967
3211,33.94391161952983,32.38854942070023,2.4935599337027234,0.44271197983980226
2293,28.15990462240806,35.08878852437765,1.7439522723988308,0.8941877486390235
3732,8.111478554824847,8.80438791346011,1.9409835601662195,0.009934037696879616
3829,15.49649546145832,48.60916376192964,0.9921529305063395,0.6534593211638361
1510,44.999163843932706,30.76326839854865,2.267520303151552,0.6523682728035328
475,34.40872183611317,8.21703006141339,1.363657252396555,0.3823850082979531
976,49.29871588427597,1.0261255856257645,1.7023459505615877,0.21933364211701456
1207,38.35062649903847,39.163209939488794,0.237020678340715,0.23968268141503568
1960,47.09872160717951,3.985236972272954,1.5792017522322335,0.8004641212138911
557,10.80942869352377,7.0525460535118265,2.1976974706553913,0.06610309637495904
882,38.574243740846285,28.74150134278453,0.4457080705399702,0.563824146274359
2194,1.0108760073898715,30.175275172480987,1.8443148365871151,0.30684060297826554
4761,33.538001085576695,34.34435592961992,0.06350189748663637,0.2652478124683204
2667,23.46411390601207,19.675700633181037,2.3155075414062973,0.5057376655310359
4959,17.338003596003432,38.694933448341146,2.4572927900779655,0.897861506279767
4677,43.12021761465446,48.71792998079443,0.8854501669952362,0.6180919190373309
4790,42.71338463287653,13.554747153994152,0.2676846242883371,0.7886106277553235
1610,1.115085244932179,35.1514308268973,1.6464409204078625,0.600683779262881
3488,30.47525612247155,46.42343261975784,0.07458628536869766,0.6977157798727407
2454,18.39161121604782,34.314338130852136,1.2062157032429668,0.43240764879329563
4494,20.78305007502246,34.055474932212974,0.6794479378447162,0.9259816352081839
1946,41.6020369609388,11.18862845426033,1.1833476348821923,0.5019390204391609
4810,15.491988576383914,26.756510015984645,0.04568878684589245,0.5517746692267631
4799,47.152440531881005,28.126142180229007,0.12903045767676619,0.5249655032548496
2808,8.981691318607037,35.00647812279764,0.039939572108455834,0.31618902016491846
3825,33.13612116840889,49.84107249480913,1.547829675117785,0.23123843559918567
3536,33.60525335068824,1.682191127188104,1.4002322941880214,0.07383496411555501
3802,12.60975807139591,3.261633063374342,0.5828949963415111,0.7181749820025486
4177,16.2375304483601,3.897503471545938,1.6166078222600533,0.2892752631703708
4699,41.739924628997024,37.14895672444784,2.2105181422374374,0.3891979631956072
1970,38.09026274774762,6.8176897555378755,0.6933052525652841,0.9199281627262127
3822,16.454794015737978,31.122593724517262,2.0799845196974687,0.5664473494118737
2819,26.697827346746696,16.233443894672924,1.6562728400054538,0.09707806390393825
902,3.0840148126547726,22.86599781053555,0.0845511079324579,0.7996119128238497
364,10.437294119931462,10.783157990870695,0.9378747395735862,0.25613059910945546
4258,24.291027943019955,43.30532806522711,1.2693930396475428,0.5527058426461825
3119,4.29868676396058,29.30751620815132,1.8292479748868034,0.5099814748639906
2558,42.16661774459688,47.228163179112634,0.7178263956335423,0.2380788423518807
1863,35.90031050538239,28.729812485216478,2.456825262144831,0.11577103479458106
115,47.18168353242474,6.195401529847333,1.7113493512627145,0.21126160649496806
2384,34.673345298201355,8.543521691923772,0.9320341929109013,0.0973377995639656
4976,47.02006861310928,49.45369881839236,0.24256259769278005,0.2756280189521012
3935,27.72562778454825,36.27825986654339,0.4534194006770248,0.9972975107374645
4935,30.01093055309847,2.463937501454483,1.2190194001378916,0.40209226524138253
2490,48.84855273131304,35.18905025173324,1.2367383873959168,0.8638883913350103
942,32.106457343213016,20.60865234048058,1.9192969120533836,0.5491776921290614
1724,1.53932844303733,15.360419341159526,1.8154415639306312,0.666583079333733
2334,36.19013883152616,7.703039686526713,0.5031825962945433,0.1563479697505562
2767,45.27343460687078,41.995197727828284,1.4873915513956626,0.27480586742197544
1137,39.77901248971633,3.1920689494550345,0.051554501857220825,0.5104434230289255
2527,29.19166363127113,14.491773118982016,0.9963684984608334,0.8811434342268406
4117,33.56517565467582,15.319144691285219,1.9102631014290146,0.04288803588494017
3420,49.509589462583584,8.045264198175017,0.9987714832179162,0.5069199595657209
4778,4.533104425466917,25.409244164343512,2.0889905995035605,0.05101221250842991
3906,33.36224143166198,0.5851313405446312,2.440388225313204,0.45682267644928254
3637,14.169884728529691,15.048775770520455,1.5180315067484142,0.6288681593326368
2953,32.00451982930851,46.6814722016532,0.3625101908543915,0.7447231914283073
2367,30.381178794196938,15.526478467100285,0.9491930197635268,0.1385320052606267
4221,7.672841605408104,18.02296935533758,0.023708387670937914,0.1665752834613481
276,10.337332287011957,23.65825241170358,1.5068148096018816,0.4700649216917906
1999,31.081478902160676,28.084668742573736,2.0539212524344954,0.998036457979074
1227,6.411497365188707,40.4354322410372,1.5748501973076072,0.3560468356567634
3752,13.259043756516142,9.51606115780088,1.9652155729586247,0.4275274273629103
3735,41.762277386900124,43.587318859627864,1.9997598181897167,0.43244674281455153
695,16.35457530008193,37.87746785719447,2.127531440543659,0.08070082135709544
1309,24.403007813483146,36.132516733077765,0.6666594574938856,0.7741721452899953
4152,47.05701675729201,4.340228685731762,2.1781713070510547,0.25310152442610745
3234,11.357454441847315,1.082034498729234,1.6352349961587274,0.7036670568829199
4114,19.48130086790052,29.7006350454042,0.7243138914862174,0.47508987883559073
2311,30.322888777177283,43.15669812615806,2.468236787490653,0.611779742219384
2841,37.76694647519861,29.222073207031794,2.3754559843291725,0.053971636494996256
4208,45.08266933563526,10.661743272276542,1.4361024580159985,0.8899656844165662
3559,45.773649378675756,4.525994897460661,2.1080209459989088,0.24385676941971335
3398,38.83200371863115,34.97982264088675,0.6537362217996792,0.670095387500837
541,11.416541829665523,36.08851386589048,1.040092491527225,0.7980191120661617
2694,1.2404665021282901,8.626585034355433,0.45992940185958425,0.5400387172831971
4674,19.18869651778119,1.409515774826814,1.30025660657312,0.3373340220786242
1088,7.077442549391167,20.41417566115985,1.2400035751791632,0.9779033744810768
3363,35.5193823719149,29.135935106651107,0.532033064903916,0.2784397132706956
24,33.05652934128584,35.30012047835956,1.682004234290244,0.9486623371232704
1572,2.198582081072742,40.49725045764514,0.29447573881353134,0.15622413368473176
2958,41.82968895654756,30.526871365336618,0.15422862767427797,0.38922213152234353
4236,12.437163314559113,5.544030429924252,0.9622624216559652,0.13849558414730223
1767,21.61135377455211,34.12908360712074,1.0245619444617624,0.0022404730736960143
4743,33.39668677278712,49.2088321447441,0.7993515163162155,0.2602585403964749
2235,21.470939342612667,45.2792292298702,0.6448665939456261,0.08721040091895471
200,22.06439013999717,43.583445463475634,0.8469408625238259,0.9863455230903472
3198,3.2813997667870187,15.108507667917042,0.4084389348802575,0.7616533179518026
256,20.07217746300019,37.53940882270003,1.0086311728321933,0.0037047963220088187
3747,38.242394660999175,42.555172298257276,2.261508433793609,0.22364658482359212
4642,45.75881685932989,33.91631023156316,0.5610672030220956,0.670124241283717
2241,20.67485685316859,12.528087828399027,1.711127760875876,0.3985521131647545
3175,21.179291343953942,47.691698593747915,0.35446127599459837,0.8318425630442273
3606,35.131355316182606,22.540970572933794,0.884766560025577,0.5048607783757316
3336,47.13860005526383,6.49027793329397,0.8029369513631407,0.6536514197324291
4897,13.35304701196801,5.4888947528696,2.3425734860208194,0.5970373975944806
413,22.007210326896843,32.37594936495229,1.0699551395045224,0.6381689006236343
2014,39.79866217761506,21.885482320836957,1.7261648594534598,0.2300988538271801
1381,30.484678468701926,4.72419375894818,1.5061570224283232,0.3732894392061916
1098,5.529317198197736,37.01822860780473,0.35257518821190353,0.05062925286449138
3426,31.386636778113285,39.966258362930986,2.348851127576546,0.5876365146882088
3655,9.337314229866344,36.27078153932256,0.864673229639408,0.4592584620757756
909,25.510796703920207,10.113043884200646,0.11189588945912432,0.7607161490190723
187,26.455163383021922,34.48877279980347,0.7511092671104691,0.20638246462164211
4044,43.81016811124924,0.5361401447192549,0.8390843147058152,0.4368121160678018
3756,23.124713700621907,15.255606983920462,0.231863318446818,0.18074543305738622
2015,13.97212111179471,19.941076570377188,1.549943515949857,0.6139792252484421
2092,11.548317410801578,41.76234744427508,0.8669105138538635,0.848030256511452
3644,43.712593834216804,19.519718653470214,1.5728365158274271,0.765443248448985
2130,8.55054272091142,0.5634723094699146,0.016851408972667903,0.9441979726308872
357,21.293428044157185,17.61732059140047,2.455120997476881,0.971725781863591
2422,9.358655746347349,24.94620491796436,0.42629089636170403,0.7720338675819907
4257,38.66520200571877,47.45023933363867,1.6483274667623409,0.28680608538025865
4545,23.71863199873095,47.051715189477235,1.7894607581987887,0.21926137721531824
1497,17.5571845278406,9.043701911070578,0.4290208743686902,0.4475490345489437
2158,18.05498203132334,9.257327086972577,0.2792807052560464,0.9938836945771207
2555,42.61071033614897,8.169072823227525,0.38144297961202167,0.41266802081715537
2342,27.688697714721904,39.44609662070516,0.6170456396123614,0.19906841057226876
2951,35.89339255656318,0.30110201842031836,0.42058029498227206,0.944342877783241
1238,44.851925812534226,6.358859909593867,1.684998567390204,0.38591797759602275
973,45.087083802032105,26.89798158220495,1.052083009315168,0.6908988872276309
4727,16.425452716893158,12.378103344338276,1.3444789862884077,0.7881529786145868
3965,47.62256315731926,4.6178229119631045,0.11834197202289565,0.8431559020595341
1050,1.2437941007302722,17.993900616691715,2.153122407751808,0.8212803871227904
3701,18.841778050808283,13.71038025301224,0.42642888301548054,0.8362468629999801
2780,44.78994287544208,25.555215325714226,0.9003808286377204,0.6676534275778808
1588,13.731843990849146,48.961679691509794,0.17975409956941746,0.40383106927245993
3878,13.654072516065918,6.215231840745922,0.3419828366208241,0.6672868540638371
2368,15.131114254094435,18.636335241704714,1.6644985249391535,0.8367343340599133
436,30.61566924234611,46.59925089362373,1.7314675056392224,0.35064246462442106
2828,21.91663878071769,43.84365217469113,1.6924137115633804,0.2965079902920401
1556,36.33674181766713,19.71355173921403,1.3803419696150552,0.3437072171051635
3858,44.74553212823329,34.94766322598682,2.3813041600297664,0.5512833960293684
1304,33.70996874714303,4.392850679067278,1.2679429019214412,0.052443874813944524
2384,10.223336009878775,35.62705277718076,1.1235300732411164,0.77897081901684
182,46.63409511802511,48.64288647423707,0.6188639142928587,0.13885195845020193
1589,13.224643667373925,26.87440764170958,0.24712382316653153,0.13283865678409879
1587,7.494714766407906,24.924511351720714,1.370387324915447,0.19765913935610502
659,4.498363943048044,9.365930985095517,0.7872254667320702,0.5769274349724983
159,28.16918703330828,31.689409945364595,1.310063457976288,0.285568375803956
3953,5.6881231240325905,29.521864038945743,0.5152976956511992,0.36809032898655225
1011,6.938794205631538,32.59665297378753,2.0954316805197784,0.9316491109781279
52,15.001524029774831,1.304164334236091,2.4992430241476726,0.8472021799769852
2307,14.08265048422319,27.436174417453678,0.8060087753016237,0.8521905331047824
1228,30.211975516607115,29.74674217486865,2.1058190181508243,0.5776418333259878
1035,40.83726397363407,10.376506770640109,2.1824653409810186,0.8664661472904807
3702,38.06748281014462,10.4166428744268,2.4901844718926993,0.7785658253405535
4045,13.124222735823837,13.810908425547492,0.8568003244449485,0.9532368029110623
4945,12.265524899298995,35.586079586361876,1.8901034842852642,0.06436840502191554
4449,48.28957650534838,30.313303176618582,0.5720225091049636,0.028727133653932868
1264,0.41181207959800625,42.28813230589023,1.5619900032303582,0.1750299407238911
1884,43.98602665301079,14.78292859215491,1.762106423682094,0.9290848205079756
1809,9.986425956120248,45.603402994415916,1.852801731337741,0.605565105954246
3167,47.36421615448839,37.18530809916792,0.5179304214611541,0.4261125176952809
3797,17.115364241375985,19.750583500684847,2.121813926240487,0.5127110614761518
2341,22.017588694662614,4.763103281272796,1.0524296509813547,0.82960458822767
3414,35.35603069721905,12.849183124374125,0.5409237943363876,0.9291099958039241
817,29.383452573663014,47.83841086074251,1.356327720929754,0.7296988343109099
2437,15.89696648534114,15.518168794203968,2.1583928240173553,0.7598478329372963
888,27.691545793391175,16.49504800745322,2.4177197744452843,0.32037804416383797
667,36.53534421814431,9.47944655488585,1.870519554319686,0.4670351952745392
4728,2.116747295124605,40.34253005693827,0.014057215678406065,0.8852101934711659
2624,0.5599652627852059,13.782211512113868,0.33675190116489034,0.7859341100725775
4232,22.903346953644565,16.51291241844278,0.19068496609716434,0.6842709184613477
4523,6.591830890175709,20.71740542158133,0.25303435748471187,0.06524683588812041
818,33.21721457323572,21.686413988730486,0.9575873900494378,0.039507219453954856
2188,10.70262281137171,20.567039520751084,0.8462332870715694,0.13041094311399504
1106,21.64255533978355,25.187184768736433,0.28421245317077515,0.5813910991978334
2224,9.883546843713448,40.725643980820166,2.2055883790356225,0.5363868473411499
197,27.424179287456223,40.964252037101105,1.5385689408309005,0.9426908265470538
2671,5.802672969228445,39.915656688167346,1.9911582723911223,0.6947596400433964
3492,1.155342639374013,5.056241955824375,0.9288734721385772,0.293972617345426
2448,2.556581905334859,39.983940163740705,1.0255900407189198,0.1614962938156973
470,47.7129220757655,6.012588674328839,0.79405302634182,0.849533239328382
1948,7.114310930546791,6.236188502612899,1.0960665302462278,0.4596241036890242
3899,35.42391265684176,47.39313858174804,1.5259431558876342,0.6534694974088487
2010,3.396310211141312,40.969892235277065,1.2324600196006035,0.5651436065908029
3800,5.408017611759108,27.620523343400432,2.0947925154711253,0.10745634613663502
4118,25.443812570466733,43.748510223893106,2.2503479215245608,0.05705838368182703
3796,23.243546507717184,49.46823212759314,1.174209633418998,0.37701818971641354
3988,47.57901547199348,30.53210333158888,0.5993699508716235,0.36155029754571766
234,47.24177265103687,30.6449218490759,2.362981048648272,0.6737981129689063
928,38.98043212712325,37.7213514579964,1.8375966076273067,0.6322004091011617
3607,30.105091506367486,11.606947618266638,1.6003177151347,0.9689409284639944
522,22.74801586965055,8.356243075939968,1.8635343340599397,0.8580995027715717
3523,17.808926716421052,37.97903750075363,0.1899544559923072,0.49658252577528783
4526,47.354377348777774,17.245239749705117,0.16906581909418128,0.5000253525626955
4888,30.14544057123428,6.7535178152967,0.3828016314524685,0.6741292291126944
1629,28.953626384299724,15.743886295887489,0.3686274186013311,0.11409058277327555
4628,11.595056088445743,17.93184339372877,1.0516761871235112,0.9998905646313925
1316,2.334890894255653,48.26138297528453,0.39351020571341044,0.518808101243624
2857,47.25942898797722,34.89798555439616,2.136314110666491,0.9099048739089699
1124,15.686762942232695,26.542815869986697,1.4452423273200645,0.9673563346522079
2587,22.129451166222935,48.443656934130246,0.9206547408756285,0.5816427399022654
1023,5.731997179285342,45.156987023709036,0.17405634556316774,0.10334864752477535
1378,41.8462164954646,25.600042830707988,1.477569489897813,0.5733458084199712
3374,1.3815916427965313,45.28398176884904,0.2913320514803158,0.5976424371659868
1519,41.699538104954826,20.21523290313283,1.8580506260065155,0.789193136773331
226,7.014250639398339,11.521033267831232,2.006895241859554,0.04822926699490615
4968,44.3282056315576,11.633908841104256,1.359940644899603,0.4663153671950939
891,36.48863186680787,33.115776222106334,0.3740071478521437,0.9227702583368131
4072,8.233513125365254,25.053516035363856,1.9671568093511638,0.9912990786786534
2257,28.290899642973404,32.947542350272336,0.7695694731483349,0.19138267875923765
2788,15.632815717760973,34.30379821310849,0.5566328568836496,0.8705989927350352
396,8.911654945579173,1.1161436448858808,1.1763916025460632,0.1462505616306441
2078,42.95910997055542,2.701979617395117,2.3066156034572947,0.8411744345678971
4744,20.17613832536147,26.633886329562493,0.7434332301863091,0.27727772746766355
4424,19.927185718269126,9.551773888003845,2.2639462524315506,0.9596252660491424
3237,8.494333740331001,31.626688440221983,0.1341332718495697,0.6954967509006371
3893,19.153283804288932,27.609286958532405,0.20880926254486704,0.3991106013897595
2005,43.58084231644251,29.28801791854456,1.7464025628381175,0.28097332990816626
2016,18.156435524481797,15.122768991550533,0.47648165362043887,0.23523752747444537
3171,47.5801781249894,31.992175313894833,0.7915517079915635,0.6807923269995851
2668,47.31544496041937,41.47463182425115,0.3409324524514476,0.8957910025768816
1878,7.244932965367301,49.90356267961186,0.8306206728313709,0.7549419696143437
1196,8.865562676132244,41.922219308610714,0.7011499847311584,0.8347915380165423
1772,43.13370351659446,27.874937983997373,1.8408440974724591,0.7813837676345372
161,19.63804594623596,9.671479583997828,1.7550584704726098,0.9791476664980193
3976,0.21869911415046683,34.072293805991045,2.3873179410709136,0.7578049268263248
1751,13.69359098526855,46.88268927789891,1.8110542129326022,0.2102285184702738
775,29.881449659778,10.59332698661512,1.7370443825534623,0.7915984654745148
939,39.9632982979984,12.799781026328855,1.7355097226566294,0.3220693609848009
3220,6.669430854662978,7.450427170582557,2.2074186391204402,0.9957998626628581
539,5.527068220836767,36.83608218132009,0.7405918321888751,0.37667262010014657
4917,46.10463267861658,20.328075171182963,0.7502302729845106,0.2927937558472299
1461,37.55741839112913,3.1347819443192035,1.853034524262342,0.23921598550891154
355,29.48898003890392,43.74749957451401,0.5717628428753185,0.6585146520583698
3604,38.4593394997964,27.883595235128332,2.2800500103699246,0.1092210883875312
3323,21.442718065331924,16.55471460001779,1.3369543127172152,0.9535598817329719
234,37.92278736545633,17.199148803054847,0.7503123202320794,0.29431267864313715
1548,18.590149563726786,14.512561009545339,1.940249824224956,0.29540061103847226
2096,12.204728624630118,22.77400861963209,0.7808015746882402,0.04606609570705911
4213,36.45067106464843,16.85208442440725,2.4081957926796793,0.24601751787357418
2101,20.983614607863416,27.39731520353047,2.4574730243124616,0.4189793556762377
1673,49.06885521630974,38.67586261356471,1.6669906049154903,0.3696063902242208
2100,17.47425911540505,33.72306417221868,0.28408472437557314,0.2730199214362202
3657,46.086371026553294,14.722844637705856,0.6580221248332313,0.040743837839198216
4653,46.64812742835397,26.437050576988963,1.2885424055401384,0.3005813736056424
3596,12.092647353237307,42.00630799561254,2.128618625244954,0.77833093826312
3748,39.911059079400665,3.4103117371362734,0.4622162423550716,0.43879228530947123
3173,21.653725257228256,3.9148633493452376,0.26100864753483083,0.2907753475987136
1815,45.8762363615174,27.808503402487673,0.18619370797258894,0.3047921341479578
3841,22.50621363176194,31.95575641949016,1.2674189059001173,0.5544375764939008
2005,37.2151858668683,10.570650788795206,2.2117524239867645,0.30229267773907476
4493,23.348370458189894,37.2610063345759,0.10589810660973087,0.6307973198661946
674,11.390037785642809,32.31316885203637,0.5308038349838364,0.9894545137251151
386,9.967506447234314,46.164463411814324,1.7331425395987543,0.04117639775380566
2158,21.27155971281728,8.447710092926835,2.0646585878592885,0.16873675569736868
2661,37.77473285071075,37.568713267900534,2.018498823247924,0.17910754528902406
2064,30.25357425903834,4.182154529163351,1.9626701433008276,0.447070317932015
3851,34.431464495027164,28.264620475894876,0.32449950203334993,0.04141871205337444
3253,14.116317536597123,27.594756974957292,0.9930939554572962,0.4775215777425167
4979,24.071767297880275,19.41925223233703,2.4618616570793663,0.9289247580766565
4636,2.21976324846635,42.22855738342836,2.4722189289702206,0.01156408869270198
4266,40.876620797906035,0.21853223930061172,1.5060684798854698,0.364938867185181
739,49.494608111993735,26.00897009492604,1.7731680118028357,0.7608937721109648
1401,20.343953131233544,10.857677491759372,2.3782094907132727,0.15449450033381507
3259,0.5481826565771675,37.174930955821644,1.1248196531030261,0.07755900252654213
2277,8.489631977547369,2.1533713153048586,0.3421671447094832,0.6307785372626386
3904,32.62634388752094,41.57773440907888,1.6723721887901954,0.009950909049507684
3923,30.603965910192958,41.904611335347575,2.4002557622513088,0.8017704911697158
4214,39.39323597927719,41.64330062017515,1.743015234665736,0.06685275356609877
3227,12.694200548053407,7.628426336633493,2.0083028175593443,0.5243542594203608
2831,38.181595777356705,31.520325928052245,1.0568720099265376,0.7401277102277272
3758,34.39920107618349,0.7183679591694803,0.24115788536212768,0.24201098874647742
2512,16.140724885692165,42.39812956445999,0.4222052163793333,0.10354016192273752
2151,27.274407402848098,36.14875967543102,2.4566370735886927,0.17562276641855612
3675,7.363690424916336,26.557686544962632,1.2329607924857189,0.8546835719350084
2745,22.628225171779132,36.52957165483085,0.030051475443124698,0.7057802916520239
3866,44.05986697778205,4.716204832588611,2.3884182018279345,0.19809804921509777
3764,21.05956899126954,26.432791608842816,1.2444497799276324,0.7161207971309945
2222,41.9783353237711,14.563824590822271,2.090670995729594,0.7086181702086868
2792,29.51266826298472,48.63097316114865,1.3711453550922337,0.9977250981059604
1697,9.593835655117838,42.85589753119508,0.2542557091869027,0.39155602352591246
3462,29.05531223489482,36.663784791698845,1.5389239553298668,0.8648534941427709
4063,25.299166457853172,46.687381762486595,2.4935006907990234,0.446442685972815
1524,19.9320667598192,17.342165228273686,0.08684445661485768,0.8977602236169668
4760,5.981521975803517,45.04399494940906,2.1044854937876103,0.0916004990989493
32,20.835433192361492,16.261911605335516,0.5887019891269124,0.17531263012524412
4025,3.6381188119813554,36.63983598455765,0.9846655567804641,0.8499543630666899
2566,4.938452569937563,36.82084558882245,0.9317737794322384,0.819300324105395
2803,20.795826646635803,0.9174938227046736,2.246992985672799,0.3054337918569875
3896,15.269074098423186,18.052984913909757,1.2612154720795954,0.5967983181334544
3709,46.277216293111174,0.9716336204248943,1.1179357170860689,0.38269972210203607
719,18.785290269013526,49.85460088051243,2.0450627720919408,0.01031734930352135
4579,37.89290610360501,6.1098380914619,0.12226783576236938,0.026104126567127017
972,26.512376318312135,27.140544782405467,0.21614078773805945,0.05425636548157642
3718,35.204283432116775,39.52781193813186,0.054222142190723244,0.5940721543255787
4402,13.00579915076996,10.063180113044623,1.7199572600188766,0.2792277353055279
4552,47.095248641916456,24.252633404773633,1.314040342697953,0.14394829831489053
2207,26.504424845721196,30.37143804605754,2.1900553146707065,0.9411311084438876
4426,41.56620356426248,8.010237719777269,1.246332257431514,0.12131866708121586
4320,18.252284673805676,38.92777299557692,0.5545489319049854,0.6739817164248777
3030,5.010567452526226,14.966822859468266,2.0128684327610404,0.8941601828226586
3575,33.68558238604244,10.551153816942016,0.7358096355815571,0.16382966723844972
3116,0.38798241687122426,27.914437321870842,2.3392244553805224,0.21472968222871514
3285,23.764648828275416,20.515681382146894,0.6260597196306011,0.5738135335759571
643,9.640095133322962,46.01429723182089,0.41930163217571703,0.5084486863787977
4711,31.368775221768107,44.0031349099077,1.2333099787767197,0.5210274168862675
194,48.97099365689261,24.167533169444162,0.12628779492560832,0.5546780940180887
3996,23.220145316032298,17.96318873627988,0.09102932120654411,0.9499029159610443
488,40.874912826283335,16.27589908156326,1.2400363631386448,0.05383804196694997
2204,25.38920934755605,13.378181154075369,0.5377672019869689,0.7604485206948192
2657,24.792001555201203,27.22739268562386,0.023381595987953252,0.23250642240673336
3276,46.52117465893889,40.248930236727176,0.7401422785788042,0.37367767017238207
1102,44.49829343733408,15.53783041017789,1.1934183846164799,0.08929112296506403
1241,39.29002325939872,9.504704484404074,0.9857217536510579,0.4456267691535436
515,14.812787665839206,23.77419030916434,0.33867366540105776,0.8042192522751215
392,27.250420786197026,3.4517208398833263,1.4491870695799438,0.09874033853295494
630,11.19486166528425,35.06395030648534,1.7758324778690926,0.275603598220299
3716,22.19583490232699,25.91791331509668,1.6888479054082384,0.37306170867702504
1847,24.21065328798953,24.818740398642706,0.9844048032081811,0.10389920308764233
2655,41.582002008466546,15.022268977501124,0.34399037792778503,0.7623168099769335
979,44.801418266249655,45.23367187658683,1.2487169337268067,0.7869470282174255
4529,20.731003119823892,4.524314592477635,2.2260793873427067,0.835894997779968
3402,0.8852222536618604,43.49120044435157,1.1718071223530822,0.5838962048063182
3871,43.08869198946773,18.835260120796132,0.48920262435396905,0.5072388208543759
277,8.713933925068035,44.031175798751114,0.23263325773432597,0.262552445471242
232,31.094098194519677,36.43807291661918,2.359816595247199,0.6551579672905478
1552,1.2485450217065597,5.208536333101915,1.8575235221922872,0.4445634856555435
3270,19.975323763028214,41.57681432546768,0.7824174317512058,0.9707764060773884
2409,49.29801510576749,34.10884168497525,0.7383810155129361,0.9681794969744566
3512,5.0346800551901545,1.6150956457674226,2.238046216806494,0.9052051318175627
25,21.184657599982117,6.685134105483498,0.4439205870241278,0.36008913801433196
460,15.357497509497609,31.781402791784757,1.3375932241413613,0.3679724553540591
3764,45.254406169413215,33.13002514401425,1.7837606879482535,0.8526731640437157
3431,43.46700539536776,37.33257164187975,0.9909758799142241,0.7291349317414662
3483,11.884938015311441,36.012270038749094,0.09975585635772138,0.7043609698180437
1994,4.059389352521558,32.97599773349775,0.569397034298804,0.2796110110841158
490,31.356919703055873,38.31194508732113,2.2545203436059342,0.8333486115544758
1072,16.818435594185488,28.754285294618644,1.307797417098886,0.5794205722629432
3173,33.604219530303155,13.039569276222746,2.0386031162199245,0.4468655742385731
215,1.6059878033907238,45.61883068653591,1.3892138569765433,0.8654221241080758
1723,6.669961758874471,0.9107015465988966,2.3590052392807586,0.39420976378211403
1592,34.31861163863217,18.32808599357451,2.272835188892113,0.6539258118677655
2606,10.618532765124888,36.44351465485817,1.2072201050260047,0.465905182004139
158,42.87938378812008,21.357802057483717,0.7956850635908735,0.5927378061710562
4781,2.9295443855067713,1.2417203740007154,1.5041719683640256,0.04054647164847858
3313,10.77409913927873,3.299045155810659,1.687219204173684,0.4611151631763841
2841,49.92801242425343,32.43186845691443,1.245887730751579,0.5564913074967742
1776,21.65380512933963,48.243229970264984,2.055708052737736,0.49271933474960594
2052,35.14828317723217,27.59318179172495,0.458321304462207,0.8474103725068188
2295,9.133152442850683,25.33789090118845,0.8360295765600809,0.3111239747918165
1696,30.493436749276885,15.916260652813364,1.7159408934161324,0.8840765310045404
2993,36.30530341847093,12.834533693303158,0.6167096634688931,0.4034619699068904
2469,15.723831793325527,1.0492490878142358,1.0996118617090846,0.6945267322606563
1946,41.444855598793886,13.647743382023558,2.409333866570732,0.08672272800729774
3809,30.170878923614165,22.455522043262622,1.5646899317164353,0.2001540835688227
2783,19.45615048075151,9.897489152447509,2.3726430866028143,0.7611660111412718
3644,27.88211966715793,4.367399424071461,1.8061035081214396,0.012328685538640416
2500,28.838042371796213,35.88639336273013,1.8116669241679322,0.9685277391470993
3645,8.2767646346933,44.73101345340336,1.479642934225514,0.19062890106321517
2645,20.13661849334831,46.83860348435428,0.355521487036817,0.9013039862451232
2349,17.171529400974656,30.899936424849468,1.2992857272157194,0.5159450282262857
1932,20.045136128956305,2.6387291299640903,0.6316655012586775,0.5645753668971301
3294,38.05552942426289,37.04313149808867,2.4966813858782007,0.08413178797102505
1757,24.126920373333633,5.504765263094319,0.6674048502530514,0.3652187541573678
1116,47.015807661963215,33.487405884391194,0.5767146086536212,0.1562188607805014
2567,14.68382066792181,38.96829178739379,1.5597078878101114,0.5259314943609428
3499,20.78517891424645,36.29323554132364,1.2773720330490754,0.5507321456719495
492,39.34784052395207,47.59419028805653,0.0533822831362854,0.7096669495843103
3306,27.301229666037514,36.90731422336949,0.32383294748117464,0.8782781579231833
619,27.35140732122239,34.660488899090424,2.0276073545687816,0.4681798162698607
3232,2.667008150259176,13.08715860915512,1.2092298878689014,0.23336037008060662
3823,19.92998313592279,46.23843432179508,0.36503803705753596,0.3335716614416495
2380,13.536686621086623,8.977193539708345,1.163106407089334,0.8470898129389373
1546,49.96675614155577,45.24483057365632,0.6328727077060092,0.14586348507876146
4958,15.417753531615514,15.633127167295518,0.5589786527808593,0.6272560783386825
3563,44.22482673969317,6.508179693883437,2.394313191112761,0.013085883842810175
1605,33.811686752023874,41.33415136355853,0.9050613171443525,0.24566932845424272
3752,17.04582045960452,0.12477268004145725,0.11607776168084782,0.5914084975014595
4675,27.176718918706182,41.604415884041536,2.4258166815932567,0.45641204000267077
1890,42.02679399745969,13.115592102298795,1.9870989369303946,0.49354949024323136
1275,44.168414901545596,44.236063637781065,0.6360332664103963,0.660562050459606
2743,8.01969375030726,34.57395911207895,1.0222295867634785,0.23458602441856746
2493,16.97865706040848,33.309166642529505,2.155723936487821,0.2808049403265024
356,16.761159010678583,18.26597815824217,0.8935337983081857,0.6844582074278464
869,2.1022398037972345,2.9701486945385493,1.4185101050164972,0.538291407543869
885,29.911887992594828,41.50365491027886,1.3371421741615317,0.014586824258827624
2001,42.7410026496094,8.5451897588264,1.0032363715719992,0.6703277952854412
1283,19.07871939127589,18.612932094737612,1.5987547545342904,0.6200920407522781
619,37.00179724920885,30.01773427545409,1.1832268432547157,0.07860757379827377
882,31.385020680036995,24.112686928031085,0.0530762291849321,0.7475194948409861
796,18.78243677465004,9.933031758565903,2.035957769119844,0.5221014589470707
3642,7.052989974614854,7.030817844114195,0.28288945688429823,0.20474728395695962
3425,35.46619263879837,6.162313612514531,1.1602248272284086,0.5593563681164273
1296,42.728258447062025,43.15039407496005,1.4497519773187428,0.5954585141710033
4714,34.292724620074594,1.5779774530666812,1.763765135483227,0.9201187291902372
244,0.8939242017409033,48.85071297999472,1.0269913382198737,0.7421444255511704
2895,10.811644719549562,9.926434519270705,1.8388712175763287,0.30192435449119925
929,3.4739992441765954,5.516114843953907,0.3283752117964256,0.11813296756419256
519,28.519304978811338,28.848582738839756,1.6336138706769476,0.8531840720807808
3212,37.82388394202062,3.9992978970348316,2.0658473189642574,0.846067687875446
2409,5.528959353432972,30.122663158179748,2.223609932093753,0.17531001472395724
7,41.91689102966926,42.531332240680655,1.448916239884723,0.06213118519788663
2525,27.77544891977416,2.3949010733712415,0.7822379951875933,0.7118646498160389
3423,34.49845060708625,39.99343022642721,0.40839127928406604,0.7225818308364841
2019,48.57009243043231,19.723872049105935,0.8638968821936122,0.17714375370537905
4590,4.184049412384866,7.974531691560499,1.3499359328860994,0.6682118595574554
4282,45.06120114888946,8.804824013372953,0.4908255599789013,0.2789237446969288
3667,6.305134799370466,45.93822718471131,2.3812872642327325,0.26061702796880404
3671,19.647940331834114,5.530287597033223,2.2428385721822734,0.32451793409034246
2801,42.57193481655572,43.339139355782855,0.08239298716357812,0.5203963665168543
85,45.31271183689341,27.21223104918073,1.404904495575972,0.8044539233286228
3115,25.318583677257266,1.952808940821954,1.973271975616533,0.4986437508896262
4232,29.705231913771257,23.223807285866915,0.6134798998350175,0.29804269562407437
2468,35.40736672992786,40.872475723815036,1.3097405809818596,0.8839742987118493
3619,41.63793342263571,36.31013938195502,1.0149797060234476,0.05508995744236467
1636,6.075558476883308,24.439120884235894,0.49136566054519104,0.7970914838980804
3583,40.503465411461384,43.002493984810854,1.5368434596895566,0.7843817579218557
4009,24.063807525580838,6.018238089011485,2.4842304385170775,0.2535468101543431
3326,22.53117125540845,45.49705266961844,0.9132181506998621,0.19829518252027967
2218,21.194987599849913,42.32206042416744,1.3809475206611674,0.8747005614955973
2217,25.46057926230213,35.4138412828618,0.8196367040537513,0.5588712935603243
4967,47.25252766973018,40.89438710643746,2.192371542006242,0.04601135763141462
2369,27.41018863960758,27.1907753421333,2.1615067510592327,0.8908325164671427
3638,47.65887691315696,33.758121454883344,0.44693346986992566,0.34900598435567376
2503,9.014506530782029,28.029903535388947,2.2498721855951516,0.3421565538100264
943,36.20679894163166,17.771426525397466,0.3787717776401678,0.6432879371598733
2837,40.61197693043736,28.44303986805888,0.23859989906333562,0.6613109427985758
2660,33.956441566743095,12.873266626596285,1.6323365392538296,0.3533161208284148
2936,30.346114011327018,22.013958542039262,0.9647602646747375,0.14327892789688068
4444,28.240639054309113,14.03877036301216,1.3268514836546768,0.5522697633696724
3947,43.0465241289348,6.144389473069451,1.6314269548436586,0.6251791646752402
1676,41.082329858225,16.093092819495308,0.1320930944824622,0.8602223650589736
1196,6.114436059029976,42.599360909238534,0.7323829277274835,0.4844399873650659
4105,42.429382851543906,19.054038532115285,1.1522657794221678,0.6456960795682218
2787,20.703430972022126,37.40018244844345,0.6664685245148296,0.054408827815875194
1461,12.684841499790538,8.759892711908062,0.12242846071380237,0.8945229002061619
3318,43.48842840069629,21.22095795838208,0.21669143307763344,0.3272158132067021
666,21.60123998168708,5.7428034667588275,2.0043696718843336,0.6322211243423119
2176,40.41823450884083,6.9310531683744845,2.278466898032315,0.9160516313132415
3743,13.170180597792225,30.871818994503457,0.38058325607612215,0.810525784364687
600,0.1964660711108901,30.374090872450555,0.6231548932287143,0.6377038574778656
2652,24.772959645147218,10.66859536774311,1.630623511827674,0.7036078280700853
4422,5.011412832144213,23.72115971443993,2.385679440231118,0.9209051159649763
3824,37.71879777624548,43.1653083488974,0.7489742728331777,0.812093180146795
3906,13.803756803470518,8.710075433824144,2.138034065590003,0.6098590605371569
979,22.182282330173937,0.9605266536757417,1.2650616111259412,0.6587027062096263
2451,4.351678254577712,32.59975703317862,2.391396597701951,0.1472684241652119
628,14.332962422362632,2.6749104044342498,0.3406466560704782,0.4701676797705997
1629,39.0745121629286,48.9970119286223,2.434180995519966,0.30099764768366644
3696,7.579395595115973,30.48101418994405,1.10244656957377,0.43197063449991635
3430,32.35797805634787,23.519817642198614,2.3823459760656545,0.6622468735307563
3674,45.87129264022506,21.499627001215337,1.1467255426287981,0.1491510936017556
3929,33.991837987886015,28.65353292584657,1.3252053353014452,0.017375963661256932
2765,40.55108446461134,4.5312218360107455,2.0119375244433026,0.3969244032327296
4369,5.44858146519579,46.50095294097479,1.806571251848485,0.3221843144880572
4780,12.536591300102723,31.28210342759389,1.5490083010432136,0.4204320597017073
115,44.72694261202955,9.198924880545439,1.0424500589738899,0.9312209203689806
4956,35.75528068090446,28.12905268823314,1.9810959184990145,0.7070841012148437
2003,31.97769131886556,6.662825291650582,2.370570833223301,0.3274587745991602
692,33.188336806085,0.8776358779156057,0.02452724235756709,0.1792788222367031
3162,20.710027715232172,31.5258492606999,1.4696127411316529,0.6184782942569365
1105,2.227831580882661,32.42416709350639,2.1649523224458713,0.6575762515095032
3008,39.22207710353645,29.184829140170777,1.6327813433638934,0.483622683877835
2161,33.93566181076769,9.174160218001154,2.002073144583342,0.21276077462216014
153,23.640223205636236,30.171492924738352,2.2376527596224633,0.02855526083653037
3699,44.987980768412875,2.8255470462259904,1.8773775396326449,0.2656606974672725
4410,16.807983249254942,30.461917778596113,1.7925435034119153,0.45717049929018405
3786,14.716087211561796,27.70085095538094,2.4118647284097956,0.787934286442492
1064,43.63981625397214,32.76274154195497,2.1592116447289316,0.8537538288451721
4200,39.84938273794928,44.773780287619694,2.0384446739569344,0.41293455966696424
1913,25.74899053241724,42.51790526197683,0.21600840117969033,0.7961240546835278
1216,6.536736972892498,49.03270957812694,0.5975747078485447,0.993352823551153
2401,10.753573573252623,48.81205164682875,1.3918900608127238,0.7166103748522293
1772,32.81139952044033,38.61598466868763,1.7739002624370341,0.7285990316014068
1960,19.252061892020585,47.8209811088864,0.7580372332511922,0.9095365015498309
2780,41.823659583298564,43.3641942944556,0.23332028280205835,0.3381441284169099
4804,47.497750466610206,36.37912249474864,0.7777479670381193,0.011205393057471258
4746,40.28184626374591,3.7692127321877598,1.9275729514512978,0.9869772716756992
2871,18.877271149777858,2.4524944134943882,2.193502573353433,0.49046807767102385
660,39.4343214615712,41.87997837528851,2.282259120860857,0.7856775931623269
2635,17.572083673534173,24.482792893584914,0.9471666978603693,0.8124911376092956
2329,8.355004388281696,40.730334218746044,0.9313464371504911,0.397516677080029
3954,1.6696602432928698,15.645913532760968,1.0167686774294777,0.5412730467223182
2450,19.285835638051,19.88249291615064,0.9395236735536194,0.5399155260626778
1132,45.17796518486409,35.009336050596595,1.6654915187680241,0.22021600934425045
699,11.949329387783825,45.76633684660466,0.8958081553299818,0.11763893389429347
2038,10.3256582464892,4.388073723944297,0.05085984153561457,0.5435723049426254
4647,48.49103926205201,43.07390723173031,1.0975615017196794,0.12014322685146239
4500,1.250205642529606,39.650636243968265,0.5603801654464693,0.34608872385951317
4557,39.28910751968772,15.776963536492733,0.0720178444615499,0.1860833316409385
2179,16.06849778704352,17.76083070657798,1.1771073788351205,0.7069161082827781
2838,1.8743978434829667,2.3230738610954815,0.5148863979957328,0.8720088534999877
873,45.89012701047918,0.7870305558358992,1.1318545370993351,0.5779146098521801
83,6.98211651047918,23.850306317886456,0.6943749665257162,0.4101558071715975
1422,27.58896418628477,4.776982274865526,1.509272175701083,0.9966426408213109
2675,13.702710371477389,9.70009072076065,2.4771934671848985,0.021209135246539224
3180,3.2596401092345517,42.33835997633318,1.3680798017791624,0.3043410842039227
4316,2.4961242831689545,28.55141956252262,1.617239792231925,0.27867315264700043
3975,5.7778349418169395,31.68162186330567,2.2981893943780034,0.3562035980579197
1391,3.5683506944690024,9.373966541596001,0.935001044312729,0.23059574115850268
3218,38.027905775996146,41.43309022272098,0.4163711244639576,0.2642628354314559
4207,24.278310114171457,43.39898862198738,0.7069932073263832,0.2576771099173273
614,17.144604567448983,26.16637968565217,1.006987351786373,0.5057440507524306
2971,20.918445506600357,45.627888593932994,1.6125442031395956,0.3910552770344311
3565,46.44733677863117,42.24143124772908,0.011470073574302575,0.6392801019849084
3576,45.53759063690736,36.5662088337219,2.1334580369174607,0.5144011598676854
4570,35.783824006128846,36.70379578468143,0.19023493262457614,0.18342185236973052
270,44.23411887108439,5.269673697543165,2.251637872296376,0.8100449789345078
4066,15.982401379381239,13.54180188478329,2.373586303012247,0.4721951983405571
2468,19.055466300414142,3.342360990883803,2.475256985280335,0.15323151790598277
1390,30.685609092711402,0.4340604613154331,2.023775461017194,0.1668798429286622
3354,31.18129736486321,7.915476569195507,0.3546388148503815,0.7969684104789558
4135,24.084991900617048,44.024359132347,1.7654176080629658,0.7029931842231004
3607,20.032892421897664,11.993702951802575,0.5083032265204412,0.506527952539761
2583,49.30901558043475,48.50769812958609,2.24281958895101,0.3060815097523324
4073,41.05618130588622,29.864549978060307,0.7915148141383619,0.46052203679707604
3075,21.74900989440226,11.86292438173452,0.8169899426876028,0.6364835371380434
3906,36.36462386197842,24.85654017421064,2.2941332397871665,0.8792823174295145
289,13.478084662622974,10.954741135005769,0.03307767695926139,0.5558678676787286
2480,5.008466311866494,49.19867790911869,0.4849153787089244,0.27673529477375014
3252,17.62155127763703,42.363249195248194,1.0548306664086375,0.0427399146934786
278,20.14864000616971,1.3119394391164552,1.7518039182754825,0.1754550559167406
2924,0.8268562280335401,47.388801573373556,1.6189154151118386,0.6501776206624628
580,40.739600081794805,36.053255365144366,1.6735296879178727,0.16043696682415765
4958,17.959670119459076,4.119062601063916,2.2000550710266604,0.48153955314345087
253,29.02090828900735,33.531887316322276,0.30257603073314154,0.6989550154763854
4276,3.6981593635477985,32.346334898284276,1.305404240546926,0.30822490140311076
4776,8.749841437529199,10.939437290379173,1.8136942227562214,0.6691058898072861
824,44.484686266378,37.92233500037878,1.5902961073104114,0.5810720616478187
3832,30.43437639414004,4.353235165648356,1.1207852998481687,0.43893910692839544
699,47.51420250852428,24.47225906156239,0.04278646468040992,0.897245478884261
1380,49.937501719565844,0.4961603581543961,0.1511306641197116,0.6920588904274437
3896,18.59300576665472,48.43687444473732,0.29735331713459157,0.3605970331525752
1673,14.940153204163732,37.57818158884547,0.8580693820884089,0.8042645335255416
2727,42.91780275795484,7.942603807982801,0.2941336316678672,0.7381022141696717
3156,49.93057135187271,17.083701997564148,1.0652057826565209,0.7916839655081643
3388,31.482061711622865,8.028118890408814,0.4466049764639485,0.6409559830409944
4307,39.757036125576114,38.33087320646573,1.9479154938155152,0.3793706158394986
383,39.087292940763724,2.9448162713857586,2.178719041780539,0.3485785156042691
341,17.766985410977348,42.02033277818571,0.9741187699204396,0.6541513607592644
1987,28.71351901285436,47.10981694178649,1.2783294132890968,0.13090000796690116
4059,41.65284706321068,33.831397140315,2.383740603902354,0.8199143504985758
4939,34.40569381305277,10.648272500071709,1.338769388371551,0.3703353839980731
3109,1.058190699101913,18.00450479067754,2.4876830396085623,0.630371989365549
4082,16.835283444876676,23.861993740446565,0.35532748423013655,0.49906391493341806
4515,7.223784829730268,30.231238610112687,2.155566051491746,0.5193264920246539
2798,11.648610603901954,33.43315449058437,1.2430075066824133,0.7380061462013471
3240,45.27447387456628,27.71073576594414,0.05678527812417039,0.6266700536714184
1988,1.8446644455384076,17.56569604109279,2.4305573535983713,0.25030898834571347
3414,10.990035598096187,44.545864028245155,2.4126197493583947,0.07422593142373779
1849,15.478467611911572,4.0696029008979115,0.9581771004572179,0.840234067365291
305,30.84420359831974,23.31280271217475,2.385355177714762,0.8848940747518577
3613,26.705084504293275,38.77824192337403,0.3525241055963643,0.1644965329173187
2749,10.913474142669305,3.043633264570045,1.7002753528017056,0.3094770669195325
4964,8.212053361157723,35.266760840565055,0.4798224672195864,0.28234238193173233
1135,11.839901729805941,40.98558113766625,0.6166180908370691,0.9374485607401548
205,25.12648133508278,33.04156492635261,1.9483435930065136,0.2047773819306884
4591,13.558889285560172,0.6468446137677997,0.9433952114132373,0.166539232099832
3450,47.38012508038611,9.006851356610312,0.01781875707155295,0.18183854974819902
3811,23.19326107144238,17.105653944597538,1.0355960604889862,0.7298691760937669
3622,2.939800827231853,11.684501781902295,0.5701733015823987,0.8880198442464752
3599,36.46332029183167,48.13260701137137,1.708324783895728,0.3933674106332681
2551,16.442264410449482,32.57969570568968,0.48612174180875073,0.13607990436635675
4308,32.674446602912376,14.848547867578516,2.1056338210911894,0.58572199740834
309,13.9797185261616,46.48487493327228,0.6677325302704107,0.20993495832897613
2708,28.537187086665995,37.02970997380935,0.9825706457075343,0.06415144736523481
1991,38.60762524037323,14.230360591352099,0.745092151992745,0.8862313783824761
271,46.4004370887277,18.944078470097768,1.6098083695234144,0.870841276333676
3642,13.056357221653853,9.971442915197837,0.25290885306599176,0.9759101602592737
4086,16.742847549949058,48.55369991329109,1.1952484317456102,0.4740047549061329
1822,23.213321014296984,25.86482479450366,0.8361370380376454,0.29400119821042214
3273,46.35874188679944,44.802834374899234,2.2103449082207867,0.7697837455704024
4538,45.069342840532855,17.324988550842384,0.18353023393598095,0.18049493208391276
4349,4.493914005031901,43.04208015487379,2.074237662332137,0.24329207681628062
520,6.596491287690542,2.694342421358198,0.41920119132477285,0.2556826262073807
976,24.775458866531913,49.1045158762144,0.22144414982488786,0.9516194099121801
3722,5.330963640271174,45.601718351665134,0.5058071453075199,0.729822918831074
3551,17.279043667434873,18.160147238832746,0.256632455029526,0.13369479258215344
4105,7.419268910873883,38.736108265728866,1.3024598705053139,0.09284587812390677
2773,31.802017756594292,37.6128963236913,2.470537382289453,0.8428148535845117
2552,47.474771586958084,45.06273985514658,0.0858183798106471,0.8022743230447615
2832,49.83668851471907,15.362749056440556,1.1528208732986533,0.6709945780083552
3907,18.76205662484574,23.276000265707474,0.9651758227696544,0.19610065239661612
152,29.950631855730613,43.24998063030265,0.8490160356160009,0.4802835388892712
2964,42.813382676204064,38.9289727067608,0.8296590260834023,0.6027259454572739
2916,5.873103639819199,19.67333593701396,2.2375318915661553,0.9321375268403516
2800,34.47822055259825,42.2862616456061,0.0474403755210101,0.16942374019741058
1752,20.44218308625341,2.3477019616200745,1.9372909684503459,0.5154468071461137
2610,10.307308014008203,39.10231514814951,0.6323329470148542,0.157751638878312
3875,20.1376809373721,10.338292971685032,0.9582387770439371,0.44384934057415226
1104,3.798014348245843,14.30604539118936,1.0503747821214442,0.2001349746309229
2536,34.770357429465285,24.66074217977968,0.7618293851843585,0.8361862083152113
4990,12.637133437422655,22.486725053498695,0.23389715458849464,0.25473627763751294
4199,15.5702822522439,26.028505343494047,0.28582712207358696,0.41710471624402423
3854,6.054064912073137,27.238779783601192,0.7453278102066108,0.4077876524921352
3494,43.232955694494585,16.576384551574847,2.0545226322181263,0.8662949600217585
1914,24.67221396413693,8.7613756508515,0.3365691319685296,0.7577974647322603
3072,28.607343889320013,38.4240614643653,1.8565995828648267,0.057575489015084025
1006,28.47163415474273,19.998807454357102,0.7221743235732192,0.06708745716816433
406,20.52465572706709,25.29204312295295,2.208662337780232,0.5511972451307041
166,9.626495771906974,32.234835917555905,1.0708211885016024,0.42771902735779344
508,37.256637424919994,45.4818961153328,0.4293082832434389,0.27558422053684206
1661,6.352813267883716,35.377641557010996,2.4646111252762757,0.7926209382074053
3664,5.193689513940525,2.2729612795192256,0.44158629807477895,0.12863517189899942
3489,35.50725187982517,41.92801816990088,1.4190495530806735,0.9740569128701518
4858,10.441851022599192,49.467750756375956,1.4232161952403355,0.024102506752160968
680,15.338637567641616,23.624251268569108,0.9320336279444497,0.11823072461084361
2524,23.761373350087013,48.479516822730034,2.3787214813728275,0.311316654275852
2120,22.46756583647731,27.36643711715747,2.109686406029329,0.5091490952555031
4677,35.42895625324996,22.98079979359749,2.074548902095605,0.21613615847932388
4357,31.17158967216805,16.570238236372752,2.4353798385736947,0.7362151488540264
1363,32.21980811409328,32.877743791666944,1.142773345490792,0.3575419034259898
1331,35.70271653277287,11.491021026252229,0.2429644390500732,0.038538333396937574
2292,14.630636371173267,5.246710925720216,1.9136398136244845,0.8777219674406442
1538,16.116665590023683,1.361855129210704,0.9520314486298345,0.943865673086063
3408,21.899887394777707,14.619005635763187,0.47586287950879574,0.6185636224370442
560,15.373108651676304,19.788541608351913,1.2081183580506336,0.8065363885704051
1099,49.24689344854317,27.603834814062388,2.3142973504179083,0.12111153869330182
1903,40.70259632107148,14.637491259350321,0.428392547536571,0.2688202817866646
174,8.232734412801479,49.20297861927056,2.121747038074355,0.3252316876781838
2156,0.27970779409347557,14.587258412058379,1.0455123540377933,0.9607531669484962
2230,2.139163412363393,22.048769422320436,0.34200495175785495,0.5122226399073675
4287,12.203172552146263,5.163808276595017,2.120955759971641,0.007413558813959997
4160,5.714564291842827,13.031325666853782,2.4240508529785716,0.3801858228700955
3920,26.666905744628604,2.4166069894495545,0.7281767895875291,0.00775060086557644
1497,42.89976113636793,27.975431671866403,0.7588405246051722,0.23780574047244585
3854,36.83751104566137,37.553234156621585,0.9763649575998329,0.4547000671411774
3171,10.780453154109521,9.785490716803396,2.0353259111520177,0.32339305542083663
1567,19.964962801289293,18.395546890803537,0.02604299184874953,0.032734212285170705
1151,25.39471047656388,0.8308113363580283,0.5598913793438359,0.11633572240877943
368,40.51029247516678,41.9761027861106,1.7647495277658154,0.5508865612227329
4946,41.95608015530824,38.998176246583476,1.0140986262138152,0.6956049043844853
42,45.485915595388796,3.162701543714619,0.8257390574203188,0.4045490122329026
1907,25.462262525143757,18.243380466020565,2.1807072222550437,0.7314817464249069
3490,34.71373732179315,47.76433069247477,2.2933348003655984,0.16333288851514371
2535,5.590018561696858,19.601352803948853,2.3699655479154886,0.12205794780768608
4173,28.264447997699104,26.310433836200804,0.6813763316357415,0.8394537159432758
2873,12.434590473556757,17.76214305051776,2.2812815238477673,0.33921334849219964
1824,21.585844251330556,29.806569406413093,1.842413886818222,0.4322479219444243
1293,31.70252541533597,48.90784378184111,0.3855368712214516,0.9475816023172965
4769,12.849296892689054,49.87512517405985,1.5256750707705258,0.4241123279371093
4796,2.609252889838054,38.73574890055956,0.06583704826747805,0.003490105851904235
4854,0.5116928204378757,20.215554901021964,1.770945389427163,0.9379719395498357
3386,1.1079767772260773,24.721610041449416,1.833918806627346,0.01411863348582798
2972,0.4174868756884831,17.836566405615272,1.9733462714874932,0.6622862837291981
3922,5.517752827893774,49.27873149521731,0.43131263530608727,0.32289090953250354
4997,11.974435728506494,35.388015291270186,1.5706248523688273,0.470390756560205
992,11.06107570911496,22.446572271675564,0.44714171206913594,0.5472851676961841
2386,49.339829708994834,0.6057635054801169,2.3666252084729393,0.40846005729555424
2240,15.30030526044716,26.02417071952742,1.6875267317020861,0.7743687871821682
1476,6.371039167969955,49.19641008508089,0.23831462001013937,0.930706409664446
3407,27.278127208387897,26.153045448652595,0.467580575014557,0.08641205211886827
389,42.89787276987542,9.121334274455684,1.6586502453243694,0.8002528812349731
999,33.90301883938376,1.1046873552387426,1.1916762403990218,0.12867114090064513
4620,14.804104456772516,17.735187906210452,1.840744165527196,0.08027718324960775
1855,28.080807989572747,45.911402784830344,0.7019719973141478,0.9558314527221288
658,35.74279871002046,49.827705408794046,1.6447938421176922,0.489297781491274
2763,36.405224618387116,47.268398740600134,0.44240042007609753,0.1526032910092886
3663,33.32692276488444,36.47099966271284,1.359275658402583,0.5699571132170896
4986,43.5405212387809,27.907136422032764,2.3944989788749655,0.263237138769553
1481,43.50527291720522,29.534307319112603,1.570555580727466,0.4643090168079942
3731,28.946827970350164,26.949600454598045,0.12498404376229122,0.6246595938799103
451,21.492818455560613,35.352465246149414,2.471905344341567,0.8692698288699947
2475,32.07851477825499,20.943661334767622,0.392165824122164,0.003081398269308311
3222,40.91060006852316,33.46020024778827,1.7951727567427627,0.21414066091594874
1537,0.2826052420592362,6.0806057478600515,1.3313250976604898,0.09627054291877957
3093,49.59985045074256,13.284765328074188,0.7359017195107596,0.0970977015590625
882,9.144688616459963,41.800151940431476,0.44327621356927277,0.9457774131399048
4408,23.51244928299881,45.187446537169556,0.44425591069178927,0.9360829345150524
4068,43.60148674214334,26.950411878014986,2.145999203020401,0.7493080797012331
4935,11.252019952209968,1.58178086064662,2.1822812854085587,0.6430630424009155
2566,23.83976119501916,46.348678539588406,1.16286380406178,0.847970446357703
3277,6.629109009058959,35.10321290136432,0.2590536573124347,0.05840873809056757
374,19.75381626940963,20.70139618776804,2.210412759616975,0.11948579310122842
4546,8.856772739650125,29.918947159974817,1.2175412154377228,0.317112923296334
3697,18.18138743855785,21.488741722068305,1.0969060571672842,0.8324923798965135
3062,18.673210839636102,23.26696133660255,1.0183925610940505,0.47223254276651017
4690,49.658539479916634,44.34049328297009,0.9125354346480141,0.5035747634376183
3250,49.74065146518861,8.054212345855577,1.3150135090214854,0.22926542965380758
4595,5.739313933030621,5.183456774111839,1.5113530665292605,0.6483874811735261
4559,36.298438966417365,0.1364372256507873,1.1660805089323898,0.8878421540622642
112,2.5872739834550575,15.700018780606333,2.241620408637611,0.3295142198584675
3197,1.5096007668594313,7.370688324221369,0.7941530713237432,0.6191859397698841
2378,5.266694712248215,10.999274756905558,1.4457796419669533,0.33194896411182206
1924,48.2742828503967,0.5619491332688464,0.7498848004849632,0.7927191118343301
139,47.04317739473487,11.35977073438516,1.8833750594813357,0.4749597369923172
1424,9.696391014034022,16.635579096618695,0.25530274832058913,0.33946902221970465
2949,8.083616777685576,1.5783748204940662,0.4717474919883313,0.4200488542112919
3168,12.02675432579735,30.395206214857385,2.0030035248173768,0.09122752139622825
516,25.777349703757107,28.440017444187898,0.4579939880488468,0.8661171533224405
2616,28.485231601770494,4.851788925496253,1.5643658654868502,0.9580690553381048
887,11.079671521972367,29.750488875920052,2.425608629760492,0.47741417973541656
3104,37.83113940449726,49.932695930443884,1.3072265344149145,0.2213372080781394
49,15.477658470132539,47.223447640577035,0.4684911158501731,0.6646561990889387
3951,46.10656627647052,0.13354966838316495,0.8017276142315938,0.4523814795411427
3560,32.836135322836526,39.76891556651798,2.0586451911355956,0.2523000808384197
18,21.817559715180586,17.680263811824297,0.8791522827999343,0.038433143490149035
4821,39.49560008514227,3.1825685167313713,1.808778397574534,0.8897044517885121
1473,40.89573130233324,14.799160685810403,1.9433751572100255,0.7967343520450476
4061,14.524080280447183,16.086825815648115,1.2529571181129104,0.8290060576393794
2606,16.985727191804216,26.16221196545284,1.9580334609159724,0.43983973093138884
451,46.79775768643017,33.054188363442734,0.792257511070536,0.7532553919534275
3765,8.237051918163596,37.4527806104204,1.2903991167910145,0.5812252638799956
2438,2.1075208481467103,12.295152128163334,1.7163956599303511,0.37477529641349305
4310,22.702766130477457,16.088528512424848,0.42018286826095097,0.84274208812218
1549,40.06049501218145,15.41908534298676,0.6840549184554743,0.9987575480444183
3474,38.58340531553729,18.136843406043823,1.6300915084841303,0.8992823072743599
127,45.976531445641626,49.98281544781694,1.6384002995738836,0.7761919716863057
4855,26.66003321845201,38.89716514137129,1.2332566161324474,0.7475079721923769
2761,5.0032335783266655,48.74952326343485,1.9889633919553011,0.6502488430168548
4456,29.434448716800805,34.65555297735286,1.2051372550124388,0.8536174968395771
4664,38.91978071766058,20.313535082364215,2.203305663534333,0.493081247824666
1415,4.66640601349132,19.487209181348746,1.8397585771798637,0.181729510197993
201,8.632870054879488,24.429057248752255,0.7867371582583532,0.7680497242692065
2369,0.6145330577835451,20.84348916822187,0.9881350212113887,0.9195063741758853
517,29.68262897234052,41.41631230463729,1.6692167144246142,0.34135229193049954
1341,44.33671959729522,23.250100651334645,2.236131547058728,0.7829832979571356
4776,33.533165800104975,14.780718010542298,0.44677183175877183,0.2737227030824141
1988,49.1020043795491,38.74301343483259,1.2866588468549502,0.942600273358682
3545,3.1516826249880783,42.72102046906973,0.2969610533109418,0.6834609920137866
4520,45.15005425757481,21.021447807022568,0.698637888300328,0.5692759871823971
3802,40.703414369334034,33.3904285952766,1.7149533982331058,0.779870157903575
3275,15.712076024975246,2.9402266944152378,0.19433658812040427,0.8132311705575417
3654,48.67632759186259,26.473242598573332,1.6558964547221187,0.8923698982253471
2434,14.396887408570752,2.2490568872754024,2.2520278023632425,0.9011195328474305
4873,44.46523619141092,1.4595420247234037,2.4234257275461655,0.05269082555354654
207,44.03742885370947,30.64624252613695,0.5415805025637888,0.12290760801279543
2633,37.88288083014862,15.166769119749357,1.8722448915196896,0.8260608781872083
4117,28.173523690642593,37.12685812277327,2.3159261217638245,0.9460516533801783
153,6.000137480844403,44.80412803162961,0.22842327712359,0.30767184812394055
3366,26.598586724824912,6.969558686517535,1.035059021223013,0.008601818432715347
4314,17.839812782746726,36.22614192894619,2.298524417180415,0.32270518903519796
4764,39.61085165776759,25.725999914417162,0.5069687456370753,0.38286413597257163
1518,37.90646032484224,5.605962508134943,2.3344017094696046,0.7610333647234023
2600,45.53062536863026,32.57963032403624,1.3179801777194462,0.04758466563783914
2195,0.7415081215853936,30.47334015532364,0.24973270634388922,0.21264023609266025
4498,40.455160841152306,25.782093370039128,1.1246932918887875,0.8939685861946396
4691,46.92310265623344,46.3235602279829,0.8156529886676656,0.15482040945143405
3554,39.46502245540751,26.053984805200827,0.7055104013795208,0.7592476519683428
2414,6.509722993518335,49.52575577251063,1.3536889390842095,0.36131041557907584
2849,4.063955242044387,25.461440692405553,1.2089817268796752,0.6626602149213862
1742,1.0422619903850405,5.79260191506838,1.2049178990502298,0.07384650330299192
1306,31.43726129140355,23.52356255375152,0.22035432775778824,0.2865579450860434
3849,31.483632592994365,9.116438127753563,2.0057954525678414,0.42478973749672
4168,49.345685710910615,29.856674260871362,1.203598288389488,0.8572126260777889
4576,19.902158705204787,34.656608759680054,2.0522645717546855,0.5634958576461176
4655,16.595314244874835,23.421763935354683,2.0614866038773756,0.04522529307768919
4840,31.221246359219624,4.885148384157412,0.7928383121201079,0.8018665733261261
4195,41.2804336253797,23.432069929177647,0.010865759519030904,0.054521488951482566
2555,46.838697476150095,4.07271073672002,2.278114193645296,0.9343665639919007
2305,40.15620830895193,34.1062977753267,1.9017367327156007,0.21171744604038956
4508,21.33369903079024,39.51841124325438,0.26812989205867777,0.48792614465705475
1088,31.745711765603208,48.11901636135195,1.7543175850077533,0.07228096876630907
2642,42.81496633580585,7.440105356422821,0.0500581716722015,0.5617123862977665
1177,24.530484415586972,26.621016776665208,0.06939767305174621,0.4972287007284817
4916,10.834332185269634,28.37686837677093,1.3145580989946062,0.41024853488134294
4757,8.486171987393648,46.12382668904898,0.24009357309086654,0.03557291703403975
2994,0.00788722890283644,31.363832029825712,2.4108413062122973,0.878936378651503
559,35.91189974906421,7.275482282266054,2.234578066625656,0.8026365988128625
2964,5.554860442299525,21.81756619815946,1.624530078119712,0.6330300203289908
1271,12.191954984797022,32.73812642531252,0.1592724270957832,0.5722299826339304
1813,14.893816576139669,35.01422160346487,0.8120881445176629,0.6949464313698313
2915,28.018993006838418,43.15369992952868,0.9293074947651098,0.14399001591436722
609,19.897863864788462,9.025355992219858,1.202199589571749,0.932644246316484
2461,33.733699601158094,47.57710733777492,0.4222571850161305,0.28467329150464094
4120,2.7819329664351358,2.956970600779613,1.4437791069929897,0.6564902724430023
283,6.196959713221972,49.1881067284451,1.0894266197730582,0.6067556811419047
2928,24.960575176663337,42.888354643320426,2.3682424084821463,0.6366139797156086
4396,16.84823939234149,33.013639138108566,2.340488074063048,0.8789521230821122
1091,14.790668137567986,36.74977501322108,1.413684888349931,0.29591120665061976
816,3.3514039518761365,3.634600295939822,1.610873339976338,0.7489481882526573
82,44.78595873740007,2.073993144722619,0.3444911694343561,0.5983910639391692
1920,34.59092930625254,5.088289827568277,0.558308097100429,0.07606033095464015
3491,6.080907840982469,4.367990733206889,2.251788510504774,0.41415468088197516
3144,3.252297886857031,27.369061673471755,1.7479148072393373,0.8379515732657444
2093,48.743626671562154,10.772199355589457,0.4735754932076938,0.3153473889305859
4713,34.05862752197525,43.01028186033633,1.4255257651830573,0.48226388331287595
175,20.872803554687074,22.28743115340361,2.336903126223622,0.4886385681536599
2704,35.08655203778924,34.77552382291375,0.862927765404759,0.6180098668058626
4937,37.81658932400796,32.64365464850799,0.46455093879771314,0.8840178597901833
369,38.99811011943897,15.992651946485504,2.3550631922727456,0.17353919878515645
1818,23.893865282652882,12.158378676286452,1.153163400730248,0.5046168826401256
2101,21.4941379062424,17.12281426483176,1.0431049966569161,0.4242672592876121
4785,0.551404213445017,39.83291869249187,0.6689179994818756,0.2959200901005964
3490,46.3278557570919,29.313842420980922,2.2289632373678607,0.9196081769537723
1779,30.165393919447155,12.676933125958767,2.114041917223938,0.008171092407713965
1364,10.157696859498405,40.89232215302151,1.007475998591885,0.1221047926303771
4462,45.98017097107183,2.7379693055153362,0.07653319974269712,0.7333444499161096
3342,45.746595088514816,34.95916874951477,1.1166285762653487,0.26344160468691347
4739,49.459208218304795,21.955040287465543,0.45214504145013323,0.7231792610922434
3676,43.70282815694894,36.56451930329441,0.35683517537220294,0.8322536107155628
2426,49.88921939100324,46.37306401217134,0.982734029738559,0.25461601683453017
72,12.234309406163629,37.50170489734519,0.24769234336156798,0.1919442878630242
2962,42.1124792599617,22.09826776556912,2.393661267329162,0.14530063268115778
859,41.151415439788224,7.548784075694037,0.11884795445320451,0.20008861088244623
3856,11.547017961036687,40.31754879027169,1.0034240684968179,0.2671853891171916
4138,4.921877450049539,23.035276346068578,0.40675675507923725,0.8687498165405088
2424,48.97102568387998,3.7656161728564896,1.7220283038218902,0.7700044132524325
1064,14.801227576030518,35.9527698888433,0.19702862303640434,0.0018443169182416064
2217,43.5445895233903,14.592598295829484,1.3670139355215858,0.8741191420980978
4017,0.20635773373019473,2.444411475259262,1.932753738004844,0.07881229970197767
2259,1.0512403609801102,45.13755074870389,2.3751495876224267,0.6552656175468727
3751,23.29356543481842,24.155054604695504,1.7463189074235317,0.15147476821682637
2086,11.935734196753177,14.048052658651077,0.24872939408645878,0.06227581051095621
368,34.49206417179821,35.819327894245575,0.22130137428535257,0.7597706975211778
2804,28.278216278397718,44.295118884128186,1.8289951213451647,0.467203113855843
150,3.8742898725245722,0.01535375168777442,0.5383235125086716,0.5990625133111591
1134,8.131414815785853,34.39260925210769,1.118098271583122,0.4253530187974589
2784,19.402463502920714,38.35058470092107,2.441552753378397,0.06717186250784213
4164,9.280203197771659,10.49637136397465,2.049766996009689,0.7396181662869746
2346,39.61111736219643,24.48119157050872,2.1164833932505016,0.8203511211688266
4897,20.803511777664003,4.464294945896791,2.151924761820197,0.041420543088700246
2250,4.671593342124964,37.33749412576738,1.5488633503038949,0.37571719698393935
60,24.217145113606243,42.37280092816763,1.8598348096561959,0.55731653707016
3010,4.541909053070708,5.409332866233029,0.8974022865857181,0.6051834227669173
3901,6.446865270990859,40.823012671641735,2.496115566432127,0.5781529411412988
1337,11.980491601410264,38.57850852422668,0.6990554241366126,0.6929406539021294
1184,42.97638526237449,17.345666018544865,1.4750185082587988,0.9668162024195229
4426,46.23062661664859,34.514476496679166,0.7051541958029833,0.39058652112871106
1551,41.31288646660345,0.0024061947155873398,0.2801776264001829,0.5566235669555893
4433,16.703860870892363,46.58988272329993,1.4189645371091917,0.699078629463999
1629,13.622322055441582,27.519161765418644,0.8833716771653494,0.592423822077805
1327,27.45778453951196,31.016943203099974,1.4580481688084692,0.38675103000918165
1526,36.09265802665561,33.232970676954935,1.396696191662482,0.6240792879498264
1673,49.668639408008744,28.068450860918336,1.355641822858904,0.6501115304401613
1361,6.578535593946311,42.838194376973156,0.3082528051163236,0.5849684753263368
1573,2.4645999511902215,30.485091607577196,1.1004519358758926,0.20511066075237083
2686,34.71779444976355,45.38799956202363,2.0300098484969795,0.505981358152432
4370,41.611289175195274,29.116581111700444,0.7878587388615896,0.8843568097607005
2366,42.31743899332116,8.55612109902833,1.109578763230163,0.8686018780322435
3757,33.92317745385803,45.678127791965146,1.23457897580067,0.7507879249960111
2434,47.70079020595935,34.08137491798884,2.156828281479362,0.697195514437225
1993,25.550238177229346,34.961949721777806,1.6389994230650473,0.15327913776045088
869,45.69073991681062,49.27408752858008,0.250506337093285,0.4594646645044492
1014,48.39060684957615,3.759827710478958,2.162927464512553,0.11095130974749412
1911,42.35787285015539,21.429630354758565,2.080164938705225,0.8172844496360196
602,15.48792816293103,11.95476964933076,1.8841149514979385,0.2910432064397511
3821,9.810782558514763,31.521323235682857,1.165145045797094,0.7668658642490939
690,27.406003249090922,40.34058418740359,1.8938634587145171,0.8145788915089027
493,22.65073751900942,48.315535444620636,1.196855156606893,0.8924960974115408
489,43.887917109636646,22.729805347736004,1.8415588358179071,0.7538300784877634
2556,5.001583553357686,39.31091153213021,2.2002754124313406,0.5647290005073813
4485,12.88700306557593,45.85257960201898,2.226353962826492,0.5981849147266962
294,37.589947225935425,34.166271626794234,1.1364464354686366,0.3205822768226192
4027,4.749332248865606,12.136627622488561,2.148356698380073,0.1769961913904453
2843,16.03822070108501,30.39270755538957,0.25364345126928284,0.13063620482378013
2912,19.35776970269916,48.49760239085933,0.25454854371695257,0.18202352111677145
1717,31.1296898281345,49.37769144307827,1.3706673671687,0.9339518874028474
2596,7.906632285968229,32.1179911858389,1.6296115461406724,0.16443325420068378
4744,43.03022451748548,44.34938789359946,0.3824844399460067,0.7237374449285499
1873,22.37711177331371,10.01746819243014,1.1804501120149824,0.18462854331472467
4663,45.85108559402782,12.30393024761084,0.23590666953980766,0.9752897702157737
3258,23.39349568169658,47.644380644242986,1.505248713883276,0.36658453547569747
2817,13.752012947036668,6.761768774740395,2.13773509188212,0.4121364290290699
444,7.091441434383744,9.555321904673947,1.8440974400488095,0.4045115787821538
3641,0.18725473556424066,21.027429956002585,0.9457288810731781,0.8164591840602086
4458,26.60787424924178,29.47921438766752,2.484484491592804,0.21829052474210953
741,5.357834846346171,30.190860948413583,1.6573374411653419,0.8310247359056293
2041,19.58638818155891,14.59880043327822,2.0381210861061976,0.6570588544420811
679,29.463588061854335,46.03069489751741,1.6742434682293317,0.22028016779692494
2467,13.784294845135015,45.75499538039314,2.4735407277178165,0.06540754584091069
3697,8.761214618305763,19.603402652618623,2.053399418044432,0.7749925414389587
1358,38.736081130467085,21.714588471514855,1.2985580447386014,0.21896304581618675
62,47.33955861408103,35.12485584119559,0.9171989070939746,0.8890668297228299
2559,5.022020893098301,33.149794819945036,1.7053870728721061,0.1297852773647391
3769,7.779516219250393,19.114850748048116,1.4755545220175224,0.6163645648075022
4351,48.00063286263593,20.71221257605017,1.5733764775688632,0.6921683937215112
134,1.8892110906123138,17.401947171076948,0.8575294157093925,0.6577024145572191
3644,48.88161682752361,11.769250347665395,1.0718210514263862,0.31602981449625445
4970,0.23222415424943854,22.906918146206984,1.3952414372266244,0.8755235232204682
4917,43.68343278256657,34.32170659512702,2.0982085048046075,0.7698053167487472
2135,15.366259049387477,37.09833526571465,1.907272294407258,0.5102063416212808
3278,46.92944290886483,38.94368241279813,0.2966396762569759,0.6032930279384487
822,15.847264431779273,18.736600672656074,0.6138856250484794,0.5663712269473736
3074,32.7153160767028,38.23179971424868,0.06664431233256857,0.9466985773454252
2981,4.0016284882968325,0.3258157845937637,0.019901419913978535,0.8964132367792893
120,12.11649057268695,23.85249688584411,0.5609386732006044,0.23549728515607005
1637,38.683967323962534,39.69522000663454,1.998302370023324,0.2627597777150451
924,26.434292683940985,31.502236032067664,2.2618691454359676,0.9814380721324324
644,46.39845308935224,23.703156207725385,0.9794209147464952,0.2365607019528687
2032,21.437570417067715,32.23210033031746,1.4079964915166965,0.9534793244825952
2761,43.490618290696155,45.347300157433196,1.765131504888452,0.6497537050967451
2068,22.447771873911876,28.31909003051037,2.382341748129316,0.05010943904106757
241,48.96241393509926,39.98930957300531,2.282330593243579,0.3357271994608336
2668,47.99171906994384,49.03713626125988,0.14298075845344982,0.4761540719128916
802,16.456835277804018,35.278410103778334,0.620414608023202,0.8330928914504517
4164,44.29618352084016,28.666288194453177,0.12286135988794272,0.3285854132753516
195,42.38056871078246,1.8742973562670129,1.5413560524726284,0.31057831212454645
2187,10.534019866378141,18.723894912729378,1.7762332911815975,0.920263259028664
3515,31.214520039163485,28.272136675755917,0.7707085308912787,0.07903434540117349
2330,3.634115779490743,39.86032858530162,2.1346297703330364,0.5515212147149954
2359,41.835536029173085,21.905239482378814,1.1320318760287442,0.5042392698481033
4841,8.727294175174826,48.00291378823867,2.4959537877425313,0.057334760222510384
3606,3.5407350692882256,13.589687631183745,0.000999231473312323,0.08775922051931062
276,20.010954776940558,37.22835976051582,0.27372427104639163,0.3819674329780046
60,28.846106929982174,20.951570854206373,0.7544831073383509,0.13416121934478098
3390,42.74584792798855,24.299424728295293,0.06376899488428289,0.47807190444785586
1913,48.71212627608683,40.125101693272015,1.9558486443456269,0.6088888854071793
3927,21.974625628493182,14.810763082585277,0.13192946967821806,0.6913966845029768
2591,3.0223461492635106,4.840602829757157,1.8724490832345682,0.5464700659207645
566,37.45577895129353,26.012779230671356,0.13142114697387353,0.37966001589331244
3935,28.25866281119687,26.439730590187438,0.6318181616326141,0.12975862660463555
1571,22.394567242223157,39.85838861126869,2.103192039146324,0.24748541480707753
4717,15.463443939609483,48.41596031160509,2.3777382355943106,0.41942167701585353
1200,25.119926392176783,2.7650343164174194,1.0363158566512807,0.9241144834023005
4409,16.933980222851545,29.584473687155445,2.4248474107813784,0.20260058119439506
2854,37.850593387368015,34.06392651573999,1.5672023093963563,0.4133442309326554
2895,27.194684824632056,49.29006753742608,1.0395878060823285,0.7323088573740542
1236,43.842388707705595,47.129510713845576,2.0070033599197923,0.7052033520018945
136,27.177195732472104,35.622538235598874,0.7383213003505029,0.9655925944739431
1029,11.913120666996502,26.089470562223294,0.6644906534005459,0.19090129667967437
2156,42.55459411160722,8.076196114963064,1.6413691922776859,0.016519611599961848
2594,27.860952246502197,19.20882776022087,0.9762184049202374,0.32232326098720276
661,10.342051907178062,29.256116252857716,0.3397950673624489,0.14969261248271604
2472,31.175390497811108,36.26001982978769,0.167410588224772,0.5484690523835062
2677,17.885838247121377,31.76997787395561,1.9696064406211933,0.8987790552502336
2308,42.22028061460329,35.70614009138706,1.6897768295058615,0.6882268329725428
86,22.664986932327142,21.457625227594885,1.0294955615165082,0.1357988563501249
2512,36.32206790537084,36.38136452855045,2.2405690879276414,0.11609002439548743
2942,4.776810381811858,7.18706280098596,1.027141881106499,0.9114498132754272
2773,19.80121731511731,8.129315588155677,1.7757386786634588,0.48760954989240035
2504,49.16207182361993,8.141607291473141,2.2727881880182323,0.9236729919892973
3310,40.423014473857414,44.543247851788806,2.1017886467711087,0.7362177155430164
1700,7.997040118346432,3.8017031654317246,1.2777619408489473,0.9933484606354009
3670,13.888202473862755,40.075418636673795,1.7015909811168317,0.8712277426609734
2700,16.490790442818053,11.678544902336856,1.0341644418184226,0.41421219226180517
3629,32.518278024772286,23.421497024762534,1.617992930735285,0.7582278275515905
4590,37.84973797448278,45.7978297732839,0.6438810958634897,0.471228167319945
1647,37.476330440395486,29.296861484375334,1.0868552844238832,0.2330722930991146
3318,25.49370281532014,10.50588431161793,0.5238643440045976,0.2410292587563595
3687,40.54102689190756,14.204503015940356,0.09546238169887006,0.3973221444618136
596,21.85390413787375,46.02233119478928,1.4713496264384307,0.11146622601217537
4545,6.194028264778096,21.357196255498916,2.1610733633769943,0.17776628488864388
484,28.222092082690665,29.349274150339472,0.06394568655797878,0.500608683720099
645,47.61506923005533,22.99660983126944,0.4900743518232398,0.953922477361806
3089,39.64968256962557,18.92190440242248,1.1504626481760498,0.5776863420172251
4757,28.935032384612118,11.163956346620097,1.6647420421056334,0.40849674918802237
4853,32.340283017454844,34.30957502423011,0.42807298417471606,0.24270031986930174
4384,46.52810135177863,35.91210131360602,0.1417370724265607,0.19590130470644063
720,21.417139721748025,13.744254580369974,1.297621794317223,0.6584070293788956
4733,16.56970694713187,39.45054215274152,2.046774282643272,0.8483253174216587
498,48.86207825002245,42.726760015083975,0.08808727328192822,0.39885592643916357
4729,43.17215667551667,46.03375481198152,0.8734236258975647,0.5506590463732828
1673,16.15217923093012,8.060620695918496,1.6587868569833382,0.706726761249039
3067,23.18902986804614,15.19618418066332,0.3268550152561675,0.05829557505557581
114,20.75390645038995,43.01766737518478,0.589866942231892,0.35089704743618344
2979,7.454783933571695,9.9270101413947,1.3387316094656652,0.729752889762109
4769,47.89096619066295,0.1734229621747685,2.3830792409105452,0.6846190265192719
1736,20.21562156098794,43.54136551258173,0.7183565456093901,0.05334772441609137
3611,43.7664541318954,16.322472087568467,1.2188185530517759,0.23781849837340496
2253,9.467811384033254,20.7248762569475,0.9998271576610457,0.6799572144450012
2294,27.39354053186099,22.316701286031897,2.2434916800752,0.27141604235590455
3630,1.198069256213491,42.413730033361425,0.1797246600777891,0.8144102939373876
146,38.21102419211543,16.89460722967302,1.4153689783519108,0.02950485919915935
3982,29.04569491231392,44.61399429282409,2.11529924797486,0.19034702929344505
3453,31.279479173487633,30.8469569024024,2.4702939426564794,0.28131298005055816
4507,2.5860441277326727,26.364336201684214,1.7468137438045184,0.9252898348100883
2410,10.55191651043077,16.28072535637312,0.9498386891663113,0.7963189563706656
136,3.716543617679008,12.185584814059292,1.0295608813348598,0.8841450865293177
3360,14.445715790190588,31.202922138867432,0.8792055493569098,0.4404791471772874
3005,31.37195038410755,22.344708002828806,1.5090327495173836,0.8225620912764199
3552,28.309299215868762,45.52580049660032,1.8485144267956275,0.8534935718467486
18,30.60749108066951,24.581935805702486,2.0486689089723273,0.39995682387499965
2242,27.462563568894716,25.589745835059556,1.0414827742079296,0.9944618477442527
448,13.651439783792968,20.836164056800037,1.7917712556475982,0.8512386292158692
1948,12.225374867221262,39.463149849564246,2.290556480074441,0.9740969687447887
945,6.852984176829064,21.24195990546352,2.3020619861267635,0.8664971086451655
4236,42.453543745174606,13.467099987487746,1.7600725067866063,0.776203640255608
1920,30.823967927062224,43.101543714675486,1.5922554820313404,0.9438438734645458
2977,9.325550625202988,29.841411068262012,1.3288151888125168,0.4198192445845901
4188,8.860468991061976,29.575510988450088,0.4579941704553214,0.7833334334968626
4015,43.651780076306835,30.541110358196327,0.3090741315135462,0.21289120591610955
238,37.136543188165966,35.94198741028334,1.2142775169734508,0.7327938547210769
204,32.96995399526857,15.653399465628343,0.3986103905186483,0.7853532830523928
2607,20.34320537696499,1.6922185416501423,1.44249981417334,0.7165244098835898
4340,13.098778213925877,40.52965804385048,1.6142568257530454,0.8498130653571617
4927,48.97253815564119,6.445252694081871,1.3140389938001018,0.41333544684960566
3388,39.86197875114001,36.09098686052721,0.09106678128153411,0.5447681320754915
2972,15.088961156813824,4.115764914366437,0.14431989700583042,0.010667410695270996
4390,42.378239813924736,18.765392101424606,0.28335296170371366,0.146053163006024
2687,37.94659743073407,3.151303491576912,0.38411451247084755,0.6441939256278216
4951,14.854027493899919,26.11068398138623,2.474706534423333,0.562317199645045
4166,21.327642712081985,32.656788639078755,0.8612375421578061,0.19733251354140402
1348,9.297672269551333,8.571657058909416,0.7299334341032154,0.24346479416028155
4400,5.5526222189054675,18.581380921920104,0.13066658916057267,0.34408220192345806
816,36.13810164198484,46.51197455215268,1.5883009767139913,0.7164147129435092
820,13.375592867693332,22.119455855372838,1.6304769628282019,0.609716602663301
192,41.00296828731268,40.127178448827834,0.43862172394666166,0.0695712641752898
1776,49.780435575721306,46.359237253010456,2.2981038523115327,0.7599391490123606
3645,3.8309906964824334,48.71729124886433,2.0012338664878184,0.26265956302202953
4624,23.651756254185013,44.916100984568466,0.5757982920187701,0.6717596784044202
250,40.10312796554015,15.870266457948457,1.2146243272913435,0.12336284466155045
1788,39.44754482706168,48.12864430805965,1.1459771404971248,0.9979212767191681
3700,37.99985791654842,40.61976208730235,0.871301110855802,0.08033517068771412
2463,17.449746765095547,41.858779181974384,2.044086782064033,0.7417340284009951
1167,22.692662784252615,0.7586492085917385,0.27316121405287747,0.5413303592530954
3893,29.748417867073513,47.71194316591468,1.0382855995694817,0.0859391912841383
1096,48.69702917866286,38.904511192437035,1.0700778263730426,0.026810457550755507
2679,16.377363546924645,38.398374825394995,1.1718140115354492,0.36266571751667864
1847,46.157194385842885,4.076236546429312,2.1533749777465716,0.8022239320071439
3904,13.467845909024707,11.628427053666563,0.5454171755037531,0.0411512402813925
504,49.45372327368523,48.11308325689495,0.2573079337806819,0.7043986633280541
1621,33.513184341379585,25.033853740273816,1.54452115705277,0.6553762762642387
2472,23.17557401792755,19.892900911862803,0.4345861874451179,0.2655376767727672
2546,30.669521403180244,41.99704085734569,0.18733021463654936,0.07749203573489027
1387,13.62655845201034,4.367020705697216,1.0666230514276336,0.915321960554062
2994,13.70869287557333,20.847100813552967,0.5491160771453524,0.30034980273672396
3816,5.677727192174692,18.78503872110418,0.9030415471699591,0.11138323178676113
717,5.702514885269938,17.492569351519638,0.6492777002561436,0.681517078360916
3484,17.383587073445568,15.384612182653656,0.23159115680853937,0.216681228791628
4434,38.14277389481858,10.503747839503902,1.400868007310504,0.4756307555626299
658,30.398558379908124,8.64554014952611,0.0675460450987142,0.05040554423603305
4008,5.129228016551041,32.02030584598371,2.415938369985999,0.9929839489081049
4524,42.611826248795545,45.96974206043392,0.8533263043374156,0.4476211267754924
4994,30.06838134950332,25.442582262494074,1.7378937762245095,0.9991099813095343
4234,48.042778839238984,14.898727617332213,2.0259071813686247,0.3856748769340663
3764,33.50927337056038,7.958009886111316,0.6977619888488878,0.3478525559422194
2989,8.75874318520905,41.50716825262971,1.8718467727751706,0.9145723282670735
4637,23.689168115391112,48.57460282366069,2.0810521385617737,0.3294658538444881
2104,32.424879877360205,17.45777007339259,0.6032930845290339,0.4320055473162707
1255,1.4132350524988846,14.547521277606446,2.4812366922401816,0.07811043671415752
2482,0.7455132077403948,30.074647648747067,0.05172170710522339,0.9554623880354757
383,6.470150029928395,38.76644904767129,0.5425012005888528,0.0851512408509022
2607,12.583221752273538,22.770140177483217,1.9500518906924822,0.7711849335353241
193,21.477456176033776,31.50365749304746,0.48532756263938215,0.538615393811177
3807,24.37202368798942,35.8274534011646,1.745649658265516,0.06140514404753472
3719,6.901380446894839,48.02961439280896,2.138826012457259,0.0017038280410561768
2581,33.66957895579154,8.25186652600417,2.3980356815856503,0.9355536385271294
2565,29.806903084826743,49.869124691268475,1.185618788500674,0.7421734042355439
2763,14.723204942058011,19.607832762061438,2.4277728074552933,0.6864362435394149
2798,0.6829941717646004,36.160007136327685,1.0290557417041966,0.43855653059922195
2339,3.882395767664537,28.620718898649862,0.5453200991859644,0.23861378671097744
3406,19.58473877554197,24.333430850442006,1.2848046327118132,0.679863074730574
731,7.698717558284196,34.90376843657933,1.6245581107787315,0.6083010686170992
2872,18.840980307398542,19.787692511179756,1.1449082901248595,0.7263421948483364
3120,31.409130225517757,6.30549906684032,1.417431109916979,0.36579251850026206
4780,27.361871393964176,24.444669156061988,1.0410229693179716,0.9869237605131903
4177,11.558794156869713,26.09579353411593,1.3119048850531245,0.06700865542853285
2604,17.19112456293762,10.095107669996962,2.3814891798664037,0.07970161703621403
2382,30.70155992243253,46.780967816432856,1.24957788134083,0.916875847580615
531,43.042751402172435,11.373782332314564,0.6329490820231507,0.6477064349190436
4316,37.660671936943864,20.461379704204884,1.8968665537814267,0.3263340681821044
634,27.670001341670748,7.746484342236165,0.8439611444538733,0.7619527577006262
1769,18.11464991582431,26.789832309347204,2.040517927053477,0.4527733878530399
3804,18.25256387709027,15.381880405004484,0.14210497245971287,0.021121508807732114
2370,43.970865513219806,24.4636259988042,0.8304449427717284,0.6511036694199573
2,1.96217880202732,11.230845822910096,0.23589977065159862,0.2431119370915229
205,49.39913222101305,2.6887563974357875,0.21329456061457863,0.11533511661006779
4135,33.21877054257811,38.961332554112765,1.6459738979310932,0.2252731824994042
2621,34.05688495361952,32.05431419798292,0.9633370033840185,0.4761578811292485
4739,1.8998918652371077,17.036967785550644,2.1786973549627815,0.04985643128324024
2890,30.276463744563607,2.3747112341161114,1.291012844683823,0.8831523867795477
3193,24.23890300452235,43.278753134856046,0.7383580529307068,0.5599180165693619
2666,5.288945344703349,8.489750246783967,1.802222219905487,0.2929961801154157
3306,13.896100538467953,46.5371109140714,1.5600419789642492,0.687004848088683
897,44.51572281068256,23.929768929797923,1.9989865520730086,0.8042364969799413
1085,27.499420793297645,17.019335495424187,1.6089706908547123,0.6139246279834802
1279,20.670828758695436,37.087973844548195,0.41753354274730065,0.20249468191052356
670,3.634107792040547,43.84197030375929,1.675775094167665,0.11028842014644369
1505,35.706076370115284,18.535678182285537,0.9788729940395258,0.8598996970333866
3575,35.142541169801625,20.36718760850936,1.1578575756439202,0.2346874135517405
4814,30.70218034862818,21.657910967359868,2.303911439343362,0.02008243067749771
1955,25.51313231103246,46.116153073933454,0.8999101157443676,0.6429021081542521
249,21.689220110368634,34.628199575716636,1.529897857477097,0.1528853298643129
1892,29.663554649399615,12.382305852282776,0.9087043335305989,0.9909698197645752
3439,11.669772586420335,9.24998487509897,0.23681871339447935,0.8697308317394119
1853,47.062953208882384,11.518383171240803,1.1338133551207514,0.6084457260012177
2854,29.439726459011478,13.178194459275872,1.4926537611491297,0.8338656426085435
1503,15.559622217718827,11.509174566700075,1.0187582300939968,0.4705357007686962
3385,22.483992544257863,32.925322359619805,0.9766654616954609,0.7884862444624352
3571,40.28423944384462,5.796675532875318,2.0509462847359923,0.6465335523971512
3792,8.080803036514872,19.367924485398035,0.07421293072367552,0.028644647969655934
3426,14.64178112301302,31.252678648518323,0.7389634918502999,0.9487576675528424
43,33.97540113682777,14.542998697146542,2.029393163443029,0.8609195781966871
3612,15.774460324111194,3.2637192350829016,2.3013253715279096,0.9534073905932219
2618,39.6250840930733,4.091196142298415,1.0307489646020707,0.7313659345608157
4678,6.522674358868041,6.298338815234317,2.2219856079901907,0.4120609216616221
3163,38.13430852273043,41.79215124340776,0.49732530531258173,0.20698522328628222
1288,3.4175857425283116,32.893175280248485,0.5535676696504316,0.17999634756586902
2942,0.6296306333747392,3.226120554882239,2.1154784414620087,0.14491624838777162
219,44.91117594160811,19.55344395757099,2.2581443533515455,0.22060964264151772
1925,29.066960846614933,13.929258642353282,0.5570144199066687,0.5506360133473953
2972,17.591344854340573,28.90200558144001,0.14831047492152777,0.683745063287841
3513,11.62973184819252,26.140297483615672,0.22581034263821936,0.3140565610162682
2448,30.844289163040806,24.056201168485746,0.6534520884409081,0.5487469695078635
3471,25.45010917683691,15.725618518630657,1.9036226928669873,0.3412526594538502
2774,49.57988877649926,6.889988602199537,1.2749795694907071,0.6965099736739959
990,49.16079933268729,37.118819143631896,1.138972105606924,0.9884862203202511
2946,31.75122830708048,43.99283844213272,1.4603498279150022,0.6890169683828835
1812,22.143525305294524,47.20754546164086,2.2255577836554656,0.05903057683765334
4953,24.557048456733106,2.930948530679023,0.22607594891414395,0.4772349578339893
803,34.123953311843096,36.99543557944415,1.7368103190914532,0.7703874926345308
489,5.078727211769069,36.32517297034813,2.316977114138513,0.5422416062535823
3556,16.41760369053591,47.35548070727946,0.533375104396,0.951063029722898
1493,3.7636120501801926,12.645729724888271,2.094430789904586,0.05477167920421122
3645,3.6680379758459782,37.10895191475782,1.7450617768987555,0.29115554329567805
2891,9.791962094711687,2.7313144383242283,0.03617134018286172,0.2207181076397886
1705,24.262662729661344,31.562286038080956,0.5790292009053205,0.7676222017635888
3516,39.23871605813947,17.542391202608986,1.514611902239702,0.5237930684840068
3340,24.274794558293628,38.44547197737376,1.2560008487280292,0.13834421135300579
53,16.773830528043487,43.165214321769675,1.319840631317165,0.285593263461428
2575,4.117649516837907,18.24105211087581,0.5798260615170567,0.5226593229963749
3591,27.51477615915648,26.27930463496503,1.6875086767715666,0.9961289812536492
615,13.563429324158838,5.870203118179996,0.6660459273419422,0.3642923574153718
954,30.74670889585737,20.84534826117383,0.9735874161961346,0.15682609733969533
2433,48.85938695662092,18.04001966295846,0.9222897897001905,0.497066525791658
1629,5.565716073877508,9.156172989225887,1.6800625552997464,0.31018637723306575
2781,10.606269936096997,44.72393123833879,0.22563190420804347,0.5659668238285481
649,23.654726904968737,7.404391902008012,0.5138547526004631,0.46671030278522596
2347,48.430690767296475,31.786967876509358,0.5012426767126696,0.6894899217125228
4490,38.59048881349978,44.507132173994385,0.27106168528927527,0.9142907088675163
3278,44.9114596581415,45.598428993161285,0.5189874470911476,0.20051435076875102
2640,16.685742423789645,39.66198499202842,1.5176506698083858,0.8211800703683981
3801,49.60192368892973,8.807056693708832,1.8304204271854705,0.9492657155485353
2561,5.14164080320787,40.87157046069348,1.6507586174228068,0.37360968151796214
3249,2.6486453023050416,13.82824062078123,1.1879703449522059,0.1136627005966988
370,42.7801313527014,46.119901371625446,0.1310864277401591,0.8219111707828918
857,46.363243510349314,35.45433407119248,2.3975175267169377,0.7010958094382389
4886,4.529267877305088,39.263378050444324,0.42019115209372987,0.21271220483405173
4753,5.671371337292075,4.251622675096861,1.6710534260141772,0.4452235931825501
383,1.6587078877886907,29.13825567217722,2.2822265387052774,0.5779922064898877
3877,5.225378132136205,41.05710634493398,1.7444427399524716,0.1698540866514242
2552,10.470990840014045,43.079517638624964,0.5451241004723756,0.7149128266295598
4334,48.50383094550005,1.4315852366820758,0.7894907469100576,0.6898827413943566
4290,33.39301111198402,46.957961627755964,0.07551466752773794,0.8871266125116286
2725,38.927651275927104,2.1669366651239863,1.5318956021052839,0.5672729644281951
4034,38.80697018457611,30.725933983742493,1.5324824522039164,0.5743130306956369
3293,26.753687488960733,34.669376380765605,1.8137514534409482,0.6193873559693015
4251,39.87444888565086,5.36726455839549,0.02749072318905338,0.27378326138190656
3988,29.79037661949848,2.400593280459634,2.0446032220611663,0.7586058512780028
922,15.72730488016788,39.245607722536455,1.8467773935007703,0.6624992612626311
2915,28.055505438420035,19.2335312398717,0.35221652381022206,0.8391456254609109
2950,26.675429306725672,5.355625765756184,0.8690665231724465,0.768586004972604
3046,41.172652687966036,38.1333908193821,1.5963122322605419,0.6385722305040624
974,49.08636086908295,42.45815350718103,1.2394921873508196,0.16089215090959896
1230,20.552128271046527,29.369309537940367,0.28773565975315607,0.91914732320883
2435,38.169533922067984,8.061840421732281,0.21836343784147477,0.3672121813831484
1814,4.988150201906677,0.7611235745745404,1.953640747770229,0.9642985685167623
2934,38.84156847241443,35.040124065097196,0.38991779504452456,0.40187080200054714
4933,18.570845599661606,27.506983741265838,0.43023168482610896,0.14593829268317082
1363,1.9695081444843332,32.53985708600398,2.077307813391894,0.8848397474996681
3940,18.16230892810886,40.659233509979785,1.5303490864080427,0.7950587401287051
203,30.53213754608224,21.711388849648607,1.511789020384931,0.7862960561131396
160,5.962508384073328,6.225773441681021,1.19836442840835,0.08941075073111815
4487,46.20172462151273,46.999164269541325,1.4224875360057274,0.8792798330519671
768,3.883620663641929,27.263106362342864,1.5044242259295277,0.5964006371628611
3748,46.50033599165831,30.76470595442701,2.4195655871089508,0.4703557362729537
2581,35.356875896784324,46.67057147758756,0.5574332686689482,0.9131716214131386
1093,16.48560877071018,46.57918281551315,0.5364060492511478,0.6660413524819403
4500,19.537517385454663,28.60473033640868,0.1430462192632892,0.13303082385298592
607,37.04046823663721,14.880571236071304,1.6454969970233058,0.5195371760567037
1540,30.073555044060367,49.855681700636964,1.3726054520556548,0.6366165888475628
2875,33.58214607274726,34.0408544976768,0.2780980096165994,0.8985506977316342
3191,19.458230825674,20.421833844602826,0.9113473377954682,0.27989410167490014
1837,24.39067409037995,27.991840142679486,0.4466580133280096,0.7942338856474153
689,49.49337420189467,20.791702513401482,0.8287043510021539,0.7998129038347461
3759,10.696143524985885,44.41525761483237,2.3781604234865252,0.12804948482368073
2949,20.89280932610657,24.124968743287305,1.7082970972013223,0.017233182755872933
2103,14.591159378698364,41.17641879906236,0.01892275198785487,0.5814096958984565
365,38.25557552199249,42.008814891150195,0.6312701844603091,0.7894788862909857
3575,38.200631283286036,41.21661688676242,0.02590386769444758,0.5544308243272972
4550,14.622273049869793,36.10943062378372,1.7871712469217018,0.8133474851998753
4199,4.069515831649145,42.74388584037909,1.173554505138696,0.6223031404675141
4172,0.5716338336102023,19.361478981148462,2.485046729535973,0.6532923616723003
4325,21.372526662124276,5.733160307098018,1.8339581525566455,0.02815442576252558
2378,20.516879716788544,42.12271021862573,1.2947823567697048,0.0885982029194261
1205,49.419493931993145,24.908420784367262,2.011763570520338,0.7250296177158747
4988,23.49010378488398,6.368801626392551,1.7620091280851902,0.7628432823762891
3839,12.820918478771032,5.765626109100397,0.6094404440899679,0.5421779780643259
2735,44.56147205157337,7.962119700494635,1.3256456870687914,0.5901651274510346
3347,24.553397482678925,37.54866298335529,1.3899968120851771,0.6143658398450775
1675,29.95878176052889,35.54283367331406,1.1280792465195086,0.10499131885394941
298,4.783435521410634,10.190934009244163,0.44798155713840493,0.6679086042509301
956,19.145820366488703,42.346170905489764,0.5584226291447175,0.4784699767620504
1114,47.21118372368934,14.064739776412244,0.702618502389904,0.602522976687279
2505,29.47526920877127,39.64927916574737,0.025637873445409354,0.5631418288105225
1474,17.225092757123083,24.440295386747096,2.2923597304237733,0.7630002484540389
4460,31.283359031579653,36.5774341269283,1.7152399789586972,0.31856826371598135
4446,45.52055447890581,19.06938315367829,1.724043289461177,0.373526245067452
3726,13.699530023629503,17.357029854738798,1.4308265345228033,0.3916063065245796
3471,25.25583592353372,42.06797994796661,1.723277020402648,0.7624560991740125
2828,47.93453269558777,1.7651127257034827,2.454656374684091,0.4311126218030352
2850,8.619807164922634,48.736847362875366,0.9629008440862332,0.1770747717000547
2506,35.983196279835575,32.40897791326867,1.7813139671914093,0.9830409704170288
3770,30.72405041014912,21.624169409972104,0.8988225109438206,0.49338186396454775
2964,33.98375655703174,31.40272655752126,2.1357219968670647,0.10924808315606305
4594,17.560981533378484,6.13704732294914,2.1450715172250874,0.6702749559927024
949,15.693968674188246,25.70262276467738,2.2556660635587127,0.7391623575284837
4603,34.210483529418525,49.254776166989885,0.013658310604695856,0.5002228389088954
2850,10.777164255227268,11.763471892335343,0.7454786124902371,0.6464572182773214
165,20.982737242950257,36.113904951817474,0.3348108780039902,0.17267486448272995
3486,9.4087323026459,21.748568791585033,1.134965494725392,0.3679223852803789
2509,0.41524205616648713,32.62290742439768,1.2386241066982446,0.1618286033716162
919,48.50286800190347,10.244361434588772,0.6397601070741388,0.3872352563648084
113,21.585148932820953,23.52324913088012,1.808616230112676,0.5628005221869191
3504,48.46748072099126,49.00463569296375,0.6744242929724233,0.4425394071819133
991,7.016175988391304,9.76435755080048,2.1347284382083966,0.5932148407357406
3839,29.3683389728743,31.822251392437856,0.4441484203544671,0.5017591733685518
1258,10.04870163956198,28.77988743833977,0.9180882369132091,0.31781437340175633
3426,39.50370634816374,28.252579314520165,1.5555943960607626,0.14341599812101213
514,39.18514943804876,30.756164482580857,1.5133376761581332,0.2526728614212772
4804,5.6303574519655895,25.111898684411404,0.19507278001285877,0.20071325189459988
3196,45.60322264381946,0.8465375128829,2.1156465304773704,0.7074222936907105
4434,9.73148236016123,45.00484057315589,1.495162333574438,0.8199668444123809
2584,30.64886707946802,41.348941374201544,2.174648871767921,0.7203886052994257
67,49.281681004385206,8.708384046056066,2.1690889455696714,0.6437341469951583
1596,44.11982673831819,20.66365886894345,1.3647967259375777,0.3078513538137696
4478,47.82819642805845,38.5274490346784,2.2769536432785946,0.7109855591065113
18,17.129938560905973,49.00311576936422,2.12101949703364,0.6050834599891464
2730,5.278782110973168,47.55685232208932,2.3953073614044276,0.04689336668762567
3521,9.417343664472504,44.96795998380871,2.1262459963985156,0.9076121183934155
572,25.024744753830692,7.918694864956982,2.0530096275028735,0.07995384110163928
2258,39.6614839136661,45.72375530045024,1.1734012016922788,0.5027079041588388
2902,7.507682209193761,43.92224564755397,0.5300776509448193,0.5130691527190647
650,32.986576613037855,18.847495558319476,2.276771832688715,0.8370071887583816
2587,16.17888020197559,19.726129726813102,1.8063729661151893,0.9130675010423663
3262,17.060103619607673,22.995446097758037,0.7043696604963007,0.9396757915097929
1338,33.09588650789632,32.808781548320844,0.8524893068891062,0.5696721334789782
4996,23.349970976661012,13.041780799150787,1.7151962796430515,0.6790422302116035
3634,40.60166465129969,1.1474214719972342,1.1945432708841772,0.08851986241256304
2827,7.795925483141353,7.061476229862112,0.20370640461592066,0.48791601084402225
2217,39.497413488351924,22.005795378838684,0.3536198643641425,0.8978567042422846
3539,3.2117624028710434,14.100128471310091,1.864121708780778,0.4556971510380611
1037,9.702694012280249,38.225828051806594,0.8214238212045771,0.06959393543343062
4383,32.80748572515827,5.334503527463569,1.2691235710050979,0.2006411424164536
3978,42.746282825553564,45.87326127774019,1.9165536956338145,0.4295069224354946
2961,12.633981386967452,44.76635899719555,1.877938984265131,0.2375283049090524
3226,16.359580291445646,45.43784084666441,0.4175375672181847,0.3922925853417206
1098,26.856037414336996,36.98049993016633,0.24598466099758826,0.33296187533605903
2324,10.578640324465116,5.349998574179965,1.477880732412725,0.3189290528159521
939,40.55781307937528,21.906878568478337,1.8540821848280988,0.09116460975683538
3716,38.68183225028804,6.570268590273187,0.37259980498852596,0.8827146910865864
3414,7.264585598289081,49.384959638054134,0.9298882183181869,0.6927062534654131
1448,23.191486590831605,16.651921169933665,2.175694989919102,0.6233819084691247
570,38.74138833273107,29.266527094503104,2.3605578539008025,0.6064694080954068
2904,16.86647655517074,38.96965271221109,1.1351744023742107,0.3965022247146588
2505,31.655341135886584,46.03080421128227,0.19878983507708253,0.8233153088514998
917,2.5106560728786365,37.777386292068,0.6442411405059434,0.9300399939279387
1874,30.434438026465898,33.72518893831188,0.5824248007888324,0.0056172489954411375
4928,7.632649000030351,23.299089101907565,0.5974093013526425,0.0791984768380074
1678,41.529166255722565,30.2700066875262,1.2347042634481251,0.6749756173662792
615,17.772473179023923,4.708190442641492,1.4580641292289278,0.23606672272307216
4501,14.077693136409785,44.19612709806312,0.30627397169983833,0.9117049987698819
1749,42.04444883557425,27.18886544199427,2.223390016320836,0.6674130651162549
3825,2.5072011535905103,2.006752521747135,1.549934558202787,0.3682912551587131
4188,19.83043996671724,45.995106282994875,1.4931293256700133,0.4152824027794302
2477,18.50017702875157,24.465098691843433,2.4681974959607103,0.690882505246558
4749,14.240018712477543,43.429457078050085,1.5703599437328133,0.14096410260214332
3505,45.587716600073854,42.84439771026784,2.3223978732529624,0.8834118802466094
3475,37.54641967583611,40.787579372855745,0.7156424308994793,0.004771698430177773
4529,3.1961582095969385,3.070150964767804,0.6003237258662439,0.9789469533038662
1135,35.734372471747704,12.353332271210443,1.2912967170611327,0.16764548036309423
4000,26.3649566564397,43.777393623271536,1.2715223690916653,0.7421113586138824
374,45.04339472007896,44.94955280260469,0.5662091237097422,0.039924707043160534
206,15.647280867417923,22.903443118440304,1.7491391422498692,0.4314288990430927
4875,28.708099980479147,22.002073382710112,0.0740845480917332,0.6303136823141374
1319,25.0377637370493,8.757031694307488,1.7265761813736316,0.07022745759308402
1141,24.478045311380285,48.42053943455756,1.1429447153082504,0.4432935288999238
4627,22.805269975860632,10.65692376795216,1.7225187771126977,0.3031364031102225
2690,10.281473776614064,9.546839217538277,1.1927015766037974,0.4982436119671928
3255,37.78549612461964,33.036448507458715,2.4433344572117375,0.5045765359691481
89,22.566801636964435,12.142215150022384,0.8367123777577945,0.7852316058423087
4108,47.92581375013029,46.938580550719486,2.4564323425059706,0.12350452844489768
3020,13.040421359638815,0.545349765889741,0.16243485619743842,0.08271960104746645
1857,34.13719198135205,0.28766311616506557,1.7094019368938915,0.4018902332387908
804,47.03585398195542,25.243840071779978,1.1355480169622802,0.8875199193765325
944,33.172916150804625,24.4031229956736,2.0553440638242506,0.855269519672093
2789,43.56364538086973,8.168201095045525,1.9740401742924951,0.559992909281409
3875,41.374047987850304,24.725978148514223,2.0005254571898434,0.8887738189711071
1610,18.005885774450192,20.58305525849932,0.23684649825629928,0.8053435975487119
2923,30.006196996974825,44.516476267118435,2.0559142496532368,0.2779394600930494
3882,7.81306699056778,0.4626960108481737,0.5351003936094023,0.1701062804458301
3221,26.776294134779977,48.813490251647615,0.06420065964758692,0.3011565009767059
4391,11.52109859071686,31.219638214792123,0.5443467992110285,0.22711787843881437
4735,37.18684074762228,7.592172282263782,1.198212761749582,0.6227187926586971
2387,26.40292109460623,2.338000690558312,1.8552783997785802,0.5848991127746501
4723,20.561368131583023,26.905282927961593,0.5465812020821342,0.5984373834527817
941,13.439854808348878,11.744508298591006,0.2825188702256784,0.18930353649144882
4925,49.93492409206434,15.058276850062963,1.6149181375598556,0.7918627252764388
2566,3.585526044246634,12.256608241725681,2.459745090900044,0.4336260835426313
975,2.178034028621001,32.50861567862554,1.5021757552140453,0.47245192036653294
954,10.862870024693228,27.676448105806678,1.7276434103085545,0.9969618462112396
1262,48.55362293139098,3.898721176090575,1.4029186093660502,0.28227178596274816
943,48.961908415999225,26.32632665875877,1.9558711105712598,0.3941380041077108
2202,32.746386738606795,39.55948827816499,2.439511050523612,0.6764632079040873
3327,44.005333360320236,4.059729541016216,1.360323073510462,0.8804130201902414
4274,10.69808654203977,44.486948811520996,1.0419762793568146,0.12678100668403114
2259,48.60210470883118,28.915332472386456,2.1508576529003163,0.7350458064271639
1828,7.139242506978233,47.53122346351583,2.424320859399975,0.9182805259955505
1257,5.056259409082914,7.407060886118782,0.3229541021739199,0.42292461342686904
464,5.610576962363645,49.678249967665764,1.4454274136846947,0.28672692293351754
3294,28.656396163628234,32.21364329848384,1.9811499813649935,0.6777371467749372
1230,39.04872003590262,28.374709974053143,1.333348512890977,0.2460736512382915
2654,18.333358893731656,25.76398120560427,1.0229924204823717,0.3842897465472861
884,48.89479938930633,1.1827186549156377,1.6380745528385514,0.8969133740898028
3805,21.721006905916475,46.981959577478904,0.6753202362833708,0.5903325525913774
3856,7.522427538660814,32.19972364270991,0.8728343573459235,0.09497726659984429
3135,23.298337409306836,4.581324224964561,2.4806916472033618,0.32969753144637093
924,33.95185827112199,1.0476085147262448,1.5911633359362385,0.6272651651173761
4589,41.61128902521894,2.5391819618375666,2.1823182457776866,0.48149763715467786
1546,22.938414497829644,30.469788171612034,2.019421282592859,0.6603393167515906
1094,29.680341302458373,30.70077074472926,1.6306813859850602,0.7614414176803406
2411,13.367235607942668,24.983364589072053,2.1018227061469332,0.4806151202047081
2617,32.2958263202757,15.338291032647577,0.7178962385839274,0.9869516863019383
762,49.29859719751718,26.587136580732068,1.5927911220307458,0.9146738756739003
2323,2.452678629389693,25.81509104381289,1.4765087238099524,0.0599074060686563
4145,44.32653353525839,0.9707779938282812,1.556049001983362,0.2664311377502183
2775,28.11412513837614,14.123461516374903,0.42157981786693804,0.30054351230978404
4659,12.604932978114997,2.659267073357474,0.693107599995171,0.1842903566700106
4878,47.74448550046289,45.00773757238277,0.7166457969813478,0.31201650305048023
3155,24.167715152944947,36.26115813925677,1.504865406431908,0.42482063293546024
3970,16.58451258366928,49.805758509645614,2.4313672010994654,0.05155097899245775
2040,9.074881413542057,15.108563165264394,2.3851688779553704,0.12730023613241448
583,12.222610512833104,43.92429238784551,0.5679738824742414,0.09624587879348379
4331,41.64245207957213,30.152713396624087,0.7621131076669313,0.04631693914665058
2103,30.72050046585829,22.656270345180246,0.0901547306979178,0.48149702030161845
1942,45.6622809744158,11.128655564431755,0.9970389746484853,0.33380308322614505
4455,11.598422607889292,36.91960826430714,2.086685304200909,0.9354472296497113
109,6.056928692445074,45.207037445215,2.28937934746535,0.1027605354417378
191,0.30437654877950027,11.765419903768537,0.591241198919859,0.9260353357356722
903,25.39310188079969,8.769516748680628,0.6644861837220981,0.08654561739945921
861,49.91534651909941,34.81109575024335,0.5521245412718843,0.6192173466044351
1083,34.74826344093195,48.84865813627596,0.8752589189364468,0.24773033737632033
649,15.419729598257303,37.4977550552039,2.0118984964763618,0.8268056464938748
4134,43.84292915130858,14.229036952382446,1.6171436747111503,0.06147482703996987
3611,39.08611329939799,20.99777120738928,1.96485229465925,0.9525081557696253
636,0.7707583038269628,19.215881772918586,1.4575777658382654,0.04725720033290015
1036,40.84302402705112,42.60475090235227,0.644332695147867,0.24111326830133384
4131,15.026337861924798,38.568538943611195,0.5699854505313604,0.46418472606739003
2148,7.483673229180054,29.448771738076008,0.02250176465937448,0.7560578865662154
3865,11.316541986853728,13.747955519845162,1.9524553421851811,0.951112717543369
3157,23.42899021875695,46.89942638610281,2.1178030654117945,0.428042431294376
3587,21.243396353400552,32.66576123845733,1.9207064990710407,0.7573100938178727
3294,14.444364968711337,48.52383232208912,0.18600514432122683,0.7271625544452387
4261,8.610916110351635,29.005851652101537,1.905554067924665,0.5711688952909065
2430,38.11153948210846,41.059637918180705,0.11441863287567328,0.6909191761008197
1879,49.505489186745855,40.655268969726336,0.2639826642659779,0.03806668306617789
3966,38.88957902098452,16.866438841679603,1.101188432331668,0.4415774008975135
3713,14.79684838357706,48.20103614786141,1.1903675223121002,0.7858606940600303
4126,12.240448070606668,1.0970733798781995,2.040296591546741,0.47422114500273094
4106,10.883293803296912,38.43554543837071,1.6988172301022764,0.8735045842269484
2011,6.834753724451814,48.27785428820219,0.3833004465780407,0.8336378765647102
3373,27.56652748461506,16.945410164186143,0.5653669580720033,0.8634460301723657
2143,30.27001859766721,32.4055293895486,0.7141879706467169,0.12999668562819944
2500,35.27513303315686,28.11116249221053,0.30918159363714587,0.2441411245660705
4581,34.0106685466834,38.07536548382618,0.7191122158980767,0.02959727321213035
1289,14.616665564169123,43.308896082252616,1.8214953888493326,0.9828007268630552
1447,16.51555026984233,30.152228464977398,0.6035036752682075,0.23613813941676198
3199,34.075726772116894,40.795229319072845,2.088399117650966,0.36709333448224224
1943,17.472382039181415,15.614278794462761,1.1737924878130195,0.2749264472284362
3183,10.631159480965652,11.429352935240845,0.8073394031109721,0.03979362284541732
3216,18.71680768483698,21.53338447664201,1.0310452613721828,0.2612580096101085
3136,13.604207878898883,33.88682997903916,1.7737418514837286,0.09819566620770726
3318,4.4156360609288905,9.36234744693618,1.2919817581149755,0.39428308638458465
2782,41.50694511383268,34.01760960759457,0.018196659937645132,0.9668241183367756
990,42.65556945785182,19.704682428603366,2.3058096164626876,0.6982623720638178
4920,10.987515008343973,39.7787636946316,0.16499000750462928,0.7069007898078813
2153,3.2386099762600873,1.8417908551651652,2.3465533720359644,0.4531759332912553
225,36.94137186755898,33.39913189146972,0.07038205905013667,0.8113040106894477
776,10.576431293170685,32.491116832498385,1.927448337393621,0.9082841669175588
2837,19.671774471843012,47.04677380626572,1.3366867704582206,0.9615500060838208
687,3.206762611869163,35.66837767820352,1.264315451510265,0.09899022274641855
529,11.313479237921758,39.81509482116406,0.18194625636001133,0.8796440086464777
3442,39.64511391648179,45.229550792658415,0.5968625258447907,0.22508288357586081
2153,40.21982234576009,33.75259591459939,1.94386829266298,0.3972669019908339
1294,10.35424124438552,14.50768174799873,2.228149574806235,0.3454771947120263
1526,16.795692255334476,43.4886899791761,1.322796702632449,0.6751300400867949
4774,6.711920954687178,37.37890597379875,0.8833584909064884,0.5979245402337916
2896,3.708631514246119,21.221880200044673,0.14985802016052707,0.10910487476803599
3103,49.60858572242047,35.526458632498105,1.705446315165851,0.7828226295145166
2440,32.779697562241964,43.3844438590571,0.6961165267157066,0.43964540180149614
4135,27.104825459915936,48.782606569563576,0.137534287480367,0.0022218433296467
3802,38.27492502026498,47.61757519795277,1.6646293227465554,0.4145032668608313
844,42.00385798438621,16.266391338207075,1.214299483834396,0.5163315757471911
446,40.33573840223637,21.084685685909086,0.029905374254309836,0.06887468520822926
3915,0.8269724644938303,5.476830248868564,0.2773100977658677,0.15113525941620154
3109,9.340394909524925,12.3772143509023,1.7480048231148604,0.993572171490861
1234,32.745265105891555,44.12106042434751,0.15917833266447134,0.8711954020224856
226,18.787967390198148,18.04249631396795,2.1649076621074754,0.13332741934664782
4143,49.12413255305535,31.027632929744055,0.7783156935498317,0.5803093996962564
2959,33.2702396319127,33.29828091535166,0.22166617609106154,0.3792432972173432
1830,47.82744543646032,39.0914637571656,1.8993934454201635,0.5437404086999197
3779,10.072324082289692,9.140001512281549,1.3110680861325594,0.47053519356738727
186,43.19785140575115,15.240656730721774,0.7666000809482441,0.048148925025684686
2877,16.067615290761267,22.41681707290903,1.01524585417317,0.31542031099078305
2535,49.47824041189034,18.242053061913676,0.05353098901206471,0.12552058202812666
1932,7.884433603657365,49.14526164298449,1.6567463438485723,0.48896809229074767
2924,25.81699094191633,41.74704016068562,0.9144342224086113,0.9073167199795433
848,39.642226691856095,23.9843377310243,1.7850939243203243,0.9955327725695439
2032,21.632124030201794,43.9634313043234,1.5704278648813679,0.9442530684824714
1252,23.404203009382336,17.38264737916484,1.628135464774345,0.98569712497481
1881,49.31778977528705,39.29141619451323,1.982231777511081,0.01524631578035518
269,21.265407515057667,11.183779905322682,1.5778951959406275,0.7294469784440278
1630,30.203605029953177,38.6161022613183,1.0468148231047312,0.27294881017653627
4405,2.726983033757535,22.82267015978642,0.974818904336589,0.865617978269137
3203,42.110504010513,5.374966049612118,0.29895526691213953,0.8137334906240424
1574,32.40840244897718,13.663122727779115,1.9486085328906044,0.4236745758829541
2892,20.201005143140677,20.113731201178233,1.9027711043865545,0.4732606751031575
1695,0.8084769977259876,37.46464558322186,0.6157459177138086,0.2650916689925389
3258,29.583441029675196,3.649135736547543,2.1567047817453617,0.28880403622030193
3262,0.6328914242081096,32.97734975463198,1.4725081444765706,0.9811744233604845
1445,0.06018069545089544,35.80068204664218,1.1967171059864181,0.8888528886701745
219,30.80492810746773,32.69606849628757,0.04374075406373967,0.19186897211497478
52,9.450853366727713,38.03348190837778,0.9568529646607906,0.27552467786493295
1757,9.594377485904765,8.908430801141915,1.6016769205891577,0.10864799306226003
1666,32.66357829163719,29.355167753151868,0.22436959422095865,0.9888707829796913
2785,2.6848593969687142,47.05724736019399,1.1489182722188707,0.9072098505305477
719,15.670278073727816,30.539213490226885,2.4835898784039903,0.5520979869873974
405,7.471595107100954,30.56681734764765,1.7913465930226689,0.6928931039471257
2294,29.008818489826695,36.821982105663444,1.367177218754011,0.7479469395906544
71,33.08825773636979,16.66021160629295,1.3325822123476916,0.20381122746022495
2053,36.056792679952174,35.02379506607703,0.10941270564548605,0.9346663373311574
1229,12.76156084592827,45.81169166566075,2.39328609351984,0.5267427137216166
1567,4.462487581829199,0.5447736512671497,2.3204441507126075,0.0924515375004269
3682,3.9341828470948914,43.505652055443264,1.7060117766886163,0.3970826078336691
2953,21.307577422536188,10.930916562942954,0.2475291242038749,0.6016465561765669
4482,47.292220453135755,22.79616368501876,0.5195847418735955,0.35282319146670316
698,10.886451712351231,42.6173900476319,0.45977383968896307,0.6992044277518311
826,12.837080067077466,41.19560637283145,1.2989462127530471,0.8820499804079548
348,5.044440105292947,44.596373906302794,0.519509686254964,0.771892124382132
3908,30.278513694696514,47.0208396316263,1.7395014038604955,0.6426580200973039
307,33.99364369735874,22.35784783858793,1.3630747149234725,0.5121574814116652
3416,32.146560408038,32.818190540050345,0.04414544260663872,0.25446348578791333
2334,43.056512152239065,19.523922026305335,1.8601430925891287,0.45494616499743323
4861,24.321291751303587,17.535835874608292,0.47207184163487126,0.2929529071381771
4820,6.722852038353222,21.579770529883476,2.062212799201692,0.9340233810897248
2809,14.470256535220633,37.1538067391338,0.8876135928074474,0.907311156986661
3558,33.12149867106759,25.072037357077644,0.8465491999540911,0.15582638330357956
4478,30.656098687077993,40.7029837224171,0.02954333944552634,0.8226202211942198
3477,26.550156487148126,37.26092385980779,2.469322457307543,0.7029146967557403
4620,34.148220934434356,1.0239230562199664,1.5300108479296595,0.9752117205606047
2686,31.869542518664968,31.51190785530808,1.0568254154649768,0.4633065686001786
2985,44.066244473247586,21.828556165429553,0.2415535111533476,0.7221743714143831
275,29.30081887391483,22.831449457557078,1.7478701603775422,0.5178839201283764
2547,38.93006793502782,40.918652693494735,0.7068261749798471,0.0694004966923557
2764,12.435357798323393,27.380399304233837,2.4707020459388223,0.0467647497367677
336,33.9091292294534,44.281091172947356,2.376368397873308,0.12211144287978581
1973,45.10970591913379,35.64027961958452,1.8382416970069715,0.2961910638524169
2979,19.28661639499166,27.64200043820264,2.4276798257074224,0.2591131058118753
4576,38.95520936693233,37.72689880755519,0.26408465613440707,0.7283266687059001
3968,36.23946505977177,1.917452546270365,0.699788401341363,0.7159227349221242
910,2.9763098435911237,1.3541827414103869,0.6331082219779477,0.9713945798493719
1996,29.075415481203613,4.167466346042604,0.18003164614825623,0.31039082544239616
3129,6.509467460040119,21.878266257357133,2.4305664949286396,0.938452083780593
4204,48.36595861152956,11.772507281347156,0.14993521661723463,0.6128506034877351
3757,40.57037513503281,49.21306472078923,2.141722259985824,0.4953087109901204
327,5.486190062356005,27.114506950568344,1.920403561442098,0.6678413778132158
1799,6.087599882383921,33.12078730405793,0.9396677186786486,0.7027554515855868
314,29.72369274563095,13.941006812334834,0.04701840657449746,0.17192902885924144
3545,17.244458708659167,16.08984542938044,0.015239762454673789,0.7517155035352574
1134,1.745292953655464,16.773095707057795,0.5099846017348081,0.7251727644669765
2746,27.082075391652655,34.93678525751503,1.2346914500844828,0.9975322839487789
4876,19.392254984292347,23.685310384465424,1.1447749454628784,0.9119477806724755
1520,5.053824618587132,25.884182626503723,1.4632314414123186,0.6846602316842915
155,40.09601961279913,29.600149107967265,1.9298982741519053,0.7123637130966528
1724,45.7538382639403,38.44058281191085,0.9433865371505143,0.9459856338345852
3343,37.8296967007065,4.518487425623907,0.4009092387732935,0.9671782729841749
886,41.121115500813865,38.84369561094108,2.00012229207106,0.8269651972151274
3073,10.824528363305868,28.16175344375899,0.8317267033280271,0.7673935455071609
2805,13.17864754593005,33.45477224276286,0.7172047444833768,0.11136582336489109
721,10.426377014959387,16.3775882420381,1.9107800960730883,0.8303221914806358
912,38.2531715682782,20.46934184082246,2.3353485952078614,0.2531956784557905
3357,47.395853946724856,11.558290982696013,2.287403205026892,0.5637842960192129
870,35.84186033669513,48.964999870870265,0.34360606464294646,0.4053724704378353
4108,44.0733382439778,24.850148625515832,1.257895383673249,0.345607300637241
497,31.934954744158627,49.80384578982989,0.23217570932043352,0.31025000146706005
1756,19.382995027939952,24.489298903063318,2.4024398972659995,0.8554270806574897
1117,21.28808074651526,10.987563219203366,0.5380697146920985,0.7691361206718442
3409,3.7660716083702415,25.372619836842837,0.4935739369144368,0.5234487524087015
2828,1.572859762301304,1.97977858995389,2.2222141825161987,0.6644804938644568
1647,34.77378020945387,45.238490071097566,2.4196263878049122,0.984527950344009
2983,21.92144460055903,40.927512559722054,1.7440806482381417,0.3975351357779431
142,27.610753402731476,36.291026034714235,0.3025125842480622,0.551100606009575
2761,27.883062381120816,30.491335772123,1.2146390263516846,0.5335237125744854
3435,13.86879066666507,28.991711683518158,2.041512735154009,0.9359723751517351
4660,23.794625541474534,49.836410703973144,1.431192959270613,0.35156241761085916
2431,23.538011083385115,13.899871700996897,0.33148713682083664,0.9862547502177453
4512,19.42136106139285,38.984218268278894,0.42971937375806957,0.3046976135731849
1848,41.033769170053525,29.070238510682874,2.1603541895870126,0.10890703532403212
2696,22.558200184379796,48.79402718794426,1.3175729092187085,0.19137354524205608
1717,30.18222622529939,41.39015916491262,1.764591934416781,0.4262213418642181
3072,44.776006019041304,49.926255649479636,0.9326563155826619,0.6497559498332474
1067,43.31168114294612,29.416249723122316,1.3312139572971038,0.5168252200240195
2786,44.52111018895826,10.227197877246752,2.4427578509692296,0.3762781765744445
3791,13.500249823250698,25.18435178473669,0.8242575924203452,0.5620332657067757
1288,1.7491244154031416,35.555556702528726,1.686971318770686,0.8388062763146682
3871,13.05333999476646,38.7180193090794,0.4312638929880744,0.8389310276384797
1806,13.935367281035433,0.025499450797178413,0.30434971315083326,0.7262278881822307
1504,45.468016336248404,25.2513544251147,1.9591002781475744,0.9524484582433425
3308,32.46213664189853,11.761728998532329,2.110270524967914,0.5902046674378381
2951,4.085197980111438,43.74559166273942,1.6707792383735387,0.007657637654089
71,6.768929800555057,7.6452722025114275,0.3954895938611877,0.29092963281215767
1690,7.783806277098771,33.32281247874167,0.6014699141063464,0.3282227044901007
1344,31.521087408446157,13.303109516246241,2.277939270237779,0.5473260773033678
3303,36.770701275350156,17.827107160713613,0.7217601219993908,0.9048894713874821
3113,42.982195528269806,47.02796303784224,2.0471512904927938,0.8381149635430941
882,47.03182754031216,12.022406270403973,0.7148432222760039,0.23217298530830788
4234,10.08522786932209,4.750138091146533,2.3486564233085865,0.5193902359440692
2662,15.488624236202453,3.4642450722112916,2.2861322820925074,0.6591486354289616
1504,12.016144037241533,25.230755504973107,0.10815793407196989,0.9875115406311474
2463,17.938078373306887,32.085574114214396,1.9260349671685215,0.03130281936030799
2553,45.73325537118747,16.36468217854436,0.42365440058601767,0.4638773167703196
732,28.755628346968077,34.51298708965404,0.5381790647659537,0.9881086540077202
1748,36.90959486622496,3.0516859286618905,1.1496130308286894,0.977205797028095
3924,24.505961806339098,42.86673224614384,1.440795374373625,0.33072651759762917
423,1.4428956668062265,40.82836048696189,0.81449929742623,1.6736257934746313e-05
3478,3.209774299890716,49.274813569604284,1.438458413885523,0.5867345849523341
1591,26.896151563394287,46.82524904509227,0.4266459283528415,0.8669388507928906
4485,35.939451741001285,17.809858195946404,0.05584413595259269,0.3242972241778892
4437,10.766526376436575,19.96376920077886,1.4280609709044079,0.9342699648337701
4709,36.0954786996152,37.29824237391298,1.2935381499057972,0.332702437111263
492,40.53328867417562,6.70413859774916,1.7241349101898122,0.6102013199725691
191,20.59487391810556,15.700735512241742,1.6245551549195614,0.722046073181635
498,37.32096164220525,5.927046848782414,2.2437159505848885,0.3454157644953617
4917,20.201497516422997,22.74432245364157,1.1486715504038647,0.35220641201928005
1256,33.917531472751,27.600213994265882,0.020923686732355062,0.46999482968377404
1968,38.19985246597715,10.55802349813762,1.5766317039921351,0.835223428104575
4322,49.59633091540554,1.33158434570525,1.687831074008046,0.10085076756222844
2186,17.269833103179806,35.96779158752616,1.3037374734899243,0.6314793853987916
816,20.552039028730572,1.0002582213084255,1.7232621756030393,0.67734792930926
3220,8.281002970508567,48.67013044641781,0.8089595330903818,0.5578727599891367
1473,10.203652920090345,11.080362837119772,0.37202075797769796,0.9358383873756226
1086,34.66975012991889,33.19500460581455,1.6613841598910164,0.6019907169345468
4199,45.8522795077238,21.737586311999458,0.6129660730388218,0.6345767510770375
1874,19.730247583062027,2.98369301685536,1.1407897732105121,0.5997600279148402
870,8.992222341777062,23.609180331723373,1.2290568265291215,0.722018774928167
4763,14.254974969149703,25.838031714839982,1.1929988761709711,0.13540941565389453
2042,22.75258524040693,42.734160404643426,1.4961228591998896,0.894276323524307
272,14.532516468268419,36.61745348239489,0.07363427231464714,0.04249232291905325
1029,11.678954156093313,3.9651237376693182,2.47420623732522,0.6407439600539823
3218,36.79922443785398,10.458134171613253,1.790776184846428,0.615480932203108
4069,0.39224606203115964,15.594384210747386,1.0634694544969068,0.20812112742665345
1051,26.961526366824156,5.820384323240973,0.4783250757256108,0.040710973684136564
4033,39.688340351487696,22.84495354572453,0.20044330610839073,0.1388353970481091
1573,13.31141431587341,49.21545954312678,1.6804760515653048,0.2716720549512216
3190,30.164575530600867,25.73063956188808,0.7923890373963958,0.8821056905590439
4388,33.44500528093089,37.09410841615847,0.5736961456246701,0.8557344041799902
3797,32.751234820254496,34.14688988496731,0.9498859677808336,0.0638555742660517
3289,22.292481709935885,42.4955717546069,1.4823077195192753,0.28926800803068486
3747,17.32889939378896,10.786174523280472,1.679263041710003,0.8893162432490538
2105,41.79620365139067,37.69131308465141,1.6129251733863255,0.23665902844462028
307,37.922297849993214,44.06776201528748,2.1581639587299337,0.9959653038208868
3359,16.062758670695626,8.575491149012137,0.5468935776752881,0.25684019578730655
3176,5.150959722110304,17.340110989400188,1.5918654079928387,0.7391132566709997
1251,3.5903772722734595,48.50508821657807,0.2527859404652352,0.41705917357139355
2747,4.713798894946803,39.039392298989625,1.3698367247479446,0.13624455204452457
1517,29.14346805960214,14.129541626876618,1.4598960062241781,0.25515461332880385
1378,2.5831087914494844,28.19708848222435,0.5405932473354341,0.6751180756214514
4891,16.84634374820192,20.21630614247394,0.9792328249780922,0.33705640203645004
4992,37.65998509571147,24.498258816356493,2.0679822239595063,0.6041282206004783
1961,14.717408325768904,17.758309569535424,0.37102263438240857,0.20553104276895962
4305,38.16540385900649,13.96655092651703,1.0862654940396004,0.4485809721828008
2863,37.273351910352766,33.73815206957094,2.3318326780286296,0.5122457802842255
2656,12.291356631660816,38.92709075430588,1.2602723192490024,0.41278456331432434
2494,36.441109004637276,43.69785613736724,1.8128342795832175,0.19791803135059383
4567,37.38883191360504,7.766498365909403,2.0671650988888772,0.4615535246067376
4005,19.872696283351342,41.14277618226203,0.5094359371137311,0.6929005605390304
3563,10.521024187075911,12.740041223853177,0.5455430888323309,0.964905662825861
922,26.063540344593456,21.366819495502533,1.8964786402459588,0.7895216204779495
4232,46.06987940000982,45.07218429246233,1.8832668454410024,0.16147048151904642
4462,31.9808366216031,22.7251800491301,0.15045830159904766,0.27270184980354006
2959,8.64612488136306,9.85317670221581,0.8062456017374109,0.07882389545335
183,34.137846236676,7.99343276185589,0.9963312297710949,0.13564952426007792
3358,21.360151364091728,23.64918833260669,2.0726010086778843,0.25068296486844754
1398,29.57643986776865,38.133621198827704,1.0546556385743435,0.19952736629822
2796,36.7032017511554,49.86025719871506,2.3148222260081095,0.21364925076663666
536,25.74736757572224,39.37043142154509,2.4915194428516,0.23077022643928802
1273,40.69919872866543,43.850597947142674,1.951815414235874,0.3006786957836114
2967,36.107778965831386,37.3916180467444,1.6659667239181437,0.1255860686267587
3049,30.75366700092553,44.7717550378053,0.979742914967807,0.27783498381829497
1096,7.5396407916175745,3.814677165695662,0.16759861513008345,0.6884118272820565
1305,41.797455545578416,46.496579949082275,1.4328468909903265,0.2364009998254578
915,46.7952792659908,19.820307686282806,0.9042622638599773,0.17183842765268742
3081,6.848256190464741,46.08071116402223,0.8772451895808588,0.06769566218446077
4247,24.412056471671526,3.786641872973778,1.719273131773589,0.49997148619703835
1028,12.944437098525224,35.76214785605679,1.1590983964915893,0.8419827278722763
1977,37.72616537127823,36.78443743351023,1.880234611928625,0.05901664426374176
3354,36.081481800235,49.84554446488863,0.9954330567134478,0.5423260272381492
2511,7.044256028519936,38.44276353449069,0.3771584637164066,0.6506189154224982
270,43.85136356308186,19.128685290780332,1.1533688154756163,0.5924616567788439
1186,9.048653198900114,27.862427580927267,2.3775312858134083,0.8776232035658511
4555,39.862951282405376,18.327546908329513,2.003811572791396,0.8663955802085633
4200,22.849017981400245,9.800932265242906,0.5143731376834169,0.057307592528459295
3764,16.41361467790756,12.425116375113676,0.9782512541123567,0.3609439692236869
2398,7.9119631337106755,11.100526713716047,2.3194802380513444,0.6708298304977527
4529,8.38071280733147,27.440766508160646,0.30924764681641626,0.952444655492531
4235,33.09452773504501,45.30803172659466,0.6348756046623399,0.8046847964530521
4182,27.521519397356027,45.63633130441988,0.6555566146797409,0.17658931053381932
1711,6.1042710825616355,2.738188876291275,1.4273321891549586,0.27920883774729943
2230,5.63489302191626,3.994970047594676,1.026833299278307,0.7635938636237385
128,3.615528738639573,12.255952858617174,0.1996766849907497,0.47147484727267563
1269,37.188367368677206,12.752972623473745,1.5729536364427141,0.5473024420221541
3672,35.59410426146446,4.744458761962555,0.24769466130037554,0.6089798201757071
1601,2.9215495427287577,19.423167058672025,1.5160373299476952,0.10329151772573941
4765,28.013503779848648,29.38626963456436,1.2675209505650644,0.8559620334332542
3970,4.233807762134495,28.908110029973184,1.2341716518132815,0.8631344393767272
4244,45.187288530447084,27.171484062929636,0.16874061324807454,0.46823944412836727
4947,45.35587095900662,16.93359624437486,1.5980511172088396,0.6268452185006631
627,34.9116494906565,35.322784265829036,1.078300646473327,0.6599041200254901
3797,46.3094460719725,41.324197049053566,1.0277653057142164,0.18972258472988413
2044,40.57265152068453,17.313713323870424,1.4911284910463418,0.11258482846627937
3552,41.42692879635247,4.276767964973099,1.5156201498663684,0.02067294640375028
4979,28.48539252849666,14.816512554592826,0.037583239404971325,0.9128818267776012
2341,15.302959910808795,6.868432728745138,0.3130647530080166,0.34571328894469133
3214,10.889955755821079,23.367936361359043,0.5912955521118015,0.08583093501100303
249,16.36000110194646,7.796757565803913,1.6949433333649477,0.4657999784979715
2925,31.4247715044531,23.142237882898865,1.4418528175740186,0.07562511334617517
974,8.632826791619946,11.050144616232387,1.8940728309618842,0.08525075280695493
1325,12.932011831866081,36.93655527312015,1.8515195138596425,0.48888534570452513
983,23.40304313977322,1.3784120417922818,2.132957173015377,0.5088366597166352
888,11.652504926230778,27.73731519159628,0.9420371531810348,0.5801430853279106
2937,29.432183485803083,8.474413746002835,0.8626596654582569,0.6563114800086017
2117,46.158801422816495,0.04959322348135342,2.077538507633658,0.6682673701791192
2672,37.40446828515632,43.460004403240355,0.5940038346679613,0.43299668755151755
4970,33.321330707445654,33.57638939070338,1.1529309341840175,0.6435330585373763
1326,29.13607379918894,4.94714110252617,0.4858141300556243,0.3047397562145159
470,24.397395462853243,33.20361838419278,2.284601855348034,0.441308191155138
1987,9.328192981732986,30.582366636879925,1.0195075327415635,0.3933270485322804
90,44.73552277134328,23.667834352160167,0.5312172455770708,0.3291100012186364
529,12.426800100641817,20.9629049212807,1.73003347642228,0.2385708256109662
4756,4.565443878908038,44.35348814578675,0.6116116955261965,0.07845900054087318
4059,37.50075896143476,12.257400994872564,2.3587590079255585,0.5059104777856958
4834,8.78077671655832,19.915502850669164,0.9190425370235287,0.5372881862058948
2773,18.594799977058802,16.455770644741364,1.6616017802545926,0.33615504410205677
4967,1.4142464145489864,38.560051451831676,0.8631123278935335,0.9758438630354458
1686,6.8533971270224034,45.82326531162697,2.0181139574836844,0.5569612103064583
191,8.660181537995603,42.489084937011526,2.2423068525569394,0.8890105189152379
1986,2.7205063875088973,39.88519651498842,1.9697958985369655,0.5700853095216198
3623,32.83284783114226,49.33949727850415,2.1212475468188,0.18991585297166114
2185,41.85038979015586,34.85722752051926,0.25470206984408994,0.9746225396019198
4440,18.66577031829705,37.55268956067669,2.310161692582666,0.8853350104490477
1008,43.728823835910035,49.14012698525095,1.5607518221882009,0.471273678437673
3783,10.667328728006325,0.3495392699587041,2.1730438304154993,0.2430578918073144
4298,16.269521178061975,31.702418821818252,1.7110919104635385,0.22266961626485093
4668,7.53684965155842,36.94857659766448,0.504619171359276,0.8060204271662562
4287,31.02795977094993,45.89135268785975,1.5238877541141913,0.06911861145125942
2052,20.993479543515342,44.19221520921714,0.22736559930785244,0.6380603814135488
3308,30.664167342094935,42.09803406168972,1.7393075755453966,0.6401349235418353
1716,38.083745269709176,47.28956359708519,1.022502852701432,0.18245454772580882
310,27.285150801647422,26.868959395685376,0.3793329327505224,0.704912368434663
4538,31.381517745089393,0.3460047792413379,2.448074539671035,0.705406289195481
1260,46.762515719716646,0.5527199348504763,2.252711060526703,0.3500308674413837
4965,14.953215480442156,27.231952780892904,2.2338592835081346,0.48337591271699165
3932,17.958196931697657,21.763611943197063,1.972050765880632,0.8327635511489938
3268,35.885168085466844,22.562252668272425,1.729952812858794,0.5231532734672453
584,30.565275852769336,20.02023686050185,1.637698700730613,0.618157100984976
2799,8.926645226985741,45.88629045456179,0.2652345942596382,0.4127696504862779
359,18.807365500524508,17.958517558489497,2.2514155882961355,0.14959908916490205
2866,23.391900656235748,42.811347088154164,2.202820990761526,0.9980666316340909
2011,20.969491898419466,45.143239689582046,1.8696315663121335,0.5315365202826074
4939,8.913740416102039,24.975088499947738,2.3182873976878065,0.3364464614205108
4006,46.22150458921311,22.346901868254417,1.3827086284949799,0.7137873259931339
1625,38.11593808469879,38.05103021077234,1.1191058367938882,0.6208217666615021
2764,24.067791605392614,35.39857538199412,2.419868505415697,0.23290828029935595
890,34.00305141534183,16.426755829810297,1.1603279694941402,0.8769254993975534
731,44.86413360677609,5.127406296232328,1.6033111026678943,0.07090293692123684
3961,6.80870711807856,13.242620009124018,0.9326553671460974,0.6056982518359033
4701,12.518652535348885,6.551425290614948,1.5908155650493196,0.4778884914783339
2504,27.13506236283225,14.736613788834568,1.8002474890642193,0.318198413785322
614,39.950518567617934,13.091078279039953,1.5616388132213759,0.826380128260242
3806,1.812744772076369,31.885571194335675,1.2864073530404943,0.6562770742892631
1719,49.20090750981802,47.724801422738985,0.7502769940630821,0.7594994968775755
4769,22.74533014411986,34.28718661652418,1.6096141903405583,0.4146587426445213
1587,17.96155703108615,46.332470403228484,2.271072238153407,0.9423983313065104
1611,14.636221891988594,39.20661293042217,0.017281477924168398,0.344723422719
896,8.717835382543582,36.39388110355866,0.33482256857422593,0.5310449244556457
277,39.57869544650139,20.703097010667072,0.29943289624963926,0.9336501118115589
4647,47.770708237304824,16.23972514316843,2.308013257232135,0.0831889578856091
1636,20.68223774226991,42.31386862364596,1.6568692224065367,0.10881043716695771
2158,47.621034737672815,45.26966164645027,2.3794702661753764,0.9941877663234675
2432,41.18988077175171,22.5941246825466,1.4570331830310708,0.9713911569556599
3904,24.052556373815914,0.4531549093322207,1.1543322428981342,0.7717016058371362
4856,33.70130895630663,39.626552945323525,1.980857279535906,0.48418827607116477
3262,21.74920895852315,14.253442023614582,0.4023556686880614,0.5060608486364432
1449,27.93617041062762,0.4943932508460369,0.9533452907933035,0.2572128735374356
4500,2.9023168509251906,40.2494279488061,1.1656856013355594,0.43273103613532493
1232,34.813173765026654,25.87070944084491,0.7461459862802955,0.4313493778663323
4117,2.6412322242068353,34.260537316923454,0.9282140310211962,0.03609001892673869
677,40.85424734598247,45.73449105722388,0.19526296731104564,0.45315820803366946
2658,41.247346473027875,27.05869150690527,0.4949589736238949,0.47979440851746713
2028,11.85386437781073,25.15970362894829,0.8387418008273209,0.6657831742298628
3758,16.183139051790015,14.533106067413176,1.9897260830828358,0.5164529133876775
4624,24.065518927914663,15.259691721997632,0.4562433871071597,0.8616829323752027
2037,29.833145346624075,39.82710330148229,0.8666009349605617,0.3675618252418237
2649,14.367683087099836,22.45146227929685,0.16230072049233796,0.40971759120560225
656,29.62432023159625,8.17631043040602,1.392760862066515,0.5714825136560745
165,14.889353661464943,4.72643820002478,1.5281272203523195,0.20272272451127948
4944,2.774536053553034,23.646005843088968,2.1637911586554175,0.39349808558221944
4591,0.12637749159544742,23.24775118088652,2.04778999625491,0.6861674717533277
589,5.05755289592143,32.6729139102698,0.7134448867097012,0.4118087392748041
4524,39.61253500820091,23.553373887257035,0.3423842229746493,0.9066165100099577
2821,48.071565619166854,7.173785206710736,0.39020795552600934,0.615300520940443
4258,21.348309964060963,25.39014423992568,2.4224098576011115,0.15376774992136422
1262,25.634197672497137,45.339470194301256,1.6830645350183935,0.4874443409893614
71,7.342408453671307,7.9720705810106205,0.10642696950809827,0.764778745595766
3516,27.55156763400785,34.48773204888745,0.34194813761273646,0.6433451653065362
4750,7.232745100348842,29.692963248276328,1.2145001627523895,0.8852635736721198
3580,30.560716559941504,37.429286335590135,0.5195720107327995,0.7499828965226166
268,46.66293337904269,7.5300136713796375,2.009147462500047,0.06161377260988665
1776,9.78492696515198,47.080266845299725,1.4330427939234123,0.1125126492381554
2462,38.2281859028551,31.04832138835793,1.531580519473246,0.6497486987710983
1268,1.1751211409162021,42.353556884556845,1.1570638701230296,0.23840795851193863
1015,18.77486206608105,12.33033818401178,0.6401569385657888,0.5878349026392374
2722,5.537425391525453,36.970644469898076,1.4735090330063663,0.7922175920939766
1083,17.62377207978497,39.051535216695946,1.7924251154018296,0.576931587807052
4101,8.676845981944176,19.871763619353782,0.9273701940754173,0.41548857000628936
406,18.66524950614437,19.197672644171103,1.2623590765445882,0.6462703111127189
3076,20.876140305376516,32.889813251287464,2.099209926180083,0.1436194442746317
985,15.02955613904592,4.670384088010798,0.3717044045561507,0.7232079955032817
3603,32.831097473656456,36.78120751087545,1.363061048185251,0.6970251137120221
4485,45.94260256294548,2.1443379919705463,0.8710316545730703,0.5144033649522891
709,20.029768705263617,9.5295150560413,1.756986895543076,0.2788134950131723
2618,9.617157823751072,33.20718786206836,0.047025607905986644,0.7975637866297499
4849,13.536137909799168,4.916183354598191,1.6761832495079718,0.5105503032280172
1411,42.70004117481845,48.5921045738395,0.2572443350404685,0.059176905859468776
4621,28.581986163507395,43.41981047309503,0.161919382484145,0.9186125518406599
1485,22.750551615347863,31.315116620336823,1.8115582523965323,0.7677164364868919
2950,7.481836075446335,40.95287278346749,1.6008553822601836,0.5848051476826817
4651,22.4863654161891,44.37900242947839,2.237339827231647,0.4368255172829012
2934,13.924600167869333,12.973782478590923,1.2991373895016127,0.9598996980416907
4114,47.15815639266746,42.470579397465976,1.3250610638179179,0.7750205742654014
4670,44.20350547078657,9.73968918188009,1.7675445889413763,0.5349930672868365
1003,4.1951270914099,20.667113207440767,0.808493940883128,0.6531538951838861
2466,25.832674463062144,27.912981562429966,0.09228113855483139,0.28075040172979915
2466,11.252917275733603,35.694548153701625,0.5751145642976446,0.19571594274888482
1938,20.53885447621453,1.507065886126402,0.5950335297409165,0.2733195473040786
1939,43.84239991257282,14.525470638909448,0.8391471256954847,0.29313609928272677
1635,26.375725994427242,30.425954910519515,2.358656832601157,0.7397384506387108
1698,16.71076466853799,17.868433957455938,2.0121069966578697,0.14006104071923253
4527,10.394417705249854,38.75125278147467,2.33989061301298,0.7775872017176788
2091,40.01624297032446,32.58260805753581,2.4965239752825013,0.5233953133612124
1895,31.225900768217357,11.72007268618679,1.0844475102176112,0.3845731043768018
4240,23.40327302131156,7.296448979616654,0.5676832917007615,0.3003961095936887
3398,10.874217693148902,31.45234967935252,1.4000104031381229,0.5132006045467552
1073,16.712318707856568,22.523366385237885,2.202836034870297,0.31751846263004946
2402,47.99217133692593,8.44785205506593,1.1643296525364455,0.429451992428987
4895,26.00449688029172,16.318710265918867,1.2634982564306338,0.7390152896823496
3212,20.034964062162647,15.15233741592933,0.33609776481956677,0.6259985063531506
4037,26.071102117416196,5.406598616968755,1.0511387314194027,0.7479823764731832
1151,38.949425294980436,27.345450963261403,0.9674870245214453,0.7129736896431221
2445,17.005446825143437,38.182431695627706,0.879221257163624,0.8150724933229218
1956,8.935306046630442,28.77334444264935,2.2182466748104996,0.20168995970671288
4558,29.24680591695239,41.314568246867616,0.14825358303083236,0.9951229994733013
3907,33.26020517405336,6.378427360771566,2.430367957243367,0.4757704498715659
807,35.63590014792748,21.780592891111194,0.020617063182840067,0.7182329380808706
186,44.09937953830648,30.470755182904956,2.3639850348745224,0.6777501630013216
4827,18.558706034455653,33.80007804709537,1.3701187570963589,0.5661500846170284
4524,3.76774481144459,34.78931532117135,1.7561131110002894,0.9958162186058676
1307,47.917429181547114,36.448271354894054,0.46783212423780807,0.21731584963688655
2284,21.75059637187376,32.57149060980083,1.6355288475415175,0.42172886727902814
4866,31.162875483656567,4.711404447043383,2.2048941713193315,0.12773055922543197
757,33.315266156414616,34.76528388011482,0.348700349584129,0.18183547198254946
4231,27.325685435060176,36.23913283871938,0.3177040306832249,0.7129640635767666
4887,10.262876486813505,49.67399671668136,0.7599447728736819,0.004842678763280039
3854,37.75715250580707,34.6681218350563,0.40431473118849537,0.8898206513696505
4266,40.18759871520408,34.34151978757745,0.27661462023336775,0.6331844832686516
2206,27.64877930087199,25.7406645090986,1.6957975899632294,0.44090505371633004
3558,24.428058029242077,43.3961454292557,0.534566534781227,0.3313611072469256
1580,5.696909156399266,49.84173809805792,1.6675372485049655,0.1262740485999162
961,4.197583074989192,38.9522435098716,2.1548230677895406,0.9215625864538753
3847,16.978242278176438,30.62501889289042,1.6300619785325012,0.7123223250352605
3575,15.542307775869663,3.9477413465784092,0.2984176747885023,0.33639299892604113
875,47.682822548163564,36.33695658648138,1.4339439351186125,0.07093617944062047
2418,39.18113712217149,35.42807842909752,0.9840717105288771,0.3256828315410176
4198,32.996214762952995,38.778407390471585,0.8584273418062369,0.18463429480908344
1001,25.88240445088025,6.227769419974466,0.7963286715745804,0.7862733132312091
3384,8.368376536332567,32.686625006307175,2.323580559549114,0.7195986847563597
4066,48.922833609214194,14.786195247583734,1.8562686416943195,0.4981606273229251
2845,18.7520349120105,38.01356217014168,0.3346219739507375,0.8858411030910086
1481,5.3462801223622405,12.018697701573311,1.1900136993311594,0.180680688139084
3301,24.689944785787304,34.19893384102053,0.795557688134799,0.4519655854334945
657,43.69990058065416,14.749647349198986,2.4448457813648954,0.7106203039641205
2780,44.36455008886647,0.4497146408715569,2.445072432382924,0.06780234971867916
422,0.5482958028223628,31.667895598654773,0.7988361858325874,0.37267736089471093
3681,44.31478723756999,5.663454157946118,0.8802827903636368,0.5716648021821802
4266,13.574210874992925,32.9645736394107,1.498535517841364,0.36680353873702365
2710,1.9486181984211537,46.28047241784687,1.1982675358187502,0.48019898927275084
452,42.389513518143715,48.46229671055451,0.5327521803961035,0.6081183493670718
2397,43.193337799410415,11.796154366380629,1.6510304174715285,0.36839061417958496
1975,29.811553992117503,40.462661382532744,0.8353216096880961,0.10601435592246822
1657,28.72168786481792,17.677663843622014,1.634291245830419,0.13944449734213238
2541,40.65601363107097,45.022853637399116,0.9592038058194994,0.527003969554197
3075,39.31547763551399,39.37447843146869,1.7505247346406791,0.17474002563189728
3164,44.5052736721352,3.6960858322881815,1.6694986772241263,0.8898336721438967
2966,27.637372379835174,20.356849693863865,1.2720318898025018,0.8341856851238261
2053,48.382354636640436,16.865891300483703,1.761849976777077,0.34903206900601536
287,49.80734154666692,39.259051036163854,1.152414190580038,0.8309871719949299
3217,5.82723049993163,20.514285532657954,0.29034574912530725,0.533187830341095
3854,42.4771879777061,34.22941988265419,0.4552656333433866,0.15905092860294112
1447,24.991112887429452,30.121762779522022,0.6149828354140321,0.6142118545413237
607,19.378316914991604,48.78193595488169,0.15807232056424148,0.6794511172164065
4552,30.65361549413575,46.88924784008074,1.7784530515766752,0.0838915784701586
1764,2.7982778631003513,21.384975736935935,0.9184755670790459,0.3144530904220382
1225,25.323055938353995,36.17891058205747,0.23380824081749324,0.005383987611918939
1235,43.54452850133333,41.473004699061086,2.0498953018139505,0.31642880335612633
1029,10.67307580694844,44.94428769310726,1.7091357111589374,0.3354453329192487
2671,21.319494738471256,3.406713188824184,1.1305605928192521,0.6302086267790848
3962,46.974044385743774,15.10393996367484,0.6185633377318356,0.19904327964916502
4542,21.428191890284864,16.01150204842609,0.3793647344821169,0.030090986727792646
4930,17.918381616619918,21.72229756099393,1.145935479387655,0.3156345334932814
3177,22.02683240616891,8.46323753577095,2.213114357526406,0.8256195462589239
3722,25.972638325877817,24.810293997500406,0.4709883081799249,0.39914520555782607
4906,31.599567206573443,33.160716364922806,1.4216480724787197,0.4150937698340198
1475,40.034640045836554,24.868196010835884,2.40421498805564,0.4690275628466023
2896,22.605110288215712,33.28965475988079,1.5927914369115324,0.7517888308099865
808,40.87404675450701,3.3220815908950154,1.099911825389671,0.4800248923785718
978,26.686033067604033,43.799366585370514,1.790932432347271,0.09128275253678242
2463,16.92402551839888,46.953459605053425,2.0614447975467662,0.2063997995996496
725,32.897541405970706,30.89537120593243,1.4762907447171054,0.1878973669925751
2501,35.88611273717457,44.06954993184485,2.1795808974824817,0.5078633184043357
3362,27.902448781474376,6.572300832410622,1.2864793984393441,0.029929465065225203
1216,2.8307486567361706,39.87244600381551,2.0750725055156414,0.2836166085127636
4051,8.494143758041245,5.957409673629699,2.380048101014238,0.6071949410431686
2197,14.26488604451141,20.400511574876834,1.2531086675587928,0.3546506755316017
2806,14.131280297574655,16.19092672791375,1.5125042889633131,0.7077121584188216
778,33.671040012343525,29.279591261022713,1.5236688573745873,0.3912213368567904
972,0.9174330836816291,15.075726761976677,1.9535871589957265,0.9792575283777785
2810,37.784088852475996,31.865681483356635,2.057414600443557,0.9653562870583143
2123,13.267123740346658,18.369364457597893,0.06807329051515182,0.7998407144645913
598,15.50109231080512,43.03951905152322,1.8333989102259696,0.9543905280515111
3341,26.395491397196214,31.694192010980576,1.959538111575594,0.204778241617663
224,10.796280046947876,10.764914866072306,1.751073598645592,0.7509231657963402
840,44.223565678776374,16.80647110140435,1.7842391483077402,0.321658633319457
1814,4.268438966328264,42.37104438133279,0.10350714796067362,0.7252943189429237
4809,22.219118115053245,19.323987499372926,1.1050966548722652,0.37389346163319925
1106,42.4711134727445,26.78995327828226,2.0454491243043513,0.2894206597441855
124,30.79219472106179,32.44709679761664,2.3350178532377592,0.95879509522166
3246,14.616475792131672,17.390482479295837,0.5736698014298369,0.20988544175583812
2931,21.038010388823036,14.698931537903414,1.4479873508819876,0.7585685946065627
4125,35.334719017125735,23.76274513040143,2.010825598876459,0.6746721632045553
2971,48.66303716819497,10.744048604639456,1.8810191071479643,0.30347764180806425
2017,44.656935918971676,14.210529345953171,1.547225292450198,0.45834301749227957
2415,17.12164041911884,3.1039242016018043,0.04672797065500056,0.1429430959243292
4590,49.90989396439288,15.198513798550273,1.8097146002789146,0.9212086043707226
3096,0.1752331765529136,16.035204668178466,1.9331062581970373,0.9681198015274306
1609,1.3814877904207545,48.09165831456598,1.8071237665640874,0.7324630317513596
717,41.192025758559694,29.486441273294005,1.9145229037248916,0.8494203438326298
3561,9.973134341652601,39.36912127079028,1.0772872316971507,0.08261743080131867
1016,3.038463419812043,2.2688626390161226,2.4843803648134775,0.3839686179563915
3565,11.857403661825112,5.326834680418596,1.9269672896816472,0.3308111148822148
4701,21.30500769904301,40.726848043129614,1.4467000131999639,0.564951565619069
4470,36.52831352167024,31.177477470881787,2.3354781743665596,0.18335529467418454
1960,31.216776327560275,9.549101527010146,2.2704958486450457,0.5633813206269976
1048,11.881060878021021,20.239770293086913,2.036417663335662,0.6543653655765883
1357,25.16352240502922,26.93362499908114,1.4092372974594158,0.13235309185726274
3426,46.310705269928434,42.18049145687209,1.3177525478667838,0.13172070886544396
115,40.750388849187885,3.0205995847247094,0.8217698299363019,0.035423389843151076
2095,16.159489241589668,29.83611446836812,0.627194947759871,0.7608924496241443
1801,49.11322806778482,35.8517960793342,1.2808987924377164,0.3310085368388047
2146,35.431020021756545,48.89459289552297,1.4444544042799345,0.22542045574480218
1620,3.122467783339089,40.35800391460922,0.6113160786471139,0.7780943950452289
4780,1.758035664431934,13.811365678263671,2.306503109133697,0.14325569008953953
2950,8.420397450501499,35.478959693913254,1.3931849918357964,0.42718342709730495
3792,36.39279340250734,38.16389424634885,1.3162633134553663,0.7447866755185273
2941,9.186946292121394,36.48677499591976,1.0890959709153505,0.5738323175871766
4905,25.574338460441677,41.0072033975935,0.14517823929215135,0.5540001434924231
977,4.663006009041587,45.18649881068188,2.206003336149623,0.1574634107160251
3066,46.04430789150975,4.921493449467013,0.7924855661075745,0.18093272783474101
783,17.198030679178377,5.238192884055942,1.6061508361707362,0.5825587939097411
240,45.40660282803154,39.8199994385323,1.5185838974250885,0.023566861080660084
1553,47.243782095527216,12.618623826073543,1.461217063461317,0.8691179889634104
4578,0.30643236568403953,2.927071097503897,1.31428050502896,0.3504708006409748
1012,23.2067593599366,20.06145904903029,0.4535995835783202,0.4166162170173271
186,1.2328027853446444,40.99384559130391,0.7015143526199139,0.2584323347326001
1881,45.43463831514529,6.328251190699019,1.3104701781757502,0.8766710992631033
4586,25.920377236728793,33.59209859022337,1.973356128992315,0.642504072805905
430,3.747200634924841,0.18079308857838483,1.0799724266260466,0.44990846903506676
238,5.5138364138283436,5.486872360622497,0.5098063826153271,0.5853087956597411
2345,19.17545122463695,17.542517288424342,0.21986106201356492,0.3803695959753909
75,47.01170964364447,4.180114051220701,1.6575275087350605,0.4655824782844121
1356,34.64545757840404,42.29508337185565,1.0583499265529115,0.35763219341428454
4922,43.38094330945662,43.20352515727344,0.31342723155660474,0.4106747942108353
2330,18.322832316998984,37.77853515497621,1.6861671999674592,0.3149765440094303
4686,2.160684977499916,12.123981569780874,0.518946827135933,0.07764107754602201
1902,48.715881860220705,26.16235376199899,1.2725401207591927,0.03734627816316882
4013,0.8586495331184774,9.20942627616857,0.7654699376921512,0.1741062042677386
4670,47.38258265405445,14.06392250365554,2.329225161085001,0.2516377438287304
4987,18.433871192457236,25.800264608689556,0.570720165677914,0.8904718605896824
2059,0.504520251094076,36.75069042303989,1.049796303855071,0.6112486545231047
140,34.45786158622541,4.732719019681958,2.3987339920700146,0.9582971696239909
1789,49.02701520156771,14.834834881404307,0.7968129498457885,0.3396468601956296
3626,48.281286141879626,46.331067428596114,1.6114829075275003,0.401738003800437
16,8.046850560120921,21.456165889094407,0.791817609265813,0.7197532275898569
4348,9.06239030330775,46.94348369546572,0.2766874477931225,0.5779020776340305
464,28.276945730983005,49.57002707760678,1.568868081710732,0.5278800803820984
4471,31.86524132141622,26.332991305570797,2.290078838213351,0.5755640415639253
1827,36.97089568329328,14.402200489242528,1.1314116680852295,0.5841353122764598
3028,9.052518023607375,39.53884042862895,1.5654413567311678,0.7657404242045314
519,47.95035433822172,7.965536776250747,1.5222460331415577,0.668082027315009
89,31.936962814461893,12.602342983603526,1.0377242565696898,0.9573142486820682
4815,42.352345943527745,39.24399547496411,1.5372415969118265,0.9479630180564331
2851,27.00328576420859,21.682296236601495,0.6482952110474305,0.4219228496782296
2843,20.713842379494128,10.076896849383338,0.9450947615076302,0.03572260951191042
4725,48.8591453297498,32.556287247616225,1.1057971409059377,0.011074782218727264
1884,29.106068540991803,36.63809306908414,2.1600217089062013,0.12319340488787778
4171,43.343679139958944,6.253561972528454,0.8708322370831373,0.07489739889809555
925,47.6646198183145,13.849012998746707,1.587842620289566,0.37336604897086856
3734,33.76773135043296,11.063837768611663,0.5335095935472467,0.05287459888400292
969,27.44693392593375,18.992731438122608,0.6314243226348168,0.624914036137118
1094,0.175542545532531,38.17224477880322,1.621072188649944,0.19017422599527722
3195,2.0009820369502993,35.685405113716214,1.905774818416509,0.5139653185695876
1404,10.042560802555817,33.126195519185195,1.1552929413157038,0.10307878263373516
3364,9.300421592799763,0.3142772934295601,0.8377492419444164,0.827729065828292
4290,12.737939759992267,7.107165669019472,2.2756788898306812,0.779958828193316
3982,15.246731884883042,11.164877455103339,0.3395195376226068,0.3864872210513953
4323,18.003274677536414,13.59779230194248,1.8017855941233676,0.9105933325255839
4013,21.026884503443828,7.321327082445,1.7254268743677572,0.18570064618537718
4556,4.943316922800733,20.515777573694482,1.7256129068194852,0.8139367052130362
4713,2.118096597639102,3.7590292507012957,2.338551111058811,0.545855434376638
3092,33.69722245365117,37.50110951938904,1.8204757524519803,0.32958006829874054
4159,26.866741242153886,39.38603936480525,0.7539129735239603,0.08436093491760777
2074,22.20721011100598,28.713334480044907,0.8835230605807731,0.17131112640775092
284,31.721997058417617,4.4852438520983915,0.9777774329997357,0.8628626053556876
4933,41.383970360177024,44.5041584773379,0.07702168524526515,0.6068860751917153
4926,21.38464545581023,48.28179143540572,2.2837757885206424,0.23709555839649954
1187,32.05597325259897,10.118178016089468,0.18388150966200972,0.4958528774555646
3969,47.67861119175794,35.23199097203599,1.749485705243679,0.10783666982524187
2965,41.981224793078034,42.09693153212429,1.8254025121082793,0.09884249166859271
4319,21.300040525120473,26.992176127135114,2.109287626576349,0.9077646516371682
783,32.23584189073715,16.166154976337445,1.3834056389888063,0.4578562892629092
949,8.853546095796988,23.927935754017632,1.813161059641342,0.3615671539511369
3939,28.026109244754494,25.6134375392226,0.7568073111648776,0.9490718266442607
44,49.06641455692214,20.031852209401396,1.863960027281975,0.3990006786071698
1810,25.915755760126114,46.49212468168531,0.8585393431547148,0.33624212805358034
4566,46.38191495950736,37.1941555471251,2.2570961960667404,0.2729861711578423
2081,20.366746025163035,12.065082112748199,0.40845451941595695,0.5650628207470954
3498,49.94224135923156,29.277859365993425,0.7893932766848838,0.5584105922757114
829,28.96100176137789,34.43445754655837,1.2469236288878265,0.0161941759969616
1909,2.1134497117967275,7.007821085106514,1.9396263928702444,0.6540623239573066
2581,29.337739834569405,17.921287119007438,1.87199776275758,0.7883071030264536
691,13.728634783979832,45.2774140801958,0.5267921858112588,0.6159645424303896
4019,1.6240661017947355,28.358655009260076,0.3605892415294909,0.8698881382840377
931,41.042665234733164,10.849887303015842,0.7599240107352456,0.2764163610366759
4936,13.786481849037797,6.139239905957538,1.2093853791897562,0.19197940276874248
3406,39.827427702324925,25.911344673743887,1.3475126120643766,0.6972780938199737
147,14.410879147793349,27.384286151457204,1.072843977388198,0.18855910220032734
1032,9.716317693688714,16.72072256773062,1.6577252916200176,0.09110487937526301
1311,48.69677870522137,31.520801420955923,1.0688973589930941,0.09661506853966184
387,18.082266387750977,3.434234310969436,2.365822524846987,0.768393493225718
3121,30.06881057215802,7.256984663307032,0.6524221199538399,0.028737301668104398
1873,30.499074640723578,27.31369105056296,1.5684303016752368,0.28945670483919994
3588,28.02367410867509,3.090784692222698,1.5284448466503295,0.12918640994407682
915,45.734787176060735,44.04543824955503,0.7039368047057102,0.7549101467995052
1878,33.722053568343426,7.10731852282584,1.0292190612850682,0.503493085572984
3748,20.186650205246508,33.69599370422682,0.913684048599927,0.2054924144976672
277,43.1190192262137,19.560172085721263,0.4312476500512233,0.7504108986512672
1977,9.05314495579822,19.989387377112422,1.19323803157886,0.7503665091381634
1859,27.21183788052087,38.24447643055719,0.9666556325546036,0.5230226470686506
3036,47.527518597187814,24.973106708645698,0.4457934001678984,0.2758497870552097
3371,31.269881494020634,36.28277318219332,1.1247001135444037,0.5862770992622216
4713,40.84842252374381,25.25956143763846,1.0546099206468478,0.9335301007541918
2182,32.67803627725964,29.64526707026317,0.3284141941486493,0.051636387626218805
4675,41.96854317689452,38.03573139348321,0.32796885479502713,0.26694984662179233
1170,47.22439399226218,30.36543714606377,1.6187684496142434,0.28496919539267807
489,13.64608637663684,30.78075546943943,1.7664520117927598,0.6318116635848827
2525,8.483054062835944,39.460979571379724,2.352951049772262,0.6511643966619473
1182,24.199537516626997,47.454340790968665,0.21751172615274955,0.20631539494371343
4479,35.09312134121079,18.83580769676684,0.29465373094563374,0.21610059766251066
4258,11.359562659110805,28.85585786129756,0.12954532116977752,0.9282126845191695
2488,0.20507252150835376,4.31365788667728,1.3305710768923251,0.7562988176628109
1876,17.146755791835268,17.940194028443347,1.5568665357380662,0.9342696985317195
2462,48.44296677338942,20.6024612944693,1.0088086298303942,0.8296629881626983
1630,34.748373030292335,41.76186584120255,1.9947555524028318,0.4021179802636985
287,20.066272197061195,25.66962010628384,1.7167485900095003,0.12190763684516814
4282,9.628804867342017,36.55331866492289,2.4646010523671498,0.6295503662567378
1907,17.80448368773735,0.9503700012835681,0.3447374582491966,0.3519910622576543
1161,8.491971665062398,23.22463348141578,0.14578916085625337,0.42541199059181856
129,5.31529106564757,45.06588325817921,0.6870092639234695,0.4258797409440582
2363,45.33711862862769,11.215695465289254,0.04762548829211011,0.9365196216642128
143,49.882516918773675,1.5761092653556463,2.3315285696662817,0.06886241919259362
15,8.205721979789516,21.67043668567382,0.7598791467204385,0.1931037614697384
244,2.726127943913986,35.22159103237977,1.3810754174286473,0.6079428710149422
926,16.486555357310618,22.723175342073475,0.7951740821968547,0.8837580658868934
3178,23.082959038070765,22.998915675563293,0.6145215549720586,0.9179426518699909
2176,10.241062353792724,33.490252061915974,0.3809118099372,0.5586929265149302
886,15.071245589927923,12.71944041415245,0.800914800822839,0.03456121883439667
340,10.043536784582885,37.59448958209887,1.5385473260199365,0.36288103433947394
2051,38.71302842162257,7.6556765452866715,2.4290529992188197,0.918833292172679
3398,35.62889716236304,19.787530264299384,1.3952301009178736,0.49994408597309237
3950,31.747575788049087,32.8004054235459,1.3317726652475128,0.7266132791834842
305,19.360892853960237,41.41845036150988,0.08815754526286718,0.2691934204494947
907,45.452047065711795,39.57655355825276,2.100247539169232,0.0250069703359056
2654,48.476627076751,36.084279965384894,0.11210343749393309,0.5783601862282242
3792,8.6819656312706,17.95481917681955,2.2655806852586977,0.8349810044364204
4042,11.150632070593902,6.115215814686192,1.3466793133917947,0.9902686968900596
1371,26.281551400018483,10.84171088464953,0.4211665130850886,0.8466271078388726
320,4.5625284641122645,43.24169072882425,1.1292684800161468,0.5539943623211253
4654,21.82241994115564,42.86656850663297,2.487461201707996,0.6087275888005379
4059,29.089563238885507,47.57804262695079,0.7627071301102326,0.8241640398711657
1131,26.103678556866655,3.7994325947770804,0.6736494213714467,0.01981069682761616
2578,16.545429153901303,26.840454263872804,0.2950147376062648,0.9516443481944644
4042,27.122290303860343,32.43415224521168,1.492855871977097,0.5312212458482315
3367,47.94004771294239,35.53286885334283,0.2230674975349073,0.9520522444899209
817,10.300870214568803,32.19316175052151,1.9150201595101928,0.7645181665808313
11,32.74156791970018,38.5005694951141,2.2980587858263952,0.15231767861470136
194,2.1698347078025924,17.97357881446708,2.3296777780387483,0.16525981463962736
2537,3.3208202240717464,8.971638606774107,0.26979063219359445,0.3536459760127133
2842,27.59141121117925,10.229168607521927,1.395656493382422,0.2639880219357973
2229,5.246959016397473,0.5989344735082169,0.24277463725541654,0.43929875929752626
3009,1.1173394213428667,17.516093605311116,1.4300403537107431,0.6039038708753899
4751,8.575649882401109,4.587202543998864,2.0374514630239524,0.4365794994867417
2077,28.24245854997872,16.074434639509544,1.3444754057582118,0.05642058470721878
3867,35.167047725946624,31.41050385831239,2.180134565266703,0.9756316151509021
4873,10.123928207069,44.723902779340996,2.004185887123444,0.4251221342013496
443,33.412971860408724,41.98027254952582,0.691370874849821,0.8510750043217205
297,9.123816554961467,12.633710597878844,1.5752557072061042,0.07395429226115213
4903,30.672871331562856,6.704157109902348,0.018530316190328577,0.810064879716682
844,20.597983994789942,9.653613689836565,0.9901047898121609,0.173404637711305
1015,32.689975466680835,48.549332595180346,0.5949004194607379,0.6794049429969621
1384,49.752637623962364,27.47372398427454,2.3427908648587152,0.6618066962550903
1397,46.8908482616281,9.125111150028742,1.0134725293078999,0.9098067182668595
553,0.2140878918051814,42.03730773434076,1.6351610710562015,0.3206766803507386
2350,44.27193821811529,19.759562215627746,1.8299540231840181,0.10895975991564255
4516,3.324539758738326,44.96110759873637,1.9330313467037687,0.8645658162598754
1269,47.65232930799225,13.033856341724325,1.839437980043822,0.33157752964036713
1260,14.091283954984235,19.661087940211807,0.7229126524693369,0.2325337890604693
184,19.101741520563547,25.247388139504228,1.7151692418230553,0.4862086119883625
4563,4.581910258786392,44.63076670445158,1.3725237056557082,0.14613569001178983
2410,5.61363791644548,43.43787158025279,1.493431661993797,0.2969633530719691
4431,36.33702826146598,28.717753515193895,0.002036543271887181,0.38528063406465307
2209,47.21661178741458,11.088775489044533,0.6456440023821414,0.27725529349106937
3672,30.537424747715473,20.167848586893754,2.326709241789139,0.4502595007430821
4683,35.79250077634055,48.78165326827527,0.7251902082643145,0.38465067228412475
1881,38.098487229857675,30.388661193870103,1.0950388056241065,0.7745910311105995
4296,13.140713727647086,39.05488775620983,0.4666849554893526,0.9184086769247098
521,2.2614815460107462,22.493234768070984,0.3465063797592244,0.10092321674785254
1887,0.09363719595842923,26.60036377334032,0.5216724215967627,0.8233025434441911
2552,17.53246414770093,21.447705611627203,1.3841183221674325,0.9317712077019356
3809,12.073211409960805,35.1460499030984,2.2975716284752705,0.6866131459686758
4883,3.1158862524592825,42.57355069434387,0.8154979497404757,0.9964196761706884
4155,8.976414624683338,25.36817716122818,0.8085198805199276,0.33504299966489204
4673,6.22494491339739,24.043372931811284,1.4103514672171706,0.8303099415849654
4416,45.74391903086852,17.014323354919846,0.8918567942328381,0.673702504676889
3479,7.013360672958447,8.854834714704191,2.27604011995997,0.3234287871974576
1409,26.882423199383958,46.96238614375544,0.9446201066056548,0.7046764835103452
1694,29.655297755608228,15.803985933975252,1.2261056312986676,0.5096218390575579
4664,27.17447288543169,40.034573178714275,1.3334732099260271,0.18897389079712257
526,4.952821710799399,35.767351064373706,1.955169487826178,0.17387968240946272
2660,15.93991808752756,39.545880013906455,1.4097648485372092,0.7133988467658481
2172,2.563516623157663,46.83840666860512,0.5978877503683102,0.7119304623167335
4966,19.783495704815802,31.16853801104486,0.30996801656591827,0.5307737609614335
279,9.4299465635796,44.89751716910223,2.3444363667224097,0.5014156672777471
2964,28.08162666421899,8.384866145614684,2.0039074865977686,0.18003844568886185
3977,34.640419692455026,31.335628797839384,0.057413025722289346,0.4292861230043049
2669,26.605993010235323,38.613780645730635,2.053822460808869,0.871397521031101
2893,21.71183483056979,13.582056537208704,1.476494484761922,0.8547273060951509
1751,19.36667104283462,37.03769006459825,1.2972355875873585,0.6609189018080988
3981,42.08458840485019,38.92384145581184,0.03057294755889728,0.9973566779697332
4769,10.968403253263503,41.55939780082224,1.9521601409610378,0.8931783466896205
2361,36.71091697644344,15.644145629796641,0.4951625356031253,0.145230423568102
4427,37.87411623700595,34.08032950841546,1.8199530329851976,0.3991364030937029
4131,20.960000363536725,15.212664170488106,0.03967061841454317,0.13193748475927436
1708,14.865029961281968,36.95201937492277,1.9908841241654653,0.4660896164292031
2686,23.52707430229876,23.14868325728561,0.0575986708876014,0.776382824744832
2895,4.660696294634925,29.877218726361,0.5897322601812977,0.15578870992875948
4535,2.2965016114544987,20.791999071528444,0.6706955312817836,0.8804220324199034
2776,5.58015997259459,8.099146346491215,0.393771595267316,0.5690575515405063
1119,9.357251573111308,8.901476480268183,1.2026454904884227,0.7489444547972451
2988,25.20884101690215,3.8784453631067253,0.7092198990417722,0.045155812107600335
4259,42.45683180805611,30.90363398608309,2.4832199393181416,0.09383815335087176
4243,11.782116599984349,42.43191989765297,1.4499219834135975,0.6208611863976603
194,46.758100537338905,1.0418413131040472,1.4161945626356012,0.8381919129287876
662,47.74539544675017,3.311975104417675,0.552174075266138,0.8738650845252174
479,47.94523024226026,22.873349615145518,1.0217235967872784,0.6883693252670816
4218,41.87813673381619,36.886036808409465,0.3099449859,0.20093872014734349
1423,18.19125203988603,7.885382235597565,1.9063231306259656,0.19502171466069673
2708,3.634195550131153,13.582565977459693,0.8278981153836923,0.8813627473571538
3175,28.440936588324746,11.600310064090358,1.8799145834830258,0.11323538551727541
3814,27.93407219686169,19.952560933557706,0.9292399998236887,0.6860708641084764
2014,42.498788355479775,11.249933850878557,2.471893100287114,0.5335068390367455
3789,49.79955254730526,17.62993392723765,0.4278040556365545,0.42142009613708553
4805,25.40786532800738,36.427129933097206,0.0038097347083282385,0.4403345661638556
2443,17.260201551989212,30.550462422709458,1.4870638534459644,0.9452073627351906
911,9.29508557781335,4.059085269584645,2.3823830002195954,0.8614431998969961
3213,0.23999124086853674,31.887283312285884,1.6176351372649482,0.864983863881746
2364,25.455684624443958,23.853858577960672,0.2143088068704524,0.4066183081436222
3629,27.77593333512979,46.72827873535694,1.3512009561655636,0.10698120873730732
3472,41.246923990869874,14.465215855202661,2.2737173403443185,0.9978394331176407
680,25.22884839464003,36.308320984958,0.016265169700031834,0.1453430872554815
4651,45.82341743330283,36.5430411522285,0.41728053209449695,0.5155823303286579
609,31.404173828571775,11.075039050459367,2.036403890256541,0.26461918859839206
2156,42.016811911054155,45.161181248546804,2.2347677664437073,0.5107428616499083
3866,7.4150867403873555,24.559160021480153,1.7679015521706773,0.3049331941026481
371,42.76680651511573,33.94416834446512,2.478900409099552,0.8968866406209595
615,33.75719272219242,7.292777944175227,0.2255398239664233,0.9683415957088596
2253,8.511651621916528,12.890195849598463,1.3641912895914008,0.4100642826378831
4942,9.488177907300543,29.30535589686114,1.7124868066189656,0.0701896405775605
4138,46.325030952211065,15.951363418667475,1.7566118009227196,0.6633360993454819
864,1.6107680225186438,24.98464592854867,1.9837115383604567,0.37662556404846825
1268,23.126747164785304,18.70025996866446,2.294065112748458,0.9859686559564271
784,15.673764496705079,32.0276898322024,0.9041036140427866,0.08937477788492043
4571,33.2538719999214,24.357268139040443,0.10740848201908959,0.11912644069516276
4178,41.981469378449596,0.23049679865840833,0.9061047862023958,0.699423114186547
2237,18.01890607782848,32.4840418972692,1.6790369084680874,0.7586496023537597
4054,21.34510436614186,21.106077852509088,0.5336402183341088,0.47109640429056343
4895,49.09588922507071,17.084917024511142,2.024932378896776,0.27726460244013607
935,39.19582548396014,4.707337614161178,0.549411144307077,0.3098100491304523
3980,44.86020654658957,11.018484528324574,0.02515850595043334,0.33797296642127084
2338,21.938111032581485,11.188614579042671,1.2702019355589482,0.225281990641373
325,11.70381019920576,46.768474970236454,1.81615392850905,0.8506425481473494
1534,20.593173269322584,21.625648737327342,0.8741383513420851,0.06507720755479751
3480,35.80459589157567,2.103292360758502,1.8722394988419668,0.4072778240783146
3861,5.471520241798967,6.940834112166044,1.0960108353025206,0.7476031448409924
1985,13.523455280825441,3.951633786645603,0.42928654326683857,0.003825474446726651
4932,2.3317950230795192,29.443469510360565,0.2263959844973873,0.8780325167809284
4603,21.61738691690658,9.331074578341337,1.7764679122683686,0.7062932123793644
2778,41.37228679898066,24.927882014088798,0.9642869690071945,0.073373956834068
1270,1.23318441490054,18.503103143498777,2.2819344198094256,0.8949965889944381
640,33.7661763403583,40.19381885720997,1.3506376464348744,0.48730499263081795
4703,46.62479372568698,16.024481863268115,0.8710810455517565,0.6522393338903115
4078,11.846393075559114,22.913274119840416,0.8724773174743078,0.8820333745188419
4661,34.68174203638241,36.06427742989129,0.3285946611316229,0.8811623446894653
1367,48.75509505501002,21.667560346531967,1.4844728839728916,0.4087441185075016
4042,48.11390300762316,39.660776800659455,1.4554178385258054,0.23768948502493414
2575,11.746459651457164,33.08421781183324,1.9999842298412338,0.2574215443461767
3603,5.016552660603435,20.5264556973358,0.5029924061676903,0.7659415863837279
1581,7.414126894795797,25.199096284318134,0.7269741061895685,0.9294303610041404
1986,35.10178342410711,48.36017279210967,0.24309492273895422,0.07223067331364996
2240,36.28794377266378,33.08057482541962,0.7383555056722668,0.01501972807401375
3966,33.71182808140995,45.24976129861624,1.0702552893860018,0.8229350614727406
2105,16.803919387111904,8.937925173553218,2.4100710148849593,0.3866026032540584
128,8.488846987906108,24.161807812257596,1.6326650071872835,0.27644924495816103
4801,29.038054597612657,45.43308349225253,1.9571848244479886,0.18837384761584186
3996,24.184022287893324,16.130603072070883,0.8137747130512254,0.3464806098282446
851,36.441707356115174,48.38320990732104,0.3612820320202412,0.9714680892780079
4103,22.068003934281073,4.8538745236828715,0.6417998547833246,0.9770797745436969
2076,16.931984734323418,45.133558513751844,0.6411692274983027,0.3315135265567044
2994,14.67392886795072,22.260606103292936,1.457788320733568,0.9636901182891152
3744,10.573516002487327,3.6872082570580336,0.8536778311375717,0.299863449739617
2756,13.28731880933307,43.97607962930437,2.143497160833197,0.8544810952670725
1644,4.741521942205068,12.597010620455674,2.471361298091245,0.2120042091547596
4371,17.342850546444478,1.1125062747612602,0.8582460131586211,0.8264875883719909
3144,1.82849061814791,6.790355278459614,1.762650684217527,0.3537303975571834
242,9.32069235831634,32.95573709498808,1.643716454800922,0.19572351994295123
4085,37.338522230971456,48.89057445690974,0.4861562193307037,0.9347799074236308
170,16.273449433831132,5.57310697917584,2.295021487051585,0.21418433242866985
652,33.41185084886719,23.0974024062381,0.4986064679710031,0.9918352257592418
3512,35.84420877986387,9.031827547376626,1.8423928291742468,0.1085738923884898
1499,29.059267136605676,37.25182670507961,0.8690241056857811,0.010020783390207288
2099,47.93488706826992,5.902944988090708,0.9177039175224283,0.870793546077083
2158,1.0719933311556629,11.99208742404448,1.138622632222401,0.5866044083084812
1972,36.93263252940711,9.820298382453569,2.1612699451378488,0.4216263020750316
3925,47.9393321970204,27.625989018348896,0.3506298537780303,0.0819639255320942
2258,43.11358646764696,43.659204600031615,0.13642394458688478,0.5748925309816939
4039,8.394634590250666,25.554510057820927,1.0051020472844536,0.3937255852358995
2035,16.341015312586606,2.9121726385735625,0.13896274785522023,0.48362191298868273
3271,8.62259199382327,28.16944652984156,1.7190022076436011,0.6303918614022084
857,30.065418190735205,39.87604996590047,1.9008126875680331,0.6399336056305631
3823,35.60939909897461,6.607809865216136,2.136780986883147,0.9605992413530393
1049,15.85368846815291,3.635560717229586,1.8596056137089922,0.6550534134393448
3990,26.975328699214774,9.390388877878452,2.290878484231698,0.33940414018223086
298,34.546028503559754,37.30431614108137,1.8707528068080554,0.3296328277650784
923,21.066990830552417,29.58402097660008,2.340189099696004,0.47716095290765237
4232,42.70077652277296,27.029732698087443,0.4827769855234079,0.25932769986818305
4306,38.57749676439086,12.473994731588418,1.2496578321693255,0.3764389781262889
2799,3.233277192528533,16.61182976234297,2.484826499262272,0.8421127719298338
4875,31.05626495454145,48.29425064716711,1.703945456356789,0.8597616028671972
4062,11.76627754798748,12.031261336469285,2.1966027949731433,0.6277924782003403
4045,27.875913233363764,45.082271162754424,0.07598448458213808,0.5828409419940833
1802,47.844422131648315,29.02657522288683,2.179394746421093,0.42709983173352917
2713,43.95310022761251,6.16482331856239,1.744283086430244,0.6358989155688466
4506,20.225820155756587,23.3656189077534,0.4268885849692766,0.8060533457314899
2853,14.575692917217669,47.427435868043794,0.06420239105899145,0.7378470579089803
2657,11.720287220412951,20.92827990686793,0.6498164453141322,0.035459515677685904
4522,26.625743487826004,43.169328239468115,2.2894333974819254,0.7311299986056335
3346,5.712422662902816,12.821434732585384,1.670332346750716,0.7199476671750017
1471,27.46375040641243,28.54610759001865,2.298672760708311,0.09899053668870261
2949,0.06668197453960079,42.192602910098685,1.1153769562356486,0.15024736458912613
941,16.19248153729224,46.03442205848477,2.3415677380881026,0.787908511180327
1907,10.996715691529063,24.291168357565034,1.157399538612514,0.5589895782466019
4837,48.560939498039104,31.984405107271453,0.5106368110458361,0.8216289905856623
1243,36.36211597849895,0.14900653911654738,0.3784836604611183,0.18474413490598363
4423,17.482669023111885,12.66116537566948,2.4845295325876107,0.03061476470633684
1466,4.642254326531026,13.935605187347289,0.8346566536864273,0.16194175467117866
3957,25.8400297345312,4.67465058272154,0.40013256329396923,0.45257004528301914
1966,10.672394066302115,13.984750667848832,0.021021077226880402,0.5232927556099016
375,26.82147729491789,16.056101652906957,0.713923916324056,0.8577011220526667
262,41.76811770894462,48.43830197840966,2.2227903590063476,0.7162005298520636
4362,30.78962760506927,33.43011902804188,1.3350233016932542,0.9903906405290797
3388,31.68942097725011,21.300253970817213,1.5810876288123874,0.07871959137536388
3395,27.051514453140573,49.40272303477546,2.3059777597263325,0.13022107253992132
1944,46.36328163157046,7.66161601173056,1.282099795267573,0.08435559382056967
1893,46.595134221030165,23.802559696524227,2.0956996146315365,0.5384580465781378
3634,25.63616005367761,32.35311035245247,0.8095831951908841,0.266860770806326
1652,15.287974357175221,2.779031724203851,2.4427546571030496,0.6836329400971047
4141,22.979350293972196,35.84994290415594,0.19703468378113098,0.13269088845665533
3892,9.327895609780784,4.993367646099495,1.8120738137831616,0.1031913995621263
599,31.817215765904468,7.014115429983847,1.651415716900736,0.46016546999294783
4815,25.00461678911166,7.984475623104204,0.47917876462704234,0.3758983532633239
1912,5.165023890663995,46.44449133277589,0.9721099971163399,0.829164915995099
1292,9.882389055980767,34.16177725690839,0.7820727919425161,0.8375540750429986
600,23.98159780997634,32.771375055155204,0.23623217083123843,0.11742866787347517
380,44.37944953594292,27.774674823249608,1.461970057377103,0.8123227798420455
4213,28.319536031554872,14.640299934755141,2.4841746139129137,0.5641649823786211
3637,34.07675001042354,31.044485229967574,1.3989703526334731,0.5035582738767
2163,16.951427487195485,20.50748599443199,1.363149767198405,0.09476337624461473
4355,28.570569652211713,7.270807504630744,0.10078426838637078,0.7396307689945837
1098,22.36899113190337,34.479864516386655,0.3480505584092261,0.05963378239739603
365,32.956495631158035,6.479108396496136,1.2830477227556525,0.27769176964959996
2570,2.5287783039505185,9.533429051058661,2.4629464104601784,0.09543153476402311
3419,24.66501081194796,40.8849655923803,2.191519338654647,0.5307676098409236
2476,14.799631257198348,33.0058548062577,0.8505228034329188,0.6452300587095923
790,16.30925306389546,31.54955771068212,1.3575106355703186,0.8908551464804247
3569,48.04587157790307,20.910139217136205,1.3817555556353418,0.7338719209962635
746,9.134740635569138,19.814025911968557,1.713401531905458,0.9611043989137668
312,15.562262628929846,34.51313045927006,1.7194551030978464,0.7609498328844452
4633,25.49462878654359,37.00027693045229,1.9744812209649343,0.29807310329245174
920,43.15134740748118,25.51066011821553,0.06242756209920597,0.5475848105631655
1077,20.833504160318522,48.46346221742631,2.3592004765936143,0.4579396393200158
2829,37.19326404440855,47.784977945943595,0.17515511497311648,0.5659687236373444
2381,42.81870491074012,20.62147450063793,1.1904002786923498,0.5720893394123924
3618,15.500817791092448,41.03111271415768,2.298948190897607,0.7021010854690262
797,19.637509176935495,27.16339207992077,1.2191720730776994,0.08304381464556432
4443,17.827811184417815,25.587794377858724,0.1590920855827921,0.7467451288817513
272,41.642790430896056,2.7482030689325923,0.5731000495298479,0.14374361323325724
3010,2.217343097680058,28.698735523415507,1.4466668884210567,0.02620730492001555
4815,15.421054441434002,45.02889652815823,0.21965404474742267,0.5189055419614622
1773,33.97042787975649,39.0066924597546,1.0591948275432412,0.5814769606621968
2547,28.272174978267135,39.315857234963104,0.8227331654785122,0.034851070117028926
3164,21.814467964684713,7.9964519288169615,2.038019069560599,0.515371114780023
4780,26.99741136106922,17.92247235667818,0.275329845838623,0.5345702083654716
4717,9.879229291415914,11.660245832511789,1.7069961253969657,0.05249490126498113
946,21.53583108040052,15.795764122781797,1.0164726771897727,0.711585285114676
2665,25.08514920881745,28.97696717468627,1.4693767011808214,0.21028970178438733
506,45.059456097730084,18.239190668512396,0.5138294298013618,0.7944592138252959
243,13.041758140198818,28.034890873213303,1.5242592119040639,0.310822129799892
505,43.39142510824663,21.925062413728853,1.684944318540282,0.47789253146421684
4517,32.21207004129909,14.330777922486382,0.17557891165269457,0.891850879418867
3158,1.0170415533800492,4.770171710257931,2.0608606689573423,0.8061794668525476
3590,36.231566844969684,44.591922867239134,2.1531352822206036,0.7818635785854552
1872,1.7775938774527544,0.5686683002324333,0.15888513920698677,0.16043419761542155
3793,49.869056340690655,0.08262440709855823,1.5079687202432144,0.0481423866996088
1192,43.631834384559895,41.3398869881773,1.4850287424305675,0.6057589506806041
4425,14.867187377002283,49.8405470162895,0.0311460296711083,0.4106916424888478
4745,12.870561509835271,36.35514138568281,0.8558660348898783,0.909077276430474
1464,19.072054105280444,0.7636919031442368,2.422314456784369,0.34959326356310194
390,17.808348265722152,11.334511333425667,1.3886268806718574,0.4105483509979223
4476,18.616890919269053,48.59113501309806,2.3330295068537628,0.5260005430489195
3377,15.91382730597402,40.43021260869174,1.6891115896934599,0.796400665632112
4837,31.05667034241657,28.339992190235552,0.07097629555819107,0.26829905410080246
4915,8.213183186031198,11.843035472017949,0.19428299512098013,0.9418206571623742
672,42.299064622300655,0.718510296337449,1.8054473884185573,0.5399211127215382
2560,40.620124201565766,1.0430736318704503,1.3864194759225485,0.8409772611744092
1211,23.82416039276352,30.59904317651133,0.31787916149968926,0.5256184834560188
929,42.63649826392738,1.091593817621156,1.5351566958840408,0.7719931957400133
1539,12.357253501514665,49.68150709626863,2.0257184014204905,0.051420752484294674
912,0.8782727851983474,9.169191674686905,1.88245607533153,0.7992124816830136
643,30.96039625149115,35.535368093463866,0.6154061500801675,0.5239594298099424
4522,22.89547034823577,7.752986070620671,0.6454874166401098,0.44941558818658256
501,28.35822731479353,27.004671054885726,2.4195945127552845,0.11160966661186789
729,44.96697045092015,4.030564423310878,2.2185120053817906,0.741562538908513
1283,48.49627867829717,38.33892122666216,0.79584328607718,0.13116365250413886
2118,31.72265698778015,29.246054736241483,2.060136224172521,0.19231781280399307
4552,38.20277949262192,4.308334670070751,0.4043463243313636,0.1264232557096483
4386,4.1904216743582134,42.429309460000276,0.492102753316411,0.006575607713656173
3836,8.03577924457528,27.3509307388351,0.4529901346133633,0.6619137800671836
919,36.66024024764883,46.0796155006659,0.2193019375337879,0.2708440447716065
4050,21.568272819400097,45.83116868390563,2.1366952904033885,0.14947045919080126
2339,22.298263520220285,46.02538947432912,1.4470172455114383,0.31997248251433263
755,15.43038408177183,3.8892600100233987,0.6473902312348465,0.49908469154667723
1869,30.367819173887188,6.047888087726172,2.121637581818985,0.5034125208842861
4472,9.25825227081013,49.3852904858099,2.0066168984820507,0.3671960083319594
507,31.34581396569478,24.3800410699353,0.252378795319389,0.494932271041429
1436,8.689942856761984,11.910702641457382,1.6103484343374297,0.4273414577949941
2575,3.1913017354856796,38.4832244249329,1.8045840038144265,0.8226652469844857
3426,16.51788443495305,13.2142610606241,1.7895683424649098,0.029613967491181947
558,11.557017100492384,36.36078440093212,1.8078567696348438,0.8680301333230469
3102,44.44958192781662,41.864288892488055,0.4236444641225934,0.24391525567862538
4516,2.74767269343133,39.21316886476403,0.7877161356719233,0.7217822150362505
3622,8.830684628706143,13.70239040989677,2.1104462712611562,0.4050396163405059
4399,27.43598027915247,20.080928703961852,2.245979375568874,0.2943329645047861
4057,24.05335954237368,20.662550161663816,0.6979722164121758,0.6153473729998845
3715,2.292600918735077,24.56364590522359,0.057548790444381104,0.7688844188631043
1301,0.3626214007572237,8.368642577006803,2.1494173679152704,0.44993645310360375
2155,49.403397098057496,22.62350252071712,0.9427295945627066,0.466553843065481
692,32.94173501794191,25.539149525773986,0.8236588898998409,0.05885648476767946
4350,18.27030654507784,26.58544982905262,0.8674991992215642,0.9239959806278438
1478,23.521612383162065,40.99502149922291,1.0392410599191038,0.8468966964462589
256,13.327506022714347,25.86672492397476,0.9456665541373027,0.3979927875424357
2430,17.24368918466049,11.539196125683759,1.416077247833901,0.7649506131605585
441,32.452223363410695,33.15643691220936,0.19735069624547547,0.3132791757084592
1881,44.14058994336854,39.86570720433126,2.428850485771288,0.7304217930127749
2646,9.206501154059243,15.968583321913087,2.341127586180403,0.5166917165640603
3820,42.018075269265935,32.26529645088026,2.336016616538748,0.46076672221975146
4677,6.077831475913453,7.346899797300632,2.198194060204784,0.056522997258114716
1735,10.74961117941956,17.0963152289032,1.6508157554543244,0.9654219218088629
3735,1.8587644024822991,45.46119647748171,0.552771406871081,0.8374089698784203
2645,7.040593104649973,45.56540815812854,0.12370871786593074,0.7933880679864466
18,45.86515727320253,28.766228937153183,0.24830266195441653,0.30491619765372424
1124,22.97193733091893,35.117573043255334,0.8099812511640139,0.28959018442373363
3985,3.8832930889176778,42.70077076029707,1.2597075637394637,0.5731930965946492
2654,47.986341901948066,47.927659265631334,2.483132677961985,0.8462231962261486
2080,43.9496153879325,24.494322014488475,1.088608729486498,0.9346284061686524
1547,37.73412604340706,28.078786831301716,1.311615226228442,0.26892902600780555
861,46.67363959737789,20.782078332391514,1.7378931179702015,0.6074148003194174
154,11.006471041788208,3.5990968528214373,0.45183492611949067,0.7239027998934653
3494,41.81846465050432,21.140173622440923,2.3320675039056393,0.22639214518322393
904,34.49955981771531,39.53136696915386,1.3225865146068356,0.4074686302224243
1269,43.48796247838442,40.24427489957643,0.6906408640044215,0.18747427371364067
404,39.84557828713149,44.618855729664986,2.337772465847101,0.6989050777683342
843,17.32475315884125,2.573335258798454,1.5636265463973753,0.8637851365451977
1782,38.71992685086278,26.357729479031693,1.2092243281230262,0.8775343545516551
1564,13.122815149244516,5.371224396853814,1.4503897749019354,0.670088870492707
1184,16.429608151402743,10.037109158287166,1.8707555472630666,0.34715236017436335
746,5.395285861148808,45.01082511903032,0.38634500923238335,0.6610403768542544
1725,46.75383079902344,24.83956292148479,2.1620760767580633,0.8642667271708185
3188,14.550168170014077,37.92724604483068,2.3987670257455322,0.6258558339357833
270,26.031123258572592,3.2192052964340414,1.4174991293751862,0.4128919402958655
4865,19.566641823309634,20.8413251962426,1.7056771169939953,0.9198027507189989
3956,47.99640602917508,33.71201403321689,2.149583702115602,0.8352165932694264
171,16.75245854692412,6.670324063910665,0.9370265785412513,0.8824352402478118
273,38.92729107113445,16.290893955284158,2.482079487205996,0.9031920210402944
2306,42.770807731559,3.227390251194162,1.701253423267244,0.39381230766031317
1158,21.780324874048297,32.566997043475524,1.0599967458949553,0.8596390075073351
1706,18.90859072264656,48.54456295290593,1.693344937504068,0.5703496712466978
1771,37.3872910466314,41.352274557141484,1.304200081283591,0.038158973554040077
421,45.644799015311705,48.73115584037828,0.27910392884591295,0.6358363565201176
1209,37.746586653611914,42.280239754919826,1.9896632619232961,0.47061892429449526
4675,11.35631827959328,42.75979030984893,1.4109389506323302,0.2751546591872974
890,44.41538737188527,28.85885976856713,1.9896138946847217,0.9703831400470395
4817,19.379083371841656,25.912615570660495,0.3872798509186645,0.05507085829297409
3267,28.811470588896714,20.312713321391378,1.345892892001939,0.9458773907070664
4976,41.57178096463555,40.904744752294,1.9165606805322821,0.15926706063463814
1473,9.41973837002461,9.10338061390123,2.4707614189769957,0.3769881793005322
3243,39.225506783877655,2.81124579120966,2.210993190963147,0.4172351754193493
4478,29.808139895533873,47.39469113423375,2.1608740676515983,0.7310205186608139
2181,44.66708209138041,0.1889092601738529,0.6186503453659951,0.21560920873670453
1449,8.598520092177148,48.84146609379259,2.0949615042726184,0.9861018432275392
3096,21.034111852046422,36.44266849368829,0.4232031938574077,0.7490118527640229
3256,41.642154643341875,16.42494598489138,0.49526916137108384,0.7899526383470548
3156,0.9615851728380087,34.89099215431551,0.27529185935868006,0.10642877271489448
1590,5.610068338282143,40.89375785925637,2.1439913267844677,0.4763120095094502
4239,49.52826063783674,12.268102799321795,0.2706362411282967,0.9456093504782889
3981,14.019708929517527,38.544784163979095,0.3452786993625251,0.2700660715518065
1435,48.77715968619767,40.21848125041201,0.6147178752059645,0.1453836549508597
223,9.126577550433696,12.46773150626727,1.4316560228016026,0.48539445976418827
219,18.054722150366782,2.0963177188991766,2.200450463251008,0.9303930696512083
4274,37.643472225178535,10.206114227904884,1.0455703881389202,0.48679062443062726
1654,32.88892036190892,10.032320444469722,1.365714872979463,0.40483430291965894
4528,29.05611999645278,3.2620227087741593,0.41622349989313245,0.6502724367137765
264,26.49495879025038,36.30036923275979,0.6648646397444791,0.9368839988505513
953,42.17202218323701,18.99874622292041,0.3348144062144373,0.04905744920406607
4524,11.747428141669635,44.219308372692915,1.0247971121677244,0.1533955454766912
3733,22.12354634967592,12.608555283259298,1.475839146695481,0.13275431004426042
2774,7.772614607822864,22.661608254996366,0.7100488250836354,0.08533298229916564
3124,29.797079786535217,31.95087144633814,2.1149896389369816,0.30210608064839584
479,12.527221213566008,43.8732474835889,2.453095877516586,0.22930903312031004
3514,16.69210321716929,26.23105508096874,0.3003871307864525,0.5486912662093353
1353,23.562535831176408,18.67623139061914,0.04465014003831036,0.3272894217257033
3322,1.3385292851563924,43.35075392360044,1.9744422684869596,0.40520786145787624
3878,4.596896796041882,15.512321234380527,0.4766066945083622,0.9418646904998126
889,34.29646103541098,3.9711849816288227,0.8828664816521475,0.15565564126940623
3854,21.44849903587536,22.252105375512,0.9855780456895258,0.38845732679480216
924,43.23951109999477,39.2546653248996,2.2914984722523615,0.2570818405187818
2170,34.733600182209976,1.5390415876761543,1.647095539415405,0.5491659823577522
1902,0.4050470823661223,29.294112249479603,0.10152372575722685,0.7363362265466443
4873,30.835616538356742,29.723202426361805,0.0370256017853865,0.8169878734178649
2395,4.686243302985821,46.42708817136908,0.4989202438257004,0.5152966945173656
28,39.046658989524715,14.32324085725109,0.7954298521817784,0.8549165915269425
34,49.5753844139251,13.94183066053481,1.2113095852164975,0.7850755078773174
3589,26.559939712075575,22.024182566983907,2.0945985307721386,0.15700406143373846
2670,34.13897500970652,17.84574507357576,0.7870443900868986,0.24542875901999517
3365,11.865708044737577,36.81729313446634,0.9413430481791383,0.6717205283334209
588,21.87988718768968,32.08760385657748,0.823344825024144,0.974794019740608
3218,42.80476661181918,37.94605189531332,0.022413340082264033,0.37612970060000017
3138,8.371147387312561,41.002089559934454,2.3880038477952996,0.2298078406447407
903,13.276780280688104,46.149056636707385,0.3474897103411845,0.869129434295579
4086,22.271683764301507,21.54683658923238,0.7191686955081176,0.19961195954288258
2169,35.612444592200696,49.234869473577476,0.3232582552411045,0.6974082740498616
339,18.79419773978369,10.783040670182636,1.2263578903918066,0.03424907035586455
4270,46.38661398915019,35.71825809736643,2.3304152873562476,0.01898051509790366
1714,4.722852563435959,26.70046586535946,0.2517517940637157,0.4515667139441647
4692,18.540209877242376,40.84502973424417,1.10224230897124,0.6565401275499032
4546,35.447706171421096,23.8385260303213,0.05593711442894611,0.14243445395876841
556,11.299338283074622,39.196931768121566,1.9272455534653705,0.7638824530015379
3087,32.82065671148365,46.5084357323839,1.6030653588860624,0.12873648241197155
3266,8.210847911367297,36.614713307004365,1.7492466592678755,0.5337078078716747
3567,2.799014243084319,38.80471431091622,1.1808409022393318,0.30829919227708047
2056,6.050785837432443,3.358771563292806,2.2690825738910143,0.7522532767832053
3899,46.499239156706736,10.247883111614032,1.0238936271815238,0.804116753563884
1016,27.587544146977567,48.71518702517969,1.2852126869676925,0.0660912395624711
2062,39.817288773982455,34.65935018936972,1.7382230556765734,0.19260456930746495
838,16.63272504525256,28.07245086555023,1.30140160273865,0.8926441095693955
1637,29.63293239427233,18.348818669822503,0.4733391197908199,0.4156128366008668
4321,24.74760668524958,2.2194500603458955,0.7926765451122799,0.47673586537304546
3496,47.2868979701147,18.45679539820675,0.23073617034701316,0.16802384166256645
1813,37.378731802705516,24.945643664478794,1.0815337430432446,0.9948947965009928
3479,36.52713157482895,10.572975469344337,1.5234802327158201,0.9230476828393259
1451,2.317663471713977,8.656839563691626,0.29632486067285163,0.0020246709822436815
2313,27.483483450184554,25.420827567875843,1.5764678036753224,0.550734682657885
1514,23.349572695090743,29.295211781377194,2.232180349380273,0.8722673836031546
1231,46.392113330309726,11.995895942726243,0.844309332463799,0.4305336062339602
1645,12.867099409476612,29.369473722810653,0.5550827405470495,0.4368142585766849
2999,13.491672664554716,45.01699819371475,2.2325151596047577,0.37934715672628927
3440,20.56731244407502,23.65866290106769,1.7298630897438716,0.02882833515532346
4056,12.168485670318802,42.86950847935907,0.2634871701413846,0.7902833358537028
305,6.459195890437474,46.36357222666592,1.0202798801543311,0.45678520339109474
3536,42.87074233254004,4.619701446854285,1.6852239993863718,0.5310656384037258
1723,27.91382622019579,4.7905789828398495,1.435959687438637,0.2556851168066384
1689,43.06813594782834,23.802209144380072,1.5463677983746826,0.7841184920668195
1517,41.556738270184795,29.405122215885132,1.4178379349348154,0.793748546704448
3917,14.102117739483555,21.294173223251462,1.9951534132622255,0.5529208168517593
419,27.386872216213696,16.322538520875153,0.8010673919924466,0.9046279258001638
2936,4.160885137003523,32.04970580630779,1.7711558697484076,0.11588423072664189
3862,45.76259420153792,0.10407561749601335,2.4776986062357107,0.7866266646435993
4229,20.213135753257657,48.40366404318712,0.9748971444529508,0.5585841423206646
1450,19.68380919445107,11.603954409401107,1.9776207863869826,0.23101316703644925
3096,15.137768530897661,45.85493842915035,0.6152730928404276,0.1323037826518949
3261,23.03318723553519,5.4507372267253,0.7047417807101233,0.3010070403228383
1164,12.587969327272402,11.904359102228629,2.337159685458858,0.856315918101452
1869,18.74261363984023,11.74368505437502,0.06484589062172197,0.787619349676136
1819,39.997352429244096,49.807645210032305,0.5435683621520732,0.6451324258180401
2705,41.71277517925859,0.23002728629422098,1.2073017445300076,0.09032700778367742
3515,15.209123881425807,31.98191046517479,1.004619054260466,0.9548306397433037
1342,23.450721527639395,43.48432905304264,1.5729243280875782,0.3054401323754071
2226,43.690988814002615,33.61368270123683,0.4818051259009548,0.6069999833450584
1079,2.6336665914848565,18.136690910847207,0.17636751092132835,0.8031018708054342
4206,44.45724809978927,47.915468135146746,0.9233334945118926,0.13285583445875804
4563,10.959217282616585,44.67603772945205,1.3108881053604524,0.6521967422558731
2779,33.92696221071879,21.69774601247589,1.4050045927122783,0.03229599670421257
2528,29.127584819230012,28.666424630558176,1.503733808856167,0.10178931150434112
813,27.647037409462605,48.37595939026203,1.3716549894038874,0.7231436344271419
2031,42.968011237641065,49.12801809632351,0.6143799274279691,0.15508215557279414
322,5.078607182233064,22.491163785897612,1.9113743399225045,0.4435067233053783
2969,17.3514012662818,42.36750140715443,0.21945065434849642,0.24833255077736915
903,26.912637317238282,15.099011347696816,0.49588469888045744,0.42122950866994213
1541,40.56444269730199,18.590643646533234,1.8484450225477853,0.0772202402914709
3503,10.822154170583575,8.241094149511314,0.6993153352631293,0.7549005440409894
2653,40.14649206871381,10.459229638836515,1.233683604023513,0.07904117739411443
2476,19.981924124696786,32.84366511296795,0.8179943521388972,0.83791449736047
3340,9.44569282168477,25.539080900354044,1.267453029040008,0.6626088641695612
4243,37.94932202217413,11.556593031280144,0.8666394998684126,0.4165855756642832
1141,4.544945073727391,20.14548081808263,2.485519974765126,0.8664865434704918
849,25.738368703772146,18.659172993184086,0.8936939733953666,0.1861312786763285
366,3.1937891930944207,49.368010226766714,1.5676235434941135,0.26456422741482544
2897,17.82089275788938,42.67829186056897,2.2208580441271937,0.13712366165920664
1089,30.053839950319635,19.398316669191214,1.5948374859118761,0.38156869329003495
4041,27.805777074360655,45.695828944801654,1.4146431377740214,0.9867331847340876
2038,20.232770895233326,17.131769581408555,1.4230736368905206,0.16102737780069465
2860,21.452399698605785,33.39507563674297,1.2411517773084637,0.8309764858657986
4270,11.338477667538328,48.332499834105626,2.0189510035111375,0.651880071673072
1854,22.794129421205145,19.513943199427615,0.1260601959034549,0.015814130611859545
4683,47.66274278604171,33.99424825524669,2.212824769823319,0.9448901929377002
494,42.52264588918952,14.79619055313166,1.465730550614107,0.9710912652249847
3182,7.26164345381719,13.315615779898732,2.122183053139371,0.9249007018615434
1784,1.4890393660460466,28.707833321577596,0.025981756360521358,0.5017396577070338
3510,46.67621563583153,48.96322990166091,2.173191009904044,0.22037518247587895
3786,26.337487494037383,22.6566924360085,0.3003437979331672,0.39126467747048144
4130,26.891891157465388,46.881848515829034,1.8030450159809979,0.6141915464162311
998,39.035899785326116,45.71817601223808,1.0413034822196092,0.37883638091744976
4469,15.734448693566328,12.688130617249737,1.7026809777448109,0.7081716508696828
1451,24.095378441800108,20.09097035421637,1.5704743441934106,0.7955755477765185
1751,48.43314565733688,32.16512392470916,0.40849136766810457,0.20939289864805766
2280,33.60743434662036,25.902294220569583,1.2865344111188795,0.4049419082828005
4800,7.687251599789296,4.797926493158716,0.6930761829863519,0.9577443760260599
4658,6.661337399217665,49.68490150635792,1.401092107120031,0.249806801262638
2934,10.21323791665027,37.632700060564,1.8450082076321102,0.346447488594429
3734,38.335583721035874,21.884701911235588,0.20314603645459478,0.03566050385197228
3346,14.768850192030802,30.908427483314565,1.2894060588275633,0.33236604110360135
1873,1.0694423337539893,4.378640863311506,1.5440745519056462,0.3709313981041026
4534,47.208718175283096,24.7650826844805,0.7384186339930345,0.09983555962682233
3803,8.485670819745533,46.54162079087439,2.3825087069900177,0.0014422499849572334
1979,0.4779093074034291,44.830047902748916,1.3007570637670738,0.5754054843687101
698,11.85658011916615,16.86904227415728,0.45629272461483183,0.3015266013287188
1312,11.751439355906685,26.568393191066942,0.26947065449821006,0.017823837260092068
2962,21.100262542286153,34.86917620438234,1.354148872913414,0.8599443039671795
2938,46.019491575001844,17.000463345395268,0.9380959528173225,0.5844096770666409
4787,43.9592458889549,3.243960904696924,0.4813677444209616,0.17116835049182044
2300,22.844727749121397,25.272082835890235,0.07674621696443645,0.8652466229409765
3197,20.544995249590325,30.08178679116682,1.4165002000947,0.25358597047298037
126,27.750454323742563,0.29208000607551243,1.4965005920841548,0.22744573153625602
1191,12.172700598588287,4.778768676926531,0.3545065029536712,0.8946340569972691
2639,2.609249598318142,10.364532179707615,1.5043451244257608,0.17945787945947367
4389,46.961206808560334,17.40261434954671,2.379931886768996,0.8789857931690744
3916,9.334949243858636,27.05256114152902,2.4457390249743485,0.802973301247801
1366,9.92003646228582,14.692145937983264,2.2212323413925126,0.30977754082923337
1019,23.62301644269738,13.809190720325187,2.0176964520893517,0.034397081153135556
4079,24.580667242016535,43.46746719065409,0.5234195917833282,0.08257310355131697
4514,0.9217104850370972,7.252532040071314,0.39108795623982534,0.10952826776957747
4539,7.397736938698535,24.773006658618012,1.1123690057133861,0.8907988351604781
684,18.907740928037086,47.6412358468068,1.549079378296381,0.4040359780374756
3629,34.18653467552695,31.250662455802292,2.126696710020945,0.03252975728649432
2887,11.420922841596791,35.86027399472192,0.5799076028420038,0.5565484620556796
1462,21.15072231208813,21.561849569530356,1.1991197513008314,0.20799225060699167
4086,27.86725323582334,0.9966083559859784,1.6186006048921149,0.23512604260801895
2261,44.4296247311646,32.30651841836027,1.1139846363360477,0.16084173491807863
4180,16.303525116356166,31.5962140714062,1.1354841926982107,0.7620214623987173
2841,6.677913293174176,5.521381823166655,0.5627929025706977,0.0006128938052726296
1767,24.463611294880412,23.107985681231575,2.46665226227769,0.43898416389684514
4180,37.336080084203104,45.76644723328252,1.1879832085186084,0.08687116640248338
3560,5.492987852636672,10.254241598598757,1.3318548635137297,0.5523746010045535
2112,21.23417458484802,23.054937731705515,0.5463982282170726,0.34599234616134256
4758,0.8892570631241714,23.05515926002602,1.2853417958295466,0.028351580776428187
626,1.6779590823625568,40.53807340738192,0.6383738963357668,0.4609742311550441
4159,24.14766816083328,41.22879351647223,0.5058406284586661,0.5705854978648025
3414,14.909864907546472,37.96347098316959,0.6893056273573361,0.24765403166271716
1375,42.25536495027061,18.272707959413687,0.006899121263202468,0.7655118970710587
1181,30.107715306322714,3.6018462509260054,1.4253777800042098,0.37104876579428325
490,22.69664808714952,17.474148861200707,0.968700013807108,0.7493465141440143
3729,20.396768552714818,33.989560063566984,2.2467225479848256,0.5790157290087676
3534,24.862274009478163,35.13732872445382,0.10176793403130296,0.869253067986885
3296,2.021941560633067,48.25001047383595,0.10800075213937527,0.5469247909822715
1940,44.639667821032994,22.682061572185425,2.2146837932814587,0.18562719332070599
4408,49.91515778669792,31.621779147014518,0.3166116055108531,0.8225911942786863
1882,9.074356242934932,26.959543536126585,0.005400260310004512,0.7830352501747905
4908,6.0191482387309865,7.530928005661869,0.4472846592825344,0.9723558147343265
2987,7.178873172429761,23.0601236066068,2.05969043774401,0.09358191910753699
3159,33.051352911718354,27.241757734449713,2.006785206900256,0.5912311623058493
4775,33.07204192253874,47.537480302112925,0.8503305271086276,0.49166898394348235
4530,42.396208113920544,18.326952720447803,1.67007729314963,0.6708721154801652
681,37.59131942131266,49.00495515539889,1.2681242683395695,0.9801798481232298
1073,22.484483668466986,27.11500370120422,2.261837474614765,0.5322720771157557
2387,30.64276807826594,12.123462165152876,0.1410586885435558,0.6857386349464292
2394,34.414233518400394,9.58321935079039,2.0329478218415793,0.34721344372204277
2693,25.63682351426126,7.084745863011587,0.4264966735686501,0.29897048767168255
1370,23.782549222581835,22.646643528672648,0.9790522435793982,0.33529656568366706
4744,32.254872282132666,1.0963214894461615,0.4798928785869147,0.03860789359694139
4340,27.873727448782688,22.25226416574327,1.7565360239853476,0.2847406454125949
2156,32.19711526679552,49.42023460779731,1.6958154493831443,0.17294639380720211
2580,30.64273869816819,33.50533978611333,1.3697440042475673,0.45742797983555683
4391,35.95982802568273,37.98930606002023,1.745407592009138,0.4608247638987314
2159,32.1401754391438,5.950269535913128,1.5989119515116845,0.7652298312265036
3248,25.987124321863362,23.65504307450454,1.9411051392106702,0.502291647892029
3731,34.08984056421932,14.311155051285695,0.5985166282263719,0.463081588323241
3829,22.4740982592714,44.704876399451464,1.0722815373518013,0.23162631170049142
1627,12.083561298630052,9.064623600695626,0.3790663233855718,0.8524800101446773
3472,0.070911006695773,22.936666356837097,1.073983910550485,0.09100090568471908
27,27.99820735729216,29.402385917281887,1.7542293785508531,0.9822959649792862
1985,29.53276133043205,25.70205457892663,1.728477901960879,0.47607499585149815
4153,48.60244823878572,41.51217639852037,1.7735672582373572,0.18598699959572373
1521,18.073916704713778,11.57265856598202,0.7719188216108913,0.3543280557684829
296,19.70666214141559,18.869555521184562,1.6555349344773096,0.01537018270878876
2181,10.08997906710951,39.60421482869763,0.9186657989723455,0.16652267925823683
3402,3.5267147618660957,26.403570586840242,2.3612301152626247,0.3353398193126772
2296,38.64022464308703,20.105869282397865,0.8584159147008469,0.5544152787519874
2597,12.48405321696625,1.4721257372415752,1.50754558511097,0.12948084464485443
901,30.445243051501897,37.66927120078047,1.87536428548044,0.6759632961831156
1098,34.38865177727408,48.60910389833801,2.266018572565853,0.8442764899891798
1677,23.561834364582385,31.014350474425502,1.0948215086347775,0.5723396104739059
2881,43.81760565135958,42.82706103443973,0.9012127705206698,0.29690144722522416
4866,22.18974204898644,25.843787159746306,1.0750704382914724,0.12139232548587142
1378,14.245431152088257,11.584048271168228,0.8092408788744521,0.015535062983948023
1248,44.80077614808112,0.7221052117572735,1.634811225168285,0.7318023329982868
3735,43.07821421249783,32.66991337949946,2.33179191002146,0.6284793683127238
4241,8.20199735382065,24.65544241241223,0.3151775162234169,0.4762834060353739
1264,1.2980509176960475,39.104907354380074,1.4023051619253923,0.1019955522201379
1907,4.499277817481034,34.73412087176523,2.2441218134008274,0.20702518126396618
1058,14.327369927690853,49.397618410328235,0.25028636164004386,0.8151723036866422
2749,48.612990087085535,25.51562917060199,1.2346635269157022,0.4798514680203695
2048,27.92580765804125,21.358739483650467,2.1630739896511155,0.9628328596193727
4248,18.66308660146344,14.336984471964747,2.2511305292802057,0.9999721473679823
2476,44.435804730637315,23.843064589563724,1.2858804028822912,0.8007071263655878
4016,22.65681657392498,43.6435739061461,0.06237971116929364,0.25818360990709444
4603,15.761931420051056,2.1219862895870634,0.26409794606955417,0.23111496218012162
3197,47.06097643728287,48.895002364309434,1.4667918631030843,0.2536343204238226
4586,42.4758833096339,49.6653597153899,0.30964651616586236,0.9867850788165526
3553,42.18341877097205,29.891068929395086,0.37354444227817696,0.3353404780682916
4440,25.614237152510654,16.57721018477007,1.9302927444552846,0.706446743644689
1761,39.47191994077275,11.15244841610119,1.876730146438751,0.9590177098113609
220,8.967667963227594,13.824519784243938,2.10693189856368,0.81959614676862
4818,28.661147877812184,2.5052713252485925,0.26433784126526416,0.5976038091306527
4623,49.19229614237729,23.755547924167942,0.4953622027420443,0.1689655246717321
2888,14.547921525898083,2.866213543220292,2.0824035746466265,0.1749382446783464
1664,39.71761646238376,35.92371073879626,1.8027190217444802,0.4924230855683833
3986,24.523920360403363,18.596472776642702,2.0148903195701005,0.951944495874243
4576,1.9902841611043665,9.96823658735816,2.4743641872698054,0.9044936957506547
2977,38.15096989078337,27.242677891801918,2.161079015389255,0.16619205545441706
1871,8.42845721960564,48.687965362150685,1.3011581271244008,0.28771974477484086
1462,31.573678356637508,34.756552450920914,0.7769204619931436,0.5888113155559752
344,4.283209702348644,24.58734250520801,1.4241914664367528,0.47743049225296486
44,47.34336987479824,38.84571496272532,1.596466375586131,0.11936280937651234
2068,14.586194359018045,36.873823594949435,0.8382803531490524,0.36930718699831944
1514,11.323234583869745,44.58677305288968,1.9273425937116961,0.9547143676552966
2598,6.456820203316715,10.233447379697374,0.23188448164471687,0.9514422247445027
1001,47.30010966695239,42.943878812936596,1.948482126704275,0.5594258810265915
1033,35.595187122065255,15.051304352084943,0.07999629670487118,0.6352613046772276
2040,37.083044435904434,47.049946391254856,1.2449151518037254,0.22190628085895758
273,24.97022806901223,14.053257447336758,2.1535911587081658,0.7419527264206313
2647,23.73638926352417,46.34242715813381,0.2162381850534939,0.052496187134881356
1779,5.501062149573832,48.189535723204,1.2943473412354243,0.22068218816393093
4476,27.992054779199588,7.274567872850712,0.3984785974032909,0.0058836876650083525
478,12.345824755439521,48.72499416313915,2.2370393751523383,0.3857012587512688
515,48.85726664002029,4.286148421464114,2.0808638175840755,0.8502611987020917
4286,39.82904700075737,10.928389330626098,2.334793108233719,0.9825064771099696
1191,20.64960300964438,22.208439043640226,2.187455853825234,0.6677559753805572
2668,7.567062934576652,49.679868285585506,1.8413832746649765,0.7448666854264324
1411,39.2665845569392,24.428152558268966,0.462222988971257,0.26274957821494005
3280,6.1026883540657995,27.520472158924292,0.7562565391722518,0.5203326934888148
271,9.466687674853524,34.72124747618243,1.2421378957700187,0.7365778988253648
142,10.57602588721137,48.414677913647566,1.4722419537868092,0.4972758259667791
3332,27.84453191365472,39.16757000621222,1.9554584882830248,0.08854639211404591
787,39.352832699518316,11.207700221184929,0.5673990704676524,0.7408641931643092
1681,15.715743936234611,15.149546533217734,0.32069348536740816,0.21956439187475196
622,4.23349071376447,4.88141198042622,1.2065254264840903,0.0976976709376558
3841,23.22692317622096,32.222618208236995,0.39460352718230146,0.478057948825382
3676,37.40551205799677,9.037015326961079,1.7343420058239305,0.07460907779961312
2572,11.083192154369414,12.870244423968286,1.4390772252292932,0.6294436669816538
3260,10.996227401968712,44.40568275901885,1.8527694925472118,0.6404732503132452
4712,47.361351367335544,16.33778376660076,0.15859139913777104,0.25670197313300924
66,47.70768635595889,28.332335917708352,2.4117439011105097,0.9645344218075935
4286,49.52328660307882,19.87830043945885,1.384168934498442e-05,0.82445158674649
4616,40.382980078739,3.701564370295679,0.813606037533837,0.1095869578997275
1140,9.409208458397277,18.143191494835254,1.6990869834155995,0.748512127339095
2314,10.599076039963068,20.403410151796542,0.1128551846552972,0.3530746876098344
2532,17.0112620761196,44.78505509557591,0.20837395339401737,0.7502885216489589
3580,15.906626566674543,16.222532682316977,0.19170359307055074,0.8007947923526089
1187,47.82638745390045,18.962055988103394,1.4537743168024484,0.15137805606046162
4471,39.45369914408468,39.14483843361673,2.2398132875963452,0.6618419848379026
4748,36.200439608077694,37.9478325605799,1.388592444280655,0.8627299604893086
3339,9.298161202906591,39.91426383242454,1.5089283806991791,0.3233736240506734
548,45.47627796811648,47.6885370038002,0.8650041280199736,0.08032830418096437
4087,41.39351897530869,39.77787491973921,0.04685289663883069,0.027267479939198758
72,8.182092066396185,20.380410160894545,0.05403679437804093,0.11000096039672858
198,43.55851659804863,41.07542584490459,2.220774916202278,0.0042059212830138915
3201,13.612376818523565,25.433731604496916,0.2564310967991168,0.32694594239282826
1781,4.043487291605302,13.885701625928265,2.499473429531488,0.2993285879624481
571,32.841115325710504,15.14585340655062,0.4110565287781953,0.11034126768741814
790,32.69023296921653,11.192119428169917,1.6865861098879735,0.6511178781027979
1638,4.746600478280905,7.249647890987671,2.3723886804522643,0.9919063578396099
1831,15.942590446829119,9.224520592682516,0.9057231941050656,0.9009264148445885
1855,49.64072311277693,3.1589024976909688,1.8360829718699734,0.2528505996770549
1174,33.921333350436846,44.42254324661932,0.8771416086058379,0.769981632971547
3740,36.503758330166455,46.55039048245616,0.7623526419036133,0.9368632632850191
3277,10.645864280215283,29.338519624694776,0.5045102064385973,0.9063642370455485
178,3.939103550195716,42.02447783043425,2.0523372672471614,0.8845495213112884
2244,13.845084487046883,9.178555132657356,0.6434676590228696,0.7864505121775934
4086,12.444919259659597,45.08369126134926,0.707895407264644,0.2929914761110475
734,11.727205037402655,25.318077981525416,2.4974243554969435,0.08356306621079224
798,9.637716094351978,3.3582496302777542,0.8182760886132995,0.48781935284595523
787,28.737784532770217,7.06563722470801,1.0569362220801224,0.05479113435633687
2795,16.405173792091087,15.448823039340859,2.475138644437087,0.9984736845350288
4304,41.01725075237652,2.1778790177375718,0.9232508635435657,0.3583096830647384
4588,9.1973708923692,15.46466890087218,0.9153800180896674,0.9583399183888942
3084,23.231353543427225,2.9965216559445897,2.069286165534651,0.7731209919009157
2918,0.6828918213039992,11.80138025964126,0.7798259212192302,0.4112909536907998
731,24.084116122759603,13.28348779282208,0.5844652591060179,0.11831141271603962
1129,2.7919110438237196,49.718448818339695,1.0580256379383057,0.23719309034471603
3446,48.88617559363218,11.777333688183223,1.7516020014404818,0.6730445761494025
1605,39.529606432520644,11.959322446929017,0.10810756244816339,0.8299352033787553
3778,24.50557383182277,34.33944841791925,0.934790068046417,0.9794404918313178
2745,4.329367908967513,42.967873925822595,0.8656122548646008,0.1321621840137045
3170,29.622272039520713,19.352770630104327,0.6120458681550813,0.15594734538493604
4689,37.938187535093874,43.78090099703462,1.6357183397608623,0.04243947669014636
2933,9.535862650237265,17.007101037387855,0.7249752010341934,0.2603645255021887
1215,28.41041703937454,9.850793980750966,1.5168288975200075,0.8210674388113107
324,40.7105449191434,16.481941216386176,1.2608421036365676,0.19825685673090765
1850,38.41238888231582,30.46781869639962,0.5429746770647464,0.547864749895069
1490,40.14960089335764,18.357157965603687,0.6664151426054541,0.4464071980060199
893,43.96617124348599,33.64469019946444,0.4265001332664098,0.325826242340136
1390,46.88410510797351,11.84679397112412,0.1415730371273946,0.6183464134544641
3389,20.276057760176798,35.04964469945744,1.547971157762279,0.5023257893301956
4239,28.438455126143865,17.371918162423334,1.681971734785836,0.33476317348458207
4479,39.532976302280545,22.793418580096724,0.41499998402167476,0.6888508851200049
2263,34.856990697289156,27.887257022144794,1.5384809617151831,0.27996819103853987
3432,49.77601141321894,34.31125015929968,2.4552118501439453,0.643183339794481
2371,0.683882555232207,11.935684592436685,0.18600523734455532,0.9572458683415509
3086,17.756660765789533,41.79727687054052,1.2259271812471593,0.7289519791815164
4312,14.051396313510123,36.09213748776199,1.8325955341096345,0.418399559636328
1515,13.11579250827673,11.704895951199973,0.11502299457431725,0.747559321202525
2917,11.126489124944289,48.748728130145516,1.9456837349940392,0.8092418168001502
2352,35.45619204076145,33.23984955152292,2.4487780927322147,0.3258404669979754
1167,4.237973663766093,22.62134432333528,0.22121965883188294,0.7051322156582887
110,37.08044169716692,7.876366277675817,2.055574763664813,0.43439619607341473
4327,34.67129210081367,26.66105011540657,0.9464538612802356,0.8185224817818687
3655,12.540206625044819,8.23879434135591,0.3602905060850295,0.2953775951753608
3793,12.641689158258062,21.474583934892188,1.2329830229908696,0.9377596700244326
1755,31.443029267225107,20.435626136975944,0.17879683945303926,0.5747869372639735
1577,38.10855527418389,35.99698221737301,1.3052535204179605,0.35330331393571524
1296,43.82428065436827,9.619159061212489,0.04839197001012402,0.41937126871182207
3774,42.60697819272379,41.093567743542295,1.8215286041818255,0.3477986133140325
2220,48.24414970819266,16.30661635080829,1.2199242145289715,0.1462463358571553
972,29.06924476682556,22.199431348438754,1.1473491523379513,0.06849239688746922
1030,45.432778067017985,38.617048777692126,0.49047873435520917,0.32177869513826096
2593,40.425663663020536,31.26961998567574,0.9031578894869143,0.4586904410781899
3992,44.73338121570068,15.401267590096868,0.4546735810541658,0.361816939436019
4613,0.5813300642683317,19.31014622729405,1.8384752513393483,0.013919503667312205
913,48.295149593290546,15.289340699480508,0.4975632485825682,0.5790062459524785
2181,23.676508142323915,29.738508363857857,1.5418833176292877,0.1448164798909407
3197,39.909149478742144,16.631226660341987,0.6990187526693803,0.211005278561616
1462,6.360205966889043,36.28488473915704,1.642455489808318,0.12074853428120047
2378,19.797054790698702,28.989357929186305,1.3511373973033558,0.5204327300285169
3454,13.573033151049547,7.28533058737545,1.0585965791318,0.0951592924140201
3553,14.58293852504685,15.51343093399412,1.6825020835261786,0.2563572491839128
1307,6.162780997544087,11.072372095507788,1.039305179020573,0.451708717619993
4994,40.28819162715035,19.515660627574267,2.053426506437582,0.1677088851718712
1189,0.46211572905390796,25.799204310468156,1.8239961455881648,0.44624136170183304
687,15.625272849260124,25.338142864205494,1.351597486282703,0.34273512571739195
4661,8.720527160820751,37.72618382816445,2.1926517064649924,0.8605971773696057
1207,29.451947030417024,9.458593180085467,2.072154553670139,0.7949032126282893
1894,12.712620130727192,47.32364146487234,1.329598486551248,0.9928545834655316
4922,12.949922726404983,17.14225534410843,0.17111923425199377,0.5289117329654475
1811,24.416907199765937,15.012442345806926,1.4149908804981102,0.5753970935575501
3183,32.63445196704629,34.25892890901099,0.8881424739007138,0.9466458481157328
3797,6.065235228258182,40.275831434153126,1.3502823570093354,0.3995922146875185
1644,8.775572623274808,18.92358824068267,1.6178261512439835,0.5556826845081922
3968,12.35873722972588,37.34234874469885,1.6120964371265991,0.3790854957254737
2716,48.687410705898024,44.18679780680274,1.6838101087950035,0.5458607058980929
190,19.85762499714602,38.34018326034787,1.698171562612537,0.08076643251753945
1335,29.949504531551323,1.7098242785416495,0.2732035467837604,0.7837940933437314
4803,12.077140635798894,41.36844556830941,0.4792808261432341,0.9852799474290439
3106,24.522976257874397,38.72404792271837,1.5763525113558774,0.06574040243955392
378,3.705958719297903,33.4645119076593,1.0204309718275917,0.8010397302314743
4482,1.737107296116347,38.00112095439518,1.9071291132644088,0.2417348004950337
3829,23.43667634107301,48.971269791596946,0.3122732056570804,0.1975470532769813
615,19.932964375920605,21.555644390917482,0.4788074860513483,0.6933703982734565
2330,6.844015984591384,3.3611617477298905,1.3961616060911823,0.04413224855658171
1754,34.38007144603669,23.044498481385833,1.2518700481697467,0.4632393472523604
463,49.645174544963226,2.321682769552397,0.6659928849417249,0.0014444659153213246
966,19.782341059835623,14.712520404423056,1.0208581087628963,0.5543940286464739
4267,31.227931795869722,29.34398958983795,0.08745319514163269,0.4620816677316233
3158,48.14879711822429,15.481144646307815,0.09259526998593531,0.9154826066806725
3624,41.576748622343764,34.26976229547693,0.23731750706217913,0.7202719027844153
4938,23.177611165134287,41.099316384286055,1.4419811330014012,0.12600617187894125
689,36.87447422299597,21.021958963976843,2.159291036532884,0.3545399597519473
2622,6.406752012526201,45.00689756465018,0.6505582231489376,0.9315797696788118
2212,25.605192773189962,3.9919465675200105,0.08484957430855061,0.7253341472740897
382,13.953013858996826,42.00565821002249,1.7715677551307811,0.594275114986289
2256,8.058184394808055,41.428657271964944,2.138380597512666,0.5590715907869017
3810,21.314045312726744,16.099694816338246,0.3454319631577543,0.39809846640387736
3503,6.550727721680722,14.935759356230749,0.9643692398510004,0.5852014626689775
1412,34.94925540872428,15.254749057675632,0.3968421014755119,0.7716644148675904
1583,22.812002202666775,40.56968561722055,0.265893576523413,0.12753767635636748
371,26.55723162823319,41.58267438050976,1.6204213461859363,0.9698306396481247
610,7.31879693340785,16.48612294138338,2.4188411904453284,0.23936486908897447
115,6.988583054674724,29.62951737222309,1.6954140640519055,0.44774268143737495
446,29.170771763006204,6.946661472022725,2.4620366570190457,0.022715624647781985
1391,49.25048739147231,23.438936914051105,1.0859881901757285,0.5503459229584854
3324,4.812529161886281,49.939642542776916,2.2446744720684,0.3818668472616238
1340,14.286571428289063,7.941957385312342,0.5127105616657615,0.24975587227299834
4510,43.47295582689438,47.37813199800295,0.29476091752698275,0.9855242537823558
2939,3.613600612761847,41.21273609825039,1.7563001272810908,0.42814114267227443
3699,43.79428606834757,48.610732547313496,0.9285208271565895,0.4142963635938971
1073,26.214299168737558,8.97893803052665,0.794219006867754,0.46310326448097616
4813,20.413338696321293,10.675924522168213,1.6782014449941451,0.11615377906616131
3569,15.484028217572792,0.8433590867429341,0.8337101044237203,0.39309610981494514
3150,14.855857906392094,36.235090645780275,1.4313954306213033,0.3364042591055614
1605,15.290129122473939,32.204734671809284,0.7486377656532608,0.46512445876255437
4657,44.24015404800979,8.903271916236605,1.9593939705281285,0.8566211668412821
2294,36.189761508739274,39.5572482771036,0.7809708512382885,0.19278539455910682
3662,33.48615039155753,14.95977530658627,1.3374853612405504,0.6077393257196226
4482,39.93745744760004,6.749778466531758,0.05794020924252935,0.03763708975192814
4797,12.85573315020725,21.12813325096741,1.9793269583959818,0.31679250210002097
983,30.902140604087787,4.548492421342804,1.5508444370549401,0.47265761909269244
351,23.003311947897547,13.162182813662332,0.48059266748223917,0.07427915079755643
1724,39.12208176000967,18.56666792136731,0.5384334402275628,0.5439679346235009
1951,15.462805523664274,42.59320872570749,0.656232296262055,0.31032562107208006
1279,32.15893084349479,39.627437064661066,1.4413252614889047,0.9928100135923128
1907,44.11062059086567,22.137714287530912,1.3707908327325575,0.6309695021856714
4848,20.107523809746436,36.22875288761938,0.6846592991047235,0.24417519601571736
1024,3.3311043683730723,28.43248180895025,1.735155729942509,0.10267324544753553
545,25.80254111708964,17.042092753903404,2.222602914834328,0.04071977937153948
4174,17.298624390351296,36.29371717476424,0.10878869413384618,0.0907732643752116
2381,33.611269027358745,34.1749577233189,1.0429915945567036,0.6800595270289335
888,47.551646237430305,30.954722109680098,1.4838002963620247,0.85499227599434
1105,24.28041589984235,30.897776052162527,1.4660880088424986,0.15673311471107787
2549,23.30951150777669,34.149099616348835,0.0488383674737769,0.40213445355275446
1990,32.72924000957301,19.22727563212691,0.5264151646215126,0.35423534319589156
3998,5.174875179678384,43.45379075338512,0.15457680328030382,0.6445180911880727
3775,12.675309446250733,8.11539227482304,1.4224126813748352,0.1826778817236695
2812,45.94896627501993,44.1942731619577,1.6134747191736678,0.9533193104475114
920,33.49713066818831,17.11409215159972,0.39935540855869395,0.7285563818906564
4645,0.6722021991708127,6.2515807804311265,0.8325277983551815,0.9550718788846452
2061,10.231273627950992,30.001370133956495,0.8245093584400526,0.27736924495336646
4487,34.14186330144495,18.799333453520262,2.0495058289744588,0.5877156378585556
3639,38.21996012812871,40.77498635517596,0.4866485113228333,0.7322679371103356
3165,41.992978633702094,21.539273426438367,1.3707853033141462,0.7109562227677338
4435,14.608840169102244,33.42812627810549,1.957338781252211,0.02134609942836352
2644,46.55142981387813,15.412899475241277,2.0739454822426193,0.9982891634898851
4852,27.64734467889462,10.472618751267005,1.6664152357118325,0.928059972768785
1045,34.82695111939464,19.402451547441192,0.7488193806547072,0.11975208127261072
3556,29.836943138995398,30.340391730121674,2.0576164370721406,0.5435667742951704
2681,6.137002733731023,32.84733696056759,1.8554150677503165,0.3145564553194161
3199,48.15573296924399,28.910333264900917,1.761172834573173,0.8788940159242865
938,6.143778994707633,49.40278593120544,0.16833849721251792,0.6975196305881541
4943,12.74409782055918,34.554509324758264,0.10816220162887386,0.22351715673239303
441,40.68139401114901,46.575981379845885,1.7384132442539488,0.03386114536729079
2550,30.929848075055073,5.8966597447587255,2.3619870030848267,0.2917418026147741
4225,41.90745826881785,3.068646490673943,1.9343098201575484,0.038137272807838074
596,25.786809418702244,15.549735100597683,2.0786889162342215,0.1413107129983623
1505,18.849661768331742,6.829446918821197,1.362455702124476,0.6361380416137113
861,46.092274977389245,26.293426411413385,0.7614653602201849,0.7450850681180249
2640,1.8126158757397426,25.949062676163937,1.6943422419172105,0.46801690000575935
3731,42.80651101765229,28.75235832219751,1.7799271887317314,0.6002878706941286
1551,11.54088925938908,37.261394041553636,1.6883949292350173,0.15588503626600947
3236,42.43681638769839,48.56648501061599,2.3667726417983013,0.3167951705327071
1736,6.95983067084428,43.91293457195732,0.9179475831613912,0.7128838472777539
1449,29.010948184527024,5.91836197877908,0.09914384738945875,0.36489111608509506
264,44.4053959505736,16.925684438532862,2.2711108818935237,0.3488112235877895
2659,23.676982344944523,12.791151252402095,0.40124779713520325,0.19399263702604563
2721,37.32833369016964,8.84086788898964,1.7432958484685812,0.5948248760652413
1462,40.23358089277792,27.236243832789224,2.183011099431711,0.809538606019198
4252,36.82471043583896,27.663220101636526,0.7753534950365879,0.46944502860563564
1445,46.266486843729915,11.362241394403066,2.076038102137316,0.1155392564710892
2298,22.341711525996434,35.59486251533428,0.8301453156786104,0.8383674319094495
2925,8.656271958257788,36.64571495847526,1.9856448205906243,0.07139710460153337
1632,2.390553185123989,1.0489997416966657,0.17457465743431433,0.4717273732012006
2374,12.322993481875255,19.78788518611583,1.6381074966773193,0.2610773361572464
4990,7.1598751940121055,44.50703206008105,1.6928452014469904,0.9363181563200846
512,27.897437071724024,26.015930412191913,1.228564575202391,0.7375431979485395
215,9.2472668605866,17.381390071949713,1.717727159656777,0.5664089829679203
3331,1.9466853644685589,12.683807579756506,2.3079591763846024,0.6677554406893561
2172,1.799491443433393,12.167725995914115,1.83463706242057,0.5327272628124905
3153,41.57847491824308,4.988401692540317,2.4032400724616494,0.14760094521940992
1706,29.57249657215124,40.86132095465461,1.1215307846301794,0.7090986799965383
2106,17.904265094668908,4.332870269708561,1.3207268292598928,0.4926739522694914
1567,44.71140213701234,14.61473829309079,0.659346743094267,0.6343092713227341
2208,3.50983057038568,2.28378692831766,2.464004169502171,0.04520166397726999
2331,49.01610363639129,39.06932848618502,0.13784183790318094,0.14203479256325313
2153,30.81458951272305,1.964184111339523,0.8965510440420257,0.5893704759319903
1128,9.173212698442423,15.41505519341042,0.7442429119215321,0.45942890308294937
3510,33.953454948848425,28.664868504333203,0.9662792828201385,0.22687366895365402
4323,38.16906298917813,20.47806801467219,2.294294651299664,0.2407609205335548
3653,21.467139168538722,14.113553362455022,0.9200946851712871,0.6316583125559425
2365,43.08163031227737,13.759453621377082,2.2924416317500014,0.05896702692907396
4897,7.5366203648235155,39.88951530031247,1.0583471541580067,0.43425834422357323
2921,13.941879178880418,48.69890475436225,2.1369219230505205,0.5231035047266094
4567,4.6746180791994885,17.40205352243967,1.304375246251672,0.30814260274233407
1079,10.543892030367608,1.9572756804508262,0.7783821085707874,0.8205498284923363
3511,11.93644059555725,1.828288895455421,1.1233744974197182,0.05676958256884346
2741,45.88165954608551,37.960670760535905,1.0609526974455086,0.8657827852469508
3020,3.90548443755781,27.618491080456348,0.6497851552138773,0.7232629928877709
228,21.370756009385474,39.17963287086652,0.7240968249797669,0.44625437893319686
170,26.61993436134565,34.87485051442874,0.46613480327763607,0.9244673902125078
294,44.93465269010804,45.37531746326982,0.8400013930190209,0.7022382964947168
4284,49.88481093306068,44.291214552331176,1.5610145081229276,0.9310453496590438
425,37.66940574599179,39.41636978105887,0.966395421774078,0.4725897794155661
918,48.539549528451474,23.759458002107188,1.7808080273157305,0.4529731009953861
3253,39.35505662679369,15.406320380192623,2.467445424219883,0.5307426314461787
498,48.16013204857083,25.351339372231998,0.9427526987112125,0.06542670398580264
2809,35.36353629722276,25.103580365991178,1.1565980352240424,0.9084942513366362
4961,3.9881712725535534,30.513777444466882,0.410275392370244,0.6677170516418508
825,20.096009349633825,9.304878389145205,0.9805382144482901,0.6175856779093686
3779,32.32986419012352,32.78099402224944,1.8170811269766984,0.9264635364705636
1858,17.53592547271255,22.83004621029079,0.5435119993561571,0.9936371776083867
2118,13.66919590568893,31.01024159704296,0.45513512163807307,0.1633933906584769
145,28.869963356654548,11.980241145977283,0.9409371841229794,0.7489969849050235
4565,46.67509383512174,21.71974469386775,2.0466237142943284,0.5799451744883861
3577,1.749093675807678,10.510060722626013,1.5591429742787086,0.4609971885902796
192,38.46156017707189,43.76525783784008,2.393948443966516,0.9776126016471456
3888,36.13636390223135,24.39805225207688,2.261351087319064,0.8502630111551132
51,48.19767126941436,11.249070778690607,0.37784299205810584,0.6967499840934692
2410,46.53556111662718,2.0604347870773143,0.10638193651803657,0.3826761671901395
1820,38.11162810220964,33.78693323267709,0.9977368354868854,0.6660408041546844
2964,26.020438234129934,10.732235699487786,1.305198697046599,0.5316941235594036
2521,10.213377661675993,49.47910961593892,1.2889265380467863,0.24936844974269878
1869,27.26178591627872,26.68501867075858,0.33526816942763826,0.45038132314567414
2568,38.26759969598269,14.448849812401605,0.31204358038652596,0.2122119681017124
1867,44.783460631894656,32.88387168963152,0.1171518894480092,0.5004202932051846
2738,39.48560046052745,13.760996171904278,2.127149815138501,0.7202380759451205
3269,9.763346759552698,41.01371469548732,2.3693603451704472,0.036646223819128965
3199,29.98431571140297,15.411802546497094,0.28921255054492917,0.765379709318652
2579,16.608672976567853,49.41238661979546,0.5328059213727789,0.019993992008343286
4005,0.46028336953214954,30.25723927226468,0.22465721183727583,0.5172777029593253
4935,10.011046789433303,42.22055744713317,2.1937554278520874,0.5734767071501634
240,5.661032496672464,3.640773478921111,2.3967718338406026,0.7612434596277908
3440,42.13595617697343,17.41497086930941,0.6544914418022252,0.7610288233408169
4631,12.925312607390598,36.87435430830748,0.7589595748384372,0.41745544584290617
1407,14.234898444377775,32.752950867029135,0.9066742110323489,0.06637251089843466
3502,47.996828589944215,9.712156071687888,1.2561593984518282,0.6935001527758172
4038,18.954336152442607,17.810146525485493,1.706152446612317,0.5109860073924182
82,0.4792820072197279,13.172170374377046,1.2609764581365603,0.3330584566631015
3768,14.192307417306827,30.66850848809215,2.377503954190603,0.23487378275299042
950,5.964979030090623,17.22841147293875,0.24973364630374667,0.11975821311047574
610,5.1404280867926975,15.452712100017491,1.9965137806876576,0.2951424972086053
4669,3.8743645067874755,10.368899021817086,0.8362077270336776,0.458489625125293
3605,29.662973508768864,20.451356045732417,0.943869220216369,0.47760916817925225
4554,9.467386181492932,9.775129509827678,1.7720736092755636,0.582738931414786
3283,18.062139702050523,48.128479368881614,2.3234427746859474,0.3624685693540506
2173,43.10088580650084,7.72509057476517,1.790501946383942,0.9198978692387965
3484,21.216906989813783,45.665235747938816,1.9396514384484917,0.495869613082618
1522,45.78456750258188,21.4236549078291,1.8769481053969972,0.4237250401184556
2601,24.896902669780314,18.893299578086104,0.8024465149593121,0.04816796835148307
2657,19.941830741987786,11.565990045242442,1.8923260829556197,0.5990150821328838
2159,37.51944635453508,31.787816718375954,1.961301900549504,0.6028689360667185
2449,3.6587549384001052,34.27640075054182,1.333500801626282,0.583289630030703
3830,4.47391914912087,23.378548112620873,1.341890596667041,0.8875969176082205
121,32.59868569614803,2.7853447846712065,1.8993020076562095,0.76290083258929
4368,24.347035661962412,45.925507534427496,2.042577155561019,0.8674056195924268
1317,39.52076251596051,49.01645664381905,0.8429886050766761,0.0594225569099307
4493,45.813541867176575,21.55217076059175,2.0039055439382265,0.31812643225484194
2518,19.41834388357738,30.683040370466358,2.035522516688528,0.3187119436947047
1230,29.820501329232314,22.514931312187336,0.5853141022964483,0.65704505776862
1133,25.034831389765493,16.09398254430603,1.79237686329179,0.4486150487045102
1301,49.080532782121644,3.8659396428903814,0.4663348045903959,0.7774726032520418
4034,41.55422036782976,22.803386519864944,0.2326227824703231,0.38443056665569475
1910,45.58688541386768,40.919227817972576,1.436357530125569,0.22160757731240877
1505,12.717004378880208,0.8515730544001787,2.2716304969584975,0.2909510682942784
3185,38.62632115812972,29.105384159011116,0.08864755881440811,0.18246972615081436
1916,13.273661249882446,44.03860543633444,2.066254093987304,0.19789269176290003
4915,10.437126671419495,10.8774715007179,1.2661780267587666,0.21683891543065148
3548,47.21330798277754,9.16279323445311,2.152238621803075,0.016094711507224524
2757,0.9652208358933323,38.613831285097156,2.108692337927617,0.7160880347625455
1956,48.26943518317148,12.754321555964665,2.1882170120407216,0.39960234227113556
178,7.46309484944031,9.599213378032424,1.9221848870166833,0.022671331881828904
896,40.97190408966341,18.899462528461754,2.107480886367487,0.3700075444658403
1551,13.796127653405154,19.6251006135109,0.44006301800300907,0.905368127115412
491,17.53511637153637,43.7050531508283,0.7596328721873541,0.5112443169674448
60,10.837885566099247,30.922173596683844,0.6062154270182409,0.9867520113463506
1077,29.275702124053982,20.298072816979467,1.856070759320151,0.5399594318780562
2895,17.404777375393703,26.719398214288343,0.3841077984178398,0.962798999051064
4160,32.86965197473316,47.69826166626371,0.45556947594447145,0.2018007288044127
3683,0.7823658971032987,5.6607338304947685,2.1974118018048565,0.2899348127193676
585,3.218744175751981,10.385776086234571,1.7647054822820953,0.6999701101797614
3960,4.983057636562433,48.12643532932776,2.188449944797717,0.9868216169994466
3770,20.949684265511554,47.86624242636021,0.34838814565172627,0.825297411019376
534,40.7398086329988,8.858271063238632,0.9974510114032559,0.5537052766757511
3462,44.40889551891913,7.255440856264911,0.7078779251907941,0.0851526143589153
4011,12.240537003045038,21.05425671693099,0.02420271319912376,0.36437910999979395
3398,28.7184862119507,2.4859146243984553,0.711307401096767,0.0864257005965906
2155,38.41824963463002,32.745176614257005,0.9489581299446986,0.31128136186650446
1004,14.441471495980435,3.8748010830871094,0.23054909310677968,0.25879210066532454
2499,20.45038683681366,2.9014813547140363,1.4162188945670495,0.3885552966367184
326,26.198710134285697,24.259346810442462,0.9579316561815829,0.8372765899899189
4703,6.743742320402385,47.88933180550507,0.11615415569386361,0.15037667131038013
2706,1.2991146862890157,21.339796803157977,1.7599471621699418,0.30606394885360755
1,7.640290465914163,17.824057933027554,1.8231995846027589,0.26111724432160754
1033,31.342681062676668,49.897835775114295,2.0861786074235873,0.2961416471369078
2481,3.6809130766840834,26.598448038959173,1.2138514996674565,0.3606234748070922
124,9.484818242506416,18.762070344512427,2.4216469933362745,0.24431174993363847
1104,16.892694284765184,19.293040667080092,2.2851603613311413,0.9425812722231232
2699,3.893503215318317,9.747974801675523,1.378379062750329,0.4201017139126546
1861,9.584963558081721,25.611152872376948,1.112379827673543,0.11411326519726817
2920,45.563489449175556,21.94275140840029,0.0075860697573071345,0.4676586100273209
128,0.964956611349238,13.53976481737067,1.7774863293480845,0.18443190186135872
437,32.67159620871811,8.027004330087989,1.4123862601242276,0.21613064250131997
4846,19.220446545759245,15.561943433377683,2.343860363715202,0.2850414176448327
2548,33.63243697161856,25.434166384386465,1.4855803131031102,0.12475985602594675
3129,29.43458601817023,2.9166636142400835,2.482140234731825,0.72111893258
1221,11.174937717732213,7.687201429197799,2.134548179658226,0.7919464747312489
901,42.36047437866943,47.38286334845477,2.3839948395373827,0.39428492191560005
3168,24.597019130467835,27.142767551566948,0.8191569282125974,0.6889925394335452
4486,41.12680094567359,3.1724651830018935,0.3733399869181661,0.3889542901706956
3918,20.30062680941096,34.65438793847865,1.9921802844878134,0.16407732363636396
1067,49.23427769576195,3.0901435039517366,1.9654927574228311,0.39716806133127835
26,38.52446792506481,36.94371135231865,0.528622348513908,0.5569873954816394
547,48.29751025562867,37.498136086001345,1.911861635337282,0.040994314076888916
2668,25.71632394549294,32.55394878746263,1.4549333951035153,0.6544843906823702
566,23.684556614535023,36.61022723096748,0.27381286225418244,0.7426079690047855
703,37.772690466262894,4.398289050652887,1.254458993925522,0.8599702577085612
4280,44.014563150671506,36.33902761776338,2.327845002096696,0.10277056024930697
3140,48.2072897932779,6.834415986194148,1.266143863613072,9.359385827234501e-05
1590,16.227595301624987,16.975295363592192,1.9717474738836802,0.07326636902216233
4943,39.93522869213194,47.13726267503164,0.07227496660489136,0.9241168037861082
4694,10.532279881776835,25.143773882957003,1.820203532156484,0.765555721041261
805,27.278717337272262,48.371321604150694,2.367093465343693,0.835435646761167
3791,8.992407420459958,4.446122944336878,1.2488194622323396,0.5170137971659723
1357,17.36986808751694,23.877829978159003,0.844274782563966,0.5267198745638754
3225,46.56791836032296,3.1201160138435324,1.6166262622172431,0.2985055898391845
3618,7.3045349886543045,31.51051311996424,2.2906530377330485,0.8427530519681637
2126,31.620044756759825,3.9353500684258194,0.4419241263333573,0.8297695830837843
2460,29.647713646370168,8.768390127018865,1.0092355250567744,0.3921713457221615
545,6.036917635449324,12.941515503464023,0.3907257024546029,0.32926707047147385
2728,16.29895218844061,37.43719258322416,1.2416355805497319,0.7383732712530249
3734,28.149075225763287,8.198105940903739,1.3510550325763977,0.026168138337933744
2562,9.358930449424513,42.33160266465339,2.3605090368041504,0.8599488985183878
2079,40.03118282064077,6.595196941540044,1.0312878844190685,0.44624798931417287
2641,48.607825476737496,1.7622224535078168,1.4173915338492458,0.44134424654286086
3114,10.737969998123603,19.752270948483392,2.2131564351353807,0.6690778473873946
1926,9.345598239528796,48.972082098564755,0.8035125004403967,0.6457493603105314
616,22.74675358987223,5.5171113894388615,1.6854096724189749,0.26597406605636675
3644,37.38826385700161,5.085922201981452,1.8929046220552412,0.9432786045140967
1203,14.08003051176257,37.558325539781194,0.8263205867175236,0.9863299793326556
1759,0.9939954348640201,15.608084699678265,0.4108529638266112,0.525989014296185
2565,27.061031401644698,35.86408086128585,1.2572738547556832,0.561380798170347
3174,47.83002838836538,10.000529472168168,0.8920043253332541,0.5543179634236236
3081,19.56384277034728,23.003599709908144,0.6661560794805349,0.48578740817826094
2630,21.006727709155022,13.264493887445894,2.4335532767352626,0.9451870536778255
3161,48.4450858557019,22.576410743954344,1.2553825467538329,0.24475244897741222
4321,34.73038058133642,38.45485462926519,2.1411942346085593,0.10795817625538906
669,35.95859614210626,38.10049702388309,0.4882935263583979,0.9295472843248312
3168,28.13510026855338,25.78861438368618,2.3486069122478264,0.2130383142111527
2121,48.73046054316208,46.41859218605255,1.9860785864225545,0.749155353542086
4078,34.443324221277805,13.1892051224137,2.021730390472856,0.2038733092321151
4151,44.751637580258475,12.015567555961654,0.9744121879898215,0.9601860156223588
719,34.96894328666106,30.690320058771686,1.2140924826942157,0.7911217703373095
2600,36.7557912420198,31.064851710839452,1.4833858147467003,0.9187181721148588
3598,14.520546107112326,2.3270019782486995,1.9744138405126619,0.950984820111659
4669,15.17393490069095,30.38888561934488,2.122641880151094,0.08442438426899979
666,39.14923247880146,18.721807867450718,0.19511327337983608,0.43338885582494746
283,14.835314458494981,37.372126266027955,2.2601559688329362,0.6481003370283095
3903,28.13850354007658,40.405283227263645,2.3437416312606523,0.8024561041262308
3565,12.467615545335098,27.60769097735183,1.4822185108919639,0.24147174441440244
2234,40.84916904045347,0.08525157511325432,0.46687653313726485,0.9146048593892884
4593,5.5250675613845,31.818290508332105,2.0460370817587235,0.22097632909813458
1465,41.47233198808322,37.444063983296715,1.3714690363739974,0.8661764015406866
129,30.13649002538009,12.449163311575711,2.042991134290949,0.51271257966419
4734,9.345476741353863,23.23230005703944,2.037020316473291,0.5154221718701897
2060,27.10176927530591,48.28633117058941,0.21682328921448113,0.3740056154819912
3672,14.124941842367022,14.905777669705172,1.51755357092666,0.1035052314186905
2494,16.17336673652483,11.15766255208704,1.2078607481718031,0.34709006311953816
992,17.576402079844016,10.542739523900508,2.3652986749987943,0.426736714982473
2121,3.165962348616047,27.940041717699813,0.7416032298134909,0.47902105655297067
2584,49.29808422007087,47.489355065400325,0.5150002654773125,0.7390952904101334
4196,1.5767314065612048,30.434506460017737,2.242717140047887,0.35207011046505865
2223,33.12484365921392,15.166156011882997,0.37178892225026183,0.40659286031398645
4522,18.56138238787153,31.928488903372703,1.7162986468111543,0.9060986023221194
3188,32.30051454733495,31.24211487988937,0.7500495346045272,0.7525672946335956
3237,17.81241265437919,29.846256786482712,1.419614388743694,0.022855769503791534
4136,33.687532312942935,7.9713103444151,1.5405485821031528,0.8120887577230376
4524,36.46177547341804,31.72833996724971,1.0434232048949168,0.9899439243503593
343,34.52763201998224,21.508222625724983,2.4374124505927393,0.9397677413678219
4461,5.698099067907614,0.9296029311516685,0.32958292021244784,0.8359558994960897
4704,32.84466173273423,26.988224357374758,0.9784977225918925,0.6291737473372672
4823,13.999377472704866,49.46333726092088,1.0759883171857896,0.278192122165261
2276,1.4400685284666759,17.486979542199176,1.5776173724904539,0.6544306113800963
4920,20.7415335944477,48.27796091593291,1.0181493954862977,0.6955924708758644
3201,21.677155140190052,4.810287083129728,0.24259002843040806,0.28155816103067055
888,23.358706667622325,36.62250579336531,2.3685749954520654,0.25532962440843965
2043,35.24120826953581,5.716499733141767,1.0401977040967143,0.39692385909227035
1341,15.442190457122956,13.678578677763708,0.8566843180426814,0.6411469690335351
3720,15.764025655196129,28.54204176610622,1.1168053104350117,0.2930622692823739
2883,3.0276128120630297,29.638984698837444,0.5414892053223062,0.5556665221785336
4212,34.341060799614795,38.760565861708564,0.2505542116716272,0.8992374018541828
2415,28.391304569979198,30.765570361371964,0.37144619777215643,0.29510032487924953
1117,17.471255634689403,29.680735219028037,0.416637067508899,0.9659737361275117
4263,35.25944894586773,45.61765434945691,0.4941835955397378,0.47334797867321565
3001,26.86788746134386,22.60803761045786,1.0499005305654807,0.10090833764589391
1738,23.462247293526982,11.263288934752753,1.5597481726103841,0.05503939372957367
1364,25.566227183056323,8.089429251181512,1.5722195950668314,0.33867451429931505
2708,31.817406263352826,19.999729840474988,0.00024392390481714488,0.2587589567298729
4790,33.00013022872997,35.637637759684786,2.3023941672459998,0.8437133272032522
924,14.447890957035858,2.127174246495045,2.057117951330804,0.7376384214169565
151,7.037168169557662,6.452669325470306,2.4098450985900994,0.8845462868700583
585,7.831709059525938,5.305673005181971,0.8999658618254822,0.5892534982118697
912,31.969544295150083,29.26250765257294,1.6619981917234925,0.43545724759050064
2321,43.6436642883563,12.143232526563313,0.4200518731402428,0.27056792808573704
495,20.47481391727759,8.312971415069825,2.04258256805084,0.5831088344232497
3795,8.476008016473118,29.638535987151116,0.40341930738592213,0.6180247782361531
2148,37.83012491469273,38.06549577261896,0.814964252019374,0.39294756374186657
556,41.624473720972425,16.60774582263322,1.227087139867458,0.93659542182739
1552,44.02912215604833,28.910230283829808,1.486329172131876,0.6399545883495158
2120,30.34157144568666,4.90622065997301,1.399082560716829,0.8374812006015329
3085,43.03642796940424,46.7595515228785,0.2552400292749932,0.620390747368956
3504,0.7707479224203839,16.844809265738643,1.0541900071596275,0.31653678533170493
156,5.361790088476176,49.875284658675064,2.307273160514556,0.7366191578787001
734,4.628803352604938,48.9293877924891,2.180921319379629,0.23025453088366488
4654,35.63023421273665,38.941172466790576,1.4769588081365994,0.5966093649986084
3276,3.479089177178951,1.0033547703483359,1.4308114386340034,0.4023663430194018
154,24.818218623315353,27.173746019218164,0.27918795662332546,0.14988486880437013
996,23.635344931814455,4.341821022000575,0.5006486307757585,0.41324057552789284
2294,15.535176177912046,44.75690129807581,0.6315993565102401,0.3102808294540895
4626,43.52025849710499,39.48181263237014,1.2204893213095143,0.1122220817084214
2905,8.5216600939998,48.61701882978415,1.828390120239297,0.8238282286598586
4824,17.623139219961992,30.41914765748977,1.1518133890106454,0.4985825564345828
1177,38.70857500114646,26.1086402242169,0.31515260459349437,0.3463562722714204
153,1.5211157196642122,25.94869279721938,1.0983721925284513,0.5049642497029508
4187,33.64752001231843,19.322418722717245,0.40658313437222093,0.7545831175084565
1716,40.81988631807853,23.434503361457047,1.8778683792322113,0.018295393219249556
3202,46.61339194190836,31.770629156767516,0.4162521510114475,0.5467517605736211
2857,43.814832024574244,46.64738037781386,1.2063349738611417,0.4791507832839679
786,15.969205841684259,29.794216912801552,1.7335340066527325,0.8930701915150736
4368,29.31820706614763,42.85579711586836,0.5704951598630215,0.5559716587878138
4272,3.8646746575232926,43.13899556512503,0.19007526909331607,0.13732284253906735
3767,12.89350017740043,25.94163379241296,1.4082486901868718,0.38868321528514027
2878,4.711118937375369,17.373482074881082,0.13550665876098128,0.6210693720525855
642,15.759364507698193,31.97869366660405,1.46942160742042,0.04593380705578487
4662,43.759360672936445,22.293867095742137,1.8837463439655036,0.8846490973976132
665,17.35834198371463,4.072043366096645,0.8232899791807663,0.0677823407129543
3426,28.09490515007132,18.890455021621683,1.2208735227017304,0.030591127846373523
3783,21.669042405747042,49.70360690246625,2.3219045955623665,0.002015574100220241
3701,22.945826214936766,2.4255935013143604,1.177772160438881,0.6837444916328548
1069,48.478602591827915,34.83334559504633,2.4913851534834723,0.4559200872226682
2349,14.807723413192896,42.059435253562356,0.39250602839418225,0.10281769422910081
4503,31.366223476158567,32.43629517376894,1.7723347562082228,0.8562085226555609
1212,21.00313347897235,28.4874115581645,1.631546495493135,0.20272027409240645
1152,3.0573090523843103,35.37772084893788,2.180762033815818,0.32632415897106914
2511,24.4665415812118,21.467136864982784,0.23110802997635183,0.17772147384827708
143,40.667166452255415,4.568086865443838,0.7005164787545417,0.9267562977226069
2489,4.9376484340844184,48.118587715169085,0.3304480644008381,0.7580667831720358
3228,3.4795923698154487,21.615038499209803,2.3327378056798036,0.7239533966442725
4582,7.681576019663333,33.26946185840088,1.0665883116131427,0.04399603007279318
4955,38.22000556946531,26.56552184446476,2.275164613837673,0.5227017042393656
3205,36.1997692072369,2.7336535988777277,0.7360174858970567,0.5754524367447404
4243,28.250888445305527,47.637330049626925,0.3159202534041297,0.3825208400826825
3142,23.41132020463162,39.62686130571617,0.7413431824650409,0.32175625029764743
3304,44.416290735131106,7.454894723469746,1.4929358983201224,0.8519428602187867
1357,38.334891191674124,49.08244381441334,2.113081479461477,0.023016591354532046
2713,40.59711256509026,36.84506860858539,0.9634767330624922,0.6253548482770669
4185,40.663115067532715,23.616082521415443,2.2870216481337104,0.39424691395776656
1357,32.1358577372779,30.568502827978662,0.6105801491948217,0.6659506811432904
4294,22.900731215797293,5.336834100729876,1.733851718259417,0.19791754579503673
4633,43.23388762928252,28.02057550078055,1.8392833762056806,0.23865935462868781
3192,46.30037088016253,3.68305360085297,0.6849072983265401,0.586853806676801
300,1.1903021629171506,27.242762855965097,0.0674246957513186,0.9799385462858012
723,2.5777436633125648,27.63478443813927,0.9130933551268885,0.9746835829863172
3010,47.93716484542186,43.721939258037196,0.1129903682653402,0.24898098381068579
67,13.858030692209738,36.2528750136147,2.2518844385054444,0.10235103032571058
3836,43.66847198247093,12.477619610756003,2.383813157335145,0.5903432379299968
3993,19.439755948070133,44.42130710939284,1.8384497898650012,0.4199826080736283
2506,5.95500288046778,28.66213324240029,1.8167114632845847,0.7616867129707465
1537,4.022160010466713,30.318973928701688,0.6022316735293265,0.5279837252784991
397,7.8253949540228245,8.449068461108917,0.18481394139521157,0.5105868059956411
4715,12.494659743368237,42.8886797984557,2.0052615896522914,0.646459868220819
3357,24.425917696541312,46.5482557508272,1.3979048288834188,0.12641844484898412
1163,35.07489502828918,38.74953247474541,1.7040688269679374,0.6771617296665676
4825,49.319928824265,47.03762263225031,1.949102670215575,0.4885197006554536
555,22.075337164458553,15.114995206117293,1.0235856723806722,0.8201470656344424
3661,25.90924711715549,43.05595841813856,0.36136647494579427,0.1387068337048184
1751,26.09078506916278,24.444657143187126,1.9875919984072385,0.30074704911640393
2941,26.971717774396804,8.195860147179246,1.1344140980710185,0.9502463740155243
2657,25.88703285522311,33.440029951670056,2.0673105771398315,0.5530728792900214
2795,0.43873775309589136,34.20601353529394,1.094247866900032,0.9293009997539899
2329,0.08624110549203534,14.346225687834508,0.5425410211432652,0.6890351031118789
1959,4.883315906306146,1.374666581378503,0.4275125416344558,0.9264313649351258
1601,5.077830171458942,9.992362954278168,1.8598043913979194,0.31782628436048
2793,35.244845447739806,19.988877383694337,1.437222806984992,0.09053375836915722
1480,10.245801625799988,8.378145552993427,1.0115072511617162,0.8022417648980988
1102,44.73570523778064,9.70149741198021,1.23029189047833,0.8044687524623366
3276,46.430316478850976,19.569533219113477,1.3740965132163496,0.6188267946423144
1299,48.794666894794936,48.08933071542802,0.5985411045644901,0.5795702031618322
4994,46.95406524435101,38.212175770382416,0.9454139492442228,0.9149081706762842
3879,13.594416095926231,15.987420061328205,0.7310286627743376,0.17649846702153094
1535,25.488842235175625,47.58020344592741,0.9710596168640682,0.616537971370767
77,8.77274850984705,32.28233961293663,1.2514055337947623,0.04977061082221068
2831,40.31048275862166,22.772482232007007,0.43339384763591476,0.14086493675762912
3410,44.421585257204804,23.415009947757355,0.9837876566222201,0.43727234844329954
2721,42.56444196487574,20.537223391769594,0.9637361082673088,0.8212073693884159
3627,21.668347434841746,11.649602627296984,0.7150095421056568,0.7331326907500593
1532,37.93369423433905,19.331609610685284,2.49624081200613,0.9740643910459944
237,4.878958478813472,26.39481920216963,0.18406877248572845,0.04484864846989922
1996,2.0122385309625344,26.40136753651105,1.6073778482143395,0.38135221882623493
3427,37.66182071543804,38.0868451106259,0.43609651634108904,0.1587908015751609
277,21.267763716434185,17.93989285786763,2.0988099732129557,0.03696128404950172
3089,49.777463236978456,35.83990146519762,2.285491340023252,0.2643975562944748
523,4.86271079277662,28.904591938434233,1.0036949565223972,0.24447184418721635
4275,42.78138407676168,48.09227022634172,2.0586961235517744,0.4200277184621918
4218,23.999153276449587,19.264246301699135,0.6247736233751511,0.1400812079005932
3122,41.357509775193854,45.06082321303951,0.35017126832315393,0.4885675792261175
4575,40.85636410850724,41.03212736491447,0.7896956660065274,0.920098327314242
1797,45.79960006810387,31.883214229472845,0.8541850347276181,0.7481889315983149
2131,14.89250056430514,32.72572333710586,0.9933938619639473,0.8421773294932667
815,47.48996767310015,4.232496730320534,0.9323973548945469,0.8047285933215332
2694,7.583348017881014,47.511230279671615,1.0278611321262598,0.38962633644063405
442,4.098438879674527,5.346803174787196,1.775083414512825,0.7089610362978351
3140,21.580775868617458,28.161665437175355,0.613950332164338,0.7542562394229976
142,41.41614843209213,16.503540022457724,0.04643898941280422,0.20564810569923564
4287,23.67105653167228,21.49259891449259,1.2242013784531791,0.8602623666197733
1410,41.46433387652571,30.509150541840853,1.12072811051216,0.45774739852226354
4473,36.48434028971526,45.44256889411608,0.15016247460857612,0.016359739509384408
534,10.471419306946677,22.87835617861507,0.3345035037535343,0.6433841086138504
1716,47.44408124497319,49.386477765322056,1.2748022367122347,0.676763091917965
3364,3.0390584314701705,29.64060326757499,0.5868769000489482,0.5517622966768333
1032,44.913985377189746,8.027697132108724,2.1939957353536172,0.21241530084715654
3342,15.2221724495187,9.500464741562615,0.43323121614873783,0.4822780273560653
1410,25.007404158219966,35.805551779462554,0.05030657962129065,0.4001274502455071
4500,21.117593635036723,2.5198897121690877,1.1189094234776509,0.9746860738439258
1172,8.59172784584581,24.017078811111343,2.465407776520639,0.824678434755938
888,17.907343320084657,7.41095549017583,1.584681315766191,0.7618996050872148
3338,9.646721814639763,21.66093175889225,0.8850743031548112,0.18107370300016312
4517,10.194323773026193,37.495871103585976,0.04217002866964581,0.3310400174212166
1641,9.352841801319018,22.940646412071708,1.212371099355567,0.37971183556922017
471,24.450869017329712,8.172555449046348,0.5161650053460756,0.4926275323004795
2940,39.89656837556578,12.59626851783212,1.6193852136166151,0.030224512065471387
546,28.44850168806205,18.37697943260912,1.457521234328253,0.5930092280746514
4726,44.660329427542095,3.4780591743207356,0.6630344384679623,0.3578565439721063
3597,31.82722442883621,29.216881804056094,0.1722068355466791,0.561677145425915
2825,34.46700578163022,30.37668956390251,1.8875479951008367,0.00897838425670694
3723,33.38036148635016,3.1075963566283726,1.4636602364823557,0.3214331389975237
363,22.472959659187058,20.1155660587081,2.105315623771571,0.7686660560129889
2166,34.46694111000414,20.700034144236245,0.6495000390917907,0.5010815525270401
3309,3.485387323448058,16.69097842763006,1.6321551619510302,0.7888873283456382
545,42.992573595783156,27.886987016555594,0.2967012513217124,0.6989603925173866
3240,38.89060717219587,17.297874503005588,0.7295247697921092,0.8549205751509771
4729,12.261497911583941,20.820463973890302,1.641347779693424,0.007443588552173641
1936,38.40162271270412,39.87617737208028,2.0639532628619826,0.2613254918443939
962,0.6321300700009247,8.105467771510073,0.8023137543583672,0.5488017266010815
3005,10.862328624044022,30.955734765171044,1.997133891391253,0.9410180766521824
3806,3.256861933544797,25.27972008454228,1.6943811506832063,0.6797901801325391
882,39.01134583089473,15.253581873967454,0.8716869287689997,0.4565887862818485
3840,37.79370755891936,36.37673282452054,2.1909923443610984,0.13014133050768306
870,40.681801190091534,27.5594179770574,1.273072665088578,0.49321535475745226
4611,0.22408466627644175,23.868076348034766,1.6206170563652056,0.4410869724560662
2985,25.0616363339204,33.383465738560005,1.2390783547587003,0.7784432746887019
865,35.24180987586683,40.11451539906804,1.13179990122692,0.41334864049654807
4309,7.770056436950773,48.63343950167881,2.119944293097141,0.31883807483333304
3203,32.48953637563123,31.467518418818674,0.7367610375965644,0.0897196824688209
2897,4.205504965484286,43.72199927001915,0.0915730559093117,0.04650106392536679
2244,9.066292805215658,0.054577051147847166,2.199456608862403,0.43913442752237697
18,23.78984074973005,26.51178463629456,2.0625598826279576,0.34686197950218467
641,32.6782576340551,10.732377438509905,0.9164011864240318,0.5553241695128591
3083,7.293456347694804,4.7096228541568586,0.4636278467630281,0.711928437115068
329,9.261166541546896,26.598550853219606,1.6888341076211775,0.04000681357380298
865,10.22231835328315,37.3413253074547,0.19690225908909814,0.4962171097028154
773,11.935040234948923,20.613626123718987,1.0593868888470213,0.8619718941819796
4487,11.327692426314561,33.50537246722175,0.21465580385007788,0.45516658614032834
4732,19.757455424881837,24.485962692047497,1.494774188321907,0.5212422109507744
2354,32.68948254183614,21.8542932979713,0.06802095952407494,0.486791840716676
3338,21.90158915672348,14.512832021793031,1.573095939085779,0.38979291848341036
3518,38.79869543749441,19.129675725050227,1.6830139332234915,0.11011952392337243
2942,35.96342529743074,17.489781539721395,1.2178611865628777,0.12635621568252664
2567,6.326345702453784,32.309359200744076,0.43751832324402967,0.17908924173769336
1674,2.4420811660371964,5.800925563956977,0.2534848465680181,0.7925646408976549
2683,43.89707819998031,4.631818434390301,0.7832308703425082,0.2753323005617132
3380,3.991553328143671,33.00064971042302,1.163016699000031,0.9481237817754107
739,7.416959035985654,27.314903493944037,1.6055207921121113,0.810170166536629
1545,1.106663777905903,21.51000483713288,0.0031253187962490547,0.6845406681986812
4564,31.41681826493269,7.622144220395177,1.777659798088408,0.7203936293957401
2259,29.118528157917428,20.551355593465576,1.7817798303131913,0.04763220867835116
1135,49.34518332176278,39.48658816600058,1.1113445162312496,0.5683893669865452
873,44.3466198158586,44.48106178946285,0.8585161143698794,0.9410569099217297
4555,20.542158874045484,35.12882849821101,2.1057714116758968,0.039110183392508935
2300,18.57929204562675,2.995608794044041,1.96146870507807,0.29101651851354016
751,14.842601713999255,33.520488830055925,2.45819022129431,0.051511492133935355
853,7.6203460018940685,12.049279477314728,0.9298270133473802,0.5697415778661655
3732,6.904182830100453,15.762562151320253,2.267081512142746,0.11620062717052904
2283,6.614185400480271,9.793660397999226,0.2185047147323807,0.47925015622439915
1329,5.705737859338927,38.78778953101023,1.0286651656271306,0.7199494367875447
477,12.025602120276845,32.43010613186395,1.1634352968716475,0.16443853493546756
2726,15.333431515655821,30.591752729959044,1.1021857905086454,0.7553644370782708
3091,48.07894855194579,33.398630483463805,1.5627454710778093,0.0602044619498987
4230,28.923662550094285,11.83861307019517,0.4255195970954223,0.1496244802569967
4505,49.37978872566405,22.23222071626808,2.16613042931563,0.2801103631822235
1269,18.623347391283662,31.662686077449457,1.3794100463490984,0.7960990674120872
4181,22.88133162947205,31.829701380915022,2.260523870033161,0.8501368891234009
2603,16.228932958263957,39.59259313775652,0.006579110053711867,0.2203798143662371
1469,9.144382544827634,14.355198334405529,1.574970283982491,0.09578382552549614
377,7.158235388878959,38.51680608484112,1.0311446171370822,0.8479537823472516
1680,47.25395989039159,22.009224030846784,1.2627476543736438,0.649367437522107
241,49.34053408993779,33.50863460294674,1.8595112769507134,0.15785543639868138
919,2.2454748254365775,22.785969003264338,0.567879370841724,0.5577167851507525
69,7.517293736588327,47.430508489547165,0.5122485880359701,0.872371432885535
3924,21.17620461505113,8.965113237082223,1.7575195443428577,0.069514942051763
2086,9.316673817220366,33.75025442911785,1.3034143973604504,0.08372123364828021
2007,18.194019681344166,28.826750038407944,0.584097745154226,0.2736077606625681
800,6.454817492981668,8.63655204738723,1.2100465866735386,0.6522623255986566
2779,22.82558783608951,3.3003167905833966,1.148896014442899,0.17800850947059854
4920,13.584730808462965,39.95721944858318,1.728611068538279,0.8163672043171644
755,17.595252787933042,7.872566682313259,0.006652759048198509,0.7504301767949602
1995,4.71563257313738,9.325334139288799,1.4669006644287075,0.5610048536279805
1321,21.406402535507084,48.92171119945197,1.5141953762806888,0.1160677043703432
2330,49.16288054807849,35.863042573831535,1.8637753429697996,0.9882198283121978
109,16.441652344059516,12.524342080061125,2.2230761650886226,0.4900336295628249
1016,43.82146374212175,29.547448007580062,1.100474492779222,0.4520731478672796
3865,42.15995708118426,26.705591920125666,0.856300560772211,0.9955690796673157
24,47.60292091486053,42.223663375692375,0.2558009437782158,0.863868263471336
4938,39.505475613354726,36.46603739163122,0.8420896122330825,0.45636773403148134
2838,32.979841352940745,41.58605627465929,0.17121166111101926,0.4188029859362721
737,42.82922221137288,10.575329398868123,2.007050513353637,0.09590938256698611
179,3.782234032867482,32.01096021835026,2.0175153696145913,0.9265117463890796
231,23.14153285994039,2.012042920919016,1.0430941432369454,0.843774847719198
1917,49.46281193075294,3.4470306139610054,0.6491030846912271,0.3100024928799109
342,38.48000756473661,35.676351635229864,0.29505018863067944,0.7533212875687773
4572,48.10376890186115,1.2210051321965676,2.128092915054616,0.7627294262739243
2623,38.981717806673956,28.98825044502546,2.193738195963513,0.22791071722661493
454,43.74409837210721,42.0202549222265,0.6657240364745352,0.6136554699386831
4384,35.32648161515955,18.99709042090143,1.5544013711694091,0.25502880341221135
4625,38.025100220861994,2.2420218419956397,0.6466341619759717,0.7898860519359115
2276,26.158900491975036,35.692372481436344,0.562816567858947,0.15380970248291403
595,46.21188504070665,46.48432262320754,0.05302012657853822,0.6689059986872773
3874,41.25194553116808,35.85856960291339,1.4428985439651563,0.32601171165176124
4530,42.19424828328161,28.922362150138763,0.374853857963893,0.036182057535268486
4977,33.650455048152615,11.501441493953003,0.030927957167329878,0.12370464421089311
4497,15.22899735436245,0.7687812022248497,0.26212791084204323,0.654899138183594
2669,1.7814897695069665,34.73360542395266,0.7844229789695345,0.23991430322198237
2135,46.782756470477224,11.551308792214648,1.672907975279279,0.6310353725846716
3964,29.306017440274847,42.908133859117875,0.5065576333303129,0.41482216600128696
1565,14.907148557407012,23.318205941630566,2.2189764063291797,0.6927134638762467
308,7.45675539237689,26.53177911862281,0.721221025957375,0.4929486221854801
342,41.47615827503773,37.696827213318336,0.8280657235591249,0.308547097161171
435,41.82600972237894,38.97153039016716,0.5449429498799432,0.14581917985760184
176,40.72539840652657,32.13254165402841,0.6345133426795959,0.3410982524212802
138,32.25413459833931,46.92159077063715,0.18533778638285453,0.6348940779267531
193,18.300769379593795,49.11492181602097,0.7369264467904737,0.7404735051974354
3257,15.20351423901285,47.34427221873084,2.149043649001557,0.16033967483999056
3235,0.42773850590850926,41.20895926719717,1.7210613534890333,0.6642724088881171
942,41.680377934412014,35.281261012212575,2.188170509664041,0.1792795096515123
4620,4.371634874682123,33.16629289408338,0.2621475359483916,0.22181934348998344
3879,31.53774990203838,5.187508846026695,1.1390415771053977,0.531317240280015
3113,25.20374734200442,13.574217340955624,0.5731371824502876,0.28920230197607477
2962,26.33446794631756,0.2844111764688517,1.80303897639037,0.6615954412364865
4836,46.335642265388664,6.8704935116995935,2.425594561814726,0.9557766242415383
4957,1.5807505635621055,21.961473858459417,2.03839869762572,0.14889220133739423
953,38.669611231438616,7.326827539453667,0.08819541687751592,0.5705108323094167
1302,2.6026199183653564,45.083170733837896,0.7916492366105854,0.9232991826731928
3381,1.90768029676886,40.2849592667641,0.07144922612630888,0.17652897665161238
2880,21.490884907069095,3.5805956044759113,0.10041741732746384,0.36685090338485815
2187,3.153758717148336,12.445685773363302,0.1987882604110347,0.12361683498978715
4887,39.457197564645604,40.95359423057544,0.6908173224264047,0.6420377183139484
545,26.47815468241686,40.15230632799368,0.7605069190953279,0.6691429276947012
1927,1.4519391329887221,47.27252750588944,1.0011337830872205,0.6641823194356371
4152,2.0250343240959756,49.877388080868016,1.0123277361657403,0.5421270483633454
4,30.63342648697397,48.813503162056094,1.9285225296079525,0.7462608677977721
3481,40.30559088292024,20.506899286072073,0.35350810894724943,0.03587729637997972
3253,21.889976563738678,12.516422190101611,0.3943515395106442,0.9575134874453062
1362,27.72903357678122,37.920509521353125,1.566472629180585,0.22209620792935347
1820,39.99147270249508,14.96364463720154,1.4293553804812418,0.1215619686917434
2663,30.52530870209096,40.320018006566485,0.38501176370528106,0.9411360429419315
2938,11.238011882940974,26.69773651989622,2.1306610671347976,0.8304369163615832
1273,30.65260129347393,39.69636376174769,0.8226485352530186,0.7648704192916801
3326,31.41397295326068,13.793993985850522,0.9174183713612155,0.10474570893898161
3659,36.705349044056334,25.401365777691044,1.0511502020864714,0.8075292136761658
2945,31.043709377840063,28.201189680109103,0.8067546768473394,0.6090235230097827
3018,48.4621065229019,47.155403386006604,1.393637630681566,0.731908611011845
1131,9.864415435853424,13.329878841520864,0.9716193078954962,0.9780702798183925
4763,47.55453397835382,46.83441196424473,0.648586814863219,0.19444117711800024
2636,26.91697451750081,40.24294577328579,2.261187169276936,0.5043819608185302
3029,33.5978070247456,36.54470270433477,0.7708768503503869,0.753351946459115
3019,4.9730798726094925,39.34351345925626,1.7462223136720547,0.4336563507716983
4377,19.02879706890535,30.27125229400285,0.8680669258922404,0.05465308291820847
3159,38.468957323158634,12.204000523124293,1.0880499671936796,0.11143889887552116
253,35.345550754949514,9.474748441992636,0.5898588085033291,0.6020919725456227
328,2.006969408270509,43.31707179251952,1.8808240484681353,0.28500414639075655
2591,27.32971317486223,36.25697012979166,1.8430081285656328,0.13784064730259338
2830,4.413909648420472,10.660214138047452,0.05559986452025045,0.33989199752458243
3044,49.792821458908115,30.754668293720076,0.15048510075322957,0.2009809320447855
1420,44.864829426664734,22.37732407071119,2.305941136862349,0.023939466574774415
3401,1.0540330214268478,7.932758498154696,2.222067118094627,0.1518139885671661
2892,42.93247894513154,26.592855467858218,1.2652179819463258,0.8830779609176725
654,45.97148002792038,14.075954623320863,1.2333934788958412,0.012037282502716073
759,17.677411128172754,4.812206207878578,2.0310604359594815,0.7738503035940957
1798,35.975082752388296,23.34791492727054,0.3461253672121975,0.7534611058715835
2971,22.105187310388946,29.50542760467809,1.6342478033648977,0.5642376883589892
4511,32.761624228817205,2.3453205190575255,1.189957486218149,0.20844776570837065
3426,17.015870214909572,20.10463747054984,1.8583275732890572,0.8780592243002316
254,16.127961831663416,12.883095991834265,0.07525697827997613,0.4750755687939432
3823,21.221694442878952,1.5325295353616208,1.4818138743098463,0.17320622904773542
1876,7.278387932625058,6.28312748057529,1.391820538038894,0.42902259248922614
2757,41.55694822176913,6.951707940918878,2.1021208239729634,0.19491722774425269
2624,17.434894768081833,9.143712405898558,1.6920907438875696,0.3760078411299246
4995,20.00747769529226,40.16887857189606,2.2004008959890937,0.4966877710101203
4121,44.70273063510723,21.97459332390696,2.218183304106397,0.3599008897020499
3004,24.83119070315857,7.354299613519344,1.0204100022492946,0.657044274072701
4516,27.212695467543146,5.014848346394462,0.3435853343795328,0.9359178040884384
3734,47.82490623885492,14.897022936451954,1.57570913955547,0.3481493476469635
1244,44.33631915724946,39.90077593522262,2.184365246021276,0.3557395138364857
1008,8.473335444421975,18.222992396982175,0.18738336048690185,0.7383024706022654
4314,23.660751495905252,7.9948680146969044,1.3948081827116603,0.5305909315210847
1510,48.564811371427275,20.205809077307997,0.28749881664955984,0.4288394396207411
1959,18.618314911430133,27.765577864352874,0.06748997938800488,0.8138081884565026
2508,18.578655425810002,1.4792091819006925,1.6990883848520837,0.8910360671914113
4758,9.751511589457717,31.382090072008655,1.7046240296804096,0.5905866060471836
2682,5.716155705956261,19.755037650739464,1.501645112490905,0.1851032727555061
989,37.01523953779909,0.4862937565597192,2.148057009754493,0.46628588900197787
4284,38.501523435075825,33.69446994731904,0.2021910994836959,0.5043706621481342
254,48.45064817514999,35.61938177813241,0.2631506542468984,0.43220735711085945
4163,38.67091054526815,31.441989427934143,2.161338594948618,0.2624318788653843
4711,12.167624701679935,17.096510879921112,1.2581917997156578,0.47232180772385446
4969,2.0058289144257726,26.480242703298057,0.682632022095593,0.44654615209768966
4452,49.27186921848301,19.35788530667177,1.8453924449632184,0.20949352395193865
255,17.022534777180287,35.031086507984725,2.236009306511005,0.903430652336065
1007,15.598577121621037,29.179009311684435,1.7240082155074055,0.885340950847468
1755,45.29776048746913,4.089955691372488,1.9798314916961226,0.7596164284505897
2571,29.254994927249307,32.15467791094987,0.7062431004879812,0.40094657761228136
3908,10.743558692456729,34.361920716890076,0.7219383985263561,0.3703419078921356
2997,44.45481213581198,18.53510903073497,2.160309700886581,0.7164653773959645
2803,49.668042752737165,43.78928904798522,1.5371571216380384,0.6081192350030689
3765,4.333928057541536,42.15071774224813,0.5854068791843412,0.6005983239467578
4379,43.11258141512436,8.758326194986893,1.3104045386555305,0.12411152749485665
3383,19.5257848842197,45.21331542429343,1.7146511786806231,0.6182837802954484
98,26.203622325335218,22.043618574753875,0.54637270312697,0.9018630111233658
196,45.74079878824904,36.187482631714666,1.63726602051934,0.08581647067043341
2529,48.66895978875586,40.7048503483618,0.10536212454441946,0.33917129907078736
877,13.108195520439969,25.255621053484496,0.759229057510403,0.5090142914470723
1868,10.64253854799569,19.955096968540786,1.6849295293152868,0.686009494831487
2665,4.025827929575593,45.772568430754916,0.3733726637247539,0.08963492955625119
1388,28.0898926331069,11.54267764677116,0.5554975766062473,0.8728061932888442
2415,0.6802197725334136,12.848503885957225,2.1977332258959734,0.04054562040815146
569,20.59491488049683,18.081015700671855,1.6858027485790212,0.8576896668072426
2637,3.6692008326004277,42.97328889852828,1.2472967756416844,0.027651755865255145
1065,20.261289146466698,46.9394132106538,0.5272334803186307,0.15352330432735573
421,1.9966094632804632,11.003385737743093,0.8535241414556451,0.8003238271536735
2883,41.76086303043844,43.19350738156227,1.435826245718398,0.8601644372037783
1204,10.486949696928294,12.910147973428465,0.3882814847616711,0.9822658292862256
544,16.4154355178956,48.5320623374944,1.2043601997454723,0.11571482834367519
4166,43.5023998303196,29.870394599079113,1.022435985345056,0.5264511160906317
3639,37.31330306661025,0.3543233723691197,1.1917183535690457,0.07715582653969055
1223,10.951918082102925,1.7064952035588943,0.26390205320074855,0.1564076259638496
3172,3.5949709328748023,7.374226540235424,0.26624271761257146,0.1744938579063633
767,35.78368884276698,9.378657890937836,2.410277381865803,0.06338825145908544
3657,19.535127534405465,38.38095614132983,2.4484193343119216,0.8929798059283371
654,38.30399995591106,11.138293820847494,1.0654116447795456,0.12635551801435985
2446,22.26473861876052,48.45708100249299,1.9724886341270933,0.6293408430123237
220,17.30012064861382,31.805602860146916,1.6394785673076924,0.6257470645631413
3666,22.560270410619825,34.625875462675886,0.2922921365459724,0.19864520536621222
4277,37.427949283533835,10.890825964260376,0.7416966433367445,0.9984112612357812
4402,45.11101432701871,44.635315704754234,0.7841285216113012,0.3473677731958863
2569,2.4883598294287768,33.39072864099657,1.4894360871480596,0.9050943709633946
1013,26.205577061347757,43.220281217093195,1.449941780786175,0.9482847322537451
2051,1.64177145419388,47.82405486156135,2.3087717342568888,0.9489888142996964
3985,23.420477251217935,6.282048855479822,1.975090784940685,0.7528375876017228
4943,44.26414145484502,4.829361513447283,2.142119161507434,0.253805005311983
4899,18.079513321015483,40.17039132948179,2.2280715340275234,0.120655351810258
4310,46.62252105403216,43.306302954708514,2.003191681387451,0.5698849771542218
3019,31.53042358253047,29.18807104389928,0.8322031526427692,0.36003913109701047
3681,46.70776718965032,18.30002738752603,0.5375324283362501,0.8310390118192245
1443,37.85833127062598,32.63148180376119,1.4294183450526174,0.7449900526167516
4196,5.171758332438115,15.283203629622866,1.7239207911332968,0.2764682961734116
3010,11.557568378133853,11.919284607673408,0.9664199224079145,0.017015233689728793
572,19.70852272917531,24.407260476363273,2.120846624911276,0.23731575895091195
1332,8.505344100603802,10.807691380318985,2.4014164820449584,0.5671155842422665
4753,24.745580238833025,24.185180415758644,1.42348931534338,0.07899747221259412
4002,23.56840778507453,47.830325273178595,1.1414801555405458,0.6582725997166149
3134,47.81295990136906,41.98920178086952,2.1072177923562947,0.6716962847722998
4086,21.686394144798886,47.08154597500111,0.06067386747346665,0.16939392235987905
225,39.28134021439989,40.316448742367925,0.32253153958562014,0.5963182340854308
4200,47.09552724257399,17.737546797313836,2.1141441475156695,0.6069714279612337
1997,43.849441548699275,40.602261927577956,1.8300714641199811,0.477978146354054
771,10.433381225579591,46.1457871776607,1.040341745510815,0.9532458075288741
4524,24.801494712677215,47.35178939185272,2.2221296443110123,0.10816318029849958
433,17.386989114796286,34.159892534249856,0.8786457191134678,0.40662566870291994
3099,19.992934756860777,10.568332190755658,1.5846133946672936,0.882920772253161
2729,18.040341312287563,1.9864576682345425,1.5858361758147899,0.38631401745960936
3407,41.317960508750204,7.3600114080077885,0.46082973153559054,0.42463960900533493
3140,22.60695275612237,48.27734589469727,0.712129340410145,0.6682738804369527
865,26.18471661223441,23.104841209638472,2.2900173067402143,0.6655635495795819
2793,49.12236785235373,42.74930074160287,0.4585371344835426,0.022901958438765413
2911,2.998963609575822,23.252207677914555,0.4339365546190613,0.45569742611295383
2415,24.39788198953744,33.04087917299197,1.1990386843346852,0.33351184469840944
250,38.7030853473058,1.2070388561166823,0.23049342059460243,0.6276952471467862
4951,7.558097909411327,12.493247135968339,2.2365654724609336,0.5557023156952715
3757,30.576579730738697,21.81346400212946,0.2503728457811777,0.6508616271136978
4656,11.973238976723339,31.531552357708158,1.5413936921019862,0.653767386506004
918,43.370205661228376,8.576059402658926,0.8494546411132953,0.2548718613076336
1173,16.354983270003963,38.2275732135245,2.0106822136775846,0.24646476456918487
3203,16.45314084504548,18.220235306811865,1.4745268644188463,0.3702823950231532
432,29.909693925894675,40.87176346169422,0.9707653526985954,0.241958460536694
835,9.178145405995435,4.898454519753365,2.4596824613620267,0.6828080778186669
2246,14.244431945153051,33.9878293841186,0.16557747116382665,0.6028659752244591
2262,20.831592505970576,14.66641666032551,1.4444657580766918,0.21638700664205013
897,17.68189315700552,39.769158706130895,2.473920778860112,0.8841048087996912
3632,26.24386090027912,20.10852135212053,1.7273816080325428,0.46066261507113504
4567,29.982007203448312,33.267481613178326,1.8494240791054826,0.12705322329166635
3815,28.33337268750823,46.71526343182367,0.0802278614487148,0.21296558809158206
246,32.70841559959661,1.0313316006882178,0.053407907742406,0.5398505631303454
2429,15.387475830391011,0.5558391167186816,0.09027527995548207,0.33842401645559494
990,6.321311357751402,38.51396260883567,2.47930975544058,0.8512219365944683
3310,38.040377071553856,32.31965257540391,2.4487994018521286,0.49473540740217015
926,42.5390191315341,14.648986025221634,0.8362723144106545,0.9152948004344037
3438,12.850311611121612,24.71983513871312,0.7274545406645722,0.10182648093835478
2607,20.354597807900987,2.096783279943437,0.36489686379461067,0.6685931329947581
1074,24.928460848177764,9.622280268062038,0.822850747911896,0.885784852352689
4022,26.66634213764682,21.224818726358375,0.9253748263681758,0.2929304755572203
3799,32.974508554382595,41.70222081107411,1.870707041897584,0.13568759631528804
4784,2.0801616677660673,23.98335914300424,2.165733882299337,0.45664473797819805
3151,36.07385413670085,29.318125226298935,1.8668377993534702,0.9613342263276173
3438,3.0985503489705133,43.68768959968902,1.6161877527389312,0.6334619255033205
4573,23.414428383643394,15.440945679442263,1.9147501952219947,0.6439769710302393
3491,41.383556778459706,35.03496605510279,1.8462436978795131,0.6715012545305886
706,22.560765663919813,43.08336293391267,1.189374234325987,0.03976137559379089
3064,7.4544874384123885,10.130785034808836,0.8396285061533946,0.44564980132439247
753,49.251692250297985,17.823908257391626,0.7069517921939988,0.07757201044170958
587,44.46427310371316,48.990508694467756,1.6983886487819542,0.31585882937195375
1334,38.5656816612507,49.16092823981055,2.398260311113063,0.8215990243368775
1847,20.57558014496052,11.161496514696895,1.4526367973390752,0.6562699497270292
3934,9.19228634446489,3.322291944631406,2.281316256180665,0.9955726987353151
3926,47.070559070925064,13.546080565502644,0.0355734274323688,0.17215442437267692
3317,26.61755632585695,19.886597865184363,1.9861766168400143,0.39705423618542324
4020,42.617773019374255,22.050280046558186,2.134006644900199,0.8096402163229345
3155,17.10475028797129,30.940315366521183,1.5774845948592395,0.2156916023934241
4302,16.76441585397353,44.97513800657732,2.335152498404324,0.153721846329125
2198,49.277024033701956,16.517400595358122,1.4747824822032491,0.42761255699382605
164,26.091652424742488,42.49922677496043,0.6013422563168733,0.3837264901575015
1998,7.034771193037315,4.673946046331345,0.5392930736204857,0.9802059409033516
3057,10.98373389973537,2.093734948660736,1.389590666731788,0.4562515290266508
2084,24.097213969636037,25.202259156173064,2.2662098262405275,0.8609463431027535
4428,2.123545524420567,2.9831111665302448,0.18091986438769248,0.8879655192338897
402,23.126699268915026,19.62449006171151,1.5109762805272775,0.15787171409440925
413,20.947042104006382,44.83890584346172,1.9245086824550615,0.7153048012484546
44,38.966813265974345,12.074151810373667,0.28850517405892284,0.27760713921140334
4157,17.74709822446209,35.29878875624516,0.2919242267800323,0.09473896826262951
2467,49.12743807697997,15.118269619503344,0.9153199916739702,0.8747049111015869
867,9.038495965045158,2.24600276210678,0.6847029338742922,0.29243304096335143
18,29.549334248406744,27.83452907051547,0.4957853972342244,0.3453656701908101
364,4.484964850412732,41.74267452683759,0.49673543402836307,0.32398903651933997
3832,36.6931991996991,20.47342241713097,0.32667258106208963,0.20029542295336988
579,49.73768440309858,30.864691322904353,1.527135032704881,0.43450338202862404
545,40.95693188758161,45.00117988288629,1.7203140089602176,0.4282928208024397
4150,27.785177036015064,39.48472563684939,1.7573405671976114,0.40875162571118295
4873,24.237067869984603,9.693819969640966,1.3308849403465153,0.9162977471565793
3039,41.751498063342346,36.66919796825029,2.3822656741639165,0.3397516286958113
4137,46.79870423553621,25.094651258007598,2.2013319439751644,0.030378908344156685
4044,49.46032628990465,37.29834039430423,2.3940778566657,0.1784370062407763
4326,19.826961378224205,24.72577752611091,0.9719886953179449,0.7214970765734737
452,49.545873739725614,6.397908205415143,2.1944578998875617,0.5908586063145111
3961,7.796312608691575,28.495472334461958,1.9071867485172094,0.9517348037411856
1381,12.67748879659546,24.606699619866994,0.8499322575850327,0.6944351071908832
1467,4.45080623669481,25.896086682072088,0.26648314626054825,0.19424167339871135
2738,13.586925824224084,43.945122682293515,1.7065531247420194,0.12064421862730312
1216,38.39687758090056,44.74185233531257,0.3411308103047009,0.5207597753144768
880,42.64621790892249,22.676855338285918,0.7344395175027801,0.6652627361423423
3814,38.94463225512859,22.78660206400442,1.2509114411094682,0.1656367379685364
3149,31.553288908384815,25.7593479436308,1.6997063378711827,0.6016930103827183
84,25.69832562613228,25.97946391671285,2.3155691429932626,0.8650286839296575
4144,35.435214460682324,47.51935720895563,1.4831001121224916,0.7275689280930444
1168,19.54167746336109,32.47002336887467,1.678532749180237,0.6641910808818076
4164,42.06541757498509,13.872849744397197,0.7750346253774452,0.7893310545099245
3129,33.859504698839274,26.576839847699496,1.7182315410713471,0.10408270905373096
3645,34.890234924720424,31.36117914539914,1.0944753018251863,0.20383145581119444
2526,26.79679965645356,31.988586050698224,2.1423279572094343,0.038099497025789075
2867,44.26144921055863,29.262711311909133,0.9811262847536859,0.1449779454267568
3516,12.600736683952624,8.886807731076868,1.1706800541413922,0.9131823426695265
3367,19.057382668052536,1.679659453975374,1.0814693922756446,0.2221449279173131
2194,38.88212848388445,16.89215261834272,2.0278070857684627,0.6620972163458629
3555,24.637444806466885,21.376107728012677,2.3842479925297635,0.6915672491353784
445,44.460700671209544,3.09021197880433,0.818190752458185,0.6453254594195881
3626,17.319965988142616,40.74836690099231,1.187569751905192,0.5539210487358633
4016,18.46650844098224,17.203871875513688,1.7648156667330892,0.48613034744681183
3875,44.436789469331266,45.68163730892523,2.2384540550868275,0.41992084178084166
3337,23.218516009102053,7.7205053921132585,1.2342517421150516,0.9168986966182847
261,25.806229210124336,2.8467478468656715,0.2722337705668182,0.0095143608771453
1848,16.63818576678397,24.115805219316087,0.9216784587533039,0.053489626026915316
4992,13.833497108954095,9.456466841285332,1.3759047136002824,0.4925124655026485
4025,32.7974355419196,46.86996377889306,1.0438115149150815,0.33051008180419306
2266,5.992033077060194,0.5151699226869477,0.4663893169701752,0.40823021310325314
91,43.96363205914546,20.63098375295175,0.09247373835804373,0.9978485195589413
4222,38.96015683825539,46.337388567258415,1.7185216651997373,0.7751346991962201
4175,9.53741318529014,19.220910336488416,2.4818429769428563,0.877407955988225
3309,34.70099729122827,4.655464030023038,2.298016584741543,0.3685745642456141
982,30.131646064281743,15.144747143089354,1.7081772771520338,0.23956044000617682
3443,9.226752536832205,24.900519691721673,2.103824521291073,0.7679904683224461
2533,13.660175302511623,9.257584367166654,0.639319046167983,0.8075760942571126
693,20.44932518669172,23.328085257163096,1.556086090196116,0.5498984459741876
4120,34.962136762273694,41.81715978929187,0.15151053849741358,0.8959415146473043
155,31.936170440850297,43.63089850983065,1.7679598182811442,0.9673252567953258
3588,26.611742383834898,2.4630367355366056,2.4246808475606714,0.4710206784313101
1812,38.42052715570171,8.045167902628675,2.151993268044648,0.22266666778073219
4114,37.896886980308295,13.764506788340208,1.3361021869290934,0.5171131070513137
1407,30.892957703112796,29.74329254438009,1.9718505482819415,0.9895332236756368
1216,39.349504169241264,18.049737939623355,2.3597470248704115,0.29292685968307997
1410,16.71316873896046,42.202045672303775,0.5400439448480385,0.617599323732801
3497,44.06247641613028,35.83359341414688,1.9831462824434452,0.6939836640699472
4372,30.74550429009704,5.022801155675411,0.6746173949221335,0.213928794345277
4840,41.11817569062153,31.22787512560456,2.1923685548491663,0.5884591228221657
551,27.313955239514197,5.650631267348921,0.2458862642253637,0.3145070059691154
3394,10.921912249434019,12.751783481823004,0.44554604717460367,0.8542096090867421
1176,27.12050643391543,8.893531676711403,1.8015411586795045,0.7147535707060442
4734,18.555583188829406,8.653097460035248,0.43694375965812243,0.8262664274789908
4332,34.87495180185473,30.819776238842962,0.3951357547576109,0.19968239459195536
997,23.789689586736788,28.180246127708074,1.38866719349718,0.03457470568556764
4076,41.805640246384385,8.801407639386344,2.087468094272677,0.8505256848098749
2731,33.90362561609584,49.50864027092159,0.6711685631865727,0.38675420041642994
3937,34.2272216515662,21.09183661841469,2.1028454567637125,0.17972241191214866
4052,10.857766674553249,4.853466407746831,2.0198834913649364,0.09189536526730491
372,49.21248832456452,6.028450847755757,1.4477635023983386,0.5165008060570913
2248,42.083760463574436,29.194685686329734,1.6164068842181754,0.15012795261194578
848,39.450244228034734,48.95347016917364,0.10110296652977052,0.5666920244412568
2556,16.510761258001374,28.597555080959893,0.9178388957592831,0.7273065425127446
2322,26.781582642361595,47.45207383083186,0.6584873277958814,0.5350581715162521
503,6.855159403716432,22.206642537901338,0.375009651818681,0.903699782688481
3189,26.923798833135297,21.7920551826006,0.9741483228924539,0.1555696243356378
702,7.294462324164364,25.000367965794112,0.8872604908685822,0.493953473250499
3625,27.65189219948006,34.871272907777765,1.8222291953243175,0.16319045938663224
314,32.43609400774528,18.380798322566633,1.4952408511918833,0.8759019264465465
2376,19.50979836249512,43.19430163394785,2.2827501720050485,0.9322392763511381
1040,24.927243916564663,1.4640692384073117,0.36351895763959724,0.39999588164284783
4378,43.78266938372929,21.988209751422115,0.14937151330881498,0.30574825784867465
2990,5.4281572351404686,25.549592498995892,1.3365194687278217,0.27931609542924873
257,39.586644649982645,30.35161191315481,0.0025678465269626805,0.8597273459907343
574,8.537727549809821,13.803595618293162,1.969297357837414,0.6824419246266452
4669,1.8353991402314196,21.373998549291766,1.2649322217125236,0.8805930546538343
1552,9.278730137252388,24.22688751070283,1.220163940144734,0.11751682948378306
4518,38.252159498524485,34.34549893416066,0.906239946810436,0.47602792786407
757,20.256303666843,38.6772092367907,0.9374345903719064,0.6761790944650958
2810,43.6260258423091,36.89136636718936,1.0778341956266395,0.897090760752795
1104,26.23537705911329,17.079152614479266,0.04008086106507547,0.38201921391298865
4524,1.112517596316548,49.97252614959818,0.20886446804051162,0.3130900727102779
3459,35.835680480096336,42.43326558935897,1.2626200500280926,0.9129657091858457
3992,5.511645436061635,13.001168657248446,0.37530566304951024,0.04753326983016248
203,39.46898167309622,9.755290283641378,1.9469065208674954,0.4795954898555801
2775,8.405127490259002,15.701062529169524,0.6862129350113144,0.45862656060658313
2332,17.27231929027567,22.617242649982245,0.24474909337331013,0.14605641389081214
1992,38.06357148126801,42.539968915980694,0.5880248147586244,0.3949501111813781
2243,47.71156787382108,38.918113189726725,0.8927455753894703,0.7225997399834834
306,18.571697532336618,42.5623061752938,0.08829152148720903,0.36686844455425394
1687,41.47001100994679,13.597855745516425,0.35418881096582255,0.3096604796097795
4109,9.539613273791936,29.67306112259181,0.8096168861937991,0.7818954979063462
1860,40.358988510124554,14.162453113868722,0.7762011845244101,0.9887154110274019
1961,32.87470296281255,5.451158035974657,2.0009667413995977,0.7793523739302797
722,9.637175360618421,34.20988717373403,2.108138688281633,0.8463432881590819
779,15.125198017570579,7.149877559771939,0.48354649785887494,0.939500749812513
528,6.5885444298518,33.384888085323574,0.30984970978211845,0.8017724660760315
4893,19.148350553215664,32.39821524527046,1.5854062108035458,0.980354289816708
343,10.18243205616387,40.51242222120085,2.0115588892385787,0.7472842547570616
3786,32.19989768152367,6.97773022817822,2.409307743060329,0.6615225511672419
3682,49.725255211027935,39.17400742544054,0.0169907118662857,0.6933485492496247
208,0.600458154213207,49.963826297311854,1.0341952835670112,0.900081826774984
4736,27.045990664364933,42.55212242929511,1.834969585235964,0.6830081508617984
3406,28.683329877450486,37.590603816383314,2.0713982471858863,0.7612051709476738
1311,45.71043948404059,33.10826773473538,0.15571487170774445,0.21600993369706023
2299,25.300266738346878,21.08907423427147,1.7015362986603182,0.9126496129348101
3336,27.185070982245875,36.52500839458011,0.722346793497425,0.44721324217921077
1947,23.58264006641943,36.20890175702266,0.18649239833281345,0.16106733091280478
919,13.445215228074069,31.574914134364413,1.2227564543866682,0.7997871914274612
2044,2.801456662445684,39.813918914891424,0.39538335801036495,0.35639301763297415
418,20.432884110491806,22.438194421341734,1.842518795154212,0.18411914296162124
1749,2.6295735620339267,6.062635606619532,1.8531544992486337,0.25625115917059504
2842,27.52462347329589,27.95338638046187,2.105169412468774,0.03494898039047023
1099,15.364682162114656,13.252176435567131,0.9439217128693805,0.090622982893385
3392,26.68012007627139,19.22165487145751,0.03327449307660907,0.5926247353861251
2772,6.714848219759334,0.8707451970613012,0.6493398459361993,0.8662178280944557
2480,46.63149828696798,19.13952939589417,1.1695292488131923,0.44853041339882616
1545,44.72606217749674,40.440055306772734,1.7350281985401261,0.6260581422997227
1070,9.499825460114225,27.136118346912742,0.9551014642168534,0.8097331012292842
1850,17.172214164700495,0.49002634669855216,1.3401209901678452,0.35676891045806935
4198,30.67463859259898,23.492191011992364,1.3106589686392922,0.6543140703513343
2939,4.784310365295314,14.572582382270372,0.41245587339579143,0.350432425790954
1903,17.728391055807542,23.877532769858554,1.5576237502000319,0.6427153547720692
678,12.555614340950305,20.23463607239385,1.0981293205134945,0.217607720139248
988,45.77583643583483,46.598960977869076,2.0197967541312325,0.97783965427042
2475,42.62553181446026,2.0588649481507906,1.7265280203222497,0.07617776855654335
1607,28.99163706334319,34.17940056409661,0.2786729654938866,0.5052328495225576
2869,26.01731684357871,42.55132981508707,1.2218960250914213,0.286296413052077
1502,46.53628972726986,47.96192923252377,1.7562358962354685,0.6008378348160848
1789,46.621389148940764,8.881811327214795,0.21752931451835655,0.42830697991091105
1425,48.46650626758302,26.565240098309694,1.9812425813915788,0.306665587609927
2440,6.268944205409382,2.1794788658605957,0.5550112866109985,0.25003763828293546
2042,8.02789053815851,24.959176222754426,1.2577119886842243,0.18249861419761482
1278,33.83683493399433,6.272904477049096,2.3514032186815905,0.7828793161887624
2594,27.071723830492246,41.89483373493567,1.42833558705571,0.22219993709364605
4689,0.9232952446617981,5.693500130268242,1.0601361292598686,0.7735261963759154
2436,3.098751799475968,25.664418019324764,0.016987318497856674,0.4850386091543447
3803,44.404019112940254,26.05480344963769,0.3335340569351952,0.07222802135619821
2205,43.44353977696932,48.58252489658027,1.446659712744969,0.16544267765373588
1027,17.863546099802257,32.74903470194441,1.2345626016343456,0.8929046441221986
3539,44.552530846526736,14.392014653840096,0.9095729391170784,0.6028158220051297
3483,29.68375371989509,12.039965496906923,2.3080397134852935,0.18433317872168442
2241,40.295282350945094,6.412410282253244,0.831206343564852,0.7037649152008011
2765,21.371553558010714,37.82573620245297,1.3428768911102664,0.82326174442849
1173,5.6699163672454365,34.53783280911693,1.4217835238103251,0.33065314755847486
3230,21.686353132300813,30.493856365405296,1.3186709751598067,0.5565952128107126
3350,22.864989899844897,2.0420221474994174,1.1939634788502482,0.293449970283137
4911,27.54720969203015,38.141443319714725,0.8426593400297702,0.08006171772058623
403,5.2791356452214,32.09437885742396,2.271909082599049,0.3995090777369359
4988,49.570093152480574,48.19444340552442,1.1270081543978618,0.7514320191148862
2725,12.206841040345317,29.360106493840604,1.3211221683651893,0.4586802788882769
3382,9.927620176854646,15.197595333085406,1.6411949595756057,0.4052690080201573
4163,26.340145942796827,19.076027609466014,0.16914010607883667,0.3660071888394212
87,26.86040896974443,8.792035268911624,1.953220353658113,0.4589168226695497
1158,21.991036891662212,36.145709110069255,1.2812682752150888,0.31822895213266544
4273,38.594607316262724,35.38608300108626,1.642942339612417,0.6121841949118747
2857,25.832720036430135,10.032500773883813,1.9300301635342285,0.063565979524695
1381,30.484772757249207,7.92446615911393,2.1852484769105365,0.8073881734473142
4681,36.18731927038928,3.85024666010973,0.9805510423823274,0.17316694715333758
2064,1.2512550781933307,45.59878718408793,2.0285747317056377,0.6334447282887445
2374,28.53220912725224,11.653491684742557,0.6470922389147543,0.44988252305224075
317,44.209723561418464,17.208176337590196,1.6508391273934158,0.7734935468788069
1502,0.8694371462716954,14.025225418874532,0.2567682516990985,0.8261399868210566
2042,20.259105190048054,20.681230130539554,0.05007616856018804,0.2042003721856671
4598,46.3113725102915,35.702439969124164,0.23940781528159927,0.6771791474377556
2022,17.65772011412689,43.52978168631422,0.7984562164061895,0.18990750676750623
118,22.936441210012042,9.129937476427008,0.07773653456166069,0.12399826083488463
709,49.07706965221564,34.320617187058254,1.5762281804681564,0.9302961014712511
3557,9.96619294752869,17.62810711212426,0.7913613459556621,0.16438907044134288
4140,3.262759456250297,49.02635841486464,1.840940169285745,0.22813193258273334
4409,42.97112954306522,14.945957964203844,0.1147878406740141,0.13032400778796893
3250,43.42326706061843,0.35964780039299815,0.5417539163687455,0.47029188937145583
417,23.60389173400066,25.781998700992258,1.0200085633242464,0.9196073225243904
2603,25.710358723864314,7.536554213796887,0.9566289057351157,0.2640557387122444
3854,41.790318480891806,2.224721340919955,0.3274966820908512,0.5418521307492897
1101,36.92797490578975,34.91346159738543,2.4853420339541428,0.4114587370927649
4421,13.257450110850533,36.61296412542283,0.7110989520845898,0.336009410840477
3428,0.8446677535759228,23.034950655825128,1.8025802116286576,0.5721526912635747
2261,23.985008126677286,33.84427583782886,0.5500667430292955,0.5588929011688109
4169,42.94561630478207,26.911972412356693,2.19462802681521,0.35936660088400063
3634,44.79173383450811,31.490055386096582,0.969395775374231,0.8505632965660417
508,47.81130985380769,29.83519865939806,2.252256222472761,0.05317210774952519
2379,43.978161880639064,33.29113820277962,0.8545872990849277,0.08523839516730791
3164,29.002177764904918,9.981532433658563,0.021609553742283627,0.9907812599667379
687,22.230279961805046,13.43533100183501,1.2925510776961535,0.7476829120511791
4752,38.742492326704955,21.9981574753846,1.3119698403777411,0.8039289034300985
1292,36.99108171827982,22.30640047095932,0.2995854569715889,0.6027010751387972
3905,26.907171504072718,38.72058557934521,0.5874089335482311,0.4198604260264598
3075,4.366368627923456,18.369682961476602,1.9587389774533734,0.6292268787323075
3209,46.30406733934594,8.12525780295912,0.09188956157164807,0.09258470560871301
324,22.780126875083106,12.573298524553794,1.2238167167167016,0.7577691683021629
1993,18.166689095813215,10.73667511921142,1.326020308533907,0.5407430471438495
3976,31.478369758438586,36.5830009628011,1.72178015169031,0.9567318905380923
4812,33.69189805834885,23.516980731299103,0.09364066850033798,0.6374752577076498
2770,10.534395851515072,35.431534898549174,1.4641158177261597,0.1516925371784511
4372,41.84694224049781,20.810984037881347,0.0077450914454579856,0.47755011497804667
2583,14.496854683118892,44.48678012519526,0.6629459182229767,0.05782224921932111
3557,9.334196295715834,49.176015386136726,1.249210638291203,0.7454295592918714
3587,20.31999264272487,33.49212543513058,2.278203343564043,0.5018315215683176
151,36.52800404487326,43.190627861810945,0.31647454001383857,0.3696533697923695
954,48.27290892199017,25.396663358603135,0.4232228225081877,0.9685493816720391
4354,40.46406321857166,46.731042017695394,1.673125160959569,0.9405985189673799
2371,47.017418883509585,41.5793242836414,0.9371542345559971,0.9528319968261196
4964,7.03029020382634,49.588928588301954,1.5585535048071795,0.2209702422169102
1191,3.5588399431838393,31.154686766389027,2.4936354178356677,0.7285695957189922
687,27.88523809533356,38.960337013411426,2.4671791533721352,0.9453821372024561
309,14.514874152201717,27.143406998910674,0.8842839487360534,0.5708702567066337
1502,41.40274864846364,12.956005213571142,1.2598133845620816,0.21416034393317118
3127,33.599393570116305,17.737758556487886,2.261725396573483,0.8178124638822623
4568,48.536408199289724,44.700270736565805,0.2304191560213939,0.8799182473267118
3367,12.73961778656521,2.7973973299310284,1.1307597595921175,0.703235386386514
3395,24.289205717761618,29.573994303720408,0.9439433707911473,0.2935528775355962
813,25.062023871267662,18.624201625205433,0.7372069316524932,0.19069389865445274
845,11.95883974286881,19.334626900277783,2.4855105298058704,0.6242698011967175
1164,29.50466997440039,44.228560320688366,1.8338732349309448,0.48280052480244795
4762,22.164299303961975,42.69111872731133,0.9718674809823049,0.6687827244132721
1767,22.33607779949368,29.942118778623435,2.072554729163548,0.11169966546236598
354,18.13683239862418,13.645942370216696,1.2241652517801422,0.1359135510480638
1872,0.846467621276753,23.772817308101203,2.182061030919647,0.36288955597687156
2024,26.10476184573945,20.4146696894608,0.6659496140764459,0.25876028762887504
2817,16.762391785016558,17.680901460124765,0.5590005684676636,0.6193386310926708
3832,0.06599344921648376,5.1392789278648205,0.618216703118619,0.36754052936218806
4275,15.397185383096602,27.155694335766018,1.346201440312631,0.6839707861478839
65,13.93141665448785,15.091564893724179,0.7282834778878366,0.7687984021056897
4915,19.67240766118179,33.04039714637642,0.36779921036596025,0.18716757021918173
4266,6.592599482169847,15.960196791276537,2.4865697962643303,0.919823835415061
4090,25.384191231754222,21.558174656740086,2.251083068603525,0.7871598402865702
2521,34.6220176259065,2.618018709720377,1.5875310937326992,0.6267808021542753
2581,31.509278452728623,49.626903495273886,2.228857184809865,0.9089288547481374
1390,40.187747378459534,25.38051916375879,2.338656843769547,0.2658687496191996
1130,22.600414399354058,1.2118797082086408,1.690270729664589,0.421713201972018
2486,25.95458651698641,27.061532938057205,1.2966994467282706,0.08578698040060162
834,40.52009704294917,43.51769996528249,2.205004480536693,0.4561818211571078
226,21.385058540961925,38.62760671331013,1.4194924922822738,0.5064007295977209
3515,35.07996749497985,35.0453342064727,0.31700135713468497,0.6160669236600617
4537,21.73011843589959,6.973232729951745,0.9171400011437645,0.06403921308436733
2443,20.886809725578132,32.88685394937362,1.1148023793384425,0.0324660192337024
727,38.01028122645801,38.314918900613016,2.3384225403389887,0.4198901652810969
3686,8.741845773310558,28.62095319827483,1.647963680764556,0.18913331227592522
3622,16.929298597078677,44.63745022601758,2.188193906989727,0.7587883421524628
1036,11.208613837345089,13.84948908924427,1.8939792520998404,0.6687362841352302
1832,17.955497148379855,12.107234986962528,0.7746522163067073,0.32582697438305186
2740,11.5187411183012,43.4784872471323,1.796772482660458,0.045783265163332754
492,28.970281554332733,31.26991214957262,0.48824933980968654,0.18244362384351764
1548,39.90854013089226,0.0723610260499663,1.0203645292936692,0.691679342613111
1143,39.330653060895095,17.656570425552626,2.0152296428898304,0.9901648933369768
3957,18.225048227439622,42.89279929073373,1.5298229047880707,0.3264604050995823
3407,49.438020294713084,1.3659755820871644,2.0635312648815374,0.8019962869653935
639,29.692718235290037,0.16239641307544406,0.6367589558751283,0.8670964915987571
172,19.97001508891474,14.062964526256488,1.8743720810682374,0.048180872158477106
4354,41.77696396207127,45.70000185046389,0.5058109036045912,0.9162215979222146
3959,36.49370063213204,45.07387907350082,1.363260430995018,0.4662027043699545
516,37.46376684120522,25.938097290075397,1.0838364861360783,0.9642422065371677
522,9.80696748669358,27.66184355698113,1.3911896444270175,0.5385558274531159
1917,23.416215368427757,16.60040056585944,0.3388335600706813,0.23514350989864785
2886,43.091406541230135,12.186833101390492,0.9030696887825294,0.9746683074076278
2164,25.201900381437863,40.761092710605915,1.6672595771654342,0.24330491411596689
1929,34.172637171052514,5.3147430249820715,1.3963269852025684,0.8824782275975037
3945,29.396686651713228,24.367718543931787,1.3724243972795491,0.17312849471855007
2209,42.117839385919105,31.719862974854223,1.277075280328136,0.674767572756628
3783,14.22804198808013,5.184014518551461,2.359712275097196,0.411291608886194
2590,28.773763894318243,25.980354773617307,2.3364242448493355,0.972018173151445
4934,6.161733400490199,28.87606439562216,0.9003624319957357,0.18477263113925457
4076,34.51053883497339,37.124803025368244,0.8797375289605119,0.40879467300808103
1093,36.5983919176356,11.741802457376643,1.387246141432653,0.6397763240437412
3880,2.141866059449921,14.666375164537914,0.2390157103480195,0.9776204232754402
2494,33.789548181399255,28.47605733165167,0.7575167519187898,0.3038630766313405
2579,20.734507708289318,49.15632049908071,0.5771689145029318,0.3968710510447775
2488,6.204843805484117,10.874659141005722,0.5584741708410712,0.4617919873223596
2785,20.99537738492338,49.2951913561732,1.5962638147381698,0.2527004912961761
2758,9.711646484779084,35.71712665272406,0.9608758358603733,0.8173547004036422
1574,20.777976606165826,41.30410348150116,0.42791093689576565,0.0919956057523027
2373,19.216951397926387,4.482063411816961,2.218929612469399,0.7047899317063026
3990,36.91958184680287,15.021009371531612,2.1853717198444853,0.5339289699575355
4845,38.71077790831794,2.8868139825490524,2.156157308830588,0.24192695598571246
1093,30.351432719227333,18.57734975015876,0.976862355644482,0.49283047353404874
1189,1.134342109122377,49.064482996002596,0.14245613377613098,0.8299490921942051
2689,46.5511139535497,5.263653110316923,0.2668550447360901,0.4454416039221264
4095,34.31166400482238,28.118639118559972,0.690120199428248,0.12189776491497717
1875,1.7097724960594418,0.30353114069061604,0.5499250102716366,0.040801962131519764
3406,40.941644960705894,35.634140802203135,2.1849640503720886,0.7777962941135569
1787,10.013307735899806,9.859634618602053,2.4658954509731488,0.3304331458340406
3932,28.96105947855534,6.479226856238146,2.041684155829506,0.9312446965741359
1607,23.331718497509357,16.850890608039382,1.824622256872971,0.6171471810005225
3748,20.991939117753834,38.552214896949074,1.4715603498182857,0.4362838911681629
48,44.48568600621988,5.33065431556054,1.924770747949682,0.5644649201507126
3861,21.868064578130735,11.491949789934768,2.367583280480977,0.4571326449126326
2180,3.7672058786575366,0.42322108086547683,1.5033616747677025,0.9058110823832864
3046,47.331936360747626,48.4207431347809,0.38653311004958474,0.45802186936729083
2833,46.026761561981374,29.607279999443193,0.4096457931717992,0.10406450858874738
1397,34.22163447907994,35.99498181923497,1.4596570078214655,0.5970880391584586
3826,23.394626406601247,32.569158557800726,0.8336713494620196,0.622981046150319
4574,4.642973647176063,7.218227943483718,2.2756184381124234,0.7653300727930347
831,39.53740592887381,29.746996949699707,1.5291058345899309,0.9332841415510088
2697,3.773895721201448,6.5707797570631055,1.6912315335584007,0.44308168212345045
4777,3.430049244757283,20.061822698156394,0.014551775252256427,0.3520766066073058
2735,26.869192121968403,28.44815679626465,1.2471213801565575,0.49077101574749926
81,8.006412009232012,27.944055705107797,1.0779118034722792,0.9001989019112971
86,0.3865133670174492,5.9536712991370475,1.7646796419188324,0.9799823818365201
2063,21.15567154978931,1.721798482326109,0.9565966508334143,0.9712350066137421
821,6.860861580503297,39.91171569369069,2.4414375797179058,0.22969551280522804
162,8.025770764034561,36.296121849800265,1.6755079538910045,0.4968953615618763
3739,3.845531936766733,4.090945228236903,1.6497958328564735,0.25947402585501145
2397,10.254687686180496,6.370775940077672,2.2983528618949567,0.36798278236704707
1932,35.77420898871947,44.629188819481016,2.488012084745864,0.0316841055415471
2728,40.44636536088957,38.456445081088994,0.4945517231552832,0.16060117927158346
3535,22.62668220146503,49.808014810833704,2.0263328580368203,0.39707595468702717
3446,25.327690794070882,12.699372460251086,0.40579873830506874,0.3647046322230644
2790,1.6327517297101302,24.390149443440745,1.1426086326355247,0.2788325511313381
2707,3.4658130685658426,11.822978803117785,0.25046351083117535,0.2303095770863034
3933,12.878386282475846,31.14000692386549,1.558427446167912,0.7489557144473902
3385,27.194921035657377,5.770711954565899,1.1712954085126874,0.2945496998113911
922,36.97755743674965,6.362158637151655,1.5717473708142875,0.7065436314627433
2175,30.250153066901653,3.594394570256132,1.6949018815385326,0.3686251090816638
1582,19.606392749339413,34.679304113208346,1.5485806250780951,0.8019792390755577
564,5.916203650156909,24.70362887166034,0.7350728065184329,0.16723334873534212
3258,39.03866174435947,30.8865608177315,2.092397893109172,0.15760388036957818
2597,18.189302579952855,43.965052329467945,1.3792154984378102,0.6796722670410044
2500,36.802700724139484,37.01642423776793,1.224627933042008,0.9149152418088552
4566,25.648942095717093,23.086145908334547,2.467659510587186,0.14298670483287135
987,36.93310267809126,49.21779941971132,0.7087697667661921,0.07370461784381699
3636,45.36447807262859,22.81280505709866,1.3200757622379329,0.9346372068218237
223,46.0514758026901,5.62253366167666,1.7058114465199785,0.11732694386581943
350,26.75533900003017,49.6327373626358,0.31306483233308396,0.2503669197656827
1928,25.575418238281937,1.141036500742365,0.8855993103663384,0.9294941674200807
348,13.283923275141863,27.494177974387608,2.0042217899933155,0.8029178929602216
4277,46.789991576464566,15.454774434985463,0.5918955864995751,0.34275781365729385
4732,22.895958359981044,25.177607550849242,1.2332259122590168,0.9545277196565934
1017,6.3795619643688575,27.93564762972608,1.5765765149574276,0.5680485131987375
2226,21.635245731327498,12.00479481392438,1.6779058832690001,0.07224826262769324
4867,6.352662511900197,27.842937786863093,1.8207761051195648,0.7030668772678146
4124,25.126584212853754,37.80305560027688,2.1649432926073606,0.5372773578233019
2419,28.06377574281061,13.325491862199918,0.9821486075840941,0.5725880505191555
1893,16.887788074679268,19.171306665695354,1.7665798149096403,0.994104244325465
3040,3.5825307115742335,13.412134658202895,1.8304366194256287,0.15251428329954153
2068,47.17517678166195,41.02798654941012,0.7506853253174756,0.6567959002878923
1125,38.66765567417148,36.249112960479835,2.420394875529103,0.4587410972296917
3117,41.94405402525605,43.559821860920366,2.163047933805155,0.27189312488799566
4161,18.34341971431147,8.502494645082963,0.7246533217489102,0.6935447916629628
4042,38.041551500972524,3.6789819079875774,1.687671691717469,0.6682128072499999
4433,24.26864475845971,5.969175192933668,1.794501586148235,0.8564951081235301
2170,10.054174420302298,8.050916641211819,1.0787090906884482,0.878869235186504
446,6.221168845360664,26.65413303374012,2.159358214852416,0.5618194530492381
2658,17.252543466102843,48.54560351813824,1.7255733837725993,0.32557256606771745
3362,6.877605573756984,17.861770830839102,1.6453867128817954,0.5295804504381451
2718,49.913448810203434,47.925413468010255,0.5521009307117954,0.35925512670286286
3483,2.459449511601103,1.910039749458986,1.0196057783739563,0.2773560840296114
2944,22.057179968453827,46.34361014073291,1.0848062228308746,0.5515753777771667
4376,22.60467611951921,9.05763036524856,1.8341527414475514,0.6579341741630693
595,15.031596429083777,45.62374928596744,1.545986363143881,0.5905712869103942
1986,28.567578285347267,2.8113715057730584,0.21465147656566763,0.9544195213633195
2750,7.498851207577234,47.41097237475163,0.7692448797181001,0.2986361185539649
1074,39.19561902936168,10.039913215943042,1.1826187611538639,0.37234168505467413
3969,16.622385912381915,15.135703003658035,1.8418323646424826,0.6676428232235537
4305,29.567129489932086,24.547117205147906,1.8589228251991852,0.6003586275036069
4221,35.78196180334797,19.03604406177376,1.226358271429092,0.0018633853373635212
4587,44.45210588450806,33.3763984631575,0.292330955651694,0.3122854685267412
3580,41.78937182261001,48.740388362503865,0.7322585084320976,0.25376185246863747
3007,30.41545140517798,30.321324540247037,0.6367309556176731,0.8399148866460157
969,19.419659019194345,36.07427047182746,1.952566025770603,0.866248730884929
580,25.1602335037482,4.400262515285075,0.4499657850141339,0.28389314103115826
2824,38.43673966894013,31.390621453500266,1.1623030559879806,0.10207115362753638
4001,43.87727712797365,22.692488852320658,1.6767970087859752,0.20520194705869943
1211,5.189096408833594,44.28911789598142,2.4119653823750924,0.17656839891905896
229,19.242813124652674,19.410554982155098,2.4981014505610997,0.23743535928508963
4284,38.80582992067503,33.972707202495954,2.3823053588885976,0.2346449022974153
3185,21.58258812969805,11.407686412953954,1.7956058631338376,0.4798386489009734
501,16.611388203314192,12.9686266762098,1.866102082555229,0.31964138073756454
2132,20.566134841163482,18.80612154611368,1.8980252440225434,0.5598217508554438
48,30.14223733931754,15.203176875325136,2.1565121913657253,0.3441346243408415
3566,49.990257206690075,12.693941969503742,2.37946365713052,0.8146769299652705
3055,24.64962145522659,2.483435295040465,1.1142653613008189,0.9507924777837377
688,10.424723747713028,41.83731658762295,1.0412771951053172,0.40391845335502474
386,8.142328763954737,3.2150765445642158,1.1511611559465766,0.049468534786554885
969,2.1174873738207145,44.36827578014838,1.6495429286414853,0.2395782473678394
3460,27.940861745916074,6.273269453403013,1.9386134906944117,0.10185816420304172
1005,27.22860457444171,3.2630868531329513,2.176360977253323,0.3447639098129067
3052,10.261696339015458,28.150238199034856,1.140526885706514,0.6451142341801696
3417,34.76647032262835,25.122089628736088,0.9084315654503237,0.5189079089445107
2302,37.05535208148404,24.561728441594255,2.4583815367555664,0.24287567802763843
2283,12.954910269105563,28.72521637506989,0.5797190525180657,0.7672590526426567
1607,17.204988201486827,14.352830305957786,0.5550120881311932,0.1314807293797291
4366,49.52358361736283,33.14746367148056,1.788518637066239,0.22819597512470113
122,18.713223392536708,25.12011098535916,0.4491432390066058,0.6760471505926748
1280,38.04008358780509,16.737173347866264,0.9985224993653061,0.19723438668886684
3727,22.636271331497,41.3250333490364,0.7309670557856298,0.6787627158785893
258,39.6672413930488,36.38605481633551,0.42177614189237156,0.9769413502961499
947,38.4511619391324,19.6805170972311,1.4492680977447339,0.8313532871961532
4958,33.38780125992678,42.38088926144364,0.9337787268865722,0.16001054036292384
524,42.73891731477896,46.01291250558871,1.1555854321211152,0.5204984215032535
887,46.960924743884256,26.843313354218125,0.48965751206379,0.4223215634324846
207,28.999166022604193,10.747622507846039,1.9196670066793913,0.9916694132333971
3382,11.873445361137286,45.78960782734934,0.7867802086268644,0.9644007017405828
2794,19.93144808220375,9.473981004775862,0.856795447567247,0.12711205277090487
148,37.91528567566466,2.4211613208634573,0.6303849052502817,0.9087308720163334
437,32.54417425619348,16.374350443656542,1.0860089302975844,0.19341833803845876
2202,8.889916928262437,36.34831722305199,1.15894156809668,0.3194515017127493
3749,2.5619770573212355,46.16370431767747,1.3241672908237878,0.3534079797309434
3161,34.14807967710324,31.864282340721996,2.418920704954849,0.2868220451218215
3901,12.553951201467267,47.591927348333,2.2617295201142587,0.8532437931669293
4453,24.98351218645267,4.618541963794831,1.523481577467634,0.32993240587637496
3245,37.33733862562971,3.037686479401003,0.09725866940774375,0.8167384190851912
4551,28.133339032816657,30.209597537183203,1.5306508521918363,0.9943768165049572
2823,4.1651291555898196,48.305816124637744,0.22417151691029064,0.8407615378270457
4724,9.27901183917777,25.1360654477362,1.775860596296868,0.34614292643429223
3270,10.966409201545957,2.575761296965257,0.9751941164523265,0.7112523934128624
485,12.893212682242245,11.060932803872808,2.094241228921297,0.5339234469910733
199,28.270169597525214,12.239645320788533,2.3563231131628264,0.7865177838834085
4466,25.198288991269674,16.8928564568475,1.0427758536640224,0.15309739464624172
1982,10.158001918210447,2.1801691793106315,1.1513882386843655,0.6381345926459039
1471,3.3777421727843535,45.244635024895814,1.4753689525321256,0.7736667733417346
4343,8.571610223735904,25.778197236074764,0.4928318046451263,0.7612313354066401
4883,49.21906563093017,33.54653964770545,2.318332102070903,0.9635930056037816
2311,23.427347489573613,3.3586418447504487,1.0824998162534316,0.058411380784320066
3373,43.36727523510562,2.70577339018247,0.4170508397900183,0.34577936909229057
2078,42.43762333344216,29.32338860202736,1.9068295835472098,0.4765535817914388
1521,25.575977873143685,44.3648005252104,0.5478784311099629,0.3097635283920812
604,35.33438542302718,26.42410004797735,0.35882318767963745,0.3097895136724709
3848,9.637600520635614,43.890958628503576,1.4071801887350177,0.17612860668992636
3342,34.419835246345414,40.54956365276197,1.678738138228977,0.8129514030252077
1417,13.619228963164476,3.792689289746037,1.4239068516622908,0.9080690443845424
4597,41.60310483770754,10.097873719284495,1.641276622368408,0.08232735957175052
3875,4.1862066554454955,32.885533457767124,0.2888100307693611,0.15489891175829862
2933,38.65693364426387,22.175069127502077,1.1900450947102683,0.2284529998718532
548,4.996845328430977,14.534990682346027,0.8925466102213531,0.5089874838541691
838,44.05946184471545,20.931692802398956,2.4334215406003046,0.7911720333009671
3815,15.210225906750185,22.25998231353172,0.12405983544866855,0.0714555247649502
847,32.71966824152874,45.527612541079826,0.7457355076498076,0.6368129856584286
4709,24.375113931013992,5.1729141852476515,2.354655485229305,0.14933545627041978
4507,18.315157263116948,13.98653734038075,2.4587404579608236,0.9714570678762653
4773,32.272091659174826,26.878240829135695,2.062254019317834,0.8987734308517418
4254,47.3761490275619,34.914346331529586,0.18999561004102328,0.949582848945752
4468,2.063487368731093,31.53186444796218,1.4033875708588508,0.10616387758270807
2272,45.94264279415521,47.082136886869726,1.000307481676168,0.48803638285419193
3320,30.454082751050677,39.78044624097366,2.016131419238504,0.16524656699837525
2558,40.36571503845261,27.853842098721515,0.13756058892833323,0.6003555507831663
4698,19.19374767171388,10.734134583675376,0.4928218791117553,0.2327391126618641
4311,23.592148741880685,22.54371157011199,1.2229876655565737,0.7706309833689707
1996,43.4425375900582,34.66911220972387,0.3941191573695674,0.6440026006496677
3673,20.742398490491155,41.89810874180424,1.7317878567357456,0.5716045942872687
1564,26.73297833745425,47.98681122111937,2.0519180528494956,0.8252271579653299
4018,1.0097461542166453,30.27263830689588,1.7612997340691086,0.5002730308349489
1840,7.929900291902115,26.345968365221623,1.1007092840999557,0.2698517403456846
3291,32.084325398739985,0.8845961560574156,2.1959691656316154,0.6207054968000881
2887,35.848845053193855,3.604953457508997,0.34421532929985427,0.9570626321978061
726,29.13004683922497,7.805249881870013,0.6508464597475222,0.6011593633442057
1244,7.1655018137805335,2.7379965594814037,1.2238492131307583,0.6296194490394307
3460,22.270271428891743,20.043161940246325,0.15334649719812993,0.9347506812596642
3718,17.75473831815949,16.84392725694361,0.2392144539163682,0.5152751003077449
1065,24.783067201754417,31.867707893419645,0.9936084293059302,0.9963574617147924
4771,43.51645172770471,26.783255396670135,2.359715741836385,0.15966204353307545
282,38.79307193293259,29.798537969392985,2.2710342331925006,0.5370398430123202
1081,4.1994750694579475,23.598860146882707,1.1649371456960278,0.21290084101438145
3885,44.515459888728216,13.886857427712856,0.35539636127682517,0.4533263683406926
2881,23.58835755749118,47.64126574732385,0.44526913989608896,0.1705739095017681
2584,37.193107244299924,4.3204579880069485,0.9438651365228181,0.22252877152580608
2970,7.001961563217607,46.94454997326536,0.5251854877169535,0.2108000496322635
1152,33.535976285352405,15.561902343236733,0.20743898597594457,0.32003133902400793
3497,11.816300880472896,25.63307226836487,1.6844437087999928,0.13460503451883643
947,21.919044857046575,5.442116141377307,1.4536215944817372,0.8093421749750161
4760,0.8431435041052204,3.546553418550463,0.7282418949452127,0.22067559729221353
1717,7.5805318965238015,21.477272435930146,1.9473709563807604,0.4165689951433751
66,4.6040246561809886,37.08486881898391,1.9398722192645863,0.016057138230024304
636,11.987208646912922,13.468238877427446,1.2275049255319046,0.10488154328178212
313,5.000904501216113,28.117394446766003,0.2413313887797347,0.8962719004132516
3397,34.595501330978095,13.932517026140918,2.296173500253394,0.8371602038404454
564,1.4519951104609685,19.43065304465204,1.6716513088524283,0.8409224524551946
1601,30.887025031249898,45.322315923691235,0.6176270478798773,0.4113534172548571
825,7.035391541278713,42.79198127474598,1.5261363675855666,0.1415307988516642
3670,47.25807285889484,25.800877170881492,1.0125537395690756,0.10789452149431611
1025,46.65470365549271,11.905281373603938,1.588374099339895,0.6056027248007154
2251,11.27515512604813,9.659195636651141,1.184677239327552,0.8281932549086296
4757,30.721064911151473,47.70436765178571,1.2136803755993335,0.900114482140243
804,1.4002659736229217,10.135829825534376,1.8397052297683982,0.28873165056022654
2451,46.589427152558706,40.40841554562696,1.5343143651599394,0.32102656983345357
4631,26.149365409585485,18.448510476776864,0.19988172811056415,0.10087665686142466
1391,2.1611575708889497,49.28299237791192,0.16343392611575913,0.774409789268012
1235,17.12499965040687,18.407787018139395,0.7625230937418132,0.27569027112113886
4032,3.8424730930617104,17.575831245536307,1.0756149913468658,0.48092946956342963
3280,19.647221968667992,31.873181443881155,0.6880563979482152,0.9288973045288323
4723,33.49631710806615,48.07584033134096,1.6286496451747952,0.7522157303249369
4844,23.49449540207198,48.81048028982165,0.48776982931405477,0.05273789628907177
3549,19.186108735972724,35.36030732334926,1.7603527409904243,0.008154594459429676
4200,5.95785227702324,37.73031828181768,1.9328768547223254,0.787407925880408
4141,12.246952284682816,28.170108798651384,0.31079826898912644,0.5525002369786957
1354,5.007164386917556,37.78878695661659,1.6270156084074698,0.7203344093627009
1836,40.37493658283304,42.988982748524826,2.4035899397502853,0.1568153218266135
2892,6.761991399236128,24.304765159751163,0.48205954315836685,0.8720478499706201
2496,29.768668327444676,30.99311314150515,2.273257077790386,0.773324979014462
2583,17.137020679442294,26.865834761652387,1.5151198731850415,0.8908389140546137
2558,11.298919232759175,28.123530676433862,1.4773621683292797,0.3410960826574708
3618,31.973421974605188,44.502395493697044,0.1298067058021679,0.27570519528324633
1559,22.850115468847033,17.78084151027851,1.8707506959659956,0.1517314399239269
1507,20.007273364227956,10.40920128003121,1.1956826316201454,0.930088507946997
4071,29.642600244611078,22.814005513681458,1.8029359795878352,0.1768292035578407
2063,24.563381424500037,10.404259524063258,2.022952758616515,0.11931723371150504
3642,15.17421042757804,24.920021283100958,1.3094909334306966,0.19267820898678234
2000,27.953064388262582,45.17540526785293,0.6591107831957854,0.7713817267601133
1294,33.474928827534725,30.87167602412389,0.3539312284820334,0.889529234982881
4065,1.334657929342714,42.771642665153884,0.4012578198310357,0.8109134564964243
2752,23.293586445383767,8.30954598077559,2.1673366348644967,0.5632385528712848
1753,2.8841642291771885,45.04367962685884,0.3089452390759717,0.9938842507777231
4210,9.320270703405553,30.089358220355788,0.9617351826164211,0.06885406449344877
1603,28.025436703898656,1.58798943702399,0.8356866157225771,0.8671916778216255
1322,43.30944576327904,31.65594776425184,2.1636391668474255,0.4277138617137689
2441,44.140283959424245,47.5698478130459,1.194233751735729,0.4551223487054664
1098,3.4972005069315637,3.9583500237681033,2.491116043370344,0.12759489365128052
1505,20.95525431433533,29.122806523478605,1.8426368657578618,0.033432974353828415
1126,29.150324150227565,45.773930143485735,2.1273089385107142,0.31662832606943325
296,7.35349522751717,0.484758416718728,0.24668066506668723,0.17485353311392926
3049,38.27161083723858,31.54564632329116,0.6327556381622399,0.4833387560713116
2225,37.21176292186194,23.745114591548134,0.3386154889295706,0.14733052605377195
4354,45.16705068533973,17.34946593243053,1.1590549310013993,0.13792773650227574
3787,0.4243006041721509,31.376824497268803,1.7957187204047744,0.8769789841038494
2096,10.834212199450132,2.6351047293708465,0.4226589205075004,0.921294701326409
3609,41.35933571226609,37.65315231437001,0.325421361424347,0.9642162085879099
2208,33.52900254134677,0.22397384598538128,1.536521871951101,0.6805024428739119
175,44.71949268492454,15.346787189617611,0.5757818844085599,0.7710165047958694
2502,2.858982726513326,25.19793188423392,1.1983126793843524,0.8357847552426292
3999,29.848198285822143,18.851112528327583,0.1277943193192943,0.6589220591206645
1667,28.452328744683708,15.373796760279124,1.701532030168662,0.33024310470252916
4371,1.7837208180266184,41.541757273404805,1.3532909541051341,0.1563869984335241
2545,25.676103845624176,46.741628713595446,1.618557247396582,0.2372733071581501
675,30.476015565496212,43.68563424529444,0.6885159501493652,0.8404140514049626
1823,9.56465871010536,26.121565652499985,0.6965074384038278,0.6960972382868412
1356,13.666479156233146,44.20820875967415,2.0034013327268956,0.4557957635261516
3072,32.017367314886855,46.043078259077184,1.7964057824620654,0.02940507718045271
3259,23.415047379997915,20.4619198523731,1.4493216279965364,0.2662043704338831
546,42.90068287841634,14.17229297527227,1.5703586894552013,0.7288974931257638
2083,17.119088300459417,4.913260290666016,0.2351104487527636,0.5123872350950229
2040,13.332982919410059,23.95459605246145,2.140428261128134,0.43553249448245
4534,49.243297017242135,47.31484602192207,1.9247675825291566,0.31367940077990775
1752,45.55678850650417,28.045376403518553,1.4762288345586192,0.6069318305770239
1615,1.449637249948993,33.378105089308576,2.296487827752268,0.9663853853716892
1849,38.5364307653283,5.64419092459238,0.4215947692484995,0.901123643297506
2642,5.516738691260148,7.175983207112813,1.716643465085417,0.030497938084282028
1600,1.3742597414685476,23.223663097983625,2.407454444130402,0.48095382258344577
3396,13.684775798317444,47.56323994918629,0.7750224114248022,0.3294692980469477
4402,13.467293953055215,18.039232079576443,0.03823078516877382,0.510604662339801
3605,40.96593811734823,43.87420206587668,1.8371686674228327,0.6062136898717148
3799,35.53336229714176,6.014429671285576,0.017450811140317657,0.2000280679975468
618,49.08047136660071,30.850860346685504,2.1813341229554175,0.7815680695482563
1132,35.57564501559092,30.03064884552591,0.1407531302589246,0.4750680500859663
2115,20.912777662802394,42.99373750351342,1.6319118246796929,0.9920060548982461
2339,34.946383047260845,0.16583522024507524,0.9429603610578761,0.025127385743561215
2739,49.9729533593201,9.496583359878608,0.508351634291832,0.1897191761864585
4276,35.507094128126404,10.984381271474087,2.2456459996345726,0.6896298005603981
1487,38.08406779901591,47.49830440453687,1.8656146298171556,0.6951797465255588
1557,46.91825075951297,7.684682813494748,0.8511014153581503,0.582188224416945
2113,5.6825630655841675,1.848117511028019,0.7103827321430625,0.9719600286906287
1044,35.239214672386346,26.723074737090403,1.8400307354028484,0.41531500871993343
2431,42.54029789837245,26.42792312168408,2.091426906515826,0.4170368120675194
1582,47.718930011044655,42.202348268393216,1.7896261607395236,0.9104763632241734
1308,10.548464485584969,47.442982508890104,1.5999730625893536,0.5384417819968107
4917,25.19645038621221,26.92727210700655,0.5698118129716221,0.35372766158560043
601,34.02774238222409,46.49970912098277,2.1320099581911807,0.718937985833859
1620,12.373386475066873,36.257957564991486,1.8741549586459372,0.6196706181875274
4880,30.023643162513704,13.22795639977925,1.293185724416036,0.3064100502865915
4766,12.878939124899969,46.42103554719632,1.2789694056669518,0.29792879808121564
100,16.672851026582364,33.37215880909374,1.4229325695183659,0.39561279752725476
4271,22.075934825543253,20.70479663713169,2.0706909854466566,0.07162006566019363
237,26.459504937328347,34.012104225846535,1.8556488720938937,0.9426169024876391
4025,22.46829358125753,20.065641387187544,2.1406124848647083,0.18302004019666507
2918,24.659775989396458,5.709188399397963,1.2682069291468059,0.19382430232772052
2542,14.929437814414632,35.94893735884499,1.561622647545643,0.6470384050170777
2003,7.94825470113153,41.204380608537186,2.136429517239949,0.7242470472998113
1537,2.367498866341972,36.440309950969386,0.5808001504417883,0.7368354595998724
754,9.798936124583385,11.455733387833828,1.11005170064056,0.37507502350423105
3368,29.09718207528915,47.83175067388065,1.5516305924484675,0.8733289529099255
2258,39.30577239015662,1.262728084557796,2.2878656433952536,0.5439990617480444
3665,8.462379872144727,16.63426486878203,0.03959002761531244,0.4385875521625555
4235,5.427767888632423,13.004621726744775,0.5314328954330688,0.8103864608656673
540,37.46451802746251,2.4063113807425482,0.586126269403226,0.2435612492238377
269,15.257916526864484,20.286484649433422,0.8165317006544857,0.8601854434355192
3460,47.57497196136762,31.155742008138727,0.7044665510516973,0.5388293945649275
3408,35.71589853051865,44.12764317425506,1.4753469639055967,0.9000581576731365
505,16.337802362151542,49.484485809573506,2.2140506606368633,0.20161253105575916
1129,14.477137389685247,40.404479320219906,1.5924446026809735,0.9360630760024259
2079,26.18491931356545,23.43402593564124,0.6038163973858979,0.6878767419723901
3145,3.9572334139104717,36.185221298351536,2.1593821251752114,0.6183285268023856
3242,5.88382563226495,42.18118942948203,1.5801144728687833,0.42206751948300736
4908,8.792894065809625,23.265359820934066,0.547405312469754,0.9563149999657241
361,38.73617966522801,39.25272170127499,0.9041663429162581,0.44391962831151277
3720,25.692867963456123,24.132620915643837,1.9749120168494563,0.49854295244757585
1456,0.5283561387221469,19.324799543836136,1.8473279537177856,0.7814981085853125
4067,33.67582637360545,26.30454188918806,1.4414559237641065,0.2848424296127061
4195,21.184508933024855,33.79273688135724,0.36191875685140457,0.2914953128137918
1681,25.542618248189896,36.344102815929865,2.0082232432862606,0.77529768762122
1052,10.705812170646778,17.836813444605394,0.7688563213818702,0.12857978919010793
2509,27.58911141970518,28.566012577801743,1.928994847497906,0.8229645202930234
4727,48.95766198757443,45.49354370402236,1.618915914405647,0.6251750083098483
681,3.6722345502880724,48.81564500553199,0.6604257041087955,0.539083766403271
3932,14.195869983221531,11.362404559197724,0.5309230703316417,0.22910938217988153
2129,12.149879643041489,9.641558285667074,0.32727480814429694,0.7863681693444088
4849,12.42746553755898,33.83428167143243,0.6048655914702894,0.8049530895087492
4016,18.935317878268865,20.73419429117219,0.39457255612284997,0.4829418678765178
3302,40.90548923720838,1.2111169209068517,1.5426281194693783,0.3891689748572088
719,45.64293449821937,17.343093532364207,1.4969577974431338,0.24616183752393983
74,10.110754372948666,40.33723717361261,1.465430150331993,0.7542340170891749
1293,27.147496897405638,39.871346519159125,1.604724523062096,0.6394519231267062
1922,31.844948608274017,24.734257440829094,2.0369613349114157,0.20663102936685773
4157,26.091373718192244,23.628896744376764,2.2838817788745085,0.7944680796849007
4969,21.703819709845977,28.975372121718873,0.5759388447544054,0.8822053133584595
319,9.598775292961893,10.9698355281788,1.4694362254223141,0.05924726274824588
2149,24.410967959961926,26.302181244547775,0.19584055311817866,0.7724206380240413
1452,20.060741385566445,0.5523180028324193,0.3003560958889878,0.8528019334276525
4969,39.77816812511348,23.777977739156686,1.6358482824034761,0.991507899474547
1555,38.18021795814976,16.802552312529627,1.216451404226127,0.23760149893736693
4207,6.699934060283535,33.743480295182984,1.8958302170860843,0.3710032052142528
3032,4.425952628153379,31.917679207631377,1.0641937024764283,0.9661910922008791
460,45.40769716137515,19.04179400914045,0.31899601708234526,0.09401555029358444
886,26.775419448224884,0.36364907392957835,2.1801341345770635,0.5237078439147541
3533,42.89004686412953,12.613681469748023,0.20722117786330568,0.5067445798378877
3936,2.9075560283200574,31.667392509458114,0.4724116063384551,0.6065477388811636
1115,26.325780826081512,3.6186671508752264,0.6924421649046275,0.3307926148462901
1075,26.971325728811816,5.382121091673192,2.488201517663567,0.9259180886717914
3876,43.035101627107494,32.35175122835436,1.0421495504399596,0.2700612609590728
4615,4.8804999114853755,37.78837004746462,1.2542713261952874,0.6496955175844024
4907,12.022278183795464,16.077485400635606,1.9242418774346712,0.49592702275493616
1924,20.326915694350657,24.483653275828093,1.5910389633470343,0.2666734524800799
926,43.292073770997106,47.28556824918293,2.1035517298533337,0.188853795722427
4652,46.94416575352835,47.27717810879847,1.2160836464697344,0.956562124257659
2281,49.63623097968139,15.375138723171505,2.430444218733055,0.5612914615957859
1055,47.95967432292608,40.49939375085451,1.99203090396577,0.6041909122244418
4674,0.29708779221772064,29.69720264034294,1.003413470783163,0.7828954590419783
541,2.3854170726936017,48.774224667519,0.9531795573631199,0.08122665859978317
2161,7.380340957879433,23.880678485554824,2.3237279801105446,0.7137642677967787
2251,17.443104838513655,38.73534340077808,1.711039089536793,0.16514013757232038
1052,41.495901549347934,38.40685648074355,1.5535840863140966,0.7404810850764559
4569,44.632809766774024,24.871643381653808,1.8945765935845271,0.14132867162737728
2744,9.341720314729152,39.78150571486539,1.4020845702792786,0.8324936998735962
3869,30.983207580985432,13.052016665349825,0.3979169327143167,0.6810162607270125
4481,45.86809925326383,6.112651814511444,0.7980386551960778,0.3858902888524204
4157,23.18658679656604,21.258187232765813,1.3948621592724244,0.35883444390258346
4610,5.177178597639198,47.181532831679235,0.04541955231791739,0.14894706355591958
4525,22.890682504231247,25.037230410126437,1.0933767624080695,0.9040533557661166
4675,18.789745114402862,31.76295693234635,1.8895071981898417,0.11852927284881243
1560,28.88289980330035,31.208122795393766,0.41058501129068087,0.4720773885291256
3762,21.932934220355182,6.628643363476522,0.1613973753922643,0.2365184547898035
1164,0.8672963426858971,19.514844118860513,2.0900728518192464,0.996327508019026
2722,49.699886670683554,35.34694864609374,1.543184671158405,0.5858440515186982
2358,27.177011886528547,48.599504929036314,0.4414474312236599,0.1495845033910128
470,23.681537774230478,8.400886914851307,2.015762451457984,0.6675639976218071
1416,47.7308685752027,20.522094516955814,1.645323678718031,0.9916090172225513
1468,7.793018379353855,4.754689990136468,0.8352981741210954,0.605043280615374
808,9.461880127262411,12.1188229824628,0.940490679904348,0.4573790945561945
171,40.40073745313917,18.83796716630751,0.38972040796762086,0.2932701216186546
4126,13.041554001250438,27.03216239761752,2.0881389855218506,0.09212341482876796
4142,39.961355314576345,11.528344111954048,1.272516629109355,0.22824629898988757
4225,13.576674145425127,11.378133058934287,1.3925476916091515,0.5536207795648738
2399,1.6593815112500743,38.89149895701019,2.2087297879943693,0.7537856986495822
1645,25.8507361943358,48.13208314734406,0.03957654113273479,0.8779308902296497
57,9.834321706343069,16.18064838757281,0.16730765630823013,0.7937122503726705
1129,37.892314646623554,34.39960093178401,0.4039474546495375,0.12546520137241768
1353,32.05998166160741,12.904023067896036,0.07509453272036393,0.7734598850130467
767,46.18013339889589,46.3976127482816,1.6453903915609989,0.5816045461458056
3895,39.14941786328679,33.64511800826991,1.584698670470802,0.4691075575048237
682,9.038797742036342,40.1338427318785,0.527004757322464,0.5727641184720806
3454,40.00791183323982,2.4677021599582405,0.37351611221673686,0.008075328772487511
2008,32.08685224070116,29.925298412031232,0.3642117534665168,0.06773024297102681
3142,33.44758208803125,26.380616567919112,2.3831035332966057,0.5258492790729812
1790,41.613144298507436,14.649845345576601,1.733761321561854,0.1736192494815576
1477,28.691203459447014,13.121499252865904,1.463572071162698,0.5455409521334332
885,23.300175717650646,29.001240115848486,0.8062171795127357,0.35421357187481517
3906,31.8320517679364,35.32428175036126,1.082607994771974,0.9074120206747527
4492,14.897871447917954,1.658637851759448,0.22351470299801918,0.9496834273044537
1538,9.129856554354966,28.37007909618522,2.4953797201375036,0.9797841130685195
2073,30.82939190356232,8.522976447331432,1.8877136589290868,0.8989379958828186
312,11.692418454273884,7.018136569305028,1.5536328920705698,0.9858908511923329
810,3.995755467330336,31.155974404734227,1.4694179880697056,0.7061471257393618
2235,0.0277092292626957,15.543505860873651,1.2607859300829314,0.9605422799010515
2857,30.415970070003358,22.0440116567432,0.6435685691867397,0.6417924654568271
2763,18.10743917401184,17.999940471988644,0.5659760086493343,0.8092142068857202
2032,37.6155485336728,32.41681600762619,1.373831142973061,0.1319099927237103
1507,18.758819915655124,23.505988303323445,0.1755020363948792,0.682599587602558
4545,24.300172411911337,48.17293310189738,0.18617699717133923,0.9311033093352596
2570,20.354248640769246,17.619137955323268,1.4020340079008753,0.5400482415327627
1894,32.528739555467304,37.01421701314176,2.2995301205255982,0.18681971353030924
2705,17.80695810074841,12.864628379152226,2.2856796278246363,0.5268885607250015
596,48.18838249711545,25.437654631307343,0.027070751651980807,0.7069409940594883
2147,46.80734932992651,27.62848759509785,0.26848553911862444,0.7697884990973979
615,42.40139513286407,16.45546405313661,1.4576942343967376,0.5237020099319839
947,46.015013528637404,23.589026445631454,2.1211893045154104,0.2173680242186501
4651,22.45698442296955,13.963931894924608,2.3861227166420718,0.9266887885787474
4373,26.821519839474604,0.3000390836990996,2.151455565114448,0.7736174164533571
3764,37.104629627912225,10.782415081893937,1.6940328382411396,0.270688400617604
2013,34.80729624692705,35.00320862466003,0.5013126939730894,0.8118129173963744
3697,44.53392978027354,38.54815122426885,0.18155368494740587,0.3478626495180591
490,35.816551362834765,14.010143356945997,0.11878945671411179,0.31243134466838074
4350,49.894235411423026,20.4021499409036,1.5301919615635284,0.8630766273471442
2428,17.42528999157955,1.8682830069305545,0.09047151003839432,0.8732352068171213
4987,41.6498871119709,11.85314505488403,1.8480998911638766,0.39848140281897915
541,34.88174114163321,38.96096416861496,1.7811768433774229,0.008922805081564511
1287,34.56932226075093,30.299313513252862,0.19902706194169728,0.1865656213999919
1633,16.291779742249947,10.28852609771857,2.2665559125919863,0.9092963282245586
4920,39.28008962115113,12.872099756121608,1.3048232215632558,0.8987493370550578
2926,45.01880111737996,40.84010114947801,2.261096418344329,0.4533447480934476
1352,10.927423076028148,10.45421014724504,2.254025140470805,0.3041167072758786
4376,31.274841855835206,16.707886292356562,0.49258515971779576,0.3027482921051716
1298,19.60674145513876,33.21793458273222,0.9514440698407121,0.8971948026285381
4868,49.47740596474385,28.05561928540393,0.33656583375954063,0.3247333109755165
3967,23.941640791584078,23.043510261690713,1.9374450253408018,0.5115802597401096
4423,11.416008689847136,44.98705454898722,1.2603122888446563,0.7310110505928978
2258,19.092881261091627,10.985523135752583,2.3220189384874548,0.20948104160941883
4647,32.69191949083131,37.07099454314999,0.5205380371906934,0.25383908158589363
2073,3.8044685674788137,7.953192030909167,1.720919153798065,0.3580618930951268
701,30.18009601106188,30.78669167410726,2.473092069431772,0.65422338934739
1919,46.5612379589449,43.53117817056566,1.6634531545524784,0.8174906511463279
2460,42.51813938289252,22.895089273906894,0.17193483207678162,0.5467057633309995
4262,3.3836768328991687,36.214725359566444,1.4710608742379763,0.13292873664962368
4264,49.66949393695341,41.01966764994941,0.44960687420309176,0.4462455230697211
4324,34.936346185193955,6.801321243880137,0.07625694354828849,0.127690722123194
366,8.114041215701185,35.2913447641055,0.8374017432630354,0.08829716966669532
527,0.6208044584711747,45.99205119943382,0.6652602076351644,0.5896167698514478
4886,8.564131814607567,28.81853049277721,1.9719272470393854,0.956212111797923
3718,41.90879603428693,9.3061122264378,0.9342013526952511,0.8376118333340594
3609,1.081966247258187,6.347126579447149,1.8323969509629912,0.774471262542493
3935,11.657365180904328,12.986766523337396,0.04059747987332857,0.7270559658653337
4619,37.86527976674377,5.175663450834128,0.037030333583477626,0.8971278571356976
2153,29.305526794906754,25.669703579252374,0.07328364386889274,0.7528350841427777
1908,39.136785518009596,3.4852341353367287,0.5483961044564511,0.6268773453007714
3012,37.307525191339394,11.170231231811323,0.9349694625714042,0.36468008027372034
4228,2.5300693560902365,21.995522195610718,1.5196145077921364,0.10094388985979275
3022,44.62557095470758,23.695737520101073,2.464784714567432,0.4610333638440104
3483,11.351591714113434,28.269924257348222,0.8860239175358314,0.9247842361453673
2720,27.669622011488187,35.28074813753633,0.13914726689291557,0.5831002653751526
1770,32.21440782638894,2.3614319832733766,0.4872504041646217,0.18450417989513357
4113,8.431410544254769,4.031047608789162,2.2446295845371553,0.6490233084808439
1777,48.81156283504872,3.042957590239037,1.748447975369272,0.46546223408050447
4212,24.40779780436545,21.157515773245517,1.9755020600963995,0.9313800885829664
797,2.8821347798696717,2.0923972441467154,0.3104205141819816,0.1609399100620026
3215,46.86310223889202,37.30406334156631,0.3374674717687698,0.7120117485067625
3788,29.313392159663405,11.150009051923892,0.28061501886224,0.6816024648068016
2976,34.95965989906882,46.960624664497935,2.1429229107738124,0.9835415785215047
3737,26.258789496711206,24.32018775485557,0.5249190217340111,0.5649121266184387
1711,41.73689773884838,22.31628762211008,1.607879363449304,0.87157403593364
752,1.6566731096605447,39.02693463197501,1.2904159154581476,0.024713937531430696
2469,13.418918263857387,35.65769919464955,1.360974779684634,0.12289196822413262
3969,23.48241782013461,30.365452047407143,0.4885883959781706,0.3459385728465305
1392,3.830180815685502,46.7573353125185,1.5881152336349738,0.6193273971572378
2605,35.29533346633291,21.11296304935385,0.10775133614582794,0.44907934496740864
677,19.68317070278204,40.42658378861432,2.483680690644072,0.20269624734658886
105,13.633399513407202,19.004647287290926,0.06689726623182263,0.5892037398914345
3287,0.16894234042061362,41.917283714805244,0.12539135178965544,0.5666990593413628
4753,35.99151558749769,12.97373144829843,0.8116185497292033,0.5244474785208486
1946,41.690465443643085,14.463353641801625,2.0790633894238457,0.09055611211069814
1095,19.75202678407492,33.8934767008727,0.6429730294418573,0.9270254927562308
1782,28.210898851668276,10.635664747589818,1.1798375344783205,0.5922553037014364
4541,11.384331296479921,11.45770935127144,0.044943327940482336,0.26399174719865726
3257,31.109882314006654,15.263121450870736,0.19719829120911053,0.6874181903945207
1997,0.6068729157600261,33.946438483018795,1.5199151213517679,0.3179079908688873
4869,24.432194854937922,44.469404621161594,0.48589617362357146,0.5058560267744259
1561,32.210274092034616,33.72838255634933,1.7356364075488133,0.34113177105898296
4006,45.9095886614867,41.39071221720626,1.963477937542943,0.8803940265376929
1675,19.066790856114213,27.17802948472349,2.125835498680708,0.9939805845349302
1122,38.25951014905149,3.446161067257264,0.3344983449983066,0.1611820653278987
3981,29.88435149717504,5.0233105754250325,1.1387713725798123,0.023578950556596867
1301,46.35060564625403,27.719598918345774,2.3677036247596144,0.21932250698204248
943,19.91888378297153,16.39004843210548,1.9302088561107693,0.5899519830976134
4550,15.9547669936494,11.028403681847132,0.2924009546153708,0.17395113957753305
945,44.357099934707186,23.31284636513104,1.2562506125459858,0.8114844246061533
600,2.462220070414456,33.32483704521508,2.3059514545970967,0.4086705767944424
2700,6.81926964668384,19.24959738679292,1.1000970138079647,0.6105327407141296
4820,4.120221729202223,40.12711285786708,2.093544022102422,0.4556178416228589
1417,42.15549782882013,36.92616232856968,1.239609302971393,0.9033279216189536
1524,0.5303711685159695,36.74574410797834,0.2670291931143842,0.03513533706227778
3766,43.08285777485241,49.25948448386943,0.36963731514876835,0.7293018956565996
250,22.56338976856334,14.761498868581741,0.11668938202044926,0.6521721333408667
1544,0.20126394269853742,32.23627931704476,0.4882868514389113,0.6495150309857599
78,20.082258860602092,42.77391700801568,2.2340352496760856,0.41398939303820514
3123,9.340042052251778,28.976221695695546,1.6254951148581418,0.01567522847589753
897,31.22002437360815,39.47510880576963,1.8471423372072775,0.6892407219679578
4876,33.96793949608233,20.722609291995614,1.5541536459833194,0.8294712128082533
225,24.376378520249993,29.524567282740232,0.9663482303458693,0.08523031098734812
1209,2.0259762719834984,2.7833196402164138,0.542152831990004,0.4416175042439686
4898,32.806440218360095,49.28838029124067,2.314036460024577,0.1625948539470542
4837,42.10193918027606,40.000924072420865,1.2870744538950538,0.6109377864296083
2178,36.01621386632007,43.44045358157248,1.2027497030198484,0.7856048763590366
2679,41.497895947765926,34.714713907147306,2.4902602214838643,0.6667065649274063
2885,10.025476177544373,9.302501640434974,0.9598249709711915,0.31806007048588547
2806,44.44439698282413,1.5514221209016132,2.1353132872305975,0.13973270283238381
703,16.10967253239814,43.23283038680068,2.15586015079214,0.7942681460504623
2544,0.6702407125995513,19.816532686806156,0.5816755258944889,0.32391685849269214
2370,42.169582316453535,13.193243801995996,0.23709923087540524,0.02213983174442613
3281,47.09106344823633,28.08364794194722,2.4390502892896606,0.5714212143492508
4710,32.77790987086744,21.044926123785967,1.0647421603389173,0.24667731023337836
328,11.571831523171234,32.58329978437785,0.00555080502548877,0.8412059983581769
4228,12.587223214126519,24.18966165272568,1.2475445845723965,0.14325520439077855
4930,23.329643671780975,34.86165702201353,1.5482509093686259,0.4348008490592503
120,44.891553980070974,42.67116347545715,1.9402206186200854,0.2531302036110118
964,7.479882807377919,9.777850547789452,2.3573552955590964,0.6896016192210813
4224,41.29868347917435,16.47164402827434,2.2879265723636575,0.5485309093574215
3675,14.565140435257518,21.840779328531944,2.3503395501371713,0.790987719248596
2076,40.429308471454895,48.10292240138191,0.08031287064868192,0.4586125752236522
332,46.01355988007693,18.266680677374264,1.7794353345761693,0.004808431544395586
3368,21.37469359971601,19.054992479631476,0.5646449070142165,0.2151964805394957
1316,18.252532705276543,32.673626147978055,0.468881718014135,0.9991571081942736
1196,40.11106594856509,20.959985494497463,2.000796421498126,0.40534498930951024
3170,26.4741441189697,47.56118728198026,1.0428242229321996,0.6202351078862255
1429,34.22245242315986,44.7234380237722,2.2915001894558396,0.9049316080587572
355,31.141461848058977,25.670438888783647,0.10608772698926655,0.020524182145088443
4234,7.644442282239816,32.23876169739249,2.005452073717908,0.6596073963973953
1526,42.23951801447809,2.9015280941810273,0.34208602820648915,0.28837697397843676
3897,9.788755570656809,34.7865264016199,0.44144300391246116,0.2792482553524315
28,46.61410720353904,35.36004364745161,1.1933792888112473,0.22485140324830688
1013,12.528564571107392,17.959964782160405,0.9889748521819988,0.8227292162911598
2702,36.6940486636871,10.984144181263634,1.2154307653216776,0.3729477324464945
827,14.232769674679602,45.75392009085083,2.350066305077638,0.06711653826042574
4446,15.889270429343194,21.335245040256385,1.643472338908933,0.09685115788316312
2024,15.500092639115264,32.68530524008553,0.7257734546050015,0.14861436268680206
298,37.39461270130416,1.666439748812798,0.4322717807946125,0.8989275872509253
1865,27.840755898469656,20.703358328841816,1.050115687827334,0.42744342650734246
4016,44.14762279237486,40.862940550694,1.129102568169344,0.9160493395995208
2111,15.368635960202242,19.37880002003575,1.5032360247487906,0.8174794727621244
754,34.59962610283721,30.15805800684384,0.66500675884942,0.837882621257848
769,37.64742998315553,10.492790024226972,1.918773117742042,0.28683181113183265
3735,7.574105651497909,20.826282441977977,0.24615061369845398,0.2713144127095357
1238,20.029467865990558,46.381885902659334,1.401133409001636,0.560068379837828
4929,24.140874717520553,28.32258748505186,1.5588291331102782,0.41792496198995077
2213,17.784369494718717,45.096572954646575,0.5170789526628633,0.5090606883003467
1906,16.105629798456906,45.100964974477165,2.0650283762490527,0.053204201857699474
1564,34.32099469988209,47.20739002122398,1.5385803130191937,0.971590191262528
1218,10.793319882974428,44.76958300400526,1.6143055366199321,0.05816880784012313
4601,35.469537262556436,0.16405645051503215,1.2443587644085963,0.17883129766188732
1357,46.752209819536525,46.700744579079846,2.273985542940846,0.6782005248352581
3839,28.259876058887556,6.872971954268819,1.7348189537190613,0.15550155172858315
1460,30.5717118369737,1.9963125555575278,0.9545889122394063,0.10686992770778903
3985,3.4466351062044542,2.7694267289026406,0.5965147194602155,0.15362038137092215
1416,43.22384518089141,17.445809758821678,0.1776541870587181,0.0619202432164091
2853,14.272389359993277,31.04020426343968,0.41340209295089886,0.25131874025834433
4856,30.752558276428243,20.115559825949873,2.4817073802091496,0.2711192710148146
4928,48.95560848724011,1.2777142324689739,1.0169172399791004,0.4986220875483217
1428,29.77513002864039,23.824131708735734,2.2467180681935166,0.43872251720477506
4378,36.23547437321888,22.106537113519003,0.42642339221316106,0.47371341514884513
4474,22.265980911187594,37.842463275082345,1.0634021783521241,0.6160395042089026
4293,3.018292175752868,13.980644921271917,2.4012961675836215,0.23096143124954382
3062,39.879967474489426,10.876558689718358,0.22783062854824981,0.13470413109189516
3071,1.7499420631992835,12.796947883831312,1.484960709531257,0.8788782786455436
555,35.0328914443927,15.1869911314924,2.2979297517407553,0.6339413395689513
355,1.1460786574818471,29.958243668358325,2.3742084323856267,0.060663293934799634
1563,43.11526182883353,23.576274272603992,2.115018692779439,0.9610516499008203
3500,7.881801791649029,16.844728258952895,2.1398360809003734,0.6930685022684089
1040,25.713574772127558,18.71570791418392,1.630457385293664,0.15170464208701162
2686,29.857535224157367,18.54618300794881,0.5510577702374814,0.9691344316764007
4474,22.877270368670604,48.62033473551587,1.8266963612122993,0.3654073432496331
4775,17.03817446744436,11.649849402647627,2.445961161146808,0.9845100798647702
2553,23.390714809048585,40.903078013612934,1.314833786682027,0.10327562939328849
1779,15.570787694057936,35.41054187940935,0.6517433976922529,0.15996921703549571
4994,21.906117354043158,0.27850028017752937,1.4336776694124944,0.6574195508748442
75,17.945649549901532,49.6588109062744,1.726525890601541,0.02214346516607324
4326,28.310241175357266,37.82196853167868,0.5207007735610327,0.018689641218235686
3319,11.896208112249173,34.122479317539565,1.7979733690235564,0.7919828322249004
2349,49.43282774570063,20.266235383831866,1.4685821472109797,0.16778033173982032
2773,25.043497669108277,27.76015444571448,1.5308747728701304,0.9187899925876073
2262,9.708103870725482,12.66354478337351,0.7649698243495853,0.4258961621713717
3229,23.853337478363624,1.7741702572848739,0.38816702527800284,0.8736523542992757
2116,43.320756476241215,41.80108292229864,1.5586247382641425,0.41776358408652847
392,1.0903396562197798,44.824224684058585,1.4655824728814295,0.53023000497214
1108,33.97770595536444,8.123531830711993,0.8450304692845123,0.3165141616764128
4362,27.398389839696403,39.35280479228665,0.739734168864718,0.6580764177559352
610,8.477899718506777,37.05763366428293,0.8681111541557102,0.31820116594306613
2775,40.87382196524603,8.918750096804523,1.2247083462470503,0.22317009785004926
3998,18.444231118700284,21.09144012873969,2.437049337777903,0.08104731196270076
672,14.690101440775372,21.13789604170517,1.9089115550655158,0.05766934782784672
3677,41.40625959284505,37.99821291526243,2.129349347913721,0.30597435320228894
30,31.92625230958323,41.88304528880277,1.2641239222588276,0.7364733452492555
1400,44.91295418374122,4.7387560695685504,1.3153090294469425,0.2056200663436163
4071,31.49418518355997,28.148461745210145,0.5108116535925691,0.2992274501394966
616,37.040882896605765,38.087424846444264,1.8026145907526958,0.9051714185221239
4634,41.822294812980644,39.30952970325792,1.0539600144765904,0.6391574958113206
2786,2.7369817954968454,7.399676221520446,1.856117147044278,0.9197223894219765
870,38.80244794346901,26.275257157539706,1.0226384532815636,0.9112260340036341
4196,30.685324092478837,42.877935318135144,0.2712929680347703,0.06341068248568993
3604,3.4753898257596614,15.925928829264208,0.4326342194647087,0.9550093249283648
1412,25.428896093435753,21.255844945589857,2.028925195186708,0.05117795906125566
2739,4.122903899197694,40.21792556681662,0.6465412238973314,0.9256189177484868
940,36.79736008616112,4.465976059188115,0.6608860564176733,0.5467334366567159
340,27.325085694894153,42.97466449444891,2.3234202250058282,0.5331895828773915
2908,47.678676870614865,15.557835836540452,1.6440890571671238,0.713264062619819
4133,9.156768578588492,0.07251582955635771,0.2857688847108908,0.87921127076173
659,30.30167262601892,11.707957252817913,0.35896317532983557,0.6170045556612569
2033,10.579106728524568,4.475032044775324,0.6809185818006985,0.4253998537813215
1560,30.703249236369917,4.619245349812207,1.484989219566582,0.11188934298477349
3457,36.13248511804282,34.641786707129576,1.882063674764182,0.7892093058948786
1656,36.11521646647693,10.69881678195324,0.6862411086329925,0.12829349247080513
2975,40.7536995341305,46.73711814884912,2.176605093537411,0.726365861199243
1049,42.677511397915836,25.8222273295652,0.27295044721037137,0.527924945782026
453,3.8635863133588524,23.00491289774593,0.5189979201079489,0.3858359247580685
1704,17.163357853620205,21.714175911007583,2.4261623028571937,0.6129863862533677
2784,34.356126017990285,34.629381983581595,0.3368621591341442,0.772356086074543
818,24.929314369560608,22.61313812618042,2.220278269309527,0.941139618450621
4868,9.533797337739575,6.430017811259592,1.7598376885102385,0.2646968828377999
12,27.6354785083349,44.008609032037825,0.18271772660426677,0.9471301602116983
3979,20.371782638307188,21.419767446282933,1.2092670722498597,0.960948045987792
920,19.501913882715254,3.7002287849751236,1.297448382862016,0.8136305144796802
4920,40.48768587178319,26.468299374888055,2.330349078539594,0.8814371749423491
2418,20.37991669160906,32.36734292278517,1.052761482692922,0.6924275137171717
1314,1.322725274021208,13.779123207887928,1.1169090386606897,0.03909721993128468
3677,2.903166944554564,40.01702038369211,0.2812093869659457,0.5750785447053921
2017,42.81220208458102,33.48879230186819,1.5979314085941563,0.747204562960772
1228,48.030040500626065,32.51705846322167,0.5272424397227415,0.941703134706335
4792,34.42046682278538,21.04124764338971,0.19383314555926706,0.5704518470188736
2434,18.21841470500401,48.09576507056439,2.492297500176985,0.7942006782573834
2868,46.93001578973637,13.709458397462381,0.674074069907013,0.705038717544494
2515,33.14015431878679,28.88527505077263,0.35263291282200987,0.28080288854758184
1438,42.21667745996688,15.45275787363088,1.7487259364929408,0.15472807515135856
4164,38.29261520185047,37.240237648577704,2.0542053898047548,0.7509053286779004
3543,18.95696578862962,2.389574193506072,0.16019373281586674,0.2337683611795074
3175,23.935110042539275,2.2946933937524614,0.2634832686744676,0.24469155463014092
1781,9.306607718404974,40.54304847593957,0.2254345589551146,0.6439462387006476
2263,14.600705022036703,21.713408053183553,0.11739825830627798,0.7890684640295285
1969,38.90628306432609,17.059002730017784,1.6486411965857095,0.5823320928612362
211,44.69891959415541,30.376343108766925,1.4707829743484102,0.8849831538790712
507,36.22302116257059,35.09496719344868,1.6570166413998324,0.21144326925067447
331,23.258684832831918,10.06006734222033,1.2641679081854527,0.25241442954073956
550,4.325463446987376,9.271562070236577,2.0437692135139542,0.6369555041574445
941,2.847397434922411,47.907537387994076,1.3666707562464386,0.829368184618297
727,18.71627823064269,29.483215319228467,2.296867336999062,0.5393518016782335
4975,23.191085938383154,19.505823864713406,1.2141213312599832,0.010381573302546188
2862,30.456031110664846,40.07208473347532,1.976646653028997,0.6769431292069411
3243,0.3244760693498605,26.25794793889586,1.0184008842090853,0.8135824330179348
648,49.48614452331532,12.083140518729069,1.0880597369411071,0.2765436278959741
2737,18.196944170202144,10.33676528207869,2.122480113094792,0.05419822888226744
2747,42.40473319005607,19.842963308491086,0.2691495883941583,0.5179519781075482
1009,26.74833528327022,42.99479301299398,1.41229438745802,0.042155220350953426
1550,6.521972726667324,3.072395802212946,1.8158411694469638,0.41601674391524435
803,39.878277626726096,10.926300037738157,1.876051538542634,0.01781784447029544
4080,35.491353745993806,44.65759094262957,1.4787338179249385,0.2249667229079365
4309,26.3718042464614,6.086728448462525,1.1201612103987846,0.3888224518869099
4264,25.727654566689,31.481285913208417,0.6519561096668944,0.11170588974525786
3401,4.373980287546403,10.675568406051255,2.2735655883853054,0.11415590398868325
4241,32.792447428693706,30.293342375594417,0.9244698688033135,0.8270617403256258
4611,45.56225778771499,19.155208342211605,1.9974802213333644,0.04142386675739951
3161,4.662245961067918,5.083844821549594,0.07916403240659065,0.6889662486736458
4548,13.175572532445246,29.12375337770532,0.5804230367165228,0.8144820493493515
4155,45.11539867210494,34.1521373542293,0.8639619822103064,0.13072235413563893
527,14.217195490989665,34.01363094829014,1.6789351582755105,0.19537073451347264
3298,32.69718360899632,31.85172045363548,0.7983270179047275,0.6414933015950294
1023,26.740908247157208,25.01123904677729,0.10340950204826782,0.3156466127432189
3734,29.816380250193102,25.973630842966283,0.4346687901350402,0.47642307123490024
432,20.789445078862656,31.782005490397978,0.6479133809233151,0.836002708279732
1176,14.999573527685556,34.512968087332055,0.4401186998395476,0.13798317138428984
400,2.4266725364834487,32.743836941569256,0.5093114003528334,0.619652521904706
2104,37.21404696470821,29.347278245672587,1.922392351683386,0.9423977222808001
3050,37.30467310971134,7.79194924020592,1.0300841098761504,0.057466629687170534
2233,33.53628700393616,10.530826924643089,1.0129481116698131,0.06000676498476121
2445,32.18168940598103,13.011201051767419,2.4165158416487156,0.5547423726176371
4700,12.18585660837631,45.98308285437511,1.1167545948605007,0.9600757960943292
2835,1.1172466883145604,37.96975458984833,2.3191453313309873,0.2204736423667888
2513,40.43576984427199,27.64334097684391,0.7476577455417008,0.3307919697162005
1773,24.556926784791344,12.60284642720234,1.0015656497604328,0.09864797454787366
1096,15.341906535130917,5.544576162208559,0.9907083901686553,0.3622472304368498
928,5.096595339028504,44.93796129899874,1.365197080786611,0.044332480020079945
1951,3.1360795450694203,44.63330079114585,1.4606182271348804,0.3890939977447432
1973,17.443336089758866,5.534779784784577,0.6203125726056722,0.5554877749420309
1554,40.236853238347024,39.86083330482481,1.9839606260427967,0.9750048266842612
2778,45.93618746669152,22.332253465495633,1.2413148866919812,0.81838797964195
4421,44.83756823065323,16.198346641527007,0.017608883797018693,0.8220654107753492
994,46.000041737482746,36.95522681043536,1.4783515832917005,0.22814432457219713
612,45.386267156467134,30.716477053036527,1.995148603822841,0.0872347021688451
2593,26.361237580019793,39.00150537966687,0.6261668445386446,0.6030747041042436
595,10.970781927845191,3.7164430316468544,0.094677523404815,0.5211381950557674
841,39.90232914184102,15.92935099787282,2.017946639126807,0.5165038765776313
4439,10.68564874262895,15.965842520836787,2.4406917899290677,0.10900798620070984
858,13.360363837828453,16.487654614388276,0.1914090366622559,0.4938848942633258
444,11.662716091127423,25.123993632190274,2.3450920183143027,0.15035574059956835
1788,25.749120184790293,14.150690154047368,0.8981860299401551,0.42211459371183824
4317,16.091375408453995,22.219180504375984,2.353599021470219,0.06216263264481603
3454,7.707802481267073,18.38887965577079,1.622098310006117,0.856892599408569
3952,22.65867059469412,36.76480240102556,2.2256107811210333,0.013180086305917826
4687,43.69536193925835,30.175039783752506,1.9645825626285336,0.9393231394453297
1030,28.52764274749861,32.68147161586577,0.06999435705156709,0.8628918227289389
1295,43.91678029437935,10.529194704132221,0.16360625581263472,0.752608072569303
2063,9.79360925395687,16.275108266344468,1.3143615127963602,0.9825505822857247
1447,8.348693683627701,1.0582723806037142,0.3240475496122816,0.05381999712758312
2045,28.778856284921012,5.418735364658494,1.1525855978928787,0.6415971060523467
4619,23.166445077313654,13.252711599444368,2.386575746411169,0.849302090471716
2850,33.008632082347845,3.2731860651010525,0.7368932188862107,0.12661709653076936
3824,39.731339551339076,30.131620017735123,1.222281784539352,0.5847749786665273
2068,37.565364782608825,49.90650579619126,0.9606490751701735,0.3939219086946718
3761,47.113058682928056,5.0407607032694255,1.574567410620621,0.43582711334709334
2275,19.91282045785058,41.06151063346326,0.4846123266288971,0.9125240853852262
1808,10.319337112409038,5.940812363257359,0.6498482253357083,0.5386514502747324
1311,27.54563199739429,33.4957009398218,2.1469196284100254,0.09326204484632417
4055,5.53715600955928,32.15788015295086,2.0283405596508457,0.9372161738444289
2451,14.442556166581571,45.13584674055996,1.9729742221766011,0.1852111705628955
1089,10.394402763157224,5.6972806840256185,1.92729902329474,0.8926368164720639
1672,19.828185839854047,15.77222330409489,1.1485937336539476,0.97092072108536
3675,5.560828750110769,4.538988017734286,1.8222269313305206,0.8778374631606956
4532,1.5920872274048925,20.369166290221692,0.9680120446802944,0.6771337778089205
4924,32.83970023150159,45.579658677872246,0.25177395047370044,0.7435518198230903
4354,30.512448914490243,39.076157553092806,0.9834366041222309,0.6998672437647552
2003,35.417946801933056,36.145005022265956,0.3966576105698272,0.46052438785506267
4198,33.0193220135672,26.6513752431351,0.977129201581274,0.2744197187451871
4864,5.714734057119175,44.17428711677614,0.7435630384072165,0.2850027299510297
1124,14.553944068782315,22.472089912066416,1.4979016676698123,0.7311678612861375
1221,6.476330495017618,7.484283355031912,0.9038510387460585,0.6260364483205502
2860,42.14862010242816,41.87926115603896,1.763974158447946,0.5848840339691468
2273,37.345182767776166,13.981916402586341,1.2803667026191234,0.6526088379243976
2990,10.076350145912121,2.681677051222403,2.2987306962884997,0.7747862354308889
2510,17.06546202449467,6.301901533439569,0.22756358837596746,0.7483409146455335
236,48.33074961321071,30.45294580970741,1.7192729716033306,0.10539640579240184
1144,29.707967893982573,30.354098196058626,1.6809921939250991,0.3630350497067144
3253,40.05777986505786,13.009158554101724,2.3765663685317517,0.2639671367840857
3782,13.229551738436458,36.35900739729895,0.9288796676091313,0.5382386622241452
766,10.502646008965261,38.682007769976714,0.7635949242804058,0.061416082371578806
2681,39.19584644232742,46.02513130668091,0.43098361053414136,0.762464047492507
2665,34.29362276157201,29.246874933911847,0.663221288388234,0.10652733376272383
1759,34.04889646058818,38.97116820737864,1.2547269318878465,0.2714020259106179
3491,27.631729091459693,37.654983988581684,2.0942824048999427,0.7827415052210476
2815,28.17891713882744,12.890452423359644,0.7107165087016032,0.05155998291870845
3513,36.78487526531269,15.511296396882967,0.39435529164347644,0.6602010685559916
495,13.500124056059764,23.924119787643573,0.6803211776854218,0.9244782717943864
3180,17.638423292847786,0.9519483764624248,0.25231743757121144,0.6176378171877879
3930,43.581838526002755,14.869888657886177,2.3167385407699905,0.7126574874014109
2072,15.443260050607888,23.694143667211897,2.181560380055618,0.7922668725225469
337,27.315478568964952,5.403464764057187,0.7712292924628807,0.22224632218615148
3949,35.1319732003342,6.313794388756272,0.6174695398296676,0.5809639180125632
3108,49.99624134165882,23.161836786867056,2.263493285162289,0.30905671603018914
1817,21.764566574766597,36.54825157929656,0.004429878302389945,0.2494953792253053
136,21.40464383124719,41.68744654603416,1.5014438199783666,0.19245641508555444
2555,42.12941897168337,27.31569487523743,2.290009402364176,0.5854306153027108
4415,40.27515556299316,23.737449377336556,1.271393722265882,0.7945319265538051
915,36.55379408672743,19.21402842298776,0.007417398999084723,0.8758890641884456
3538,23.161481870451446,9.64744962188031,0.5471785734628892,0.4285859461418594
2100,16.19695600803579,7.328100140718235,2.3061039847298352,0.37289900019793887
2907,30.436524129242432,39.594822583090405,0.04255606044957311,0.687306902100591
2914,43.811164656582044,23.250331610616808,0.9869494151580036,0.7803592418523506
1982,44.188872910429325,39.516012273987734,1.9743618158324456,0.2533193366723966
3870,5.4249172535219214,35.204151795031486,2.0952274842125087,0.29729088421103667
4528,21.41751419065753,9.694795719168942,1.1940198315716752,0.5333933191509503
3567,23.236097809937473,25.515363210561286,0.5812093793321313,0.4443856878399437
998,48.88076837618766,22.200831521134035,1.4992617942153974,0.7057877330597222
2147,33.89990076212923,21.193675304534835,0.6594450788932538,0.5044849909877459
4694,20.362320863103527,27.12855246019069,0.6381606449897909,0.11159910572258269
395,1.30289429927965,49.10409505377189,2.0189994084925327,0.16595319478810455
3598,28.269258004959795,40.64502988353726,0.3856645882415327,0.9019088438206396
4510,4.8037987819178065,45.185621581519584,0.013803696004976995,0.22739836482992892
938,41.72249786738816,1.4819791588018771,0.8419380425146228,0.050086091417900214
1636,37.625933028518105,7.016818339625297,1.227434887487575,0.7314545582872253
2724,23.02545799540894,4.238183011228175,1.7627009797383093,0.6840111438446408
2510,21.460538977084987,13.161550253263831,1.9527881440107215,0.6000760186548199
4636,44.866948278438436,22.094624598332523,1.6587980278340753,0.5022561544647606
1649,14.42291752090642,32.10266238279448,1.5662722007923167,0.9695803540468195
3690,12.45099810533854,25.0415633143301,1.6643718057985877,0.11983229591845335
3435,46.9598716412881,45.15919574565699,0.6788162939527476,0.5101627825781501
3201,40.46229183767413,46.99279794469319,0.9559033074114196,0.5640449434700436
4179,41.03127965335973,8.176047559872945,1.5410912524989113,0.022492918380839333
4366,9.759690713796276,42.64564601323925,0.16392665088493213,0.4119924248043385
2291,7.1647995715467205,24.08611020066505,0.7383133751696391,0.7828021253886411
4483,1.301477490856745,22.666473565869218,1.0160473618941326,0.47109875524293243
213,11.852075445934002,39.24696742422841,1.3336017071348398,0.8752784497909168
3237,38.70952458571624,4.657025452243829,1.2162052684024027,0.6447989318894592
3862,12.001920938207489,44.124656370957325,1.7953296953849842,0.7660853640498742
58,36.45516417974381,33.543167727380734,1.1835666885411529,0.80448013519236
2930,12.595413268371075,43.76308038289989,2.2603249595624724,0.6895002394401333
4938,19.764624897533583,49.72387888538114,0.9507958553810434,0.7493806600263511
2971,49.15811449557042,25.900222617862667,1.313429265440391,0.6953105398212477
1527,12.24058656420678,4.663109895446449,0.008025974005066994,0.5504637484536232
122,18.818531364913383,8.326193146544325,0.7761948911154735,0.566532965595433
3719,15.054359023260682,16.180912127715498,2.1664324432849806,0.1898847826368013
1436,5.481249316500114,5.177647106735478,0.833940986490729,0.8274392333790569
1162,24.49470710654125,40.76709130688849,0.632965833331155,0.3121373137718988
3300,18.934533166650112,14.843392551638424,1.358842406105554,0.5357368824653311
3345,34.74435429036401,48.794309400993264,0.19682524610518115,0.24954555794251598
2486,40.87972734757731,35.12957159659278,1.3290128291259982,0.6958649791062275
561,27.212485724781928,8.671518512777881,0.7591644956054708,0.9751689521839356
3981,1.6098211043668431,23.802132347197013,0.9577572246859689,0.8019402346474074
1737,30.94611781173608,23.344211081666057,1.978412510842862,0.6190954818875669
904,2.76953650104696,24.625582916681694,1.654910046535296,0.5675065337421009
3554,30.817816179951247,26.78455853214678,1.115265232809607,0.48977125735292903
4490,34.25149746345942,1.558654115886543,1.4437907827123486,0.20497143176360022
1726,9.888381380875922,34.31505628718117,1.917146888300573,0.3480100518442455
2923,40.967307436088554,24.359588764422163,1.8644593629904707,0.4063940741713006
3531,45.55425657870243,39.54826994343495,0.463304276377946,0.9445690748410104
3906,40.65434820569098,40.76747866302153,0.7522980549980118,0.42558285403601237
934,15.255459510604108,11.526756099585873,0.8705923274150631,0.586190354795926
74,29.332150622281723,2.42114732133889,0.4688557250125111,0.9224245406117588
294,45.74075745956139,35.16169280561613,0.03040363501576049,0.5184264078113431
20,16.033236311142495,48.888139423193714,0.4349181719720305,0.2514497798640344
3242,41.001391113271254,22.332899329045052,2.020610817703718,0.38100610659807754
1038,0.47375656308482617,12.980640479679789,1.3648011284811778,0.3755392004527829
4655,0.1823351392338135,7.833594729174048,0.854145067467952,0.7147175647021545
1109,37.98558301694837,14.372279869529253,1.5208611140736619,0.29612073046002585
3771,38.07237910635606,16.39597756857249,1.8495853133669793,0.7302885777603942
371,39.448859392614686,21.193737171723225,0.8860694575521566,0.8892427118867257
4913,46.501341894408114,32.77035616072933,1.1651871038374362,0.33607301171371184
1174,5.895315591014211,13.658152804011353,0.16053304167528898,0.13534110024576906
1164,11.599249249184417,2.5488381734337984,1.4927263405311981,0.6385543509686428
1092,45.186246018690376,18.663930578635977,0.8910177388804617,0.3608544675239942
1283,8.861809888617673,42.781480807953784,1.0838091190019692,0.5339861671445779
2011,34.1114633788292,24.91757554259419,1.0565015448673118,0.6341656318396107
845,26.52315000204077,48.23918788727049,1.581023221856357,0.4077429440609115
1991,4.159683842575363,25.181076554436586,1.431163372386202,0.9246944517900747
520,14.263183097076643,13.794940846092391,1.05526511944142,0.39961465417047215
4466,26.018610822048394,9.665699862260729,0.042387553726821736,0.3073743272400289
4196,42.617505834191704,34.72622483927882,1.552406536578448,0.8856752210988875
4756,35.376924480733685,26.819064288871818,2.1989436850858177,0.1363017234258097
242,31.09415807274665,30.199946449772074,1.923878928984744,0.12420892878559009
2800,24.80164449707074,37.75633946670656,2.4540390806252055,0.9356982076056258
4607,14.934199190706716,36.295173213244645,0.3476883450517834,0.208968414109449
2896,5.962245565963059,2.168165008411349,0.5563001319696342,0.14843740362464053
2602,20.453801728304775,40.12859526475141,1.3481686630549476,0.5351683040195485
2273,1.4259246955646288,26.63516535258557,0.5897042558595161,0.04678846621029753
1541,10.55279446334253,19.58542654073863,0.0863744532042246,0.6200150007275601
2765,21.624168793632993,26.875971313403518,1.0057206904098654,0.4529307983390647
2114,20.930259283595753,30.622572422866252,0.7191118353849563,0.6404119644147335
4491,2.21477154984962,7.475315493689849,0.6594021141472071,0.2839369035327505
4707,29.453007676264566,20.87076976632225,2.3829320425606215,0.9054722143489417
3083,27.48421279266181,16.77931050940919,0.5961352906636239,0.2705807127253457
1857,3.905215201045642,17.52044724090192,0.32358142796849454,0.6375646855428606
769,47.15815262302196,4.566746920365411,0.31329814476962786,0.9450918506276247
1422,4.969138947543006,7.99217440001152,2.015810183721323,0.4008092883412826
406,42.741707561866804,8.091603379311069,1.7871201863168507,0.16142652829284498
2972,0.015486595750296983,18.66123716108239,0.3237154889176555,0.06838247591183377
1872,44.114054752269155,44.724577243739574,0.5493827971519658,0.9630179968076062
2694,0.9859866102156278,10.301368596047134,1.8683575211088257,0.7637014859939389
2269,37.8906015946058,20.809625383740226,0.6865409945865353,0.9189520600707842
4749,18.084540565012645,15.580470764956894,2.4538551878933803,0.6988330531598115
1181,36.910840006815995,39.36916562756691,1.3514251665522719,0.3424485041893569
1439,20.087260271248926,2.5063216160408075,0.48001992602522053,0.12301658598338017
3053,3.5453961165920864,9.82716977679452,2.147021136281833,0.9293068592750007
3333,38.3753347697682,10.53207711773972,0.7986888647430879,0.48961904413094115
2897,3.5626342660682484,49.64814001566156,0.7220183876609445,0.3965089962776228
2903,46.1060217980609,28.53875089831518,0.8186030836287461,0.5777920612391232
228,2.5487017895830686,6.947913219175911,1.9204931205575941,0.10655932143106905
3959,23.966263888575774,13.609956963828274,0.43303237428987035,0.30920381937448393
1893,36.15172154253978,8.391104706146212,0.954464450652345,0.637876107098167
1313,19.662323239601886,6.2302284809724,0.07708193196102608,0.10012294635715524
1070,10.861673729621735,39.85910142039463,2.0665665433740195,0.1352427589648839
974,37.954548069801355,24.787631433017744,0.8517969157675132,0.5105878640910555
1738,39.21473523943632,31.560506842439068,0.620432299520936,0.623457124601091
3285,46.134749197718364,16.5625623495998,1.4497331059387482,0.18700170579379072
757,18.808255521553885,27.68475430336647,1.7624797093784383,0.03308463445549181
3095,25.312586724866343,12.878451626184855,2.0322400929573576,0.9583668927667561
320,18.1564221423036,15.40181374641174,0.8694623637476697,0.027492657882556837
2321,12.85409109256841,32.61189721833665,2.030752125372674,0.0020520415206412013
555,37.551648076880426,7.517506295961512,1.1622025009286454,0.3233405688281997
4939,16.982592250847773,30.861092958373092,0.2528556688630623,0.2224531687755682
1386,21.407472099617603,42.61174082115636,2.1157687067894484,0.5735863620982109
4763,20.183682881201392,6.021161309038453,1.369086955261536,0.8942088768410802
3047,35.633061282337295,44.87306402849895,1.5061739298684638,0.4811076724393146
2427,45.88978130553399,3.972284014944749,2.3437281742368383,0.7733012088169706
2004,33.33780306536887,17.44546134779365,1.3978787123481382,0.9092270384789499
1930,23.57912980471163,30.525465761899728,0.013958826694972504,0.18939965360620747
4841,38.96025573694417,27.970738005926844,2.1765396025077566,0.4883108861220059
4770,32.04856620610688,4.819553624721673,0.7118777008086499,0.6420699995987295
2163,3.0305178558906745,39.94565838929265,1.2544173019600093,0.3318832379203446
3867,4.783179320942082,48.657664657262636,0.5122165064035505,0.7397521109884252
2426,1.8958472036816665,9.061414459188505,0.7424589211374335,0.705314975221825
3793,22.840816310315994,44.75654849077314,1.7166221201675846,0.4210942841514196
2513,41.29267171694824,27.840472105587526,1.0739333775947848,0.08795375342446143
3803,15.654158467567603,46.79668856226637,1.5678265764534678,0.011568783482579614
2327,19.208009154624083,8.804297920838057,2.0589392282823775,0.36934956216085046
617,45.473855418394535,39.60106965897123,0.8520550554658629,0.08206884511759827
2165,41.845172265832744,2.9890787722665566,1.4208500958151025,0.781624443208261
3308,33.252405619128,44.15982234013632,1.9439697334328407,0.33432578326898077
992,13.340189104612566,33.707971109981685,1.7878079819234367,0.6660982757916968
1377,5.852074134422175,18.5127391961215,1.3496085899546273,0.34637898730045835
4381,0.8029411340056858,9.523341174892508,0.9584587768183878,0.7959384168280181
3174,5.350533630221044,40.82665492836024,1.0187549530825437,0.8884124966197812
4782,14.629822181197138,30.16206606974058,1.082838029990664,0.83751414926274
1305,27.589503178974784,18.020792647400068,0.8721138223653796,0.4844735639798533
4833,3.200004137619344,22.191791240125813,1.7476890872242448,0.0839516108698205
3078,6.811388915922451,41.327132803618824,0.31353813067957426,0.3717111057934295
2686,9.054035115397053,16.946359667843385,2.418635301793192,0.42445599470508266
2983,31.599104649165312,4.481633905496435,1.9474637549288505,0.9602540108568747
2523,30.78948994900622,45.56410861017363,0.7454076304169346,0.5654973052070956
3582,27.538286318607646,19.36718698290173,0.10636892317658908,0.6408462328964416
1485,12.52507123479698,17.419375555760674,1.7782579309473154,0.7820035810020739
2100,18.5559845609366,10.219980943796969,1.835897612424583,0.5682024672103387
4581,4.834485816887152,44.87112856141728,2.4090565263189414,0.5984846091827619
3715,11.323030187902743,10.875266684391693,0.6342638939379125,0.2453277973346053
2001,44.885261323629024,31.833643400069185,0.20681272551055951,0.0588666075612756
1387,48.98458732179142,44.03825058040515,2.2878368942960816,0.7213858791090356
3183,32.38297928201474,1.74568073016087,0.646622586531938,0.848684697354426
1030,45.84116460117101,41.43958526500979,1.8038286183097045,0.4120001833251038
1765,32.13709502007126,20.529971084488725,0.1516490945691948,0.5489144532482098
4763,1.659824305273494,32.89872876326059,1.9014620124404176,0.3072852273357036
1220,49.83812924932045,18.620228161277698,0.317564742842851,0.45022059346573473
4930,4.9476150843267455,34.7758128173747,1.7389658701040087,0.20888972626645508
4971,34.132090072253035,12.714745727884956,1.330857619633512,0.759886808104961
3806,12.641810153739502,1.0965271217698136,2.3887203261681513,0.49191178777509514
2414,19.599055645348006,47.38937573939768,0.09229410769335755,0.5471565532110789
4345,32.29670924004691,0.8183882020041389,0.7301218645001453,0.03708807826122318
1618,21.824367465385354,41.204964481675354,0.1737722933356095,0.6223983922933474
1263,12.527302946556413,8.45687966612369,2.197994088099297,0.20265581200778948
871,16.722309343916237,19.611011430101392,1.4847528841527693,0.38339464436487214
834,17.077405846158815,41.12461882530279,1.3374240308947474,0.41271570009584213
2822,47.96619522541069,10.296607515617268,0.3286447302907744,0.4487325974880907
918,39.93065079617255,43.285380276251786,1.2225806432826272,0.22743638911476327
1724,22.927438573970004,24.88794695509507,0.9967591379395385,0.8501102247156406
2413,9.991046017068205,18.307673135863826,0.7893796703475581,0.4278501507046225
1313,40.5508055131328,33.121887336816805,1.9304723887464859,0.6121344579082613
4498,7.859123580418675,17.069486099047875,0.1531900995836119,0.613937545693773
2105,10.523110857100171,17.364417949817852,1.6167143184055044,0.6069846744213653
2568,18.30066959200756,36.67631954691516,2.0574825780055295,0.5593180089495972
1138,44.0174097925995,15.491611226955392,2.268268207150811,0.8226257482647886
209,6.589333431705513,10.038632417721255,1.8647914868885254,0.8126178137471891
1064,6.111709642726304,40.38230639982861,0.7061391971455389,0.41714457260485904
4911,24.6987494152633,40.26855168636159,1.5012686513092586,0.6358460481306217
2220,13.820527054683735,24.879285185343463,0.3535090272858882,0.10282924452668674
233,28.436397082407993,26.332780808147753,0.29265155936194,0.09077267826835012
792,22.581834234161175,34.80383128838193,1.5965603553462864,0.4799164055212619
3110,21.74795531756084,25.46371458812167,2.127769136460507,0.9002040236060214
2166,5.598648524349664,20.851997948461626,0.16812031424904728,0.6499997025236955
334,7.052484512492008,49.74470966483729,0.2650093303332468,0.6692164226475942
1359,41.0539288723425,7.382021392627946,1.4140182685733924,0.1576733120795013
1214,44.29413687858722,29.63639896199303,0.5455296525483505,0.45330444426883887
4419,11.734176644262512,44.29315130378301,1.5295453069441196,0.40079094498449364
283,5.673025076238453,34.36075205905574,0.5363595631383498,0.7829783467541931
212,2.6708335967255303,44.04616495441192,0.2912049357651486,0.13782409677226803
1658,30.414880687094843,16.81673601773363,1.3639374554120685,0.5391910073308044
4078,35.76766062501028,13.59964881301196,2.155487845081547,0.9113515025488518
4847,18.640499460160274,42.56361934510524,1.7128049303763249,0.892459889652398
1417,33.98379337453198,19.705728809273026,2.046812843839912,0.8523371097477204
2386,35.6479407779763,35.48411615286556,0.6658379359751208,0.3749853129363834
1794,46.76711406984527,7.387428920705713,2.214946628242564,0.9411006906550579
104,3.2436818917553625,37.791906268833735,0.9425979364406767,0.8053005086593719
4865,9.614586161553989,27.449132451243468,2.131119169642484,0.8511413192409033
3893,3.426299379849407,13.430581995523044,1.1779389753718152,0.9323537943249872
3845,43.399696666805525,24.725198197945254,0.6696441184012405,0.9370012656140809
3690,39.629358001678426,34.84718129198517,0.6506470775669824,0.24006496325999083
3292,28.73210353109195,0.5943204423691839,1.4191697109116321,0.12768771177716687
378,4.183170502559158,31.87335294070647,0.19752567551711453,0.6908749435713153
3293,13.665617932685981,27.07953891366372,2.3251404864712715,0.5632139566371424
3329,14.885992402925845,11.01430838733663,0.6786587392463392,0.3274265056319321
4808,28.037159800770855,37.64905369880984,0.8390620446146382,0.6844495067770157
3438,12.902194701835773,15.173049231660057,0.5832538843530819,0.06199687731592174
224,3.647993195647742,13.843046577328238,0.007519901401803475,0.04720831649588342
737,36.53811509266497,23.560917449966134,1.7313755920219944,0.3543105842017601
235,14.954010582770566,33.807483921118234,1.4763822525855588,0.19384662343216086
4278,22.61870885116503,46.44229879381272,2.024111350492789,0.7185560507375774
711,6.383331749115268,7.067862156605198,0.10252693362745119,0.948021837908192
1888,40.127415169728984,19.823406037586683,2.3216391118333006,0.6616274136846255
4718,28.27659384620288,3.3494796256314965,0.8272173501509139,0.6547843671275638
1259,45.079281310493144,37.92753737358712,2.2826746562644846,0.006595573419583167
748,24.77357815326667,22.386644484068036,0.2678287051688488,0.5122769717246302
3986,47.071283590893984,35.34645675940926,1.8598014536741028,0.8171013201751595
3551,44.5934102190663,16.109721198814363,1.4483955785808165,0.6541203653380177
509,28.822992822961695,42.21586207031617,0.89547803813146,0.2277823846488345
1823,46.694671907493166,26.741403912005733,0.19785598983254826,0.8484752484272008
4880,16.154437364727613,47.180391091182756,1.5118412746168515,0.9643767242151823
2941,18.282108135210567,3.9407319572017094,0.06609970768478274,0.2789928475002704
4232,2.273897565301847,25.713841227103718,1.2532052478650189,0.2070943421658067
2134,29.460045338192653,38.322762299884936,1.5105214394841373,0.3385269046526759
1777,36.09619849644667,30.007632403680734,1.831309368218805,0.06315828387767108
1222,38.67595951210516,1.1597070213421379,2.478336585562115,0.8734326730868756
3667,7.490814302305165,48.61693391719404,0.6502342837694122,0.9292994805324811
1777,22.207953615625016,14.91318465379492,0.8059745534336876,0.6333030396331303
1304,8.843160604695782,12.463893318319103,0.85286336702248,0.764334812853446
4859,33.10636744271244,24.282993780328976,1.8289567796470876,0.668650677435156
701,7.897318621088406,27.107905376167444,2.3295481706402845,0.37735422928986906
2989,45.208184197803746,38.31440687949127,2.435809373953897,0.6320423620542658
151,11.531732283070667,19.663682882949455,2.3645284163953226,0.8363201708751129
1325,14.570113314412241,21.99801882311061,2.1984575192881084,0.8099074102357671
1301,42.545316107549986,26.747995796691548,2.4774434345515775,0.08105752641667452
3722,22.92338050728619,19.71935498708203,0.9398643170862422,0.46260096054311706
1711,1.1997972900036513,45.7274039550578,2.370803299996766,0.39732146395725
806,24.72931256013229,42.56259833171261,1.902549905989779,0.7520087457798647
4330,4.227166769006152,22.748684753893915,0.42114964881994565,0.5013759395457833
2722,49.26723593436553,0.009743116865856827,0.11366296969300582,0.3497011085694196
4656,29.405578522780118,45.04672477646403,0.5362098946758056,0.7063497605932015
1325,12.826630880548922,6.216828671973262,1.9468778107190654,0.47357852033589876
4133,28.18588397738089,12.225620759702311,1.5792422030647104,0.256624027752975
1159,3.843355169087742,7.61806421826991,0.5608906433667129,0.8904169226102256
2869,39.99456521344085,8.990778499051189,1.8548036361783982,0.11304784815305169
4516,46.266402693208185,40.14387689449174,0.3533055985955075,0.018087706885486554
1242,43.72221941030798,28.97507208329621,2.0546034846467363,0.1439110326480394
347,17.08788011492814,47.804758156267425,1.9854024399268302,0.1636432534973442
1831,16.288405982168424,11.572675616185823,2.4314399267651208,0.5380422000475656
1569,1.7543805608149998,24.2817454065617,0.3756989115732953,0.6248655006370375
3935,32.57001793504584,48.8714184541235,2.2665324860365006,0.44861113405879915
1918,26.745239209489746,41.32217571373849,0.8527566593045963,0.2041712452789758
3232,22.96731856636707,36.430783956024555,1.040149661988279,0.1321908987939252
3758,45.38154766673535,9.448760068539597,1.1711126572169237,0.4921519691237265
2355,8.393945054142316,38.470270045485805,1.5672601330063896,0.565483087619812
1397,0.48331333450911673,17.378256129795886,2.486908425295107,0.30396137170347404
2780,3.6658226060382715,26.526844852337884,1.4998970076380829,0.22043994734097416
1824,11.168571891368446,30.45806065197701,2.316789662601018,0.08059272684742724
2491,1.6642774631728474,30.468185576212704,0.6375705052118075,0.026244486992232696
4060,25.142185532156773,36.32617359567582,0.9960291545378741,0.1057364308361799
404,15.704522761678902,33.08510463211028,1.261248823596452,0.7420794122839406
1721,9.024150403406633,3.4185439655294916,0.8072549744666768,0.34401865015388944
2825,37.50420374743311,22.867351297455365,2.442167757410825,0.027418915401902222
3845,10.222566311626501,33.20108033599896,1.814208884743068,0.5081652718543446
4210,34.38025504968966,14.799649108286433,1.1972033804564002,0.5360672668886253
3192,17.463245292381945,15.652834360819485,1.8782617530244847,0.4286887796123935
64,25.59138803312773,6.228377387730777,1.1686062477066281,0.11068281203548591
1299,46.693351992565994,20.930749298742768,0.04306331841981509,0.7549673976059635
4920,1.8675817407906414,49.34152171530874,1.3579835195258403,0.6890815882366191
1415,25.013225373873095,14.265968064401868,1.562963046903004,0.3947291382715882
3593,42.72114801638091,26.571844634304902,2.4530185467964043,0.380815356748068
968,29.398712418517427,37.16186263895422,0.10198212065154422,0.15593511494594314
368,13.843525848257832,0.6748635442135331,1.2802423936378347,0.7535493470877495
232,19.884056757251717,45.02197797991494,0.24538689177090456,0.5995739043397662
2242,34.01328143642873,19.327509236246925,0.3724897539274011,0.08579344551294565
3083,44.540594715690155,43.45579933554911,1.5261583474211902,0.37806345843691347
920,2.05331868733058,1.9473829449739022,0.5789192806662433,0.9035609425685026
688,3.576941094518821,7.283177593183793,1.8729352782375615,0.4523746016562262
4272,16.252576180479377,16.12647272387796,1.2854967314881818,0.3249274993005772
1469,11.63898422187395,17.27308865316394,0.5455322129143431,0.6437840754485948
4725,13.246544311120301,42.389711151400824,1.2344791940026625,0.2029723776840583
4259,11.063499931294047,0.5600557694117603,0.002204317270301792,0.5238033982071795
3622,9.791252442757886,32.05558882348398,2.156850109144602,0.6695227535636455
2100,6.531198343464589,6.565621808927514,0.031695942639407004,0.8548784159750777
2265,46.6977065897619,41.16078253555247,0.017524731230456336,0.69250430277787
3789,7.209473195307653,38.92866329789562,1.5287598579491177,0.3844097971685644
823,10.220188738276809,24.99605137056003,2.4338023144752072,0.767800173348311
3431,12.313286199039286,10.634361275618758,2.139833710884947,0.8983999280708418
4151,46.65074365652103,31.724769548277816,0.6300472814736291,0.4777636246599396
4213,37.78570668005424,7.812915882882282,0.49166702786921423,0.004500785483282366
797,39.48497151577573,9.501189629632673,1.5652804515836385,0.8809180259518441
779,5.237912976924902,31.334495111267884,2.0565943675551934,0.16544199160875095
2850,41.81549375078358,49.56142230443122,0.9051966772500744,0.12632550498037332
2892,20.409654090870898,44.55304186262731,1.0808864759176897,0.3076785657400315
1893,13.141151310619437,29.655367884183853,0.28872378419437794,0.3799837453907612
3306,28.787504176015528,26.92683843837119,0.3820660531383979,0.799376698186652
2902,41.10914529083669,49.91924400040543,1.420878987565052,0.38918338511312867
4803,38.93260755374547,27.369857381694686,0.2566403643710924,0.04882116635418332
3718,44.49987412905661,21.005826097972196,0.5051153119897525,0.6359616799906118
21,46.406609300772196,45.47777678876707,0.5866925600297102,0.6712210234300083
1500,11.906103571387478,11.709214793464412,1.109811333034076,0.8142209208321036
842,21.192894708463584,4.876299514840449,0.11402991030909054,0.3988660806611317
1760,0.7314269602535006,31.704501718091514,1.2494274292323464,0.08607107620767707
3641,43.966082963253,4.79248168843745,2.321686015985204,0.5530622776945526
191,7.728607573738378,18.657426847648008,0.061159152797681526,0.12099738257750658
395,43.07374061713472,21.178869279086026,1.5774621630186634,0.01707532302430992
4662,16.469366099329818,27.376903352461657,2.0896059128788558,0.7785834718513456
4326,18.40667949905691,49.582977287398116,0.781152106372943,0.40341060033838405
873,1.9566127241929687,11.04908616665904,0.3287963625480622,0.525005172062436
2621,16.34393948826598,18.7878189253456,0.10834946902315762,0.662849202768534
4335,44.418184140063204,6.612006220532901,1.6097576485895062,0.40102766671123835
89,1.277370056080207,30.380676301661737,1.3805859505726708,0.05113159247739574
2279,20.316373652336267,36.38365911539167,0.5732374709799939,0.2527436577079606
456,1.5699814906370568,24.103841161793945,2.07904326907937,0.19434119133794547
2280,18.54617125545325,12.291563414498551,1.8387658803808584,0.9773940208242655
4449,8.63203203901456,31.044413459087384,0.6910719624669579,0.7395054540254599
1004,12.610919663418601,26.957886168442474,1.8834075571615847,0.45154999826319253
4534,43.87991865807095,8.559286170185887,0.6124855337519314,0.06336739645751432
344,21.80246103109455,20.284095025106513,1.6881686546659023,0.11585052247827055
2711,13.689899570095609,21.759854581759747,0.29636260268469855,0.8128995692714147
4752,29.46691889752739,49.13088768857165,1.730598658333018,0.9454490938370006
2462,7.1053479916291185,42.46429160777609,0.5969360474556507,0.031350184475328446
1116,12.969580371042793,36.71853941367969,1.4311733856042852,0.9103971226882759
625,27.312398380144426,44.43885127514737,0.4311596671297063,0.38056371338599193
4379,11.87615209240344,36.774220291435746,1.8149173689198808,0.21363266065367392
1979,33.956386870043666,45.170092756286664,0.15219893598262924,0.10223235741319037
3994,24.574565112976128,2.727655743975399,0.413544467006797,0.7717489419531949
1678,38.59945351273454,22.803310463345827,0.4603411996770912,0.46891048518181366
222,47.412226786123426,37.34491676209168,0.10335896463499639,0.8324237819352568
743,5.790244467370387,29.164789830500677,1.8625312904006142,0.22615715342496212
462,16.733250499227243,8.758308207539333,2.452381261849832,0.6785680368324246
1568,15.977453143920329,17.02460432642671,1.945994471029206,0.11812170486612805
3347,7.559145966862713,15.888718751334563,2.1515799053059887,0.08975068413476972
1736,40.51515686667354,13.0673456592168,0.015019150845692886,0.1333998503617515
4039,37.9939352019395,17.156777675698304,0.2946749094364831,0.8089013005603072
3951,24.221273541719953,25.74266442305605,1.397550848237156,0.65561973543264
664,26.88853888973048,42.7434512391638,2.4446722119854187,0.16596389193365824
1356,2.9772069001248127,37.10163311968782,1.651782327620509,0.3847722106851854
1014,27.77536761635228,41.76248520081168,0.9353417343451942,0.7636860097564567
2132,39.56707620098182,44.18018722815432,0.36537326370364803,0.28567438941388723
2668,28.69137867919286,20.807522804880364,0.3820892359566269,0.9212637123130958
1054,13.265318506020945,17.30131420133736,0.9068830057919595,0.9146027913502571
1764,33.37741361671686,2.8811690842080906,1.7845254933600183,0.5529008256947235
4458,18.07442149826238,46.524581093821716,0.07954822756227664,0.6319742691521149
2869,27.24366421428676,3.2911508969071965,2.130443978654096,0.6532183533878299
1412,24.378268163946238,37.05677576852352,2.3538785892245144,0.25846845775507565
667,19.058750048259004,18.90541522327936,2.222041151327078,0.365321388723987
3370,35.943899019706755,47.43903872495932,2.2825672734922327,0.13594111048988466
1394,44.19380559929409,20.98010104670645,0.03834819854565935,0.924871341653869
98,0.26062592384624717,40.83041756773582,2.4444807898747394,0.7238494386955521
4070,46.680825961518366,14.13274160818383,0.9158927872258721,0.046356266332647555
421,25.575756804161248,14.954435862192334,2.1732027959129367,0.5493874500979167
3650,35.03659401816326,29.77597049392171,0.4670221767490354,0.3430737347379593
4157,42.78122830879386,49.89913168537369,1.1163143566555922,0.8152878770614091
1132,23.355184615713497,25.878620898959813,0.11041097155994162,0.3438000878335128
1702,41.74870366824452,46.815431819664525,0.10018999210706814,0.6441501246008949
3620,8.880990972760111,39.31249141243639,2.3581902519240954,0.16574033345657257
3190,7.958376723990723,39.793215708861744,2.026516531322598,0.5587554896490587
597,32.873568442807674,21.797999456438205,1.3245651110344834,0.2938857325535492
391,43.50715027758686,19.32711250864003,1.3136454339113446,0.16488842236251278
1075,44.62130887680197,9.59609040454077,1.8718865461904657,0.619259146936456
2650,32.187022918862326,48.19706334918268,0.8541719539262251,0.6386412000153757
2384,26.274461510465873,47.969680622191,1.90467318965488,0.9833537811337866
809,16.56965438482581,37.35338671550914,1.212520949983181,0.6691060596611157
3309,49.00002077996657,14.812622492633476,1.5947935072786623,0.5157099385271282
3738,15.984784333312524,12.258977017114109,2.4120736252578694,0.9126208430847497
1159,37.20930536157966,49.430512119348144,1.178288893800654,0.8282808186884558
1531,26.599089995250036,3.327140755408875,1.0460116493661253,0.5487462784401786
4976,30.425617126267333,42.17821460706545,2.2643729348533963,0.5113490777408073
2682,19.67402752943131,17.772900024123732,2.25645123729086,0.9419691857158768
253,48.24115627361239,20.943485986361026,2.48104675470794,0.6171270439589308
3548,28.58411630496355,41.59888243744186,1.377157498270773,0.7137791691695069
3185,46.8893815229395,4.530150800267902,0.860653852566507,0.08667904214720312
1231,0.37957080869570614,17.708483926012857,0.600975157944259,0.7183056212492592
2423,28.633529159556048,47.60121385847865,0.0852408923791545,0.2646818422066832
3575,35.85934448626357,34.95329563856282,1.8168215605272136,0.11553792320629175
4261,37.254008558110904,37.74695824029452,0.5836904343386168,0.8496661088053098
1573,45.248844089084066,37.87526504777382,1.5166022130641432,0.691191086652746
2908,0.22008045018931388,3.028504158197226,2.2914809134109886,0.4075643122381304
4712,0.016507962973821844,10.160379663021557,2.375534018486317,0.4314167262080665
1625,23.613173039760767,24.56316280406059,0.01102533495077579,0.19711772220981638
3998,1.4646852502685326,18.40751162376876,0.792687578440891,0.009550995466275247
3883,48.72662768311873,20.545614656642673,2.093445073663067,0.3493591395693767
3515,11.103258727069598,39.07236893128363,1.3411130133788383,0.14841435968258554
3403,23.633236468242234,0.7339617533867637,2.018771833705382,0.4217267956873153
4598,3.0568815006111807,33.02459631606194,2.133308207094845,0.8338250879299584
4680,26.102420808562925,0.005511590091122898,1.106565549853307,0.11475436340271972
1958,18.997806257370424,3.152926278812185,0.8974573450619638,0.09175360213614647
4009,2.2330014438611876,20.4143059918812,1.1385831651263136,0.902102219965562
2735,16.75621333481124,42.047425990241074,1.6319880065606656,0.7451395624383232
4491,19.57180101114278,7.249788278223024,0.9178978822170458,0.053069865617590084
3174,49.496074563747,27.73107045643058,1.9374707217443818,0.07957048525758381
401,10.394293595968772,33.92526134133721,2.259981984212556,0.6849242281489275
974,27.238980768504984,11.476644208608027,0.7057780053968163,0.37034420214768615
223,49.36577745993143,25.61651276347915,2.412474110435599,0.7241732955444422
4613,39.60096039700676,45.57036415690961,1.5568131168132764,0.40445406930047767
235,49.668375044104444,25.611426268276638,2.1954219280493525,0.9677866873211677
3498,48.41491573300846,7.866153089382399,0.2597910881802637,0.6944166122606511
4211,24.476977104707714,31.39071483437724,0.6287478426405968,0.04661576484567487
3234,34.81879249352829,29.610009000425702,0.8025476985814806,0.3305017748773662
225,5.522156347057555,1.3477379899065611,0.7570553779362832,0.5636061861360293
2277,22.057441252340094,4.52972028737833,0.4296528914963296,0.14187363820035737
4277,40.45092711333487,7.839067757050539,2.170502368812081,0.0025203000752956894
1341,25.26676604885717,6.814453878093496,1.0465303532238752,0.0793081323217163
4036,35.134951640861594,12.973288528046655,2.4078255311669703,0.524263477696168
209,37.287566499213845,22.705266161778397,1.4586809169753678,0.632255090885571
3727,12.673457062144694,18.58581489494922,0.34598658911215774,0.09290337569421248
3928,43.784968647128274,44.532494570229844,1.3647617745848928,0.6651565239056132
4989,22.99112154545895,30.605470470316853,2.483862869310606,0.6171241572546758
2803,10.509255181077187,43.80721749809216,1.412929217748187,0.9398969820112626
1109,43.27079408942219,26.351966245879943,0.004673362823906513,0.8406754915622701
2026,20.890940305312682,4.4935235344669975,2.332699758976048,0.9432418637389651
393,37.515621918985985,23.16437245332174,0.5872360153204734,0.9661076231567661
843,27.401653611079645,41.10162734211825,1.7213226326723916,0.440808535979622
1524,19.09358761172502,9.705188358355404,1.2877003873886066,0.48791068127801074
603,40.49382075192847,4.560713937632488,0.8135843921022154,0.281621968289101
581,29.223496582230652,16.471736916913006,0.7065988091909716,0.5084324025948369
1939,19.528105121351587,19.44489153200698,2.321899656267762,0.1507146981992119
132,5.479893516756351,15.31288382029522,2.279814739799593,0.671430960758198
2838,44.772265688335395,6.7620392812278,1.282837100134448,0.024932534665029538
3385,1.7734792670833277,12.541992986085726,0.646237988837848,0.23562775628554977
3770,43.15936741840281,34.11412023010551,0.25585508042999444,0.2080716981913151
2268,17.998076244157772,19.296425814658196,0.391440957147714,0.937889071422054
975,31.966938175070293,31.62747223092779,1.3056293143515112,0.14490175170784914
1813,46.109986191784266,26.815188995936623,0.7695749014475228,0.8907754507830942
3263,7.585330775194921,27.45264699288345,0.10517035564989174,0.12435822136816377
1543,28.34752378194051,12.4274778973898,1.1379184632777504,0.6506979862804624
2835,38.221643118509604,26.07715163840908,1.865473231160784,0.31988596817333814
2738,37.87919163595287,1.1797356931600889,2.229237789899969,0.3160023685469916
1357,26.281595729975198,21.58718711624631,1.4632101142077234,0.9982711001214651
4134,31.236972995322905,28.631141159495755,1.808230309606115,0.2260428577929241
1316,37.87634970664222,9.099781067705464,0.9101761771623309,0.2025600679344426
161,42.05138188787059,12.827925312447569,1.2405954480423487,0.5893347490979636
1909,38.09065484379319,10.97655099078097,1.824067141275073,0.740752397028573
1127,17.700247159062133,3.527897763271209,1.819145568430736,0.9825045235234476
3870,49.836320052886656,17.392866057004504,1.0613156614237604,0.7014137742374608
1658,21.72513468596522,48.94828832259697,1.3591683538958068,0.5618710662504095
3125,1.223235137946671,17.694020323180503,2.3096383488774235,0.40913171775808765
1963,18.1308475792731,23.02683109184878,1.579994012358084,0.5951128089726664
2289,6.389147728692163,32.654362547818764,1.606436564216474,0.6008349967526917
966,6.07213078641875,32.42488755845535,1.9615507309634,0.21771149386432376
889,14.076752005344717,47.49474900093121,0.28805724078993206,0.6712085615338034
3061,2.668774708863042,42.878207019956264,1.307210729121819,0.20442379066440408
3629,34.42560942047815,39.697534355257616,2.398579340677455,0.4899548233953591
3189,3.699444210095254,47.58136128891553,0.9041509804402472,0.2598695126299123
2748,10.16447777179781,11.53826927415858,0.7373153660552276,0.31280102372975105
1666,4.644985724705969,30.85270973108963,1.503019914011894,0.6138770199960298
3066,3.1583865451515534,44.35983833610781,0.5527985614132586,0.06448511473780028
1441,13.387583276977082,31.20690791390509,1.3898628913091224,0.012034815324227455
1067,28.594948383018497,48.871023730343474,0.38913002714410144,0.13062000954764363
4223,48.23427782234209,5.01763569531895,1.449483651744764,0.16870697807449753
2923,43.777832717480315,21.966525139660014,1.5059479591129437,0.19787296804563392
4253,43.79669627226624,48.86814539543181,1.0460011975306571,0.7739310702144798
3856,8.803351801882881,18.978401428496287,0.9568660635967213,0.4468579670378786
826,13.245359674891006,36.97781875496522,0.6136456960011233,0.46993613384427213
4607,3.819665839765285,1.520145053932459,0.8273057695839858,0.6443341628555435
3985,38.923416995759254,34.741855731515656,1.2458649179784085,0.7291087684128477
2092,3.4908150742780975,46.73133662637892,0.6191472525727526,0.003508349553436041
3179,27.83478354104266,19.135314259500134,1.9570861584296564,0.8567253358051695
4538,12.393778616197537,1.0649918963464733,1.7725881033144293,0.9884348472741084
3901,12.172281701437237,1.3954902197741925,0.6732646678649887,0.12180743223842172
2362,49.53625276238026,44.60116528555445,0.24358790775386996,0.6510805836569036
2224,37.83899034892687,36.12580535481309,0.000450097459906984,0.0024137544009764644
1726,41.84696791455251,5.3343192113289915,1.4917971309537224,0.04902948617458236
2006,28.599134267200633,2.7295138525598284,0.5284093661341221,0.2850010200860553
266,43.55071436968746,40.24126818077397,0.03145617525384781,0.8464040844196341
837,32.274526958317644,40.49303164026795,0.8977131764800567,0.6525009014377374
4584,47.308685239817265,6.02609198960245,2.4049961557935835,0.44582093197232686
4797,14.066929302281839,15.076020194431837,1.7248570190745434,0.4385984736023928
686,29.76597728914475,39.001303228694475,2.1444092573061453,0.46605357435312667
3361,34.50656739684461,26.270603547700315,0.36184774565182515,0.3110331078010038
356,19.646865251390334,47.82924303626497,0.18322038654859096,0.8777145176255143
3815,43.985399120202665,24.05313226730025,0.028824408774306143,0.5678691311997973
871,48.990158155207716,33.84789687827563,2.3891557250487176,0.48394996352585284
1973,24.68847456863308,25.48916828707921,0.7505068383838711,0.46507660315710386
4647,19.532032740216955,47.14827478425229,1.1487623558521451,0.9358264668979426
1810,23.596896427822934,19.93295460338044,0.9863090590044363,0.7236619282196818
4418,42.63683728659658,11.489822758930002,1.8261423384821482,0.14481455471658566
2641,32.27342127590838,16.33169301404966,0.7749122048818577,0.4369701699432651
2228,2.2386186259047536,42.63876020826146,1.3386322065351288,0.2883722104145233
3391,27.108495522285743,24.896928175606668,2.488955662388669,0.9868686577301626
4178,0.8650061370484907,17.71261517511195,1.1101588783605907,0.4153957063131808
2350,38.92676855017027,27.213001090474144,1.378178851749389,0.06787010302978236
4357,16.415613677123186,6.661485363842118,1.2563201557770944,0.41121200146280434
4879,23.600374105866468,0.2679652312798042,2.0079653953400807,0.3213502806059353
2739,39.9339052953816,14.029234184674538,0.6670991350839375,0.5995826470782478
2730,2.322440864288078,30.250285989177115,0.4260950403569924,0.22607817522902984
1318,7.927076779580522,35.584038483069364,1.885232895662155,0.03597364969938166
1535,19.898018822255743,41.33054831759833,1.0390454659216355,0.09588037515889136
4784,11.49625817727803,46.33317796972348,2.284315022441718,0.28314758953436536
2443,16.895071288753154,20.605617348238404,1.610398214483494,0.3483226315331076
1772,49.90873689462325,37.025839977872735,1.4108577792793564,0.8344505400447328
3209,41.27072187869054,3.733646509903127,0.1761426370646929,0.2700696840143848
4934,44.19509074800543,2.8764999386040047,1.8260297628444948,0.03149305347604614
877,46.85273167828877,6.2398995993078294,1.7151009137823956,0.7807334832028542
2870,17.046794015709782,22.42845489153812,1.6001798112178869,0.8689175700889626
3200,14.853847889823635,10.564071924937496,0.6697738089267263,0.4923062374005278
4144,11.703124628603746,14.34624709689079,2.3668483041861115,0.28492723075647075
3747,41.50584556540613,32.39400867561513,0.8041378175820502,0.7721398801184159
2836,33.97759311425925,17.9261089401423,0.3805773918848357,0.00889840668199049
292,11.808599124143864,27.868577885901107,2.4680028873375344,0.9240282291078946
1651,18.849691460522745,20.62018783682961,1.86561569780942,0.8655316448773113
4631,25.335588196639915,8.448462775990977,1.0369672058154533,0.5448332099548358
4406,26.407002863687683,3.7009995127947057,2.339791077221767,0.2775811879097886
536,44.43638642758573,11.811574765494392,0.22779343591549317,0.03284488274899766
2686,19.028306647360814,2.8850234745522174,0.21915304106639444,0.9998237501968622
233,45.42620152502562,30.930597994490345,1.7061275465714636,0.7620737230386839
2652,22.06837801598948,39.785880073305016,0.44493012094710876,0.33870987580815837
2374,37.31863373961769,16.987038411870042,2.2928487879832105,0.01927197163878458
2272,46.512715999252805,19.35555276761791,2.1008979357471773,0.6392917284607711
966,45.37878519816332,40.80955313796533,0.765918060252966,0.9869040057516955
889,2.847643364784058,11.130645618678015,2.2220989556734256,0.7070727086326672
3863,10.285214748828492,5.95801325974371,0.10721921751832092,0.08371440856980528
3400,23.845271276613754,25.055905866554323,1.3715946318437346,0.4022783721735562
34,21.577714497655364,32.30950847666186,2.338906934272083,0.10918346272755808
4542,32.04458324186035,29.982721252323962,2.1384574473392455,0.9121605496009476
3523,47.23545254127061,35.69365226370904,0.8901833095024875,0.3304144709525808
1763,5.620235563897441,2.8375591086511944,0.45717608808658716,0.7333765293406711
3291,22.592933256712023,21.410080637918643,0.5263514710093614,0.08469035800910663
2488,9.620551894356966,11.928526197284656,1.286269695196013,0.12841469579543952
2700,44.705379919897375,37.95606297730121,1.491932359591185,0.6794876620506847
1558,48.229009290082644,43.63652420301748,0.08203579155909108,0.8434799483621692
4690,23.935084094517507,14.066787040320744,1.0338788980872202,0.20144995633127893
2276,5.200514886407037,4.760903953470414,2.0759677891097614,0.41833724599706346
4006,39.26473333613366,12.671398099569842,1.1108223755894928,0.6194170347031267
4439,34.85706752461995,5.200424452945985,0.4229384773735262,0.7962763392602725
1103,17.73354133051552,16.12110830567269,2.387150732547742,0.6281966103792811
1419,44.37037369844818,26.909928916091285,0.6656888498161667,0.09542592064257671
1478,48.791594489135356,48.684047719910325,1.9960706640851513,0.542819328334084
3914,27.89269245650977,19.968512717567926,0.4844854158473372,0.8846066814765701
3742,28.28639556721462,11.001996192731056,1.0579318230539747,0.8680237210239841
2956,14.875675255688892,8.340087018541753,1.2260563494370298,0.5850156077509613
1382,29.22530179916571,8.6519883069338,1.2515882398706113,0.9956962067708389
2574,21.982116026242327,9.62988416307296,1.291184670251762,0.10512372238435541
3384,15.109551346402593,38.11335112687235,0.5623688517244035,0.4785953573916528
1569,3.359259826195066,3.0513855716209957,1.289788804902088,0.7751236393527404
1894,12.635392985456246,49.87013534715171,1.2042818846943857,0.14103811811415923
2243,9.89273248388322,26.134319558313056,0.5217987428156581,0.9727497614828546
1866,27.102099227697448,27.213594715041285,2.470478898759277,0.354046545183645
28,30.08350108817969,17.878193934980242,2.1639084819663754,0.3501397539785909
705,30.428586215300825,34.51276797060602,2.2189408775562076,0.2131943011412062
1020,19.409050052283956,23.572817044039883,1.7139276259572371,0.28801746406659434
2063,21.0614866842748,16.453064248227488,0.39974257672939134,0.5775889000730974
1446,41.711921482032,13.256920185402144,1.420230159749372,0.4293542890509545
3664,23.81164067585812,46.282560346662976,2.0535990790684653,0.1933781783267302
2987,49.38866660685612,14.54947575262101,0.09684122172165632,0.8091399403164693
3602,21.980861500443243,21.8196629714921,1.2396077582190492,0.06223930712405967
3685,32.47904723089195,17.51707010582341,0.9903071999872953,0.8346527445002718
3368,2.51814994966979,4.308941371401797,0.5303118241482591,0.27493872464791247
3581,32.66699622094054,9.296719724113355,0.9456250094132943,0.4959033330959718
2762,42.5713197207503,9.475098766319102,2.4587437771736322,0.38106453858839184
4037,47.12289192666481,34.68247571948274,1.808108315904444,0.5706021133897141
572,49.866030581988525,20.32927049829046,0.7488427000373534,0.7959899951401754
4088,14.108932282461655,39.098378153532934,1.513387628702074,0.989319793474695
614,28.768503241285842,35.44754621670785,0.6166406007141995,0.3060591456539016
4050,22.535899276607367,9.602488319801882,1.5271097725606846,0.5538044123635337
325,28.19087402875855,28.145846006005034,2.2404167237123294,0.4660075487749974
3740,7.872647859492332,37.14544230244014,1.3921919998563808,0.9989281593131207
358,42.807478629797075,31.65214617378615,1.8333499386317067,0.808913630499449
3777,45.47844716722938,30.000825404399045,1.133347496790742,0.3970838585801928
2371,22.483083155646128,36.9805443700384,1.3103097941599915,0.47687905560764643
1721,14.021493078678843,2.8390369628153445,1.7376876968871966,0.24595659442659334
1349,7.041671382650616,36.57109736807164,2.031012512628493,0.7552473197488265
3696,34.18824123889022,13.632763157671418,1.6486284663136241,0.8452117863784422
3896,15.61159198103676,28.593612725467704,2.4437299847252323,0.9649868236229203
4260,45.47692849566943,12.115249734825372,2.049556469495707,0.565828896817797
1596,33.5506237422435,41.94087861034188,1.9429005115196878,0.6706830022374395
1627,32.28426625871204,24.0279677150378,2.1127539474525636,0.44605883166945937
2502,27.970105794912044,32.14706060124918,0.7030273385608726,0.6091285103376437
3808,2.2888169714362805,39.704102173836404,1.0801178848709516,0.3487490302401308
192,46.59612178427935,44.76576275356822,1.4111572959864769,0.7376891165206392
2674,31.396874664973,36.60310485346705,1.155965796106714,0.022700365754377394
3845,49.70309916915552,7.438428809520286,2.1186445455601994,0.028456849691983588
2577,26.867820238644352,42.72661847928932,0.06767129419808005,0.7161208901865981
91,35.50554459531065,30.928895793275306,0.5229385430820521,0.930682803125166
4234,2.8104778933111083,30.47248791901368,2.204266352504637,0.6322489344364464
480,31.586808841170544,46.06702799024608,0.147750344192418,0.7265282990036969
2916,38.23248057951786,12.441577783294155,0.5674707590219952,0.8239342912181676
4435,38.92571474262787,11.979380924701665,0.8781258259412156,0.3616742644635794
1075,38.50558261151427,25.659677734748094,1.8768514020292273,0.10811365755940838
2513,11.314131364683384,37.54315332674326,1.400451740417121,0.9330922872500963
798,48.769923880261295,22.362035411425456,2.386511756950828,0.9385705650024402
4570,49.75910603124694,31.69456949462011,0.5696875376824337,0.441840555572079
3949,3.7797937580800633,22.626236211135943,2.1803010124718236,0.21716965699461377
604,46.82232114058786,30.519359024348436,0.707283724373122,0.892354382769989
2979,14.472459715218466,41.11311513068556,0.6137456478164005,0.7084266970852532
4916,34.46420408754824,9.023834804546166,1.2459379952483767,0.008228350546961805
597,16.905546036806605,34.768926700299204,0.17801126314123422,0.1077197014590825
1532,48.38771616865608,39.37128696690916,0.9607675324832079,0.9831996427717445
513,5.075192915176774,22.355570374089123,0.8891899202743592,0.038128178808144675
1877,24.887340847818802,16.161678853392715,0.40025388925443384,0.28255501036362207
3972,21.40238959710373,0.677216196220104,2.1519871131872765,0.5484963447061364
3843,16.301172613899244,39.85525111670468,0.9647241092734582,0.18435561620554552
1699,32.27669954400743,16.396932951799403,2.4548004487842063,0.232054086362959
1029,6.552787171083374,17.86547347040251,2.249269872594436,0.35296748656200216
4595,35.83312090668485,16.800308154940613,0.4870267489248137,0.2695542683229536
716,49.02960619023936,24.936966540616908,1.2628054308448462,0.8033562279200072
4086,40.22793572343151,35.12497866095386,1.5045103459163822,0.5002744733926048
665,43.00083764547727,38.59315655002554,2.047401257359053,0.27862014757761044
2208,17.981837158950125,19.628536020157917,2.214106874128487,0.3130960334946984
1079,16.244330324060936,33.15510175225845,1.5600450528887246,0.03986495958803138
227,25.85241773450666,36.03421251356576,0.08783550785553845,0.0493920761808756
148,2.2863307381136346,14.845866583869077,1.2031911237953232,0.7179075663588841
1069,47.26790672282663,4.831073476854664,2.2120088404658307,0.11291083707111405
4727,7.18925865080961,44.73328603222313,1.7852240063606497,0.47579677468178183
1363,45.15065195840462,33.85579858907965,2.175354853523644,0.8423656428557967
4508,4.179111100017785,32.405520443814574,1.6851994743067684,0.36845350572720115
1755,41.13124638392801,2.945125760598899,0.11008752453743165,0.34575222701070596
519,7.598126293910756,40.893652875196324,2.4200166405165264,0.8730482757869719
3544,1.906580704573635,28.302707804302656,2.2950463514241966,0.8648503966496726
2322,35.974472512970436,42.39422086587831,0.3164488497815582,0.8801368014602837
1102,14.013265008721415,48.728059186838074,0.281727917109372,0.5719139601317589
597,35.724807639217474,47.8550160440121,1.3476962511925503,0.9523042735732603
3273,27.75426252364099,42.80446731951037,1.8926270863922081,0.8189639478173772
4049,5.440369511503279,0.547368691568445,0.9554330298456343,0.41563442695236874
2605,46.606503665058185,44.286360411847824,0.34095540885810516,0.6295551419400384
2188,22.61570873817388,3.753115691382275,1.2763902469533863,0.12178908275830969
4825,36.7223638899344,42.55969850883836,0.8439153405474311,0.5513321859508514
588,25.051028600781255,14.008703430581182,0.8794298888783116,0.2631490835542687
4472,30.218073748060238,30.50341692666838,1.6124638421009554,0.2835472265113689
1407,15.138679617834622,1.9034115574939836,2.21402024807376,0.12571823292792483
4846,10.018015200172513,38.559084805911404,1.3964793271391107,0.35819922357392653
4722,27.12851017040339,5.585306111648575,1.719006277074089,0.4813903302991577
3390,22.010948648550098,20.534408583788593,1.6498674788031038,0.6003544411868631
3440,19.505660671696656,40.87230011626507,1.377865481392325,0.30486933626930957
1629,33.62835975473115,34.767449825416755,0.7768953639578252,0.7922482343100914
994,34.5253316005568,0.30213484290334547,0.9444854622755969,0.520959961603718
4798,2.2960028045631518,20.15161672712744,0.7892594962260404,0.6380521089557307
2059,16.937224712183607,2.096375848225401,2.293745241205137,0.27814360897853285
4572,20.58822751131887,33.674993040923454,2.0665466762761078,0.8141358790122647
2986,4.844608058208405,48.44742458766607,1.4483684321280519,0.6242744505659372
400,11.795043334914418,32.76306311503796,2.2806086774355014,0.8623487494491571
2855,2.582089861137832,11.218621555877789,2.2160217328699447,0.15995157893829448
2224,49.81210493085103,17.761651603327007,2.319235999379588,0.3806632669309986
3412,36.82786014849223,48.832527782923385,0.5544346441388324,0.11301618405725966
56,4.372507825137683,11.202620601617502,1.7937575944097368,0.21552731090439248
1875,1.0124689895046057,28.076453652722133,1.5230612498087546,0.39454750448486997
4543,35.964390007614014,20.022690434087238,1.8345765945865178,0.8945819076593742
4298,21.959608284133346,38.41576489641108,0.658448409795718,0.557040669071904
3768,39.3398354532288,43.36946359899436,1.7370226785957443,0.33037833071425826
4833,46.17380189091919,17.041863717514836,1.0245712881359674,0.7468991628795923
4297,29.965019450818627,33.01981818496913,2.0852294907657507,0.019682706194301458
1353,9.355421145862653,27.452384875886366,1.9884143129044327,0.3700922112426679
2410,39.109701802322625,13.922224502771668,0.5283940271472929,0.6008316965933784
4987,47.79058715871872,13.597040140650085,0.45963819100825754,0.5832373038622021
4311,29.011564352997798,26.9315823766152,1.7943293032121652,0.6075578824424942
2602,34.09987236403668,7.70014367661499,1.3761872368204011,0.211500764814466
2934,16.873734751833652,40.54049482412358,1.3930147767051224,0.3370791529934788
22,19.076384733015562,3.450241960020101,1.8812883086483865,0.9315654521146267
2202,36.732724892653195,4.728724310415816,2.137426982554475,0.9739755312866974
1209,46.38855492034096,17.111315446363378,0.5974097515217919,0.3120383513318947
2296,31.44941936121761,5.904587909856668,1.3888488669763754,0.6445037034087543
748,39.49239542426737,23.785001062774626,2.072386773730193,0.24129677913690584
804,8.581750870768651,19.98379452209352,2.1819854279875064,0.36852866697371445
133,10.597954512898678,36.09048979428585,0.7185234708462915,0.7923346968159638
4416,26.601734341669502,47.65020776048602,0.2603846414937813,0.5011787300064157
2437,8.827709612142026,37.677929236956295,0.5820581346944498,0.8495899598415397
433,31.74975351104618,8.972433144030218,2.363748785036318,0.628740245659057
4968,14.582659269734949,46.77606427322015,1.1561992810880355,0.6289211851461486
3671,39.576630933344596,19.60667162765336,1.0464344763900622,0.03388002814782509
3736,40.405517330717174,23.709468046345645,0.0327108718355254,0.7496703592419095
4039,23.189372787767653,21.078811868531776,0.12753670730337785,0.9778665279504971
2098,9.040531751881764,14.027351164385948,1.671739823686809,0.4730285602533847
2917,32.33874805409663,44.7522143898742,1.4745676718124912,0.15858001495917218
252,49.63935091317932,16.611943294830805,1.4388207462385094,0.9769776713805393
4834,31.129544897126166,28.92982348397732,0.2758071900611789,0.29012587481786634
1129,1.7887345357003925,12.001679218716511,0.8801529239133837,0.40919795573717044
3264,0.864698788354129,39.86876873850902,2.03089534660037,0.07736641410153167
301,16.01809852461531,38.70993297645933,0.4372780597915932,0.11083686569241857
1977,9.789190343020243,14.815606922352199,2.206718127456091,0.21656567055940634
2763,40.652560357165406,34.077703657172684,0.3036957508722579,0.548466065090201
4005,42.240283351800024,35.193676654747485,0.42287332530997035,0.5577892018644081
3241,12.930938565523808,28.125570805238308,1.1943749028843211,0.6062438228428819
3057,16.282238847494636,30.02991911358351,2.3632497611213434,0.5838169570075963
550,11.812348385755733,28.72273191453979,0.8238691953635591,0.49523698308341446
1587,45.4191273685632,4.093220199742281,1.6455449838951222,0.802098654602109
1822,25.13246673111411,33.51326723568925,1.4716781399726906,0.9338996973738725
3217,32.80685220410099,23.488750491934564,0.3740565912513938,0.26976133327922935
3496,20.774104334980166,21.922864027070677,0.6204172534854082,0.1301936823064349
4409,31.550709675226557,42.99996093909004,2.325381931609555,0.425087293905958
4279,19.292768836086804,1.1613356730558855,0.4620740591327488,0.026422375093975936
712,16.983921886461275,12.565745897937758,1.7375247243877832,0.8833188737116765
2175,31.72400365867401,6.070174992137317,2.4117362065007613,0.23970626024632413
4072,29.55310390244946,1.767052230486288,0.2987649805056952,0.549296629748295
3849,14.67639770839748,13.783849883797378,0.9979549754682862,0.11509498989647571
2433,7.467422515973671,49.42381363973388,0.5598303611068431,0.5532573392432842
3301,18.428834691906882,13.51145866037869,0.5539037935113572,0.0389934529018644
270,20.75988195709546,33.18529098978857,0.29746460999920205,0.7688066955890586
1794,31.434216671230242,5.914944502036073,1.6238779599786646,0.9554214626439147
4906,45.726438181843186,30.092381502361498,1.8658587747767794,0.3069760649435954
2462,1.809239876646257,49.22407415691566,1.6919847750576404,0.2582146104542926
4293,12.183050627092246,14.591876173023266,2.311641144047882,0.4479949715868402
3394,9.685797113978017,42.40378081877914,0.3641970217951354,0.6199736602503758
1079,25.11472043468918,49.87856901832677,0.7996134334625155,0.188962461991808
2878,21.48504035215799,29.4277044360372,0.86143202425614,0.8033079972628775
4723,36.45188119100942,15.470055021401768,0.5802052596172615,0.1985348133504108
603,12.120795627243192,33.67656299495781,0.3555123603924165,0.005474219983708006
1585,29.724918287487927,42.24241031343094,1.2167586898156593,0.5242505835855745
3057,44.192863179997964,8.567512148098915,2.0860990701185713,0.11514971116591177
3985,45.53388699591523,22.625788192072665,2.3863493140082954,0.6982387253870641
4689,47.939230236251554,15.959385506192048,0.3233515805462442,0.1674699958685052
1395,38.66305760399943,14.167949848118994,2.05789307018184,0.8173803955200354
3688,45.29939531294575,43.041063037008634,2.061452807413187,0.470368132875998
599,11.726543599263712,21.082700341091925,0.9724453038814174,0.5662779046166625
513,9.879047217523851,16.95381709019564,0.27507406036363535,0.18658516530271174
1066,0.32440418902632273,30.175527071300685,2.475020016892245,0.14668807753046287
2886,35.34221787145492,10.970078981869063,1.6389825763220467,0.631292466520212
2653,46.87335939068722,11.494674528403948,2.455489237603951,0.2554606153416852
4905,9.34676725208382,26.014436543575233,1.209138789211646,0.3859255683177578
1088,31.84717877134394,20.463636432309208,0.9879824998418218,0.47944915393698595
4385,37.32298796108888,14.749119196116222,0.6179636899261345,0.2296336055809397
4864,46.38071175740283,2.69755661370511,2.458930004430049,0.7954238105597036
2514,32.343011200861085,26.038711931926077,0.6331431736556842,0.9394244089089056
3969,48.51468663743761,40.83046028005376,0.05940689054512588,0.43189316206022776
3284,17.23365705062739,42.56886026430289,1.2811710339711946,0.9175483844887636
4566,17.49642668857038,11.77199898630401,0.9426262326272885,0.8826828173423585
2196,27.15062550071728,29.982060197374416,0.6534562585731613,0.16604722872012578
4183,19.175094055795356,42.79406547314702,1.5865202912029335,0.17338194582291322
789,0.07128641437663119,20.43629641381324,0.9106715372445556,0.47740506147038364
3475,36.58860125434937,46.60684086537643,1.0056272207921821,0.5258571792319536
3153,37.58585207392417,45.148926456477646,0.05761400973511077,0.3411297256523915
1664,37.348730234338525,10.40669487094047,1.4726773213826438,0.3129209798386172
1309,17.25103333052333,12.948241645010189,0.3051775746176069,0.4313672898015456
864,26.114473665558595,9.022099932298444,0.5345121472385544,0.6904792813992009
3863,17.998675908833473,9.802717572735114,1.7927945515315955,0.08439363301188108
3363,0.8018200015322885,45.393104358674904,0.7831068154597776,0.7105820035123404
3524,28.122447063570938,46.55689545963115,0.40802549359595236,0.9262402616321348
3786,6.188033304200552,2.5948620592565472,1.443560367656202,0.7635067088410296
23,4.00206620457203,29.68016778361024,0.5372612373448515,0.19167685634615905
3003,37.77495343483936,28.21157814287858,0.6774455348967625,0.08748118877714195
310,0.47531012090528124,19.527382336222992,1.5533482749446845,0.49038040898953894
1231,47.950422180436306,31.58487964115535,1.8496544534097872,0.9564060891789871
3788,25.762768205628845,47.36839127554251,1.8491492129889429,0.8190592873888208
2711,49.15082153530742,8.512744136107308,1.205608529677076,0.5627336390129929
4801,2.8998786236354213,6.020545485822781,1.1357422775235886,0.1429814234175928
421,29.176477443295664,1.6695285414487837,1.9691129605781434,0.7138367821115955
1773,17.46635179879556,18.191665392007174,0.4825868127812927,0.8129982386075647
3568,42.17412464071429,16.881423853893303,0.3805061188211481,0.9350691364258432
946,18.061136761714312,21.540984407932196,1.6617376650737745,0.6121162341599152
1186,13.024378952867455,25.165501544047448,1.0237673359731383,0.5144658146454085
1834,42.877656354995665,37.89119970152273,1.7749961514254522,0.6191820435676793
1564,18.73265458266305,19.605669522875917,0.64150055865809,0.9432525046585446
4944,0.8416659930280734,16.530655468061678,0.8121797026669173,0.6281270861732842
1947,19.514455041966688,41.34394101298135,2.2416941229634766,0.2575918493937076
1308,32.726113450547096,42.489833532682816,1.0541413170539704,0.6361514079423463
2986,12.717976940319092,11.638298214667659,1.477383674300961,0.8797445728015547
386,21.599379621257864,15.733591135565417,0.2667054852957737,0.5670020285960169
1161,2.835756914111276,41.25581854550441,0.44707293048189684,0.5026988280097074
3258,29.40463957569786,3.9704122148882415,0.0897193220566106,0.7333692495025147
4811,37.81474619301969,16.292339019536893,1.0609270294041664,0.6609886951448122
3933,20.665628070055515,22.41750535204306,2.47230001123756,0.05668759895368891
2847,21.011631640073002,9.353580760028551,2.184682881628665,0.7253111408974308
4521,4.414124929245822,8.99570983053491,1.5822722873512673,0.4075494300860846
1439,10.097043225599128,21.243102900676437,2.1527412298936652,0.940898280030737
3442,7.733765156395633,37.72608623674279,1.4854233908810577,0.9708029884185414
4480,24.084388433076896,42.01164897738137,0.9219222008353443,0.4487388181245502
55,26.462777047537507,48.96175462680867,0.43386600275278825,0.9687948466579227
3324,47.447006564213,3.6992025045859522,1.6326218544005604,0.3108205149559963
105,3.6615752138616955,10.834110057299634,0.48262819097686344,0.6826444214519778
3201,29.99339865775236,37.831492119209884,1.0435710430001506,0.07505471110941764
669,26.324926366412065,27.02993530278309,2.0645046053881577,0.1449893485154472
4471,25.81165489679146,16.38398869812091,0.3230732564043212,0.8645259023778185
742,43.657964369141325,10.279483062362177,0.32255354764198774,0.8937840392969635
966,10.276923534774324,14.023877582122402,0.5610060389789934,0.5326111919697447
307,2.038663717068573,21.464447515047596,1.3797932678057476,0.33977342694691526
2138,33.61357538170962,8.857560975301638,0.6293086956497826,0.4510239317639505
3464,17.257873206799008,48.21129779383753,1.2579948431375019,0.869624489144656
4897,0.8794958106262296,5.379422229993719,0.7549565276492178,0.21099342262091791
109,12.56870036452069,49.278871724460956,1.265605512271014,0.2948702313015964
3632,15.466338710840594,42.09466430003363,0.6940786225043255,0.7854429342527677
4435,30.841918839212102,21.157580875686953,2.450030939021413,0.9352694459164158
1915,8.629289702463605,36.99081671941051,1.2317947528549196,0.09292734001550429
4263,20.6527173976699,33.575762184819304,1.8591085852706002,0.8037723013522957
556,24.123772220891627,10.664345897446548,1.7513663972455127,0.6450683069318244
104,22.961869568204545,16.95350430594732,1.226398437035903,0.2307715444640489
2047,48.69703833333909,25.656128140272894,0.597155154169813,0.755817196664768
145,2.2752118895148055,31.892208994386344,1.2767956947821621,0.7279160649993278
2763,47.54840932261997,27.144749067831075,1.7024290593010862,0.1420298115494114
873,29.096860699701665,23.649373050323693,1.1497981764080296,0.5022510574113886
298,39.78638574849192,22.157613672745008,0.20481276840685403,0.7582910828506658
3238,21.519630900803772,24.913224964750896,0.044958073895209894,0.19154412680781252
645,22.691894062849023,21.717575992298517,0.8196920211695963,0.46276602239117015
4733,43.96632495079118,27.066503877285797,0.3755598152332798,0.1207411246953114
3078,44.79672481459511,44.39926495233334,2.265475614814989,0.30683492404089363
2511,11.934444071564881,31.64146565273058,0.4395816752123122,0.21794490090153418
783,9.962093929230909,36.13104374942701,0.9857067850289153,0.5050711267248559
4992,24.811758693497556,29.87415668653883,1.7801937801787036,0.14121533482075244
370,45.013851356384585,32.15088412070011,2.0385541500401523,0.38315075539251287
486,16.117754670308816,28.917491422409007,1.1942828829453274,0.27516290498565943
2037,32.600730766956566,1.3433261097911597,0.4528375240209803,0.7460489142069767
3196,35.407584387030056,49.97991911000099,0.6772380589396326,0.6996697731353438
1360,38.93373324470779,1.6804620106448342,1.047421119102868,0.09493052966562276
4287,28.196222896048162,19.757400411682685,0.9114864733139574,0.9534838878779183
4825,20.12275891394848,5.255783914946671,0.8716818929241412,0.7446829180800888
2261,48.350799439948645,4.846422522046623,0.3296345043916607,0.6159586957477684
2621,30.566537665142633,39.67634758372418,2.2832756304273745,0.4777014947846847
956,36.428260581663544,21.29628896790385,0.07439151604428762,0.17792242076543896
380,17.249142284793916,40.056935414938245,1.100005319689378,0.9620159769867938
3649,33.497459050154006,13.639323534041575,2.4508037312577167,0.007858376702408187
4893,12.889883108206297,12.823139590311738,1.6493098470602552,0.6924811342298776
238,12.254845876431808,12.561569090723108,0.8885266593327081,0.5074443245382985
1105,35.73611009047132,30.807281320395962,0.36524396113292473,0.902581890024574
1386,26.069736813146754,40.74996949228,2.4096815141144026,0.38069727935477593
2552,34.163830521119486,22.61305050376203,0.034965904682874305,0.5186444189679508
2249,13.471924537404584,18.962444532054118,1.7034689265328586,0.742339391913386
1527,29.93616705283652,48.678977710082464,2.200343678613318,0.0475665433225223
1667,22.196682485155627,5.83770180058194,0.0629012247156055,0.05447524102502155
4132,29.848014342276397,24.331634102244625,1.812937160226253,0.21167274883792875
2691,14.543986612210968,20.42438765907172,2.4970944031368374,0.1464245835292287
3672,35.77254818245619,4.906329829344519,1.5991061714333734,0.0064434683338928656
1996,40.29646830797328,13.410018104410959,1.036697369608497,0.6229898221062107
1425,12.995823692886182,1.4220606289556015,2.1860017983907047,0.7959379674560075
2812,15.031027992782104,43.84771444914785,1.3854481160565708,0.9571149763355911
3247,33.05771348595465,30.392476449520057,1.8736021169748502,0.4409003176719183
2592,34.77925871517721,40.75092489351253,1.4694474795462622,0.27972065824156833
1490,35.2049842198725,26.07772262014949,0.09572773121987316,0.8639024487784975
1224,34.134925238791844,29.975491471094717,0.5328624705133689,0.8443956128393924
2587,19.64038584762694,35.04272389045824,0.196908934966874,0.6248432109337033
3064,19.74268372018392,45.40058137321075,0.26671940595805743,0.2731490386419346
832,12.740881182219072,4.587594391292288,0.03851373397017993,0.9085175949059344
4692,7.841684994818149,16.547419736786345,1.0529124475353824,0.17840133669177904
2440,34.628868969845286,35.45130953500003,0.44662907938541274,0.04364650364368561
4795,4.659439298615641,47.917528150069636,2.139241301234929,0.7966182847273643
1646,46.88961433933908,49.04037142450027,1.875093843851651,0.5636590604344586
440,41.33431518357257,31.90515045686312,1.43294248703874,0.24646781711852517
1529,42.8752869978628,9.679923887743364,1.2225533633759886,0.6708956623202127
2965,45.33344073075951,5.9604455706978365,0.6396716014399395,0.7667165238127652
2367,20.430248536162004,47.30218221402127,1.1873786646874638,0.8445459513422936
3286,42.33503616752005,21.696384473125374,1.603073189661027,0.2821260159686312
4663,7.903065014582467,9.74080166313424,1.9555721504819388,0.02558745125194939
4331,1.0820897304117838,46.69462578888005,0.2042051656489835,0.5100388200268527
1304,39.244569733192506,5.226213578215594,1.771161721863875,0.8560785981303934
3034,3.739832399846965,36.478554842853754,1.8568246919032134,0.2078213372619382
3688,49.42623336629608,31.263151377166707,1.3974305023121412,0.42112547311853843
3973,33.7398214800778,4.386733219044592,0.5357979892580031,0.2564207350848887
1185,37.672485512105276,16.93743978197211,1.3479614687529375,0.013362651423909688
3262,12.290192813893297,7.496534477000533,1.2567622045382758,0.898524096443347
2107,33.693269695984405,30.224929626658064,1.1892752409669904,0.13505322670899156
1840,2.1609968627478606,23.855651583871442,1.1515997886679603,0.7667671157535069
4320,41.891285996180045,0.21375623302454794,0.27706391572879935,0.3466032317916605
2747,8.481204651578622,48.7855283141954,0.4572312121434119,0.2776819089066652
4677,34.867903341688525,17.47923249447702,0.24333022112835584,0.9410288865053685
4264,11.224025061636416,12.9102196418525,0.6061945691699611,0.6571994867406424
3133,3.422658471302137,11.122147789705133,0.6586919568266825,0.6869226619214758
3420,24.074683927469714,7.940794808678392,0.6126896537326134,0.7596529184538446
1465,8.464310513639472,49.95685381082549,0.5273226704640086,0.3409333360226642
4109,36.47219941632749,14.755473394080242,1.8385551137119724,0.5636644806957731
2211,11.878292169174243,20.275674861214082,2.0464134989952947,0.27022334404688564
2804,17.123627811791444,43.56779580890445,0.8177730414314246,0.8345415154768691
1543,28.371962563223647,32.09437517714391,0.7628222292111222,0.59930737929866
1689,14.248413878865579,18.434720587263627,2.11008087438127,0.24340682604111763
1571,18.89940581049808,44.91642179619265,1.5598097541644775,0.8997584063217782
4541,40.781088552019334,37.486210110680005,0.7335958119726438,0.5808400004838518
3279,8.960492478051286,11.395025377084982,1.7840307314664554,0.49503050325741305
3541,4.110079474096684,32.18694972999602,0.8614820255829183,0.03448758643196714
4811,16.417889256650962,46.11992491462008,1.4663890358554328,0.9098020051606125
3023,21.218838350693908,24.823043922520625,2.481585074969504,0.9522739160313781
818,27.132964106828382,36.68062014158336,0.7539859380400832,0.5625986278378039
4521,18.621184808750353,48.55518719945796,2.326315001770833,0.44251335361455735
1124,39.49558501114026,34.52070704476065,0.8016310357117453,0.3595650660046903
4945,1.9659743834236632,5.1219344883040305,1.3507167609370585,0.2680479825360357
1129,21.5883769099279,12.227977546564468,1.1499594739975998,0.5745293378042062
1702,19.11279573282023,29.754821867132446,1.9578989058598404,0.12809505301456536
2001,32.37892454034295,13.777790768595304,0.152731748704987,0.9191736082451402
3878,48.3138125948698,47.87708526945699,1.5678057601716597,0.1759587380578208
4372,25.518770331443108,20.26760170110869,1.9016673608720571,0.7455132623435173
1806,49.343842347086024,22.86152028661825,1.180362128455298,0.3068877723686515
2947,15.112469745659872,35.080104673505865,0.2632315163445134,0.2260710776786783
3209,1.5434066271230507,26.212486567093706,0.6120125337120328,0.5578691793547798
2152,8.283158373820637,19.107298344438416,1.6991809252521592,0.7651249811595051
4641,19.756244238728364,3.8318937577289383,2.238593463750788,0.7267366689403146
4205,15.81669545942761,29.82227947539319,1.0540215175012215,0.23375635089720748
544,4.852706549168884,43.37900153970173,1.401030087695648,0.33050235026960095
2401,21.633005384535842,34.28812208800281,0.5709625918171551,0.8688321830003761
4838,16.905788582978136,19.07475050234761,1.0305332850921787,0.723243744516408
2364,6.130961022871922,6.386303231156471,0.8419745194262287,0.712693905352562
1289,14.805856530595445,40.816909345212196,1.638813869928809,0.268905076331891
3765,44.321802767769526,47.08741811156024,2.4617473791877775,0.7920043076744355
1875,15.102443274467008,19.41364953981324,2.0332586299642155,0.3584177954324378
4428,35.69777116210258,36.432109459203076,0.4804114623154629,0.40139052015930987
4687,30.60235398288778,20.538171994537784,1.4441964832669172,0.2875610890007261
782,21.359058120418588,25.113346942609972,0.16602928737100398,0.12139024703924195
539,11.951281840183459,41.82381903082049,0.6172887171065888,0.4203935629957981
2782,18.450734967297272,4.171217110557679,0.430544190150976,0.016939501922368594
2668,29.605360673552138,26.516767439335254,0.8388638440986573,0.4559102394272597
4714,17.537660737467746,10.731013733561124,1.697034922610534,0.7250064381031529
3937,10.744821678711592,16.99029727478812,1.2484832922920668,0.9607450327644751
2956,5.823137444581605,32.22144123211371,2.3322731495730444,0.07861314456603341
3722,43.988346895478266,1.361420616842418,0.5318720996212717,0.28129070417549507
3867,22.015648787595282,29.691254948658134,0.9105228656348505,0.49413105161170023
1833,31.260416087146503,14.172111972687485,0.8246314419811738,0.17038794870191631
2146,24.520518056840263,33.474218040403606,0.5899090648998249,0.11682852207630468
2170,43.62832591789817,7.0790675956527105,2.4829269228156114,0.4523181054505505
3391,27.34674262241054,36.79058019080893,0.9680638636076361,0.5807305288922068
1616,24.039070897455666,32.28198598814891,2.351272451248996,0.8202077265463622
4617,46.23004952108563,48.562091644017556,0.9761836846324736,0.9978034217941787
916,35.98447980226773,45.5617681629074,0.5102291968516524,0.7742707799871847
4812,5.577495367342866,14.165143159985117,0.29801582670677784,0.22134045196632024
2756,8.885223059840703,1.3658286362718486,2.138907982938763,0.7479780687612475
1936,39.356143146972094,32.76842805558789,0.0802441012126956,0.5371536243190823
4042,41.792566058997714,30.144369450233626,2.4109864708482034,0.45080957570343894
3091,27.259541454514824,1.3714384383223033,1.045478029463871,0.9357284939072696
4655,27.722761393331965,6.133876460129634,0.6184358777108928,0.7020925869196615
968,31.596648142572224,29.235085226799278,1.5436153305384062,0.6816930735439579
3364,21.955788714131973,45.5913632021746,0.3322824795904658,0.01175596472760021
3203,34.009956174195196,45.32501382567035,0.1803639339158894,0.865071491379783
889,5.424062878320784,7.574252730603742,2.0694583797739172,0.7933004774103111
792,48.06396211836932,19.228697320262476,1.061676936563317,0.2989418779304426
3458,37.507741189746085,2.160143217608701,1.29563728026133,0.2921134125066087
981,31.558710200450346,23.463592318146453,0.4417400221876622,0.053478460051900045
3531,15.816102850474035,37.65417298366028,0.1535606113173557,0.05085642372867716
3529,8.047774372836457,39.49863556828057,0.9194403316296168,0.6685945134616813
801,20.467148191447233,24.94947332982865,1.2653656309502235,0.1862376129077794
42,33.07883702870292,4.79348373541092,1.9135765546950698,0.9235478498385505
3349,31.685487171155547,19.06819875907832,1.2526300005886584,0.8424044280249525
1777,19.132057753278573,46.60509799871822,1.9562675442147572,0.3488851600321837
3201,30.664319691656488,11.480627825985735,0.28858194918578467,0.3800685518124355
349,40.68741477837738,15.987722495636325,0.15990693010987905,0.32727656085478063
1567,1.3142386168803533,37.341358773153544,0.3971524103586291,0.0923949131917593
1129,22.531052396513786,36.679039444296905,1.9300303172218214,0.03143015765021795
2959,37.927761423339554,45.61011440124662,1.8983255770967535,0.4521331583398973
3787,27.30722352316886,19.40593453601877,0.35341951127660365,0.9430401144914944
1780,32.5738043964535,25.729936193714558,0.07747164562669939,0.9172493208191352
583,25.8338196302671,23.36962306102388,1.713204840530413,0.8098387411213644
4527,49.59372723411555,46.38760855112265,2.1382044581074435,0.6285949274430047
3377,2.731076824451911,38.46652944123174,1.8852692387754555,0.8562224066914489
3401,24.552241088618864,41.57208899169241,0.5069974515376954,0.5150685177315641
3185,4.570827455725884,6.654913441470544,1.459419743063339,0.18016013302063172
2194,7.989278105678521,39.592334643407995,1.893414301563853,0.6841703477892318
1162,19.15191752091309,21.64893830287485,0.6395717613675989,0.9206460351784953
298,7.777004575024366,1.1669341415323553,1.3193020034236325,0.019605097405746785
3347,48.18435829783255,3.004417637164231,0.7861510099344258,0.25144405220793076
1939,47.33948883625796,33.89539698674223,0.5639385433175528,0.26543819127127144
788,16.80548231103019,18.600622057298494,2.4239733169271314,0.09903953861626091
4945,31.98738560188398,43.40577866117402,2.281454900967316,0.22549422139854935
2889,26.687666029689304,36.713656693793325,1.1141693273787177,0.3839820779114188
1377,40.77934902578843,1.0840005833480881,0.34194515265994097,0.939835424848324
1949,31.37228049084711,34.3444155918001,1.8197682583016217,0.8602657691267964
3272,0.0126227245281052,9.617623636617811,0.6392528253205507,0.9460062242626168
877,38.15871928048694,21.129128435195604,0.42129451459523626,0.12057177672233921
3742,37.34240606480591,31.236760106148136,0.9538225443454615,0.02804846161925667
1577,25.486135278324053,43.63589206478464,1.3246245229168476,0.10988316441110502
3139,45.14594866165269,22.80489441959696,0.24360082455103654,0.9142956348526271
2492,45.42231028452008,40.42452270955672,1.4293661826213164,0.15748863853555062
2755,26.19558383521986,39.148283140031644,0.0383709369065538,0.5726367065725249
1903,30.399411559826884,20.726925642562914,2.2296726514827165,0.22758236986076197
1382,49.826103596233615,25.04900817164514,2.3018542231971666,0.020635424916799483
4240,14.941011740570875,35.02425050249066,1.8326769337796287,0.08462134214257766
2322,16.230862115573867,1.5574217323469863,1.166373521435444,0.7097970229664131
2556,9.138695133174817,44.5405706899623,0.6372406764082781,0.18236645201333912
1861,44.7933469578934,38.49080797188467,1.8602802267784913,0.22913920543347943
1866,37.224419497463316,12.47079407011652,2.329493004880159,0.3772565008236858
4047,5.282142443512095,49.05899765944878,0.3963342622435989,0.6572415601361734
3175,49.08836755989828,8.969517629480938,1.164554973244245,0.46937239295966626
1098,36.548085408055805,45.70433368522009,0.7881540900898204,0.9446102159937697
1734,42.526105480248724,16.223672916155557,0.8918544726147748,0.43418219073966335
4663,2.4075394586600463,38.15733550820679,1.0143944533073312,0.1991309201974717
3416,25.248045947108384,22.818829662397256,2.379490860928346,0.5361428394090081
4626,34.92991433635196,36.82336937250011,0.6465929196702341,0.450889615094867
680,27.147329228592064,7.789152396968313,1.2316895977337667,0.7871383385350298
2070,33.33237328496387,13.475322919324139,2.378718679154476,0.9351212305394824
4824,40.89370317952363,4.992891223601282,1.1901422255457934,0.8362952280365074
1729,18.71685314800981,43.257199071890156,2.1589988048036335,0.3890397249259422
2191,42.43343378093549,14.814649388474965,0.14691193581320233,0.21611612229135968
667,8.145805238264536,34.72381147083317,2.38257604615809,0.9144889370139274
1612,13.544302751318737,41.01105988707641,0.46882786756512723,0.385939651437168
680,2.167280996366289,45.070911818967296,2.4498375868282105,0.7702066234487102
972,18.221340566762557,5.314855765585891,0.4389421631463711,0.9895273412128907
2846,18.995477241206014,44.65074667563063,1.1109148694874356,0.5774426815152761
2132,40.263529860362546,9.862638886535974,0.7715362289313612,0.47988046836888554
2463,32.6565335144828,36.84510057954808,1.0830785527376103,0.6998707824812154
2529,21.836127907783332,36.44245096823056,0.6263118498138137,0.19393098079064086
2503,32.60569893118741,0.4251570870477117,2.4132935310691046,0.4882397387986501
4922,2.639167525784558,11.031195415512713,0.7643124601827291,0.31233075711032576
4392,9.013576800918804,24.595425733243363,1.6331872801605574,0.1642278706756799
3183,31.34739276208775,21.001735333164106,0.34361872399697124,0.6101365490309528
4033,32.068340961265115,45.92867399423048,2.0609687121247093,0.5757060854581467
3167,38.706732935371356,17.987043475126157,1.3562698587737834,0.7612035997425398
2997,20.14998795268011,46.84918574179812,2.4486153113282896,0.8729701242413612
3227,36.12770483080781,22.971465919626553,1.0585055420835878,0.22037598602088926
2152,34.199016628009474,48.21764483200829,0.48861968744165096,0.7797026520538002
1728,48.169668918492455,36.867740501243055,0.865047498602459,0.36738516075292904
2024,10.756511321233958,41.466729581607794,1.8424140152337356,0.6288056017934248
329,27.583978187631974,5.24384441745005,1.64776630248969,0.8502400275958112
2486,30.088222105523464,29.30707166211839,1.9458685190443128,0.2561851152858189
1155,49.932394246711034,7.1350179914675405,0.18367573051052272,0.6009612839658371
1890,10.059207108332584,14.881050102548704,1.4509219383619663,0.48031887720018096
4477,26.16090099836461,31.178270308363405,2.330421692590762,0.790577293450719
2185,17.309265385681943,36.31128523469454,0.26975479870394337,0.6972412989411052
4938,26.29464842894999,1.9591891005625417,0.23583814728244723,0.7696318359032417
2317,11.606430105155297,26.547186553618236,1.7915109112987848,0.2879431296032081
3621,2.3806189213744053,28.26569931449432,0.7879561396105048,0.704356294089096
4491,28.628272694884444,3.941399855510058,1.6464480259022674,0.6058058742596186
2511,16.79271579304161,25.03440171003818,1.3634612826258998,0.4566804560457567
449,9.097070087421683,35.69211400249132,2.465166645849764,0.3783436903681503
1354,16.196778303901688,2.661364243776548,2.222641042387185,0.3316000307954309
1293,2.464010072387246,38.0133888161981,1.6951819539042792,0.009674361302829948
2465,47.522111704505164,28.821325245206843,0.6541865652578762,0.16955855130678765
3102,29.057395748663023,41.66136041358954,0.6547704053761738,0.05897821222340649
1849,40.73843406735124,10.903128642703496,2.205609501422365,0.8483575426296692
3175,21.15590987738652,41.66368421065592,1.4633526631884823,0.8600888704150821
4281,45.165733378309284,4.728048763373399,1.9732044551302557,0.8461933366892677
3199,24.165911077612666,20.19148482223357,1.1246605163420753,0.8179197643537826
1233,28.69726611003347,9.974239576232424,0.25768409162881645,0.22133045352797687
1437,24.589699003132843,43.801041614543706,0.8317161455990651,0.49178617451067397
3352,36.66391479338258,35.24599081508869,0.4028729857209079,0.9078437719683969
4030,28.332803880103118,1.2680888580364091,1.9545820410637558,0.7597817940470643
252,13.579946179019887,0.47616778069780596,1.7512799741427254,0.0018202859543609007
18,7.276976566132315,14.562462724083487,0.22103230597010165,0.4594265764037935
2759,30.306219444148887,7.1641557140282695,1.5534634969046925,0.010670199259654622
222,24.45899807735181,31.51522387800979,2.185338767486989,0.28066104698067484
2,4.798784834805647,33.189846694127986,1.7434107384999165,0.435762441226885
1259,19.78087328966342,47.09754518306838,1.2777797824610535,0.892899292650279
4949,25.73882110002268,47.60199622729204,0.7796582123472182,0.6543842841473265
4323,41.3446616912795,32.94483527056728,2.217741873964739,0.3624845654899076
4594,3.8050527916681176,0.28375564263543596,1.0570122053525497,0.490654902452921
2568,17.424767412300145,17.949895828480717,2.1384839505844635,0.817389488596974
1885,41.13280613551927,25.65707566236331,1.9574995955454928,0.2996555991137132
1299,32.42119658857894,24.958987825423296,2.040567413202149,0.6150347754686665
2338,14.497916090189339,30.167031475111333,2.4744938004041157,0.26224688388785045
1076,42.26675610113212,48.02757414023802,1.8718962896824112,0.4799634372236625
3758,24.664679028134618,44.25963459775769,0.08510233929662103,0.02465850356206334
3181,24.917594565523025,5.445401672524413,0.5135848374518623,0.8522753194916919
4810,48.829366960019215,13.299019569669662,0.08798787581291129,0.048348831512179946
947,47.35582516181892,41.655470870981816,0.47478392485422655,0.22436049983843176
3738,17.926634168492196,41.21534544096035,0.15359877671528327,0.3335118789588105
2731,7.028956433154115,13.768536206083548,1.2540426029656324,0.6251611167671816
4007,16.2833366139047,36.529401534305975,0.07051553283269452,0.7200334655750557
869,1.524163015569402,33.60186893589287,1.1814477490381488,0.08045104228544331
93,1.0383943355195602,23.676198248498075,2.24710226780003,0.04346548588479038
2987,19.77610681257096,10.072747633951467,1.8714400314370236,0.7989898866293488
4655,47.05099113486171,44.43215904470431,2.35988980912939,0.7121665339041263
1775,43.567867061610386,33.89255921534174,0.566616934391301,0.8315503542546565
2260,25.57214169588115,8.449646243918735,1.3277145410132343,0.6765382651835163
435,28.261319058541535,35.24011724204304,0.796448632914597,0.7510122703566527
4947,0.29667483730282385,37.071685978849,1.2345494892300852,0.37903838304714477
4300,10.775057791688274,44.344014256052034,1.3926895739607212,0.5901843203949698
3144,1.2387063467191872,11.141962762096746,0.09046532618966291,0.8053923428701426
3587,37.72697663476938,49.43770527067033,0.5831403380374578,0.17211753440651711
76,7.282289801324887,7.669671126346062,1.7619319481099935,0.42282296082619164
815,43.452355123840846,30.034444592979153,1.9323200613507492,0.7404897684798613
767,32.16621568378941,32.85882526367392,1.4236284187187582,0.5326365717651854
3685,11.470933825785668,20.947644763293027,0.6770725698716917,0.6816574529261715
105,7.886015854162487,23.751885438519327,1.01271029180685,0.29286919587581395
3916,31.381235046152657,44.54550483610687,0.24009202970346144,0.03234245131768465
2873,45.041849014116174,32.26371148327309,2.382949041981479,0.029145779754376155
3346,35.91801094571908,24.850047911734315,2.1716936780257203,0.9427811765303477
3148,17.42733258016888,6.417478121676234,0.1640058672686584,0.9445400439950414
3148,29.369179763432356,0.3668812611567318,0.4162266641458262,0.21128233995461942
1465,15.538084768621069,6.248430907591674,1.4527361029718837,0.14746565797094402
2587,49.957478338932944,47.80922837382527,0.5810751853230398,0.018139833893020874
244,37.441959423092555,38.204339149566536,2.3360017450353205,0.2312568563152585
2625,30.719081987837683,48.35581637551239,1.8889764521776864,0.3343514411545736
3849,21.16295713829146,1.785435485408593,0.683228782277707,0.24124263363788112
1405,30.907614512977865,34.011020192931966,0.01525352797619034,0.7973841403062013
981,17.08080312336674,2.2146763201708994,1.9986184780074367,0.7494304992754354
3808,1.4432419729015378,39.10282344344116,1.060224274002664,0.08101414468587398
141,19.754426117831642,19.047508636759712,1.6059442796444425,0.6973216081020926
892,46.52404097899335,4.788268005324742,0.7174370635532437,0.5205851198879166
2399,31.31505473869329,28.402332089375765,0.3571831483954274,0.1321661063748597
4640,4.19778515354508,14.006009830069404,1.6882789794643642,0.7395354304929824
2960,44.24968066975129,32.978697093590924,1.1258114703666477,0.08604556517420259
2199,13.443742467075742,32.90873797568952,0.5879242526749523,0.17715066580137007
1469,12.188474654136371,35.25037370603764,0.344069998915508,0.1492264815531631
2700,14.85454843901604,49.62325393888795,1.4511989861040835,0.9390334041664841
3005,28.860111806297873,19.33488549737027,1.813874850518936,0.6981560032046488
4858,27.23440467169883,23.265773724255045,0.7097174053077882,0.41128592916476003
3374,24.570687731144087,40.23058505126704,1.8378563383678097,0.822204150848802
4719,35.87684317563135,28.91850115109427,0.4578054968319298,0.21595940952226433
655,15.82688656674795,1.8628605343899818,0.8460392277377732,0.9310932790450988
2768,39.10322607862155,42.15392601299283,1.8622057169998887,0.6969973208791025
42,8.766083918929956,2.5749340969020484,1.6503587991176982,0.5595806410081322
2311,39.13103945385046,8.541006824589214,0.6763090672597813,0.7946484487033281
1660,33.190505262514144,5.10399834870936,0.3053375038673328,0.6447809814251584
4691,34.160415477379324,3.8963566440560093,0.10618356236810483,0.8871092750104823
2224,24.077669856363,1.2842437652355099,2.094787949798214,0.8291526600744221
2110,33.35007663404323,2.7513856986183693,0.18785487391965006,0.19783050504077881
957,3.98985232797287,22.1219594589405,0.2871128805159695,0.23966380054436842
560,42.577555852468365,12.642613499130695,0.5942765756883341,0.06509741377564349
1330,2.7773616743823,6.326844170940937,1.1141742605996197,0.2201989171728025
1312,7.4370754935748735,32.9352771363263,1.97446770059124,0.3434888649381347
1821,28.839485424861817,11.305595531712925,0.6187008148527651,0.02882735517249313
3002,36.97057277283457,0.9474577672404727,1.3587706208993797,0.3149625462106139
3403,3.812578217312673,20.920989188366384,0.22593130512510773,0.7715458416273004
4945,46.03824070611599,15.521649598915255,1.161277512841312,0.8403275980136151
2651,48.68038244003493,15.930221567324637,0.44409748344327066,0.008873289987423316
1814,30.297508650385552,22.263501409078074,0.5279788972264127,0.007147038269232686
1741,24.062172768841826,33.445696361713885,0.9170710852723235,0.14630710825100113
4701,37.069748613987485,30.8239560018997,1.9033692467521435,0.8725770607337897
3808,16.417867616360272,46.863080489443774,1.8599660747505866,0.46927805113235377
2877,24.663221705255324,25.88583331512607,1.0374324412133,0.9829020761679809
3270,45.80755134072007,23.62849548625361,0.2966778854810215,0.8873314657668013
4083,47.78277126207668,10.670721760844849,0.7017290500598659,0.8901281134730399
745,46.35345580255925,37.76906444240784,1.2633894413253455,0.12847643192877012
557,13.122403348192007,7.038788810714236,2.173529446737808,0.47522934921270843
3301,11.62345201083817,24.556644491024205,2.4206365370333263,0.9935905973180188
941,14.883225296465714,21.066109919372224,1.5936773375597837,0.14904423026041924
4023,22.065555619423012,32.915043920220164,0.8767162262435033,0.5742334536181946
2296,15.70837063959818,45.88107349783294,1.7336336342359469,0.3442799919530848
939,18.7106397869529,47.32977957491112,0.8405753395514964,0.38785814002035524
1610,31.031847606037978,8.389963358157921,1.563683633541516,0.8907925040405011
1725,38.1262838546988,13.09086091335891,0.6094164292391915,0.587902569192283
984,36.77790991339585,40.58176599823533,0.6674717530784449,0.7587763893888053
1587,40.7211783539576,25.913988122459642,0.18806397260280772,0.673234397495241
4021,1.6092201607701084,22.651728417786593,1.0503528805329374,0.5290156905699694
1336,2.386689483937804,35.53127261903529,1.5454363002391693,0.791711198770376
3137,39.46914803443147,30.09624763034859,1.9719873595265527,0.970732905910384
661,26.653941116231593,48.535702721066734,2.025871362094234,0.9668195539557862
32,28.907033688106015,29.19873261441335,2.4811111237679095,0.7894520009933703
3414,2.6293430107188542,23.298691317362664,0.21938931459240474,0.487329755749229
1156,12.765690058563544,27.140868103908783,1.2328419211145718,0.16315895919120127
3126,31.917715244273886,40.42699083484867,1.3034364385060335,0.04447050897189442
60,42.959094505533805,30.633752839261042,2.0113335659447307,0.23144496836594408
3928,45.84916985907013,32.35240456933589,0.6658962889721176,0.34025799959754344
1543,25.020974791754085,48.5719440018296,0.17343079984866755,0.12984961591805266
271,27.27371163690988,30.919774221272867,0.7843970256710492,0.2247653296124522
4076,41.65248155344955,19.01426241672699,2.459819572660652,0.08354546456088408
3388,26.881230037367732,34.566301350639826,2.2486029945614656,0.5236769720629788
2752,25.842926276865867,32.97296984886557,0.9881174023666289,0.12631819117354703
2709,45.25420188804768,0.6923817753190953,2.1906799968626514,0.7427686299229547
1154,39.496636052794,23.366464839291655,0.08188621029164678,0.3326497781440827
4405,45.45362631806473,37.14518014411997,0.7855101936605013,0.6720627142112312
3853,10.91235273905769,24.95207288605645,1.8170296199688614,0.8825194350803846
1745,26.218774332767836,38.98105679676947,0.5536306275420975,0.08601654253701041
3432,42.123606429667895,22.544184821380718,0.4959773787182667,0.9890007874127105
337,5.557391373355447,49.16607988186178,2.1545188649109335,0.6452433423667354
9,39.73310771469809,14.644579460194434,1.5398849026918595,0.05336593543665591
4144,9.148669170743473,4.606130407303677,2.4725567957800894,0.31400223192616694
730,40.40593774926606,21.500590057704866,0.33667419069787125,0.8862451489414563
4890,30.600046877843408,27.085451243695953,0.8903210180828667,0.5962336043728979
1648,9.661799574243357,17.454686584123074,0.7780334295092112,0.2872223672449151
4228,23.667708966640056,12.114058005897949,2.200330594297274,0.9404945843985141
3654,34.09525832303858,33.60293456927445,0.6382413001075266,0.7872525704078219
2130,31.69264504417712,18.856254992812605,0.8836524941854251,0.7355384961499478
4471,21.36235981158522,31.568426455031844,0.3570846891885687,0.8884271200067028
2396,44.96832644604635,38.953572429938795,1.9385024566229678,0.7697799447086158
4366,25.963170724392214,38.05013138800118,0.5942582098971322,0.28673835319886287
1506,25.29336492643442,18.765465531784564,0.1708006805805487,0.5838860755256079
2158,3.1125294970727135,28.394911447508736,1.0877718317272418,0.8422861677619633
2916,46.10601948988185,22.48291122213712,0.9786453099038367,0.1808481067228349
4171,8.85582843391865,43.54026263548301,0.4440230107634388,0.1630232795012032
3229,26.41723467182771,43.93792398999996,0.3339938997400388,0.1589762475708799
3603,40.17838007001551,17.18707914440184,2.2413930334581518,0.1942552746625208
1666,10.772663847782166,4.586872393936536,0.16961121637807636,0.10323081561321767
4424,26.368664498542056,8.379124166200974,0.24827739174079988,0.8376290199641663
4136,12.034245461167043,18.350087106544187,0.612618202846015,0.8183182203974839
2969,37.98474988999559,28.212497738149533,2.3820979741412556,0.15136899185909503
2689,28.217058393657535,32.83935054822146,0.21346062379963782,0.705537176710346
2326,42.79879301975718,16.56855231430001,2.0400370668572054,0.6269755592099496
2810,44.72790014386914,33.37495598119929,2.230130383297068,0.2761942656123614
2516,32.436674122269906,46.8869991836878,0.9446693536272135,0.2273684336933195
3471,36.269562307947226,32.600706358447525,0.734735999579606,0.25058585527542143
12,27.461004994343185,7.928261472217563,1.6934443206435201,0.7306306081068676
2970,19.221436653369146,28.98344564888138,1.756586501525557,0.3193170663404509
3621,32.40589615104173,27.09477583834914,1.9499429070603889,0.2779592776174734
3683,45.41443117436644,43.535005544921034,2.0764169533223145,0.02248109986864888
3473,20.834019021571898,17.515152760648718,0.6709886400308501,0.9082364937765216
3122,15.720501318689767,21.147280502833997,1.7174040047166226,0.7527041444789639
3464,19.421846927628707,29.932952774324683,0.3372643107116888,0.4727836758067204
652,21.76988151057998,26.22126558710127,1.276828328860384,0.9429269203505722
620,3.6780514488858107,35.95082962025871,1.532217291281486,0.2935322117754222
3790,24.92209202174972,2.0194495456247905,0.4043298416913699,0.6747050431831482
1645,24.71571240250298,28.175800960347992,0.191266349298852,0.3051503776787243
2243,29.42219138202616,6.083594650193763,0.48686571569048237,0.31457242551894815
4512,18.141001523566576,15.760449625986068,1.0514718696309178,0.8447091667152699
4759,30.655379797779485,33.08134307661952,2.219602444538437,0.7870219534558307
3491,43.91081551371015,7.870710029608885,1.3297860613368178,0.2941074306573488
3711,47.77354952475822,15.442091775231443,1.8712322293349763,0.0813895156665938
3688,29.18061080705248,35.1503241417656,0.4353613207286164,0.3575841395911985
1379,2.1295476985156547,32.540262126341695,0.26494549513806365,0.7600575354853153
4243,48.461799863355445,4.551983460486903,0.5990433940805995,0.10054436118500654
2045,35.29310304481281,28.863424674616194,0.7847010319758976,0.6721008647232525
3048,16.798182427682605,7.3627230959319725,1.3702550470554986,0.8897632599139048
1388,7.357885048186169,12.613568935724635,2.2031083009111017,0.1792271556050471
401,7.1709306118137475,22.960563931788936,1.0652315419434135,0.8622043242862039
2653,8.387220306980137,5.467341164909456,1.2969954696124253,0.05136388245689105
4324,2.2786260806910152,49.68234839592834,0.011533839962301617,0.6668802580905634
3923,45.10770943264558,8.268478052700058,0.08328015722821658,0.7910389203758728
267,27.038411641366817,39.06563142143022,0.20942299981886903,0.44476611765933227
4221,34.997970635691864,41.49194225116125,1.7474852136975716,0.20372869481351352
1725,41.405425463415376,49.72319849480007,1.2154784219297934,0.9247294989035056
1112,39.577050316660014,21.43266089261342,0.4824029963296453,0.01996886860316882
2675,44.130281186442076,43.70472600696701,1.4814985967245478,0.5550712292295324
4784,48.362731126247596,47.87697195084255,1.3615303795475904,0.37284940870503225
1280,21.953530737096976,8.644707244733357,0.22199825452498934,0.46105719548104573
1232,47.51677333341953,23.97180445297663,1.6010319317928656,0.5365650562788958
4376,36.164497417140815,3.000540942804386,1.9178871815762755,0.5347486222665088
4538,3.533409515403924,31.03620060121008,0.7163860192727423,0.20362366375643204
1863,34.08915606061727,29.07030784282832,1.718722154985769,0.6797023229000433
4932,34.33583298024243,10.206314233159858,0.49929879252195997,0.019148291192146116
4484,45.293028189626355,39.895137944706306,1.8918220342793621,0.02118409421285672
616,18.646606623504603,1.8634361381769937,2.2794354228068006,0.47848734127830994
146,29.24557501359089,40.311366206377855,1.1046678095041176,0.5419028802702759
4616,0.6093775505871257,1.332264558193369,0.6115551955290446,0.2748894817002604
4725,16.6037621090668,32.841440606817514,0.9979417554942496,0.5516755336268335
3677,3.1121863079390466,3.9384756957450637,0.6251936816392922,0.5161092329855901
288,26.093648638244847,12.561275965616147,0.0030984394159386253,0.3492205547726448
1409,40.87238252534766,36.09566746559179,1.6261415295111128,0.6517746365451166
13,10.322134606453448,14.02023998126934,0.10631660490549227,0.9579372165467692
256,26.372052277888926,25.558692435886737,0.5259768505430775,0.49080269442513547
1721,10.200431825538352,45.76241347600572,1.8061238903245527,0.7860507592749802
1423,6.034423392312021,2.4817177018289174,1.6643125347894585,0.24759656357298965
4953,25.54983959671712,40.55398968678367,0.18332228011541413,0.7619505935074813
2990,3.9574310474863816,3.2635999284244765,1.6501368526976925,0.6489059545019943
1195,29.367731556899468,6.339742216833832,2.3264372239394566,0.6396977799283038
4559,1.5668730338363135,5.965955194460543,0.18625617254545784,0.8930353404422275
4365,5.335748593418776,49.705114160536304,1.0392205691915906,0.2333502549522517
1244,27.49987427436789,9.00931596657667,1.8235847252853534,0.3684501170909421
3223,29.570370644945694,44.83809231281341,1.6693075079447834,0.08306745701098572
3470,1.449346504687904,49.54660814732771,0.5662763561737458,0.7261199767692121
4167,28.66883940007792,19.1892385206149,0.4076681937417659,0.8438672852996117
3969,41.92512626618185,31.55242717643427,1.9606175101023298,0.40583350363180304
1306,36.1158088646977,38.95456268818063,2.3906116380969915,0.3568268184682595
2121,6.559255196039931,19.632254091810413,1.9189586688570728,0.6586518558565275
2402,29.623732378180744,8.090707024890364,2.4080112054943754,0.07559046078933696
496,33.612625003710676,21.68813718962806,1.5124885603426068,0.29384189613631373
3399,1.8615600876145888,38.59438225014723,2.322747151729793,0.36621279853518374
3606,42.767383434181134,39.038138137420155,1.7260892363622171,0.518590284030752
909,45.31336986449151,11.526939608545666,2.2722118755027165,0.47656921946900943
372,42.52261366811293,8.748281994537328,0.4039724199239769,0.20868042277462684
4457,41.23157339945566,46.02803510501749,2.0389130393598722,0.5407878738633325
1344,37.248259923044664,2.1999515279155277,0.4918645023836313,0.9258686908867697
323,31.671601564098005,36.736923788254344,0.06857275486489317,0.02708789029712988
2431,33.931350249412596,2.3210692723377004,1.2939653351074074,0.6803065724046725
4670,40.31976466674915,41.895002543049394,0.7956294514046108,0.6247090272623088
4831,33.12492291806523,45.2707406668051,0.10882840447004466,0.9244269547116623
2784,16.38634783410355,14.87095621145495,2.4507609468203984,0.6453449404070818
2393,18.798055108067697,3.6967821758348784,1.666165238724982,0.6248427124810434
3920,44.85287341861461,24.03422681737143,2.2545304330389966,0.7698056600982401
1215,0.8561042898580951,14.92315183727384,2.4977064646798706,0.26780594881966024
1695,34.9410290622141,20.856807140518953,0.9799168416777302,0.5957322624322371
1907,47.73887762126077,33.24927267443401,0.6368425718352879,0.5194211093618459
4814,35.31140849789868,10.491301797435849,0.4597109817170719,0.4384725066549735
780,49.6955994115891,17.847578475704317,1.2879677694783565,0.07948716736946082
1019,34.37724527641654,39.12812451463368,1.5152019437553936,0.29262885801284133
3265,1.7181514608430537,32.18809749764108,1.181056840081312,0.27998171399016947
1403,41.35049408234618,16.313774557561935,0.968130037114206,0.724250957164001
1426,14.231495596965955,33.21508001299643,0.42068140864782083,0.9206561352104349
663,22.302861283222047,38.26564614459833,1.10464905952656,0.2307872228768486
2647,15.604595795354104,29.624279047639373,0.21310784269766236,0.0746239388913259
10,13.427705310483972,11.974841625050425,2.1626193972189798,0.9999569543687702
1038,21.57028518348927,0.012264525599653409,0.11725663024489852,0.6912053301340548
2825,18.93757242203369,40.14245534941407,0.9516151543288867,0.8864708469902575
3003,31.66692909212947,41.13167776580822,0.25034467260742127,0.14387941586379627
4680,40.65756004937553,34.8802250697181,1.9374512486676956,0.8007680411173688
1075,14.854432659362038,3.8290465683806896,0.7818424470698171,0.8133237459881002
3088,10.686057641100872,29.261114375402308,0.282764031631387,0.15148892599060915
1789,33.34476354351711,41.05103356358036,1.3287282471612847,0.16140418009409574
3036,33.51600329153908,19.483416005408284,2.2906925180738504,0.29545121612180103
4838,45.05656196430859,9.900036711012705,2.2716121777980085,0.21678744763573976
3653,0.7972843226655424,29.381364862073532,0.6241276028319748,0.9754099080565939
3175,42.652033105825495,41.315331365043896,1.7991491899005838,0.36294383363643445
4299,26.050108647417847,2.443497935353278,0.07571048210247816,0.7613064117672069
1076,31.065104458604942,29.847560858036786,0.3296294912585615,0.8050508034826726
973,4.568572028070738,32.1586897669671,1.248680925784449,0.38594088715467456
1865,21.630746643602283,30.118351967413982,0.5718910862208804,0.6825855542823355
3125,11.36512036192619,32.50168421185243,1.9956546349003452,0.10780014089572709
1299,12.711251504125453,31.568765380207726,2.327680430131653,0.396962051481936
3406,25.20475573380137,6.520194249017452,0.010833291206955586,0.9673106600948999
1158,40.622797520155615,11.746838847445767,0.5822895740024494,0.16853065391360367
3129,37.18904650724281,30.94970026445051,1.0988833651905683,0.3857113047006313
104,29.54999795429769,0.8846580568385387,1.4076982208809712,0.7905215098920325
3567,26.97090963767335,31.737225936162222,2.2897569439802528,0.6654232549104602
4348,21.365302161724497,33.2693311892516,2.2297087262882336,0.6315186015743985
4390,48.63549867806932,11.958737993082924,1.5929252486699146,0.8532574593424224
1181,28.009627711711666,29.906641487656984,0.6434700352097114,0.029093843023697552
4644,12.698319915611107,26.704503036188225,1.9582195246959033,0.7711643681819922
3138,11.504539602001978,13.03457740765569,0.5066294282180794,0.8825490392158183
4394,30.56765153875709,23.148700593737733,2.4129308102420417,0.016174477496196826
3534,26.14137636554644,45.48122647060907,0.014599789334995006,0.5589629511073055
4196,0.38489014773563923,21.330139022994143,1.4244262597697537,0.34858848521063057
3127,41.50326860978897,31.492208843975085,0.2209931173040694,0.05076270881354272
1774,35.20611771162173,1.7675410520347101,1.0189988254550533,0.4177481193181434
3814,33.09146448390518,3.8900056661049396,1.5873338507760428,0.644030141171886
4969,3.4390328848829474,4.065403665165923,1.7239962389797907,0.9190136315893924
91,18.10279250862457,38.91203818132227,1.9639236741848378,0.6205304864960713
446,46.76911303663931,17.512844740172635,1.4833192569119253,0.8567430815559871
108,43.12946206706819,11.380584418290669,0.6282983782149862,0.12157150667456507
4412,14.277146893476672,37.36622842258613,2.223133107337179,0.2105211675231342
3239,7.852944204956936,8.498003127808722,2.027768532534219,0.9702928642145678
4053,22.454397858428855,12.324626253514031,0.40013079426712506,0.8874006902564439
4537,17.791518933383045,21.546572163501043,2.0662779605196224,0.2352269530200255
1245,34.111318835299556,16.571903450730662,2.431611289776204,0.6209738817975795
2720,48.32174050421598,29.269610551832216,1.593047792019794,0.3626327585285325
277,18.150072499128072,16.89203095374238,0.7045130577847345,0.46859850872883535
3056,3.1112086326121,19.647581792944596,1.5164845781835357,0.8608781490922901
4664,44.880700417119265,43.1443304124743,0.8563376728707475,0.7357126101330329
2922,1.8974865119935402,44.22657198140012,1.6898661766057657,0.23844256172009537
2513,47.63829485766665,41.38555954067037,1.3619998986396835,0.3159930746968824
838,33.22897140045199,43.24154663523163,2.323726530224378,0.2897104598189978
2801,47.08446042209746,28.48643346695585,1.544771358002007,0.7806627783407444
29,9.982984332448913,32.3116607375692,0.5349542093179227,0.49008842113683126
1257,2.0349897626903815,27.858658327747026,1.8127746833547118,0.950724307024386
364,24.41049891382459,39.279404202646,0.7521957946522049,0.8166871772290509
1800,22.53117072850626,27.550024288072212,0.6809773823720109,0.21119443085458134
904,16.57461366274414,5.553848227539026,0.9794415639362586,0.7859427953545497
4793,47.882823719434874,40.479006022842995,0.02999169765668913,0.5060793472139269
2178,41.12918660807161,38.02925853387682,2.4228516504032007,0.253710126180705
2850,33.079101068779664,41.01502976413126,1.3308277783967457,0.36333174281789005
2836,8.142914581891386,9.521473169488093,1.9337347346824008,0.9721261167433362
4446,36.71617041092624,13.580852635748354,0.6446305559446958,0.4839614425841249
179,36.350622734986196,14.7875848631765,1.866545329084064,0.719605849610663
3873,21.253408680800373,25.404026809283682,1.4179262556953385,0.4770852951627721
3960,46.23929548570068,6.693854208172989,1.060360434448756,0.37155727384611925
1186,8.348894111450523,19.269087663743367,2.426673065491155,0.7964200182593585
3959,13.366878120583214,9.10790805395148,1.2346092853660147,0.8483243517750629
773,3.1612169625316824,13.238135651636822,1.6436464547241922,0.07188916566587034
4605,39.772547908879375,35.31938172792137,0.03835547872469924,0.27897758913166626
4460,31.087969304769864,42.74055781586406,0.7536380162466207,0.5078710476308806
352,15.747015284062476,1.1452933298591927,2.221728915400166,0.31649774744443315
4507,8.19068317971577,28.29484816775002,1.8973976527900471,0.7835830049607534
4830,2.0073885014370187,1.8029881031133566,1.3418850904391244,0.11473336074886864
3028,8.337278431296829,4.2624622505775145,2.2503992677832136,0.7977982862865732
117,22.66423231688291,35.254201730705454,1.2155512830188895,0.6178864171948737
481,12.358848450530308,36.78040532510583,1.416267660469439,0.289367718537483
4287,12.949108871598336,40.69903365863994,0.955382117993864,0.3444546884411791
2637,43.778818333385715,23.712075588515248,1.5501000918072105,0.18289915509320143
106,25.756883673055032,42.99037410080941,0.7975038273021845,0.2525734002981378
4477,36.46259865642073,8.341914582081216,0.963730443855893,0.7172688689824964
4878,1.7855474514071545,12.485820681750132,2.4158156580181718,0.375884140541193
243,18.258167783901435,6.725107380098566,0.27827169949897534,0.6874841386870489
2632,23.95846736977209,39.876863029093826,0.2631383631151024,0.5141075411017481
4563,9.320842760509235,11.433755919330945,0.10829004863753933,0.14529774964392572
865,6.009577072276934,7.775562137914783,0.8001112994006689,0.4990706477996921
2981,43.515188924992124,31.15553437940281,0.9955731061698105,0.7564698458426329
1561,46.97158135498983,3.8541013180337202,0.23628911017386567,0.29767550472432436
603,3.9403349022703704,2.2450138610086268,1.3728274884170741,0.6480816646869281
3062,17.450935627122156,5.335882427622946,1.4582538226371726,0.19903265454170838
4018,47.91428140722368,0.012044199358379748,1.8775667340333202,0.13569895791675102
2015,4.158086656623245,34.84950771108962,2.439920291539504,0.3602261306239567
1658,32.18206864393631,28.111766085723932,1.548380618230999,0.3892035936996703
3380,48.611068548350275,10.493755451886194,0.2791270167023635,0.7610096303671023
3767,48.91118342906873,11.650247398879793,0.22131060811445696,0.46007875126782527
3770,23.561166545187163,40.548429923501985,1.943867159125928,0.08123489533081973
1613,8.13745538911903,25.09100579301502,1.625835321339817,0.6339994983553954
4955,10.104215748871942,34.926417854086985,0.4047859867664044,0.46925325986604727
1879,44.480069756219734,22.637772563745777,0.6333999317088351,0.33164320056531615
4108,45.5841502164868,11.885901301039613,1.8756009682312957,0.8022188086109862
2346,30.393982193677736,48.52014003414534,1.4153894545141164,0.15438479022758445
1099,38.30881997349557,28.282378168769874,1.4625001562563475,0.9132123439779632
1074,36.99656257352041,6.54909518839562,0.5250216782197739,0.3340614903171111
786,33.09107989945535,20.304502109195337,1.5726449541442789,0.46094144484262767
148,41.363847743596956,16.466870597345036,1.9265714885181382,0.9292329955601916
1754,34.270331152016055,10.704373429426067,2.2131305636596172,0.7612398317377076
2169,26.700115287374963,46.67199946201298,1.841793312045123,0.0743024338048196
3756,11.84781812940784,44.04599977298763,1.4409391275225403,0.5782968587553706
1179,37.19440720593095,9.95735582600582,1.683148268116942,0.310362871673195
3309,23.671893391913724,17.607394452775836,1.2127786562846943,0.50848824984072
2423,14.739584200375466,38.11576958354108,0.5672456077940563,0.7429690416341613
4177,40.097313787088765,10.425302407010783,2.2055174319298385,0.49617291391865004
4587,34.83568001765141,29.578243130212222,1.3315565829185632,0.07102187694504514
924,46.866978156235,34.98969710624083,1.4857957778680875,0.5299805186096838
1603,8.272082000943886,32.69861628553832,2.4752722843829567,0.024129666560143703
3052,32.45946423182466,35.320432013775026,2.462539195681601,0.3484093573599413
4218,12.211973404408798,35.334979451438144,1.4657774624998432,0.47803052292343173
4803,45.17914926508209,48.24029599244642,0.08489315504366546,0.6446735633766275
2377,4.974970712830784,17.32494447601598,0.9903688451121084,0.5062067876216803
3480,32.808090322243864,43.929521218791976,2.343233200127223,0.15194681054716885
3182,39.554286076401496,1.090353125755339,0.7207664809400229,0.9322175639610418
2817,17.74589201823536,14.410148166164161,2.49817171299079,0.650299672751142
3160,47.70690396919046,2.432789099956578,0.21079381714138118,0.31696778512490753
4805,42.536534229301864,32.56019799779201,1.420285452512968,0.9659396951310415
4889,14.73091498424517,5.039518536580978,1.2886234004367356,0.8825776091089897
711,0.3770546357999338,42.28534318260231,0.6383822834192501,0.14349008867816393
2586,14.832858805903044,32.329584189512985,2.3715178266127497,0.6554290951065636
2648,14.065523523537127,1.4407700526802847,1.5479280249932756,0.5600694520865486
1717,44.49823037504545,35.73886827173115,0.5755707086116904,0.19280892288619422
4352,48.356058912737375,43.10174736284805,0.9601204945958406,0.23347514048902895
870,3.521999298513018,33.05605038310747,1.8030735672051565,0.5637737735509698
3574,23.564741426665837,1.5262107967516092,0.744241781740784,0.32128828433397705
4904,27.416599926489788,42.89597742302033,2.199015505152953,0.8348314310951552
270,4.645583066485165,36.62319564670175,0.41418474489406026,0.09773923530627415
1543,18.87488545687613,18.922565624199212,0.6612627246621217,0.9140307732021125
549,15.85412086964753,16.43151291577513,0.36224653341525,0.8405525490682897
4663,26.802817716354365,23.991009070372005,0.26044709689874573,0.7386234831137467
4014,33.0595449865969,43.35508754689354,0.7507885586598171,0.26256725093516364
4454,35.17425552482833,12.602967593477876,2.497946865838601,0.7149578560421189
1712,6.837751180669377,5.048190562060056,0.23582353315417026,0.4387697796186323
3240,40.64738509723107,43.231818648052496,0.5325054796182207,0.6337578972291662
1362,33.92710148953795,1.3144924440361472,0.6790419976950052,0.31255441720335453
4893,44.45374583733598,45.54985111220323,1.5478242111805096,0.8358578538080287
1284,22.466802971771706,15.287259715070034,1.8633642410196314,0.04057609931887807
886,44.69448813610958,25.411135084413385,1.8798341871351143,0.6914597466959168
2258,43.28870611780377,6.6147762376114025,0.021589954847077986,0.8286312403833145
4382,21.92046661796348,45.11274846883426,1.629626146998663,0.6464281151638992
1785,19.057165764648932,37.491811169220234,1.5768421984177574,0.19199178212931245
4838,46.64060074851284,46.20777933040171,1.294136704724693,0.28498077978026304
3543,35.75823672692188,34.16145255590812,0.9480214035093979,0.5149052945027505
295,46.412267321903784,9.234688837116305,1.9936104936530747,0.32944906927224316
2053,39.848738944790654,15.413350149312466,0.8597019885833806,0.004916421707198304
2597,30.464871964570715,24.342428755173668,0.5750306802665031,0.040678112444547665
680,5.792638850188226,30.362910268010346,0.7752379364190323,0.7677684310100086
4890,14.574033628954924,46.32297186681368,1.0991197928079146,0.08370718168136426
4298,48.442120354919574,19.197573289456948,0.5351434700068489,0.9280218556382318
324,15.971104935710223,35.153601095357295,1.5189281155137162,0.4427364458963309
2291,4.662743489268539,48.050442445541094,2.210523006279739,0.7581866383643671
4422,35.37766779596599,7.61870317077265,1.4886503104051876,0.1255045960686071
986,36.70021272718421,43.135479438977406,1.1166707686934532,0.9265074200770382
3118,14.272886014357539,21.03530351965993,1.99217191556226,0.03380882984215472
760,14.883598967315187,36.621088796466836,1.8700965571863217,0.0421371607295562
3693,23.444649275439193,14.676916936854184,0.9176453038267405,0.054585780213023405
1036,1.089447488112777,16.699210913300078,1.5103836766634047,0.1034081609634826
906,39.46615051805818,1.3566612434033065,1.824607150794978,0.48683164388591116
364,15.85443936370628,48.57020765834798,0.6136581450486025,0.7882764421149684
3413,42.68815510009888,40.67262876153922,0.9156846977104747,0.28494783145633107
1069,40.13152108000169,4.695897896311024,0.2644401763749263,0.7457768216935956
4369,33.070101655939155,49.975439783188726,2.4692006957670833,0.7740609747685232
2255,16.243743354964437,30.25122986014707,0.21469412605783944,0.908277329851757
3686,25.815828083058502,42.686431898219155,0.42151531280894355,0.149351920147768
4219,22.24146287989795,3.3330381638934483,1.1995798741603494,0.13553450903434294
3081,16.944094312433712,19.472558924596186,2.163179583861348,0.12209505553411792
3258,42.40681446515891,33.48255611518049,0.8897050573698986,0.3593106090541236
2107,24.175353728883266,5.3216859349850765,1.9214903688283647,0.4894126641919797
2933,41.63615488985732,24.445141932700032,1.6900851832905903,0.46160935501561684
2829,5.260923707091214,22.133893727207077,1.5966601928991973,0.25704873139979456
441,7.051239430016787,10.802011223678987,2.1125431274171005,0.6219796254634997
1559,48.86601525564884,15.013491792590111,0.035425724071564135,0.33827363070054406
1741,29.38842313030448,48.35591772474912,2.322882596400979,0.3660829880795199
625,25.48848367495245,14.432424300496798,2.073065450840733,0.1055300628025927
3863,26.157803157205585,10.671306698420551,2.344668049129568,0.5922313350910756
1690,10.763438701642992,26.810458553416673,1.9839697096417177,0.6552803752282912
2781,35.935197475098654,33.547901703514896,2.196478518635681,0.7579502204615923
90,4.239031186487718,36.254655553478244,0.5076951204986979,0.9040092131271771
3006,28.66618565515116,37.71235922484581,0.7980726671926264,0.7660044556570162
4302,28.538439829295072,1.8416245757376548,0.7880525336768274,0.23574366615006848
1088,45.70942120667555,19.688020018978165,0.27291686469514187,0.23565515946436977
4611,26.30914050524302,38.69790398915451,1.823948138211477,0.9150871955618969
1180,6.853134798708976,45.24260509000647,0.3404272317176821,0.7901335694151728
1901,28.63766296240813,30.110006166639163,0.1312729151976516,0.7822464303109049
4490,4.566382218266618,2.6153426754842837,1.9386171751376597,0.719713660110536
186,10.189691764996084,19.83229029275656,2.2616579243298234,0.2672019912537813
1597,1.5554292093708066,3.7113557934227326,1.9103083699128331,0.8474103424070455
3408,25.664679122974913,37.426893134229225,2.063380532079941,0.14288467808012606
3747,4.226630764678618,3.1752734640832614,1.4890541945769282,0.3500176092979035
2670,23.46971892656645,9.286553336758862,2.219365844786883,0.3464745399364295
4825,46.647251766207205,20.847921198238712,1.2417587058946378,0.5601321417080347
239,35.988070650966606,23.1324183557436,2.4708065462186624,0.4634435559955775
2580,3.8705837112646524,20.324085015750615,0.25853760692362227,0.45980813309987056
4236,11.210490610442159,23.1698323303,2.02295176675346,0.5535724312795917
138,33.68312099467171,35.661957601009995,1.6034735400281883,0.4154184549121288
2506,44.735093051209184,18.463441147777075,1.4516151705529878,0.2499832313177356
4165,1.645929338197688,27.387522957530958,1.8145263271528034,0.6641207177673373
4480,40.6225565860297,15.168462876436612,2.100728826997122,0.7906333788384025
4725,28.090694016915435,17.681374754524132,2.1572101671012747,0.4789958788445894
2245,27.30456626481963,30.689947952104042,0.43845240735996244,0.6494831867145072
4300,47.890659137667896,24.524732581851,0.4925898243824231,0.535363281823036
1749,37.38223062983865,36.151814742964056,0.04041627378399276,0.05899643853710246
567,42.5059434028056,28.026929402587484,0.32960614448068193,0.42308466156413616
4900,17.699778477233334,40.178704269193645,0.6597062321248115,0.009852499521737279
881,27.718202041420493,22.170410649735828,1.802589556375707,0.661879278164758
639,30.770283871388536,24.551680993340074,1.1894187725062753,0.5081614698846014
3961,16.079197018123253,33.49856744504698,1.8947588389600434,0.12683153517969692
4420,28.512406247369977,11.062197220602442,1.2163396195497267,0.5421915320788382
4537,11.832768973985692,19.296476846563042,1.3889936322749208,0.8984260030279894
4899,7.168783553411978,31.24206220058539,0.2776664664839562,0.3404907647776182
2335,18.69851296386663,1.4438134632868194,1.9413957116900813,0.9823687662329664
4321,36.96448143732185,21.84857168169708,1.8953163304988871,0.9593799067421674
2985,45.80935740369438,29.94249681530584,0.768903979201549,0.7853098424564885
559,22.885702574911626,48.36877659890989,0.8214451945010048,0.8137999778189554
713,32.14118441377158,43.85082808088356,0.5492036264328387,0.41054536019984234
4593,5.151856548755024,14.037097647132907,2.0345991900903817,0.40254109529709015
3988,45.223187927616436,25.360505201446237,1.867517004904451,0.9543973582669927
256,28.43021067849672,2.8207186330045655,1.5228693454606317,0.36619624955364205
576,39.01691238125785,12.037720740890357,0.5970552578242436,0.09687288907304326
37,39.72206004606969,38.742793403404505,0.4296333315343606,0.15270108819126504
2072,12.824026318405297,6.1657006137672274,0.12567212793653276,0.7103989651929221
4505,26.458722659092476,12.88452624169783,0.1140287044462987,0.38298093508964437
460,48.023987578048875,47.202125086790396,0.4678403495208175,0.1993428397121927
1440,4.481727241041389,41.1927900246229,0.2513313308080553,0.8137861286830638
4478,34.15249490147817,39.0913856324456,1.3902691823061075,0.48867349067329224
1832,48.1132039017586,43.22787451510784,0.8952253194861926,0.5676412047697843
4664,15.028855402701108,37.480284329117694,1.1123644554203658,0.1539493546501064
3399,43.07239607021741,6.029310805911747,1.4851679589679745,0.19275420141593924
432,46.682877270413584,25.828066324261567,1.6477543633837841,0.12585603697380576
4151,37.35431046974125,22.2121960401161,1.620504299706445,0.5145427992344311
1751,11.566415615347914,15.557578913519004,0.6521414670520811,0.7756570117272543
2047,16.700035941329695,41.70202048598027,2.0240675507402566,0.7322852438814743
4997,1.7904647208865365,23.206960118711685,2.294274174798075,0.2612308205222119
2840,41.57266171226776,3.0148800678774847,0.7898458680579881,0.8515501879056374
256,42.480559325554,13.748279186013413,0.042663541415169925,0.10566084814041343
671,31.635515498309637,11.431052901472254,2.2478854666212627,0.11404997008311124
489,17.626392563192567,44.37394424056418,2.3088718323836903,0.8493042826041832
3714,3.840551381996027,32.37190503194999,0.12736610103258383,0.24441956117589692
2096,37.65288049574547,28.018813294103754,0.012391479648030668,0.7081158446400949
1682,36.326309680496145,25.332462083935255,2.0410119574818557,0.009079591921675956
4411,45.63012608694505,32.50565137707328,0.7536583862077664,0.09360108861915306
2460,36.52660105026811,37.74377733885624,2.2864554182399712,0.6092887087222831
4529,41.43474711220009,27.719235291575494,0.5418589331738666,0.18241595487790452
3912,37.297730895199976,46.914270757630526,2.1528865403164676,0.02821368631276222
1975,31.53435941561582,48.84170853251923,0.1716106743125917,0.4669467566833231
3216,21.348319709550463,49.76711583044115,0.651592118284934,0.3305204992785187
1389,45.10586543211389,33.469555504432236,2.4328221978641027,0.8022569280831441
4515,32.548428595373494,46.63102333779392,0.5779916358282058,0.8188289911033042
3856,19.917766098295452,20.223984765397734,0.33253246018760285,0.6144231212091987
1584,4.173464759097861,42.979619562369265,2.142636631182488,0.2930337463464525
4939,14.535242795219105,45.458714936984045,0.29450197940369766,0.4616266512624505
2963,27.18633674150824,45.20702361661378,0.24364027144875872,0.7022560271046094
4529,13.781768500809727,41.54231414541908,0.8085628354738394,0.06930855315530171
976,11.061767395895107,20.32995808206252,1.5883212664923987,0.3324970883281251
3364,26.36967570439236,7.945374099036718,1.776865934446739,0.8223697009091718
45,8.49101729478673,16.697817817222294,2.2030969595684895,0.4060285422470178
1193,40.020503166255175,38.36442846490465,1.3522788148977651,0.6246680113154659
3342,24.2184075671329,11.644275566498763,0.9835444669024385,0.09633436913527038
4512,28.693138698132508,23.91360324129862,0.8970844045861628,0.7770459751840522
4943,7.369163379867427,28.2699758992336,2.117256821193685,0.10046548993724191
246,16.228816781468367,30.192928121893765,1.8095382737066636,0.8615252545027571
3219,20.504484163057647,46.78627741893993,2.263572534312848,0.10660104488968813
4325,40.41064152582515,33.074651020715876,2.410088639329035,0.8908927631696767
791,38.50797615430763,39.31494080386511,0.7501270902095186,0.36376987422714846
636,11.148873739384069,29.09391739458167,1.3241852967520986,0.6245307317743087
3775,30.808954080350386,41.679015943098165,1.5795520184120824,0.8465505516384577
2421,12.17281788859988,13.183180653488142,0.4096223669411439,0.010241420990566574
4833,49.41235778451227,10.493883583439462,0.13336758481246186,0.2656931614063046
1088,47.60619390654353,46.31600243789848,2.1694097852882837,0.9083383212925257
4183,28.163236026031026,34.67404381786892,1.338808776888433,0.388176060584812
3159,34.94512859470715,33.57627885291106,1.426935540900098,0.7063759257976245
712,40.07151911043225,23.364761931422496,1.387285863569887,0.14001205615350243
4696,36.04992100224519,18.834862964675526,1.887401762081726,0.6783716014112628
3644,34.99143455412104,27.784559723931938,0.3637548617051081,0.07316099552604327
3890,47.9277003974764,6.028317471083355,1.5351211019288316,0.717325139764667
2586,29.822805315364164,22.735628054155388,1.1736987789440754,0.3238049543867787
4309,31.815133590952783,22.768385223274045,2.2423953987693106,0.4658476559532664
2108,42.46343752190906,26.916825647213262,1.2990523447408133,0.16626018096705575
4793,33.49454339292034,31.734280718360115,2.357337435185414,0.6278490177342105
3614,36.64663110087613,47.86591829926811,0.8831324854497666,0.33756762878097357
1242,11.708434309832121,32.608456354587844,2.4172367659749763,0.3833750060493565
2059,18.563346205753543,44.186257597670576,2.187894870229419,0.6521929249541363
3486,7.365067285594651,27.81519307345819,1.4606582243383868,0.17886166122255065
4332,25.288272116740274,31.34639413137449,0.8842748332975614,0.8520088935722436
3810,22.786370034012315,3.4918476554784803,0.9398083936313997,0.7392864055762207
3900,49.858140713972844,6.663186144220779,1.9318802161457291,0.5777300031381626
2605,30.560432640777123,28.98352175987698,1.4515783779226112,0.12833306708244874
4742,39.322241159721166,19.78564349790146,1.0039689636733025,0.6871096944002459
3034,16.700733537882712,39.94052599327509,1.5901374035304108,0.018099372089526056
4568,41.57726656713982,27.158893743708802,1.8330834947523609,0.8043958015339439
4207,30.75424832438417,44.114551947566895,0.05725128139616481,0.3037976968060919
4051,34.84961657992192,48.61658392311456,0.22465700279377526,0.11721155053034626
3363,14.721538897472719,7.3817592560742495,0.23621360101769795,0.1644889540561968
4021,27.431919584778857,19.74138758278133,0.5798345131583369,0.9631343985084007
1845,31.701848670680434,33.24905126190154,1.067476098068285,0.7738304178508307
382,29.454733790829053,15.274437770017485,2.009124748231386,0.2378719733364002
4112,45.759685571228324,13.351616886074758,0.8777475874988936,0.9634662434629445
4588,44.913633224627674,40.68692803144183,0.04369447095151191,0.14011767066254355
3810,48.54920289384353,49.018923452937145,1.2084046323793225,0.7335272119014413
1896,33.37140030034947,38.69016656237407,2.4915714885615547,0.6567396268523469
1509,48.59570650628423,26.183831140205676,0.8725524891372977,0.8214767723855767
4212,41.623900001595445,22.125561597265737,2.4031362969182872,0.38169872067320587
1578,13.541607016997965,26.982386026518245,0.25336282784105657,0.4018354583107764
879,21.371783477564854,23.14198510938679,0.432749144763262,0.6245670184427898
2162,11.91962210945049,25.1444028392834,1.8103051753642707,0.39820575696522165
1572,0.20985804152826026,10.172652526461384,1.2530311224267656,0.04135089270221182
1648,9.40243765734543,45.18709746546638,1.9128045086647152,0.7297080318117405
4739,0.20302931434378335,37.726750076163405,2.158895862572225,0.6409460630551271
1359,35.9919230675245,34.048871134661,0.6277121901525864,0.42371281275598105
4431,21.276714886059978,47.496248548723656,1.7070729260993547,0.3028295608801195
2969,15.628736353892913,14.219716595641902,1.5190030915843902,0.32072583832736834
3960,38.0860445547594,4.057970544680711,2.153837572980328,0.7410286237117966
3811,41.62433873098225,41.30693301776658,1.0752597515247067,0.7291608789795427
4242,48.764976932493994,49.92084818246275,0.12967607677665,0.8189184203412501
4217,32.10067923376206,28.92162190100997,1.4354653181812798,0.762180428236109
80,23.076447927002587,2.9404693956340933,2.3971957977961447,0.7579442021060652
2732,15.263215080371795,39.02340200774706,0.03657794876305853,0.2517732340554316
2709,11.115910460711314,3.687452442292077,0.6006449710561366,0.10161255459876384
2422,10.64629752413006,27.00069931296406,0.7901694749103,0.7617522660360172
3641,20.459468735989937,13.876623710526353,1.9145972197274388,0.0986180196557529
4599,49.58931776439649,45.75133902961977,0.8081923061704046,0.9821114052949799
667,0.04268487187016334,22.56656066297425,0.5977096579907848,0.8750892674500069
2496,9.86029486155004,44.923167423927666,1.6213950361676028,0.5334616019211872
3499,9.419649120178692,14.954054262728377,0.116013222402499,0.3521835651021614
3498,35.85597427661462,19.368129191067563,0.4264921498968674,0.526843035947429
1444,17.624236379903092,47.355959412354025,1.0200755716736092,0.7343018331033707
1345,22.863040229591032,10.065722546581767,0.8889999058500777,0.7563299785606145
1189,7.4312065234952485,28.92505758255726,0.8679145479584081,0.07366599864991763
458,20.249851943847386,19.42551642800557,0.2713875327991544,0.8048540948948172
1212,5.159990595291802,38.708344253436366,0.9021000486244914,0.6414970817051555
4559,26.652164394429157,6.4648185585678695,1.9949819299785068,0.040579613905202816
911,4.896918269142797,21.860748450233423,1.0346105044934881,0.31316120581379026
1025,39.52541905865781,34.94663134226316,1.4654279620392123,0.5106413686943159
2411,28.330085877024473,20.35081175030799,0.4089485232932938,0.18845149220547497
71,36.19839368867584,2.926586963768835,0.17427840867144023,0.15524052887455475
2685,20.925819332634195,35.2556130667672,2.1998901048289015,0.014281164597328755
1193,19.074564662111364,25.159916384249154,0.828431490364897,0.9115506334512585
1848,4.91044445244318,0.5654343340050272,0.8758430826703317,0.056107955030187284
2384,26.19278035214113,30.63279476141865,2.1942196236971463,0.366011421464029
2022,25.7251082428546,45.994051126439324,1.7694283722718598,0.20577163727148995
3741,23.405102222480267,5.551297410584449,1.8906567774690322,0.7410331022073613
4748,37.025918234122464,29.533561750458446,1.7050087104191567,0.7071846574815344
1298,41.62522000161773,36.433444088131516,0.26448061197884093,0.8062224119619811
4102,37.53948374742541,3.5386835070152722,2.394989552640569,0.6168083012449848
904,7.193287140342192,1.1307729082093154,2.272840717819819,0.591653160333335
3026,31.102975464105402,23.209793332247365,0.5905503170786361,0.4071107154718845
2028,4.016155284476669,39.55933436171819,2.0099854778596034,0.6363587001088682
4711,34.731114372023825,8.035970504966416,1.0234910787432998,0.11520558496675304
2620,19.091954828056334,41.83186361074615,1.7094174196612075,0.6845128492021847
2646,6.62494781331433,32.82886277117981,0.414007499533085,0.10389775786308797
4865,43.102542848806394,16.608664389424284,1.346385626641052,0.8617399025326663
2289,30.700416951946867,25.791289924622475,0.31654074889976513,0.5056828058270553
3872,17.736248397376375,48.27874898633692,1.3404179133952898,0.5303569045356405
1485,1.5363589825249768,10.82184853161694,0.6089848901430319,0.5848576022052359
3151,26.865512950180527,24.97676988720201,1.1311663219220367,0.7760524989788571
1440,46.16129392431163,31.224327805381037,1.669923417936077,0.4784706208721674
765,29.818991635118287,6.900730273783312,2.192686454151547,0.427588073647322
4479,48.582530230974655,2.176104431165482,0.41322250771319513,0.28833345677290223
2438,6.822555913522926,0.6729976465735643,2.2331727885442456,0.12803935071759132
4092,28.41525522974184,16.234642830000812,0.9750941198182252,0.1903425410760331
4783,39.90625240032147,3.6973647242432683,2.1094914215147025,0.0005278436858323632
1149,26.27703655628581,40.18849762705573,1.2813697960444075,0.8694216477856673
3565,4.553317799373629,49.8659763580873,2.1555214294073495,0.7649583948988818
4142,29.144300077360885,3.0651910867232015,1.6570601688004991,0.2186824288189564
1972,30.586895292123582,21.63631379667198,1.2717903515419207,0.002390090595505323
2666,36.43546242376763,1.2866061491287384,0.781346582500822,0.49211630486203917
463,38.06057575827369,6.6995445378631615,2.422272719046638,0.4125731993150705
4218,38.538634410530356,16.146128045533704,2.0022441441660446,0.7760066213420587
2181,33.1722196819483,19.684910652882493,0.9529679629306533,0.40289550669751784
1642,10.790559320932907,46.98914732143201,0.4168089826476151,0.8641128075237584
3888,20.21178779197397,19.791840437844794,1.9488385464832345,0.09583822906525286
840,38.80649863071993,24.81388295287011,2.4748607195272996,0.365858086252548
2654,47.67134917004066,12.27916841369332,0.6974373844811801,0.9339408986687306
4118,3.9473482418311,0.006256937828774678,2.2896576808374896,0.011729622326878797
565,26.77683388985974,44.96672283665676,0.31342676396980046,0.3907894240069246
964,15.626113566215322,4.0857378518152405,2.380515635629635,0.2597032600665309
2282,11.269694715841489,48.21244205181146,1.8633472811076586,0.5318607224430781
995,25.29053417598575,6.542205205013013,0.8664905731592587,0.278766800278628
1187,30.30446702782684,30.243924037522014,0.7615795557405847,0.8699080454614724
4921,0.4886115709740624,49.97052939283185,1.6085883848483782,0.9371382528532742
4311,39.010328610059545,6.923229803483793,1.48376785064675,0.8491342970739406
3254,40.994106562972384,21.19715424699121,2.2973417537342162,0.3985678452279493
656,48.27554122839665,39.02118344857383,1.9156078355230355,0.9899337655361987
2982,9.032186661234748,1.6095074924984132,1.350912181434817,0.7350363166241917
1113,29.7276281180474,34.48913755700222,2.3189146045991365,0.35560893662861903
4406,21.331268673819725,4.018666894539974,1.481826578333047,0.09369282119879507
556,16.741392577767535,11.82600711366132,2.124212089151693,0.6670464163817288
3019,28.281672571875234,8.003808124668021,2.102356630244641,0.7285674442318351
2304,39.11915466117751,45.36682158234681,2.2979871473738407,0.122459132888461
2580,1.1526391722605056,9.022835839084042,0.16900507819776145,0.5497363517962578
51,48.47000562830934,2.02170477575786,1.4595491698669445,0.9870879840538204
1361,40.49407928528554,29.381283922388107,1.1709814779276229,0.3262421024991369
1194,37.557685182278924,17.3090462704851,1.2263559586616812,0.3018950224328638
4019,38.01936910902518,20.28531103206832,1.1497765090505072,0.9033021660929643
3138,19.45303548093263,5.953137243127349,2.0936667235558524,0.11741604466505562
1648,37.58102754224068,37.411724571659725,0.796082243542347,0.9335275033752337
671,19.33851043014788,30.0776824821759,1.156877704074446,0.7794870602734894
777,44.93534147873965,18.210852237414,0.5017063572527142,0.3908404089329198
4927,8.861119165323483,8.578747188156798,0.6292915398118368,0.08354762035215169
2279,14.617371210757574,29.67258695852802,1.6510502083596876,0.019174541253784483
3022,27.566877134953806,38.92986397536887,0.2923398456266549,0.37583119643778085
1860,15.960551794363626,15.619864193359746,0.4695545274866933,0.7053535844768445
3139,21.21186226476367,1.293019176929855,1.3200863989282852,0.4875292134689021
1074,24.621134469929736,10.7171992376492,0.1094325699075338,0.73865189281059
1716,42.817667440675436,34.11989094464146,0.31731749855097885,0.6705708487261095
1283,26.15961268043464,49.45481887284613,2.158382347416872,0.5729071893683664
4686,18.122992430728026,0.6688119704388262,2.115366914487489,0.9674990807248545
1986,12.38680820175579,15.307678106605039,0.8694402626174556,0.72838443435347
2633,20.433798939609858,3.101043522441943,0.8699782882779611,0.9146134491814422
1001,25.786805220718495,15.817464388151608,2.341288623160009,0.24216056432002842
1046,37.305742860161814,20.29571715637106,0.06460284768005808,0.7136396267772012
2176,6.052438808616934,46.04310459731275,1.450738782713177,0.5978028634151593
2338,11.080459411957545,4.028039970248937,1.4934764476018183,0.9242960968388532
1855,18.98270079343366,38.8567026532885,1.969717667954153,0.5104530176243732
500,18.01992025597573,19.77671980314817,2.379376289556502,0.27964137902915165
2233,19.587404380260587,40.56314248334639,0.8895689676083598,0.3848389603785418
4574,39.676063232016226,25.670109266281067,1.094583683640003,0.21882980542626118
2539,16.207720148108656,1.9641019421705042,1.6782462013004436,0.2199729993881867
4608,25.094909020133233,47.31029423574194,2.4181790558604415,0.47042158602666095
3714,31.195351642894824,4.136703171726092,2.226980884341769,0.8925688352929713
2332,11.608927509180255,29.884175126687808,1.6676325081751115,0.191869342861256
600,35.93476935737694,43.88338814667579,2.141808929177555,0.28787001212411556
4284,27.355565986914048,3.988489887509694,0.21301107722859064,0.8529881280515386
988,22.339058151568903,27.694669420800643,0.9428173571296317,0.33925627756051535
1881,40.48920133691569,41.21449377622261,0.03273123924711796,0.9624134019897141
4483,12.1747629592591,49.31623543228979,0.44368059565237594,0.2689202764635412
1754,44.15879853071616,36.216370040701065,1.576231428006005,0.4421434216985778
2464,28.052436768335188,13.916718773164682,2.213904059334167,0.09560993919274086
2223,30.45874396898291,34.97851649227047,1.5819507749794885,0.9921757952986017
4482,43.75294820844714,35.28833846538197,1.6603452675214168,0.8901420448756194
1494,40.879134392466796,34.99830060523087,0.2595540131405047,0.8175622528761247
852,30.078103441095017,42.71302185465529,1.6621512272834496,0.15734247056094064
451,37.659385192408706,4.3690031259745465,1.1358667934229774,0.9693580578479136
2324,21.66597451164484,5.420992270771668,1.6286005789545586,0.9291512856799243
1758,27.368887674987313,32.0308562112779,0.8154327738245684,0.4356714419975193
4308,3.1035068354255566,47.69405480490939,1.4537148541579255,0.6816370297014067
3353,4.492895900002342,23.291931945962297,1.0601732420774734,0.992458427692047
4136,41.4712702093166,48.02813508128376,1.3965926385876521,0.40974521949958187
4695,2.983582784124833,46.9042629758077,0.3677237958245,0.11304568905408297
3338,8.469956281630363,45.14548691171598,0.9895621340432126,0.8677790348189968
2588,39.791632947522075,45.49254874320427,0.9356966431421352,0.47648511844249675
1782,0.05729753141281435,44.915939666399304,1.8409863016320207,0.9869694550592686
3520,14.120216442293215,40.99446917695911,1.7660237849201637,0.5508928604048076
1779,29.20193289133109,34.74894793026652,2.2721467118283325,0.029477603589202372
3132,29.772496573464828,1.2204089296304121,1.5801389807079937,0.4917269636043802
3573,38.857645411473676,6.612679607802624,0.7863678244836834,0.7180621293289605
3218,25.296312724608523,6.711602726573357,1.9580616580883283,0.026030028203079647
3757,25.470093476548517,1.1770142139794937,1.242494108834066,0.4134487143624287
4016,36.26552877703502,5.835088421181833,0.48373302657269635,0.15556020045157626
2837,24.931223163314176,45.987321678355315,1.8685286708178162,0.6430968210213586
2381,30.424554328180843,33.190214345539296,0.3313284892980725,0.9573458487780413
4239,44.88870341275255,15.603650914771123,0.445383328115323,0.6245849045552929
3936,20.072550380618598,39.668000611833996,1.8968898210878682,0.6948777063858891
4428,19.256253545961112,24.418474347742546,1.9253617351782202,0.3965629004256095
1419,0.17744959323856557,7.106351845793829,1.9769531720105382,0.5631408689519164
4150,30.671313076061598,44.225104061324636,0.7333128110427891,0.5438577096858598
1330,1.488595370356599,16.933097311823627,2.1664686434287974,0.759606345267944
2917,25.207424486415814,34.942961526494706,1.806670339905182,0.8569116470202952
1446,40.211689451611335,14.52970802498037,2.0849185238783514,0.6628859442830998
1440,27.496053525983154,25.003562533689998,1.771513711867225,0.9798088019240461
3744,13.4818082608338,40.812635576520776,1.4489911468658514,0.8282883925244996
2844,39.30842107246856,7.838867321218385,0.27348692893504833,0.12464674891692507
4175,13.485850204126942,48.86256976196392,1.777340529879873,0.5074753983861712
864,36.651589047294934,3.51079614303631,1.7261519386454602,0.9032360786937701
471,30.51292275951156,26.700445487025203,0.781227833217151,0.9439348687312138
1502,8.499814837400061,45.8012759675974,1.8395494226160651,0.380205938432398
4684,45.256693742209286,47.28469424412627,1.376136383578319,0.7257040615165246
1410,10.032184147859786,11.6054481439888,1.3985155963585374,0.4105454836423783
3770,49.47935370703349,7.199249060740431,0.9190116969642814,0.12365972217943189
1905,0.3655244327470386,36.220150015894546,0.2919626033503414,0.8846113049224182
4659,13.174168857145151,2.0986784138118555,0.5423211446649725,0.9319531227123078
4001,9.993014863709943,24.261948451515714,1.9220791333401455,0.5047505312658066
3504,0.6996705085231314,39.8177613396591,0.6786038762422347,0.018307430820143744
3483,36.61839500736578,28.012736225841696,0.005632635839028788,0.8160362506962597
4562,34.67129010497981,9.400663288700251,2.4925435528288755,0.47696036623079086
598,39.617548217746524,24.35221497349816,0.5267055846259272,0.07502835754156856
991,12.834927323228262,46.06373582244465,1.6384578721759846,0.18939148287149488
1932,22.216758354148496,30.86064890221384,2.3173050114374845,0.1521193402304284
2784,32.95567608107737,36.07453137845099,1.4992818365848426,0.6862788663197142
3041,21.988425194407178,16.813193983125746,1.9975765377111434,0.2994094928674781
66,34.86628851589579,9.424188758380886,2.4409292803720373,0.1276905173114432
3398,31.698670422022108,12.78211149498018,2.1509085648244644,0.9176488262358435
2750,5.732390151108824,26.658879688014746,1.3947602216959043,0.9565310590158032
469,39.0521560538484,14.011007680535187,0.9092573262051904,0.13857587276697225
1724,36.03381795462591,27.098239371305056,1.206161122909899,0.23023585330987462
3985,32.79171938087026,35.389596368808846,2.104565420476361,0.5921207196064159
1631,7.754680313550116,36.71979380851507,2.1333865253766007,0.15050784949847407
774,13.399822439768183,8.234246983054671,2.114637305895909,0.15859169290361186
3012,19.65885157938002,37.52154244169316,1.4930610068750274,0.3365760417373901
2503,13.996481082822172,33.63440697961796,1.1923897943940323,0.9491703328680051
1486,11.390514533806574,0.6002566684353339,0.7783451402391545,0.9624421963562685
4019,40.26788350808879,2.943608754487542,0.008402137954823252,0.84178824982537
4227,31.911612318010118,32.31247509301902,1.9112131771523897,0.6957129179290505
929,28.273606577512517,19.185194978185482,0.6924957000351367,0.7206733658567527
3012,11.297635542662693,7.305199978783294,0.8241947384633436,0.4695728430874009
1505,45.90382811343206,2.2198279584816625,2.10870306211761,0.5301546281555489
4729,9.559151954865813,7.9699170336215435,0.13062789280655157,0.6344526600059881
2944,39.74754664123385,47.87569821608083,2.3190508286435967,0.7312866374945891
2819,48.33363333526465,36.37828207854849,0.003404806096266033,0.09684617251055128
1184,36.354636461211804,26.385271046714692,2.3479227870635153,0.2248870096795551
288,49.642938759231484,47.07702500272959,1.136896227708541,0.9629431913026789
1811,32.552555848897335,30.955521884080195,0.25530656287954895,0.3351422654605789
527,10.873017180194749,36.28225941403336,1.6854034181029685,0.2684742108082029
916,10.190974685825566,14.132590925293604,2.2396410643030547,0.4219113121243232
1708,16.228214212773818,29.44909217945979,1.09518204211905,0.29092075043326204
3574,0.3565010110503031,7.173862214892013,1.7283947600766658,0.09118019255185517
3319,34.08492350414173,20.22415725988877,2.4484068004732347,0.2079611319042033
1406,13.433389231391379,1.6620162493305057,0.6017520592825126,0.6401597975823332
1241,40.75916161463764,10.831404379134025,2.0511236423067203,0.2231825570527327
3133,17.958632527965012,3.743431471133735,0.7380927733679415,0.6476671966948354
798,23.997824673165635,19.388940975361567,1.0658439999754,0.10008089490347005
1523,48.28444582801846,42.15175823192451,0.704414671243152,0.04187634959247577
4107,12.108606152363855,18.896705317252653,1.1150293710853059,0.8615676826591921
4928,36.06270487148698,41.58198129973217,0.012722581070706285,0.760026195541693
2888,37.75588946527086,32.82491562894437,0.7585971183256788,0.6660276828463733
2690,11.049907876181758,25.476472331541387,1.1132351598442394,0.03089923293686503
4091,25.049841830609783,11.844584663066527,1.58060045926524,0.23935393515373926
1241,17.510096265648418,46.10780464220762,1.593403477939772,0.8123143271522606
690,38.59531217000446,2.710040442101663,1.459464046176232,0.14466766505854456
527,31.12416595145187,34.44565088494077,0.7325795739807422,0.8128534398937637
1495,23.799152743027353,31.061994640468445,2.368510789839364,0.5842335497091802
3825,38.968163252385914,22.05207611282634,0.9799245593527484,0.7403683677969792
2893,11.757778500420851,12.016047764630267,0.5422348530976445,0.644507078451173
892,37.68109402921795,21.534796842263344,1.3862823491699683,0.41698958008375453
386,43.268715604641216,43.63863627767103,1.872321674702284,0.2919773488969244
1249,43.93107984037862,41.83830551274771,0.030583932055665564,0.6727291785908471
2528,39.18367965098019,47.06906249885146,0.6908600184888686,0.8069128818048943
4503,20.400708349913437,15.3896603312624,2.0624446315000746,0.04473263616186174
3528,49.09040113589135,19.355207918443647,1.2675527334639956,0.3799089337238306
897,18.979682191121995,0.9363076329931663,1.021220761449785,0.350729784179863
710,31.931269955121284,47.14749973600041,2.3272531989557796,0.5594708404584525
3695,8.053708903473433,16.469504590863444,0.22383774280709673,0.1139250563877997
2686,49.022444931819635,20.208191076649662,1.5389255019446226,0.9334194101392793
4512,35.199296093233166,45.39023057236973,0.8554717906094425,0.5485102684338226
415,37.66887726231842,26.32992150834066,0.1770584957323143,0.9237528042837789
1471,3.2888351705572303,28.3087270877739,0.5343612715270505,0.8169409234616506
4180,38.17089071103359,8.811641907545841,1.5698330325432108,0.19163886231518135
4262,38.73617146103007,24.933001040932723,0.07069233463639357,0.1323390122929572
2431,33.58863631811149,45.91043004543871,1.4806220384733773,0.8612502400009282
2515,14.595480689517181,27.9359044053963,2.3921260530432606,0.5361002225842191
1095,24.484502108044076,12.755818231987902,1.9877401559256733,0.019742747897898427
809,5.521718565435823,1.5590432067381421,0.8639926983346141,0.9342267484393597
3044,23.57935332295763,16.8150886727034,0.3455191159040208,0.4730283993930644
992,12.191192630020243,28.6295457032229,1.1626610847824463,0.3009363017523957
1281,17.454849324704103,2.130664418541506,0.9823760904460135,0.5165978711706473
4370,8.13002042018493,30.48962886455781,2.42933240005963,0.8229183904341552
1773,11.502718387344851,26.17069135590564,2.474670136271055,0.1102927350357904
3561,3.828432091005812,39.171773458328545,1.0264616408094778,0.35893290323753246
3816,45.99506832184607,1.4444086135980916,0.37195995882484206,0.3188666732455584
1756,26.520534398770167,39.04236724093687,2.276523874107263,0.8396495200281476
2373,19.837098563136983,26.043852287905345,1.9838556891674832,0.7784672759772122
2576,26.751460638439195,18.52646663898557,1.278185516639244,0.4001040345769321
891,31.414661424077632,48.26914881794121,0.9133866075378533,0.6644883096645599
4184,46.093939668467456,8.005977361802652,1.1204145689993186,0.3944454822947818
707,8.934647614315667,27.066255954555324,2.254702938262776,0.5713138383162337
2397,14.77762493176088,16.04907367962392,0.4616086194088462,0.9912152946251193
4482,48.789466817205735,26.374318939766788,2.0169588028086776,0.5355744672355747
2134,18.55964933242622,27.613772629020605,0.04547658206788846,0.9885747328305068
2354,1.1280825378663817,4.472412421242289,2.3014299828552125,0.7471991062647436
4535,7.382174631857941,33.05675734591749,1.2507431991155142,0.12072229026313974
976,1.316935087427601,31.724074795950592,0.5668695658529305,0.7959661686003467
734,49.49615712103642,38.4733637317232,0.00714125704295604,0.16128564146981517
2468,13.943542449561154,4.53292468295855,1.3988661718619355,0.5323286083866127
2540,46.1771378468113,14.86292734518439,0.6112196763995953,0.613245234465619
632,49.794313787985786,32.505529986405065,1.5781608400271083,0.8922304552193602
4268,29.992061057155713,6.836541295780424,0.7029232036301181,0.21042421025711477
4099,1.6598157532780877,33.87991053942211,0.22006007297556723,0.8759420723638627
2901,4.079581519346348,2.9513355410211495,1.2626290746088984,0.9344937759583011
1663,24.079452755393888,16.746577647981386,1.411214340720361,0.0894873512595683
2015,20.3086006455743,42.33555611662595,1.1314750638488769,0.8852851180120224
3181,30.30886528908838,38.71456451905801,1.1450888858244535,0.259180048607747
4063,21.942390485568197,32.238035761354396,1.4741253197500384,0.08100094938213753
2630,46.70384246357422,43.52292083125506,1.3158837735253837,0.9585743559183243
3872,26.736985770675552,35.46347720861002,0.3314188471566454,0.39220348724959087
1054,34.68630307312211,25.96875526054015,0.4927141162125809,0.6229835051369697
380,44.824263632124826,48.98587501928933,0.3544776035726252,0.5528731197953152
3082,7.343593791660369,34.742803989465976,1.7332389555493646,0.21318192465983243
2391,11.486732705926428,30.068358840650156,1.321496030417415,0.6695657281670652
1592,5.365933023700753,20.44352804767823,1.0746378088273207,0.04611498900726496
4261,6.981919961495614,45.120624928952516,1.9958474881821233,0.20309492631199333
2747,25.629198346711657,14.78545478024964,0.8144866494020129,0.9446637509339445
2389,16.0589629483732,0.4609797105451341,1.4202666577274026,0.9535075245907666
3553,21.158641976337744,9.837026121617997,0.18601900372549607,0.4826551918134535
3027,49.12449158970309,5.475874597117958,1.8610102095627798,0.16907173891377858
1207,7.835217389797405,15.949688708653603,1.7379811120389745,0.4216200610349533
3853,27.040603539903778,41.29393387292275,2.005949073242205,0.8770708332918993
544,4.943557752682548,32.57648426825037,2.211189895041384,0.0702740544360414
3081,15.92481566319393,8.449029461685626,1.8950706682385465,0.12786857716351363
3663,26.37629618372993,39.441086054616925,2.1112247253182344,0.8956528458560608
2239,47.33158729826689,25.210993304970135,0.8641364974043114,0.41538340069274504
2367,19.561411064174152,25.635731205914848,0.8583434050373493,0.08345860514237624
3773,3.245334810733491,18.105609049043665,2.3607520497495407,0.13920907717398157
2627,19.408072398015847,43.23081824110117,2.286436340815512,0.8824481779607937
3931,7.287058793698886,15.916365192789634,1.3712433527630563,0.4901033716245117
2474,11.499480664572264,4.706988033484433,0.9163969631816147,0.16299430786124447
3130,30.904531158249522,15.136449698597254,2.165003825647001,0.8940597549281154
3507,3.371193310184084,35.76767731339429,0.8085278310684154,0.8452788891787573
96,23.236187812501868,32.87909434016644,0.38408770723611096,0.023023350788303976
3858,30.47307930053822,9.400857677678893,1.5987316875137,0.5809901077494719
2708,21.092919618374843,5.589214955247101,0.1065545243324173,0.24433665038070773
3336,0.956317531186518,33.043287920087316,0.94775476541622,0.5331358119805644
456,49.27596784514327,33.818841782745615,2.019159539236555,0.27926833220533065
4368,18.355788367026765,18.307481860528537,0.7380404892320869,0.31587628089197106
2987,38.928859346663344,42.140069176453984,2.328288697683833,0.6018525324325804
4088,16.28232460937266,48.91026018999584,2.3895616665415935,0.5388591777677273
3884,23.75083784967094,10.28226117246977,2.0395407519127975,0.3951923977808073
1031,19.423182130549826,28.853435785301418,2.469108297480157,0.10756797182901556
207,17.126961475480385,0.26731645019695827,1.3269102787785942,0.9694238985796158
1937,1.0925688603889372,35.65271980131437,1.422998880347429,0.17460555047005122
1146,18.001046892725174,20.71410567816589,2.090417038176196,0.6331172449563899
4299,44.474499519976504,9.663461345158241,1.232013139470226,0.0827447627040645
2564,34.519666929684185,37.61109608821881,1.0168000170826739,0.6883128325456186
442,7.271142954771992,40.53243987780403,1.5368839779363475,0.09483978338390275
4784,29.557750231136957,5.558325058796864,1.644148777122205,0.22950834150598176
832,44.61154299744358,2.0497880919017,1.8772395542404157,0.6469851993780379
1461,35.00170204824277,16.703922083455865,1.6705017431502134,0.28293519194435346
3516,7.434219617834836,31.299523288051777,1.8643044881583213,0.5328508151479234
1159,43.39162483672484,39.670976359431656,1.686399177221881,0.12450539333740929
386,15.077200664443268,27.303124831522886,1.201113096250447,0.20240053926620294
2041,22.70380721561709,29.03743881534903,0.3373364608411758,0.7337759082546165
2553,26.30713798445732,39.99291108764456,1.963608072338146,0.03513886028223279
1718,42.525330218909765,26.44216871093797,0.07694787846920764,0.11180020985705164
4775,46.580374757383055,30.557724511315026,2.481250229403349,0.21495601861063962
4050,46.4826438895278,25.810866998827965,2.0711462248491994,0.020190559104281025
3409,0.397709063927032,44.0229116683852,1.6772765199532624,0.0953786985061853
689,46.09442427927286,11.775830929254443,2.416516929636133,0.28139147763622985
1169,2.7193483000786167,13.199679227025468,1.5311757036405234,0.09291745158314235
4988,13.288682840871768,6.3980730800912875,0.14108220186087012,0.8661194300298664
952,25.749392736391645,40.973337574721086,1.3984554350363,0.06607379051115492
4879,23.9962844502197,20.588864528117867,0.6930104641423571,0.8609836991782395
4590,30.235489694369598,17.39469704406219,0.923693819961092,0.8228600860602662
3496,23.97231143685029,49.06743585435781,1.1489628896250723,0.10076159456338718
3917,46.71878398202104,46.340168321989275,1.9365018659719588,0.025191314271911458
4842,12.02744241072935,48.59938410623807,1.2573230359273904,0.04999201489531391
2484,13.701234701924292,7.114949837934642,1.186700727062697,0.590378064573757
1854,46.03689678465281,44.562590657408315,0.7549303443546151,0.6703536244885746
3439,3.8369756872628114,16.435479969372572,1.3496806046317575,0.6206533912462312
3231,30.478041095240492,0.6328385105931256,0.620977136088289,0.541476851991898
2597,34.08679760328054,19.564916799153437,0.65248453852057,0.17468409062948909
3983,25.277086171486975,25.459817656902985,1.893146937861301,0.8409538946352715
2191,34.71159394115686,5.411021178370268,0.856368161272725,0.32755493636024857
2635,8.63773230059835,26.883880843712816,0.12849918234777963,0.9861781961128854
656,42.63161163857699,40.97317920883658,0.859193214737452,0.3848577978941905
3812,7.001284473494279,18.8825475419597,1.5964305196665474,0.2630048439743654
3340,20.040622215787486,17.63224032671511,2.0349639666933057,0.8942508137817375
3911,3.76288006541029,16.94052101153387,2.404841703480903,0.5674141631910332
1796,27.260553940870007,46.154722294184594,1.8655510536874398,0.7218504401747398
4363,33.48729037128196,2.437904939509955,1.0721290235420922,0.4083987833272448
1762,47.06108175476453,22.253807099647766,0.747798198012394,0.8869155059435901
4472,36.96680979480004,13.229972707485842,0.32407497542722347,0.9177252129843273
3285,27.055145822707555,44.69035126937471,1.569216086115286,0.4367689311169147
1585,46.63085085851669,4.802613179190196,1.2747082852725158,0.24072383536876052
3563,23.921841902043827,20.57213833402054,1.694253791110353,0.647671384433488
2440,28.06028265494347,20.340807601554285,0.592832891137674,0.9545843338205157
4584,29.80492638350479,44.41972087735113,0.8091104202748639,0.6224464595729413
4817,20.498986294328343,10.774672252048473,0.7302383737465976,0.9542224384077365
3100,41.924134528291205,32.24477051508055,1.9941296054360262,0.34380796497261457
3244,9.258796942252957,6.720306344389454,0.4280745371583669,0.915079070799875
1040,27.7421095185804,47.69878570402714,1.521180292561239,0.11256683241659404
3127,36.1116628093597,29.650747963614293,0.12838753939776681,0.3588344189376822
2273,45.19880859382886,31.312836516033514,1.373818939754299,0.4944712344905442
3629,44.19591982171392,21.68867008302361,0.15978493938263977,0.6531103382522919
2114,25.437014471507098,17.114135633316113,0.43969147696996835,0.29413924494872645
1677,32.158072558167085,10.633821474743815,0.2825632551339055,0.9242393004337287
3094,19.711886806465053,30.199387691612944,0.8668133847085663,0.9034962091941598
998,23.408888144010014,47.7280872674119,0.8593285442693227,0.7993366129655624
2284,45.31328962865248,17.98954770462015,2.066048201820641,0.11436252499173216
1589,46.5351996596237,44.15784443310271,0.5642186284513218,0.07829095113828477
1161,44.77070290335099,7.438815642362484,0.21596685443494246,0.49813145511934176
2520,6.918543090681911,46.806301044090034,1.5087794770353244,0.765343755695917
3855,42.50420106653181,17.524314194903827,1.718626749000017,0.12323589291126125
4648,47.418186551074015,18.986360579667284,0.7370590400536345,0.6414374669360187
694,18.062484728680232,23.142112851716412,1.5070352909034428,0.527855391102307
4412,25.932314471083462,35.91221349738251,1.94014142001661,0.7259894197343723
4863,38.954762790649795,35.98267168445176,0.8688823476902807,0.4353752261662679
3798,28.103906878282437,23.97942923598326,1.3133845998327796,0.693296597220009
3683,49.674176085312475,26.157644965696797,0.3665831841808001,0.15960867148406388
1971,22.78566825784142,1.5005243887070585,0.05911700267545089,0.21459427323162883
1503,35.69713556036888,15.214835077916284,2.453419937027074,0.9033340638140044
3249,39.62955700982721,17.300853711530472,0.7493271263409249,0.32937507529745635
4218,24.70502078792197,27.93636343628797,0.697255126804554,0.9855058148365508
3242,42.84919028556879,27.914988368565226,2.433112832932719,0.046204597650093215
1868,27.30772956035982,35.494989886393654,1.8205838094077917,0.495875814952907
1671,20.58253984008157,35.851364810904045,1.463244719851208,0.32498716444635267
1082,5.391183692597351,11.76053621060415,1.748308487733392,0.9959650370509224
1728,19.67067881752121,38.50935755524124,1.7748164167385068,0.99003475636462
3851,36.69682273666421,0.9801784023141025,1.9083397007324563,0.23524329185293213
2142,46.064320584005365,35.808094230336025,0.16797307854979987,0.26725687968213596
1148,12.583970193015514,5.103055175971155,1.03207854945722,0.7496722187170469
253,17.76177586652513,36.48241042106095,0.7378257945825412,0.8896744313942908
4102,7.69804970522131,26.355904528420215,0.1764240962925137,0.6636969878549185
3542,34.53614471144844,21.862725034154607,1.0314974921160718,0.8647089550613632
2775,48.009421500496266,34.53331948807145,1.540433713532867,0.06329245539572814
4637,32.04761099240878,1.8185416873616356,0.44624419993604697,0.6405284813965936
3333,30.853826500311314,11.173516283778916,0.7625668597196344,0.7001708891706963
4184,27.674496525021695,30.8220071233827,1.597927054792885,0.19031906306471247
3279,4.422787034276826,42.3607703315409,1.4483116438930335,0.7779702093246055
4308,36.47519132146918,19.05538184725585,2.17196365793306,0.9442651697013559
2881,30.10247717746754,12.938073631677854,1.9780774241259587,0.8979664922780658
265,33.07383844281435,25.936821789449716,2.414027630715074,0.24496741791333898
2340,44.94055465137108,31.115762619342068,1.4929832752834429,0.32399263797218614
3148,39.198039353050895,21.00515157028732,1.7461684160290658,0.49961136894624625
3359,39.0457626077263,43.83553413298775,2.1512656470360074,0.15836118428056967
1004,46.35918844396738,26.17193544300067,2.09998111206317,0.9539531631162755
2094,49.49674757314998,1.7911793785292507,1.7968041050655859,0.16159662971082756
4717,29.064136598052983,11.15269773530952,1.2506405234349378,0.7614229579903359
3271,5.444080801558288,22.532351545890727,0.683017220576822,0.3414281511709286
4522,22.95649538877182,34.88627595084667,2.193039384838515,0.5737207976965968
209,39.38005732308222,10.987612189629441,1.9416386055932624,0.047173824394361574
887,1.3862662380924595,48.812871985871055,2.094767379896198,0.20501185753732387
153,2.8443719178074534,15.927912909404174,0.3519732953680105,0.4443912383212123
3593,3.3578891191410665,26.62401034302942,0.7870321954731865,0.6771912172405029
414,36.55178791641554,0.9483192365520587,1.0622125947491279,0.7775619262108797
3424,25.058331428158603,44.24453607154022,2.0958799307514018,0.030140517763302288
1284,18.444897176029677,39.44173267625917,2.232216681786639,0.15249021607878965
3148,5.2808522630868,9.772900214779634,0.7122317856382157,0.7297917386892537
768,36.612012510294456,46.661834561992144,1.7160729181644119,0.8130554258120163
982,16.050990527544982,15.791988189870231,0.1945355153814085,0.23657152728578612
3202,13.26620350323336,34.609314419005855,1.023933179921903,0.22965304700608058
4674,32.61596007767755,40.94881590082999,1.2166727693797128,0.08802943947316588
3526,27.95054462984209,37.04572306185904,1.9140820372477896,0.15029397559700675
2787,18.12053209066508,45.87913920149206,2.229930592092801,0.008015891882246162
2210,32.0743735402794,43.213738017035425,0.8432080895611405,0.5898312397778944
1038,13.56107601920591,49.7305757045805,1.3193472248547533,0.9038913440894318
3932,39.741513080216336,9.130570628807277,1.6186205559188105,0.14957609953817885
541,11.465947515382696,15.238090061335003,0.8217180723670368,0.7514436634410435
358,7.941884769100782,31.8112933715815,2.463845532935111,0.5736586863224966
849,39.121970474943744,36.652359294579185,2.1894359489250617,0.9399218926131723
4522,35.39460153489666,26.73025272778546,0.7410070721665416,0.798122522470258
2544,9.131948785089921,3.696418244330746,1.2698655774976209,0.8527290227591285
4581,5.812287634496899,42.079761340019104,0.5771015331181109,0.6391421523725668
1831,41.919954424334605,48.0437178010636,1.286259797258337,0.8113361195358699
1472,38.8299241098344,20.275842191319736,1.708330862058212,0.3508695034798609
1436,16.362868684983212,11.240624084942302,0.21380273198246952,0.2090175948372197
329,32.90987041066833,0.9656877481043769,2.1752930120181793,0.9125199712329644
4354,6.20800932739054,11.864951804679263,1.4843646711164586,0.7343358780724205
4238,25.352382952383905,34.995938741921115,2.474007246442504,0.0907028969380902
4008,0.9365146030209937,45.57946938363652,0.06397876812375802,0.8669095277514538
4722,19.58009404607777,4.675653321588291,2.0787458777455803,0.3489039399784726
1388,3.742141073570254,27.662959358096494,1.9799076206363688,0.29827779054177683
4185,23.757359007844126,34.77656242559162,0.33213128010008086,0.6233135672863879
719,21.084082342644717,13.81904105531343,0.8382640877085168,0.5685986361064636
3235,22.2192513319028,28.4948519585151,2.211990507610432,0.5382567211654883
4576,2.2665651023997038,35.76242130028864,1.2961357376806357,0.2548771834020269
2131,18.08081706409162,41.88596215676884,1.0032037186680975,0.9597737512562198
1100,37.824192454995824,22.624992540999045,2.2637410806271046,0.9501209238295332
672,18.445718667681003,37.39286094594803,0.23336131119265358,0.004162189922499837
516,35.75859763047903,15.089148586992485,1.182806957255641,0.3378276291677085
2532,18.47393618168666,10.652337338607932,1.6309352449383807,0.04554866406204672
3670,21.161972074509322,9.36568730453337,1.5213535975375314,0.8502487663099076
781,28.194605641463305,17.94363659128631,0.6606911360222287,0.8865182382966168
3523,47.534096840354124,1.793984089442452,1.4082822613358412,0.5182982836862439
3558,5.443022332332759,14.149591883262486,1.7714044107149542,0.8396780344607154
2386,1.645688433058684,32.61114122216141,1.462213518316746,0.7033603158537919
4782,30.397859190502256,32.39595235800684,1.7111555649433057,0.49957394292842416
1589,47.454854446421315,3.677690324574562,0.6401968484719761,0.36381139898902737
4995,49.486156627735745,14.370780854031008,2.0821223756794565,0.2662250253265598
1501,24.20821236960009,28.477883233896083,1.1242238424624245,0.25942913742305196
3794,23.40408105425492,15.927606875155142,2.468059610261422,0.5620643842375914
4318,32.24818853725981,20.899401209443674,0.0582133016673439,0.16680882649034567
3080,27.78173786024849,35.6405378557882,0.9507884281191084,0.17479187617295588
1076,31.704402880705906,0.4633414728315022,0.4511876307627771,0.010393340327031653
1100,43.699971276894715,13.819677204421527,1.3890238174851335,0.6133280595591237
502,37.315308474380465,7.118612189250833,0.6080127359340317,0.9943441856600521
1339,24.843869584339778,6.3804591382245865,1.8436948664187045,0.8892193754279236
3885,23.093222950008478,47.952010822362354,2.204664655843797,0.7056898044271013
623,31.9800874256558,18.828016578120888,0.5272108839552772,0.785525297766573
1886,22.785314221014875,26.35442924548199,0.40169404575449597,0.416852716263746
3350,22.88896756328199,36.69109435348163,2.1883929643211966,0.29807955491606886
1050,0.8152950893252409,2.3723737430025094,0.9031797877212642,0.36862828188468355
3772,8.70320687036542,12.051131927884917,1.086459087397575,0.08142208173004839
3916,24.425681999787653,41.607389367185625,0.5524237561088391,0.6337951980296325
4018,41.132672952518455,43.099530658894054,1.0632871701278679,0.17486502221267386
1329,13.936350336356206,18.6475460320401,0.5782501826949924,0.7628782111600385
4114,26.13217165655745,18.743079982588412,1.6648186015854525,0.1899764622638127
3367,17.24810423796161,37.8448438554441,1.247191031200218,0.22812402526733655
3951,5.240199476979451,14.753511337493459,1.9701511149072723,0.957305639376168
2497,47.91492415356503,5.854704056999904,0.7818202901682361,0.10539591202372756
1573,42.73369351251509,12.876772512029172,1.2639875386475943,0.49884253924602984
2634,3.92462122334532,19.367236581788745,0.6488083074428361,0.0626865074015972
2768,35.98936312341423,2.6102354797549134,2.336184825616579,0.09039099208220636
1211,17.37899521787501,23.93401271000874,1.304839169477758,0.633500362138427
775,49.74249035308963,37.00037563863892,0.4336562407948577,0.6307272630585855
1160,15.119925991448884,25.68725722402308,0.6819141480250726,0.19312028132415915
2383,11.936922268129996,3.594767025725348,0.20725491031015036,0.8724865152583926
2654,28.39452741527026,22.007481567297926,0.0695399889943335,0.7021869956829774
3540,41.756308167160206,35.44523040214164,1.3148045651766773,0.3006105828711646
4697,9.6259435909899,2.9048326995094964,0.8428073063140131,0.24838655800892817
4635,35.470138485966565,2.9923594863444256,2.409433638150766,0.7542852531308287
1095,3.0703291570560842,18.530070159049135,0.4283284909037105,0.7336239241326038
23,45.946737155524865,9.748198206185455,1.9847816318423632,0.1488319115314377
4719,4.053745807364939,46.73903956542102,0.7899286054822569,0.3491878486702683
3556,45.711568817208125,29.06718018698716,0.5588434651467631,0.21667724665844068
1079,24.54036247263514,14.366269970294809,2.4240920475032683,0.29414419608587317
4318,22.40455563979599,35.23883645574754,2.006441496864414,0.28756396249487226
178,48.665353975018824,18.746452567966443,1.576552228613329,0.976023699963297
2847,49.51920888491095,6.605782218950501,1.7428025930593802,0.7502113731105685
1960,32.5089062980506,11.86161149217902,2.4784536871264744,0.7800520489358751
1473,6.355964592852425,32.137364222968785,1.483018522062217,0.27742316526562116
4888,25.308504282760126,2.593805299849583,0.2547511270174002,0.0005270850463684473
4979,26.458155047783123,13.634452002403187,0.16216531675345341,0.0581570049219895
1212,25.722321406765484,10.415573882108731,1.6665169436846836,0.5529997666567957
809,28.474591926000485,10.0567555338266,1.6440028598128706,0.28548113889838644
419,0.9362356897195334,34.13812059879856,1.8704344824452215,0.19295460064818837
3659,35.56136407352512,41.29084583771822,0.2719468255815344,0.04964092161631872
3816,35.619715097649404,35.793330403212934,2.3622556868879294,0.8758817394297378
1278,5.773488758894397,32.28639079002561,1.377896034776612,0.6001273470579759
2523,28.511972122290036,45.8225885908932,1.6238888025530385,0.10737321444825731
1440,28.41805912178873,2.9196190212148423,0.08713095844532559,0.7664040160965936
1340,34.12252100952001,8.374154298812037,2.4024355362889347,0.755825591076799
2221,4.269884606754054,20.720342783526608,1.4064796218598716,0.28940364101525584
2392,31.32516536330482,18.622582175193386,1.4084077824865715,0.1884268915567444
1361,14.037597537317058,20.902580148151124,2.3588882905759494,0.8139818761393762
591,25.350149524808597,10.322745252135302,2.3233754454591686,0.3295647326511356
526,38.66617763520384,7.475165779011417,0.5507464795431041,0.8474280810809569
2503,35.28229681815066,25.459662372896403,2.3277470547648234,0.0436516130477842
1292,5.945150883899669,46.40262620343968,1.8415532234501537,0.49928894891154996
1654,29.559239355803662,19.59847311749585,0.04725181832854364,0.1795952813996199
4906,48.45582654703693,2.167660705976404,0.5996078718458459,0.6720448132281359
187,7.838471866750113,35.30836714447623,1.032450363678616,0.9972137614690469
2758,42.645354386270746,14.555245276358747,1.4570561387643868,0.4125110320269345
528,35.12740402768885,12.254750365244604,1.7533243262217224,0.10031054689195729
433,38.700165645487985,16.212900034898105,0.5255259848922483,0.31767311947286836
3512,14.097916357132274,36.190776195393816,2.0917512856842224,0.8915064995650821
1804,14.394446468992122,40.940969343515206,2.1142883097228866,0.7657610241039212
302,45.3009727888244,29.402803366948184,1.5874970481514432,0.2322116618922574
4182,17.99160160462793,16.12393768597758,2.302734776289246,0.9535987193653255
437,3.1507695346405242,15.523911655863909,2.0324560672429697,0.622187934693105
2588,30.0298351789725,6.215417495273151,0.5540591482338522,0.1680494003175237
832,6.240883452092133,46.665052411759724,1.9966921657759014,0.5723221424462392
796,39.82981207039541,31.906969948440977,2.3830051968827624,0.4512768676639939
559,32.08732212505287,1.3487309927932012,0.34401611754607736,0.8196976747735639
3588,43.73632526106041,33.11835475933403,2.4467447119775727,0.34416002961191194
761,39.24186248913176,22.357671209675395,0.06248199192522563,0.8749783198369464
3574,5.605682416909808,48.62789815234597,1.3054181119344308,0.8119703864383112
3785,19.053533821721114,40.95344124032035,1.9347328474462104,0.6746034511599999
2514,38.72801249572937,8.565787691639908,1.9760952563656358,0.2586072223461734
684,20.867073663316287,36.005555943743325,1.8366814228656696,0.970329576279778
4233,48.618274238998914,24.27830019176317,1.3233784318829047,0.5486667803021537
577,36.78702249467246,9.35225818349641,1.6274108051759886,0.9075139783630292
4805,0.7749958345160513,34.936995366497456,1.7498304641327844,0.21572989925019614
227,43.99928457804182,27.36937893471227,1.236348060534739,0.9833783020855587
2328,5.04023924342788,1.5186939385785247,1.4892124378365938,0.8160592289447651
2731,7.026186209004292,32.3293975264413,2.115920133643933,0.9492268834271147
827,36.72462003055254,31.749354493122034,0.782197552864568,0.21236573227498734
430,43.24842797152401,7.204258052573131,1.3080158174215808,0.430658078582548
1063,26.8174813949778,17.449386349834644,0.021199302563769673,0.09763392183360764
1709,14.452486647288959,29.294948537551996,1.7185909994419828,0.13696960655912105
1234,17.565777262658777,6.939150705336495,0.48846366153710435,0.2839586635870015
301,17.1444664798028,42.636168891737825,1.2025031342844223,0.9516256604732565
1420,16.333905190475612,1.3743023143851896,0.5255130407011482,0.6671916811199773
4628,12.14548359108249,5.141870748467747,0.05883428644623073,0.3146323070668885
768,30.443354731461653,5.805345992744204,1.2080513792450414,0.9545733188379749
1404,45.02026592825336,26.405356298752757,1.0620840165267675,0.7397314066170984
443,15.354120654167058,31.005700608431262,1.0628737838109517,0.9069790132443114
3104,9.334714873070604,20.187039825074326,0.5220153998221757,0.9272207938390983
4355,41.928883318571245,14.43334138340831,2.368011474370448,0.7507697499120816
3305,37.08916654448517,40.46586878127787,0.008767879526736244,0.24313342979158603
1538,46.54185157799552,3.4142991863210073,2.2288636249933464,0.996588955118974
3930,8.275986780245482,14.014593056639585,1.8422548078487053,0.32509084006163647
1331,7.212565705829577,1.9557789401985382,0.43018008383317874,0.6717057495677186
69,27.071469715249837,0.6945067483134004,1.1804799657588863,0.844811694957801
3435,30.721682741754762,17.668994346610063,2.4721252037706813,0.17515099442465631
480,24.008672092979477,9.7411831222466,1.6092455924607683,0.6090416799448086
4094,29.948331816193775,13.418292741912314,0.31844180954666873,0.3751727769282579
3496,9.018988443753567,41.04735787274841,1.1441055971410796,0.24428906963916364
2793,23.98068770820417,8.149004812461069,1.1705077414320308,0.011771812756312006
2892,32.90462804698339,39.01166835759005,2.005658332207771,0.8719740637979714
1198,21.635322462435187,33.752531157318174,2.2904073320653886,0.13588154722685541
2372,33.972366790829895,16.322276257041636,0.2056038582218364,0.8781171606848543
1892,22.55956402769198,27.327807258814392,0.7850932173820807,0.6006905988084481
1883,16.679979042113864,22.22178048872694,0.7460953172127873,0.6210555545150412
797,15.180252354354618,6.419765774883269,2.4901203122975457,0.8286517942575451
17,20.5451029494294,45.359266086708786,1.3980677917284992,0.5094411466747806
43,1.1544811341100414,28.480898379288007,2.199578740299961,0.3572845681343422
154,33.42625692230568,44.012002289772745,1.0650821236120598,0.13880668399252027
4962,42.25528204901309,41.19132559066451,1.806807876022341,0.5704153812081121
3448,17.731354722155928,3.9887962654711617,0.7164641057603651,0.5531670542510789
4838,2.301656807085928,10.363533300922622,2.2794650587230834,0.29389648566728577
4080,49.338779869277886,7.2630557187415405,1.1378656024663345,0.6000569256534812
1425,13.184912772553348,41.53897663934594,2.009313743290218,0.43936688596836293
4320,6.33105608453865,43.12233132276012,0.639542208356412,0.8055301539134709
4312,18.487625398651396,26.398575490418295,1.7340108548046977,0.5594862576265114
3639,36.92785203167783,5.208903625400346,1.0128960110000895,0.9336785863468288
4126,14.695829844528285,6.78083092715081,0.07859855743636762,0.5179829683849783
1892,28.73516019597439,40.67744062191337,1.0325206343976587,0.8874953031572362
897,20.77799972185711,46.45950682646651,1.3750541043885511,0.5205251380141022
3424,5.888199613830924,9.973784255532836,0.37940403478293805,0.5580348036403331
4540,16.514350624605513,0.556878823608653,0.45978276298153764,0.36680799545558673
1258,36.243525285703335,16.547645257538896,1.1621569958078923,0.4001691234605622
2015,30.600194866572284,1.5249694823940674,0.8568242810835167,0.9331014872916122
4833,5.98891899417805,41.398745803901896,1.1018513450084066,0.2232824019805375
1702,8.166120485715428,24.575612861312578,1.152067473306807,0.12145772167282498
873,32.036667965372274,32.09303893815099,0.35019010925688904,0.8302109118039409
565,40.67077071604344,20.57424380682711,0.45298643817528683,0.5769107997448797
2018,17.473724797908464,17.275377350624094,2.120413483698736,0.28464731446147273
1885,29.765537592172507,11.110020653804241,0.40679672327621014,0.43240022028969294
2123,8.532179437605263,38.52662735190728,1.6647858325206522,0.5249052267772668
4642,15.568816845266193,34.77737922077647,1.0463201169194802,0.5921402568364347
2314,1.01351028365263,18.036449224804308,2.420591714924102,0.8210510229384735
4412,38.41379738997613,16.055806714959147,0.16526090472059385,0.39435232745601545
3883,20.05049098864834,0.06214393243395011,2.0759721650769047,0.6765031132264316
3192,40.806278682697695,3.177606502273622,1.2286230777565539,0.8347669737641406
1859,35.41864980113631,31.16277624463174,0.013380927160471512,0.8437734559580291
24,41.43721328642385,25.730365511773083,0.6591505473488843,0.2542452050364242
3503,14.28293347914414,21.740160224251127,1.0192421313731737,0.3501730442501231
4255,9.255436521392262,41.375112040082925,0.7854868836223128,0.5949060342622143
1137,48.59528413258353,25.19491022014233,0.9061236600348332,0.8857723912469462
4995,35.86638935204348,19.224679070365998,2.29167977284295,0.7904460866918956
1189,41.702113396333516,8.062817376249248,0.9023350809808193,0.5839629014162215
4798,0.6566686854966863,41.03440041073096,1.047073448506832,0.9837336306238439
4096,17.723081014794328,28.81241250605939,1.902828883945282,0.4389872294234416
3157,37.140834528866584,4.622998296137864,1.9845839143709378,0.8424505711862469
2367,3.8991416494991658,32.444919899853794,0.21022412946673646,0.8184203799729463
4477,28.366996478446783,21.2535372744205,1.7601750864175105,0.9080383116702819
1741,21.453638372750163,40.56931117939979,1.2064298841919394,0.9876783550252123
3688,0.8808253570553648,45.94572984979981,0.3346347330941385,0.4956966975798289
3746,11.79877885597257,30.0232906588123,0.6617764098672108,0.19562964870339272
897,14.23959945333571,36.58064096566832,0.1125887432662967,0.4608953568281512
4023,5.592997317316123,2.8295423801082853,0.900592972029588,0.853884876985432
716,31.57684548713302,28.012772750057863,0.6385161008350604,0.8361066342554314
3967,12.119893812594452,37.766998917773705,0.9552584934500441,0.33596990758680967
4021,13.880974980969418,24.838107473905186,1.450851368826892,0.04730680695867373
3215,44.91192991000737,29.67750447521686,1.83084888009155,0.5098420978262436
390,23.356154634656974,44.947409279052216,1.5133799663988243,0.4741009290788121
3884,19.606407348463616,9.904978601559971,1.6959432556498644,0.08576397777713163
1699,36.19355191573586,4.912325377595595,2.1640978015469834,0.7948899557235948
3037,45.48068984414561,34.53218065697505,2.184561108653777,0.2835902739385511
232,1.2518168118721917,41.1424452761222,2.151798370897935,0.6457520921741139
1926,22.411942327769825,42.52450942912817,0.3829222886988165,0.10148786265499965
3131,30.539067803897364,32.08222485456101,0.6276728339841133,0.8607031729096029
3306,15.92815490629948,41.66067090854017,1.2558132623189302,0.7392745031551632
2724,38.62038610616209,35.03321028616451,0.8968482350400675,0.3884227089786657
4801,48.57385351351369,4.368845795339538,0.32917242069990804,0.6294889493232346
233,47.17136831251416,38.10217539424941,0.7193755865141285,0.18745389268557477
1391,13.299126968997093,8.967984477516483,2.438571904164098,0.9854224909589451
2892,11.3169139218743,11.830467129548639,0.8673168887413405,0.7961080420937187
1255,47.87452655106105,19.73253134993324,1.0472851707399036,0.788940003069027
2538,22.931424371573293,15.728353316316845,0.016003554643242435,0.15338021757787612
3690,10.414886154234587,16.0825869151456,1.7985371994754966,0.01773352489386215
889,35.34984818152091,8.462976210202289,1.0338751638634494,0.5853713677696333
4687,14.221016195189579,14.693552355477218,0.2578501572379027,0.14412061183981095
745,13.362348753552617,0.9831294987940886,2.4213918457616797,0.780433456488845
1719,43.96245215388924,23.6455473344163,1.943583031462717,0.41607614017824623
427,8.123957668845172,38.42954793849034,1.815375223581817,0.33859424898743173
731,3.2196473233118192,43.112368461241985,2.3946808371041737,0.07364926246171055
799,13.459322008584362,41.02142794797192,1.0187002112928445,0.9960650799446216
4297,30.34727064191019,20.82288594975566,1.796333850731121,0.9560107803868797
835,6.154392670163528,36.52132405819281,0.5155197434636277,0.13159690780685107
134,23.579733613839686,14.394538704760624,1.7428013686303,0.3328116041814918
2538,31.36685552126599,2.778123635880897,0.035197730469007094,0.39078753802460664
3718,42.436849629658695,33.79857626956333,0.3157634511015353,0.2968010781155954
40,11.493479560112718,32.4398082368203,1.0631472965071211,0.9344685596548447
3367,40.86731616913947,40.08146977314378,0.03023173701502041,0.7213418290220848
2415,11.74531305656193,30.805310335143993,1.154914638626048,0.955916405594065
2040,33.83832706198203,7.84458124869582,1.3069793726625099,0.8745054025240979
4339,21.533678574122757,42.658119602509906,1.554016493967705,0.7545415194691729
2949,5.734062118933508,31.362639400935038,0.2509666924840409,0.6969671070798783
4261,35.71317314109243,40.3804849517502,0.4525297828180308,0.8661624909794813
3466,10.88813092745089,38.70535601880204,1.5332084267929877,0.6841498967914552
3088,8.831171301229574,14.89322436125442,1.6454692811565983,0.188719798981151
4823,17.91614642946916,3.7276487426026184,0.06475057052569066,0.648126516428098
1115,32.66451223797417,8.825220454479243,1.3509184052875955,0.5150016399485733
4578,11.69982393953139,4.643116715662537,1.9624543299970814,0.9818946770953266
2590,9.183076939094287,12.17062160400682,0.17275219446348522,0.5099655470658696
3573,0.4976812856682167,22.976613651299648,1.0329321631162993,0.038454983151043676
2978,23.58215485508618,45.340530249064145,0.8162781825752546,0.26418951076564345
2447,21.432278465759136,43.60093779603173,2.2841640633800417,0.9173817604547656
1230,11.693387181868815,35.9299907547864,0.46450598301613827,0.9623563304466363
2666,2.6826082004845375,1.205617977391299,0.7959010328612004,0.7284985766407713
4975,21.462793729791844,17.069460066027673,2.2461118624782577,0.0568638987869704
4925,39.410255553581564,34.11742132422599,0.826633265149932,0.023541387746265796
4854,35.76410656635885,6.4514448419534185,1.328368601463986,0.47959500279910017
4258,43.03974449300851,40.05439250079543,0.08258834307719842,0.999672306560885
2594,0.4791343856577812,45.72868399937968,2.4622560904375903,0.8692967374994052
3430,48.320965840229924,17.705222331891274,2.0623667696779737,0.933107620881998
2917,17.070612631372416,35.29215309319167,1.5860023618666907,0.6235415049929195
2952,49.519889804598236,7.410206633435667,0.15188818272495075,0.8591247282515013
1995,12.630973030088732,34.54082245565135,0.1871749034319517,0.3196983743971925
3891,23.57681937891224,1.0727706143521643,1.3624340769767243,0.027364003451031405
306,17.696383828765182,7.538575340555048,0.7126610905085856,0.9182506282226269
1362,17.78803574971513,35.494072330433504,1.5569736187579333,0.21843062464893248
2102,42.11410493741079,35.59251114381531,1.495481204619431,0.7284863549412298
3030,37.320946986866936,32.058135292258854,2.0966284956982446,0.6589673148771538
332,49.607571761502406,23.86820121921016,0.7034426517816059,0.15816354841965719
2752,30.675734135875626,33.74540455859725,1.4446588112274814,0.1957789965311465
242,23.162830219725134,38.69003991443941,1.9434082970969024,0.32907248142979584
1884,4.503693147344556,48.32408295183719,1.2269324658058156,0.7569306529485845
1432,49.82807097569284,44.43205157743025,2.0766091623473613,0.03924424469656673
2550,27.576532646614144,39.72671012830623,0.3281905039344324,0.40706874028856777
302,35.02387348450709,34.73787583571865,1.8347444128678583,0.6651132062885663
4330,20.33711935956557,28.70777727161836,2.357455228802446,0.1714709459386331
3109,27.385785408961794,6.0304411675958125,0.8297083024839152,0.11941727257763857
2186,47.12888659464436,8.277842104919648,0.9158411060299123,0.3902122410622133
4290,8.320971896580136,41.01397803354497,0.20887419297713677,0.286559217861702
1550,14.61862921651273,40.165645610361025,1.6037319489367794,0.6490956642350989
1792,7.602986388901617,30.72294629866815,1.3811268140871755,0.9695685365212797
646,39.61079519023873,21.94200663580767,0.10086439683091947,0.004468935929150097
4656,3.102263021091478,1.3016324911802823,1.8805300674282792,0.902379912460559
712,4.081582492566915,16.358847126427197,2.0732112393625624,0.43322303639049253
4508,14.924705639368435,21.031982878265893,2.2677990103518852,0.6640077292676547
537,25.709409046050563,24.290814308671028,1.3643352154266053,0.8510270328448072
234,20.31374002797933,46.46622992806046,1.1314500872543933,0.5734586611221243
2396,2.2408155335403634,5.4354699900071415,2.1903428863301935,0.09731182719133791
1504,47.874577893547574,25.94334598898852,0.9967420476703476,0.14059517570820057
1374,47.643476017904185,18.396114847913985,1.6386078130864044,0.7892800423195212
4511,13.967816162037995,49.50490596080258,1.538405641002316,0.2290982314442329
1909,36.576280763429075,43.09320081414526,0.9304027495462797,0.5690376161324339
915,28.928770569161188,21.939292711946045,0.2172248439151203,0.42808051247877943
3958,11.873834750281203,49.98478046773802,0.053538846676714213,0.30363898280912816
80,13.108577587080772,25.70316232357482,1.070594351338468,0.7869675641223874
2083,24.557658715522525,8.355889829570035,1.203003937058392,0.7312166522248189
2688,20.961847074868007,27.793734591335728,2.05669567047473,0.6461088844716596
1690,14.561466411563211,11.31028829018233,1.036029124778678,0.37267136842322524
756,40.375579815257446,31.8156420038126,0.7028996868336732,0.22647032402128464
2670,24.073145881869245,46.87200874419628,1.155241170187883,0.5158949509981398
3751,32.74240311945639,39.309928841751415,0.5949762010600529,0.8171041003287702
3552,9.463675008393773,13.65818452095276,0.2284015277873913,0.5756649703841941
467,26.675383125824336,14.842931248300356,0.2826075842152681,0.9701396431949953
1494,15.898802472331075,3.464410154515601,0.797886149742319,0.015437488062397309
1019,26.32068051974391,14.293391782313869,0.031691043896226734,0.9983467813886229
901,39.04129167054641,4.631239983890861,0.5505082167030952,0.6914090463586892
672,38.44566050456309,24.97243596628214,1.9688078523308847,0.8326740171909984
438,17.711033901713797,35.41735397491288,0.5865429810757772,0.3349523677674553
4222,34.713855853981954,37.559058074957925,0.27682377759878973,0.5083413280865555
2076,47.064497519713846,2.976461612408954,2.3727013999863478,0.7969892478843315
444,31.28346649624532,16.997794911910102,1.5561752908790485,0.7606494723669865
965,7.4205061691318575,14.408588327371685,0.15006487358916465,0.3340344288792759
3790,33.985431463954754,5.21501614936673,0.15560991623725706,0.32441023502380295
463,5.2452193174655655,18.123565546600283,1.5303053142479242,0.6628112029121311
2198,43.60552043965136,14.966005456961806,1.350322005162279,0.9336591814719946
2287,25.833024790097014,31.724961466963837,0.1709369309824621,0.43878599067413004
3765,19.257036815578978,44.165133186685644,0.5607886874333384,0.352941799309216
3176,2.850329732484619,22.74208604366079,2.322607286213971,0.8946870362361818
4008,19.039186729605483,37.33325863834093,1.4300270262025432,0.6830560614565807
3504,45.16033339578947,7.300518355533714,1.1008134953695756,0.3882759797060824
912,1.049149814315159,44.74831893219323,0.6253885298009152,0.05727623084779454
496,23.732407889090247,7.629736910754614,0.3342451057546775,0.7214892720477849
1463,46.55790455553112,9.605059029969464,1.0065792102767026,0.35288649069038003
4253,19.742049988251054,5.3231901793838245,2.305916398328251,0.07056619777235973
4267,21.40878437310752,15.483975076026823,0.1217784891938542,0.6122890872463768
493,28.928002759955994,27.620522335776304,2.4774470398571666,0.3230068704938438
1426,23.146866678859173,49.399705570316335,0.5195318005050196,0.3384565083105294
1692,8.43008456187762,39.66840173287719,1.0219184009975233,0.4791701307478927
1793,0.9277769534930203,19.0217901445991,0.11262827041429391,0.7174747673284549
2723,30.49058289893508,28.792302895178523,1.4619555077700783,0.27633047763629415
658,46.04032935039061,31.165401546960386,1.208888163502479,0.08094591577890098
4761,5.318206651358281,41.13636106236736,1.6667675868369498,0.4244257214395062
4462,10.547635962637669,36.82258927099002,1.3566953182286814,0.05492542311639437
549,18.511474291248675,28.464556348557018,0.9954444616176725,0.6972685098922164
642,40.43711145105598,33.45915135198283,1.8443917445291769,0.9592434679225742
4350,13.46301582354888,37.295880548144986,0.06255281946739438,0.6587588076481317
207,44.102720213938426,6.657202956670217,1.352572552186488,0.2753904497508536
2497,2.7478937325033206,10.022773065268996,0.2846905095725233,0.18170238753760348
4190,47.04783106294674,34.42921444537584,1.0900208327145833,0.23278357130008986
1883,28.037353893688245,42.521278099381604,1.977813292145041,0.22161000316812152
2886,32.93888392438522,20.46311413498839,0.35615186565100043,0.3138305060445157
477,18.384476126817656,48.9945161235603,2.339525871931213,0.0973466781281449
761,39.09971427555302,10.803586633668644,2.221261730978511,0.8957190576464352
189,8.328312504220303,20.834964102171945,1.0372626771667461,0.8851204953295078
755,2.4455912639243516,18.92615217316266,0.014937101814841425,0.615236253568195
1446,19.775847155377857,46.514797036321454,1.974362066686215,0.06192036687302516
4931,42.68478569905197,14.268925878626975,2.2022395085307074,0.8040007407217661
1663,37.746341831884735,23.539538902110777,0.43684523088858146,0.06178858373824536
1835,25.8577985244479,9.361691980766473,2.290480522041393,0.10642122376313179
4228,28.606887358267674,26.06331192812219,2.28524319323674,0.3252963926442701
4150,6.4946413149377715,42.87020847317955,1.178227127585476,0.4314703176655602
4060,42.034075430879106,15.20197309452821,1.9950870269946046,0.35388895671531917
4605,39.34798414820985,40.53960360814141,1.112369945679971,0.16522978097836394
4765,32.823519694347134,45.5655791087813,1.4101156647965447,0.11212971768177415
3612,23.309551816446923,3.647894485728181,0.7995975245244082,0.8594152267044165
1689,48.22296341397562,37.82122681596255,0.39867336330206116,0.36318122595192803
1316,43.951598593823554,12.76717180752454,1.8663414595350796,0.21859937811150854
4829,32.221524675730926,8.766383126831457,0.0034821112978392077,0.48699135662337545
3186,18.590049885864396,30.0561196012518,1.4488817241219536,0.036823400537951745
4020,30.901113934075617,35.28013081143499,2.1617150659461593,0.6002811823322504
4354,28.772046326533268,19.73804928676069,0.5531932169411263,0.2484895868495981
1145,19.71209939174582,1.9586853541095295,0.8322486419950059,0.5981964141313244
4394,15.333698584403804,45.435226209839655,1.4687146321611568,0.614125164445869
560,20.350539611866118,36.537345842374755,0.6171756163278502,0.8092241913586461
1912,28.695570301669893,13.583340334150733,2.1187171433269576,0.22990475560947388
1864,21.40674223555472,24.843192787236994,0.9165079177813875,0.4634646386192802
296,13.178724410069192,1.3896394983539007,1.4540342995497155,0.9618873381917876
2409,38.04816588804044,16.964139090297092,0.565302868998022,0.7271248440846201
2636,26.573374797870645,26.126761779255915,0.10346584247746426,0.9753438080175584
1461,3.3837581612799985,25.86118075581251,0.43425066503415155,0.9273657130771039
4292,18.415825281306276,10.409243900427057,0.11549734402200806,0.610748596806432
2268,44.245672860599676,38.83736830919454,1.1715097490330482,0.2639303558821434
994,37.761826559997594,14.943107926332171,1.4665934772951237,0.7569241566624166
7,16.162339197200353,29.020501158898632,0.11168801921363186,0.6981192458122928
2591,46.909157602225456,13.57611127689874,0.2262055538448321,0.5888901203573977
2515,3.830145417910508,21.258393649338508,1.2138125670258773,0.697829228491301
4415,48.06173519460945,10.375731262511511,1.9979498305024403,0.613586414545251
1417,12.285254624233783,31.650389626601914,1.5700229472892981,0.5193790230728464
2316,0.4547090151209632,21.279218007067534,0.2617755502596736,0.4159554816833432
3932,21.69040182591634,0.8058652243882136,2.218855684603737,0.04470837457744048
1287,17.948521484350433,1.4082497008383044,2.293625586974367,0.8656879191031811
2844,26.95445026033969,23.556715923571108,0.8123920696236522,0.8655405825997458
1118,39.83864302849227,9.161293345267719,1.5400444797034054,0.5940473199689221
552,42.12154010752236,29.252102407237118,1.2308178754617796,0.2678843051581541
660,20.06149998058459,20.409589088601066,2.3550594215745555,0.02813104403889244
715,21.49228718531751,32.72099177698614,1.2718713323718394,0.001428804166974218
3585,7.408886516473684,47.619758703197576,2.3999145342801604,0.07290738972253885
3761,2.3773804440581747,26.43680673976268,0.49835637632551527,0.359886326351165
2529,32.06074951175123,39.36893017950498,0.8638418942391999,0.18839594599707776
3970,3.2218812776346137,37.65204981579686,1.9533631002403435,0.26505808563752353
3407,36.69150597107279,46.08955521619326,1.9590268389834196,0.699660377304932
1458,26.954507251112375,10.70089336190031,1.830458184891763,0.9591497743591576
3267,9.92914891130417,41.36634853924704,2.1490286616632606,0.2067758430200325
854,26.97614717563248,45.27601892523434,1.7563654323595304,0.4656439341364895
4760,9.149885830104942,19.63814904737888,1.5902128611805846,0.9914794014994103
3537,21.9368603755206,15.690809729948407,1.1473125326937803,0.9316743982341787
1897,39.978015812111444,47.60179548391439,1.1677193583233172,0.3523163030292312
272,23.09596467053187,31.3816411069434,1.0154037330106043,0.3196890467980832
4087,7.434965914877411,19.033824262073416,1.5505294992595509,0.242170640337248
1272,36.19143409114726,39.59138604658151,1.016659823082484,0.15540284982908892
4374,9.338420813500441,15.223695080785754,0.3687357852164924,0.4600520791287783
4019,36.927493718505474,8.820379303493104,0.2663240405216169,0.34112051340674754
815,23.967614460791665,27.198481789885275,2.3111806881094448,0.7448375938703949
4371,22.68708795471508,28.31060224553017,0.06184726884470776,0.2368665038305111
922,42.571751892873735,41.2873241133669,0.26366815451413117,0.7363322390200491
4737,35.430176217033434,22.8513677510215,1.1132621866139667,0.2881465859819744
4600,1.645539847746963,40.72932697526708,0.6573156672609495,0.5927287846475592
4867,14.808715730080118,15.566133967416922,1.0146222510053649,0.6384300963947311
1264,43.54603304249493,28.768410108889597,0.29361845398470837,0.6717814255003328
3724,0.916308427259932,10.42363894503579,0.32726734211843495,0.17533898603726172
2787,27.26267231309852,19.27229754582982,2.0016447718127885,0.2827113697216943
2722,36.391283458697195,42.87698489164256,1.8977718602507596,0.2461156854052332
4223,31.09280427422879,10.799409671787751,0.26063216431153585,0.5761604110154803
2550,38.02661010522182,40.511973144963385,1.6694760372475501,0.07574640227136686
2949,36.28459244573729,14.14358289237031,1.5232783083887083,0.5182564499608501
1673,34.601534757655664,1.7244859839726845,1.7834068067005742,0.0874670556430418
4587,41.07699304628261,5.496728502842313,1.1861222614061853,0.3370559899331138
3092,32.28453342247692,37.293977266039406,0.674967068833602,0.6867060929511154
2838,20.120924712849103,13.103546325107413,1.6591979233913199,0.41256405501176874
1666,23.59545549572938,32.70727961206361,0.928393566307055,0.2803418393822278
4511,35.83623913407253,34.95994513786165,0.5473822525304012,0.6158571758990344
2195,43.815301483339695,17.255923221734243,1.0215725342982078,0.7402691124821116
1384,13.610940041988783,23.745949360557013,1.908174589002385,0.25458493477259625
4403,17.103839798553537,20.18835452279053,1.1894829913405047,0.2993999010958772
3954,46.53696981812063,47.3674498177267,0.7496606585835552,0.6402939169510861
2899,28.92558962047227,15.997443117579369,2.0796715370595704,0.9652232601805852
60,8.948090856750051,9.166152111248039,2.204109387952337,0.21387153666977565
3947,33.184756945619135,18.27964214377891,1.083126059431687,0.6542476357112096
2290,49.53810777696898,33.47578538010061,0.9367200518172367,0.9065898410683881
472,41.17267822352,34.86813451807326,1.5317473675474125,0.4619667650443613
958,37.28705682757013,46.20286576800034,0.14493611514478255,0.3168442264953246
532,10.402332713313461,44.08772424379046,1.7283079014189928,0.6668710652065414
493,43.80698923420036,14.416026020863775,1.955719013443117,0.03143180648078625
81,26.28944217677732,22.75816244837982,0.9936048181429291,0.36016055053337404
4974,44.46450110359778,37.3634494091717,0.4365396250184911,0.25797402681711357
2970,16.491391471243965,45.826864030101255,0.07204593785215874,0.22462170277842797
11,3.102552631771638,16.85825064284459,1.5931139987177498,0.17975926352696325
4544,23.798798432987304,22.222071708849793,0.6724835165872745,0.7370633015859539
761,13.491880240893883,44.97391352268044,1.1597239678032105,0.9550997953259643
3185,35.76146448881491,17.924193657921133,0.9658888041438272,0.38477064532194283
25,47.85532764280162,24.02564930958679,0.4372119898686566,0.04910330690804099
1806,34.5487075575782,45.22520706090394,1.2709216711517601,0.7189118136725778
4157,44.34669648546017,40.11216089949241,1.1489838068518448,0.5382043344635895
4324,22.651200680060317,12.17154625049014,1.5603690571745807,0.723644613845808
4702,38.58203685976508,16.23975327059667,0.6297124863244669,0.6479041641989064
3659,42.15217183358517,17.647936372966953,0.5365976996335144,0.9054359809634767
1525,35.54378137917712,45.636923671552985,2.0358626493911802,0.14044019272691743
760,25.388864303478233,49.94668685522696,1.755480612410104,0.16916184525974154
594,31.293305480768403,38.700215107771996,1.9305161292289084,0.34156922402313705
1055,35.025349783944016,24.21631512467533,0.30822452938757017,0.49138881599745277
1854,12.654220161071345,0.5086909033739484,0.5600991083175442,0.9257137810077208
3083,40.47896304574924,34.874402829897875,1.4388287905090995,0.9069642293499606
3916,47.516226948363666,19.468058224889234,2.14300336718227,0.8718721192693771
3675,23.2619657589968,31.64932351143027,2.230286607921175,0.2225269339435919
2048,35.053359155493865,30.33469817312144,2.0797749056373185,0.7296763772136856
1458,36.8512952895177,24.041602828719366,0.10849486521106844,0.3834917440904594
1219,33.112377376074015,47.21936988631615,2.052197961639316,0.9311829275410803
4228,27.355755416431776,1.1573172677670829,2.2477279438027042,0.2145358363785571
4181,44.08239772874053,35.60662422362941,0.14187272538163015,0.1412579532039594
1499,22.446335463444722,20.4919934149773,1.0407022344424701,0.8423851746335128
1830,3.055147824330179,35.68952252458056,1.3415258082417543,0.7169075951190083
3395,42.227818785608015,33.760982376981595,0.5818759322087491,0.8214216782238299
1203,33.699063615827534,0.5119001287997693,1.2917141400927765,0.15794338767812766
4270,42.46293132498233,14.266924758733563,2.2148894699026616,0.884792687749463
2810,6.927372122234715,9.45457602518902,2.167356265864411,0.6776203566471365
3092,1.5376470254858166,8.349317647124616,2.3495932031437023,0.6515608028985767
3044,46.71872701912507,36.42383420605664,1.2102744959863552,0.5825838630980549
4673,7.386415292528714,11.97756745465623,1.0264173632348004,0.7648764855911764
3514,40.482616603522594,23.736880749365042,1.6644695475808835,0.4156083138806236
1798,41.16049710903179,12.349449764283976,1.0419014440025853,0.13282124593316724
2575,35.43526002745015,29.011691171766497,0.1048614900021444,0.5392648664941966
144,6.563110554643547,36.0286884029984,1.7998036304261376,0.7481019577735623
4857,33.36993122804038,16.553736934908827,0.7024598532070594,0.15364745288766013
3926,44.45432916634328,30.151042414356098,0.12271328066797621,0.2240206676112021
1377,21.276582240044164,41.24273872068695,0.05155269131726037,0.6965456220661786
3146,20.675842718929943,4.711214258224583,2.3284031714432953,0.26965093409728214
1825,22.142915478970952,35.53352995206356,0.6301900216104223,0.16994086058660096
793,4.113594533810322,16.157247221769012,1.119747981307659,0.8893920773052985
1601,44.60127845149867,6.132497826247213,2.3764411322471384,0.1608953560541556
4414,43.45914319902552,27.28271038071744,1.168792446951813,0.34414857904734264
1110,49.895466089514315,11.313115963386588,0.19652330881577834,0.42843029239854435
4053,29.259157074920672,41.06808963345788,1.3798401181166482,0.4761399855903964
4793,37.559581822569285,2.144795476553807,0.22049663363516298,0.36130992582048616
3937,10.133595315365234,4.932644813544873,0.23771969593384096,0.9125384993991307
3963,33.376440911208476,26.049806299290847,2.1286926845061496,0.6586252211762547
4942,32.486642437869534,29.44708920384784,0.7235538584114737,0.3594946492227026
782,45.06043679208062,36.49433322613734,1.6966755002810907,0.35771971953761994
1116,41.53963614195371,12.963036412609691,1.2723108383216544,0.5029524991847476
1750,46.92332313088816,42.08802041066459,0.5558167280110354,0.03366320416963331
2576,43.44167363508038,47.65711698868916,1.294550746633019,0.9266428388329596
4027,43.4346947449426,24.95196517974318,0.17248383974938192,0.22330937771404225
3336,3.1861663344359137,38.02656824849006,0.8680308739742735,0.6975925656888866
4387,42.29809763479779,26.242417727189636,1.3070905625512292,0.7777227470057301
1487,30.373919725155908,3.4733514706105306,0.5709858452141301,0.8273830151873094
3875,19.02222258829806,16.305575642131053,1.6504703254534012,0.1656423098675096
3631,2.825731219403116,4.3743344813507505,0.12952980424076693,0.5366930697557386
4192,33.883688738402334,49.44395596275067,1.2120247446765673,0.08367436213987012
3958,16.410087526880872,11.451295603668859,1.7874894532234584,0.8047923453135554
3397,23.388813249301737,31.795020970785938,1.0748651473919322,0.48645153395839047
73,34.086421852756715,14.217255097246866,2.186466038297345,0.15848905892347775
1359,45.58872735120714,32.66231076779629,1.580481953101664,0.7186789456080637
1091,41.27184578024992,10.520084543524122,2.3962322901468442,0.33116984875197786
4853,22.529856455179992,39.263503295503725,0.7103045319374468,0.11450660376010757
1941,19.389157872318947,5.540580141831775,2.346973327136868,0.4610738249936476
3148,11.988986942202374,44.757520004514014,1.5170564747142419,0.23524659870971476
4303,18.621337558798412,42.02108462703972,1.8629472480334965,0.9502218357374423
1244,5.552319364594915,33.94036718191928,2.255402792608617,0.3613616578067773
1285,48.55527541823773,3.3707313571423922,1.3779929699795523,0.5724529051465
4505,28.695872197978943,10.428451416446416,2.1554519798741634,0.9483609984570618
3036,6.3902921397606445,42.9680797845538,1.3542423489701383,0.3937211865679606
770,17.64030046329529,6.098721715129757,1.4979973190430942,0.3581268737759554
1843,27.351957181032798,7.796604815401004,1.1127464322434637,0.16240564039327599
73,26.644281832043482,27.200166187776038,0.3640963796002572,0.9383035645657652
1660,1.7751684359316178,13.708871983717186,1.3837580833721665,0.8007447783462386
4349,47.54205171145557,11.103784997196476,2.4436205756654528,0.2210109890218921
819,13.76878407374723,28.79067159240903,1.9679649893307107,0.3326744277483319
3818,0.8092334465945594,18.628833822901452,1.868746211883591,0.9149117780819513
331,3.8222004475141236,7.027994838483437,1.608272006824074,0.537279595807825
1421,29.009745162398847,26.742688377273222,0.8697716837181113,0.5563342866058799
3655,6.889276033754843,19.350620163931136,0.4240379861959462,0.6481444819513794
4931,2.0862396426751637,36.72583871368847,0.5613790041067246,0.7621638179077981
1691,18.981323320635568,5.13777211602946,0.015805223856625306,0.9392855456643299
4550,31.13805961700943,31.030662197298692,1.6837010522458868,0.802225073470025
4408,5.591990242080619,21.824666347162385,2.0296938963910844,0.9345491984640214
227,15.666391607565778,20.303093752620207,0.6722783779951493,0.8206097581522359
