target_density_t+5,target_density_t+10,target_density_t+30,risk_level_t+10
0.04872488080912729,0.275135300734785,0.05892823603963604,0
0.28910965978981684,0.18618758661894164,0.3731021343780946,2
0.7209663468312298,0.07774180890318094,0.35705661870632255,3
0.021616249915949792,0.916040998847583,0.3956368788107457,2
0.20592276526743902,0.04129540129900555,0.2468639286424008,2
0.0507732566953768,0.6504856172980629,0.010611333173367377,2
0.30227189396461684,0.18405769591728993,0.19846247044400556,0
0.6639102946247,0.030615874030044843,0.6504611483067099,0
0.30811439323687884,0.01213192339946334,0.4196444875066717,1
0.5835912762185987,0.19656817353673695,0.8205384755961092,2
0.06957095461260054,0.8259624812644194,0.7085910973037024,0
0.8674044839930883,0.4788321088588824,0.05530058055919007,0
0.13324051925174774,0.2755875461852352,0.8113879345471954,3
0.17812466155949835,0.541827961633906,0.7665500294552983,3
0.4959295498261558,0.1518699983615669,0.48210087154482417,0
0.8636996445582236,0.8872158732109077,0.2583539442396152,2
0.7589438355121143,0.015547589326851075,0.361178539313905,3
0.9704851253491577,0.42007503414308844,0.253739287628008,0
0.7593025527855528,0.23506177845057374,0.2782199988895535,1
0.3842500320901294,0.12357407209038684,0.7063315440549214,0
0.40871832944373254,0.26199595825379984,0.2958725705069536,3
0.7133604278844787,0.6570134747502697,0.7987124061783664,3
0.27066977267313375,0.31045166206799113,0.11753743492226443,2
0.854102871991344,0.5370293515987583,0.5055956543945482,3
0.9131639696118056,0.8816807678674777,0.14164073454829418,2
0.7607560696646062,0.40695002129126545,0.25864625769171323,3
0.5166685377580662,0.7062713196763395,0.5094405937275057,0
0.16783576522150734,0.3736753775244408,0.4141151263466707,1
0.2986922916088657,0.994172635235034,0.5432562826495552,3
0.28394304503063383,0.8695052060453339,0.9806718749731028,1
0.32721257661773095,0.15015853095257847,0.7185586873905396,3
0.46014033379297603,0.4946453204235832,0.35034506777919716,2
0.5443683594576376,0.27318726174153596,0.9339343813936862,3
0.21740086975972195,0.3423302297814925,0.28527063044132384,1
0.7998683269389765,0.2508971329686076,0.726478508453992,1
0.7266844492965354,0.45491418271867723,0.570466384397762,2
0.8492927133912169,0.7086315916010322,0.7775918722190465,1
0.2675218045820723,0.31438051745703544,0.5759768978804864,2
0.6148247111484346,0.2078604685503198,0.9151023704099109,2
0.6527560731939891,0.7680114937127132,0.8369306057396464,0
0.38681643413428557,0.5796657740081574,0.5840639571992782,0
0.41035417857281875,0.701561422130018,0.9243552302796676,2
0.8101575494926372,0.06345912208453064,0.7792656438142237,1
0.6003692653821349,0.5072336047263531,0.31477276165253143,3
0.8983403385846943,0.4986527924062991,0.8723802236639527,0
0.490032225049018,0.7012888874656199,0.4411618632285331,2
0.8283181322162818,0.23135668140700005,0.3926477053155958,2
0.8588894711682389,0.2454827333624563,0.5408469984316925,3
0.788445143641093,0.5143418904754198,0.8763347882262338,2
0.887655437207203,0.17705648941356844,0.5305718043123276,2
0.6988607889524882,0.2800035926192894,0.882392086293409,0
0.4543903076107496,0.6502408321518143,0.2370440767848404,2
0.3059151647888555,0.45919654170246527,0.04873822238528125,0
0.8200844049259268,0.7378425954094284,0.515036493449248,1
0.13966465542401996,0.308628049539003,0.7797184268360747,2
0.4012964984806886,0.07276816738294811,0.313143875379962,2
0.23121231494033567,0.29978937453559007,0.8798122023093001,2
0.5904577635433566,0.524704470426096,0.16291359970381847,3
0.8862680579351458,0.3073100057764556,0.31549695532046895,3
0.3277415904125234,0.5924430620769748,0.8815588814869363,2
0.8046096520196478,0.7801384393045899,0.338705801554924,3
0.7974528394679815,0.9795605021257417,0.4914089357982344,0
0.6656936477741948,0.25313159474751945,0.793088347283239,3
0.24411249672277346,0.3256931327199486,0.9037379571532377,3
0.8193562457545637,0.8622382183746089,0.9818947089347139,3
0.46760119044811566,0.6998921605655856,0.9839402716431143,3
0.7391087269840894,0.32109893414849644,0.2884654619225422,1
0.4606464683225363,0.0621315486184113,0.7155430921736872,2
0.8640857495729742,0.8554169373994267,0.3202224966854832,3
0.7021642920041132,0.508587984726815,0.4256673748693284,1
0.16797507343295692,0.027731323148490028,0.8810001788878244,2
0.17924647312516861,0.4592716397289036,0.6186752189829652,3
0.8499050285500909,0.7929771641488886,0.1600047833964645,1
0.3651122468419854,0.2012525085931972,0.585396263372071,1
0.38103513941087674,0.9973977178585922,0.5819678847503748,1
0.04120749026614079,0.39277214396714566,0.17519628247744967,0
0.6341630769147428,0.11823192148908168,0.9130577257120414,0
0.8041783424451304,0.8472729249159708,0.7404734939865641,3
0.8973128976410044,0.09923302529097688,0.8320193677808403,2
0.19476348252875664,0.40371981250870614,0.16891304771241744,3
0.8573423604038247,0.5546250212461351,0.8346082172945506,1
0.17672956273072515,0.8394915061757251,0.9271006112202559,2
0.37352109865034655,0.3111760541398275,0.6254855824711703,0
0.38227876105705216,0.7775523807625824,0.9497759514176589,3
0.570645022015523,0.3291022442708196,0.6228333206463341,2
0.5111367165411828,0.6349203654396093,0.9084893996811414,3
0.5290773087427948,0.3036481740096981,0.6354968854822794,2
0.5232026990109716,0.042682357362939904,0.5055904371925405,2
0.9318775575930066,0.661350097229888,0.4422901946770331,3
0.2465759340069429,0.9547436817060525,0.7643544549525836,0
0.20830305100300806,0.31368683267323194,0.8160835767275053,2
0.8160303900904469,0.6986653828790939,0.36124158132653594,0
0.3038669947153547,0.2276412797161006,0.04904884568903711,3
0.6753923909128707,0.9569683808793744,0.22071643310942546,2
0.9236580482441975,0.7103644964756786,0.6284531601829529,2
0.06996941969626091,0.31763816473599327,0.5018935370913856,1
0.7817694426024975,0.9654043709424115,0.9112866158339472,1
0.03510298901951303,0.7690759011239483,0.8014035979763519,1
0.5090796626394611,0.357801769933749,0.6358874023909892,1
0.4387916734246067,0.27887019745935615,0.6154020198148369,0
0.6905217829138505,0.8232014274748783,0.5049066521565435,2
0.779246629250854,0.9776897774779574,0.008002152827535247,2
0.047229130005625786,0.9444356414232055,0.3366211702608146,1
0.0745612011704414,0.7607166149822563,0.43699842001463896,1
0.6048445389025288,0.5291713978632097,0.3384547108131537,0
0.7123500026732243,0.4231886721583229,0.7989099155768825,3
0.15077454817162717,0.01684520046139415,0.4886887683415335,1
0.6147635745007861,0.23390081795968454,0.42998235852069844,0
0.1508509880160348,0.6489002217686815,0.8613237807228245,1
0.4617322192499923,0.15628468864245593,0.6590116105415258,3
0.9802632788472591,0.1570748129573507,0.8674317546172823,2
0.8435191578068069,0.08610896503128285,0.4875566630613293,0
0.6919147835529168,0.2784925732907527,0.2428671151513645,0
0.46279892782768084,0.5148246200530342,0.6266750595224988,2
0.9167736205660134,0.57711684801474,0.19271486581740072,2
0.7325674873082761,0.0399573077813411,0.34667895647229463,2
0.002100500892840307,0.295262961937087,0.8945989460125152,2
0.6729292499766939,0.7956031482737159,0.9901819576026797,2
0.578746040618,0.4668507448116239,0.027540792129861602,2
0.4790055255964919,0.001359725404241785,0.4429705998586808,0
0.436119137508724,0.09202384453424439,0.6863804009514252,3
0.3633094554071753,0.18510103385411425,0.1500428831396653,2
0.284143272181518,0.16789711048703404,0.8041641719020125,0
0.7720255005303132,0.2704491445646392,0.22975104090474963,0
0.7158187356220659,0.5097098418410279,0.7189232410428354,2
0.16283091474667466,0.18422954561791738,0.4535617647828859,1
0.7607077729941736,0.585570577554304,0.5157952783922245,2
0.785828168637876,0.8304458143514983,0.8708973462791909,2
0.7386065968688063,0.8638467161021347,0.39367363908453745,1
0.22880153646288492,0.4350096058230285,0.008602211876696297,0
0.3302114813466831,0.005297232495008686,0.043495833801851624,3
0.27613222085524347,0.3682156535618374,0.4039121982791096,1
0.8975984079750092,0.6725881641266727,0.9945471717844904,3
0.9251225926221389,0.12545792101736342,0.5674753732998263,3
0.6185755652290547,0.1633906851853415,0.26374550272730657,0
0.139303583663965,0.08899747110370937,0.7102821461811893,2
0.1375290754165801,0.11321906758064382,0.38576478024004046,1
0.3658679913753601,0.2875417112859574,0.9540327159151117,1
0.11546953773860269,0.9496829792956153,0.8391814438992266,0
0.5118326790353088,0.1469322782907052,0.956356420338231,2
0.2593561614943568,0.3464043264550354,0.9334474405800895,1
0.1104778922193611,0.5377418335455858,0.5567542886005912,0
0.1881140530715265,0.04463946469991342,0.16997005799193066,3
0.3239591662101018,0.3874115991596584,0.565829289690801,3
0.6655391432760631,0.5458262397876739,0.8317512093453127,0
0.31195917200078416,0.07331389239013753,0.8440761341599233,0
0.5239487546148249,0.09750337035722223,0.06715347926069537,0
0.3337684173003055,0.9183928827574376,0.33915382039288766,0
0.08833486468591223,0.6227388617554044,0.22958167330973822,0
0.08828575481211265,0.37518870858556297,0.6054845793506322,2
0.25229287508524323,0.9503977359603166,0.0030970823784887136,3
0.21825894513212662,0.37147660214002476,0.8878911790643715,1
0.06268918940131918,0.9995629589350692,0.3339258538447577,0
0.7777770704364103,0.8493838125778358,0.5515398482749909,0
0.4961321314455126,0.4393666897805507,0.4660195896754633,3
0.27425062088316965,0.18419823296735227,0.0003372040529237008,1
0.8098333048674894,0.6432086184323559,0.8882907123385552,0
0.3376761198544125,0.47378197446625847,0.6738756816671384,3
0.19561039162894633,0.42581582021641606,0.43829088406557803,0
0.3419699532877356,0.0842872610427835,0.5164720776731285,3
0.6727698454726747,0.5731879520182149,0.8273814179263654,0
0.2831144435519859,0.30640984757276113,0.9957486569675816,2
0.2656556602845208,0.7897658550651446,0.127222277009456,0
0.881141173495491,0.34845672231551517,0.5769546969476786,1
0.5391299292549835,0.799417128261055,0.35755147157974176,3
0.7437651349932992,0.3959961246381525,0.433346294213938,0
0.8978085074853359,0.1029014056525418,0.11549594132307317,2
0.27396109208909103,0.7410715945864909,0.8840256186405612,3
0.5334355201833139,0.5339148207943973,0.11390050317842082,1
0.1331934419386872,0.36255227166242954,0.8429397209415971,2
0.9618551907744723,0.07985222775644507,0.15111733319698084,3
0.8124559275737842,0.6080125189396838,0.08164989311664661,1
0.651408998286002,0.9784764376020972,0.7737230561543297,2
0.2022574505771092,0.5581163392447722,0.3619543188758758,0
0.9708228029082584,0.1403289614967378,0.6322502247494969,1
0.03553603828633134,0.3982346361597323,0.31944943447071006,1
0.42323422628588137,0.16361842008893412,0.1065829865431559,0
0.9444142426814162,0.45724800484164607,0.9091342080670735,0
0.3192097458549269,0.3513563107423344,0.73197145810338,0
0.7769142970787677,0.6941386068266105,0.5712204760784487,1
0.9750916000098694,0.8994218153986022,0.4646924846223276,3
0.7019345905358452,0.28220647267536336,0.7936143318259633,1
0.3025290730659017,0.18471919252041347,0.9610655632933648,3
0.9686639047004758,0.9024410394577862,0.7534411337972117,0
0.3957131929786455,0.37700622316460375,0.5158073080840633,3
0.9513090633355276,0.7348498833128218,0.27419705687518126,2
0.1294060376887719,0.8847556964106996,0.7598261910984924,1
0.9370641705527203,0.9826558160388157,0.26541073271238347,2
0.7571080307681086,0.22063047849573736,0.22631003185275522,0
0.04611928160405354,0.10229476023686579,0.35111710197001766,1
0.6628721448433833,0.5167220523993795,0.47153355238374384,0
0.22657122914667616,0.677361114828507,0.4077336487083233,2
0.5194506355698844,0.20981991678217338,0.5397064538803298,3
0.510675296501964,0.7395314877642037,0.03172112141193428,2
0.10754192763516712,0.5883900315154341,0.23250003265868113,1
0.8150634251790736,0.38358576058986393,0.8774153499925124,0
0.9624530170823145,0.41427818446038067,0.9580650826062851,1
0.5888823929995796,0.5840530475699438,0.2730671420843085,0
0.40425205066472514,0.30158048857434516,0.7816138632346809,2
0.6558769923812608,0.32575713156861585,0.8863029667335898,2
0.39574151649323897,0.46493391297136044,0.43515432811607213,2
0.5952190691541637,0.8562082958518316,0.13315359486700284,3
0.4326731561058632,0.6286217557977148,0.6113938304943134,3
0.15286971031914565,0.9162330838788788,0.484435610269749,2
0.8544956642474094,0.10326894731794878,0.9004642063367909,1
0.3593340703796415,0.05063785514543706,0.8736800754652579,3
0.10231052972199373,0.11512586680514503,0.9381604208269361,0
0.037249817803254426,0.9045487328027205,0.3393989259164353,0
0.45593234608796673,0.07479721539750461,0.010696629193947205,2
0.12814839176373083,0.528952493991772,0.9449500520150884,3
0.7037350320896826,0.36144194121609896,0.2592794863613058,0
0.06339631150714065,0.37604544863929856,0.5675652952348325,2
0.003030924966509696,0.6443499125596353,0.9283870713252009,0
0.08914943212552306,0.16560830799313409,0.8867067333524162,1
0.8058622799538673,0.9379671289726377,0.6034469759842629,1
0.7011904444312774,0.5396825150350435,0.4508811030184352,2
0.8600502014300897,0.5691950214741933,0.5499000798671511,0
0.8016468415350945,0.5311724949081255,0.4990365555270132,0
0.22864052835331483,0.9028076025103691,0.15990905767812225,1
0.5086943502391282,0.3245359991500826,0.31412721350633377,1
0.5405698078481478,0.6705456202059566,0.9459251170103354,0
0.2937066146357874,0.6160184508620262,0.017483779503404517,3
0.3692151463743135,0.7663120194192289,0.9513863722827729,0
0.2702639872994994,0.913770198767092,0.8670673034648494,2
0.09331338995400074,0.9580507015188713,0.7666547594156646,2
0.7531320432767207,0.9782510448297291,0.035576829492287354,0
0.7305306979115495,0.4489827330471602,0.6265143173743727,2
0.003625425493034462,0.13921850138902947,0.22024070853351785,1
0.2396294240336183,0.4048408844704722,0.6884599872127352,3
0.2697173393632496,0.7083862339274226,0.24985733723091963,1
0.7916557444698262,0.8547017326193256,0.7325979473360884,1
0.5074342880403877,0.6341524910959087,0.5217610360723293,3
0.4656865577567181,0.08537215008964416,0.16165091295614975,2
0.2628851483357575,0.5137352912342291,0.10051254188831138,2
0.60315164156873,0.34081267379934,0.3113560843757799,3
0.8760745977668422,0.19608612619536914,0.18135784106604913,2
0.9932928263509083,0.49851660027377975,0.04641807739841153,3
0.026905988350189647,0.13433363823167488,0.7265887255370846,3
0.524649445545466,0.10967598737726458,0.5611695083740014,2
0.0435690573567461,0.9262266766891017,0.3396815817046961,1
0.8436637069019206,0.5341950994870787,0.6766794455641886,3
0.6383106093992049,0.3236497163441172,0.4071647382459509,2
0.395954046904182,0.9232335154388878,0.3093443119621758,2
0.30695376068349645,0.46394471698954554,0.6198239837805829,1
0.06134432300631054,0.8254300496467804,0.9630294464224828,1
0.8965455494026727,0.5651277296836767,0.13125493786655362,0
0.9106839255826196,0.34393857225589897,0.9766132327571535,1
0.9509448104031459,0.02761315163130329,0.5866837430430766,0
0.9197092755656782,0.1065350680604068,0.849667548121235,1
0.03180339498236395,0.9174831476402489,0.5132439056690636,1
0.8761434995768898,0.532328479954626,0.6706516176044924,1
0.04220004399144828,0.01045557297641464,0.3299447085556768,2
0.9806292250218124,0.7220871520163384,0.8617626090702054,3
0.7588485609998409,0.7631889347024637,0.3444520402219722,0
0.8946427884940492,0.10872416835723009,0.7827119440962645,3
0.751642827216142,0.6492789059531104,0.6715101385676385,3
0.9061552317532247,0.25226774825562726,0.5966376839959266,1
0.7408657015286068,0.22609120550596562,0.5464658513956613,1
0.9050769491462896,0.9682783235054264,0.005156428130294488,1
0.02784998733220334,0.8743386294899587,0.7696854124996275,0
0.680111829304676,0.3657159538590695,0.5668174122708917,1
0.8463351990627814,0.15818249806625473,0.1941524894255302,2
0.8874834768942007,0.4805548474537411,0.5425232344922646,3
0.04180538641387077,0.12775257803493412,0.24959907528269543,1
0.4782711941015647,0.27276081552345666,0.845204671974259,1
0.5828304606223498,0.31197593257886913,0.49670271657157483,3
0.22233237386421167,0.9602853610626615,0.9106115777815381,0
0.4316722652299496,0.8848715372739115,0.7606933313552219,3
0.8370181357941029,0.10502175755477361,0.12801962893944185,3
0.9788176306444385,0.5295952519887688,0.6585715671928893,0
0.6687691997324811,0.8036888901981756,0.9549987750858362,0
0.918201421132698,0.6095938286795293,0.931520848909416,2
0.1455453626890275,0.8473142116955599,0.19440529192856248,2
0.4514123775335215,0.023456945191673184,0.5419505506890174,3
0.08764892380455869,0.7812886953300998,0.5843356952168607,3
0.18289419417475994,0.42619187571017314,0.42324081032505045,3
0.5380256954392815,0.14734314044320507,0.7818545126431193,2
0.6783932304622841,0.3494941866359148,0.2921273700689532,0
0.27146251186434067,0.6555000042236234,0.9741007109905823,0
0.6404080883047568,0.853103538694026,0.376272830606846,2
0.8798250034439924,0.1510337863343445,0.919476713673629,3
0.7535416374458571,0.7964662710177906,0.27034020694632,3
0.5703652735244995,0.5857649260778365,0.4682874806556866,1
0.7062395556542507,0.028665401262951362,0.84809537114707,2
0.3309677267908161,0.9611901391927472,0.7348024124670594,2
0.6163575829009478,0.894686313915483,0.4431226149077342,3
0.692341206504478,0.6091805652453435,0.649232833101704,3
0.04533114322328202,0.046545586724668575,0.3898183085498059,0
0.03663894959680214,0.06652672165918705,0.765008318996683,0
0.3443890058945188,0.8120608058174867,0.44171817371555777,2
0.8103656962079075,0.3982242350762373,0.4662501807659273,3
0.4253738324882488,0.8519462042359599,0.9811616609270317,2
0.862093006641847,0.42149196667619326,0.09191723041300648,2
0.29320362584870374,0.5920993728955487,0.221944378457259,0
0.30461470896878007,0.030751697520649435,0.5667732991360538,3
0.8825519257089836,0.5524477356567133,0.36070250533971837,2
0.3791235132960482,0.17928296660964105,0.8835176582370973,0
0.5071836857242087,0.4055461058494566,0.07739955450829739,0
0.7956068721554997,0.7262345178269557,0.9983824919731735,0
0.3360210785590967,0.9825361845037026,0.5443552723071393,3
0.0049676848041296795,0.6586826310828382,0.7809250761998561,1
0.5852012705978576,0.2418824959273379,0.23684502623905368,0
0.34964726983312655,0.015897782233854407,0.5111127052561105,1
0.4538988277374828,0.8245797680986896,0.9815433528051069,0
0.29253149920793964,0.7264643558724234,0.012108274313253897,0
0.6555555535452797,0.5540889035544018,0.7053721241616019,1
0.49167565114064393,0.5742301096739707,0.739609537736772,2
0.8167978981586694,0.5735796041488136,0.37931416314497346,1
0.36354242914209145,0.31065049370693143,0.38754841105614835,1
0.2429424780007743,0.8188495105372081,0.3200940505477068,2
0.5314549286428287,0.5617131927689977,0.2708556553303658,2
0.767841999482552,0.9202538499718456,0.9993828935543216,2
0.935431903629896,0.5035242416902195,0.6731475894905566,1
0.26247512993075295,0.0401716731935422,0.04249260425187451,2
0.06851284368172861,0.40401188130249444,0.3873904914912919,1
0.3835954243891473,0.22985242582127186,0.44096824853155525,0
0.7439127195221054,0.8741170056386695,0.7174071642969402,0
0.6033406896209059,0.49784699534745835,0.15577825227032116,2
0.7660054540983249,0.5245634812525037,0.30581606056229405,3
0.5144218155750783,0.5911096224357315,0.2506513400659731,1
0.33329854792449276,0.7892484367975245,0.08473688678000335,2
0.6217212985122265,0.9347944263088331,0.667407647858095,1
0.7502762622590075,0.017606631511554727,0.8985310256949661,2
0.6314311703797825,0.23165868104828802,0.09187607464072234,3
0.02153771428633222,0.3478718801934704,0.30786598634400686,1
0.3291749019059642,0.24529737075335867,0.5630218048475413,0
0.45503567478884743,0.36064032643227917,0.9806345642179862,1
0.33979277877985636,0.6959085555271712,0.8534527717672583,3
0.15359864784749933,0.6025998250882187,0.4043761857027107,2
0.6756287768404942,0.3124722210406915,0.4799900944109182,0
0.015805383855658328,0.8858934708871214,0.03237220115335082,3
0.4825399829968129,0.8155949902149211,0.8835704566551121,3
0.030914548326151814,0.304027453703023,0.2991390137292368,2
0.30607242741592144,0.9168562490505672,0.417128963789438,3
0.9617913427430909,0.08207737131087312,0.5190497592583304,0
0.934241558650455,0.3019136001164412,0.47276953275361877,1
0.4206731444685674,0.4164102435420458,0.7964859277386338,2
0.12159806492552605,0.12381432816387306,0.194378788394168,1
0.949021207903565,0.3637437164347054,0.8528730545900991,0
0.9463700507760268,0.7148779002052023,0.6420126248880331,3
0.3677795940479821,0.382625104715827,0.38420062680851075,2
0.05313955189247932,0.8100949579704066,0.8947766714190846,2
0.12403999137177568,0.8296348876020317,0.8901094287221276,0
0.8973759296617655,0.11366266174995066,0.324538180366286,0
0.0826006013576196,0.8805031464894584,0.8073457994605208,3
0.4252181271132134,0.6912721355004174,0.12330605748829548,3
0.27970332756374894,0.8464476156313397,0.25637604259683,1
0.2253860796075613,0.5189193601460333,0.21276560479377649,0
0.09116197368504053,0.9363922642842727,0.5288480468403877,0
0.001041268406025253,0.7182389154007534,0.1172408238177235,3
0.16766191769354954,0.4005805729640094,0.539016379464115,0
0.6051188943104496,0.04332927383769225,0.519373774948174,2
0.3293731006262075,0.29192468389857973,0.2764371884554643,0
0.7031923175152225,0.8930034748697336,0.6413744301037967,3
0.4547836491398508,0.062279383073362116,0.4172624688778461,1
0.7172598366201107,0.6582610612456249,0.0337201243064591,0
0.19199141985442447,0.7463072023756036,0.6322625440835308,1
0.22678268134127544,0.7219659278311965,0.36397130460390137,3
0.9441154001281035,0.3932853104697003,0.40754210883500885,0
0.9115270250821804,0.2045483661268317,0.6583217534836114,2
0.5725248852403532,0.8227968220000791,0.39536667081018095,2
0.9789210070183947,0.9277185906185403,0.6254286724805334,3
0.8659803414529417,0.3255654069009295,0.39544044368567877,1
0.8762614678395729,0.020626969191932965,0.7636582398915566,3
0.5271668652417938,0.052942856008603933,0.881749760247555,0
0.11654549760863497,0.2523183747878681,0.7562719178333617,1
0.6279946670452818,0.7045014133614791,0.9490572516658524,3
0.9636444396224736,0.4566802653249825,0.8735586905555498,0
0.4402720731902334,0.7545498836764001,0.4227602394439115,3
0.528177442504644,0.780124039935905,0.07590678387758476,0
0.10351079433945365,0.6705957313123464,0.5013839523001418,0
0.33096637528167694,0.5875313490927898,0.4581263590780654,0
0.14179651022122253,0.5421668064330607,0.7849663019705593,0
0.9055778471511701,0.8494760205059823,0.16213469651516876,1
0.9953161919078285,0.8793102072404789,0.8461104047268161,2
0.893906313094851,0.8982444206812711,0.545783295094928,2
0.6970787848973985,0.46110613387280286,0.22728081758721685,0
0.5412861970868947,0.8070995305779097,0.8010726731526676,3
0.37191883215271204,0.7533438113009496,0.00831317978699897,2
0.2932866656556594,0.9480329321248544,0.7271277338163261,3
0.7545060399202241,0.5253529205295661,0.3808302053067505,2
0.03466574859325855,0.47208613309593006,0.9732503811186102,2
0.8807050526394171,0.14685364112244836,0.5823663764371682,0
0.3795908458386269,0.8838572661897368,0.39059669657262164,2
0.29966753369942234,0.06941596105946057,0.9860452942090789,3
0.7705574741661891,0.783790621691381,0.9811837447015131,2
0.4615883472629946,0.6131993664598655,0.555215996595696,0
0.918071526530814,0.10678551689510363,0.7397005278746729,2
0.5287113279667562,0.870993208922813,0.3401317886927496,1
0.8853516207885094,0.2896037522333855,0.36315924471144734,0
0.5174961875908906,0.5217816511480805,0.7529534563645907,1
0.9632753429686419,0.6899766135604924,0.397234099835295,0
0.2574148450642436,0.23809516024779132,0.7211427511182853,2
0.27234139995879203,0.40159480808259695,0.1224773261541422,1
0.9930365381809627,0.3240265423147155,0.5164001927900846,2
0.8415902997855221,0.001605397820782617,0.5267910028099257,1
0.15948403291891267,0.4709695058091592,0.12476279714152472,2
0.7372697834960188,0.5524928849254593,0.2989766581226847,3
0.41831510689322937,0.4148331522478872,0.9682713415304776,3
0.12153003643249449,0.5895700117258805,0.007837681561440712,2
0.7374661572889655,0.7288362816976901,0.39408138686599525,2
0.991410908006118,0.33012406752521517,0.8928710581628829,2
0.8444962240835847,0.07430116702321687,0.6739095877905952,0
0.7496125872748132,0.8932406132948297,0.814921868376835,0
0.4065235404340829,0.97110044107333,0.8966069363486533,0
0.06925755859446903,0.15472513589968928,0.5076912755175464,0
0.1875627141134386,0.4825487534938404,0.8602399448764564,1
0.7754258217128089,0.3378782642363606,0.9971463978577922,0
0.5652326866875919,0.1822047379238938,0.02061606108117453,3
0.887086281321339,0.7766802811258318,0.7268417481335758,0
0.9725406863573596,0.6525883518601259,0.4186587087046174,0
0.9183449099250861,0.050273506895469056,0.7951581446821453,0
0.6903394402951439,0.5716903452949668,0.5074529817162954,0
0.20310978211056419,0.752495442732983,0.6443955801720822,3
0.7580290143153408,0.7421306970180881,0.26056488579491266,3
0.45364340053701413,0.06776571399080633,0.301971163664554,1
0.7749363592155285,0.7840935966257225,0.6926212634876252,1
0.4731223732968437,0.01111393897261892,0.3448495770397585,1
0.5312042815990242,0.5904135772656663,0.4529811739444718,1
0.6180601463673413,0.4790714714957178,0.7767906019383999,0
0.2640318645126798,0.871225220426516,0.8196933258357193,3
0.8847173587162935,0.3094034000413558,0.5782299827318852,0
0.9095768612627534,0.6174854359915365,0.45493981466825373,3
0.5738300477807412,0.9135584596041895,0.07305759319670257,3
0.5620370511327754,0.4198066511122145,0.2687492984104394,1
0.5995475376529597,0.30750257701412875,0.4790762264640923,2
0.7407614575009118,0.011568681434028116,0.7472844537735868,3
0.36007083253399985,0.5887467600993468,0.3881061641402619,3
0.140913906568903,0.8446970823622012,0.7861403947853752,0
0.10501362952375426,0.4009945847276416,0.7274127590499421,1
0.6774049470784744,0.17606530990773794,0.8819128958781549,0
0.43702201422107423,0.998472972668943,0.07506463754704484,2
0.6256514652659259,0.3150069583762305,0.8804426344027192,1
0.7878736009217178,0.12227234218361849,0.20749611062317264,0
0.6551778191435359,0.9716491242490685,0.8845420203292164,2
0.22531560787015104,0.20225359046322022,0.6620703305076693,3
0.8684861137714368,0.7997181787931877,0.20289827889127243,0
0.9016399931389795,0.5713194048758783,0.2743125301691949,3
0.2032834352698012,0.5796698193290281,0.9995593895887379,3
0.235844119189754,0.991555758081408,0.4504573616776455,1
0.23731621510740064,0.8310046868364017,0.4432067609949849,0
0.48449692544471556,0.360945777408085,0.1007104095588881,2
0.9684557934111018,0.39465558959243974,0.5206443625679296,3
0.6101891710550239,0.8915469735972278,0.567808328778434,1
0.290762477938203,0.21921740526111066,0.2253125116235133,0
0.8117234558853111,0.6592474019619876,0.7501933590617228,1
0.7814815335490838,0.6864459812771327,0.6748074061422151,3
0.399238847967476,0.7504114141969882,0.1401521976415172,1
0.3654805224611162,0.4471918987069765,0.49966621529705646,2
0.6001163889944028,0.11200052815320904,0.08605452442253991,2
0.8136466070244321,0.3682871561766613,0.9149733677217751,2
0.6747982899218711,0.4521896051442943,0.8421897407693101,0
0.0902467050301855,0.027486048935007723,0.7097188541524857,3
0.055738070564556375,0.03081176640572003,0.8513812045405635,0
0.7837591925958689,0.8294104894667826,0.715453237387345,3
0.3003900708073355,0.7397336717300198,0.4142883955922919,2
0.10247720856178577,0.4556871727372973,0.2825429004941309,1
0.24054595623502584,0.9567199108534052,0.664216668151348,1
0.7943364124207012,0.352936983006955,0.8726869847240364,2
0.9948124987621443,0.265323717824998,0.4354235466978841,0
0.9181239605074907,0.7169226770436296,0.4240953892194771,2
0.08805908543688179,0.029952811293228687,0.12497954059495786,3
0.6617578413264622,0.6733827496047889,0.43278331328314357,0
0.3529444465226492,0.8616440976400174,0.4586549283852098,1
0.4754019560775814,0.5616683777937492,0.6244530458144882,1
0.4925083057574364,0.43394022837137836,0.5042379218601969,0
0.383077645379008,0.6341051925672785,0.5732749027487806,2
0.28662824589665814,0.7462358446366755,0.5805919973357357,1
0.6314974818864937,0.014529066407253266,0.16579057056693725,2
0.36303131858094495,0.18880185830860774,0.2519877856912044,0
0.3341075161765812,0.41518711848369416,0.9150278344591456,3
0.20340995788453708,0.9271470313049772,0.2571756668827445,3
0.9628134084398605,0.015081584975024098,0.9354224322323479,0
0.4303678378527587,0.3680864656642806,0.09802881959087106,2
0.4164509804023717,0.7490349440729159,0.8396896895436489,0
0.433561204381847,0.039921973812390266,0.4928446710360468,2
0.6206952610616253,0.14698639784427536,0.9526552299940435,3
0.17198425146854635,0.8512979602281531,0.7045387029279983,2
0.09751378617484696,0.38247352221445063,0.6536700958413331,1
0.8190617468774339,0.4934402239572959,0.1360737180674484,1
0.8263267572758102,0.2574042222731966,0.40541351749356447,0
0.1875040547330149,0.2407598815193538,0.835727296906916,0
0.7328533462577185,0.8441153671996922,0.2827449465304456,0
0.2525073345182196,0.73326405444327,0.2707255163241332,3
0.3521278420549254,0.8519257844906605,0.2861467414879041,1
0.9736209921398273,0.4107802099730886,0.3661004298913816,3
0.7391507163428955,0.1314079037708109,0.7107510620664923,3
0.9061583133699301,0.5670926477673327,0.34235646317930635,3
0.23379522163576683,0.3109244046429519,0.4712670401441874,2
0.5270254536213593,0.30519886170077637,0.25790234717707416,3
0.19172397593022583,0.048693967826462736,0.0576052016113302,1
0.8789402159620836,0.5103372365547203,0.7771810693724877,2
0.04771821308893087,0.6917529291810057,0.714149255410317,1
0.8357798972666747,0.39795696873371966,0.46935165066512174,2
0.7176430378282413,0.6041013496568175,0.6699135811667384,1
0.9221968965843574,0.08740598471596073,0.9559343322703678,1
0.8196201578123152,0.6633960011541985,0.9065983853502295,1
0.17653598915934632,0.5917097174848593,0.14064621633254826,2
0.58772800074664,0.7473911295352058,0.6491137905567743,1
0.7455189113176747,0.04531797775024604,0.711162385452334,0
0.9754125259449786,0.5991552524432026,0.9484833587214437,2
0.6447651119070914,0.949995656758387,0.23039528907484852,3
0.31988668698565914,0.20371570153663943,0.22244445699673676,1
0.7903426179436518,0.968034083725983,0.6417189253936509,0
0.017587654975008582,0.5619719378972384,0.3754546043931484,2
0.5518685933394677,0.8898897511490741,0.023399847108317662,2
0.6213710335224116,0.5412319030033383,0.6814140143523344,1
0.2750618699995472,0.26382817078131127,0.07630512102509734,2
0.3879328484182477,0.011799906068278632,0.14796872901289526,1
0.8767841398002537,0.24263072985081535,0.44116849110963086,3
0.9859940469461522,0.21324783938077607,0.9275158537897256,3
0.13953886490507528,0.8805497280710602,0.9323157293812111,0
0.9410867055929047,0.4021351823297996,0.6944859811505565,2
0.4153128283017069,0.813624289012005,0.018415194816946645,0
0.4955604985920833,0.504989239296372,0.3577448578304666,3
0.7221056950502384,0.33652022386254365,0.7870430722114474,0
0.5655953559972112,0.2966955969442987,0.3839480762885733,1
0.5915072041684799,0.22971420104778095,0.3127819187227936,0
0.4924238012534261,0.5326752405756298,0.7325580323916293,2
0.27791970892988394,0.9587808692766686,0.0725070948153117,2
0.3433547445519294,0.7804788195859256,0.4922794567221147,1
0.9314847154443696,0.020879138672104558,0.7771675880041716,1
0.6238547147393059,0.9695285442057131,0.7453184404275974,1
0.8320895595365102,0.5307542605472881,0.2829364566453215,1
0.3674661568588342,0.5845113991617721,0.5989491383326198,2
0.9364036594466274,0.12236481701832391,0.020238373007868793,3
0.5523805878663199,0.8260277987352648,0.20758628647890898,2
0.27514141745037846,0.6384258818577868,0.6490269312217558,3
0.7038930284112624,0.5260589707567498,0.4388402640013337,1
0.25137576062642275,0.9119604404499095,0.22390601601939475,3
0.5595317394739378,0.30486573324639654,0.7984184608885296,3
0.505334458061326,0.5439587841426408,0.7241327045812007,2
0.05402324792594759,0.258811668282936,0.9164864829231907,2
0.7902846240120283,0.4692152618318407,0.2161683074118228,3
0.21343018117123358,0.92380821526207,0.3187777615668109,1
0.05441154212653576,0.6893574226405805,0.7159125918700334,2
0.2836446585906759,0.41405947478015914,0.721945694440139,0
0.5502803543143819,0.7859736617136722,0.601893319033058,3
0.529365786177333,0.7895850020449502,0.7791923041837644,3
0.6219877815934993,0.9818735338152857,0.7110501921420155,1
0.14260901227395717,0.9558718406287912,0.3311957125047209,0
0.987666419949438,0.34653643705629744,0.3058886026271451,2
0.6548975234088976,0.1905273477188958,0.711716123895088,0
0.6296174889705598,0.8496160593162864,0.829589087538818,2
0.11765498857263645,0.289423814780734,0.31927819881139285,2
0.03559430523271734,0.6700564596973095,0.7410566524049947,3
0.9849473268032108,0.5867358525067503,0.8869050206836904,3
0.1984635544185981,0.2752387727245872,0.7186621581686882,2
0.25739331345696137,0.11658279116816084,0.7468516146258096,3
0.27709233244247566,0.45679617966817265,0.21077773971446911,3
0.254056716257395,0.22640269858989925,0.4277042556046725,2
0.708064145046113,0.3697236675347413,0.8552610277113752,3
0.7264029019949638,0.7906631173730827,0.8491197061606216,3
0.9748244774769972,0.5398119212045843,0.2556319652371587,1
0.08604581550486912,0.4787222010424842,0.4804760580363908,3
0.7886496016778013,0.7539469512139018,0.9367971654106956,1
0.430404009468488,0.15191183733359626,0.1393530096587654,3
0.3074499077900952,0.5945034962415089,0.8757168954341744,3
0.9285503383144637,0.1373326189909082,0.7559402169101808,1
0.38988160073023925,0.5360046863206295,0.6868750782099938,3
0.14719829725769795,0.7178250799758091,0.16431062847396916,0
0.26308008831795837,0.371911208242269,0.5025171212323216,3
0.9048174344064163,0.15239057447115156,0.47283083895502753,1
0.8603499117991138,0.02434528123630353,0.5185633254940903,0
0.6512243122300982,0.7922732050904068,0.29953638435184493,1
0.9503803347924079,0.4215548545094818,0.6875243351147079,3
0.2529129126739643,0.35196728691657997,0.36913713171246154,1
0.6586288049968448,0.9901781686579159,0.2701640861754545,2
0.9498576587867826,0.42841947355513066,0.45353930495753114,2
0.24532588906180242,0.13986410024745,0.5167534433320824,0
0.14726228350447512,0.0016592140327178484,0.21537563677252114,3
0.9735793371305298,0.5831176930305211,0.9399021077727844,0
0.9784909975408637,0.9976819154781407,0.5434940301660435,3
0.23253438203611443,0.45702532436180476,0.7111814255682997,1
0.4397540396862847,0.6587689733514899,0.5428891448020099,1
0.6104230700967248,0.421348461086948,0.7609602447810411,2
0.692015513987713,0.21899361838704345,0.03178556486843398,1
0.7222237617594981,0.6584200974930928,0.26673043434076127,1
0.47132015699154195,0.008495822577515022,0.7852976051088056,1
0.06458336274128995,0.5262591724341512,0.47266131891807983,0
0.9835964600447984,0.27732955065478315,0.4437458472370823,3
0.6324713018500787,0.005160171513113099,0.7454276732101384,3
0.8410236871622708,0.9907259487884299,0.06132474647517694,3
0.25594586392516305,0.5152730955502541,0.8993776933507878,2
0.515095007772938,0.9743654246610113,0.14331251086553098,1
0.8928258700849152,0.2691196219426121,0.11928096615022232,1
0.10020451641064143,0.6270063350688948,0.7169995804030279,0
0.16225783716413056,0.4989578379304612,0.9272920749523597,1
0.23648430173641222,0.7502909082337549,0.6854268763271174,0
0.0112282212394752,0.6841834195658212,0.7756394470629147,3
0.08961658401859895,0.8613079388605628,0.4058871950073707,1
0.6678947761960786,0.3048144897129139,0.2887186272197314,0
0.9736157018629856,0.9096802957194947,0.9619006788201747,0
0.7255564160718456,0.07594323068214803,0.803754001883278,3
0.8529216508416602,0.1881056715249012,0.41562918422279216,1
0.01198508024544842,0.028110636761871866,0.3869382076916831,2
0.7584656350050173,0.2687268045953004,0.973503270953414,1
0.7796192807461572,0.7690282238890038,0.5998087746476364,1
0.10525620907394351,0.1890143851105206,0.008516481723999436,0
0.42831195618564377,0.22691699008469102,0.8246576904315981,1
0.3062642161668394,0.23225734824640165,0.43884934588766566,0
0.7424063292222233,0.379900870929168,0.9198929099602755,2
0.15100641181890329,0.07959440997472544,0.03040987935318784,0
0.26959586457605034,0.6357946066184615,0.8796198704486582,1
0.5097182070774624,0.857706630950888,0.2978437505936221,0
0.9860403350289115,0.9670158721200939,0.8023619671748268,2
0.39160112407760495,0.6858478692636574,0.9294736663310678,3
0.19428926049203166,0.20764389300414854,0.7842973611320421,2
0.8204456486288891,0.6589799873585767,0.3043191306479055,3
0.3170412801799878,0.5555403600739817,0.991747825090399,0
0.5323724553774947,0.5574626785208323,0.08171168744949775,3
0.5447047373853733,0.026219316566923667,0.7560666652757072,0
0.5781460771130742,0.643890856141235,0.26511734596683656,0
0.585060263090799,0.5407534572936713,0.7069015977416739,0
0.22496839163117877,0.29018381717525277,0.9380660561979667,3
0.1154285286807446,0.3790221200524756,0.21043716004938684,3
0.33634015538884465,0.6547797878480954,0.4925136263850143,2
0.9745076388160279,0.26253386430130954,0.3117026717088436,2
0.6960494688641375,0.8439494333115339,0.8680225611307727,2
0.30912731111076064,0.42925669020153834,0.35293646695518965,3
0.20232696469762712,0.22198663053936007,0.6574241589944413,2
0.012536806558180902,0.837382139331063,0.42177290345990615,2
0.11953938459173552,0.2636675518951135,0.5739118271785698,1
0.6589411557838674,0.2750263487729493,0.5432153590344796,0
0.5490755874933001,0.58148730511935,0.17300937553707663,1
0.9519476716183366,0.5001038665103111,0.874908418265296,2
0.45816720877324313,0.5996691878193681,0.6750374737715814,0
0.8756218346831207,0.7550830113238992,0.3546729159347338,0
0.5935946394065328,0.5872837300970277,0.8391554495289208,1
0.04081690221291068,0.8949598887314437,0.28749776614675615,1
0.06891544202449995,0.6796212397610933,0.807434406564024,0
0.21485540935898884,0.8199125419197386,0.8315120307310789,1
0.8953435819275475,0.6421010208744695,0.471398607219087,0
0.5030275387347001,0.2704597972665409,0.9337107621539871,0
0.09188780950967668,0.7730509583216414,0.38846007797673066,0
0.24750757187884886,0.9781062184880942,0.3194826613070394,3
0.14943321171042234,0.7004487574337139,0.6137418388822745,0
0.5672264087917339,0.7396269533816793,0.2529619142494862,2
0.856224052220131,0.30141985320219555,0.33244055268336326,3
0.3008148926773202,0.8982191727926478,0.4109283544661706,3
0.7434884780595516,0.48150607313666194,0.7354215922052332,1
0.3105157262702778,0.46892509310475605,0.49139694272522305,3
0.7118965582477118,0.7766236689128535,0.8879175571641725,0
0.9990934085425084,0.14510298648433106,0.39850312206682925,0
0.34110093826765886,0.6514051821404848,0.7232342883271848,1
0.06970274038822855,0.832583173408028,0.6995560344962728,2
0.16492483850554762,0.781909302663201,0.4721776020287114,2
0.08207816190011219,0.5541069027756607,0.01926239751538039,2
0.618270766784858,0.3753848550450589,0.6294259765096164,3
0.9462970626609783,0.9776207367785466,0.07612643900119909,1
0.22023254047116358,0.628570154774828,0.1780387099873575,0
0.03529151903685368,0.925805673640874,0.5181511209508829,2
0.3533372878927177,0.6693716355878809,0.3307521097120426,1
0.3865391981447084,0.5370198250249438,0.20623620291904787,1
0.11856378016697311,0.6703927217698762,0.07840673622700134,0
0.5912848922644927,0.6628712487381919,0.39506610297117883,3
0.020093550406546035,0.9415515015388659,0.7695845380319353,3
0.9597964105660389,0.1195524592227375,0.8492212374845852,3
0.8952214019168141,0.3701762243662534,0.22094722833986769,1
0.2948538848266782,0.3944315825508756,0.47006032076883497,0
0.07540789154292138,0.524822662274159,0.9992234392327584,1
0.33146087225175047,0.7694273487677739,0.030363643307846355,3
0.5360584299976487,0.7854049394691848,0.2951825968387921,0
0.13801532961213825,0.6504968748172143,0.9021428553460507,1
0.017709785733321604,0.4472042720959437,0.4715329337599157,1
0.19549432923783872,0.6965181607070815,0.7016288783158003,2
0.46040282489148754,0.8960395082629088,0.4077807153582469,3
0.5975610010611209,0.6678742835455693,0.728191737415147,2
0.42415360822222203,0.8224091203767133,0.1693545299594471,1
0.22544690839148296,0.9347310006344116,0.7231956983760449,2
0.9813517684962616,0.2087058078274583,0.16313129568218177,0
0.67926647093073,0.1344314740249839,0.9213209520448433,0
0.928533402114991,0.73142803601511,0.9162797720389045,3
0.9939325464303318,0.12702676915125455,0.37482199268056726,0
0.4196886318426102,0.4290705597572554,0.5222898086784585,2
0.8331719421451418,0.652910288665244,0.9976542713339508,1
0.24090675022344932,0.2133958062244018,0.38061522096151357,0
0.07548936435370213,0.9771574500181011,0.7307217434532695,0
0.10716923170878201,0.08173173801215416,0.23597352922379666,3
0.5669122023942194,0.30154303086165735,0.01773217473531563,3
0.49043412177733237,0.19290556508129675,0.7616305732925693,2
0.16349181840555382,0.6065105532644923,0.9479468597028844,2
0.4292242896941414,0.6412272440464063,0.4395406342942352,2
0.5786693039996336,0.23221947722917247,0.4653804232725336,3
0.15192502789508233,0.7491088186321511,0.4202289451966873,3
0.16624430931571166,0.8626663685704155,0.5282407718560477,3
0.6348889962383536,0.7346627726696262,0.09061397993823772,2
0.045590690481139395,0.4964782391045537,0.2822853040510269,3
0.7925849642804497,0.7509537847494422,0.6302672482364918,2
0.25789439090983923,0.4041252411441434,0.22533096328490176,2
0.20581638542644043,0.8311624455938641,0.12466834780874014,2
0.010879614720925357,0.3382105959184488,0.5743514620289166,2
0.23356663767419417,0.2913565225590232,0.45370324967376696,2
0.0031338251986795518,0.6133060947586354,0.7457689348784599,3
0.27694178381049006,0.3390776333575233,0.38186379382466074,0
0.3733819830368156,0.5145596411144548,0.6721069790494154,3
0.9298457626037006,0.8242787774939037,0.8635906490036699,1
0.3522717736079767,0.5457725839945502,0.02784407520221266,2
0.03672128154318577,0.5597762305217965,0.9251442142132863,0
0.9945348337593571,0.5573468477975736,0.5692145951786055,1
0.49574163513862457,0.09189001653235096,0.9795600331284623,2
0.5638871740885208,0.2887145125009055,0.625921454691243,2
0.4068736453664593,0.4946601874412,0.13334491736381282,0
0.6013118586688305,0.3534410640643738,0.9241605469794482,3
0.7032450613622347,0.3498290040819556,0.6194941404510919,0
0.6300816181385902,0.9024501271629918,0.6804279609619122,3
0.9012273860474134,0.7647791630828796,0.7253759095593422,3
0.4768481403381335,0.9750793257080944,0.6132253269448812,0
0.09946297633688272,0.21505578195513742,0.62897655317958,1
0.26517636500995445,0.9233362000899984,0.5225620699277185,0
0.927498068731709,0.6547997403692798,0.940055242267341,1
0.4080951464475592,0.9077267403395259,0.9695767904071223,1
0.12824119991844063,0.49540321392727704,0.6102038292135854,0
0.8959683367327568,0.057496764810209156,0.4636924730147406,2
0.5805656968274753,0.8688516147564033,0.23038090589482707,1
0.39769930697616407,0.7393826440893643,0.1681325486728611,2
0.06960225810269338,0.1397077950442397,0.13365571058548364,3
0.3409078649769729,0.5267883911238528,0.39291200471356824,3
0.571511470665966,0.783460101831035,0.8013091899745685,3
0.8398801034210825,0.6494489213903809,0.6043997586920065,0
0.9055835710182963,0.4582306530267036,0.7509484814069107,1
0.8546969484155965,0.7299971040813686,0.8614243053065317,1
0.47413806696898775,0.5610087319360447,0.5417170332484387,0
0.5623084966915747,0.652401549235952,0.7131193788111692,3
0.06044559401975513,0.5841025428809064,0.2062972479481906,1
0.32499232932033373,0.6361688933456089,0.12294877343785993,2
0.37236746407651355,0.660110880824926,0.2241976678528167,1
0.739256270889451,0.9088371304312711,0.098064531557855,0
0.4455914710526019,0.3146522729136614,0.45278427891314654,1
0.46924294094624186,0.24740394435210789,0.4215576960054903,1
0.5019633832604977,0.0831878913803884,0.19558058661781763,2
0.22668093813625512,0.3417322391172094,0.20143810671815854,1
0.7424400735628005,0.06921768001128792,0.17554738028142047,2
0.3294600189011555,0.9705847327129912,0.6025184136509155,2
0.9340049004601059,0.2153848849099428,0.5949240994217607,3
0.21380242019744977,0.5295241121892174,0.011221818273694062,2
0.47056939442854484,0.7619592802750758,0.1633341832427717,3
0.23909880543216233,0.634612263427988,0.20249038580244438,2
0.45174752927695105,0.4895459806800546,0.2776516945809001,0
0.22438560413708464,0.3304729001339084,0.39286360434073797,2
0.2819130787306462,0.951183396271575,0.6553085432160722,3
0.18811352398936787,0.2408130029383203,0.703756725921272,2
0.5562704854656941,0.13480753190853445,0.21890255961769012,3
0.35699554714463655,0.4385081534275205,0.46473454552036764,1
0.045284745283236116,0.5664491069223425,0.04389889986008366,0
0.996172196800784,0.18927004608859566,0.92933741188879,2
0.266681415354432,0.832015578118505,0.6977480587818522,1
0.1990279745449135,0.9988733050126671,0.8897010166014533,1
0.23314115293042492,0.3326057865511378,0.14176121556719934,2
0.2110056297398042,0.22991695209248986,0.9907903278430698,3
0.6920132905710924,0.2246153441233797,0.08422974353339707,1
0.7256155476177101,0.02104502263800523,0.39644881968359214,2
0.15227713804970122,0.7621014885416872,0.814949331712876,1
0.5140523095970634,0.9214290635596359,0.5961814638258836,0
0.04420940973902454,0.9716369154421108,0.6075340854259597,2
0.49980007725746256,0.35800671258892136,0.09911968093814894,1
0.4710658789668055,0.8309197347867222,0.6369376444840916,3
0.4138967430207964,0.5308338587385066,0.14190607759462825,2
0.9335455066488914,0.2207584665838621,0.09347890789459024,3
0.11739287391045494,0.6732896332586951,0.04838459114304827,2
0.09278920220998443,0.3213493099264906,0.8099702887040271,0
0.4926201868101332,0.49316940480742355,0.4121795481701783,1
0.8300521138823117,0.9674057723694988,0.33033482813016524,2
0.2740511156165988,0.3785420496022558,0.7072887919993449,2
0.3666055485110217,0.9648639959267281,0.27597588447278454,3
0.5572901461985346,0.04464381423399588,0.8190522635512898,0
0.27446127105531126,0.563240162290924,0.16235892461428358,0
0.9698338111144289,0.25143677793616137,0.00642148799298925,0
0.4765344865082163,0.08795823176018946,0.9003695622053797,0
0.9929424849598791,0.7135036539541632,0.24956972404608535,0
0.08696912760245656,0.855809725552996,0.643925569993394,0
0.6474616523928282,0.08949712047735703,0.9154042762843289,3
0.8844518288615705,0.6757172466548552,0.664950342965521,3
0.8821072091318971,0.7904220966494693,0.8281522584205148,3
0.3649628657637407,0.9997403609833693,0.8674624207012906,2
0.5044278206857602,0.6415846573263195,0.5584167215531479,3
0.8179391040286079,0.3338176699980897,0.14500269307983304,2
0.20779280592043525,0.9239344421935294,0.9347261092414586,2
0.3877034472627058,0.6179990746853413,0.5506654248963726,3
0.263376312454336,0.47752891777820994,0.42147104941054747,0
0.5058046345440389,0.26790771283187775,0.6614666358246362,3
0.09579807206153035,0.29771856097965166,0.47438860955320383,1
0.3008248091491632,0.7952935895809926,0.830140113048977,2
0.7997461158001822,0.9920582903696199,0.9328740933633078,0
0.4290966081365081,0.5330583833996296,0.9947500611448901,2
0.6775965470803984,0.3504971896633735,0.5313106934883495,3
0.7092343417937721,0.7540903494531613,0.9129181757306212,3
0.8730237866553533,0.9066281291529038,0.8755595264229431,1
0.3505244741721677,0.03235372656674196,0.2104298310519992,2
0.3177040019751324,0.10137164339016691,0.6556511467208536,0
0.16824892343446807,0.3784454279151306,0.9956582310377862,2
0.4709288246025699,0.5355950062473885,0.12547849072019635,3
0.4326776981291893,0.7050774231185507,0.827714964965245,2
0.2629108465916953,0.8543875501043465,0.5688443559335757,1
0.45562901817531865,0.48762668635534956,0.31037025745275715,2
0.26753016965461995,0.8835009532417938,0.9047771719630627,3
0.7036595498886219,0.4183351484829331,0.8100415029014549,2
0.11569374889256867,0.010700964596983331,0.5333278855980046,1
0.9601328755548765,0.5002828318326324,0.3473514474388669,0
0.2490239578302157,0.8743350258558119,0.4597256114035181,3
0.35137677801041645,0.18092102338450677,0.9671764818148902,0
0.5671485543617052,0.7133500603836272,0.7911277019894705,3
0.8057908675950674,0.4996089942533821,0.8037105926069611,3
0.20256668047156068,0.7425112056554855,0.3429502042462351,3
0.493613506346507,0.752808854931118,0.8126605137959954,3
0.6109645459360088,0.544438607229462,0.253489942248012,1
0.07354420383995686,0.23762920403153898,0.9505624104091497,2
0.5098404213415405,0.6349779124064007,0.13794164492065675,3
0.4665786080594333,0.6722652786076216,0.9213860798825471,3
0.6297406933647416,0.44554659094263305,0.03301805582033834,1
0.8862090092622451,0.2988550513122723,0.10178845780456336,3
0.6912180191249161,0.8028541915902946,0.28510577820152094,3
0.975798768418973,0.04279198826215069,0.2931408271719069,2
0.7724763207836747,0.1127162748572147,0.1435035961622232,3
0.3921623828093631,0.3910691884172188,0.9362875605508587,1
0.3983475896961468,0.5074882315968983,0.23564537138691322,0
0.45982622680144614,0.8040634871703094,0.968165895872663,3
0.22322291514827253,0.03589242213983057,0.519855844417426,3
0.1829140797081451,0.259928788515826,0.9420323904529841,1
0.6711101551582684,0.9643787370833543,0.43965620300486663,3
0.39949450207258475,0.779774032051585,0.020348157451142157,0
0.6759540066515954,0.8474357882075356,0.5242074101094529,2
0.030914754252919008,0.3721678471669061,0.6076388399156927,2
0.580049296301558,0.7650918046213687,0.9091952892332518,0
0.37355915906807347,0.10904266035161436,0.4281300009208344,1
0.2393221647118079,0.21807365875231388,0.019103651660649312,0
0.265136924669753,0.10076467740217643,0.3795592023337714,3
0.44720199351447354,0.15147087909995682,0.679950027452462,0
0.19131000757003014,0.611193548847312,0.606300556301218,3
0.41205395787785715,0.11802109450386755,0.7470948062889382,3
0.9135103217021053,0.7038921673956587,0.9321193790614473,1
0.014803953460633457,0.6979571923726132,0.1834257404111862,3
0.11031418613017618,0.8499501481498624,0.2790516709695322,0
0.8774671175149479,0.22984029704553466,0.8766465265063295,0
0.25780958092117,0.3435528596373346,0.662807569476954,1
0.6209756906279402,0.5363002762202561,0.27501531481321906,0
0.9877738781687966,0.49561715339099277,0.3428973385855184,0
0.904094646848685,0.293564342970036,0.770077268182281,0
0.3649861142515822,0.6115580496441521,0.4196672692617195,2
0.3429196110088719,0.35156253055977893,0.4294120261354696,0
0.8750442111874804,0.8968806793274241,0.6456257015565404,0
0.537238500932783,0.6600581259512766,0.4932376837583242,1
0.5688197893812216,0.22249565347674927,0.9888755927548483,0
0.2316335396467828,0.9483230484643044,0.33588199135254226,2
0.16542654160554016,0.5842643376761861,0.4399011869303706,2
0.765123423647021,0.4868688440991005,0.5367153754693353,0
0.7810215853845506,0.11220106318787537,0.05157093782032829,2
0.8681002660704049,0.919637285658844,0.39429531352694636,3
0.3895507600861803,0.21831362206527216,0.27069410221979906,1
0.4636252562622789,0.9860977682804071,0.1594141633606534,3
0.9487950117817273,0.7946580997521636,0.5047815973175988,1
0.18564268968416142,0.8840241309331399,0.33555506609897734,0
0.177883070495919,0.3083461683729233,0.4157023854107884,2
0.1034409244322183,0.9686023418759041,0.6653390646582755,2
0.06180098618623431,0.6913406535588683,0.5019291466283291,2
0.40708916562096487,0.011706719922699005,0.6301019490667114,1
0.968278687084776,0.003226154334818765,0.1669530169941441,3
0.36647367385668483,0.14466896796302176,0.5713209339959769,3
0.4416706199489163,0.17355864122149356,0.33613756610927004,3
0.6949800130548767,0.03565430916607237,0.45583491251888186,1
0.527575468294608,0.22640148506514324,0.8704046900815725,2
0.9237334749492396,0.3670306575762361,0.3639550972169596,0
0.22828659371710003,0.612163471677917,0.824362618139113,1
0.3316744234810757,0.6443716887536716,0.8556531154153009,0
0.43579979889579623,0.24948847291727483,0.5224584244257303,1
0.4543764723285676,0.7861322177250584,0.8905406017142298,1
0.8885257932829027,0.6880111668568021,0.6029552324806898,1
0.772979855144985,0.06207966775888407,0.40446455834644957,2
0.7030377171744643,0.06535715946753651,0.9084889140824555,2
0.20326665798272592,0.712208558210085,0.24974354833935053,3
0.017278771782658353,0.7880423680484894,0.680595456634526,2
0.39572422426061815,0.34154077863256127,0.5922101150554061,2
0.28779625196665803,0.1753864274693061,0.6454338622571333,2
0.25966142022238625,0.3358840629836557,0.8195134942162489,2
0.010985046100788098,0.020204355401490348,0.4251666121185107,2
0.1524988176562988,0.6255215586737788,0.7521556215117117,3
0.7184887495291042,0.8383190018598206,0.4987687325836946,3
0.8921028154600554,0.09941116957083329,0.06650928267690115,0
0.8782670087866999,0.9821780861685664,0.9107183616347585,3
0.3196212046097341,0.19059652207287714,0.43955069134730373,0
0.33309857078611804,0.30197678066517963,0.856409068238611,2
0.9864540752120793,0.397772592106327,0.8463809090707127,3
0.8948161283430788,0.05454467843280786,0.6223592421192184,0
0.17056876153020917,0.4065440010507251,0.08763340295438982,2
0.21559242359430297,0.07110336650065963,0.17478987866519857,2
0.5667798408806758,0.8877496860064651,0.7956182097719304,1
0.002619203804374415,0.17562791388917032,0.2689959600136297,0
0.3376660859618973,0.8619064680465969,0.5734917443652359,0
0.4563565500119411,0.11380646050361887,0.15120031698791947,2
0.8166589938982114,0.15692899271805127,0.5926172480519472,2
0.014822297614819457,0.6326838857782743,0.7782696089635053,2
0.7919386510075358,0.11448376329148946,0.4303251572656863,0
0.43563478988869964,0.9542537985277223,0.7270155982742276,2
0.6435707109773523,0.5031313073225782,0.3012113765333776,0
0.535252290587613,0.7175064136474495,0.6640515443298735,2
0.367203730115348,0.6824267413078318,0.3412694630063019,2
0.006271482778935855,0.036277350572903044,0.43516890561614296,2
0.6466789540986513,0.6013674244537571,0.7905622579706019,2
0.9207837797869399,0.4313805365662936,0.36775799921300956,1
0.922665951805371,0.07412978627435662,0.6960244120134034,0
0.4617143178781353,0.9459216043431239,0.9182285946994871,1
0.7297772230235742,0.13019405125212302,0.8689639847321242,3
0.657866016901556,0.12498715935762861,0.2702130572294362,0
0.5124472087276294,0.8034360389610017,0.3949481167908332,2
0.07111820614602882,0.7900426533228943,0.7259646911478831,1
0.9032990397161577,0.9910519369836277,0.5845619569353467,3
0.7015988606720551,0.7815383861405668,0.0856801598003265,3
0.7708607755006582,0.31485191759890463,0.5749168070170417,0
0.16237216268389398,0.9450277530602083,0.6001967078950087,3
0.2511097788852774,0.17324906625309855,0.7187095113707821,3
0.3451985108610639,0.5994614963889773,0.7354698263694218,0
0.3109331501529614,0.6085572944401123,0.9994601730069453,1
0.004696418688142523,0.034119528712747704,0.6959924789972926,2
0.6009647495105792,0.1808164876947852,0.3761665198682854,0
0.8193696563957048,0.32043827437395367,0.05656844383541193,3
0.09274552342569675,0.15478932198296336,0.9524580652657878,3
0.9561226427267474,0.09170095511737197,0.2691880950180964,1
0.396303598721261,0.2047146533549531,0.7256732715417245,1
0.5710955676324204,0.7728820813543062,0.05077576298760622,1
0.5861089857397787,0.652654936211858,0.3028823994021871,2
0.7917695556512788,0.8927270681942153,0.9692799631955521,3
0.8864398104813236,0.2537916397166784,0.05179047003991144,2
0.07249448327663788,0.6499934236699805,0.39435184257949263,1
0.8299407890641499,0.024304390900188988,0.07878954633709234,2
0.40319564030147803,0.14400778791866908,0.7747777678318932,0
0.9613599572822357,0.7523930081224712,0.2455781706005531,1
0.41179059260189854,0.5387146666919833,0.11314276418773361,0
0.7218756493782463,0.7635193637582918,0.8096356831449333,0
0.21009595124961344,0.601694682368446,0.6669636603241411,3
0.4425751132614665,0.04551244661605702,0.00729613888286984,2
0.5926961317749992,0.8528236325209461,0.7457574160823979,0
0.2149153791899887,0.42836482623873595,0.8846884796148258,2
0.7079280547880912,0.29860061708349206,0.4949160031134854,1
0.7305797109268952,0.3848137217926424,0.24507016545618077,0
0.2794874152462453,0.6946368433548389,0.615877218959987,2
0.7271505196127716,0.28589029242684927,0.13710778481074415,1
0.555118895267692,0.9629426483756451,0.11858690313330356,1
0.683948820284194,0.8865960977200875,0.13559023737645903,2
0.544984497008231,0.6338828289620101,0.25710438027758975,2
0.015180697193622583,0.9372640889960738,0.2688456549234266,1
0.8923534652057244,0.24373162439801044,0.8316376274383979,0
0.8352488370933547,0.4510974717551768,0.8036153080991446,1
0.2589919785263166,0.5102284883139404,0.3270347615898773,0
0.21983652828655542,0.10925673790496193,0.33445087547369157,1
0.1240101173778344,0.7372239704948901,0.7395793104211607,3
0.7888616321799488,0.5129203096046564,0.7361604111365544,0
0.8559869965575856,0.748744747852143,0.11792033247988076,2
0.835801484496696,0.49703347646637097,0.7954698250749839,1
0.6113474137219982,0.4635979511989581,0.13460130170702567,1
0.36618530463688015,0.8960337367668677,0.19504901658548024,0
0.9803860399389459,0.015490514087795115,0.2632168883780127,3
0.6787664044557444,0.8404961031318099,0.6729022513112992,1
0.45319209181506936,0.4564591929066436,0.4303583443148288,1
0.6447013290468039,0.7054241735513093,0.6593291832987318,0
0.8274014753487842,0.632255389870531,0.8713348865159644,3
0.6587896386881066,0.6509297140859809,0.22696565842378424,3
0.8609895749698605,0.8101641555087243,0.09746227379918426,1
0.14040326773685796,0.1554955903856804,0.277645175451139,0
0.23912145031030474,0.7281173017511907,0.879020831011103,0
0.005632737812896527,0.697844619057303,0.7453978911801872,2
0.9831288282317256,0.5525042488562992,0.17531133023584577,1
0.5963269749682943,0.5050942335643739,0.9506270281127864,2
0.2578850330489503,0.6281913152980737,0.24893209393852456,3
0.14656543763777585,0.5611985293286751,0.8196997479129265,1
0.8075833071388953,0.3678907749579027,0.962556733260629,1
0.573796290666358,0.36355740539077186,0.949238566393068,1
0.0046921494413803,0.623636143080899,0.8919739043500123,1
0.14938617465096715,0.11684091696617072,0.7909180719210871,3
0.8712555322452235,0.44887385172311767,0.82592517042362,0
0.5672424754757263,0.6757769515726142,0.3212106058649761,2
0.39174537627454165,0.9325642194975876,0.8108943693480889,0
0.9714871840009642,0.43129607821938043,0.07438687313984937,2
0.7073014004272584,0.6038248443705378,0.3560027876749904,1
0.8201739066024099,0.673595415274191,0.3541156026038115,2
0.6472294724500522,0.06047274521753243,0.36553797959376166,0
0.6153602286132998,0.991149230595114,0.47991696140478757,1
0.0062369493414848876,0.9333192948643533,0.6742078275800037,2
0.7373080460058471,0.27280066433155525,0.7308578746543012,3
0.8050791233007041,0.4398821936203531,0.022710730317601513,1
0.8011032673628684,0.04685626878433491,0.7630112327905936,2
0.38205428119112395,0.4590996887107126,0.5461892811010434,0
0.8402381881923786,0.047536618671610076,0.15045571248616596,1
0.8889408598113455,0.3360985192258341,0.6627609586763452,3
0.43245966046852535,0.9278919422862811,0.13419364840609993,3
0.3381849358289599,0.15331854932830669,0.16151760673223248,3
0.39214418548915375,0.9922655520328034,0.3097854557243086,0
0.7298920602064018,0.4164653559271593,0.9356197921156834,3
0.20620846639591917,0.8456326246520942,0.0013202961900133925,0
0.43155524784411214,0.3072394863997816,0.7561331177705476,0
0.9837006161822955,0.518446256202438,0.40847951993196074,1
0.10113037325020735,0.5600880615798511,0.8260281764149027,3
0.5056316764469829,0.2578846988495792,0.07504327881361006,3
0.044935013419779346,0.2975434587837157,0.21835215389838214,0
0.507504804292616,0.08597518753820166,0.8533301434236521,0
0.0627920548149341,0.18940939349625796,0.778225303167715,1
0.04156545323949323,0.8485114127550922,0.9559131540611783,1
0.5058149612483677,0.898451147841366,0.7416589817397091,1
0.8953730724435403,0.45353274079401473,0.6327241151611452,1
0.740315856454988,0.29709275075887265,0.08604222994052746,1
0.8381970312853391,0.9892863222235228,0.7243337162093556,3
0.029118337092938873,0.9040427438824243,0.492445408776918,0
0.4016942525602104,0.2132050397458526,0.13925676106872564,3
0.8118834934841141,0.8041828137989354,0.38470099930608803,2
0.2182826759644052,0.3615444128311007,0.7574360159057194,1
0.20345337990070067,0.8404555684990608,0.3888996949308704,0
0.7113039631876193,0.8791922667259907,0.039955063403563806,0
0.8269489377217174,0.6506678469566096,0.6876166297276579,1
0.15312265010963666,0.04395030226181662,0.01443497021740836,3
0.8933845612797716,0.785992313266271,0.24085127204372658,2
0.5320528672597715,0.8423520300985533,0.6958687342075054,3
0.8116809616302698,0.6034172251036601,0.6336906625991291,0
0.5438120634370989,0.8258719223434344,0.49721490196649587,3
0.7761371694803361,0.7910124403788267,0.7427580442373687,1
0.18428790168716336,0.5875097557869041,0.2632914205901883,3
0.1563798487325766,0.9899611617304993,0.10646983654538533,1
0.8941143544903487,0.14366423521335936,0.49883830450757316,1
0.1128405171339778,0.36583823154431694,0.9347135896156825,1
0.38127127951237494,0.8031718894547838,0.10797328058991706,2
0.4936958403254711,0.8752220395914556,0.8205912136171387,1
0.4410440436702655,0.926211987624566,0.3001722942139896,3
0.9791818320850569,0.6387745073637464,0.43135104686674497,2
0.5311219543299766,0.9249458360302081,0.09212303123289212,2
0.937221634758084,0.447775553103968,0.7486002786583751,0
0.17397830780760615,0.9874898334059496,0.27914427691676746,3
0.5963654187475024,0.9829319854185694,0.27014982206677784,3
0.8404300881525545,0.48109008307444967,0.37565764861693085,1
0.1260664254234668,0.7039061132672274,0.5949075788821518,0
0.3778251118832857,0.2571271951117823,0.8093791041001344,3
0.7252929696840712,0.6270068537091669,0.9142355580515081,1
0.0979829385161688,0.6799593867632,0.7983286759487201,2
0.4013058311156589,0.08075421884135647,0.5033459876873498,1
0.3730124921107021,0.09093881719121244,0.9635890483505521,2
0.8109002524092593,0.9800978513385047,0.4392239258856575,3
0.4721270113863313,0.19998681221110715,0.8655747252429562,3
0.933265816294925,0.3291733341399665,0.4361106041901305,2
0.5463762137190883,0.1658544907686157,0.3006266896825479,1
0.16106580950162097,0.8341641062550202,0.9093497409720853,2
0.4097667927543085,0.8445777636084013,0.49336045665533557,0
0.7789346227412031,0.5998042609944813,0.013684861967149242,2
0.17009797424781248,0.07090706742725161,0.7875677230464003,3
0.46854064543800567,0.3495965876603756,0.5937859346737488,0
0.04041015883451293,0.47281676625761326,0.6128530005664447,0
0.9156633582184823,0.7731956981873895,0.22494840591701126,3
0.04700100511337457,0.9174151861208005,0.756834154007361,0
0.69836245452005,0.3466332203288125,0.43169948424645344,1
0.5198826776279,0.3894010588813721,0.020307481528498816,0
0.8663230936247538,0.520883996121965,0.5781480911032595,2
0.14368758468239817,0.5340729988103301,0.7344753212150722,1
0.38953028057653183,0.19052028148408584,0.6319512162148698,0
0.5808454816472907,0.9465605655712638,0.0885014498970671,2
0.6340967066817655,0.8091786328331907,0.43440263390634404,3
0.24295652397059364,0.37540007779293816,0.5151789989961439,0
0.9597336870117102,0.4989375209031913,0.7580677511266223,2
0.3778397499060897,0.03214740512827852,0.06765522505707322,2
0.794294077198658,0.08571857126887628,0.9906878696184552,0
0.6693290811595237,0.6047509293708083,0.395875181900319,2
0.4551550259928768,0.11502027048889063,0.6839803520258907,3
0.40567087792992673,0.27997617489005944,0.02570429650127548,2
0.5421036062153635,0.5071556019093645,0.7787028973580478,2
0.42964567409992693,0.9779864172121016,0.1537466454873746,1
0.026332516196115763,0.86799663128542,0.7799141249090285,0
0.5122935072548374,0.7881719675769447,0.3190746728831435,1
0.933160490728189,0.8636111613793058,0.10030218128480828,1
0.47970142542939975,0.42238576979024367,0.21621961869042094,1
0.10480007690566973,0.7487160955369557,0.872413973383265,0
0.19052274380295486,0.6844677461665579,0.7054866661605351,2
0.23231241045263018,0.8296806973182704,0.1469005184297697,2
0.5229599533771133,0.8549129559003054,0.589606316555911,0
0.848770032283198,0.8517472129193076,0.6301282373581021,0
0.11491952267921746,0.14384208011674338,0.10035737815716095,1
0.8204806002663884,0.168884632690935,0.31802025792296207,2
0.6354375134312477,0.123523151986913,0.04325175382460422,0
0.6903706115638425,0.18367384041743484,0.3172289512512749,3
0.07060179264643396,0.04196848668756825,0.9441011571455964,3
0.6690580259445934,0.7482972060419757,0.5033395592939163,3
0.3899701240828183,0.6054192653485377,0.615826497866,1
0.6628020611774168,0.24537335481677958,0.019494821852996447,0
0.0210011578743573,0.8270528903579188,0.13527010072957513,2
0.3720859687679967,0.9318732024906204,0.207456015087926,3
0.1928270631936203,0.7769586068688777,0.32648656025612033,3
0.7757143707188845,0.6266767172774126,0.25526219278394524,1
0.9678332566618628,0.22516313790905407,0.10066657223938413,3
0.9811796429895813,0.3008536230222124,0.05881668335831214,3
0.6254782112261756,0.33711497798899137,0.49414480829860474,3
0.19396472398308717,0.41638936108653624,0.8088557241116087,1
0.5945139970963088,0.5900664899820708,0.1617696452087034,0
0.13146453573756178,0.25859617275338365,0.7604012296105502,1
0.7069940447185796,0.8456121479997009,0.14861599682130255,0
0.9637695880461146,0.8920820407420613,0.6404901213024946,2
0.3426813878949383,0.007655190919694577,0.04576275801279717,1
0.44585928103868067,0.9601870776686509,0.7513030477139677,2
0.48409892207120675,0.0797407439097263,0.21500013438088672,3
0.44714581279333887,0.5483650121038905,0.8820896308921528,3
0.8047547035254657,0.7771725664392141,0.46762043080909277,3
0.7241816559284244,0.23123285739504318,0.5635199142986561,2
0.35477995717254696,0.09364920861643578,0.438285806313057,2
0.5275897858466737,0.2901510233278941,0.6763589216415735,0
0.8176910577380474,0.36153307993262873,0.2230191979928352,2
0.5703044897900126,0.47542411586778666,0.801731233746953,2
0.7723674224693124,0.009855275922736939,0.6260909004331752,3
0.19438406011718767,0.30426472176458286,0.3102568109829148,3
0.1741313013234752,0.008058945367341086,0.7192407896534735,0
0.48238251340244154,0.1493812291969253,0.061730929567703874,1
0.8946554999736845,0.8768859093511828,0.7734936060111405,1
0.5877534959550832,0.6017210674457236,0.10385284839047104,0
0.0974425329874723,0.5108976697555171,0.1753050257556762,2
0.33043646372000135,0.07892810220700697,0.5139046235357072,1
0.9743658504380401,0.0509633643313665,0.8413457687016063,1
0.2648006272484189,0.0659371508527945,0.6409265330563454,1
0.8990909546455612,0.6772797291110955,0.6617141735175142,2
0.7238833123937242,0.3743696226493294,0.14330768611995215,3
0.009296697501839923,0.650204235926613,0.8581101404309014,3
0.07273577462242731,0.5481371404506002,0.6975685871805702,2
0.7862614204107629,0.3975322570087093,0.1420844786086185,1
0.8036594935546202,0.9980691205203952,0.46362956744875716,0
0.5901788212807335,0.27507175874493517,0.17575869450868975,0
0.8444056532060872,0.927207097646057,0.2860060329633789,3
0.5072751513523157,0.30334023467357474,0.1363921427540502,1
0.9209883524498947,0.6370387113691726,0.11652031176632738,3
0.5819336774954247,0.12642340814025332,0.7713600560157567,2
0.4047045257443451,0.683039014348914,0.15740457088220206,1
0.010149763146038215,0.5583155820607071,0.884121919597859,1
0.5564837659898741,0.00120967615818246,0.4780173699156822,1
0.189631621622374,0.32271111230347904,0.8229472278593416,3
0.49776453791157316,0.6088983557490094,0.5688796554538263,2
0.49014034453985666,0.2769094940376602,0.029360904666244636,2
0.24609145469395521,0.26806917058636015,0.11442174819429884,1
0.24709112900573793,0.6441402904716932,0.5906520282061523,3
0.30209795314792043,0.8119878936377171,0.27162419413804006,2
0.6691283662946343,0.44846958877753573,0.15369770269071004,1
0.9857930229232889,0.10208953309221769,0.2645946766341277,1
0.431116582581192,0.5184015218969665,0.8276336907504996,0
0.7179102052215669,0.4250054505622235,0.2581010420790807,0
0.85540612712925,0.5202999446342839,0.0968287215473379,0
0.8824512587093533,0.40047083232663194,0.23109838357974433,3
0.7702650756719396,0.7358514568984784,0.053190622718567115,2
0.4060826082653842,0.7541434233896327,0.22530879761306777,0
0.6159249517332844,0.8985128850638752,0.025779122629734363,1
0.49711543477368125,0.5387718503091943,0.811293579248085,3
0.2354795686212252,0.8385848249391884,0.5887582437598133,1
0.9223255186597161,0.03710694320129915,0.43044913423832887,1
0.5314549975158347,0.5974131516699295,0.4282449857907199,1
0.025781441312581754,0.9292917431171717,0.5701743777727956,0
0.820811358694357,0.7443630791670149,0.05817490762240385,0
0.8897050488097598,0.4679213160543979,0.5785326640466224,0
0.48155399605817883,0.2685998161625235,0.6551221725205055,1
0.8514535252034445,0.13474990199799042,0.008783310047965842,2
0.033979059535242495,0.6765362329364881,0.5783733779188178,3
0.44947451131147664,0.4850637177544441,0.8940246716126358,2
0.3476345496981229,0.3209876295301717,0.11953709062895779,0
0.19807045273407864,0.46101755499612085,0.6064529596415462,0
0.8404302715106644,0.4382379989570375,0.5945039937721651,3
0.23881251910228596,0.6417324572421917,0.19903317751395966,2
0.8437877761573938,0.4079431964021145,0.7657290254706787,2
0.8373014512741487,0.040272578333174325,0.7048334260010425,3
0.26953905239036924,0.6433592635971058,0.3458696096941858,2
0.3460389693410719,0.6854875708957251,0.1824962358713964,0
0.9135734790372287,0.1794007805340888,0.3396127908565191,3
0.4091661593470499,0.7342505915503361,0.6218413305420402,0
0.7802307301854179,0.8261114745458216,0.9912862642658627,1
0.15839660927026078,0.8752324506266864,0.617186512100318,0
0.12898791020650158,0.4383013568162266,0.5141239524078033,0
0.40161953575424403,0.057660034519788184,0.5220267299606977,0
0.5110248530799382,0.4224869491698774,0.13533693053029394,2
0.7412785280120215,0.3703000264788764,0.0014334261393593728,0
0.6270766266581346,0.9293209936929296,0.3598113008290539,0
0.6783058053767237,0.32051298936705197,0.16799753962809738,1
0.009118603409768777,0.45632570144283413,0.10009384899957341,1
0.1715331166354025,0.05067042963891166,0.821659317600617,1
0.7359814308009361,0.1521333527923272,0.035901338939945515,0
0.20167701594634724,0.5988823229743085,0.6480277160966132,2
0.9267490226211696,0.11558640212983884,0.5558839476709057,0
0.566612078231517,0.8929333273460982,0.8405949137327476,2
0.8909394809972493,0.8203487334521974,0.5705662188538213,0
0.2464273549039676,0.7647497690714441,0.278286383001356,2
0.2797901626252066,0.2017469924382428,0.511703277703249,0
0.1409655384160312,0.13333695819252445,0.6559031746161241,2
0.6765257748271069,0.6591755434791592,0.491434215010385,0
0.7713297225793525,0.4935850845359523,0.14657753928753725,3
0.3018992691823368,0.8069547212913737,0.5890500507250503,1
0.7686764971898059,0.9093997154693948,0.7599589692371417,2
0.6762436162052886,0.6653364007528332,0.5027892465289483,2
0.7783953175085281,0.7153456790715989,0.08335479146118652,3
0.1540042942649612,0.88291469255475,0.29118369351400086,1
0.477077376100299,0.5708863138350175,0.1002420459169916,3
0.6803313185095232,0.8419642680274093,0.8158723477288782,0
0.8072428610570078,0.5773913147251672,0.5806281612646654,0
0.2338109469581502,0.6421040012968443,0.674550782543399,3
0.23284167939478684,0.3860534662452031,0.9174420433545565,2
0.6166429719118052,0.6518066057813852,0.9931201100970455,3
0.4146103469047765,0.8913555657847692,0.8802048798111118,1
0.9990945940990581,0.9194112619832027,0.3081766183383603,3
0.009213648150510068,0.8672712965534929,0.766679800815163,1
0.16487400206659664,0.5417283824139772,0.3868660804996259,1
0.8390555922835742,0.08179613912352879,0.3371947915549619,3
0.6925317975737587,0.7897424039601616,0.30842533120969406,1
0.38191519466532875,0.5968978878781932,0.19535333982610015,2
0.40833018458798664,0.2734104229406604,0.18435330737094635,1
0.5433962598580302,0.9730163266293483,0.5772650103421706,2
0.059001852260954,0.4579637420178536,0.28779202568815454,2
0.9626389467182311,0.05244616316844164,0.9072906356712546,1
0.542347360462813,0.6737810328793973,0.9615484333906391,2
0.6787385962927222,0.3568180612275613,0.041630516831487774,1
0.3780532687684979,0.3773304248184729,0.12312738574630477,1
0.0035394165669168087,0.02230529059223374,0.8900499435417745,0
0.18249999212144796,0.6432685825035956,0.5794337246968458,2
0.5545676525332016,0.9345179426547505,0.45190281601101867,1
0.7012350264891137,0.9416995058901014,0.2880892449365813,1
0.8384144422303785,0.6952504133248973,0.12196091337877268,3
0.013077510170231288,0.5085595059610482,0.8558330777305694,0
0.28281840789154,0.34663088026345723,0.5442186653308227,2
0.9866551096152487,0.2610609709363174,0.09961524235457686,3
0.15441048246469768,0.29880192956107876,0.25959454132691406,2
0.2080541072746388,0.11717319092173739,0.3898576921326429,2
0.6458620186741303,0.37604571604717973,0.6360963829001294,1
0.9607754686159442,0.942084740860877,0.9619166915390271,3
0.06960612917685816,0.8708488175137997,0.4368346055623492,1
0.6212131247464843,0.47059884961187504,0.4586267474827569,0
0.08056247072597156,0.09613269538831593,0.8573797897237847,0
0.8982323306249953,0.9471990187083628,0.21140676802279057,3
0.045317285911455785,0.602485852781097,0.23726967675073485,1
0.5071388082343372,0.7731676623084356,0.725778379770153,2
0.7465553877990684,0.32453394399593727,0.26901471495027507,1
0.9548577795870509,0.8413032252125741,0.9593356893497558,1
0.9872078587190588,0.46113541272168235,0.5951524172618156,2
0.9296696533935324,0.11544965205775681,0.4091325280242686,1
0.296958440901507,0.8185594890330138,0.975049554551155,1
0.3086263549129189,0.20920983867234422,0.19644808934581226,2
0.6169905024846435,0.4725055610590593,0.9853482783341637,1
0.278317233079869,0.7575846683754781,0.6378022679006483,3
0.4307309139018797,0.4979970431430494,0.8528622812811589,0
0.2267022871256491,0.3447611384361251,0.5419719177789087,0
0.9682071292506478,0.9785937026679404,0.7142617253085868,0
0.5622180080086285,0.34727699470067597,0.8059801134338577,2
0.8610665626902674,0.9180482949431265,0.541161273292552,0
0.28767361393433744,0.9116596443251961,0.485511862610287,2
0.18631795823358432,0.9716498914096519,0.8422481651692556,1
0.15804088577377895,0.37846290668706917,0.048685197508443245,3
0.21104531066543664,0.24093405495410214,0.3530184532781431,1
0.34730660608936015,0.3575325212026703,0.9430758632559991,1
0.31797295760338706,0.7211498360987695,0.04332962931211359,2
0.08496878511608497,0.6984916222770532,0.6374829466263998,1
0.7579426062144866,0.36279787938342734,0.7297578393940496,2
0.5075349757032003,0.4567584791741175,0.7023743500040518,3
0.42394759521544634,0.5826466060574739,0.48778873115526133,3
0.2852450467989247,0.41289575296367387,0.8764522355721572,2
0.17383630057636312,0.8040869872475152,0.1934213688603773,2
0.1100480091836985,0.3422902032140993,0.8747813467291251,3
0.7003918594015917,0.7088350681674324,0.20986055844820883,1
0.1940366037796143,0.10477579174947205,0.14574637853680528,1
0.32192580071462984,0.341782809807328,0.6642147049653933,0
0.8574458583393882,0.1872451006120408,0.3854210667955704,1
0.752561191412572,0.892255088941569,0.5182948237691297,1
0.24990413219497842,0.7498301551134309,0.6847391222216308,0
0.26039564303322404,0.9992224654575489,0.8427749948287455,1
0.499479757142961,0.4738172690822178,0.6901585870718249,0
0.22098074995556471,0.36560101854559157,0.5688015440996897,3
0.9853544073460234,0.7105446148583631,0.7889416891489688,1
0.08577834526411532,0.6528277397349015,0.29778706602163585,2
0.8866529997620392,0.6232916516958537,0.8303801677380388,3
0.5335024883700298,0.19939480368183016,0.5141877480728847,3
0.06580563483005653,0.23316362172327731,0.44274548679572023,0
0.5734718916677346,0.47385594404647,0.4909616547421213,3
0.4723980891902009,0.31683036081110383,0.8474703460594533,2
0.4112472665794773,0.6237709933031758,0.5167299341770383,0
0.12640806831254636,0.18425879536967893,0.5982490085395732,3
0.9020389886600895,0.07939371385417837,0.10843506703093175,1
0.792101018750346,0.5213328342558584,0.3528190586189187,1
0.04922974492021026,0.005262296822331702,0.8001972514427895,0
0.1534879100527401,0.9733503235292266,0.531290237516006,3
0.3249514117667185,0.5089124276074235,0.1350454508031872,0
0.1868932339472138,0.4342333837835849,0.5005643587509457,0
0.9251204176271504,0.758578745886363,0.016095258657489064,2
0.6620269114628292,0.20810931202570848,0.05718361990805454,1
0.5108557998183519,0.8323693715728226,0.652247431650504,1
0.957931504554653,0.882681738136793,0.9492890562223443,2
0.6373756537304129,0.6154536378440972,0.34174994322745855,0
0.032405853765550496,0.24998598045297526,0.5604463588616981,3
0.21294257642038195,0.5482856175522487,0.5233239093253145,2
0.4121943489063392,0.47709149308989485,0.3599472943194769,2
0.63841487888684,0.9984298279640549,0.1458880101674649,2
0.19314065829197713,0.3225901356552383,0.6517339429381072,0
0.2511165914461241,0.579573618449977,0.849503865885762,2
0.1319961059368009,0.8151841992884221,0.7437376918336485,3
0.25731102424733876,0.29470116292069304,0.15320427253065338,3
0.06213275080773417,0.43716208052006256,0.9318749793364077,0
0.2561641919024036,0.886160047661522,0.8098334756735316,1
0.8531555043744714,0.27815005776544344,0.3009912012521191,3
0.9967434731110917,0.363724572158445,0.9003392121125897,1
0.6811012270129504,0.44658283919174735,0.9783415596028934,0
0.7925970273951244,0.914835762061833,0.697834002704075,2
0.3357387713653782,0.7394692635895177,0.10563437018278765,0
0.21284767580613684,0.03675858314974678,0.265772555962948,3
0.9132163249305223,0.7109223518365385,0.9334608176156165,0
0.2812055629338529,0.3087678858555988,0.4058063780237332,0
0.42121539066357383,0.18106621276087176,0.739610138774591,3
0.878160698907781,0.3180220718754516,0.06188244041980351,0
0.09066038410781418,0.5180511507735035,0.6873474295989316,2
0.5254654659621845,0.9703331337140254,0.4442152967931755,3
0.05408894868784486,0.04831169116077827,0.05167033326835746,1
0.5169640453991236,0.8299549168778989,0.588964752872672,2
0.7744090043506384,0.5984487333392682,0.9557783911863444,1
0.23589077620584642,0.5113712663372884,0.4418169093366331,1
0.6500571699763964,0.49858962508692173,0.9157522144349539,3
0.3463347240668987,0.2778137007988034,0.09683870332849343,0
0.5556455533286713,0.7929326691803283,0.07391316259754088,1
0.7019544275312998,0.5232835657117189,0.19338250582083916,3
0.8075155738193918,0.108134771852339,0.1160823866540146,2
0.5146159099481997,0.5663391332831655,0.3298404264426802,3
0.6566164424738586,0.9945241559500426,0.41703934782119145,3
0.34980837385308994,0.11889513643776872,0.5353094369472431,0
0.9231556795039517,0.944514216476983,0.9180059554976616,1
0.7759781580783457,0.9137679992405207,0.336977560420741,0
0.9671099399471353,0.24027289354365178,0.5152346104525192,1
0.599609850793827,0.6796414794664194,0.7815700743579858,0
0.07969243451862773,0.6006804251335138,0.916496601028252,1
0.8663750066608275,0.7917120347793597,0.09867683785939951,0
0.03604373130947036,0.7587951254057677,0.47694327063158426,0
0.07220577280328644,0.434894432831994,0.8100596546290793,1
0.1451668832798486,0.29661506958316053,0.7116773546877173,0
0.29944018477638557,0.6380797714613005,0.767428128659514,2
0.664716388158107,0.9833432815081917,0.48341596914937257,3
0.7208375089385773,0.6491894624279287,0.3866144414054695,2
0.5720087836399251,0.06281377906225982,0.5999919086942515,3
0.389540913015029,0.3053991674178457,0.614471387715945,3
0.41631627339984023,0.8448946605152441,0.09673449518803856,0
0.1362085434273671,0.8828522560342437,0.5253108016523073,1
0.8895893427407544,0.01021240458664796,0.5770880920000073,1
0.3836752529940579,0.7729751620593815,0.2914111348865971,1
0.4379087975840834,0.4894166606467436,0.3237805910290864,3
0.37818803993007355,0.15304723911211593,0.7850630951164093,1
0.8668064672243532,0.7072654466462385,0.6788916120505786,0
0.3455855884000937,0.3525578951313566,0.40230840376472055,0
0.41539842039720465,0.1751978002315041,0.5920571380092082,2
0.26257784163648656,0.6736592070093164,0.7456728977712992,0
0.8295573476668173,0.2916894190552699,0.5012219215518046,2
0.9932102288082371,0.7188562250021543,0.6554778606554194,3
0.4537578789605736,0.33940369318249797,0.6512479914209875,0
0.4244371606505434,0.6919186481966905,0.9455177347062071,3
0.711329431310548,0.40510757364876615,0.472108974565127,2
0.6798369582434591,0.9989037419409484,0.1766598268312013,0
0.6776588496824693,0.3938520503445787,0.6827696784900333,1
0.7586086398588231,0.5931314381397543,0.19439244813749268,3
0.5384580316050082,0.20534125650795032,0.4658413270638667,3
0.5878386732318148,0.7415439918862408,0.4232114781829943,2
0.1683707567406515,0.7354766925517645,0.9576280871596444,0
0.6198174331395241,0.40190834751440474,0.34229692692190694,2
0.6032680459087999,0.8419115797075953,0.4644780919458722,1
0.020441019528370075,0.5487166770484413,0.13700129529824223,1
0.005394730379042478,0.15222983502828946,0.3092270613620357,2
0.7189389462420969,0.7288504709769982,0.7501456360197518,0
0.6973776089042574,0.5435958908888229,0.4333422475974308,0
0.5306494307234764,0.5039025468061766,0.5184137634913296,2
0.25502317921842144,0.8661749289673618,0.4085666039578929,1
0.11365746052821168,0.4193557804988549,0.07231962418405602,0
0.7748998160195977,0.627153841045475,0.43263808833008155,2
0.38311165114391776,0.626237867516747,0.5277430719714045,0
0.20646935380810705,0.6161175647639301,0.6124860722398601,2
0.46760277583011745,0.48886832493426513,0.5342485603730825,1
0.7360293596015894,0.8188090707116207,0.22876343544568778,3
0.6769801830002639,0.45418003892098835,0.6880857431644423,2
0.4457059226723059,0.37526618609220896,0.19366146143129448,2
0.5083774831166534,0.16706174717029576,0.4946680955163726,1
0.9008698602328834,0.01742362364808625,0.7734983762957715,3
0.27256354722577913,0.39199324312206585,0.9260487997221664,0
0.6006914369745644,0.4868084119170071,0.42581007928751147,0
0.7324542984593931,0.023697961025927472,0.9949375505281158,3
0.3849311536797989,0.5375946157498525,0.7416451844963813,0
0.4359674612390063,0.8928871696463054,0.7568630320850044,0
0.08715872244659395,0.5891493295528216,0.4541503080741991,2
0.6118264130312827,0.769048238114863,0.13792888823587024,1
0.7320516586473987,0.799259138673333,0.7184556147617532,3
0.14600901759157858,0.4136134781010249,0.5733315497519338,3
0.26702921321675976,0.4706905940728585,0.5746146966681512,1
0.8841943672591215,0.763734988088343,0.9474626102686199,1
0.34184542967412845,0.17353312891288297,0.8443784192478261,0
0.602921540501534,0.5533131324019059,0.4808182622398205,1
0.14534996247339083,0.2502692873306662,0.5746960759906842,0
0.02630442659181187,0.6512752463187287,0.47943724716893665,2
0.23287071275178173,0.06561535232422755,0.4455072568615527,2
0.7169095827282822,0.9854916353001851,0.16899239061008686,0
0.8385584351620854,0.3921263426627152,0.7855362558879645,0
0.23772892628756825,0.8505750610181039,0.1444336852098287,0
0.5132085917816557,0.9721168906336698,0.687688965700402,2
0.7404053536644267,0.10738251494454643,0.6145032505768492,2
0.617559783329454,0.6346344987975016,0.555920022602016,1
0.4878554924926769,0.8336764062867543,0.8563054814839695,1
0.880717250505936,0.13755833901366366,0.16485009855510246,2
0.20317073366897886,0.6941763382513385,0.45547271712956194,1
0.24094877551668326,0.24954590842895696,0.2924978360784436,3
0.14076808953463493,0.8497265994014687,0.5640509889426035,0
0.3994498674949487,0.2872725671688483,0.2973559216855829,2
0.4455668711090486,0.23316726401453314,0.8383488597304177,0
0.45549224745063044,0.5998704880294345,0.7027408059226177,0
0.5010032346617308,0.24130029002688613,0.35255359126274477,0
0.09959538016075375,0.491924303800259,0.19006624529768823,0
0.6481199463879642,0.21136046225184346,0.7018744661960791,3
0.5655857879118069,0.6803307501231114,0.8385997070951132,1
0.10921524522621173,0.4647786407216018,0.7881720573701496,3
0.09858031826745506,0.3968836783748191,0.9944462556037496,1
0.7766103081014832,0.37404269876615337,0.647143783965338,0
0.7974936092935906,0.22406524614781853,0.8881553881793377,0
0.46686855130721183,0.7300417060149078,0.4390015518353698,0
0.6627420896789933,0.486746891713428,0.5072847871755881,0
0.5899473538680432,0.37382537757025747,0.02985087133522324,2
0.6202006831562337,0.9455523474003634,0.08611809337326637,2
0.2024318396466176,0.9313499585313968,0.254710724354441,2
0.05784332409235826,0.9287620544203192,0.17921656149442455,3
0.9577746369230451,0.12235818190521741,0.21867822903523348,2
0.41429707462656395,0.5575886731367079,0.42603996321374005,0
0.432019469155149,0.788582817003984,0.3001429665476143,3
0.9904429288118064,0.5378505694282636,0.13592604297351907,1
0.7369372276488803,0.9663800967921311,0.2652514497363587,3
0.027886524022038617,0.3153973017243925,0.6207065014651167,0
0.574693404480727,0.38184208609809533,0.14504991495666075,3
0.8963635150550888,0.2464190778660058,0.02448685727887756,2
0.6795125393662067,0.8298698371391273,0.18631020622555616,3
0.9096036363126714,0.3318647956710197,0.42399967253255,3
0.08244532228412316,0.01994274977532784,0.25930344283664863,3
0.49943187515032716,0.5054280306394697,0.021083634275091856,0
0.6457155984427266,0.9579921269488354,0.14266913079315557,2
0.7940192873059287,0.41080742422518934,0.26302976498128516,1
0.21334287951077213,0.6012878732157572,0.525839896476542,2
0.721030551427716,0.23374213677012512,0.6562072467262373,1
0.7350971433854431,0.8873232762623202,0.37794624637565655,1
0.7599161484675354,0.2232508816898785,0.17571510065804086,3
0.5271002119304203,0.8242949175718968,0.9201046698756346,2
0.6472413512673606,0.2198762040689345,0.2703999538806624,3
0.6853308793174488,0.3345697164584649,0.8021107590828858,3
0.2262426623149124,0.019838773303481827,0.4020051271476631,2
0.608249739966027,0.73464421212836,0.7638463959992343,2
0.245682885532841,0.6708377915119724,0.5468135454637021,0
0.5483703862616849,0.6313203913397394,0.3841568422578343,2
0.7079480282141825,0.45968251510433344,0.7435289584130091,3
0.6657568687863811,0.15919068685205218,0.8797443763693438,2
0.21276535522603157,0.9834015097740669,0.2978105280738085,2
0.27319372597075564,0.4175479274238062,0.4240517311612021,0
0.15910557943540926,0.4476907957477122,0.2748138973847686,2
0.287278027508615,0.17842625427310188,0.6402135578827634,0
0.017477972390201213,0.4059298432409869,0.5723311154511559,2
0.4568193700427259,0.2066769971470066,0.9080360154311542,3
0.22589565596668582,0.9125366220072146,0.46296832956819356,0
0.873352125924114,0.7645851875397633,0.32023277291819496,2
0.6029251484441035,0.06781420239995883,0.3989535344320164,1
0.8563319577686561,0.08322317046067829,0.7219564008498658,0
0.947133284225293,0.23434757252216032,0.36802039194461666,2
0.5223171741054636,0.3196581750654707,0.42604850269861405,0
0.9265663058832666,0.2835612569834056,0.672430884459837,1
0.8076113020860413,0.08738019128338237,0.49480867069413836,3
0.668847665785659,0.5397795399607259,0.5065076343810053,3
0.020650282107842144,0.1968944703180665,0.8785951414663321,0
0.4361071102704862,0.1865189418160792,0.8341489645102019,1
0.13754482916144073,0.00337150028102684,0.6846455088569674,1
0.47802416214763177,0.6508524215900768,0.9455872436900413,1
0.6699918714855322,0.301819275934203,0.24568274668408518,2
0.5609664358269921,0.2859502068054973,0.5521385518198729,2
0.6833539685693104,0.4458201796548181,0.4035853452334196,1
0.10612281001754709,0.645230759216756,0.4116818060016262,3
0.18519522824224455,0.4972210413656105,0.117550933019413,2
0.5395285919017817,0.0793239199634167,0.16622530797525903,1
0.018104943288307807,0.8649147450576814,0.410998127445509,2
0.08590458607850482,0.025750466320112575,0.8184559970885499,2
0.4495622403570806,0.3702195567115183,0.7490202665897343,2
0.8681641014770879,0.2513049331120364,0.6931072298698966,3
0.2715839833364435,0.009247944417558274,0.013451806344415007,2
0.8981688689628015,0.5781544550629963,0.041572765894589137,0
0.0791208898232455,0.852301111663003,0.7421644533817441,1
0.29307011960741625,0.3244611081062304,0.686264672746455,3
0.9940056021204667,0.43967761325977817,0.6709862791878914,3
0.6581389385399613,0.03614922008306465,0.16295918201649884,3
0.5221279691808696,0.37077026366806054,0.9515489102017544,2
0.7893221577563401,0.6828281615676911,0.38102284423208277,1
0.6718467061582349,0.4675359091661708,0.5598484001453734,1
0.07432991046846993,0.4906042509056522,0.8301906830387563,2
0.8858102340936154,0.15828813187922053,0.921254759241423,3
0.7336082685985897,0.30324481945190807,0.7376102382848638,0
0.1015467515195092,0.42582036553019875,0.8236261117349996,3
0.20177734797025204,0.6309747331999427,0.595779343321965,0
0.9778308999242596,0.4874463528733648,0.6823021395902332,0
0.20492501448882894,0.8840302589203237,0.09816767496882417,0
0.3685378488054628,0.4589076280909339,0.8512809653719641,2
0.28185425365664607,0.12659326507563273,0.4116002130996518,3
0.03240461064627442,0.8348975538996555,0.446276701101759,3
0.847913016300311,0.6084402547466242,0.3913688080403559,0
0.04862150830076595,0.41648150469180945,0.49362085201019,2
0.8469675447738998,0.12414856988780332,0.5341245309721592,0
0.49322073185200643,0.849253266492155,0.7566462572642145,3
0.2602195957027291,0.14002680187102734,0.34232811104556804,3
0.7140440506534158,0.2726654219607546,0.25593692872049745,2
0.5957490742400504,0.07132386124849821,0.7612081199787273,1
0.34734792774769185,0.4142647558097706,0.08733450744403248,1
0.20375079695963205,0.27531830947142455,0.4171713921679515,2
0.4409690368921345,0.1383453441710094,0.3830443222867682,0
0.760792496518383,0.24278250270991042,0.2178957724759797,3
0.6519311075398515,0.4377807030649631,0.6413450703356467,0
0.9629469581134148,0.3810241905467141,0.4850923347403121,2
0.41095723623704616,0.07455245260238696,0.1517520131551544,1
0.17889670856056528,0.4841602867138983,0.013381429187091287,3
0.5996636743345947,0.3839637200961812,0.331574256301448,1
0.7218182247370678,0.931158242470235,0.8975744252811906,0
0.9815098846846834,0.9340532343447692,0.8225447070626077,0
0.9209703755135034,0.18903137067204723,0.265852646986087,2
0.5368098006931118,0.9409380265592483,0.32647260234686304,3
0.7129770099543408,0.5857354111228653,0.2227641274283112,3
0.7219427266271686,0.01693151039556151,0.5989247964216446,0
0.9718848820309627,0.33648650845060724,0.1832392083658998,0
0.08808988800265871,0.20560285462063987,0.5062088529768904,3
0.09690618767539216,0.8041797064028126,0.5456779394169147,0
0.9332170657091037,0.6213497414996698,0.16754166690223538,1
0.034581659435818146,0.7958952592876088,0.8505576834428149,2
0.670876515875086,0.6063513184889441,0.25137275201667153,3
0.13969925779751713,0.37709808624304264,0.9960380045174265,3
0.8250144690936334,0.1374449910836636,0.9480159154569662,2
0.13648167854577664,0.01661614754937879,0.6243454505779317,1
0.5838309097415784,0.9776667857654358,0.12289764851608209,0
0.5448218263246521,0.3250074567907095,0.060390461853842003,3
0.2641494709965354,0.7252383843780296,0.6308610905307641,2
0.01402460967486252,0.14644055475056617,0.3988615618433048,2
0.10405224140688973,0.1214574871274664,0.6778327379054908,1
0.7297058269177684,0.41603134601609393,0.39937124631472354,0
0.7048224377079686,0.34722359274510173,0.7455381360181239,1
0.9043034865050835,0.4164098875010973,0.1528921102582893,0
0.9548385488362933,0.4502650051672936,0.5643957684457027,3
0.0063196562249179244,0.9977636274315062,0.935790145431142,2
0.8969930302937749,0.019721368194474342,0.4208067209407068,0
0.9346849843314899,0.44181299701360466,0.8417644027768842,2
0.035148207925197794,0.7982857121210749,0.767920568606636,1
0.40609418734067804,0.26068561475628493,0.21558287901480278,1
0.9930054540018732,0.9308631920020213,0.7283061964863133,0
0.739533683005037,0.27696980512230673,0.9316527355485806,0
0.16794276550279164,0.4448146708573534,0.5306107348448564,1
0.17428470711373345,0.6910003179302604,0.29847935136525094,2
0.04827257669391083,0.4540193017367352,0.3285021681254001,0
0.8860417343682685,0.9855717628054906,0.8033341970621991,1
0.6465192114128746,0.849145596322904,0.006339990643469684,3
0.22372077986783534,0.3251479064625863,0.35788055407903674,0
0.6696883364561824,0.9997259497009054,0.7134382359143363,3
0.950167470497697,0.10032203122644434,0.7881288726586747,2
0.47978758788313436,0.4661685300203732,0.7013467674900794,3
0.34320348030305536,0.61331256089049,0.3375253525814935,0
0.6455362130200207,0.6713064795336772,0.4312778890511647,3
0.804779847525204,0.6058734969447237,0.6585203945941893,0
0.38346744234274044,0.5250686244762529,0.6509658038137472,3
0.11188487238407274,0.06267528325744531,0.3635387009526807,2
0.0686811638705197,0.6156107261507414,0.5975016375538139,3
0.09668934922292605,0.9022551821995467,0.24001161718256847,0
0.2613259742657036,0.622596379743714,0.3640123463953354,0
0.8709569138252152,0.4119447144800553,0.20638991273881124,0
0.26683464006103685,0.16292136539834545,0.5521166059474422,2
0.5885065034284668,0.2631218834982463,0.952444952075804,2
0.9291997111050911,0.8363412271916606,0.946366082074639,1
0.6014471153386791,0.1632249261762032,0.8510120500001385,2
0.568136559712787,0.07469568958938388,0.8333835828068397,3
0.30429794025493384,0.7363227497878881,0.46591583289630745,0
0.25692234923897617,0.19846435515025518,0.24536549281440956,2
0.18949120361339356,0.11226450838464652,0.7742100075851718,1
0.33226863189383793,0.5580718570471416,0.8426480587242738,0
0.08580687867219772,0.005347251392587182,0.39465491042962286,0
0.02002461074113704,0.7967463532028954,0.6127400633672968,0
0.7764853055887576,0.13830863738725008,0.09735550377763413,2
0.18312105649639432,0.29948260278333294,0.800718024216859,3
0.8191069608190655,0.5578070706354354,0.7408152662134989,3
0.5328088634624277,0.36318724082915266,0.973270864821766,3
0.08110242494504183,0.4866999397323233,0.1324851414789745,2
0.606691430503297,0.19332421358006702,0.0194957731523715,0
0.9883666392977601,0.16146298486357757,0.4792539522827993,2
0.5297886221747887,0.6709178009146765,0.21459267378445934,2
0.415766757075287,0.1307749942720603,0.1272331428416158,2
0.9610545825346076,0.39047361738206043,0.645635767845703,3
0.1430457058049429,0.8739256736633748,0.14568964425651654,2
0.17906646956500216,0.6505807734204789,0.3622759939609187,3
0.8216915088368134,0.995748410420386,0.42405026609515983,1
0.7397138480665083,0.9994834353745898,0.5032572209307139,2
0.5234598125469342,0.6615265052056613,0.8288571985659684,2
0.3931198965560334,0.014687950933761629,0.26984424646265603,2
0.08027446171393948,0.5610401674064799,0.361239922607852,3
0.2142271425385236,0.5200248313907976,0.34154765838208667,2
0.7670519259904618,0.650751956641525,0.5303000115044663,3
0.19753920676469516,0.041011712056824634,0.04763079047143448,3
0.655735232674469,0.36332781412170223,0.10792876546440466,0
0.1536205107268125,0.06619130533028583,0.7210786756189724,3
0.632684098092567,0.24869614628471692,0.7703975396369741,1
0.4382615528703897,0.9897693094546657,0.09340402134798753,2
0.34200684432705386,0.6162397564724532,0.12284971000267808,3
0.21186615897962302,0.4561117988674769,0.43693931837169964,0
0.33823718675439807,0.6309333060720249,0.059436196663057106,2
0.042374075805486466,0.40331906814895435,0.023961968389768162,0
0.09670655421294383,0.5743678679247978,0.13898631477369838,1
0.9912830515614893,0.456896633705849,0.9953945573783615,0
0.7565453898707226,0.7965024501293331,0.8114838288975945,1
0.05943008328004251,0.8571202540864182,0.657525648525647,3
0.6204298133407641,0.41482375630715285,0.8563790485350758,2
0.8216721811935451,0.9194369035171468,0.3816837799442424,3
0.966397010145059,0.0743772621074883,0.6667561765615023,2
0.43169863348987325,0.3396667275981008,0.9851440854634204,2
0.7477615183633991,0.7552730357800488,0.21149463093876153,1
0.8679023626120017,0.940621821059475,0.09794937613797094,2
0.8188724238350569,0.33108039288767976,0.6083110956930777,1
0.6783126339224986,0.9631813065986518,0.011698325077620475,0
0.20418771993437224,0.3872722280538021,0.43284346169196,3
0.5124041568484348,0.12843905522828758,0.61570116621988,3
0.8949125418080168,0.8952700460231787,0.5560984271831771,0
0.006033371519298059,0.6888754918231134,0.6425135290976316,0
0.8305017891733019,0.20230775774714438,0.16147545223106852,0
0.6497801106476294,0.3397129406638201,0.43848316828928224,1
0.8859434532984927,0.8181852693067909,0.8028825617652071,2
0.582439084423573,0.6598706543963598,0.7949714867117169,3
0.30694000462789284,0.39609135139911855,0.5344756381190509,3
0.5002806624973769,0.7837071681934925,0.4489528462201564,1
0.4287646730227741,0.20208593052623425,0.5729801233312298,0
0.10568623994681559,0.05701990279761093,0.7633936960889458,2
0.03201479552130737,0.19008889273859908,0.47490750034971596,2
0.378798662103341,0.13457769372232908,0.0896259247560861,0
0.4258837768288838,0.42665643563085587,0.7846637130573323,0
0.28236047871845216,0.7301303536733347,0.8154888402803462,0
0.37656072945333163,0.2945747713797279,0.029444550601271602,2
0.09205544510324415,0.6130184336138974,0.45940019978043756,0
0.7485053854832142,0.25449123070169344,0.680581334634333,1
0.4169624696638643,0.9117216860012726,0.6782994671920148,2
0.4200581878645827,0.5125672250541169,0.6285982617028618,0
0.9376073425662913,0.6827985043072016,0.6943295942095696,1
0.23298021696532956,0.3067027517231721,0.22026180730481415,3
0.7077503902287106,0.5457234231113836,0.8236274280383199,2
0.35588256695038767,0.499491824466743,0.20891355230822184,2
0.8827929208448927,0.679502210819508,0.3166823959024192,0
0.298762644664903,0.8388008114368213,0.27221283337701074,2
0.5730999295239155,0.8763590998343517,0.7048125665465363,2
0.8657728456416586,0.24332868351394044,0.18427119950736515,2
0.8911745800135344,0.39499985362137546,0.7587115452612629,0
0.2535521050150724,0.33941211690584716,0.7482510404417027,1
0.7265127446269928,0.2346377636059679,0.035366374666452094,3
0.7452805548893464,0.9074835927126805,0.4540644990331246,3
0.07811298359027319,0.05314353631170754,0.9257837823094431,2
0.2177623091623042,0.5407525086694931,0.7211666351419911,3
0.38404909300798806,0.6439443758923064,0.37503030830043815,3
0.30136834666814605,0.07192826208438874,0.7540282880775309,0
0.14068289796772782,0.8755898292763247,0.9678196255175061,1
0.09434060225018781,0.8150493145705247,0.08214641135080458,0
0.7474948155730473,0.6818713118637175,0.1281955110885702,0
0.4157006235766677,0.11763342268665311,0.0422032969712578,1
0.18023576953536324,0.9209158474873764,0.19073707490587688,3
0.6653472070391916,0.22575793551613554,0.005443424122415941,0
0.9385240745312177,0.26851426844141446,0.055917598309512595,1
0.5572127962533722,0.9095713631975608,0.7345603703095496,0
0.8844184467053083,0.2376521701585642,0.5170557947444889,2
0.736681118779618,0.0551360996084328,0.5527880793755162,3
0.9016304778313269,0.9467159208617987,0.29286271966957544,0
0.7597664229950063,0.5316465559751405,0.8403568572880216,2
0.30277209335856115,0.170262102311165,0.8636756334450977,2
0.9925333550268927,0.560363844288891,0.20984088180625882,3
0.6842229874051853,0.9299796673160409,0.4312220892870813,1
0.25147399554547123,0.23259747733688463,0.01315428461101631,0
0.9213499656492794,0.25610129802350867,0.3409942203656283,2
0.6988211474788046,0.9945624744095236,0.9317355033681463,3
0.10422627499225634,0.26259498293055594,0.4701390170487404,2
0.1466585475822011,0.999112382279452,0.6513496028399866,1
0.8108736046181704,0.5049875112789036,0.9488138996538735,1
0.7099022617781484,0.7489219564626125,0.5149619446157883,3
0.42393162086917424,0.16720552893737228,0.4143440011752886,3
0.5349409599659389,0.5827921584754426,0.292249393816548,0
0.45321200849160803,0.7406263743596384,0.30199799166441743,3
0.5421693383516175,0.19762842511765233,0.5431907814101103,1
0.7056547936410897,0.075103131066933,0.6662628805984492,0
0.36319508963336367,0.904079704345582,0.774330748369437,0
0.9339842743037305,0.9454588578992041,0.30289876279697103,3
0.14659017133042096,0.9697410025919282,0.4028042950419337,1
0.8239755935976867,0.3042409328461745,0.5035917432293554,0
0.6417557187646378,0.5002191180790597,0.5174093262339108,1
0.41050142205727214,0.5228342729554104,0.8961694318557323,2
0.780464798989168,0.9008178548560937,0.1041059913966319,2
0.07066128484125944,0.8972420944687515,0.5291988061380537,1
0.0007697100883645724,0.3386556069663712,0.23492731010800716,0
0.4357168456254583,0.6447858963665632,0.7895500093025395,1
0.7539568592827249,0.19810665978947262,0.8581490244171708,3
0.2795842588545996,0.20155600965921194,0.15470088692845674,3
0.1025418905924852,0.08358099129451702,0.7045296579272847,2
0.29655006406275797,0.884629087315842,0.7436256738700033,1
0.18103648111313297,0.2455225959266858,0.836688911965992,1
0.42081343813542327,0.6369306456199942,0.13604295330999716,1
0.14329028106993413,0.1686301174304592,0.6252196112702249,0
0.27875601556455376,0.3491795430241401,0.24414872476599703,0
0.30376320220569,0.7970813428723507,0.20695268505775755,2
0.6056932634551719,0.4956975002254902,0.9559534840440871,1
0.9163723909045238,0.6619135521685908,0.8449161848629514,3
0.5847254849509325,0.3281951927315838,0.04204608457704451,3
0.4600916559222412,0.1389865044431141,0.7190891199246733,0
0.7963980626103158,0.8167871747714296,0.48270733764079743,2
0.15808149981854558,0.7972522212392497,0.3738114256540941,0
0.41684884893946506,0.025894944488509264,0.6817846434523266,3
0.7484302164905815,0.8992377492813085,0.5732235251083115,3
0.5307304104905893,0.6056034577072228,0.6059110512154956,2
0.4450257857342954,0.9442862773076448,0.524081370525949,2
0.5152541313580851,0.14742088538746256,0.6640841181826123,2
0.5525882891008976,0.40113179668091725,0.4852468539424699,0
0.6224976459876411,0.4114598189017258,0.6568946092724173,0
0.34080888936366704,0.7562958939458262,0.2683682298872361,1
0.9414781592015518,0.041661852172380165,0.7364799945372366,2
0.6482221305400863,0.5108973355917568,0.6846399978053619,1
0.2902362071251382,0.5935668337565592,0.32722106209398527,0
0.3973749260374819,0.28611179666208897,0.7249723463855872,3
0.2808272637722151,0.045697811086388485,0.8453313476293579,1
0.15670784919003722,0.2661799265238197,0.004811082488288876,1
0.9066097674811394,0.7872803794720663,0.89506514834636,1
0.8751147807151903,0.5837152414400082,0.6856815311865907,0
0.2419137566659224,0.4224506799309097,0.06725321981036558,0
0.5459785598669086,0.19318232306736183,0.2551464023920299,0
0.456149362174304,0.30942457020892833,0.20919934130907547,3
0.2166418149204128,0.539364452006568,0.5078014285869666,0
0.07891623132736592,0.24800578771448056,0.6041519589000738,2
0.08857774807696506,0.03374352926043944,0.2834138704096252,0
0.7851739617549925,0.35423660729502404,0.9625073788171848,2
0.8507193002789505,0.6012786550810911,0.9572997010321661,2
0.43996056421854535,0.7761520587409827,0.21345566611670408,2
0.05648424584377343,0.7205855183625748,0.7363941682223362,0
0.13543185066487806,0.4069207875763685,0.02039902510668523,2
0.8111810716372316,0.18442581390050483,0.9078644559103353,0
0.508057795135667,0.16696501609671888,0.05314036260491095,0
0.3054945423896891,0.9123903084929335,0.006301550449417048,1
0.013747335762145263,0.690386129804086,0.7845124486578127,2
0.5933523027289083,0.44398533978491783,0.5611784134945517,3
0.19592121281464503,0.8515672263883747,0.004191236562250955,2
0.10188437689700636,0.07283725922483986,0.7429526803034261,3
0.7516153910699911,0.9242337581755576,0.5143112044272341,1
0.9077958490131236,0.35746465125217297,0.5524893381570143,1
0.8321798504303283,0.11157459886142673,0.5892542452457065,0
0.5152183515166644,0.7966151501835961,0.16041138981976455,3
0.6333276509537777,0.9674531322918409,0.4478668955992079,3
0.11084426585525142,0.8955964953173623,0.34209344230651795,0
0.2208239085887963,0.21538301161671614,0.29699798955046164,0
0.3462395359014109,0.41932724181802483,0.40606644840921136,2
0.5983105361928877,0.6163014715923755,0.2512679214636483,0
0.8606076057227032,0.9810776371283042,0.25378242969300535,3
0.9716770014844992,0.26707432174984713,0.6814062330621792,0
0.2547343587203894,0.3339964738635065,0.014223572576475774,3
0.8294813550359666,0.7049266795994937,0.5403910831173774,3
0.6395630064310724,0.3830049476799,0.0015328846816117236,3
0.06696802479103692,0.9062032009529698,0.8653389038650227,3
0.7804825452152616,0.3511194608251007,0.8838591963108141,0
0.3310798180801485,0.4978719175805342,0.07564171129563302,1
0.7965701312366514,0.1282100378959199,0.6428872663847187,2
0.4933976504630798,0.3089269681738762,0.7973859834226054,3
0.3666339758139816,0.21112898222055354,0.3214055659900784,1
0.2484014826074067,0.5970316827419464,0.5618998837608603,0
0.20768312896895313,0.06711499048513392,0.2852097902384686,1
0.44235347129553626,0.471345562933004,0.5331465014962362,0
0.727281928741442,0.6069068356491141,0.4023683579841818,2
0.8747738287871626,0.128263346393219,0.7915876775714294,0
0.30968628094690454,0.18923296007129076,0.636445904636344,2
0.07314635442218897,0.8079988767047628,0.7918143424493259,1
0.47061307149763787,0.3446899376100415,0.8672677537196242,2
0.4325545021029229,0.4498575170543736,0.826097454803567,0
0.6175542013293032,0.9159976318329609,0.5093312302405965,3
0.7700331769448564,0.3833482605490197,0.37441814832305864,1
0.8614918262684131,0.5316784797467909,0.04315970918973866,0
0.37149721248076495,0.31910908435396,0.1685641604151804,2
0.6871791058104565,0.6150529938481375,0.27410997034773754,1
0.8447224449483536,0.1368543073520222,0.6177584616012481,2
0.874632453425519,0.6106139789623707,0.20606459774785446,2
0.04762095891093587,0.10901151948496368,0.8192311755355196,1
0.6856341413180517,0.1443462470478799,0.6210276843859232,0
0.025762038538035714,0.0010563083758563518,0.643323737875877,0
0.2902112632418298,0.5460378576460906,0.9583768045449605,2
0.03659072963260246,0.236047811576639,0.8689173369087151,2
0.9091989286612572,0.21275032429109064,0.237441251292264,3
0.47854348465360197,0.9412537723407416,0.49511188039237664,2
0.2119236093656396,0.4960264080649698,0.18816568878488849,0
0.8139439690424144,0.4314503456280674,0.28797408970168403,2
0.14726061124296808,0.2966030544497098,0.21937234778957138,0
0.1457245905583605,0.15302769364869007,0.796018408531585,3
0.9740217969435565,0.3476898981052433,0.8409351051221514,0
0.22619009480844,0.4811324967611732,0.2530454364151582,0
0.12280627639315844,0.5037641311711941,0.1662033585170154,2
0.6143933007703932,0.053365062790913353,0.10047642447265048,1
0.5745094366495599,0.6872734191546,0.5405382322329662,0
0.6747099783959662,0.18422969518071763,0.3206467137516028,1
0.8555043999957143,0.9088811971172247,0.7916335601800618,3
0.36356346009650586,0.3065392347304706,0.9520958344853097,1
0.2553234401921708,0.5480337824562719,0.6193334379480687,3
0.7308012900372869,0.6595903573868167,0.24743530948830594,1
0.765498692984802,0.12744602348765532,0.7366864926281114,2
0.9946089154432666,0.36136036522607484,0.11860503999518213,1
0.4028271030108945,0.8215796256224327,0.03591406676665321,3
0.8689440633438662,0.862185908540249,0.030825153123165916,0
0.4811503932811847,0.059779147739611904,0.9921937444341522,0
0.280432031714557,0.09399949470229718,0.15296857859916801,0
0.300478868258515,0.17031219268831532,0.34752321549937304,1
0.6476873194688426,0.8741432327543023,0.5229673482326954,2
0.21009182903457324,0.8255520718129234,0.6441984542645411,3
0.67360638761831,0.5088857381708565,0.31425165218009654,1
0.033505558659851054,0.9053875982426668,0.14505193534528948,3
0.8113815337153113,0.3372646384920468,0.35638723801194605,2
0.7964837690936475,0.14388277908721936,0.9597856957090706,1
0.5230376686060766,0.012014687875505636,0.024525727616414694,3
0.25221639300003307,0.8633663174761552,0.02186682417400576,3
0.5422558527897554,0.7301039396932776,0.36534889935972825,2
0.8456952702713064,0.41248815250338866,0.4570695236089335,3
0.6294017909981905,0.8926899867781192,0.7878988413978699,2
0.5061845824883533,0.46114724461419887,0.7095949862148495,1
0.4642447002430241,0.589369419456429,0.45988708665232736,2
0.08733558220554127,0.21370842861027095,0.01527788257457341,0
0.0017376117497658328,0.6321703339924505,0.6656126710461154,1
0.9154183147179291,0.779573389198599,0.09954182080417129,3
0.8175881944719822,0.7703495428068627,0.03933839316378718,3
0.15218701120607436,0.9087639248625838,0.6765580131740111,1
0.039019700408828184,0.9018580089825053,0.3872214926197356,0
0.9057153872645487,0.5991804854774292,0.07239505088026355,2
0.01778845384687866,0.7061438536475886,0.5376625209639698,1
0.9838179812598032,0.12372655787302178,0.6677340239534536,1
0.47536767572912375,0.16121612012741382,0.5080796687837018,1
0.05140994202755089,0.6691083857944158,0.5335266162247052,2
0.8511683964198581,0.5167974132468375,0.4548651499058538,2
0.3612733563594044,0.7538772769249387,0.6618187889815511,3
0.74474015465957,0.005730067089834701,0.14888281967382688,2
0.6108744180939085,0.04824126645615068,0.3919843829697952,0
0.16593037428027246,0.6641157688826366,0.8876049233734452,1
0.7466471382985461,0.8512664404314516,0.38097158723232083,1
0.21482558134016438,0.2325416781343561,0.28426979635134286,3
0.07197679881434249,0.679875733296593,0.5384994603385123,1
0.09254829411204424,0.7863845192950587,0.021174546359653212,2
0.9450119954216198,0.47412587892332436,0.22988026817551754,2
0.9997109432077205,0.19015315564785695,0.5180191705079369,3
0.3512425409052784,0.7968126845792166,0.24345226157416344,3
0.6253653462354635,0.7382431906615127,0.28165001894334696,1
0.983859963659207,0.6357768857183846,0.724835078361487,3
0.7870827039273165,0.3391729083238424,0.15424576532888723,2
0.37491965869336774,0.005687335291196249,0.9040725299622152,2
0.3913751113773323,0.7417222358678409,0.4494790408167033,3
0.08648161679402899,0.8680186131007582,0.1577943764953107,0
0.34518600492295504,0.18732133565690234,0.4634475527089461,2
0.4896909834080144,0.7056286764164559,0.35771674057046265,3
0.7230735688928978,0.07370317874366206,0.42719225036440234,3
0.5004689570902094,0.33498422882874745,0.05992563413012453,0
0.35387904626230937,0.38863458739885903,0.7722931353218246,0
0.9001819077884274,0.5523407481634263,0.3827179434817001,2
0.4313827000008753,0.9096063454885566,0.27005911221796586,1
0.2436463422736106,0.30225605277310597,0.922822651677011,2
0.43685258748526123,0.13718388514502666,0.11677624446783763,0
0.7469540666767585,0.8192944106809639,0.09387489834734708,3
0.26297016212567936,0.6390043513082263,0.04347653136288798,2
0.37411995810744336,0.07076294684724449,0.09855944115847104,1
0.040661117165408434,0.9558474235250092,0.7796948900080629,1
0.34872774032792575,0.8629807661678496,0.02444096608456736,3
0.39730313275086615,0.7860965339747021,0.30725481973625524,0
0.8835634905391099,0.4593214225267659,0.27005587143086374,3
0.2506226421855151,0.3164302078370529,0.10613408494547116,0
0.7842393679639359,0.8855395607323141,0.3323619911166428,0
0.5923487556515268,0.5483687004286016,0.3677517948767298,0
0.5891628399337053,0.4950132195440896,0.36822191719126174,2
0.46750627199566863,0.9387683894297245,0.07434772835087544,0
0.06253845967328142,0.6181537183525493,0.23876879771493498,3
0.017784438522322588,0.06814324763389501,0.6518851079880106,2
0.26753296027286955,0.7910278672837084,0.39356477559660175,2
0.5744465011031339,0.12410033436005663,0.4263518437515792,3
0.7686078920174708,0.2463966760412326,0.9620530295438258,2
0.5797619781783308,0.641424305675993,0.3978324488532402,3
0.8788113282569646,0.892686067094491,0.9620908085516452,1
0.5168421815821116,0.9272436723692006,0.6714099729580829,1
0.11757606855510161,0.3448323480045873,0.357435367460031,3
0.5770313717289239,0.13698622834349683,0.7134631914467773,0
0.5393586798194188,0.6302556942608316,0.5906452930897472,3
0.5754084793683308,0.4758611643980263,0.31317431981067934,3
0.7488958436463332,0.9096164784828001,0.40388428423923195,3
0.7427081001888892,0.8504413732708066,0.5203916010792093,2
0.7439125986759384,0.16966015269119383,0.38675421812216615,1
0.59436695525679,0.9853677880024598,0.5295485300111933,3
0.7731504050171237,0.8052154511700366,0.06051624408971268,0
0.5066044630143185,0.4244376455584732,0.5104950948353626,2
0.7298383679026273,0.2621508048475307,0.7599983191024356,2
0.8069885620489023,0.8193589869235243,0.5348828002759815,1
0.7722838895274129,0.8605361837261769,0.03386393100350482,3
0.8215657429652782,0.5309283823779989,0.9971699395069573,1
0.1335814517453442,0.10174238451268325,0.8209468742052223,0
0.8806217642468503,0.95384083050441,0.573873852796222,3
0.6837598940219412,0.5672870322069368,0.8545924017535557,1
0.7754125678057227,0.4248963781448428,0.22178590483915228,2
0.11742930421341924,0.007769323476323309,0.6959109621909555,1
0.12121946445507237,0.3226215589808772,0.6679426331742783,0
0.352280450952257,0.8773904641362446,0.873133436165024,1
0.4307805626908263,0.4784259132949711,0.8489677481593114,0
0.6937042654343373,0.9770315097672884,0.8079907287002503,1
0.6768290005820999,0.126743740645323,0.6607228079524569,2
0.01055764048997343,0.2680745763725222,0.8113142787165647,0
0.32655839273286313,0.48166253530701586,0.2079545658422972,0
0.8292135608924622,0.6778406500499898,0.536079686983563,3
0.058795454345969,0.7334326501367296,0.5758007001339925,0
0.4948284525210137,0.5554413412678578,0.01197918472732229,1
0.15182237945182975,0.7600272376176263,0.48870668644290194,0
0.08868484977891022,0.37444342491866833,0.798073759296894,1
0.2804481404074872,0.5756891534148494,0.20937132934084823,3
0.14826013918005054,0.22286926246323524,0.3331914146857333,1
0.239094340522932,0.8779225764623898,0.5809479261994238,0
0.5398485212253451,0.23130209236711474,0.5046782196974714,1
0.19121645586778857,0.5561431951825009,0.9947471474610148,3
0.8381591461255126,0.9341251587703429,0.8773113263977883,1
0.3387892565347017,0.8846623729750976,0.8176351568752835,0
0.34972640557620627,0.6871260266324611,0.8941648647155912,1
0.5329587020716285,0.31909066086507043,0.8900093998772819,1
0.11036072972894129,0.4394268332798379,0.7380773920412877,3
0.24009096754332637,0.17135472144295538,0.017151667008828086,1
0.8805468592751867,0.41526591657789347,0.8198821360987243,3
0.9831570435251915,0.03405910184220484,0.9613722788069139,1
0.881846542059859,0.4575142797691377,0.02811189097093325,3
0.9739178723357726,0.21891600354707774,0.7567159895668061,2
0.7220554270046009,0.5180904090709209,0.7920443918615558,0
0.8352645462542329,0.4355067294646642,0.6742121022656602,3
0.11308534226522815,0.18388586065098822,0.029146986726086732,2
0.3703025056206195,0.19458695717761554,0.4657477535326259,3
0.24869274452841406,0.03240184716240191,0.1549505000636744,1
0.3004495204582893,0.1839345532884208,0.503027104438082,0
0.7902693170172491,0.029912447448910306,0.2734285337069583,1
0.26332189365674374,0.18484308792074633,0.94361532829692,1
0.2927677750495403,0.05413542655538994,0.8690960764095832,1
0.5300537107811081,0.3185242272910509,0.6976106195981796,1
0.6482063182537416,0.7691967743834036,0.21866437887159695,3
0.7696468459471432,0.9063951416951802,0.8404442268053345,3
0.23196092164031812,0.7662490178035867,0.09571817973776298,3
0.5440203807992092,0.6529311478599858,0.7859092325408655,2
0.2039012695825113,0.9072388813569413,0.35114141517471875,2
0.44034201963761677,0.8955105274366423,0.9013022571213817,2
0.47902408984273026,0.8584895083565993,0.8338294506603637,2
0.3135446680887941,0.7277333090676098,0.7922293954832987,0
0.483658914428853,0.3639684033771824,0.02071908242970688,1
0.5888152930180682,0.8934556353258759,0.6797025189622132,2
0.8199244290163111,0.5277366841005922,0.18987295204133559,2
0.06295378166662025,0.5444160695036162,0.4315008555722645,1
0.4586131438561406,0.8845352579586051,0.9957047791792787,3
0.22735383352032457,0.575600656729425,0.9946538854763713,0
0.10487079066323479,0.8336601918630936,0.3550391433073985,0
0.9349536449056063,0.9871990694053386,0.5451434381396475,2
0.4356565794080862,0.008158988689489055,0.33627296377372273,2
0.04831151294896752,0.12332640306089515,0.7950313776589311,0
0.28290151226595994,0.11877538401407495,0.37119377166962375,3
0.2510675275530445,0.5915302029541369,0.02304842670950591,3
0.979279102222963,0.5940435833213011,0.5349424182588601,0
0.5084389875320909,0.4427049333929529,0.1954672191502116,1
0.9524323346237448,0.6099742735864838,0.3047763161707894,2
0.30912997549207144,0.5723984990791002,0.13369487741940966,1
0.40079936775846625,0.8213093895265259,0.20962421098005835,3
0.6037420594052811,0.5774380812564422,0.04293546358196576,3
0.41015129505711145,0.3974295214637994,0.4797954802930804,3
0.8588140533805865,0.1844666457794666,0.02800845198481028,2
0.6486221477701706,0.7392474275611077,0.11787901249968491,2
0.49099364979674476,0.3242290822577487,0.09230783406245224,1
0.0958321707182399,0.6212314086371915,0.343262707969632,0
0.9752302236426946,0.6469720434867321,0.19482737739117273,3
0.5213801097817926,0.01975677377135554,0.49525403903008847,2
0.5029372382125041,0.6496209957687615,0.24172685333436206,3
0.12405411075073891,0.9870520333021249,0.876257810924976,3
0.4544905027361116,0.07444655821723767,0.825409708872786,2
0.3200845849351873,0.49720092666296034,0.07768188602287873,1
0.22397483500078563,0.9712366867545589,0.16768366070113228,2
0.8585983647523675,0.9779649611978756,0.8227488094780867,3
0.07643160265182969,0.762255707502787,0.2667307742824403,3
0.3134743109654897,0.6931548610885876,0.8775021608404869,3
0.17190203496961298,0.9490014547913186,0.5816989840375293,2
0.8920180109997231,0.4034922455037123,0.20516510115100794,2
0.10681330718661197,0.8329480730875656,0.45293771829998764,0
0.15931774775384033,0.4028619813593839,0.9999412864113406,1
0.5841976562424748,0.06210097415485216,0.4166739632822768,0
0.8517846958721471,0.25688716816773494,0.4830745445777126,1
0.8335668178209217,0.44092300207533275,0.2496372320944027,0
0.11113183585115916,0.10350198157693535,0.9317299855597759,1
0.5133667936023987,0.4790741939920877,0.6306462901136302,3
0.1347234892785758,0.3150678701126923,0.8064645624482762,1
0.6030952027100035,0.5109687256365433,0.9865180079031375,3
0.8748857500393532,0.8652104153115393,0.035993834968438554,3
0.143050707174048,0.5975749453034961,0.12052751092105995,2
0.3608766937298694,0.5242769106057368,0.7647104764751651,0
0.19219869462110528,0.9432546865554813,0.3062200319337166,0
0.8665901258566332,0.8344664780957326,0.9265490393704997,1
0.11613507110522947,0.09515939544111318,0.8946985412973415,1
0.7757659497920737,0.95458782294179,0.5189728482078297,2
0.1947584561274257,0.9063073833676012,0.04979531374291768,1
0.3280611070021443,0.8451775190501063,0.502786002066742,2
0.6638404874061906,0.11338955831093556,0.6764356849057679,1
0.5018882715545411,0.26484054934930534,0.2313661676497315,2
0.04874546999575524,0.6325342606707764,0.6353792980312177,2
0.46410474614170183,0.42480729650384674,0.7368531457590847,2
0.8320690997014164,0.7226688502537713,0.9186487042805772,2
0.6646998775498718,0.39931894607205287,0.7608937329959126,3
0.9669323606314401,0.6997741751740252,0.47669189811011337,0
0.7103650081112256,0.18758293634767909,0.5827943497548925,2
0.754428018513293,0.9120525458052153,0.06168885708554972,0
0.4083700038552601,0.6851208671030131,0.7362860308667327,2
0.4363553557821639,0.6269365822517556,0.7271412102147431,3
0.7179843325066138,0.3790824294744981,0.1499122372438323,2
0.4715819714185391,0.03392906440308685,0.7140742336772794,3
0.8038407615278074,0.7737998405294947,0.8336475438039326,3
0.7781957411066714,0.2919742517606999,0.6781735513549244,3
0.3595817597026145,0.14384779030172146,0.5455404496843376,2
0.961478748575659,0.3768723233079748,0.656736033685953,1
0.27160565632356937,0.2643577721046272,0.7082237727482159,3
0.5369652292004834,0.8761123124091125,0.17531148314263512,3
0.6321573941498693,0.42425273719529755,0.5725533789702525,1
0.03642873478272035,0.2946694053721486,0.7922671880806778,3
0.7176811394906352,0.7247976101522949,0.5048812593182217,1
0.7515088279843813,0.6696935561460974,0.7284047846760657,1
0.31943480179888617,0.7287107228569684,0.9878167440317256,3
0.06351298594717647,0.08107689655018613,0.1618129011537902,3
0.9579958738692136,0.7399386105589942,0.9786302654966926,0
0.8927709094165911,0.41498458048651554,0.4797137970207441,0
0.7419835669792483,0.462074498681771,0.1600029402965213,0
0.9410635514326973,0.10948226462943778,0.5046170757833998,0
0.8290985857511328,0.8403237684949221,0.6310772286275024,0
0.2940869835245662,0.9459938807293932,0.7087904324353091,3
0.5776130292035336,0.2943992871075539,0.13956491256563064,1
0.22375364135886378,0.8555276021287431,0.208901850946689,3
0.9052717959939055,0.8920656154343347,0.242563301736762,2
0.36103436692440816,0.23758653327381818,0.07188184149795418,2
0.38231140182236123,0.17118689958141198,0.16782522836568903,2
0.003957240272576157,0.4201870955459517,0.3218039758038197,0
0.2567151939687915,0.6744395464567577,0.5769520453048695,3
0.4560547479485165,0.3625010103807491,0.3349733639875434,3
0.4165946393086992,0.7341258173718724,0.1639477809003418,0
0.29022704861867954,0.40282732203468985,0.7759911759049176,1
0.1957547985866036,0.8579166855191195,0.32793607750232245,0
0.29638810966106577,0.10391668287481381,0.031279112516108265,1
0.7416042045134066,0.8184612079337468,0.4788336086972397,1
0.09175007854178208,0.21903084683316365,0.21439672979641766,2
0.5224088657370503,0.89129884748851,0.040094058335549465,2
0.19381719438392164,0.32324528048309586,0.4011969126920176,0
0.2836549244446257,0.3432856107673563,0.19319459210028034,1
0.8451785028822537,0.10949037588517474,0.388027622492779,0
0.6584480106167878,0.11704560019854438,0.2044313596088141,2
0.7504865300943931,0.4904311167565695,0.3599271735357009,1
0.019096638109332265,0.8511343915112407,0.6170133327404276,2
0.8504939324314617,0.9663573939335975,0.40493199455291184,2
0.6582329034763663,0.20113787684344975,0.19029549203982987,0
0.7303476014282624,0.22828444301440243,0.8234443721050381,2
0.17926748621737687,0.18103317622883064,0.8907893336519893,0
0.28632479929976995,0.9053155211261102,0.25829067731011535,0
0.5552894906000245,0.8744589450559029,0.06959368499584018,2
0.8409003923259097,0.17635078424453743,0.6808541680724067,0
0.48947889910552045,0.18346177388413298,0.7669046111490634,3
0.469782098083791,0.04406705722818571,0.9785810594106884,0
0.6753636743313153,0.9683595419468806,0.1282098002475921,3
0.6203612149258252,0.4186048168118758,0.18678166000213314,2
0.2773365520895039,0.8073132148419967,0.10285151688392269,1
0.9952474713079699,0.93633365662686,0.7639399059595571,1
0.5293381844758388,0.4520417542565577,0.1834138477930054,0
0.7672452131241769,0.6338598139347064,0.6058613028930486,3
0.43212508340307687,0.0673822889661232,0.12536267766505715,3
0.21697684863928035,0.5805620393012972,0.5158508805588132,1
0.9614382947984493,0.21639232436952704,0.015245357864989817,1
0.733845993030234,0.7835027663138475,0.14074481678416229,2
0.5256155583972822,0.6284252697766403,0.6972705036713063,0
0.3462968583970617,0.7903906008706933,0.8861704259451868,0
0.2346325326524319,0.41710345901092694,0.15096044797377228,1
0.19314952956163778,0.29368796516616,0.4181561349067381,2
0.09536523420151755,0.46743865438626975,0.9651782504289291,0
0.7615099112250278,0.8845817676096664,0.31375143829191776,1
0.8678234216622412,0.8477734284173971,0.507276346828103,3
0.0775892541049128,0.26411022896716696,0.01318515611715898,1
0.4121194899413154,0.09938877669310342,0.347298004662305,0
0.5794074575338843,0.3506247603032141,0.8764330205670322,0
0.7219487671775681,0.524412742737966,0.5912824243355789,0
0.8047804838986191,0.4403806366547842,0.6681865063803477,1
0.9957048135460373,0.8642221971804787,0.2842451351990436,0
0.30990939593120337,0.8483302093915285,0.803500747993556,3
0.8681180166475525,0.9401619985505892,0.13000881385482133,2
0.3258547005282604,0.31906884818168113,0.7403357414338789,1
0.42104014471990514,0.9770965236792829,0.550380339317511,3
0.9038144842780481,0.011846813792890654,0.7739529191698925,0
0.08780057170425148,0.7323145285683623,0.42511175220275266,2
0.4584326639658479,0.34842986141292576,0.436861301276562,0
0.9548410269280244,0.31060212230608364,0.1806896039022886,3
0.9161476942977317,0.35715206577592873,0.6662099135524742,3
0.15616060703359547,0.6164311872411995,0.19642550793122138,2
0.867485137614549,0.5245415479616348,0.9902239788580612,1
0.5746365936789098,0.11364587308472274,0.4202870735064349,3
0.017281750210760505,0.5805124240324079,0.10794434252327278,0
0.9846773304658353,0.5339518538353565,0.1445613535995861,1
0.12754293319671173,0.6030709880453113,0.02762954066413903,3
0.04003670894504041,0.6418093794482858,0.08021999961870008,3
0.8719719144107267,0.7590549827878132,0.5417406371161084,0
0.002222630513342816,0.6090853688064212,0.8924011754809871,3
0.2073499908684604,0.6060603320682868,0.26890452139439214,2
0.11155515825722107,0.33228005744102385,0.10842970076982983,1
0.8886281209145384,0.26853786559534965,0.9430408974325242,3
0.8166987718976225,0.3790030196922297,0.8312353457447204,0
0.042417599449113164,0.040217487216738124,0.7237498366121131,1
0.12790838598370702,0.1975080746254998,0.2194515521723679,3
0.8812016443497279,0.005490269799846792,0.9466126614100648,2
0.48709498422184816,0.6954474448309805,0.9644817810704286,0
0.36717293028152453,0.5339002859154993,0.685224530638379,3
0.15190972745032838,0.5601436745292575,0.7900792642519586,2
0.8534874748444429,0.3561657539033115,0.6928910668441599,2
0.4704734876974923,0.5317253501177734,0.7331684336810201,0
0.4800661117291227,0.5738985425722003,0.4714517791247881,0
0.3493101461981746,0.7210012417424265,0.709608085305594,1
0.9704887436328928,0.6560534500691118,0.21558147770602532,0
0.23909382666097379,0.14513867295940064,0.8351598144881242,0
0.7571000978403174,0.9442606635662542,0.7014579066434546,1
0.09931822705013638,0.013065750884340033,0.7828215802759304,1
0.7382120313936594,0.3534148009653678,0.05089433062331772,1
0.1532658967423398,0.6797448132666419,0.5009624351512263,2
0.14842357429944497,0.5559393732469293,0.9021634547783941,2
0.34760460899689727,0.04803384272665434,0.08997561594240922,3
0.8243587971856482,0.4539042542747316,0.46223709222828957,2
0.6894192512397617,0.5401586765296086,0.7696984529866673,3
0.05837967138663902,0.5507133874957825,0.5420264535448249,2
0.7320391387515043,0.8218876751833074,0.6436350241356754,0
0.3375836661158007,0.871375433667297,0.6020053823137893,2
0.295431720625438,0.5065287446493988,0.4906011431629207,2
0.1301867259676962,0.8015995199036524,0.21970630758109555,2
0.11822894482947632,0.2914885852330017,0.7414157874081978,1
0.964697154478077,0.2500375464405157,0.00660284814976142,0
0.09227836703812375,0.8317722944706891,0.9508517608256327,3
0.8143613926990019,0.5388982230047086,0.052523063109299994,1
0.9975015828452622,0.645781868511784,0.6193735057401455,1
0.3064783400567781,0.6044169094479265,0.21838450498623652,1
0.9696335692889859,0.6906957195175606,0.5961184671091448,2
0.25325849860239014,0.952204395356909,0.003874071122223821,0
0.4082094334960875,0.0010034699706669148,0.7638049049132445,0
0.9799798935888592,0.5656261465727349,0.3804780915711806,1
0.16804075726049295,0.5751858923433399,0.5418543303627494,0
0.9831293656807223,0.9817373614210329,0.1007363290527622,1
0.04652764395097431,0.0782660656730797,0.5031066228834227,0
0.1449436744951461,0.6990628883596076,0.8504839895171682,3
0.41097281142401854,0.3495888093850845,0.33126987419980125,1
0.9024320761690656,0.6886777876294098,0.8791904325501511,2
0.8997257961701396,0.5201295843143933,0.3777234124765262,1
0.16588043040893707,0.5339962555456911,0.19381488057374097,0
0.34613193587293345,0.3496573110311706,0.4511456629412546,3
0.812290916998187,0.9420423834641691,0.8671649173977365,0
0.8193957615212253,0.26207584314580945,0.07827688208677841,1
0.14688582638603453,0.3246178038570875,0.3905544734314824,2
0.7718954773297322,0.5187689180647956,0.5332820687920293,1
0.43702082302018563,0.6317855666948029,0.7444095296512637,2
0.9788318023179532,0.9100044728705418,0.7990626415240802,0
0.7996311842916595,0.10381844579131927,0.41710909532318174,1
0.29091790487995095,0.4391811737020044,0.7335619389252859,3
0.2250661156857091,0.5182418596429191,0.5209544036546326,2
0.01812413224930276,0.388463382452389,0.20344673711068906,3
0.6896692298326988,0.914832114436704,0.07754660523304924,0
0.9352716201182851,0.6279184833997034,0.6298595387640716,2
0.11016440684513962,0.5098922082697324,0.24564293360268274,2
0.362170835750222,0.11436401553094422,0.13133854506796683,0
0.3748020275819458,0.3612667633039989,0.527502826540051,3
0.12279491404684995,0.25082178370560315,0.6514710078453814,3
0.9041494959449121,0.12372451902371118,0.33797094556346774,1
0.412017811844402,0.3682449794409828,0.7203841177983005,2
0.8808779292794898,0.8822286733605353,0.9915125019784621,2
0.4841733856541246,0.036874787414023946,0.709356994103194,3
0.7870743353165855,0.7904110112936212,0.3951460207440003,2
0.8557352207107997,0.640503595596365,0.30619611118590384,0
0.3230762301672355,0.6791556246382652,0.09596375167569648,2
0.16424402506971603,0.5382803859266128,0.06451466497498548,0
0.2654746392944003,0.32091738951301196,0.8834969324029734,3
0.9943064166897466,0.8325161171726011,0.9514188784813655,2
0.4040991458379708,0.5183346304878229,0.4546563342239248,2
0.16094225371452942,0.3256562535639048,0.3851180049779862,1
0.6482398467422343,0.6597920592745843,0.7159190211561919,1
0.3881392918436053,0.16197484039444154,0.9451703460284799,0
0.8860714379720382,0.7188459659314035,0.009251428810198914,0
0.5752181223127097,0.4953545783163351,0.6074867200515097,3
0.28309424214858003,0.7484170522566501,0.9209914891031663,2
0.642346212130668,0.5212138057987514,0.8417454161125905,0
0.26519068340731644,0.8603899521033235,0.36582215339390634,0
0.9992514006640887,0.32504551759421496,0.3773566675745882,1
0.6211106727347402,0.8976364711900742,0.9064947216799825,3
0.8003426753223539,0.19000122723278712,0.13900298367417674,2
0.4294038171886829,0.7286662983363993,0.32264052086286577,1
0.8051128770965178,0.8629922662209996,0.6963944960056963,3
0.011013536073535724,0.0256199959579948,0.16856941599094777,1
0.3748321771202626,0.1926644228526716,0.6493739189354951,0
0.7652259430850573,0.2842125641262453,0.49639619774968236,2
0.6481436592653442,0.875521671794184,0.5404249041496112,2
0.16144614459791706,0.7242320364028646,0.3883374132653885,3
0.2794045208659591,0.3612195139140275,0.40431270605857605,3
0.4616846542422105,0.8724841100903303,0.8742004483639054,0
0.6932404501472126,0.059430881955864656,0.37440592398101247,3
0.47959176576021534,0.5448586983745993,0.5956727983434495,0
0.5759533908664755,0.9861843319368072,0.7516312098600763,2
0.633196029180722,0.322294167646202,0.9194844520397732,2
0.21995797472670908,0.01728270396093501,0.03352783014346261,1
0.060193915625891936,0.15548140873127914,0.326598229904705,1
0.473572992235446,0.4817462048529506,0.6436762022293466,1
0.30933967849515454,0.973475608519115,0.7507901497037499,3
0.53919243853418,0.46103138807935595,0.20476174160053406,1
0.411317667228574,0.2237046577469639,0.8532445257840497,0
0.7121753845611651,0.5227298753497124,0.9227838202016357,2
0.9746655666462568,0.9519720071030269,0.8307998477983304,2
0.32320031747643363,0.5902158717463901,0.816862453193167,3
0.3978902199764046,0.5284660818538541,0.5483959601620093,2
0.41892660852597785,0.07859389159449881,0.0933024683480278,3
0.7729157118033642,0.6400092299772532,0.09611047966805542,0
0.4789141881057495,0.6114895762233987,0.03418536650473092,3
0.5606607936705947,0.49534515867014905,0.6185927632801569,0
0.03940188148630175,0.07373522979607783,0.7509789612557484,1
0.1062635980600164,0.34305283867988223,0.8042775156491541,2
0.18681541639328814,0.8420868183482355,0.37700841971489596,1
0.09323631484452755,0.6958890279752525,0.019403383508886263,0
0.827808438058308,0.6493362132274024,0.6102261757126312,0
0.3232409078217403,0.9018715134311674,0.6479405177159026,2
0.7695829296843232,0.7798714129406403,0.993894337677935,2
0.27315811395056167,0.6876599679142841,0.6010726002866162,3
0.6413735386358501,0.18547645850110617,0.029425236000423793,2
0.18416724704458276,0.9972877524375146,0.55229850066597,3
0.2516064562436934,0.7098852830573618,0.8300877592406084,1
0.5587137192947711,0.0392343009829933,0.28520738613094443,0
0.4519141425669442,0.03186323321224693,0.17586866940953805,0
0.3434606372536516,0.564479633112173,0.7726703881984389,2
0.9884498643969506,0.6576450782770346,0.7800613490694874,3
0.2812944487425886,0.6633481420605735,0.4666351435953284,3
0.07701437044948978,0.12651156672259478,0.12314206186276044,0
0.5621433284647164,0.12938291458430673,0.7830795830441405,1
0.046030330761375304,0.28675076556593193,0.28502936685298275,1
0.7722779149150722,0.859873319416556,0.1893653111924719,3
0.748363217200221,0.29017375468236917,0.4026351474391513,1
0.8144223868597803,0.06964198997709503,0.7053960994569729,2
0.9316659993696849,0.6887119909538463,0.3414045598365939,1
0.9513999494047061,0.9399843283862587,0.046649668327179206,2
0.2270157653842242,0.36588738170750046,0.3701748412783802,1
0.7683609908227759,0.8961414819995912,0.09889943960995584,1
0.8422291567122678,0.2971049501515375,0.21612408519624526,3
0.3355209276801123,0.22039672898108753,0.4333993769474953,1
0.6079674994837455,0.8402460647130463,0.061266482796965005,2
0.03822603699876159,0.522193166450016,0.3721261842094472,3
0.14897709057286324,0.49871672548070556,0.4140762943893894,1
0.9510074938752403,0.7963371739875781,0.11347864767350657,0
0.43164536882798643,0.19159922454224065,0.02392681027761312,1
0.36263608594573615,0.04635437937350928,0.20866277395992838,3
0.2875473198170543,0.7650036843686898,0.24982319918983265,3
0.5164176439701872,0.3665922834544785,0.09486348538472089,0
0.4330354915937872,0.2523531796751064,0.05984454963661967,3
0.309225481731052,0.5919053555883583,0.4664138202142314,1
0.12541448472269512,0.7168088577456331,0.862285451704279,0
0.22093743686162737,0.6874477862250136,0.7907743952676316,2
0.5910256769557212,0.030301742082077365,0.4425884264984856,3
0.41918706247039617,0.7140080937391236,0.7145083292309854,2
0.9820208747572413,0.18160309044908673,0.6215280519811585,0
0.9120570112056843,0.13618370750492503,0.49672963034966644,1
0.4936743752198711,0.03486333835875355,0.6105653711824657,2
0.9636380989641753,0.5733571587979506,0.47923404312804685,2
0.11260989266160248,0.29798656989896166,0.04280700415853533,2
0.7516668481180356,0.5336958831584084,0.5215243577202187,3
0.48707506879810647,0.9686806934768281,0.7033386190884451,0
0.889400401729961,0.8361947512024803,0.8387390627739374,0
0.6683394395234886,0.8081337808056357,0.20776417232849764,3
0.3882594450414045,0.8092598242292344,0.8369011155024852,2
0.5191637334131431,0.9763334414864476,0.24727967122241679,1
0.4668674096841642,0.9382445517689246,0.12147781333934748,3
0.6271547590214986,0.2743169400885458,0.3755765173919632,1
0.310712702143754,0.7952066495670275,0.24572069224843496,3
0.10188189307784079,0.0909205700625213,0.2505370696395519,3
0.8294602733390046,0.6725704087723783,0.37433760638035773,0
0.4940401383790797,0.6788046553914912,0.47419074371093495,0
0.8548217579117751,0.6151064277509808,0.07558246600033025,2
0.3834578023171209,0.2976739666768661,0.19396458467199418,2
0.5014771458837419,0.16753472206930176,0.4803971557522245,3
0.29957281521248447,0.4785131670127928,0.1503085663477729,3
0.7633560600630159,0.26299152029244566,0.6808483302448245,1
0.5363435984955849,0.8147045444262202,0.2558935941184797,3
0.49593318147215515,0.9526450677014963,0.29176401594311907,1
0.5729768643182896,0.6005411202373192,0.719951876759401,3
0.6476597734840785,0.12598151509519184,0.8478165962672173,2
0.2510240961967847,0.5935092943550117,0.1834863022108184,3
0.20933337253939976,0.9109336886659362,0.7517276431723477,2
0.41475869845789004,0.7352759455966551,0.8776854493682124,1
0.025704164986959488,0.3181129044603578,0.3812078438877743,3
0.30414251151102556,0.4649909937141289,0.6648187825780449,3
0.38631443811819055,0.7504906007596263,0.3520765786964942,0
0.34647250537001895,0.6291047714007446,0.3421771714688904,2
0.9516977357215467,0.02254427233803802,0.3751338911738893,1
0.6465531117779388,0.5044380781917901,0.8977952951633452,2
0.6398008120630914,0.8027041849937752,0.9666683757105401,2
0.9494845893495932,0.545150948767555,0.47291529346876104,3
0.2345604068830377,0.8392154006306862,0.2232040739317589,3
0.9698852669553659,0.7042481718439527,0.8296527497481218,3
0.06613084242517742,0.33597997666829804,0.6634540493110305,2
0.6238217873196173,0.2800525550311108,0.3857903022221292,3
0.5519652316009156,0.11945461112704014,0.38173951100278314,2
0.6373606989775892,0.08782162842779206,0.38444164987463303,1
0.7022809755551074,0.42603171414720153,0.48415929977681693,0
0.5995773616304441,0.9656944167752919,0.7166356971574108,0
0.12518902950936417,0.8481991319002484,0.11653195066646715,0
0.6325754707299768,0.19364325618393352,0.846599521953334,2
0.9075193339479466,0.4655227462501037,0.002545137847212886,0
0.7842992866370285,0.2839131385438832,0.1728794804789645,2
0.12351115152205772,0.1608672410240377,0.9718253548501781,1
0.479888943410654,0.6509711703675838,0.8892974423398641,3
0.8170177564889199,0.011972603918564584,0.4618659146369415,3
0.9344213002216414,0.12989780569684017,0.03574778666750977,2
0.48457838760159977,0.5736284816625185,0.5962753707619676,2
0.39236257225688775,0.9618167668788528,0.8449359741098593,0
0.13623548116593887,0.6676043350607167,0.5206723560911947,1
0.3908923285372884,0.4977614823992126,0.524715841555009,1
0.27198724130753427,0.2420081256699712,0.847594234548542,1
0.5720210184849553,0.5412655118757642,0.3180540761940204,3
0.7352667342392616,0.7474814033498705,0.615982286439242,2
0.4287062698332933,0.7061620084368089,0.05867232261983579,1
0.22562708225822026,0.7060556791362653,0.21460457921398468,1
0.5543715303932273,0.795315175107207,0.3933295138863957,2
0.7771119893303614,0.3841913374822925,0.4461817743639348,2
0.08592060829727122,0.07419293245502656,0.13039158600916056,3
0.17490402628107637,0.6882479203872197,0.42331799805848724,1
0.28753886216290725,0.796160373021648,0.5946465577482734,2
0.41785047401618836,0.49490923708944423,0.8000454339356661,3
0.8252973576775607,0.04334614134341441,0.4460104311708316,2
0.5348500828126262,0.7563205800161023,0.07667682428057032,3
0.7213992699623121,0.027957207635881054,0.5202168088336728,3
0.1447725725676835,0.12900380875083628,0.8006171786949912,0
0.8781760745563125,0.6332195804029205,0.04132499141222368,1
0.3057394807398225,0.12175675048831236,0.16450842230986806,3
0.33293780643953774,0.020097973276094194,0.2901472307353179,1
0.3394057120733138,0.5878408080519537,0.7549750672616584,1
0.23083953701383175,0.10032428138604133,0.7732598431318611,1
0.7962850965085905,0.10079707063384635,0.24886230460250924,0
0.4072552145156728,0.9150318595799821,0.7111062978633444,2
0.7001190150137662,0.43441023301659576,0.6261448818502406,3
0.9892898931455412,0.5834110955848018,0.7159133159767102,1
0.6577753830963876,0.942455534844126,0.9278417150967474,2
0.24314336753763544,0.9776072216390329,0.8917039742832846,3
0.3923668759313216,0.7685128439798425,0.7609438109903666,2
0.28105432586292667,0.8463297451863356,0.03830405160198613,0
0.43506500667411496,0.6774084297646331,0.9494692004039476,0
0.7603818180732026,0.33998861847336137,0.08464179397309057,1
0.053654670632619195,0.8105410712274829,0.6800023903337911,1
0.9095748072467285,0.17394627061282963,0.06096176474524628,2
0.1387760772802109,0.25076698709570255,0.9673251982345379,2
0.5259227004910274,0.39657767219349205,0.9860708623715203,0
0.5585595024240924,0.7285499017861875,0.45855794223111,0
0.8412691502043054,0.6155390582477248,0.518845707370705,2
0.0003857793667153553,0.6583873123424955,0.8641246487992473,2
0.13895003665454775,0.7502928157428675,0.14797991370544428,3
0.8780005091299574,0.12208867301497128,0.03109703444203693,2
0.8884858805100676,0.5382753556882954,0.35421217443213704,3
0.6578401165650855,0.4273312882210941,0.8794946831681394,3
0.47286880062568004,0.9799726735298554,0.7717286374536713,0
0.9455144998242717,0.25058881614843853,0.26324507876165726,0
0.436234731452392,0.8618195250344447,0.08075426816003184,2
0.6967688890722364,0.22548889073738287,0.9258768032944887,0
0.4337584111697391,0.6855240718145911,0.5114728783441367,1
0.3483490722505457,0.5899813424840915,0.19276221495873347,1
0.29862721458785846,0.43994885008100415,0.7949882916376331,2
0.10490858591536967,0.2997787247490977,0.5654580834409533,0
0.8781973680462508,0.07210335601506901,0.2789941626748548,1
0.798771652548465,0.30113524908968714,0.8745359607049268,1
0.6450151593708272,0.7639648042732913,0.5043890157507699,0
0.8386376388345053,0.9756190078957626,0.8525061827774526,1
0.7885709117127173,0.14641334168941533,0.3123876312171553,0
0.8637996668412787,0.3622338111607798,0.33165858658458136,1
0.23521196745826045,0.5626181194772567,0.018316347194830773,2
0.23737915961878542,0.16346641603049172,0.6975632357363305,2
0.331042928499652,0.06035739454272537,0.8198606442668878,1
0.6700395781136155,0.9802777165018506,0.46484990221668976,3
0.2420545830612595,0.27052709347788473,0.7567943626055322,2
0.4603936222911029,0.45025970846456964,0.8349972542179444,2
0.7828625110482479,0.8856182939165186,0.9247541851195026,0
0.15538877525822803,0.9335155554748809,0.8083065560918871,0
0.12367758065977208,0.8082945561757041,0.58013712058288,3
0.23823612664960492,0.9866348451847291,0.429214858259823,0
0.02386360079832306,0.12631322957681634,0.7417609996904606,0
0.4841106602354709,0.9282784775578988,0.47667583553084303,1
0.39746359489618277,0.88359985358906,0.4141012580118364,2
0.14954128174560932,0.14164468716645306,0.3406752436982762,0
0.06562305693557191,0.15615207811705223,0.3397170504623891,1
0.5571322149136254,0.7417181165911977,0.18125224267769136,2
0.6111747011515282,0.8654070278675109,0.12881869151406167,1
0.7273679456624023,0.2999229058175126,0.08128295962121579,2
0.997037582674618,0.016395509762449634,0.2675137195055747,1
0.5281900942507035,0.5079346609097759,0.0235645410465235,0
0.016874368619933522,0.1451624991459315,0.18264656671548052,1
0.8751814461280394,0.43530453765003585,0.32153856256176927,1
0.443150990053808,0.22198005502555573,0.06320943045432759,2
0.6088707246311968,0.07505441688051029,0.9975233812940105,2
0.5035681565222875,0.30744470078282227,0.7667298563196319,2
0.08444157663263119,0.5460151105104032,0.7479916911470182,0
0.35389770927956865,0.2294042494483104,0.22456681648062515,1
0.703807939959743,0.5062666378799128,0.7178675025903012,0
0.8901492204518829,0.3670427801857674,0.547319999995241,1
0.8913831035580738,0.9947050517719077,0.018391830347266214,0
0.6755839145762242,0.14451156756694905,0.1452044676509554,3
0.08723803242986328,0.9930814647852095,0.3684613898043094,2
0.6090201004723801,0.5642219394891456,0.40403467770819024,3
0.3604482039031437,0.2407518523163653,0.79021559490588,0
0.39926600204720875,0.9724017835859757,0.012014352967654518,0
0.21708932399165726,0.028204711055558662,0.33392802273417377,2
0.16374695847978427,0.6161549749612741,0.9692020517685606,0
0.23788267760200366,0.7612688644292369,0.3947521534576368,0
0.19860255533803162,0.047061473947836774,0.39582177372750116,2
0.7532476972386408,0.8031922339929815,0.9287122568295858,0
0.5704572917977608,0.4443690183008656,0.48336926095109645,0
0.9007121643819809,0.02407068012815816,0.35006361710133493,2
0.4020081829155978,0.8085885141788874,0.25708554915834236,1
0.9405774669281353,0.5264167227316973,0.61223816984433,2
0.8508434829796888,0.7546469031101868,0.7528409908819251,2
0.6180449486178239,0.1526198605126795,0.2530030879163919,0
0.8973752549423553,0.6205355637182564,0.6474579300630012,1
0.5072420888404305,0.7748965626302826,0.15024426399239033,3
0.2429892463181479,0.08591743427279508,0.6640668386666627,3
0.3337420506893036,0.4578380963217784,0.5449939866210866,3
0.3735703267026723,0.47536832422086195,0.5000345156093584,0
0.25457060931969755,0.2982247698469258,0.999733589755008,0
0.9678505550254372,0.8344539045902494,0.8308030837477488,2
0.8725383568051437,0.5248186166693248,0.223409823092931,3
0.12386443169475392,0.20256444386849937,0.2315716753465057,3
0.039292862811763585,0.9996337132745697,0.9979348094860255,3
0.4083456864149989,0.4750822441063983,0.2683990005696876,0
0.20341303172654068,0.6344401489737774,0.44538021930633676,1
0.40137355895076987,0.20730784546240233,0.24457317995527006,2
0.4743398849639321,0.32599552733336956,0.8938705705993653,0
0.02933337280154935,0.36462011479490897,0.9666463340721211,1
0.5159008151811741,0.22695406945217345,0.06710355933804324,3
0.9425436139802907,0.24212798063926055,0.23357306130390043,3
0.28789160474165143,0.19791098684037434,0.381703306448396,0
0.2926028547534397,0.9775904410479114,0.07483195501038176,2
0.8919559426884612,0.6180428770882285,0.8578240604586683,1
0.07717118535555068,0.03135224170777706,0.8670246306915258,1
0.5220087977417399,0.7930672226961952,0.8869396008827168,3
0.7002991464650651,0.3937439688052926,0.5223668974906651,3
0.05363701813190802,0.13688579385899424,0.21572333721235293,1
0.13893287157751,0.6987008490916639,0.4877735565982799,3
0.7351525416507515,0.18865318714427026,0.353422598822448,2
0.293592828628231,0.5217564207116571,0.506092439427532,3
0.019194752319363406,0.2948071987263077,0.7260626879743105,1
0.42762942288898553,0.6548491278260957,0.6026578692386408,1
0.44986952741976594,0.7258398735583171,0.40616499180239585,3
0.48573433696030077,0.3457678627724372,0.6191720918957712,0
0.13138010372954456,0.3518777443336879,0.4579196254135307,0
0.37714846213407316,0.03355479000176409,0.6970009596178668,0
0.7725263948032872,0.16905111175044552,0.81057527077992,1
0.23317425372433775,0.34157046288414483,0.02292596233271038,0
0.10439763900541033,0.6310468037719588,0.9251552798648496,1
0.6893341712378985,0.369275657287244,0.07114185308317422,0
0.2441820204402435,0.2191238516027748,0.9830563534498759,0
0.3056752519831438,0.5026194767365566,0.10877821666114085,0
0.6853975954333762,0.8367146694395078,0.3943241229439196,3
0.5609979146956917,0.10015831369867123,0.6761393435730748,2
0.4846954069328101,0.14034535216773913,0.03696177755175334,1
0.18767336302786042,0.8410786686701401,0.9077484059473268,0
0.8486678027575684,0.7233089380857106,0.7566163182152238,0
0.8911094311622381,0.329994480915785,0.15127967811321064,1
0.32115876005948574,0.9956833864563659,0.17642348903578242,3
0.5985336665175673,0.31029837288380746,0.3034881238100503,1
0.8520387577565436,0.280031810453256,0.0375520992655104,0
0.3756151457135486,0.4311260297814068,0.37945553566010026,0
0.8646492016817221,0.9890405701296863,0.8386570146027795,2
0.02871229923078844,0.1855822233134503,0.7996051835634964,1
0.6092888890291683,0.9334621901800981,0.9953036499870577,1
0.7203493157892888,0.5684786948309671,0.9518847815512775,2
0.9295932057459838,0.6076920372070115,0.09455806620802498,1
0.4195467896597358,0.4709792303356133,0.6033249370276751,1
0.9097519801674333,0.20594959546462688,0.9086289009750496,2
0.611712160344842,0.7429125127371244,0.7492447489353649,1
0.3521081591330555,0.013343534203836938,0.07100797649063184,0
0.3599373718972353,0.200900058525739,0.7342023646269461,3
0.5400904678970225,0.3423053894310988,0.07401462393335345,1
0.7475983801326427,0.7419189036610091,0.939324804415298,1
0.46439905476169163,0.6613591258735337,0.4713237745782577,2
0.7413389952922,0.47620381961477964,0.6658989477575424,0
0.7285653303308559,0.5068479763322575,0.8385294583867464,2
0.7860268727861429,0.7303321804815359,0.015891379404460504,0
0.6883239318243451,0.3390586619341056,0.4019670367637672,1
0.4371209301509428,0.7280881841858872,0.043359312036486686,1
0.13663617009109275,0.7367348808416218,0.10456162217795573,3
0.054085537515697446,0.7782217084709514,0.4920822200717777,2
0.26237736183949656,0.9944780963543336,0.13129610141738135,1
0.12123262243413668,0.486253984065372,0.9191187502844903,0
0.5497556261332471,0.26783885653489625,0.1937625752704688,2
0.5406252648313739,0.4403963211137144,0.6221000346290978,1
0.36999910108416667,0.7611328893221267,0.9784063532914326,1
0.08959156448091055,0.8814783568056559,0.5151646951834997,2
0.4586971455537172,0.49378373158513156,0.9939695938303347,2
0.42923991018998664,0.9742157978779649,0.46123367996828146,1
0.0008273572575886456,0.4695276442149091,0.9499580697503794,3
0.22099061878297555,0.9136674103978171,0.6563396093938646,2
0.2082428912349622,0.9535603604206134,0.6196662728341675,2
0.06503011959272675,0.27291271688149266,0.937624597748269,3
0.6357840297595619,0.41598740954071145,0.37606343839426026,0
0.7789253104416837,0.8840471703897093,0.08053679487920629,2
0.6218975545529721,0.3286563758885145,0.4171266761303346,3
0.06630759682253695,0.9582747622259943,0.03827108345692165,0
0.05507274394114814,0.40425400715094184,0.3045031626377659,0
0.5709834705284439,0.9817202485635506,0.9560656702606555,2
0.5344307884836286,0.05042237350373924,0.4097012637505666,1
0.772977792091657,0.19106301775690082,0.1433608028919683,0
0.6887641225246923,0.05537575261613703,0.29666089366783,1
0.2804116647785778,0.007981962460912984,0.12942513314720827,3
0.12374493928559105,0.032366242638343534,0.12903348722520858,0
0.6354793078366551,0.609618175434631,0.49906809811198627,3
0.1939421853969613,0.9746597820716278,0.805403466247023,2
0.9320819761026499,0.9061456645123867,0.10952579620440694,3
0.35715413789502026,0.4719955115305998,0.9428208000611942,1
0.15450746964517004,0.4153352842337066,0.8019637356263192,0
0.07138711139221843,0.3425997798438185,0.14391879013737063,0
0.662810235421848,0.7994976670482231,0.31067330523379133,2
0.8739454774085189,0.07876282621222963,0.08304287857953896,1
0.09335226218971504,0.8068406666760581,0.3427397040823513,1
0.9509764200040676,0.8205536241536748,0.4883447029526191,3
0.07932117171371433,0.1692546297913069,0.11900451381450128,0
0.062465467458598156,0.25362707394766615,0.07749599991545575,0
0.19788420840313858,0.847560124853863,0.9764592367162828,1
0.7254102422178511,0.8019810602414977,0.36864932123862204,1
0.6998416334375175,0.8258208435251965,0.942182324430154,1
0.2919523578989378,0.9468453248581531,0.9124063484608467,3
0.46454168562570175,0.12937278878304637,0.4332019226705649,3
0.1553325435710361,0.8789061866262498,0.9563529011839944,0
0.23888372426006588,0.9247894032768105,0.39318397682475226,0
0.051104046507961076,0.2595004728964281,0.9262657577740795,0
0.8736546196247075,0.15131707869068167,0.09794952954786762,3
0.5732357092953977,0.14267183806684547,0.710917190684021,1
0.7766437825411515,0.4208977019357347,0.23438765879290668,1
0.838829609340343,0.36780465837430676,0.8025801250031657,3
0.04588489722822908,0.7176410814193653,0.9028219751249543,1
0.41914619982660306,0.26970962074601024,0.5597002190873387,2
0.8745043872921717,0.3056529927972731,0.144323346372893,3
0.5425406618558332,0.07865868954692823,0.1333406698941576,0
0.8871676700577391,0.72520119368834,0.07531349589637637,1
0.9250889198706658,0.14513957041758552,0.4589635169399898,2
0.36329303642363864,0.21888598833510553,0.035414088679376565,2
0.7604207592466198,0.9333869314082289,0.19416078465920572,0
0.33325655457239234,0.5285143704672488,0.19151135465465408,1
0.5735094965829671,0.49364736434929324,0.44658817817579244,2
0.1301512862743699,0.3735119031711541,0.7767268883535993,2
0.4458272658037239,0.8782656107320671,0.3486669051093627,3
0.22845351757780208,0.029194986712735904,0.8113499756721291,0
0.06099357130325467,0.13607381215005088,0.4827428548036262,1
0.1764191212103703,0.9499160028581585,0.7952859797143811,3
0.14110252451453897,0.4189594700596311,0.20215396195078528,1
0.38540411541466335,0.6417138156454237,0.505749911720331,2
0.11668452715602362,0.8795447393281057,0.002153604828415978,2
0.17755537281278633,0.7123770391027859,0.43559793254072343,2
0.4834575104895522,0.6763972358914848,0.4453652161270433,3
0.5959002087950132,0.5416233707980126,0.17547549541748808,2
0.30926720521930584,0.674765346840165,0.7115949756769124,3
0.6323182990729913,0.8403798876453205,0.1292808128370977,1
0.006667768798839568,0.24668425131299476,0.11409899839598614,1
0.7804298056014943,0.3855391238855994,0.348802530395255,0
0.11913390105438071,0.49906229042805184,0.7341006512662953,0
0.601192954823424,0.5321095263590249,0.42818776068386777,3
0.7112275428815897,0.5439164989530952,0.28422233296294064,1
0.7395194996734967,0.1417677951241999,0.7523953635214597,1
0.809528433329455,0.1493790281544336,0.46618561330459685,3
0.6978099272722844,0.8120246147647832,0.4912384275984265,1
0.5646731998302832,0.4634234009463081,0.37317488023996903,2
0.16085806454053608,0.5662088886526401,0.5340126701033372,3
0.8607968004235865,0.3092976735311631,0.7741001213528244,0
0.8112110973692901,0.5774158794822359,0.7940611449240196,2
0.907230260484905,0.5590249103470117,0.7331680921522599,1
0.8733637648446942,0.027408161473682524,0.050421234127015935,0
0.5525558420107929,0.046909448524685704,0.47953682030903344,0
0.5199472994578349,0.14124606379511873,0.5085685609636804,0
0.8193084372594674,0.23573894856850341,0.0817777943193485,1
0.22242934188871233,0.27038627948443816,0.9348080124578243,1
0.7545145010269543,0.3603675387460127,0.47181447075515026,0
0.8574185894115834,0.9229330530861917,0.12083575567431326,0
0.685194117283444,0.4795984973076478,0.5758718449542761,2
0.26692694708353804,0.4956960508670104,0.5106443999351704,2
0.5833986843098182,0.18294441949809814,0.8019812841366301,3
0.845462106721826,0.9385769514489408,0.14958239591723632,2
0.7235501176501364,0.8111321963186068,0.355368033154673,2
0.040775312540060504,0.7043499834243787,0.38317021314602884,0
0.12357654935674167,0.22718435262375924,0.495149497772713,1
0.8954089050590928,0.91909136761084,0.5122679995205419,3
0.5330546647529462,0.9691647410696898,0.42845572628882933,3
0.9286026339161865,0.9107009948518185,0.8698378127956805,0
0.007357074777462169,0.9573466153322858,0.9330232035781423,2
0.38700669383406927,0.8690133175535569,0.23999103853512627,1
0.1934654088475064,0.921734341658913,0.3402851993066732,0
0.604658679652848,0.4827287717064811,0.07808240038310421,3
0.8308162601449363,0.28529534900549147,0.573256526821867,3
0.4473430882427537,0.31567563812736366,0.02300044944959856,3
0.04712675734589167,0.2159087340456498,0.9799466129595195,2
0.6740437055002101,0.5462437438955616,0.836831294929549,0
0.6007528375583338,0.7517887916367783,0.3599251278299975,0
0.6978113625873944,0.3686516926815253,0.5101166625469195,3
0.24455210972646768,0.47271949182558703,0.7806156635768743,2
0.21231857244231345,0.8372845426837859,0.3959447969671488,3
0.1987701200655858,0.8773215683876155,0.7337761471670667,2
0.9390772096652534,0.5486830661534357,0.6690642479296858,0
0.3788091464401354,0.8731543143633628,0.6726685768666696,3
0.9565501090295204,0.6506396604783238,0.25570517316012853,0
0.004993660309135728,0.5101786371536376,0.47765475421420545,1
0.34313268874420966,0.9749235687760945,0.749282129613984,0
0.9326299672060314,0.1005773870556338,0.6188593127593689,2
0.8111963846541629,0.9607979243602759,0.36733326421477375,2
0.8340359229137938,0.41970219986377366,0.6492986854539147,1
0.49846718926748923,0.9915126519573403,0.5418441322664711,0
0.9566999121241013,0.6799449621421345,0.054073102297845344,3
0.04308354008592663,0.9160770816438798,0.8234599315529589,2
0.6969979433879215,0.42198160580346555,0.7711914579632744,2
0.3380807316117723,0.4937898671444848,0.24447999836998657,2
0.12609352931187268,0.4083375437496499,0.9842713075437679,0
0.3266112581020797,0.877458353206241,0.8655698007191496,3
0.27716887972329995,0.016013307195448245,0.6026865610529516,0
0.8444942007222715,0.7267714407144932,0.9515995043898927,2
0.5787754978818324,0.7838364093353639,0.4608946797930469,1
0.4343399566280792,0.912394487486307,0.1616128158951069,1
0.3308980968660028,0.04859979962363936,0.7417578315036917,3
0.9538853451942012,0.628397979718938,0.6631236101834879,3
0.7485438198424118,0.8761442048295558,0.5749712234943163,1
0.542361729558806,0.13855023482524698,0.8202151152661922,2
0.2800148142689646,0.1498202381749233,0.3020448542487647,2
0.7511784860371051,0.9669309708451757,0.7021557271935859,2
0.5495694982940854,0.5816677608761284,0.8174886196946487,1
0.4150612570492228,0.7590598567572375,0.6192554255885313,1
0.3965309994454308,0.2375549946566684,0.7202651339955157,3
0.5106852973557772,0.972416595139762,0.427716025892264,2
0.5281551446687391,0.8149840531796341,0.1872529305807329,3
0.24132104656784614,0.18214141893167335,0.9766838903146932,1
0.9851587866182842,0.02786701363506716,0.0011054175004369116,0
0.6964735616274621,0.6397104552380144,0.8199742773942784,2
0.6810108454674902,0.621010290482062,0.4733816515050788,3
0.12025807162669944,0.5055316855180043,0.8407174339976713,3
0.8340357408761135,0.08230869211847647,0.3197187270180928,1
0.9025289804225947,0.9151030881566623,0.26005941656529274,1
0.8301709378591464,0.22343127482698322,0.06242641001802951,1
0.19244061051996808,0.9824052699778455,0.966444971245612,1
0.8454756780005798,0.3528153618069195,0.19436628484229113,1
0.859476560989662,0.9562148787746749,0.016104355958240668,0
0.719632171052834,0.4844828444620747,0.3235620845722633,1
0.4918025505349478,0.37470900006931696,0.7438638308139437,3
0.18749546302315867,0.05142216810254052,0.3918055607841776,0
0.6071815967322819,0.8703696515843401,0.45483937050715917,2
0.4704822205983039,0.5391482789828135,0.19662930805334877,3
0.8812030808067762,0.9370857826525352,0.23204623898928423,2
0.27533662140002013,0.2913611318744158,0.7295938131339395,2
0.2281645740086824,0.1775512304894049,0.17270630882892957,0
0.6282155553676109,0.5568487531915067,0.44469258575464254,3
0.7371362662746385,0.672341035108919,0.6702603040948397,2
0.8778273301412572,0.04244411477621812,0.42631604224357833,2
0.28777513803547283,0.45462366096746276,0.6046747696409148,3
0.2370135513887225,0.785153790565885,0.6518718130926336,2
0.3681560566020379,0.18510842478634848,0.30396958982714295,1
0.7708448770795405,0.3664614500357978,0.4319120314962279,0
0.8047228206242496,0.2699872859124145,0.4928954466821368,0
0.38350929319125204,0.4452670224261158,0.7082674274326952,1
0.3684691062983637,0.44814420839380276,0.28589169967006545,1
0.8691583846563647,0.5966958049642443,0.6180235867197374,1
0.9061542363147267,0.17543028229385838,0.9167702703454635,2
0.8827026667746868,0.6994903106646656,0.17854725032675334,0
0.010483917312663849,0.08183006581027574,0.9083445668305075,2
0.7813323415898711,0.9517977468663599,0.3882101786117629,2
0.49682688732191393,0.409599477540067,0.8376341638628962,2
0.4840479564586967,0.5742520207057648,0.5239081147838295,3
0.05501069581165163,0.5699474254722328,0.2215361951763566,1
0.6577862559525373,0.7021908575767696,0.2873503763244082,1
0.36942533760059504,0.6635063945774053,0.6253772038476941,2
0.8100142762456722,0.7768086169210213,0.5043361664239523,1
0.16103982207841527,0.1448416489858958,0.7233527077205651,0
0.9713806173791751,0.7604720882572791,0.9779189238827151,2
0.531315314908824,0.7869835037868268,0.040548430011525305,1
0.8937432884075596,0.8129883012606955,0.6590968714592311,1
0.10342870643193436,0.5980186983824591,0.23775995121136284,2
0.2658965388119793,0.45544075708824794,0.5874709324851973,2
0.6668270819396951,0.471769191474104,0.8072372471442438,3
0.597019765440621,0.944970251104685,0.8380556846335598,2
0.31459610760237,0.43355014479068477,0.3203293418204374,1
0.6567882616500724,0.18261069080305825,0.07494989643889649,0
0.3279431180185223,0.797893395194731,0.0886053306597413,0
0.34989212835643213,0.3099218671104239,0.6034205617546178,2
0.6020953073262,0.29065209033845996,0.3727208351940523,1
0.5470889802269651,0.702179225287463,0.2086039327095367,0
0.5761752265722446,0.5949807778751312,0.9542322650992708,1
0.780102379051226,0.16102046839800688,0.21650611220719218,3
0.23940794771065055,0.13833426720998254,0.17633165112144,1
0.2629948877664543,0.77121976133828,0.8843711253812134,2
0.6926561447916172,0.7087324452683036,0.652583399188552,2
0.7141731026030782,0.20883181534352346,0.23490227678541642,2
0.7544005137194785,0.3809434939365881,0.35610404516299277,3
0.042774974985961056,0.5860448860472972,0.4874100159711052,1
0.49609158671528353,0.0618531648568047,0.9653371855376276,1
0.4046014013966063,0.7851035128663418,0.032861325017109144,0
0.14935908559237177,0.5235706177116766,0.5611927826833498,2
0.5832438796391877,0.3552899888725326,0.20970667199642468,3
0.8110858111903121,0.04292513436124901,0.9645856212146809,1
0.9694403394227249,0.00673874626892168,0.38110446398927555,1
0.8084396866512018,0.28784574953140873,0.617729565864499,2
0.16874093574881288,0.10847232955901787,0.8772409199458344,3
0.5182968977722932,0.4543583839935731,0.7655178268685167,3
0.5910280727324057,0.75265258918619,0.04126099752849677,1
0.09824851746493268,0.8629644197644202,0.6863432030784051,1
0.4608442666339384,0.9494164455671824,0.8626143568612016,2
0.29026810868030783,0.4523757427900268,0.784682876880242,1
0.3989271708788594,0.8261462190648063,0.8018104480866624,1
0.9071872464151708,0.11190892969947985,0.9998036917167986,0
0.5971534350754268,0.4448180919875202,0.2908549151550348,1
0.294936884452755,0.18479669575111835,0.7557616271132805,1
0.31932935482822333,0.19112199761854187,0.6892601442092586,0
0.6104277141428759,0.6890785534569239,0.17017162936113106,1
0.3600618700613306,0.7550872602258097,0.16122531143414642,1
0.10602638324757141,0.69406818452845,0.21701723350153101,1
0.5533359667854267,0.5555175068159044,0.7673151565602979,2
0.7189839469568758,0.522488433134632,0.4662929012971583,1
0.030613815767023156,0.5591373485175892,0.7195489674221921,2
0.40022051777879164,0.08489473661303082,0.5913813943296018,0
0.03784943379495853,0.17500609851001625,0.6528413211260821,2
0.3071396886998373,0.27224217851245625,0.12927811922806454,2
0.5962993397129369,0.7506336072609833,0.3332526655790027,1
0.45677335009619835,0.8620246443127844,0.9007809282235143,0
0.9733020987269162,0.9235811738735393,0.28310480831568974,2
0.06167715817384212,0.1437527994554616,0.3323485911007318,1
0.14639586679293415,0.3920473948673513,0.539852002603581,0
0.1572767093299987,0.14972324198108733,0.6531848857264271,0
0.8715402635083527,0.911554237954001,0.1880995047190862,0
0.05838747605219641,0.7125332125078128,0.2135360495752171,1
0.6514436877169753,0.8478841278782012,0.13833317722884597,0
0.6773505643324865,0.395602277296801,0.29360499853106947,0
0.939800654761302,0.41277838780276255,0.697109959200125,2
0.5912251545786434,0.8600308198153132,0.1952272964604871,1
0.7739982410110582,0.36835705103474503,0.3065677496139877,0
0.36408968666532704,0.810121836742395,0.7101969208116704,2
0.9873373505332118,0.30233376122996025,0.7520882753044615,2
0.980317970098053,0.7247015422876903,0.25235258038645914,0
0.025345434701598113,0.6705673665715735,0.07062569236323668,2
0.4765964228293009,0.33577883884938786,0.32800942011587053,3
0.5043101797150885,0.7092402045625643,0.9878837724465215,0
0.74115075336692,0.08007572198999346,0.8563263601568621,2
0.2267566933336096,0.948073361110758,0.2879504911671795,1
0.5904914714828677,0.8070618100159352,0.09560907301185406,2
0.6209740838703468,0.36976314952370937,0.9164972959701135,3
0.7213207252049249,0.1535354312650914,0.007991916565549761,0
0.2740909544283726,0.2002737315679367,0.11785621118403056,3
0.4670375325797178,0.7104068225421464,0.7553263486867405,3
0.22194084627517807,0.13266256940951526,0.5558282075460309,0
0.005532597371969983,0.9692130008005367,0.8948685934168301,2
0.8274199975430413,0.06687423865633635,0.5805951695420886,3
0.44605115147922403,0.7769060956365743,0.6096988156448897,2
0.6785903755949344,0.44531627532351703,0.3124762065209291,1
0.8601666248394523,0.13105535256217726,0.30245621426769365,2
0.5306344815734653,0.42716866971511025,0.8157957776799437,1
0.6417914014601253,0.23028839653731448,0.07138945334032976,1
0.6211844016727452,0.3559762762547771,0.7183913554996939,3
0.7972038335759605,0.706487757052141,0.9898492902762387,2
0.2917005424727268,0.035402507139184136,0.21806630999236587,3
0.032921318452967196,0.5861180721455078,0.08377551628199575,2
0.12822696339184647,0.40772356395501186,0.40723761160270466,2
0.9812170943617955,0.4119213262028798,0.3899103052724817,1
0.609498020781304,0.7245424349806862,0.5418964640621493,2
0.9402568200373865,0.22769435754619272,0.25792473435616503,2
0.10713231381852406,0.9265999854699437,0.9870310668379066,1
0.24574545871109366,0.5895671812519754,0.35145527871226534,1
0.6903480778268715,0.8416938460799126,0.9608639530358806,1
0.7389578959264587,0.7670278969940693,0.5344900173882308,1
0.930021429830701,0.8177105827541422,0.6953880942731785,0
0.5616358020078862,0.6732795542199648,0.45559547595759264,2
0.4595631687912113,0.1807401337398341,0.4172915358962118,1
0.3862048999482971,0.040128085555530935,0.29272026625431213,2
0.4726656068404168,0.5206212955325099,0.13820673843428255,1
0.008047922884092396,0.3540463702265687,0.5460228402237693,2
0.8175202813193282,0.5054120397553004,0.9776399876652331,0
0.48069781744387985,0.36259723740620053,0.4159067210298021,3
0.20778089468722938,0.07215607259477863,0.3148921195725696,1
0.3827835953704868,0.19512979701838995,0.6837327941926578,2
0.4282306704172961,0.3282060272459194,0.8057307433312045,2
0.8295809795423722,0.7085216928827061,0.4319647857282056,1
0.49009934937714195,0.08302674245020014,0.9771216668904942,2
0.27675766221943954,0.5812549575406467,0.7193049687076525,0
0.5216642460984128,0.4806012508718066,0.9723799913883234,1
0.6383022284331046,0.08317199028190214,0.6574131056580991,3
0.9934978005427283,0.7155431381407904,0.5323192631012496,1
0.004173516255798981,0.9798167516487541,0.23537599814040955,1
0.5534279451656212,0.4243439989245035,0.5065546027005113,2
0.7692824509929419,0.36434473382174604,0.3146601354231202,3
0.09237641110926298,0.5264906391413313,0.7465207013062161,1
0.6287110158061184,0.5491893799596199,0.447672318285685,3
0.6024724682868291,0.8039102942340732,0.3792675409514691,3
0.7118868356629554,0.9420555651943655,0.8050111535145263,3
0.9138218864600774,0.19833558445840682,0.7918454962996699,2
0.33809872925233053,0.28570943897126544,0.8881089688544912,3
0.5370480878117568,0.6011199437786152,0.5284121739262989,3
0.6865459343000876,0.31505555148143394,0.7527902877071512,0
0.8176250953218351,0.30910732634677496,0.840168865834071,3
0.004640305567454761,0.8225012212334345,0.5902842518351565,0
0.9010388517164204,0.7058320050343807,0.8510184710428994,0
0.14482827154555078,0.7565695771379479,0.9249335612223906,1
0.04379855088100082,0.32115433362052037,0.12020988381925035,0
0.6029553711916967,0.14609196716451356,0.724172007547486,3
0.21905183014658414,0.08352800760929846,0.40684847378759437,0
0.235097100172721,0.6876824215765676,0.10956578323602628,1
0.4708270354013633,0.5203144281874166,0.45126691251218953,1
0.3866529941907737,0.5794961953349766,0.6028506230761886,0
0.2038630556907144,0.564705722296355,0.51732129309891,3
0.5457987476713863,0.5413759388073028,0.18187214496243675,0
0.8383822185305958,0.07733534988172353,0.25360888817759786,2
0.3002480587948798,0.6273312922101918,0.7509137674927577,1
0.18106139835064639,0.4254952188169677,0.12446728290091547,1
0.5045118642401692,0.9916804659473327,0.01943541491730838,1
0.5271538149615377,0.37179471447123214,0.2237106578070066,3
0.641928226386906,0.6246572688985045,0.04933381090705391,0
0.40237504621737497,0.6550447002465565,0.5473745024640405,0
0.7908401594490896,0.1695690706016728,0.6576686485684224,3
0.9435760265367952,0.6141289625773999,0.5540548501463803,3
0.6428798957483494,0.7067385069625437,0.9241558957028025,1
0.4686615972381789,0.28033904955417754,0.5470091612128132,1
0.9674516753715534,0.8862543608173431,0.5370915447592252,2
0.9201150060697714,0.29613652971551574,0.07471078034445433,1
0.9098079075747206,0.753363011266145,0.5281314440312537,1
0.1560704093268559,0.29771063037627277,0.58271249781516,3
0.559721584859873,0.8686812148633197,0.9347269305460184,0
0.7146863929294557,0.30845191941646144,0.3709864235821405,3
0.3974668341928562,0.752203663281828,0.6134659513493097,3
0.028616312126941268,0.48429939796311006,0.9717832216496508,2
0.7014959052246214,0.40874653654203696,0.8798251191842017,2
0.6483654377586511,0.021652997464613577,0.11534216525222651,0
0.11593690514876054,0.8071375411338636,0.4366871963728268,3
0.42581778968854855,0.9856158033630655,0.7605783503748874,0
0.36626527081006877,0.09105400050554313,0.6171374706466296,3
0.19858225453570744,0.9213477488609073,0.5124499915319036,1
0.7038013759523868,0.09996195798175012,0.44026812791812964,1
0.09311150870813534,0.21367112808902788,0.20305673766647792,2
0.7184996368811744,0.2567027697114741,0.5445609602821585,2
0.18062207472295633,0.4342006627752849,0.826759515762954,0
0.36534801459189736,0.43609784656183215,0.2132459320132174,0
0.20035554973850955,0.34102611442399666,0.6850395013589937,1
0.4727425689554877,0.9091751284781879,0.8015437716526491,2
0.941449711014468,0.007611405959476514,0.2426308569040082,0
0.6323518697191425,0.9104261415322449,0.8743507457752014,1
0.49766523114773475,0.5165378525608871,0.18252011572393922,1
0.5060770086317076,0.420348479054947,0.1688511666252992,3
0.47182464666215396,0.09334397760649138,0.631480887801225,3
0.6236097176892575,0.6912326415110123,0.9850299654707091,1
0.4688742653966014,0.10263220508439042,0.2860048009198791,3
0.9188911122768807,0.5424192242479667,0.9687862657198802,2
0.9000832579612875,0.30200023311356894,0.0903825149489399,0
0.5273165089121866,0.2688148964047007,0.6471871847808988,3
0.8793834249202622,0.15368083523686127,0.567501101963672,1
0.11974005273479515,0.44410790245376586,0.048535421789716815,0
0.9362246389670092,0.5715128110628408,0.8781934550204016,0
0.027819440350564828,0.40894413109640637,0.8897465297105706,1
0.4982923818221565,0.9399123217931459,0.06251878329644278,3
0.44208925247543573,0.122989927926893,0.24703785922919552,3
0.9512735658750319,0.8726422422042509,0.6398344785736984,0
0.26764681901559184,0.8149969336030052,0.78428169239253,3
0.9827324491264398,0.8802074254507735,0.05564534919091013,0
0.9737061007686892,0.6686684128296048,0.3267226397486396,2
0.5808391015659565,0.04719663705135746,0.13516009333151224,3
0.1906662907035659,0.8609840500473205,0.7638914022941018,3
0.7599935203809647,0.25245963853299025,0.8480259138142446,0
0.589003959514759,0.16344916623637507,0.053010415075642636,0
0.8737974165035597,0.7280232893624372,0.7386895387662411,2
0.7483737816434686,0.8836147734810796,0.6354340227325551,0
0.7413456159619874,0.04968783142501587,0.9854425768994542,2
0.2536775227852247,0.7514542146670302,0.6164752698009246,0
0.0867763510338162,0.9802982026000197,0.8572554859211007,3
0.4187156491265758,0.4820249247001246,0.7883623241179283,2
0.9854794133400889,0.8124877138044105,0.045681538962558776,2
0.10730151308878677,0.28894685217379656,0.14943923512489754,3
0.4490239813435847,0.7127014297877978,0.7684866306100991,1
0.060484265244163504,0.3157960325392136,0.026560926251829486,0
0.8895345773045051,0.2393963894931581,0.35103941422213225,3
0.7193790005245736,0.4260189998165711,0.6563464944532267,1
0.8119660701952005,0.08315819782636658,0.7117390390492853,1
0.6637413182115331,0.642805772054113,0.9964538354961705,2
0.11736338050350859,0.8340656145095339,0.7616209140757174,2
0.1492836294037685,0.7722301350289468,0.12986953142954705,2
0.09773029915319009,0.9615295085713331,0.7382294198897099,1
0.6134226977043734,0.47448115790102696,0.007406914099535866,1
0.8912099476797615,0.8284781762062053,0.8343741780517263,3
0.6777126925769487,0.7123404330304504,0.7662257203847482,0
0.49255219638647163,0.45009226098291044,0.2305051676068428,1
0.6733270451458201,0.4431786317352877,0.5799094466457124,2
0.38252787819097545,0.4655609993175809,0.21881817465794617,0
0.9661240362240585,0.2937423204154036,0.15446531535611785,3
0.08814597035074523,0.8536873090156338,0.010848153258386617,1
0.4604899706080059,0.31331721279604496,0.9465565401492417,2
0.8161946048553687,0.7591083240550435,0.39266222387644434,2
0.340602336201164,0.5661814380674114,0.6909225871820269,0
0.21230935646426363,0.6275058332168615,0.38589647490262635,0
0.4532458114293898,0.8335678838437953,0.3277181609797867,1
0.08573171452650408,0.7619368785323433,0.9457692657288819,1
0.10395691773016691,0.12808463531039427,0.7719042132519583,3
0.6620693854777989,0.9146677434207574,0.5864108205476192,2
0.8631482399580509,0.7712654355371733,0.5730535970891892,1
0.061561183861706725,0.49684219044006817,0.19787964714333617,2
0.39325095094262774,0.7802210772394176,0.8351029792025089,1
0.5265766220760205,0.8816758074286623,0.9933764648796901,0
0.9021576707095131,0.01205107229987712,0.8272256300786702,2
0.6251690164938812,0.8318911660431882,0.9939448291683836,0
0.6299475007180947,0.7865052553155983,0.9783259008431178,0
0.4308641534812595,0.3882100567477158,0.9088255348287836,3
0.7387822715100762,0.017176834268045504,0.711786480815932,1
0.3234046868989582,0.9754036051323917,0.9591432863987538,1
0.8332142665777719,0.8824709100881838,0.8667796338518718,3
0.6840481385220184,0.09155125584579549,0.09182134623367055,2
0.6877304867891105,0.9487081255412234,0.5960745965706628,0
0.5771457222364557,0.8452937912490612,0.9951264719113865,2
0.7523866901109245,0.7542449726297461,0.3877540710647339,1
0.0745173559793677,0.44082494742265144,0.299191402395655,3
0.8671102677272696,0.9171445001593683,0.5229746142887566,1
0.9205912206931194,0.9418661348537284,0.4456761231342884,2
0.39929326034825374,0.30299806893709846,0.03665662980102602,1
0.03469977998323914,0.5539029329356092,0.5142456730673745,3
0.28305484746806187,0.5132470635103822,0.3533581742672047,2
0.04255764914986726,0.08379782172076289,0.8422981164965717,3
0.2997887733368446,0.8992865578324157,0.5614930471286163,3
0.16326089763702378,0.845952133736239,0.11905022352424544,1
0.47041613899842005,0.9169236411296516,0.40063147631964335,0
0.2878241931097306,0.881884630686039,0.14745035792461691,3
0.5815584483258124,0.4429517349036738,0.6421626346445146,3
0.4706709485261581,0.6030932630638238,0.09213852078951068,2
0.7889911723596087,0.04682082663897602,0.01104504101890491,1
0.5018719196498665,0.3912545437259548,0.3051899365857439,0
0.054820018596967834,0.8580510884947713,0.39805119635117325,1
0.6841270859985478,0.7726202075264543,0.8749410600306597,3
0.8526857696923782,0.9237958942472554,0.049305878036493556,2
0.4600881029138081,0.993439463214438,0.4970594591333606,2
0.4185977137719439,0.2775629440613636,0.1275073435555637,1
0.6049345399797695,0.9934206227918162,0.19151267022312013,1
0.13982383389610065,0.32846932789002936,0.4862528722856032,0
0.6120237436585391,0.7309530698822814,0.5604990244132219,2
0.9775343025742455,0.2839708881969655,0.11609262468950154,3
0.5194230679756258,0.0001391162947237401,0.23251691022225462,1
0.6558130082294139,0.014415138955268803,0.5987159733711713,1
0.28891312045782236,0.8602333320347032,0.6633300329279954,1
0.8592436290177075,0.9203289862024074,0.8702268991716136,2
0.5481915292552446,0.6301962235606798,0.19505135107287974,1
0.8533245214912765,0.12671686628151446,0.1618609184615577,3
0.304949623617785,0.09816379962536792,0.6023096792228692,2
0.7509540428596294,0.6537358064281628,0.6243317075241183,0
0.7171926210119115,0.36548155653087555,0.1541642681654155,1
0.08985564710654237,0.9329919599043733,0.1280733064680286,3
0.21691870716725148,0.5297858210566337,0.7868705235888198,0
0.3082831621839959,0.7270363991118991,0.6562426016185265,0
0.5517978287763431,0.5271026670594432,0.6174946538205655,3
0.648901040086883,0.41625964574205854,0.678041015542569,1
0.9847992592145417,0.9917746719197499,0.49595619707220184,0
0.10088011381631967,0.7352411434709692,0.4112852559136222,1
0.30291140351258117,0.9479678171271251,0.7375386650989176,3
0.20767208543686722,0.7534683281006197,0.9401796588524961,1
0.20054971556649903,0.614812187714881,0.9645177008447511,1
0.8532776296946091,0.4517918990426648,0.7101353238164387,0
0.829051577657436,0.4595052995535447,0.07931479773259442,0
0.7236351747804625,0.6013792147372107,0.8296112465590672,0
0.087462612655961,0.3190961425057107,0.5906341462126129,0
0.20157717962005572,0.7590932724006377,0.27933348386269696,0
0.8688898782420612,0.29944352530742935,0.7079624555235281,0
0.0015043913334867876,0.23604727084986254,0.709663863002465,0
0.41570194583727105,0.4064098551537183,0.3946318060749284,1
0.4255313639006165,0.09731727041677318,0.6587084265064326,0
0.6952730286972989,0.5478279324304333,0.2131341824178603,3
0.9523786449365316,0.35187616080457684,0.3298274076445693,3
0.9906888897385712,0.7138205060045566,0.3122670826099684,1
0.6881683091012613,0.8109274361678392,0.6949902406072485,3
0.9371871168170145,0.20039076501401754,0.5611167183585077,2
0.14458765097341342,0.23938135091784607,0.004891741055526699,2
0.8351320354001888,0.6018421452202591,0.08942073165855335,0
0.0935213261706711,0.2725821277892432,0.5224359384286135,2
0.1882681218811736,0.9600086847329053,0.023075783103660097,2
0.25246519822811,0.5636323379720412,0.29817120442184797,1
0.8427254128883542,0.9150354317269794,0.9781841052410712,2
0.11107847207542698,0.31479181819976243,0.17274610483302089,2
0.29622217152285324,0.5818795499403921,0.12331347526551018,1
0.4666828084274448,0.17804268858751748,0.8042135775460727,2
0.5848163793962371,0.19259763210974712,0.01710915773267907,2
0.8165360144333591,0.9504450978350074,0.19792811688088618,3
0.14982332824011402,0.8738236707632578,0.6420935212311264,1
0.7144699146076903,0.24942346116982494,0.3914356991770458,3
0.5745394111671411,0.8636646138747922,0.302501043849394,1
0.0015308189629692492,0.9865804677590119,0.6418666049951305,1
0.4040961348265979,0.5900796758537034,0.18033953468040498,2
0.7832001590032805,0.6436296992844132,0.12640750811996138,2
0.14800722031250835,0.516774369761274,0.4667135670454883,0
0.796360786905435,0.7598575824840758,0.950841454107378,0
0.6291910954977803,0.5795612360701187,0.7108440858670678,2
0.5480577876833218,0.8804932617066416,0.4506287138381382,3
0.389502222983526,0.35572379584896296,0.586154536077069,2
0.18283464433911478,0.1514702810416767,0.687807352105,3
0.5176348258125871,0.8374222399765826,0.03556399389883469,0
0.4309059364239235,0.883733982552367,0.6206476920646673,2
0.227338678579871,0.22135940517526131,0.43257659512910296,2
0.5496455020456152,0.6255180957614431,0.3804309658776325,2
0.49283248922966616,0.7567071337376537,0.13723435842778797,3
0.021138164496836365,0.839119663298222,0.6451035106724907,3
0.4128595460914384,0.4761410713683797,0.6098938139642569,2
0.8941624919371274,0.5596504417640081,0.6817413592960863,3
0.38986889365065225,0.31378896369027465,0.21565659067080978,2
0.25422407290594784,0.6245792000327792,0.5595477885973895,1
0.856368568588333,0.231276758373392,0.16251440748387525,2
0.8025932827046394,0.7943796931544129,0.0277067043273711,3
0.47763639406904923,0.44987069805336444,0.812331964980605,0
0.27296345495376484,0.26169130486843084,0.2282396939654684,3
0.31536588035203195,0.8877215256980373,0.3602525350314846,0
0.5668734805503397,0.5416149284453247,0.03363213821701572,2
0.3768461974107248,0.6787644552059234,0.4659345295108218,3
0.9432138137396704,0.026962282573859353,0.6044521577291682,3
0.7689913727803037,0.1675528361517934,0.06086292057832554,0
0.238433165874265,0.6798513394396054,0.8634577043271285,1
0.5332766354654416,0.9564191571761725,0.7290050828106304,2
0.9791290877135861,0.518699631224495,0.9190439387806865,0
0.07974115258419379,0.47368890446919065,0.33923735229572793,2
0.5494257583780802,0.38528887403257217,0.503595206696673,1
0.8986637581408168,0.8112942269772542,0.48800772858009644,2
0.5787877126694838,0.2744014483836489,0.5756350885884578,3
0.4413412789319403,0.7718667731521355,0.02566065515450655,1
0.3826823158207989,0.7699079509696164,0.8739773285533179,2
0.3634820915982381,0.5094922650020006,0.012567724834789518,1
0.7933513372760517,0.8643162014542886,0.0668877203991598,0
0.9956561843255348,0.760974482506701,0.7175805152819101,3
0.6819092780109074,0.5149869314368389,0.45715688818017086,3
0.20050217311424934,0.1675798421665382,0.18337464898607347,3
0.34259677192027405,0.7724208691350213,0.4446821416351646,0
0.7540849075249982,0.8434979947114041,0.6177899527990265,2
0.028748093615914794,0.2864625941577843,0.000772165318064455,1
0.8310448659789583,0.9147423153411531,0.9526567314797334,3
0.25510564914512224,0.8825852818584684,0.34114272361722975,3
0.8894463762481364,0.14607195940378015,0.5816122986078597,3
0.2378740851733372,0.7191644170124293,0.6751350384396883,0
0.21905762863071854,0.8698776801171979,0.6309080151052151,1
0.29781006417590006,0.1355052604522753,0.11700577511373289,0
0.599233917398722,0.11942287412026387,0.5979714735029479,0
0.9540562468629015,0.5283535782052029,0.700106360179295,3
0.8934491713289552,0.8579192575344652,0.2740385200675223,3
0.39210847559466677,0.7732390271013303,0.4258882108768143,3
0.8872553814829505,0.32607553679310086,0.5059333007684146,3
0.15295234025858018,0.8173691663453452,0.8924332930524307,1
0.2230153095230727,0.1444443138386251,0.017541983478306822,1
0.3855464178316562,0.6636553531680586,0.737904219928253,0
0.10584663241587311,0.15979466633126527,0.3223267015943363,0
0.5580061583101674,0.7070206354037329,0.6077718694592184,2
0.14795672315834418,0.24504031437678475,0.42980394932811994,0
0.4897537959098419,0.12093950993681679,0.21800455571287125,1
0.6138155672014213,0.4660421852707206,0.9757097910193514,2
0.744780301556894,0.10140153059705437,0.3956468897690859,2
0.71471650354098,0.17422771373805757,0.8403255659652291,2
0.8875154042915078,0.7072599931636228,0.38013431867179137,0
0.8310951881084148,0.20195290576246272,0.9746154213249544,3
0.11434504734265405,0.5264454076623977,0.8767518613829087,1
0.09511951293520715,0.5429407958562991,0.7110215863865768,1
0.48145599261213456,0.5144583868087989,0.7209622910170586,3
0.8554136276641181,0.743946362553398,0.22627590885524718,1
0.6855071776160859,0.9642696219220255,0.4492762474736297,0
0.4463806206799722,0.6525700406933927,0.9924518622366288,2
0.7119753218232369,0.004632968054575692,0.2749680527842071,0
0.44225347833433915,0.680135050018716,0.6622832547353422,0
0.5857881266308578,0.5628253998989897,0.5200584956105533,1
0.7122637041612164,0.03379218008823115,0.9630407204770434,3
0.31338435453547886,0.8384713158924059,0.18096320735270344,0
0.9836777374175024,0.3891613865813067,0.7438434207123374,1
0.9370615065503212,0.35898368222212007,0.014254361660651194,0
0.8333181856357236,0.6725481529134502,0.3402982521612109,3
0.1747448962525523,0.17770260778870606,0.0784349243322352,1
0.8553500109830476,0.5041651421973399,0.6250273079883564,2
0.9124310633894217,0.49003909448639504,0.6960954793563628,3
0.002810741175025777,0.5277349037130928,0.507154220686717,1
0.001964644703122742,0.3931206410941763,0.7564117620242459,3
0.42131458715731296,0.5235442830496312,0.12565001330658643,1
0.08886249274769709,0.6539127641415082,0.3847404033931492,0
0.5626786594403518,0.6023576462703962,0.380279446997679,0
0.9906297326702499,0.7506043288162142,0.4602828034182085,3
0.9672615584332453,0.6780913044050217,0.8298677265448763,1
0.2523411451346045,0.5741456135428097,0.9889168096780456,3
0.6849414759205587,0.17243699855849237,0.1459168092379466,0
0.2384633053730808,0.30126355320339326,0.6447673437262683,3
0.11560576690131341,0.8885840386202675,0.992259131126782,0
0.22805730330123664,0.3643768806226564,0.6354445917447584,1
0.49635127653839384,0.9133428741059416,0.2855005690720196,0
0.9776505067897182,0.928184449146218,0.9383452573560249,1
0.3786311641184744,0.5302735185402205,0.7211232505112782,3
0.16071440268017823,0.42826812876684806,0.3993083125556516,1
0.28845077876733594,0.06455946807019419,0.7988201598384653,2
0.1269240901037707,0.4242257032951363,0.36948057131238266,1
0.9696366693636638,0.5285864414303428,0.16749643199039033,2
0.6022202506894518,0.9618345085185279,0.39676636379822205,2
0.018478116493601315,0.9189926884657718,0.7256616286465217,1
0.1466492368473269,0.5701194882858146,0.3107415368400558,1
0.08020700453959295,0.2875544920278801,0.8776650509943349,0
0.8447056714398259,0.8749791365784539,0.9198494235942732,3
0.7407677002902876,0.9876225777718711,0.6424923496235048,2
0.882208046404662,0.7703019932767555,0.8532676305820215,3
0.13768709441630755,0.42914187228816403,0.5453867255393601,2
0.6787266530942715,0.19421351772802653,0.10265954028047508,2
0.23879390732758576,0.15469116936659588,0.08391635644200879,2
0.7603875557683498,0.3189224921889011,0.43589287013046984,0
0.5406219858229132,0.016569370858243615,0.14409035505210355,3
0.9314380394488481,0.08017290413025557,0.5743637056986862,0
0.1323772826364097,0.1916273235719601,0.9416907035612712,1
0.9814862522590072,0.05384253406518491,0.609149566475551,1
0.6216584462208057,0.9920458837290096,0.26537751685013433,0
0.3420328894459205,0.2396547544085771,0.8693727789373248,3
0.14797461083895969,0.2442972974861365,0.716608790892747,1
0.47213562550689503,0.3288881484441749,0.04189333718496724,2
0.10734524823154401,0.9015320070295357,0.19635720955827718,1
0.825197931345424,0.030956829938604935,0.7991699338003033,3
0.12671133265244494,0.554243883924674,0.0100092124393788,0
0.4436766432644863,0.6715289051060649,0.21006997972222474,2
0.5892804952927938,0.6238342387427365,0.3296968996820687,1
0.7212057553244415,0.43867990754907993,0.4548616805678988,2
0.8994797665611091,0.21816409542795234,0.013753578420151458,1
0.10817894028899377,0.6278487178991152,0.722059690597368,1
0.06428675377991588,0.1860489062866474,0.6218139958786497,3
0.6826198733274167,0.2852819913916247,0.0819461517890564,2
0.856293801863095,0.6702362052286358,0.9888406973550923,0
0.7546529787551802,0.5134635023918419,0.7331086238555696,2
0.14981349836431967,0.8539224098039686,0.6264752084473271,0
0.3607939985282692,0.5013774862638744,0.41331003384998577,3
0.36778401337842725,0.18927919795417236,0.3566226460022828,2
0.9970960126792523,0.23834004709842027,0.8446573734283543,3
0.2767531158580775,0.8227436203368819,0.5444209751558714,1
0.5173593163530571,0.9601632290551727,0.3052506909846179,0
0.15598809052735774,0.7161104121294743,0.4395649083191554,2
0.9925366815635976,0.5848949748609542,0.7093044283255038,3
0.43554183777470035,0.788927539136021,0.36614190890180287,2
0.21795978035005215,0.8532511788617821,0.8544695664233137,1
0.7572783829136215,0.21648151251501202,0.052118797960387764,3
0.5473183011344483,0.4272303826662348,0.1344738034145062,3
0.46543044636209463,0.8502385570428627,0.2522708012665599,1
0.39190330082045954,0.8666616266370956,0.651917293546067,3
0.6283675153819668,0.8463363508581349,0.5734055450663913,1
0.27228196931953863,0.6679019545898206,0.3903486544887509,3
0.5689207834084326,0.4910467829961749,0.996427220172728,3
0.054532649066398875,0.28218814929053115,0.4472283437864659,3
0.1632922823485804,0.7152084661317194,0.14926965715763474,2
0.6746447440839237,0.671153050535586,0.3609713671527821,2
0.6581362587480633,0.5099586272162179,0.2793984391768589,0
0.6031058865931643,0.1775336386692954,0.5649080038095137,3
0.8900261097214256,0.1658906039282657,0.7239795273272942,2
0.4712593745919903,0.327132348738722,0.7854093895084947,3
0.6982554187392922,0.7701196763473537,0.8513103205012681,2
0.77291172544056,0.35805686416875326,0.3738768223618846,0
0.9290277039360034,0.36167650347519686,0.4572536509316949,1
0.39944474143365205,0.05422964640362016,0.7895640909211826,3
0.16649452612643523,0.874872370487575,0.7307901482298846,1
0.7949666100610255,0.7498082422031513,0.46107036982400673,3
0.4054184609648237,0.8622036330804334,0.8673438641429141,0
0.8146577142794889,0.17167264694075213,0.733010358837737,0
0.5032330666594853,0.8883521351946907,0.7077703003766086,2
0.5757911311333305,0.6882226567361112,0.26781383083096877,1
0.4540056283905971,0.3584645825625453,0.09567011806882297,2
0.3533016438567588,0.39106355993333286,0.6353671960528893,0
0.8213965192813273,0.5699472687455119,0.39088850890396376,0
0.7223236297235307,0.8315632647854226,0.19510555934370777,3
0.914236493072537,0.19424379527385283,0.801665517282335,2
0.05889509658554215,0.44899362253952124,0.7246338702354385,1
0.509526439672471,0.8178681135772324,0.16908116023145703,0
0.8268707136176286,0.6799556934288687,0.8410207813753937,3
0.8238315284846445,0.2583513392079564,0.2035608014726784,3
0.11372259918681416,0.2760650196015021,0.15589579780411456,2
0.052695132069178086,0.3791364451630401,0.11540203845039998,1
0.023394777783231957,0.6166308352750212,0.8966963372494567,0
0.21770822402655865,0.6136200033328428,0.35318340191115716,3
0.10804854887208981,0.1632123627564126,0.2516021611401944,3
0.7046326117800921,0.9623659856600888,0.09021197457295671,1
0.4843407962537054,0.6096814962943707,0.9402794133690522,1
0.49308112359930856,0.3866257364283969,0.7440780506734462,2
0.747928104351674,0.27016041479400155,0.41805250828787066,2
0.17574057896662898,0.5993076405261029,0.5807281025640397,3
0.9065723371395124,0.4728375521040604,0.23399828545002788,2
0.4379182395667349,0.30560666161706695,0.41589414727991203,0
0.8823747375081479,0.684650042271715,0.765397210844943,3
0.7211558355119408,0.4011804594855992,0.32173722882331335,2
0.5413870190276384,0.8198510220377463,0.8333078199621085,2
0.449851955890086,0.5651288940577627,0.18856510814096072,3
0.6992422331135457,0.7894184176161709,0.7700894227203596,0
0.7310626120299198,0.08826711921302655,0.4124624123970356,2
0.10044349143704867,0.2486633840119037,0.32539338971021003,2
0.8530152773502776,0.5800996395709185,0.9903939635319468,3
0.7917308546873741,0.8234345711227663,0.31279808600839654,2
0.3144174018961796,0.8414123466770882,0.6842052214503156,0
0.24723810085152254,0.39234573989983923,0.4094405478402746,3
0.15366060336048826,0.3732795612700063,0.8960036820648758,3
0.40139479006014167,0.025964782805654618,0.8617448367540606,0
0.3496121709012693,0.7403065543979027,0.8841474624987513,3
0.5860523175373886,0.5712657526616658,0.8747507855908295,2
0.16512395296201554,0.1864573444916644,0.4960025461086146,1
0.5726672377770465,0.9444296763639634,0.076170626178376,2
0.5850946321405089,0.22821764375953335,0.6043991880159808,2
0.017460604953927206,0.20048791183112957,0.6703262900279563,0
0.2829517581398777,0.44928547286373544,0.38986592775582274,3
0.21551764040145638,0.24279452709223215,0.9400721582221075,1
0.5099405191600367,0.5162707162568742,0.25839179091114806,3
0.7264314917704976,0.4289792996045386,0.5201795680717931,1
0.8528006083825908,0.3387885388578519,0.909564616490805,3
0.6299273216864418,0.2101694253917239,0.7678460978599077,3
0.12579481732754516,0.041116238296043384,0.7867646836261616,3
0.14829805823061892,0.7916012709358756,0.666827045079775,2
0.8575203690864439,0.901068938486875,0.1908650409552548,3
0.245282723592523,0.8674358942645971,0.014808906688202672,3
0.8173631159947111,0.7759141186834367,0.4502504824544453,2
0.6093816903335598,0.6609562338543503,0.8911183533594499,1
0.5920520725090007,0.5164479854860551,0.6769114329045852,3
0.8866832640099707,0.9736501289836131,0.8292557147039812,0
0.9521768253902908,0.6770167014534476,0.6921633513245944,0
0.4658991499842844,0.26617559622614007,0.6058826902645661,1
0.8034797450928843,0.7108929490007395,0.25981779759461177,2
0.8269529481464561,0.9017734886019506,0.7000280422767244,3
0.038306437985706654,0.4277425580323039,0.43119900494379393,2
0.4796260435955356,0.6705396220664254,0.3070318281651446,3
0.5741572800773409,0.8943418006478293,0.11638815066673991,2
0.6954107045995318,0.4097763612371381,0.6349806248570099,1
0.6322273547846207,0.787051111143184,0.8221559826029251,3
0.4959329359936737,0.8036351710240969,0.1818348124961252,0
0.772834066602627,0.08719514063907063,0.20601229944166322,0
0.44811591917299365,0.2082165807072136,0.24395605588871894,2
0.42374463801868767,0.6742739831315391,0.7295021962638552,3
0.5540834777551775,0.9180823657075281,0.19560663639991216,0
0.29879047090439326,0.909207116139,0.8072499434875087,3
0.5604902178953367,0.8284138710428764,0.9329757554400632,0
0.0426564046755441,0.4983586789616494,0.5424325976134056,2
0.20168218023767426,0.41581259843666163,0.17821292840774072,3
0.4919279791058657,0.04884546270138623,0.38365361868310666,2
0.5627618444379748,0.4049931450612333,0.8986578049270244,2
0.3797483000700316,0.2863107341178507,0.6180403143570303,2
0.9022514152005108,0.47483740166348243,0.9213063411307538,1
0.5502651372335217,0.012902884903597034,0.6599221267179574,0
0.6919502189352534,0.8335167899354131,0.9568143998839068,0
0.49554553246282806,0.4061268688118267,0.8917132630987874,3
0.6911193645180569,0.4537041104746471,0.9454891558979566,1
0.726439378447933,0.6234083616431032,0.6163467161013885,2
0.42746850876501996,0.2094335445798594,0.8309360358661831,0
0.08935688241854811,0.3242429823765999,0.4355169329932307,3
0.5231897009026156,0.9915873968038745,0.9395865546698483,3
0.8017630394321541,0.19464638655677324,0.9591928330510889,0
0.6388187033828767,0.763217043463282,0.20720771946993177,3
0.18931859662694928,0.334713293721839,0.1269680460017949,2
0.8848447173298997,0.6432732381685382,0.9120151718948015,2
0.3870874771931271,0.07369655460724689,0.035655174505226594,3
0.9673378914129459,0.11392064519784706,0.5913027960881215,3
0.8132339541235287,0.00436678012044911,0.8614512320910885,0
0.8729270380315943,0.4585758062784301,0.5487587106009718,3
0.9608197904883241,0.20560079786405128,0.8461499419963231,1
0.6079323594607384,0.7824339078374363,0.3714532497884915,1
0.8713946813657404,0.9450045598374927,0.9680509897338843,1
0.7731431913751559,0.28974288160119976,0.9456609169278444,3
0.09546551584573815,0.09810148667797403,0.20977607427247102,0
0.9633491738289772,0.911820789161824,0.05239615882510029,2
0.04686232945988289,0.48025397771754286,0.8215604518366585,1
0.14981390692101226,0.006832504487770064,0.08758570036662283,1
0.08596335078768513,0.3007938688216105,0.8177680771959246,1
0.7738607511717499,0.24075430692598154,0.3525318709207067,2
0.6192189188911739,0.025346630938546055,0.6925890105236906,2
0.7216881378612944,0.06441643039256462,0.626906607881433,0
0.1764221222746446,0.06895636178501086,0.1329345911346319,1
0.961965383409808,0.31845027238772383,0.1408306602607714,3
0.255081370762001,0.0002527301375409019,0.8006748056282229,1
0.9355767514163132,0.19922059350134247,0.5692451752748611,3
0.5380085642771668,0.6312599145320749,0.044197892220973034,1
0.6686499220406197,0.6251640819268793,0.09141269040824718,1
0.7109698711187032,0.8618565342258955,0.9238916636032627,1
0.12260721657781903,0.06810083140295842,0.08693541453319165,1
0.34353746785293393,0.23661748122345005,0.9386795976518244,0
0.6218627964117917,0.9934046671644431,0.5586840547311578,3
0.6790961045742693,0.39901232550254295,0.15687546958817333,0
0.7324387731761925,0.006848562568599337,0.7577576613118213,1
0.648532595221204,0.048051036458363394,0.5540765739280278,0
0.9927566219176279,0.45292296935090703,0.8703298733534286,3
0.5094260309268324,0.9220384807528497,0.3856861630114351,2
0.009076853227310777,0.17027395842872728,0.623323183122503,0
0.8461199204802125,0.7353581990992992,0.9933372972894402,0
0.9864583381472035,0.34749569133757907,0.8940570544628854,2
0.22983898548353665,0.03478740283812087,0.7970377844126467,0
0.5457084653722034,0.557073855041515,0.5355880943902106,0
0.8906640747513171,0.1641731106363835,0.30219556604960507,2
0.5504780044225629,0.9243264200247227,0.04879100938329206,3
0.17699591876748288,0.570677574680014,0.33727787244139373,2
0.8746610512855294,0.353456921247976,0.25128170120695337,1
0.06529081996339492,0.36112876668034766,0.880582053834026,1
0.6275552549524985,0.9419953866568758,0.8395527460094858,3
0.7110966578250635,0.95638992709122,0.35752907245354093,2
0.287253254946253,0.19509449595531259,0.32943973198525023,3
0.7313343945120672,0.8004288286241171,0.7449565745051105,0
0.5911733410833061,0.8059398489835242,0.5620170268873338,1
0.1653273096165181,0.8975562771014491,0.1597208615739647,3
0.43445484302529436,0.0016544502912801962,0.026144166392929935,3
0.23208213106163456,0.27059597925361945,0.41625741504364433,2
0.26535008331023335,0.11443762048379813,0.21260207088196093,2
0.5674599634125291,0.9706194031011367,0.5327011983295235,1
0.6194365036815304,0.39439661347617994,0.7669230176433236,3
0.5624295609529745,0.3744043619709304,0.2066137240780772,2
0.2180424964713904,0.831235575582797,0.7386429609689708,0
0.09191621587457721,0.13856657176948772,0.3364807012574451,2
0.5229076863112719,0.15265201994349364,0.7924853465512306,3
0.8954788160133361,0.3891488525696324,0.8270042229394219,0
0.24240160352332196,0.8088669875691803,0.6381049230853476,1
0.8388074613533484,0.9448999307113128,0.10076934462432408,1
0.9787198259808307,0.2909987718511443,0.2520906306815731,1
0.24888790162271768,0.7798411864332463,0.9983980275196895,3
0.8881536198838856,0.14827718630465303,0.6792931233943637,3
0.16345099745533942,0.02638180637183163,0.3798234492061454,1
0.818006203289339,0.27786182301622164,0.4046161156993039,0
0.8068098667935836,0.6691114547214169,0.8109271761677875,1
0.10799100123811034,0.5245567523570841,0.7911128166044011,3
0.9584506914651365,0.9772089849681359,0.08989329782963595,1
0.7011942211756524,0.3026181496984425,0.20031187179576115,0
0.8076285392669575,0.07523815657090516,0.25123466059869837,2
0.7076388238172332,0.5886886128996223,0.8468291946997397,3
0.19235311760857754,0.9767214994730377,0.7327125643303702,2
0.34905275820435355,0.22511446886241848,0.720840672805688,0
0.8297008268944408,0.9108048138116245,0.6211737290913281,1
0.24845150527413284,0.3037783277815379,0.24115037153333796,3
0.2968526752514544,0.4483184398907003,0.15956591269915843,0
0.6677262629030561,0.3489980021355056,0.03558296671810435,3
0.3142032232698665,0.4048738028171792,0.5013545064935504,2
0.8044822942160815,0.42558149976520243,0.051473723326891374,1
0.7122920580415857,0.07481329243530965,0.9398617848417359,2
0.18601172004438904,0.3114714811946273,0.014113729804912434,0
0.8063991051393041,0.9698822061659346,0.13361047278848415,2
0.6792386591757532,0.6044808017356396,0.48845405297486244,3
0.4446792242375226,0.754250911114054,0.21290817334685952,0
0.642221938760066,0.43463336249137996,0.8645582564621072,1
0.41059971478339263,0.5437551564814139,0.3549440227051732,1
0.7929514899030269,0.007598920410347487,0.10896623833969166,1
0.8966633063358362,0.08186448400854052,0.389285805124558,3
0.475872118061591,0.813194237989376,0.6071156298800088,0
0.6226777952011273,0.8411971022537619,0.5194767531330785,0
0.6461210911357785,0.7891850650096139,0.19196383836223163,0
0.050201386226566,0.3851430696258762,0.12781115963707246,0
0.8052791978351654,0.8162865331671227,0.6632762478791482,1
0.4980885157162883,0.4457600166470377,0.8425777723400509,3
0.9019706615746068,0.14143168640464288,0.0021547551958143174,1
0.1830325515750566,0.5775993150735885,0.27596938835623064,1
0.4568233216769755,0.9289837867804125,0.3801599254338146,1
0.9761172458987383,0.03789105835426232,0.2688402500010836,0
0.9515995906637744,0.5979247439835285,0.19365759458849507,2
0.2271181783858619,0.3053249364029875,0.37152577169900336,2
0.5856262365452285,0.8806487093927949,0.37443038780530125,1
0.7596852278971425,0.03570759032381965,0.9540612364376131,1
0.48197655543969076,0.7471340788888848,0.6988777723056482,0
0.18342081508074493,0.5391525266176158,0.8727332866177036,3
0.879892846906202,0.26001319598231065,0.3676396159087151,2
0.48636217148446936,0.14925832821737417,0.7790011326120068,2
0.9844335866053654,0.3738807669853459,0.6634314418585645,2
0.47223926299988694,0.9816205587219202,0.4182643713250538,0
0.2764835229114927,0.9192283248163452,0.2703387697205647,3
0.5542176765927729,0.4174194134571132,0.19311467368928892,1
0.2279861065892752,0.20183878517262366,0.31053366933145765,3
0.03403947201468693,0.8746377958859545,0.5171936189749,0
0.2506273100467493,0.5500551625609938,0.0122003922555457,1
0.16743580985541773,0.2501629819749167,0.3200231822567907,1
0.40975119465826715,0.36801426881111754,0.6384870699297965,1
0.36153087966728226,0.28896388357550995,0.9355229505002289,2
0.46347322392605406,0.7009745164978174,0.46580600455433996,1
0.05604722164382958,0.2976622008448806,0.27426798064256586,1
0.3010492646974049,0.5901813027485021,0.710422439800054,2
0.9942329253982167,0.33273895389577046,0.5373362245134321,0
0.18821370399379178,0.9604426830997196,0.2889627860259818,1
0.16050853689773925,0.43428669585362367,0.2599627379478727,3
0.6044284602950509,0.6754269087034649,0.4775251129886502,0
0.6807552110888209,0.4715287031427994,0.9040829699140577,0
0.5087225413405131,0.7831512997402411,0.7104968846733265,1
0.11873573978576113,0.9848379028985296,0.734053715083671,0
0.24423309371379875,0.9292957647966408,0.269110803464063,3
0.9204629572044577,0.5073472685909142,0.6783403681423225,3
0.61148888133254,0.35344623491604965,0.5287676523923757,1
0.6441041701231456,0.47845055455464125,0.8170147779303134,2
0.49345184977619405,0.6952595038350124,0.7222419321634735,0
0.36112996576498657,0.6889911952114054,0.6919073420656339,1
0.8821504334239516,0.9736973110068206,0.06793191355969286,1
0.7647373900511575,0.587071755431845,0.10964164341299254,3
0.7810006972304598,0.16479842073931927,0.13584323826954636,3
0.04423284173198061,0.6194290218090873,0.9606913732977879,0
0.007747785374222604,0.09970248240590007,0.22327154305902985,1
0.9321230598658008,0.6317784934419726,0.6842793871085988,2
0.3638835643318298,0.4032147598823118,0.8240336364611469,0
0.8117379171141466,0.7827731836606946,0.8145934539272178,2
0.2886100126721749,0.5771470019217508,0.5150133153898415,1
0.09547524717996092,0.753906846558947,0.229579580097929,2
0.013390318991011396,0.4454645856936247,0.8393895939278533,1
0.5149859101567725,0.6620968663543503,0.34374577068060586,2
0.3219452901539708,0.21402442609981598,0.8752635989715492,1
0.18718930626746466,0.11065698716460015,0.9906699071259742,3
0.5495391875876702,0.4619410605311779,0.09536762650964603,0
0.33472494974291933,0.18939959296595166,0.23514344985331104,0
0.3215018995254334,0.8672909843952341,0.8724083449238931,0
0.6450083801538499,0.7963518782933631,0.06352148964305038,0
0.6823118351166845,0.21154405271249,0.703667113788266,3
0.7564516300740318,0.9531972382422674,0.7259898091241237,0
0.23469930405229744,0.46258935491342046,0.6845084602204542,3
0.050449997457594264,0.1814701746205808,0.5615919851265054,1
0.6841656010956269,0.40055134096247214,0.8131370328892175,2
0.35849502314669834,0.968286690744063,0.19757450499064355,3
0.11682009659339843,0.11395499377971252,0.7606623030201123,0
0.046752994262145076,0.47682195099216895,0.7181033638676341,1
0.5405028392272164,0.3401739702098938,0.4160851654847355,2
0.5591218200995708,0.7296115815511867,0.12139407235556332,1
0.7215785459969022,0.40195221855533203,0.8394284117273025,2
0.7011048067629361,0.41726712925826903,0.5103584828553921,0
0.406920845081556,0.5754724715146696,0.9022177933283507,3
0.3126133128971291,0.6444571681291353,0.8017447657090755,2
0.2702853064289079,0.3131817260764427,0.030731038017927537,2
0.8946952075287536,0.37760888977729423,0.8638512343356628,1
0.9652000487781065,0.8839174443798061,0.43375094884655485,3
0.14394938874000673,0.6779234640386025,0.9523942156211188,0
0.9505786412502746,0.08967406281487278,0.7601841128002982,0
0.4948543336754345,0.08343857846398561,0.4409592027895294,1
0.2984155405385328,0.04222653879279192,0.33974251845493686,0
0.3176738578810623,0.39494523728656084,0.44542240634096586,0
0.6837360613006266,0.3082079414337865,0.3359221005362769,3
0.9894398381171863,0.9993170197438388,0.8565160186755227,3
0.9632212331279381,0.04647240417813325,0.8901843597721293,3
0.9302988305142307,0.7809349965172423,0.6612926473142064,1
0.22744450502302438,0.3715960054769778,0.6280319124233839,0
0.170079423412685,0.7899191416464602,0.2149390242451077,1
0.0781682870919671,0.49524422560019166,0.6314957784287999,3
0.10474804403996674,0.34426083544939157,0.5732557547089258,3
0.3241268317193252,0.285503149198005,0.5200536526824765,1
0.10188972361650006,0.9928879823705191,0.12235764929733817,3
0.031135975146265538,0.0853148183496415,0.8660700385802496,2
0.07419625907588467,0.4236165332376145,0.04893114106044327,2
0.8071041234213,0.8158749830612108,0.858210739952316,2
0.03890389488107504,0.10705407039941028,0.23855406931589584,0
0.498003315827963,0.7614892420272599,0.8689651199195573,3
0.32635961035779737,0.01727536794905693,0.7322542951550677,3
0.23616877239037648,0.7992687337503839,0.8326374834002843,2
0.7173252063762073,0.4885417125655126,0.656722191454612,1
0.27984036300000315,0.612669702855626,0.019258001686559445,2
0.18459362671289814,0.5442981564577599,0.8502749290369943,3
0.6996562467701644,0.2867518633368117,0.7310675180691031,3
0.8366773175635369,0.10495714363921638,0.30213590971334914,2
0.06292589210385913,0.9427509684022765,0.1808343481896093,3
0.07968140754217012,0.1889374779608689,0.2666454638220609,0
0.8355848481316788,0.9377852520150238,0.35748908697201387,3
0.9479482376169376,0.5357938493947211,0.680260343877849,1
0.9764948326182763,0.04537969458584057,0.5490047076134247,0
0.2446308637799547,0.5985380559734305,0.9504582592631481,2
0.6766125249146719,0.2551583233062332,0.027307818582887,1
0.12327120062575458,0.7967506216274028,0.5667514050588194,3
0.9527494284011261,0.4585545767400344,0.3624388163850102,1
0.13663561262941615,0.4860008207844929,0.7563120021565485,2
0.9280790144385749,0.9083627470946048,0.438846502348186,2
0.17267910034241163,0.027037489165573025,0.5210150982322622,2
0.3332906608949431,0.3581693233544371,0.45835311967819403,0
0.07531576017583719,0.34673561035057987,0.9841408269713956,0
0.08136280541492291,0.5509069410900477,0.6279031992089149,0
0.8222618634300736,0.1124973257758517,0.2942517598973068,3
0.8609796747516444,0.1701645562488403,0.07796150127241785,1
0.500959125972833,0.02478449713880504,0.9656058945946663,0
0.07774582453167467,0.5145005900155818,0.8759594652121762,0
0.9928575867808579,0.5178018625074708,0.8614280976063431,1
0.7559408153606089,0.9871424998585842,0.517202452279365,3
0.805809991675766,0.25669002816888464,0.1462346053017417,0
0.5116905697334128,0.3304908142340538,0.9364168911880529,3
0.5692588583962117,0.569344305676122,0.9368982511382925,1
0.12559601319758307,0.45135059999274074,0.24036888264857947,3
0.5620769747012696,0.5641223239879667,0.6154797490309897,1
0.5671416912097825,0.03575477783821546,0.3002967375988712,0
0.9074668775503776,0.10830160124017241,0.5293944092694705,1
0.9534569733156844,0.12961761979228248,0.5189073081400005,1
0.31872643933492095,0.3850232228334114,0.03549879879231366,0
0.309522281665358,0.5066616897823992,0.37229669064878346,2
0.24326867021379173,0.08091216673551771,0.4585501701968967,2
0.6059477547158123,0.8670628150475189,0.6052084252814871,3
0.3460395926369857,0.37933388573980675,0.38571604144326255,1
0.18295344734856112,0.7128365243129914,0.9187161048684735,3
0.2459966539051891,0.9415014490897935,0.05362414529962933,1
0.6102228346367542,0.067832483732296,0.49124153587212804,0
0.0271417577585803,0.19495200714734107,0.2170687307457848,1
0.6004591181001613,0.39161298565293556,0.7985880597628287,1
0.943277944996801,0.6870355950860334,0.13514717141608779,3
0.9846104030171283,0.5706745958290326,0.6501597657335413,2
0.5289715979402413,0.12401678056863008,0.21335266382372275,1
0.6144115964052457,0.16546706879307604,0.11315889634455423,3
0.016879616811538378,0.9174749418409632,0.23670717982169653,0
0.0883707152343064,0.03973323233058612,0.031183808879967745,1
0.7419612135616855,0.24175663885171617,0.832867410901543,0
0.38707087229006687,0.9980502053879006,0.6116509809079362,1
0.3448587319469766,0.31974302657387144,0.6658597154651467,2
0.20187096963919882,0.8070815253428433,0.10133135816123107,2
0.6520876122516235,0.38541610119798597,0.5779220981746604,2
0.7892970264162366,0.8529875536088274,0.5024125853171458,0
0.20879511997960698,0.06003053521820445,0.09986328135476397,2
0.7184374649058812,0.6154731467778043,0.13012299877733946,3
0.9089057794328042,0.20932210260835837,0.2319629460262692,0
0.9649960948511028,0.7468805705767044,0.22907844447086678,3
0.03091073555270407,0.36824116026243636,0.5402497885806172,2
0.9032459302931816,0.8362942823008594,0.7986316010680491,2
0.00871625478041127,0.8424206819558046,0.28401158705776786,1
0.35374657567297507,0.33962645137354386,0.004957398306848493,1
0.5716861342478204,0.9571173248327676,0.18235849919887415,3
0.2752581981560501,0.9541207120786207,0.6946703920781456,1
0.16034590491480905,0.8184200228718682,0.7834600612913774,2
0.03861257287190578,0.8534551377563961,0.19436980336589604,0
0.8467394129565802,0.5277356883959547,0.31105233642588437,0
0.29834558334795513,0.9648660884298583,0.8974041940963599,3
0.876048598065171,0.650745753994001,0.26114490997729234,3
0.21687957652072365,0.8696379198711892,0.8744190325606332,1
0.08264983951319627,0.04556391076178179,0.10167575732927447,2
0.27362939658975105,0.9427369486550679,0.09072772726077627,3
0.3740682712608867,0.16599855917556305,0.8236591065684583,0
0.7869909075602444,8.821348378440508e-05,0.655226293672128,2
0.5808516392325046,0.7269101892287559,0.7549969411337658,3
0.6504053066118729,0.14533646209677575,0.9094098006063777,2
0.77103701628404,0.2674911831726219,0.8726052513990431,2
0.050220822561045875,0.2553357068453104,0.5824142651525176,3
0.37363463020452703,0.7718779262971766,0.6368494074322101,1
0.3673059960593915,0.7725589157708307,0.6728233658643176,0
0.3085496228275929,0.5972628090706585,0.786587704088949,0
0.23562934354738274,0.3498201979003499,0.6000596520464384,1
0.5641342982380564,0.47979104171307085,0.012287179868689102,2
0.44494501781136275,0.6383705679557714,0.5739431717656107,1
0.6102254210408867,0.2521577799773925,0.9035468440234483,2
0.4236724122011065,0.6951903737148993,0.5574132036076472,3
0.5485134599350031,0.24904912039094484,0.4100955450397482,1
0.6199978105251703,0.0960486918108423,0.9923698475414185,2
0.046796856569844225,0.4099448896842647,0.0013634478024268093,0
0.6429742419750656,0.01344404612218597,0.6223679758609031,3
0.6665512675153215,0.34504385786433966,0.30549493823574037,1
0.6298939505944975,0.6859038763210807,0.35253995279416706,1
0.5942307146598445,0.6798470715056599,0.2243103356585574,2
0.589667747760246,0.5515264635512075,0.45566608108606266,0
0.8346909882633441,0.5181322547117555,0.5746995324663323,3
0.7244009798137364,0.594556445610475,0.38055587350583064,0
0.20824968656825227,0.9959468829486435,0.13210939947082878,2
0.23440973575730883,0.0746636428549955,0.8521252535268191,0
0.936865076977217,0.968958183274412,0.034511139133581614,0
0.22245450497211672,0.7344376970051136,0.3869365931841229,0
0.542250976147707,0.27760855130848483,0.6597231186945006,3
0.2662558945674649,0.6278274925393109,0.6208628899766646,2
0.49499912905528387,0.7166398940746985,0.7509588504550123,0
0.382600032290057,0.03776922830365903,0.4829384713898851,1
0.5812026441679304,0.4285697923625097,0.6375569825915172,2
0.9685647471714087,0.6836482633326718,0.1961798434810187,0
0.15301241050500247,0.09561956650814696,0.5224453120339334,2
0.7308897705916795,0.6009091340500521,0.5607413823665833,1
0.7087585412355645,0.826540003545025,0.4500540622261393,1
0.05104409518932429,0.6489143053857125,0.2427464649288934,1
0.6137609416284234,0.7704479347735973,0.5280577482871266,0
0.45382735587648027,0.36563900091036106,0.4596769031819573,2
0.9797852157497846,0.11438083392001064,0.8553165280341888,2
0.07308628635856296,0.2530184195553301,0.1317777803427579,0
0.4328149542899248,0.106076492770518,0.8769902575991317,2
0.21327755999996945,0.8817880844868922,0.5540320418138965,1
0.8703996643641275,0.6588398930222557,0.5879351646307688,2
0.2950128923006342,0.38609419885156504,0.040753772414531375,2
0.16799122842117975,0.5044601074576958,0.804825985900738,1
0.21606953679813656,0.31507713919675584,0.4005371654518678,2
0.2672488856618197,0.2281260933865078,0.95631921332507,2
0.554211648974301,0.42366339921481544,0.3908096264208618,1
0.5270721266763752,0.5200470270992814,0.6843077542210736,3
0.6482959962784308,0.48667572647215906,0.516557572273947,3
0.9194363010291706,0.09147315165425551,0.5951145993820609,0
0.9312843299631213,0.5680549383208953,0.46828292308966035,0
0.4534760861814826,0.3195929044665702,0.6301755511233414,0
0.19988042935448513,0.43693309314497475,0.9573807884383222,2
0.44387846273781706,0.47423215366992766,0.27417900850791643,2
0.043613608148181604,0.31161302572464544,0.0031637325061938393,1
0.829491318799131,0.28182976950420413,0.12523643866056322,2
0.7475560998616136,0.6743437138167456,0.29348126694498133,1
0.5343735764364161,0.9849168509953165,0.4956578724002434,3
0.362817855758206,0.3692453417247614,0.6565236222726492,2
0.2330359769800403,0.4574635482199899,0.7535872363043179,3
0.437753729243171,0.7800999889802696,0.8979548589714831,0
0.5491484122458437,0.7007085668267884,0.903367742031073,3
0.9267502654556815,0.677883312225783,0.891843411499907,2
0.8066838376539254,0.4565872161875316,0.3678644203870377,1
0.01649593011929551,0.5358234259079858,0.18032968647407777,0
0.6576387278962664,0.2056117827455971,0.850645680948842,3
0.15178302927194076,0.07908402413986426,0.8088421273021178,0
0.364204022116553,0.1841324596952718,0.2984358038545417,1
0.5245242385758826,0.755581093640758,0.6342709088218118,3
0.1860016685283834,0.6788703165459598,0.7550734612705124,3
0.6887673075864922,0.3599801292906375,0.7216801025335633,0
0.5307430635823123,0.6984567896769173,0.02808391798325649,0
0.9766754831574869,0.9257822308723315,0.8313558234407963,0
0.7499919302603916,0.13859893696269077,0.36805809505864984,2
0.552555127751958,0.36727773043228784,0.40763059052529227,2
0.048784477933413894,0.8799128653723681,0.12790844608590368,1
0.3274304480338105,0.09840434788441688,0.5766848044520769,2
0.6567531245821323,0.6967455054558558,0.8138231861920278,3
0.214064855958515,0.17367223545528587,0.3041594268676242,3
0.5058726436828127,0.32001600763531923,0.3311303587300426,2
0.9335650676811258,0.717637651174092,0.9994233549627299,2
0.5621649154761038,0.8388091774220471,0.8295370906041185,1
0.3613751481216454,0.1336697928255114,0.8005009380295226,0
0.07362190553663828,0.6453266980001942,0.8694018663436508,2
0.4678528218918616,0.02685027559237807,0.7641107128022373,1
0.4925788036844898,0.1639415151707161,0.10794944860115963,2
0.0349421606327307,0.04103606634959156,0.04056636278111336,0
0.9492275593598175,0.535068688861496,0.7494888251630547,1
0.5204830198110573,0.05695983575639685,0.27224534879832907,1
0.3102248611040693,0.21915989412935388,0.9278578648211431,2
0.9021151645423747,0.3827157563937328,0.6606206838875086,3
0.7425738818918063,0.5707986953686078,0.34225172482136224,1
0.5486810132041969,0.8909917916767168,0.8196390444274679,3
0.201615940317745,0.6424552533335285,0.6288694422657417,3
0.4673414879734954,0.6644023796285178,0.011767222723138016,3
0.8496977775518455,0.5391964077794228,0.12914933723642286,2
0.06661961544201656,0.5203232796435426,0.034605583508431126,0
0.4323041014872483,0.9586021955456966,0.26822031248703193,0
0.6036868525162824,0.053718211635537805,0.8854670706331669,2
0.3764766409633068,0.2729928639180007,0.9499333268055806,0
0.388080174498042,0.5637558085591373,0.13970491000155394,2
0.7142904067534211,0.8598068238012888,0.27953833868021416,3
0.5121197380346699,0.634350449884466,0.4242859277829423,3
0.6939212933431086,0.3604828504963187,0.704562266957778,0
0.8898767768939496,0.35489816635744753,0.038819415475517594,2
0.6480014533273792,0.21341720680920528,0.4846950386368978,0
0.02343792464644401,0.36307538507597137,0.6370614272941711,0
0.6041517157231227,0.1321345466739492,0.0913966045387723,3
0.4824184304389504,0.08376501016872118,0.315990590435665,3
0.5125518307304431,0.1308903846934295,0.7617137955749496,3
0.8811065727755366,0.9120211337734834,0.6741781985429507,0
0.03844293787570918,0.28060320184802234,0.8868247781998556,1
0.6902424810212356,0.15119676149196548,0.4767814776853534,0
0.13682174003186431,0.06378146534579932,0.16749124429210482,0
0.2336736466543553,0.7121359056728997,0.6053090614288343,2
0.934217592443167,0.09995465638733869,0.4141800887085497,1
0.18299663844278957,0.7866241637753515,0.3531071267728736,2
0.30210292983137466,0.07009756890603913,0.20673090919617576,1
0.8318998072324436,0.7918836470652149,0.19204608517062294,2
0.9226850063614598,0.9342130705286493,0.48782665593107455,0
0.36444188234166464,0.08318424624977905,0.4031873358222331,2
0.46747002079911815,0.7087286201889827,0.6770655579039472,3
0.6033072690813414,0.4083233794528275,0.29388971400198205,0
0.5473700884582829,0.20161613637958942,0.6910330466230162,2
0.17895589683655133,0.20912887395163793,0.5807241925375296,1
0.7714796107450796,0.6170893520273606,0.585255290530543,2
0.25864728581007057,0.8352844523930623,0.9187522164889805,3
0.01377071470567337,0.5083724607093738,0.9661977214882437,0
0.7931564301846458,0.2774835920701407,0.9535505503025679,3
0.8291459120681939,0.24196760922477378,0.5602509481024908,0
0.5888264541947402,0.5221786308659511,0.3968653324963468,1
0.1810101762711045,0.641013188279217,0.37139150126053966,0
0.31390628194441295,0.6968862657386686,0.7555056825993507,1
0.12176011405786269,0.029471574624956864,0.25132492774812387,1
0.06659217408068363,0.070346145521197,0.7749968950471212,2
0.011693866630634986,0.35707572552585587,0.6924581253172754,1
0.998533914189727,0.34151314662472,0.19761529177116144,0
0.8934055059205892,0.9372324174742499,0.04734285632815971,1
0.7896338547063909,0.5709862541624555,0.48759879232387404,0
0.018285395975900398,0.6125303059436832,0.5796554904101984,0
0.7133594907138153,0.839707733796476,0.35648490458433135,3
0.8390644803563397,0.17363652683272734,0.21080558005170513,0
0.8284840179738353,0.7474492033788773,0.8836670621461707,1
0.485414485445004,0.996155927345593,0.1652766407896321,2
0.6144987649935378,0.1549176673058984,0.09378610568975154,3
0.42085828807118986,0.5683421029174732,0.48325205466699384,1
0.9561988360658182,0.2997135328236413,0.03719194145955429,3
0.8825105021415494,0.7377339632054345,0.0703863448387827,0
0.7753234650399752,0.8222569770927981,0.7815460839439038,3
0.16315134669167286,0.6719952435465614,0.14241767838135766,0
0.2035542461851425,0.5244329687351138,0.331341387057119,1
0.48413657928865805,0.007604508278280964,0.34507415812157305,3
0.8254798088465192,0.039042914370915005,0.1434479267650688,2
0.3568544894825125,0.3835766570427297,0.017277329404949526,0
0.4368947644504503,0.33989810244826657,0.8089135839083847,0
0.36655350754945737,0.02034961949514813,0.08796643673499693,1
0.43972802503714814,0.9170825798427716,0.3539021928678795,3
0.4589302370427648,0.4240689424791181,0.6589730816314849,2
0.9379086604977944,0.7516140818870538,0.7353842278068808,3
0.9688078333000159,0.037732998818532315,0.8184214364342155,1
0.7674047132682542,0.1768490844986509,0.7876608654585754,1
0.45804984446394637,0.7275038642159773,0.2886478789342196,0
0.8650708983017158,0.3787131684982765,0.39180766640215514,0
0.5838909004351057,0.12136650499055357,0.3364303948612799,0
0.9215223777604877,0.005495951739242111,0.24938766324683348,3
0.14006183130532968,0.6245403816594344,0.6052752954391454,3
0.40069358680017053,0.9106876690031874,0.15430438173606753,2
0.3547679322591183,0.18027236434866778,0.6281053046338226,2
0.06310778726609567,0.9658710236854089,0.6227568200115849,1
0.02374285898011641,0.5861963349546285,0.5758652860573921,3
0.6012027997516279,0.49077410617280515,0.5311330721419515,1
0.5079205121005909,0.9170410413648847,0.2328790717128444,3
0.8333168943781998,0.07047808584996951,0.638384129085758,2
0.9670419622904308,0.996838066335809,0.7879223074469135,0
0.27441572960450744,0.4475654237255058,0.6586390531123669,2
0.1286733964178175,0.9139428382025377,0.9944952980497088,3
0.24641830835506573,0.7593743408481537,0.042593201970609784,0
0.6803115992195673,0.4051857603946738,0.3366012696685379,2
0.7317054035949934,0.24687200643622143,0.6655843153612742,1
0.054080176899835686,0.6887147945781205,0.23527034894896304,3
0.14472943720333942,0.0938483584159937,0.7930665983475443,2
0.10433663794131365,0.7398497572779869,0.8502356782160522,1
0.5386917321218242,0.013055943260350311,0.55121672444532,1
0.5856022112720577,0.6883752024878209,0.7077947669076685,1
0.08927969046923223,0.3821229376038502,0.07021407503530097,2
0.9637053888588224,0.48957274174410426,0.2765390389264337,3
0.839740361864183,0.3973618226570004,0.9715577192983172,2
0.16841841145066083,0.7132514966916128,0.9864371266417133,2
0.8367832168980268,0.06390264141118729,0.1693113125522252,0
0.7574200355287084,0.14959645791502585,0.6153554212411231,3
0.858299130824536,0.25789690733306514,0.3120460002606713,1
0.11969865354494647,0.7373105959173386,0.9202765451553816,2
0.32832134789473577,0.11040916852606653,0.2398387011420794,3
0.7604466805703664,0.6251163338002733,0.4786427833114393,1
0.009964390142293889,0.9609511116796549,0.527955383651064,0
0.822765605968466,0.8683748275546301,0.30221162848472105,0
0.3139740831448291,0.4834292214717816,0.6391838662749098,3
0.44245705190110807,0.7168551495037264,0.3658674771506497,0
0.6485729885480531,0.19616218840006483,0.9428805328052328,2
0.2954088694774435,0.9934479800010034,0.5759019510781861,2
0.2524256225814878,0.16069922052361063,0.4551672507148692,2
0.014162102040277458,0.7588437634735623,0.8482770635039358,2
0.8052696276613784,0.21027482462643132,0.3651916724326242,3
0.6144890556200945,0.0745176168118441,0.05614278578195431,2
0.7635839207271355,0.23806582429469036,0.05906300450904012,2
0.4608596550806706,0.2418437805267939,0.0929890518104095,0
0.5386509779452756,0.9743021705384171,0.15216833892336268,2
0.7029332684686107,0.6037006763717554,0.28449433084486986,0
0.3043017390678119,0.09207399341500921,0.01147251362586199,2
0.7918063581225584,0.8460193092573483,0.5289578815685575,0
0.9781761658789148,0.4600974031246916,0.08221644917146165,3
0.5864585224949992,0.21621661381265855,0.12283393233712969,3
0.2475393924049467,0.7665539040285231,0.27985977671772966,2
0.12605977436932114,0.5123804768268048,0.7598787125006771,3
0.7056495831502994,0.8206994199714829,0.287669294622241,3
0.1425587383320206,0.7249630673487835,0.4054243657000488,2
0.7828678216592698,0.8071078676291773,0.6493687158375523,2
0.7520910119291674,0.5064090691869093,0.8562561202082296,0
0.07092335959947282,0.47602995324929387,0.14573696138355918,1
0.9400786767847032,0.45997880104253186,0.911698648904492,2
0.14517665182392536,0.6098250218819881,0.833305064810962,2
0.7163129398853049,0.4081143593543325,0.4655580981976606,2
0.47718743221342397,0.9809524330698006,0.9344213969189858,3
0.7615249481792972,0.29102891707330014,0.350148279838015,3
0.06930638499296271,0.5499021654546697,0.933892778608885,1
0.7333361265627867,0.22788178757179356,0.49334829398320046,1
0.9704998165787789,0.33109448438650657,0.12396987934841175,3
0.16516377803351745,0.7895223579165523,0.012759272230558505,3
0.11612866981553083,0.5067608120845981,0.3367448405842295,2
0.811742377201929,0.2114858528117045,0.2922914192119933,1
0.6576528937960193,0.14619452593666993,0.04926651888713374,2
0.2231738803220492,0.8018624044063671,0.8899580101645197,3
0.0335014557785589,0.027579452835094886,0.9389926088538693,2
0.8846932213762875,0.34130487044531754,0.786588385729379,3
0.2992895253732589,0.5976881729759972,0.8735507329966365,1
0.8021960891911599,0.11962497609713929,0.8595567267389778,0
0.9465401073985423,0.18536779829333205,0.6715991358804272,1
0.9696854972928707,0.9801324852419081,0.24810308878541298,3
0.25047710581631877,0.5422998231309127,0.3945567156863582,3
0.06830139445311223,0.6587974663442666,0.2563187875716282,2
0.30995472143388947,0.7017030801265985,0.10747624242360587,0
0.9975776886814228,0.5452608033698343,0.28365058519594466,1
0.8169745742730513,0.17193718777080003,0.03872525732286247,0
0.8182651226100701,0.5713747424199977,0.7381401817131648,2
0.2924852226952668,0.4946368616124731,0.6701445233379041,2
0.9959393102056158,0.9785036316317337,0.2888213020861312,1
0.6445529753925879,0.8269977319984116,0.6184069913300274,3
0.21918847359913185,0.9658159807303399,0.4747730455040775,1
0.6429122764912512,0.12005097414096966,0.41853820428043953,0
0.20721287221826434,0.20944365640563445,0.34958672692439174,0
0.1798307135161442,0.279594656601428,0.627566809417602,0
0.7535040245687755,0.8800312912997378,0.8501016489856066,0
0.4700621516864817,0.9711213415942839,0.41596620738237045,1
0.3833222942453951,0.1573895210822721,0.8628646258061955,2
0.8964403065932727,0.2420828385180529,0.21549285165838805,1
0.18047189013484743,0.7405191800706615,0.5872473393561327,0
0.25618278940189454,0.5045736139401784,0.7001092689080344,1
0.302817185207059,0.2947634098588977,0.8363952739162285,2
0.6365396209426775,0.007689151771666736,0.8829123401676509,3
0.5667361316682467,0.6354843408360134,0.7389806770432708,1
0.3970334166477154,0.7626428216133361,0.0366923026157322,1
0.5655935359025276,0.34161320408055673,0.23981337241222944,3
0.7402741022324134,0.8392398265795431,0.05869010484022097,2
0.2945596051077074,0.22555473069132115,0.9374680265857558,3
0.5991474068589189,0.6898093355201192,0.12640592343693402,2
0.4932012649415455,0.23115601967055965,0.7516156479695426,3
0.44685453742934633,0.5262564581400307,0.3694763362603046,0
0.07117255849397852,0.7790249096831561,0.7692942678859811,3
0.9276082959265152,0.7017654346664556,0.5297038472744632,3
0.8157094305805805,0.29678378237061565,0.25729809169807916,1
0.8094619122368699,0.6063363129295429,0.550826551289025,2
0.3143764620813603,0.5730284866435031,0.3731617251392453,1
0.8834728472282755,0.11054088455670996,0.8022438478196207,1
0.9033635689060658,0.4857393617573581,0.2156305487895338,3
0.4801149267827357,0.6700344389814971,0.4903808231488286,0
0.5557179707256985,0.5028303203306368,0.4746032882661204,2
0.6506417243525039,0.28085225231207633,0.80377290195656,2
0.7451528038469604,0.8241271452161103,0.34809469975604124,0
0.7635543140634404,0.3388033883736301,0.21246646507069278,0
0.5201610178057154,0.07227029784133776,0.8892943573321782,3
0.18440666469676037,0.5221006324781017,0.3889600919365461,2
0.06346944040902835,0.6022112125135036,0.9652185801143204,2
0.7662380084327157,0.6758134025797837,0.34247517452713827,3
0.013846474313181312,0.8074532921641455,0.9775392429224182,1
0.08023320631040387,0.8990430661229772,0.09828948096153167,0
0.35815430087060174,0.543684300678496,0.8314015578824983,0
0.3652235984138653,0.017608223252723598,0.5883101526282758,3
0.6013453885373088,0.5046534290975163,0.13999832733893813,3
0.30569159977354654,0.14719535882466162,0.8558155166489158,3
0.8244978265013098,0.1474654335594191,0.721841053766263,1
0.4006108293620475,0.6663750099901945,0.8588406657986203,2
0.15284785119089705,0.8123316477938003,0.9647062338939343,3
0.6850693329510305,0.4733167183393282,0.6546401681059207,1
0.5736413286050692,0.19038709172058732,0.38238958601026607,2
0.2364332070656494,0.23643297228800098,0.8679967696396562,1
0.43264263879352993,0.961934576168914,0.6032172053677773,3
0.6616305615624867,0.8693012167891665,0.48354025755326757,3
0.5649141151979389,0.5422443148831315,0.9671306870072301,3
0.444198071542241,0.9930507639477216,0.33699532519256703,3
0.7188423573570661,0.10555383488258274,0.027236346540525647,2
0.6126573862680862,0.9928918813199102,0.24367659286107213,0
0.4255075873504306,0.8489417438699713,0.39678542229874914,0
0.5263110524171826,0.6357595293437539,0.20381237051914136,3
0.2100143535939103,0.07537051891397561,0.9669304773389602,1
0.514968798244354,0.2280116583831714,0.6352764947358917,0
0.38005621472458817,0.20922602833509463,0.7366783604155049,3
0.4780581545137801,0.5649386156752668,0.792511213349119,0
0.5516448840872593,0.507566448348685,0.7395114265479386,3
0.10074235536125542,0.4177296877976501,0.7272026768828012,3
0.5939593344114217,0.3461400220860139,0.26663837586752137,1
0.28928548122251085,0.6199217294080039,0.8740550572102795,0
0.10027639650114095,0.62989717183565,0.7390209543640209,0
0.47210529634787113,0.07085165513016989,0.7692997438518329,1
0.10065403899597114,0.4560950839488165,0.46566196239992685,0
0.36228053424176954,0.7778607847588801,0.8788246840467872,1
0.3878615310966693,0.2414452285894121,0.5072106250901768,0
0.17652098210095968,0.40798920452596743,0.7261291476361331,1
0.22291747616205537,0.9224324845932518,0.7146224737498567,3
0.9586078672187174,0.15547388805499307,0.9560907598357455,2
0.36671206798385303,0.35951570677630373,0.6716112880360758,3
0.03776102946636006,0.6928663806219494,0.954794122985762,1
0.6466342365332111,0.22771323942442545,0.6064578315511575,3
0.8816216752277592,0.6395441294238013,0.7359052966269672,2
0.7763510170992695,0.37568437297991253,0.25456535736927743,3
0.7982124302424612,0.3808157508330495,0.8575877714581912,3
0.9978402839281809,0.5963101126208391,0.2583470451134974,0
0.3198878748329612,0.561742957775823,0.9211929056539772,1
0.922397670404862,0.03308881614648451,0.3993590398097868,0
0.7595473306374891,0.15321103042334905,0.8968352052339592,3
0.497867715084919,0.5430795023885068,0.9207116351254835,3
0.6445835085286037,0.847141732483853,0.37114602718671286,2
0.733992647332623,0.8181592946352645,0.03531692320925384,2
0.81008269838695,0.08163984655242496,0.4221354221386584,2
0.014905750207602542,0.27247682939005324,0.21156178172846596,1
0.8924351968841387,0.5420781133989158,0.7089382767096362,0
0.6812336838814611,0.8611186206965478,0.19561711550957706,2
0.024525122134308797,0.7881420446504086,0.4164719714223255,3
0.6794038904342842,0.6047207912928948,0.5938894339297635,1
0.30850028646841066,0.41980210488374714,0.23371481988688048,1
0.3066797645380852,0.8071494010187167,0.3519632793248906,0
0.09811072160885159,0.9596079633856313,0.34528126587258556,3
0.15685301338461766,0.2792451657165562,0.6457791121292735,2
0.2937581819809507,0.5733997547760494,0.8916182242846666,1
0.10155935709685038,0.4744826981560307,0.8926287319924082,1
0.9879255983644817,0.06574697043638267,0.609356365779372,0
0.9497184840042543,0.04796889092321843,0.8889460494545405,1
0.6815992140136368,0.3923814724113174,0.25846998367714913,3
0.9789556236848773,0.588060854560132,0.8990135306477044,0
0.185567023613308,0.14389711364793012,0.657717302617481,3
0.2379095036757729,0.662020406709561,0.08667209896259165,0
0.19825560827712274,0.8598684704242204,0.03248235043321934,0
0.8850457914609162,0.13501960625434362,0.08907643289116784,3
0.9904055897498816,0.030988444700657758,0.4770298880486482,3
0.200558768207593,0.5329704806727951,0.8712037794923628,2
0.45902615556750315,0.3107683369610297,0.7052628639208665,1
0.017671431428175843,0.09549967946563964,0.045711013700215686,3
0.47857784238480483,0.9260833358847244,0.11620423886190101,0
0.7278864346685112,0.3634550198212745,0.9043232149249052,1
0.3881515452547446,0.08967095542276227,0.5001732532164876,1
0.031653870149284,0.8912213529251234,0.5635054146307001,1
0.18626597272281964,0.7725721515297865,0.721339486902135,0
0.6455272434654871,0.8668305832408526,0.9354318373662148,2
0.6274443200478556,0.2444077902138001,0.9414997229257972,0
0.8399335043324906,0.436021182048134,0.48166704109679126,2
0.43879915267465774,0.38392147613723693,0.48262357173170634,2
0.8886123945219316,0.4597051925570963,0.3295247294364049,0
0.42022403199048575,0.6435024808411789,0.9003554522306358,2
0.04288947614321881,0.8815772005216707,0.21527439842174667,0
0.28758698971830166,0.7801114056306003,0.5106474927455967,3
0.30799040119585885,0.09753549419263363,0.28223016944461754,3
0.9127898093166146,0.938457083563312,0.7871346962883755,0
0.2959727201052841,0.36048840819932926,0.36817153054517904,2
0.8602668096889543,0.5203525205722636,0.5227194941142663,0
0.9418647690924896,0.8005988727888999,0.7759884698039746,0
0.773245884177702,0.06451548477991254,0.3255009385317378,3
0.478781469900454,0.5322583017394674,0.6705312591766655,2
0.017067312144708247,0.1212146024580869,0.11191783645118591,1
0.22360789349743093,0.94526933276383,0.3240218273825709,3
0.023501023110003905,0.7735777273703933,0.559421950853553,0
0.10920292605886939,0.6516938823594817,0.11768270119364055,3
0.3934725621184092,0.1877770106874458,0.12981129829673588,1
0.9926751932846892,0.2554185798306261,0.8694902312960959,2
0.8150614145410849,0.6805744780559626,0.5116738248518595,0
0.21173594884701674,0.8474237919912759,0.11855656586869401,1
0.9405492942476994,0.2544393431076346,0.7930767275871993,0
0.35738639408248485,0.3315481589206071,0.681861180970508,3
0.7637951610960672,0.12062639188999635,0.2824761240527448,1
0.7785476681513782,0.46489730884617053,0.08588290906867613,2
0.21300851415904576,0.5873231445280266,0.06185629641213741,2
0.05695446916508706,0.15243154666231196,0.6875248627383012,2
0.8506287130299156,0.8492332963895552,0.7801916736345001,0
0.19540338412059777,0.17619175105715845,0.25183825075669986,0
0.41641152917802227,0.1977067937866418,0.2224749910827981,0
0.026697659824274744,0.3741130991324687,0.7879949720187545,0
0.5057300249154782,0.41983599728386223,0.3893746284606393,3
0.397207035625599,0.862522003169445,0.11682839528485489,0
0.8425044761372609,0.9801757223190779,0.5245252192721469,1
0.8163808425969264,0.48695432372086,0.13610144378459166,2
0.7536008986868168,0.5957073841477838,0.9574114254788317,2
0.6786737898720667,0.6269084813185075,0.1247772338868175,0
0.9920203087642193,0.6492183883867314,0.8646971021275027,2
0.8626820106508121,0.4340455170241243,0.8719422563348403,1
0.015755727370164285,0.4221368691886703,0.04220330061098354,3
0.5162612699795616,0.45431386842986965,0.4879414185932477,3
0.6688351322386964,0.8080660695004941,0.5406936346823871,0
0.7029089258043589,0.9867703959826735,0.47821197222621503,3
0.46274963722513696,0.4910828513969385,0.4688759124495091,0
0.5758246821440356,0.3969123250993425,0.0002065207704320393,2
0.33959282102112154,0.9247156839779065,0.7306910689938918,0
0.7514334421491629,0.8947499265185785,0.922837147460578,1
0.8170526186439543,0.2812430056251758,0.04098513089131728,3
0.9090442649840731,0.6439798056289431,0.6679354186021833,0
0.16462303847042692,0.5287032308605396,0.305582057042452,3
0.5513185947750461,0.562362081312531,0.15387992206093815,2
0.988778967798021,0.08106763980923781,0.6345422964946418,1
0.8519550130196305,0.20003311765797926,0.4141277867364159,1
0.8859294804204022,0.33835997857869626,0.05280485076884789,0
0.753275858907023,0.5374760970316926,0.13665979985730892,2
0.3794519956189959,0.06384210275184421,0.7944547377059623,1
0.5194617633105958,0.9784259857675669,0.9600138527662685,1
0.3078251703294692,0.24898250831481883,0.9968602489173815,1
0.34807566328754136,0.4488983121446847,0.38551509224081215,0
0.5117848324634126,0.43849283825270036,0.14573783510897897,2
0.7908238300217558,0.40635794575087936,0.8557908862667031,1
0.9084339431938819,0.007177661735635055,0.5849244465828118,3
0.8726303078514783,0.14819683960208985,0.17161318362696631,0
0.2135826893235636,0.27463190531978143,0.9744746347791482,2
0.2416772002060681,0.09821061567112066,0.9443797352521305,1
0.08198922684172771,0.823025740429049,0.8819685569973525,0
0.4987438898866009,0.06494629128784046,0.8521234348711753,0
0.214258062222226,0.9095132920159179,0.19926230923063726,2
0.9778828759479938,0.06239625000618576,0.11734577305206284,3
0.064842265767317,0.5618535066789018,0.7270751287176627,1
0.19603270916305449,0.5096084283975497,0.2378949260047546,1
0.792042261587729,0.1658536692393069,0.8809602258090526,1
0.9384288881823432,0.766352524985538,0.5738019856619978,3
0.13813207944488815,0.46751221852570546,0.15216179297804677,3
0.15867832942668159,0.5136943887670572,0.18633324395790274,0
0.16726063157959759,0.7075554736317919,0.49270710032450094,3
0.8105488350828196,0.5617659435517369,0.9904649457851518,3
0.5877814693658706,0.8908533115029621,0.2243085530949286,3
0.6931883520876846,0.38098103061243205,0.2348792798712228,2
0.7372707715887485,0.3493675550313068,0.9929730308122956,0
0.7262913118004419,0.7804309712533289,0.1704176812743322,1
0.7063173226206165,0.44408703729711096,0.752433793798347,2
0.4258641650073933,0.7804556131233816,0.16057932306503786,1
0.9575582706672607,0.0530512230526079,0.4923078970250713,0
0.6462616951579938,0.9008860446044673,0.8770917052368711,1
0.9621504798543095,0.3919039685226834,0.23505477820088672,2
0.5648484795603459,0.49459839130067884,0.07888485104594045,2
0.785423212487331,0.39856026028741653,0.7009343982480013,0
0.059080879479068926,0.37156126214402696,0.5718699572529429,0
0.5072440891369024,0.2249467988552607,0.8215845111714722,0
0.5720670779322883,0.07652906538610649,0.5953871091204773,1
0.020749953924050213,0.6432262802133659,0.8800984860608341,3
0.35072759693980593,0.9042916956639152,0.6608913653657646,1
0.7710740161663517,0.05361297142232746,0.7362808222354374,0
0.5315373974251245,0.31275226921269517,0.8489642527560103,3
0.5397906710810145,0.3435128767138447,0.3838956780649112,1
0.5653355233892648,0.7275662904817599,0.9515517791655564,0
0.713390235103651,0.32319114842323926,0.5964558040461838,0
0.0717751899498279,0.20547299542012964,0.6587177246690565,3
0.9056949847613514,0.09276351653809378,0.922028886404202,0
0.37384309398441773,0.7641767832737344,0.6166659342040838,1
0.2934925969113922,0.6190177429887834,0.9079744936207889,1
0.6399390488207722,0.8610589982591965,0.07933220981466427,2
0.6556626497465726,0.07187898221819711,0.1330444420949214,1
0.6124359727643531,0.4956788029464282,0.7659721305856425,3
0.0297025342590701,0.28553009104598737,0.8050669951851154,1
0.9516903095206418,0.005367893708740357,0.5008001323764055,0
0.6251536687457255,0.1609928341384549,0.32864367841102937,2
0.2023738369375716,0.25583704600131363,0.23235011741311373,2
0.07926315995530897,0.6576548142381078,0.553254124009517,3
0.31867024712888703,0.8306052398141852,0.1243707444245501,3
0.6586245108022165,0.4511287580385459,0.137583473967684,0
0.8598977343465595,0.8112873251535897,0.23176280421609108,3
0.6842283977656759,0.49428194556870986,0.6539652597003816,2
0.7046376522532306,0.25600352367705137,0.13673932320261406,2
0.8212612144321919,0.10416564197228717,0.8327979526326775,3
0.9005422971635911,0.24710051484116646,0.22364964049372515,2
0.9894062625637713,0.8400819719484189,0.2164937064866066,2
0.47324074307014097,0.34597089957220406,0.0839247947704218,3
0.07345788134094233,0.5464312741779818,0.37196900801234734,2
0.05418660556854904,0.5581778120306403,0.8191649605961577,3
0.96597729807557,0.41539229594441496,0.37296779643396927,1
0.8797131265269318,0.04886498763635849,0.020052907312308466,1
0.11028564771073535,0.5410839101414131,0.30188792402644316,3
0.09677253917832329,0.0709322727793289,0.3994416453730505,1
0.17948285215023208,0.24160938105207874,0.577791749972618,3
0.5575483707691223,0.7501286445550611,0.5730673600526089,2
0.49670739346437254,0.30900922170346967,0.2578593712756325,3
0.5893526709462176,0.1161521519053359,0.13389321174939683,2
0.46365400493611797,0.485384430860094,0.33769135923734905,2
0.4896225777729333,0.6932934690747984,0.6389349941968485,1
0.3126627792475488,0.39940738245592855,0.2160632735800685,2
0.6077114163135766,0.8754492714708794,0.6908282991794057,0
0.4741591197754321,0.425052073627215,0.10908241256673679,1
0.702152117419668,0.411599522610661,0.5313037352074889,3
0.06982320758902649,0.11691698466836686,0.8199663601247442,1
0.4502870203384399,0.9949516957412574,0.20824653459399833,0
0.9454846917313297,0.8633132346279722,0.12730642977057094,0
0.9274020823091218,0.38304531682047804,0.5950613399692364,1
0.7331868768093673,0.15122378603562459,0.24819100512504833,1
0.03142043763850322,0.03338288889576091,0.03323651715296738,2
0.33427859653072944,0.6974019460415921,0.5207827022558368,3
0.5581852601853188,0.32219892443620035,0.845153981686062,0
0.05285943056718467,0.6595543041805279,0.6489561357762009,2
0.8251778886082445,0.7660537871188906,0.5049591053425214,2
0.14434274571263872,0.27105340865615746,0.5024808425755539,0
0.5459194185287044,0.35972888342673603,0.9457085832116269,0
0.7498514393288823,0.39937236342251925,0.21984719246587947,3
0.9850621365437994,0.36392500840169206,0.01589975832028956,1
0.38482723504940763,0.5645724237590962,0.22195819611697887,2
0.49641629402440435,0.8109437318196204,0.31823589797139984,2
0.4904921267168495,0.4755186922662128,0.21833092238399676,0
0.013119465790131013,0.5065123036530446,0.6320969907896811,1
0.3517162267100016,0.4942011915689569,0.23585532990503866,3
0.45545549686242637,0.8600972317113746,0.845139178610725,2
0.5795027642288767,0.8062083568614739,0.33621468344820027,3
0.28796663787624444,0.8502568148692833,0.22801903289058534,1
0.047043142422907414,0.7794238541537516,0.7036800711873891,1
0.703117733141466,0.9107632061364294,0.8455269842606241,1
0.6250948875355056,0.42250510610905323,0.9196492517342884,1
0.9115372045922873,0.1057582210368464,0.5326787330363474,1
0.6063705183416329,0.977781144175422,0.8242753138427943,0
0.9836962441104432,0.26516395771491563,0.8001439148684667,0
0.8921681962104642,0.44175746389658954,0.19144622886480955,0
0.2559552167485044,0.0794947358917173,0.2891478133632427,0
0.35564231762820664,0.18829150496952096,0.33607744749804,1
0.4072215831113738,0.8327115858741956,0.23826566962481954,0
0.12032172491291959,0.7523476758012362,0.933989896345126,0
0.5890552287055787,0.48192606934955906,0.9987296170394386,2
0.5971831042049943,0.4333662125637674,0.2737923545425416,1
0.7135738743448798,0.3102241605309304,0.7440677360901972,3
0.06730635695467146,0.7585390119751515,0.30234415455890473,0
0.5145609544584413,0.14292280174893224,0.7405932973533308,3
0.7040216161798943,0.3291734135475163,0.4705400216039006,1
0.6410906918318638,0.26907311319383775,0.6808901870552321,3
0.6994636156370849,0.2888098112328352,0.8098986761091624,2
0.7598672459836087,0.5714258647622565,0.5027463538223126,1
0.7848923928991653,0.9303718830858145,0.6015640079476514,1
0.49255330351477467,0.4832781879013527,0.9538957899772913,0
0.14317729310374017,0.39446228037154496,0.15403052622453905,1
0.4426479438677857,0.33080774931775225,0.7660988103125843,1
0.4081767984711794,0.8668074557264215,0.7545761702672382,3
0.3865015487319361,0.8490256783037594,0.1600734029816303,3
0.8198434620187943,0.5316556596344578,0.16382153898791751,3
0.22967616186192186,0.21083021317785022,0.8921237805588922,1
0.977584803730881,0.9022795881764455,0.7847970771958467,3
0.32929132516825455,0.9569552475701748,0.39038057185350616,1
0.4102140168898074,0.6015379415461556,0.53807007848899,2
0.8351027985700306,0.8912174707793139,0.1993787209048562,2
0.9867268332609674,0.17314005757887507,0.7888504392060336,0
0.28255612467542346,0.2598493899375697,0.8484500346804341,0
0.15053594442028462,0.3098632603327277,0.8225048863804004,1
0.9958965812582521,0.20152397437032799,0.9825218846797833,0
0.3358307711143149,0.6211341593729974,0.20294400158352455,1
0.8491233320545601,0.1544111706224237,0.1532834008761964,1
0.11097980079444847,0.3290387676098466,0.9230693640594583,0
0.19288499597382602,0.5798770011196109,0.34852067753967364,1
0.49206512183760265,0.4942584878118199,0.8903076766231898,0
0.5778161149223026,0.49788049590208716,0.204194900290402,1
0.8312179549316809,0.8175986779187481,0.7408999312493654,3
0.4629504200599236,0.686265657451901,0.7887567397684812,3
0.45838402262879097,0.1327458241624574,0.058059035136141524,1
0.31185953443111414,0.30605294800407246,0.27376835753321693,0
0.35326748585444656,0.1616945836789595,0.9988695029466867,0
0.5608778137507464,0.41956490663591095,0.9051840638105902,0
0.18939122647159912,0.4707948239022016,0.2697617411929112,1
0.0044853138250317,0.18649159297214069,0.4957622441052255,2
0.43419085302300653,0.06888296545173966,0.1959272082864566,0
0.219879225610909,0.003109724775942291,0.8223727428840399,2
0.6309914426560241,0.454073082935191,0.23372937076221278,0
0.6972657710323026,0.4428532044639426,0.2985165296607968,3
0.420204859867348,0.4778355420543178,0.06171853899699964,1
0.8208841319369528,0.3441623100485396,0.01577723918690077,0
0.452593884355731,0.9978785033772007,0.6311803592625412,3
0.23719781513234495,0.7246903210026382,0.5251451676409183,0
0.615713171440657,0.7561909577909345,0.640657259745723,1
0.2574691138496559,0.5381708315471709,0.8359386147639629,3
0.3083133275037987,0.09772612599902619,0.8328628195678337,0
0.047764831036606226,0.8735598804722248,0.38138306468316685,1
0.35502463833847886,0.5298943137583123,0.2068987120104322,2
0.46275713872734137,0.7284615802288124,0.996498257903982,2
0.34233457962162517,0.18601950013050805,0.31962592273328894,1
0.16094798979186808,0.19629513013532507,0.6991259771353173,1
0.3467342520803053,0.6568126481020284,0.3360601162127618,3
0.0790342125726583,0.4429043960479141,0.49460222942335674,0
0.6367634550936984,0.9399837465561116,0.6908543941901777,2
0.1242974505748593,0.2849079331175891,0.3622641353307936,3
0.03391172559446087,0.3901323600263982,0.9745924500935431,0
0.5409591319552166,0.4380044731338274,0.39858632946438666,2
0.16944224223094762,0.5359342331493189,0.8069317499383973,0
0.4385165895697646,0.6179971307655643,0.5571951774735646,1
0.9048761488255157,0.6724761680071166,0.13136087523807016,2
0.3184448049505527,0.04941067467246618,0.8564526272239533,2
0.7983910142254453,0.4956358978456533,0.4932682944226422,2
0.1354544727127972,0.23219019393191453,0.6254106488631686,2
0.3047942203311875,0.12732432862795173,0.5308753009466857,0
0.4580066449684336,0.9859486630806796,0.33685525689978524,2
0.19247256178427496,0.8407813886377938,0.6328944859052513,0
0.2862795254996996,0.6470363633874605,0.7462500442509045,2
0.8057052602390775,0.2177541560106352,0.20297053664201592,1
0.18451596422037575,0.5637307648269833,0.7934105243438095,2
0.768928070148577,0.8942747794933674,0.9664501245819157,0
0.18429300162061146,0.7035725559900804,0.10716368871653237,1
0.7042689211271975,0.19119698228286763,0.02476917456833294,1
0.5134221162047709,0.6507461107888205,0.7732487507538449,0
0.8292414403428922,0.8154877336943825,0.05368663626238268,2
0.047186545670910185,0.5908975541629714,0.7891448482234394,0
0.5739822029356269,0.22860845490718873,0.8550724782681213,1
0.5768588952545849,0.41865860579099035,0.5299246381826782,1
0.67355844109573,0.1485088789657607,0.04805239616725754,3
0.8903647389139571,0.4815223042864294,0.6531216099552658,1
0.777492832687325,0.1176447824349538,0.8107503275336627,0
0.26476609168111576,0.5000314379198058,0.7959429879716552,2
0.25868193385760063,0.37118599106581374,0.8794288065409425,1
0.1304236505432903,0.1390618551879953,0.79658193195681,1
0.09292259830572502,0.6834540621810068,0.6642433139464993,0
0.6013776603258262,0.7909751827490934,0.7474000544519904,3
0.2727089104894381,0.8907735340064755,0.8888703732471673,3
0.6109010629341646,0.09844053793470675,0.6445059308675936,3
0.01131780170081731,0.5259404134668914,0.8431093383074476,3
0.025388485795964755,0.13187169373767482,0.4685774795062163,1
0.6282909170152116,0.599714881480364,0.047886647896029255,3
0.45509496008145633,0.1788450578827988,0.1084101231655652,2
0.05896040566591676,0.8082836018023872,0.5411257277436764,2
0.3838195835049246,0.6105940013704646,0.19902657496311305,1
0.5695787780267069,0.7564037142979642,0.5452638399272548,0
0.8300081425674476,0.1896249714133872,0.3305129555231835,3
0.47686901878852606,0.6641836280865308,0.7208839975579345,3
0.3225115794567568,0.2039148664343149,0.02515714552903725,2
0.06345496605630263,0.39558594560809957,0.19209287423191468,3
0.39404658010509086,0.6897398826244168,0.9880144504740186,0
0.5201669009277754,0.6615733518670783,0.029167251654983017,1
0.9320546166662024,0.18294519899326067,0.6364698962247654,2
0.05040327956513557,0.11397152195029592,0.30760817230450754,0
0.9477307378308009,0.09438867598265499,0.5749067848380534,2
0.3027756300626787,0.8502687377375979,0.8693876652984893,0
0.8375687558547799,0.7841161220912813,0.1864533461588418,2
0.5759628563475782,0.696166668644679,0.6616261715011245,1
0.307726268247449,0.7400979692752864,0.6876289545147697,1
0.37156864658284905,0.4809924731875409,0.31421097346084537,0
0.24286163846065723,0.6311349774398436,0.7739698411682275,0
0.2794679799152445,0.6957981477638229,0.7200010849053621,1
0.17944024585288154,0.006243967360505143,0.3358216926039419,0
0.2687506226078348,0.4707321549967919,0.4597149251228594,3
0.7455892019351839,0.8645018456845767,0.36301914825746684,0
0.8725012391489769,0.944042972715736,0.691926850998322,1
0.9213695499555286,0.617854342285267,0.7211729354097599,0
0.5420290910247277,0.7809643704573946,0.5837201641583674,0
0.7676428517103173,0.4804757682869102,0.28609563293074225,2
0.22527896765730082,0.5796646954908282,0.5729412084698594,3
0.6223071008473016,0.7979512918481481,0.17192838048566506,2
0.4022923832482749,0.018026903068176114,0.8756023526147841,0
0.9749670665102227,0.8191454414316345,0.0593365659103261,3
0.007989903454574954,0.12241107336620038,0.5097914806084058,2
0.6056499976658556,0.955925532046397,0.2167052617505072,0
0.6608940691399734,0.47242201017299823,0.022284935750472412,3
0.0075242233655964386,0.4320944057126065,0.7032710479491799,3
0.9766099023210996,0.6085201711923273,0.7379852792638238,1
0.7566625596215124,0.7540345036974315,0.6473169672731777,1
0.34714745445530104,0.641679055244345,0.8245454573916067,2
0.11080199176352168,0.5126180864024178,0.2683195770491623,0
0.3986485948796571,0.09784528768292078,0.9760375293992815,3
0.5215091686570904,0.5300300253280187,0.5228556090214521,3
0.7195240279412065,0.45337045718701485,0.6405106038309049,2
0.1367864308300324,0.6023612112595059,0.18058971126512646,1
0.3639405500265642,0.4055655093994087,0.3164802636508449,2
0.7932166589169095,0.009688355750818056,0.8162445968433039,3
0.29556399776113385,0.5370815516221121,0.2415824806440071,0
0.6215667924850495,0.4835788472386511,0.4355734286997096,0
0.848603408717653,0.31849910276805804,0.24640488559312268,3
0.6879336037199243,0.6442065434125928,0.977406009484748,1
0.9416116134771165,0.3254035020852809,0.4072667604066218,1
0.029774921346638616,0.7554979892263457,0.02933063797406321,3
0.8340780940500153,0.014530573985603534,0.20541668997669127,1
0.7062058364917735,0.5807628621295929,0.014988812815911134,0
0.12382604472743097,0.7052569754451258,0.21269586720014944,2
0.8030329907614203,0.6007386941974693,0.04010434548873032,0
0.7956353203651805,0.4984823834399339,0.9251368470572561,2
0.5522312893881447,0.2190075210296718,0.7900823432240827,0
0.09953694072048846,0.37245959854290844,0.010945879148206439,3
0.22025855965083208,0.48533585807820034,0.7719417336571901,2
0.7473279410664989,0.4769428957283305,0.7843540757500095,3
0.9763530730992769,0.8809681088308433,0.9307210663796435,1
0.28587435572827846,0.8578061732895056,0.6871904742807979,0
0.7205679409499727,0.3161889212192812,0.3325035318871099,2
0.39118719421165193,0.8500060661857826,0.5726944073057271,3
0.8922225740470614,0.07714807597859441,0.5818832657270816,3
0.3645627411690109,0.8106733690814006,0.19142123781086995,1
0.35360809187484354,0.7357566094727861,0.4476593458261108,1
0.6625055622540635,0.36016689723533146,0.6284329876378643,1
0.8985375544308489,0.13059676152381217,0.5311741486849748,0
0.6182131933429293,0.9038541892943884,0.4069515701781494,1
0.05249170970102657,0.5262789729964773,0.2502367959442132,3
0.29834070094177656,0.692886306585068,0.08677454489861469,2
0.4158581519020421,0.917728722476527,0.7522101490036619,2
0.20180223859970603,0.25213588682435284,0.2837786179462364,0
0.3442122190288671,0.3558180038035498,0.8886408648653148,2
0.35588748229848144,0.299843813053449,0.01781458576841044,0
0.4342517609316874,0.9984687336333925,0.25527147073593714,2
0.794127356951904,0.4576509089099636,0.9416434514276169,2
0.5229607841810385,0.7501317429241037,0.777593489132184,3
0.7992702716248723,0.4079964376513471,0.44047134185307435,2
0.19577803266349192,0.5695405545899896,0.058333185615661254,1
0.4484691974879188,0.20960431555372483,0.21178094306713702,0
0.3661157480739854,0.03705229771642882,0.701781364001336,0
0.2564609626383605,0.6603877643675956,0.18475219143726052,3
0.004460709603542834,0.4041491693262246,0.522991761920033,0
0.5567003392982625,0.007664308483529836,0.6067712098125576,3
0.893068098579979,0.47541885178143983,0.40761512485740903,2
0.693254462624947,0.2396784787030004,0.9694417715893608,0
0.5396670236262286,0.4160099765924745,0.2648711536835454,0
0.20037198218973606,0.7607856843258962,0.6117213263543683,1
0.21160669038608504,0.44409634549181365,0.8635253914219377,2
0.9709471279116247,0.43791024830472114,0.6844099348815333,0
0.18243077120345663,0.5682083541066479,0.2544149991787875,2
0.6672351896191896,0.5831977775730655,0.11776195823643432,0
0.109041320122098,0.7664749974514105,0.4151538123091355,1
0.3532513807858576,0.2337480709317985,0.3034293473001952,3
0.47262066322194485,0.6956011780231097,0.8658587353042632,1
0.724629162218049,0.4472147087960415,0.22538931010213803,3
0.8327266150630543,0.3164437028477737,0.3669567630625047,1
0.2123826227904959,0.8587557548043101,0.9200588249919822,1
0.16948273776851486,0.5473252844053456,0.12937835877154658,3
0.681690758361894,0.5865106840650062,0.7837611382953368,3
0.00867500809066779,0.758681447086904,0.35208426175636287,0
0.32722572195524247,0.3590234716028642,0.1710729956380329,3
0.09149993652828137,0.30668251170334493,0.8219266090557744,1
0.24423393256695003,0.785455659847178,0.22721882994501974,3
0.8470768738768865,0.8572086471983209,0.09732545652709534,1
0.735469935224208,0.08029389822835309,0.6540432506447558,2
0.6630413761961861,0.10765725881883725,0.05723161120606801,1
0.2708351339207853,0.9544673018727224,0.054328422700133494,3
0.6088245808264501,0.016463513341081426,0.4331078007915915,1
0.7807865001190446,0.4653339363846949,0.917279308024643,2
0.3033091872443595,0.1591325183514516,0.8096946978960713,0
0.578265374481461,0.4421622275150574,0.5451670977022974,0
0.4952998634774042,0.8002516889548251,0.7387450617661195,1
0.86713789914053,0.23376184131981403,0.2563839913291568,0
0.06091254631225218,0.95178304871703,0.7198718283806544,2
0.29972463956166295,0.04799020670193033,0.11566839987725519,1
0.5804593310047146,0.7887800395645754,0.6860076882390806,3
0.3489671707206068,0.6518822358334512,0.47527277883834196,3
0.8283771028181994,0.9629029150145746,0.8942985982262228,3
0.7559937496075174,0.39608054004484994,0.04939818425812448,2
0.9424917553615496,0.7097476617214551,0.7564273912916694,2
0.3033845357910333,0.2533659985003238,0.07134816727767623,1
0.3523007133743845,0.41912953619976934,0.2529338630568485,3
0.08173199514057528,0.4358139759909171,0.5702138205715548,3
0.05025057429221147,0.5498786220863463,0.3178172180541232,3
0.9881919987123319,0.9942704423316936,0.5074354775461469,0
0.34610412575920535,0.8032325611120584,0.9412536707622094,0
0.9834946715173043,0.21915527476329888,0.3477627106076736,0
0.691324790807012,0.40853613782443643,0.392582573231267,2
0.12573026785506425,0.7903304345518622,0.8966056375839544,2
0.7038699731158016,0.4686424876783445,0.43044802672954274,0
0.07277590270257417,0.47827956024526286,0.5526484460365394,1
0.03845908877044979,0.07089702889628502,0.8700033738131281,2
0.1345355941193498,0.47404657049463106,0.6905001782027661,2
0.6961482969706217,0.5359993184214489,0.030315313804673005,0
0.38654583581892044,0.04463814542404865,0.19293441424796542,1
0.09651339522423297,0.15304757678323067,0.8738446234366483,2
0.48398647842342923,0.4277714183121093,0.48044813567966593,3
0.9360752560012664,0.32035618316642134,0.7974439091854387,1
0.027249715548821274,0.8803578536719096,0.22116425398621165,3
0.1676400295259428,0.6869909755239254,0.8540770304515907,0
0.14729221283932115,0.9823277876137129,0.4400505323883802,0
0.21082747705503824,0.024386426678184137,0.6185708976494005,3
0.12345394654912079,0.5548464289886997,0.3077439849024548,0
0.818440819200577,0.10019284101187254,0.6219664781054071,0
0.3795099791165807,0.97371352214645,0.8915850589937624,2
0.5483481760001383,0.3232982106222091,0.2401857944379675,1
0.45480732666520707,0.4417140414988361,0.2943678331971258,0
0.30332499281514513,0.8688875349684647,0.9345191309662486,2
0.5294607078147364,0.9921504753056533,0.8056337438456282,1
0.19945923490024442,0.9053657969705691,0.9511845398924917,2
0.8450860127464348,0.017227858436198895,0.09085968689904089,3
0.8043745160354261,0.39100425028895325,0.015162762605595348,3
0.7872042420025332,0.21369569092048502,0.2586041691045511,1
0.2006669752500101,0.7529752003907776,0.48401754366442884,0
0.432859023830259,0.6133970902719595,0.543548601924974,0
0.8443457162049666,0.7028201605919524,0.08181696311593745,3
0.38432932548258647,0.7762179936191382,0.38083966798290037,3
0.11930682551477345,0.7573662028772085,0.8957287971472172,3
0.7396528060662825,0.5244023584188436,0.5026478129058484,3
0.0008853497183217707,0.64450514068593,0.03141682793020906,1
0.6660975820744158,0.49411616640121014,0.023137535957639233,3
0.26936630391046434,0.8614627162962375,0.10919405010236971,1
0.2986708262154023,0.9035497134077927,0.07582851351331132,2
0.6769101680055867,0.1082632113900498,0.5564411750249124,3
0.6052398451385739,0.3385482311311835,0.5896402525900087,1
0.8087809671443396,0.48766476592167984,0.4005259432858287,0
0.7415159423172786,0.9890158201317567,0.15257187662759297,2
0.7742740610517244,0.6278435612362038,0.8003154059621242,1
0.08040897386229262,0.3992618308108792,0.15935154550847086,3
0.46756595845189086,0.14195854361187943,0.26051681458883347,1
0.7062660614810691,0.8566732572145933,0.3619986571067101,3
0.24765425398287833,0.9608232554181334,0.9043247585605643,3
0.473779335232585,0.9072031347087778,0.9157152094032088,1
0.12589453134570783,0.7188993840292136,0.2016858248521941,2
0.09238495701057103,0.25679279719142944,0.22626144244753676,0
0.4177944548133373,0.23854085692081828,0.26401898465998275,2
0.9218090955908884,0.4207854535957941,0.2746354848776049,2
0.4552336564028957,0.8206832772571147,0.7692744978060434,0
0.2429616829728819,0.6761561616960728,0.9422423667978698,1
0.7457760917197473,0.8975112335328181,0.55442607847577,0
0.16465832913111544,0.32043518924100933,0.8750991298737999,1
0.36441029152600524,0.5121926583009283,0.8529916194938011,2
0.5385506912606771,0.1606700266273816,0.7176666916002548,1
0.9354412101090654,0.4208530194878858,0.28857244938166937,0
0.3508869500217766,0.49271889726449647,0.19915333034633076,0
0.09359008479310627,0.8930460611845078,0.05598226954854246,3
0.7103094286415157,0.28052061922810956,0.5013681969391427,0
0.6767316597984276,0.0040172808278095,0.6088118685244474,1
0.849093288426373,0.03443324363665545,0.5662099732437874,3
0.7763456714266685,0.2981876602115415,0.7741272193681579,1
0.9290275338536579,0.6155472219461136,0.8488965762840094,0
0.5503591079791252,0.2650418463852716,0.4656916524372091,0
0.34268863707170105,0.41115577277275195,0.1221450293428129,1
0.33874380137487237,0.31267921486836403,0.48301265952505223,0
0.08857680735567364,0.2484400804509168,0.060608656451804466,2
0.16604249440679042,0.9719563247310998,0.8601761528121408,3
0.7139287517376912,0.9043325514317377,0.7665673919217695,2
0.35515834415364445,0.08760663342625696,0.04911507604301446,3
0.1749753648945802,0.9873858302528495,0.38032787436878,0
0.526371796932262,0.36943363258824735,0.2809805140724998,1
0.0919751001798994,0.4258316645423026,0.804824085938467,1
0.3037452921838645,0.6958610026194992,0.6382966714737459,0
0.7301412895377517,0.8472470725661402,0.35396850412031,3
0.8293954110095882,0.7551025851997518,0.8770024187931625,1
0.45096191569066246,0.8032557051279615,0.16167388971637897,2
0.8426067081048774,0.5763176991404947,0.09524942967192285,1
0.9304540116664936,0.9950319477560953,0.3741690111330712,3
0.020903781038816405,0.8450539801303698,0.739191246483303,1
0.19968733647745518,0.8641594979205345,0.19857525903695383,0
0.20658248942372803,0.9560302356770709,0.8052482058052125,0
0.8648321505123385,0.2913168898920452,0.44220217672596396,1
0.8753700763129941,0.12445551533207388,0.17116468882092917,2
0.9620777074030359,0.06339351242936753,0.2848737277412141,1
0.11548071787953229,0.3147531296424013,0.8709876253640129,1
0.805860835951403,0.2832634410961853,0.9673825649465664,2
0.36804528205278053,0.28964241620728626,0.6284322986849312,2
0.9427890612727603,0.8755567983671734,0.7997620702411662,0
0.2797506689660231,0.7634656389530909,0.4492673484208324,2
0.21401291441953085,0.6018249167345269,0.5505982639149767,2
0.9476844877069349,0.3592074646528114,0.49330601663536444,2
0.30947599187977615,0.15680208406594265,0.7789014164069765,0
0.16087113281701404,0.03753399845177985,0.4209885656355479,0
0.5477060180735561,0.5350071782402408,0.5114761880087231,0
0.8038374072063851,0.3274658670852144,0.9962744567348722,2
0.7120578061402316,0.5398950016034967,0.0809160963928115,3
0.04935683341712205,0.1809705292550896,0.4206105091805996,3
0.9898508410371302,0.5633437897795341,0.14705642922719586,3
0.9792865101808209,0.11010789057111292,0.5766461160657134,0
0.2656421198802619,0.7531092567924393,0.28488705727824437,0
0.994983619719696,0.06768473374257833,0.8003886689498259,2
0.49233560734560955,0.8432579658721012,0.7237197864113945,1
0.672122731773375,0.5169824110050042,0.2586370588938156,0
0.44577276524286213,0.08253658513841267,0.9778777154662598,2
0.7485000415783772,0.2861211931030784,0.6881874517799805,3
0.41484595702873417,0.9393066231344694,0.9010538674725787,3
0.23559547462965136,0.13334671833134215,0.39701489257293254,3
0.7634261502047766,0.9790484368750196,0.36562549821268053,2
0.16602902216701643,0.7114893522292136,0.29040109533383796,1
0.06518120344953304,0.286096197867693,0.695148204477054,0
0.7176708597080673,0.25005552963526134,0.13235545964838114,2
0.18945699032977303,0.2814781205170981,0.7996785931658408,3
0.40428327825395893,0.8013566104926528,0.6690853553440922,2
0.015175747042677434,0.7795399512690092,0.395793550411503,3
0.6536629187125815,0.3783966663171934,0.467644180853081,0
0.20914777865365985,0.2570332833789366,0.9712432023852959,1
0.9820859125223125,0.08375677259895553,0.5634401455817808,2
0.37331249572697167,0.7845168546274237,0.40734623804254677,1
0.2669361146795217,0.9196402255109696,0.8163901785717296,3
0.4083241070694287,0.5627380456851366,0.9678225897016387,1
0.2544903997981339,0.014137160604805188,0.6661732925410194,2
0.8417543439760645,0.7238913865122644,0.14661228517561786,3
0.09780435564953671,0.19895397559708095,0.6912090773200017,1
0.027236103240638965,0.6395911338908804,0.403651763543585,0
0.8288010253082222,0.9694271132377813,0.45781198357955244,0
0.681522923174669,0.48437448089791735,0.12455769789797644,3
0.7704718443862363,0.5021404501105938,0.20863228350578844,1
0.8759507153007974,0.4418581244715636,0.32622393582952436,2
0.2508865483625039,0.7834898708391627,0.44864649851110605,1
0.6625772217095073,0.2389045940088126,0.2324497085016406,3
0.9550537362630769,0.1446691721194403,0.44385793801670415,0
0.06949780722576204,0.8649132804855654,0.4067657932305,1
0.5420877331627345,0.8964915149707562,0.9216151894569393,0
0.7598608131897557,0.4084282012870277,0.8570310563534044,1
0.6262562055963575,0.10056406772544091,0.01971497632945174,2
0.4953801210946094,0.12934004973711322,0.8417362769540123,0
0.06949974123449565,0.7752504729156384,0.7492623009192292,0
0.5627042766461446,0.883432737567041,0.7981147344721956,0
0.6175468589609031,0.5296788511498176,0.7986238866978956,3
0.18922367681370122,0.9014254309766295,0.6953737673949781,2
0.29966948213952826,0.5376994535757613,0.10367063512291419,3
0.27416707721504163,0.8566508591294598,0.9629245274156795,0
0.66310634928316,0.34610828325870346,0.26184441911675327,3
0.013809270097112192,0.3828351005881797,0.5098068666973938,3
0.7712089977287967,0.3979761419031458,0.6625383852638049,2
0.29497560967819314,0.4863047512753913,0.31865372812414394,3
0.6085464913861244,0.5348926377408413,0.05297993472860929,0
0.082132463887987,0.21152924382063787,0.5965005279127586,3
0.8228529480338378,0.6301901783692041,0.5735863549616951,0
0.1189183646482691,0.10351865288960505,0.2318541315098398,2
0.9274719804085426,0.9530343444904015,0.9140141010899645,3
0.12280964042208287,0.9395136555273605,0.9748135508837799,2
0.10477080314369325,0.9724274826681212,0.8966626237362126,2
0.2305023133543559,0.049802656220318764,0.5645386800032479,3
0.20614141137714093,0.49030477550865037,0.7246709330899012,0
0.14017762365049224,0.69166553262936,0.0995896497812061,3
0.7234066194640867,0.5852523824442283,0.4151791870792261,0
0.09826775700728818,0.8022812807797225,0.6741243512898736,3
0.6912997653659837,0.6822426925079649,0.40867090425778885,2
0.9114707616002478,0.6334851622231259,0.8671236358305895,3
0.6715836426594455,0.9960807704708293,0.909642904710811,0
0.38250669249958125,0.05617433549680961,0.24971940969103867,0
0.44918387366400747,0.17967997349897435,0.36874442961317655,2
0.9333589831301512,0.39026493364949344,0.24794111848953038,1
0.929146102706422,0.01110407178879369,0.26160710896328854,0
0.3014114837846291,0.5382082639571524,0.7829679054674046,3
0.3063444000794554,0.5693038016484263,0.058558308375986634,1
0.6923118888797531,0.5249293229659435,0.36316309860193363,0
0.846575299082275,0.30634633376986187,0.7048194027678163,3
0.6764462438410415,0.710495613669192,0.40848148712905774,0
0.45713173944822205,0.4715914735282828,0.014900038754809164,0
0.2893312220255163,0.031065905950935946,0.12387176453036586,0
0.8892316279331312,0.632867257522723,0.8069120684454488,3
0.079685798781991,0.055587430684243766,0.31308365609886557,1
0.4610194055773953,0.5602231644756568,0.28122727018208005,1
0.4791471073404773,0.15494377637772616,0.37259907228412337,2
0.2976692169978645,0.5438883905832663,0.01685103940267496,2
0.5383504862060541,0.9323212425549613,0.8087192110022992,2
0.9746154348971591,0.40175043167808133,0.7621445247669618,2
0.7111762557263978,0.2469436059055662,0.4761748801849749,2
0.1743937552931777,0.5982719209369879,0.4140981692428488,2
0.0003626080397978182,0.8270974704908749,0.10009095474367402,1
0.6470086811053603,0.4106963358912611,0.3515108250272141,2
0.43585397460342834,0.3944061431708368,0.29546741558924294,0
0.11621920519469853,0.5047043671596102,0.22560384775908993,3
0.6318483279741927,0.3962453500201797,0.20974832453501913,0
0.07563305292393374,0.8315921838278499,0.6272695298284344,2
0.9233594347272047,0.7724725053370873,0.6794665541017071,1
0.10779167840865533,0.9879173320636981,0.4658614781811349,2
0.6487304818776265,0.31944863045018934,0.7418054403663842,1
0.3900888803597302,0.9121520311406744,0.400374956722357,1
0.8236062811887137,0.17923304543908014,0.13178318411524392,2
0.8398370981298848,0.13794907335025497,0.5653787722139301,2
0.5735681247959897,0.32471998972960225,0.34061282144950644,3
0.1768160175833987,0.058817364121586224,0.8616502694596558,1
0.7245829818144055,0.101385691195777,0.7851518525529987,3
0.02310174914580687,0.13646126581879992,0.3274369551598957,3
0.1352642644903428,0.24077429246096638,0.18116381027262562,1
0.7328312524349259,0.8442962904201378,0.6969197589792235,0
0.6009425231690005,0.5180018785005656,0.5558278881365951,2
0.20085415678724605,0.7027035420046659,0.5624060283495925,3
0.30818791095863374,0.9700717497004273,0.4753490840801956,2
0.8613903300830085,0.6062719350628993,0.7851721898304946,3
0.8037806967510511,0.16170592523190197,0.8466848152154567,2
0.4021686280149722,0.25460055844810126,0.6408569451229608,1
0.4000472636283613,0.2761645523744026,0.4318802039411982,2
0.64656643546709,0.7423217698528385,0.9208458535383707,1
0.7312420292897818,0.47732952676180573,0.8170943770811139,2
0.848473131058244,0.13419798527876137,0.1631697860393413,2
0.8850663524181887,0.390961797875903,0.9433588708969938,3
0.4190208253464992,0.002127645499361508,0.06507579271429764,0
0.9597432530584222,0.6354923949270131,0.21642053596662536,3
0.7481107854235817,0.7648642986842696,0.7174653979858185,3
0.36278452969904196,0.969298476181516,0.022818595616873383,2
0.5184076314009712,0.049460878993516255,0.7937363727631453,3
0.08904058758047595,0.7388236501191705,0.20093755340292396,1
0.5238830167404698,0.3039562926144532,0.35557072042090876,2
0.5881648649777929,0.3635802898712297,0.23914251659102415,3
0.5191711147442007,0.46423230222820355,0.38557698190417566,0
0.10126141379682962,0.3536627893483236,0.07632890478148091,2
0.9206371669595974,0.2226554127262701,0.7136002616116308,0
0.09843038895592549,0.3886112034850643,0.14777861000296966,1
0.6376791037249794,0.9028531677609576,0.7874318003079005,2
0.7368319567770096,0.12362793039945952,0.9678524374822719,3
0.796221828683863,0.10052686154023249,0.3068265827922353,2
0.5543308605795167,0.9322385773991396,0.36711065646638497,2
0.3880692104454134,0.9571818043650073,0.28927589843323054,0
0.24063747746190878,0.8525524788075741,0.2509398947187945,0
0.008776416944257126,0.1855956015386082,0.5813220618841752,2
0.4644172124788075,0.6409215020592909,0.575053225004241,1
0.42086781798788786,0.5327157743987363,0.7044158233214407,3
0.7888728437299285,0.6026116078345745,0.7440518225272404,2
0.013219627943937273,0.20657767523552917,0.052923032480636345,0
0.7216354515950686,0.6433107184360858,0.9859200729124296,3
0.4398810192525271,0.16945571384700953,0.12670633991946667,1
0.5683084290814038,0.5796354415155148,0.993356133231651,1
0.39131000735318866,0.36890299627724465,0.9038155034011984,1
0.22329859520591733,0.3273078526586405,0.3376715876402089,1
0.8763933463358673,0.17073123384172728,0.6586791703001854,3
0.11604835499991584,0.6298600475163388,0.9739911077003294,3
0.8305982727284159,0.6292368596167833,0.5222202823202444,0
0.8354269839950323,0.053419115994132516,0.25136115687290705,2
0.8267497108447955,0.9602240073303921,0.20652586083776436,3
0.528496480963036,0.3420429701938653,0.39412044693764536,3
0.20808425072659031,0.20548217101332567,0.896672115103786,1
0.97317826824179,0.617938919457172,0.7099636336017336,2
0.42341990824215536,0.2600167916696364,0.6237230017240173,3
0.4018424581436506,0.2851135191351617,0.9358786367020757,3
0.11501357969472359,0.02328546931854314,0.25456346990086287,2
0.8839030586416454,0.274390854330528,0.5713004506478366,3
0.7938500123631334,0.6671730398080259,0.5222183313457689,2
0.8569524671325263,0.03307497727999842,0.6333717792688239,3
0.34579952571844097,0.31617352476755123,0.9947822188460514,1
0.8009946264604715,0.6695198086627568,0.3943770417540361,0
0.06485117635361959,0.5668534228927179,0.6818755914650529,3
0.30429848526830405,0.9294353748668482,0.8387505128592371,2
0.2502167967903445,0.9032816555262186,0.4580585580269858,2
0.5981349263596526,0.6126045643046255,0.6085826785594888,0
0.7731237644843311,0.497113357941504,0.9727581417299811,0
0.4218944672631798,0.6179083163576904,0.9054496345329389,3
0.816409186485414,0.08337651259830281,0.19954609086216457,1
0.5840717375217274,0.27512325050029607,0.305951578277707,0
0.24977616381659096,0.7068154907192075,0.4379390194143372,2
0.261572921500013,0.6296829842789576,0.2741910717921594,1
0.07974094713774915,0.23329240075025026,0.11143592793049917,0
0.34033586242890046,0.820972943170574,0.7665020188464752,0
0.1954901800072506,0.5000494986840218,0.7940068491173846,1
0.7548331437154167,0.0036133592869664888,0.2597547787384563,1
0.12942909667794955,0.6402264829816613,0.6542416442149407,0
0.4529028006347584,0.9896392430627222,0.21804434897086766,2
0.5289847608134346,0.9440688562432409,0.14198760116379217,3
0.7765770726602499,0.08025472446303394,0.808221729693028,1
0.10411372059288959,0.7225677621914621,0.15347753714891232,2
0.020534600255741275,0.38220014294010485,0.2443023433879683,0
0.6713082506016985,0.4996354095468968,0.8367212079082852,3
0.33256196273876615,0.4621031979745216,0.57118438494505,1
0.18299450806857076,0.865610391378214,0.06981533429380893,2
0.567626681787484,0.09170967668747154,0.30077861317222776,3
0.8612917260762921,0.8937899795550271,0.8660943918450473,2
0.5007796404288549,0.2978761891555116,0.7432404786080736,1
0.6961566763584209,0.7315167450567174,0.03741712466998526,3
0.17908560492381298,0.6429120507602893,0.8067368401736675,3
0.5464785351090227,0.44021458363767096,0.353036666082692,3
0.6827546986224304,0.6124214998206944,0.613852973844875,2
0.025409866530900826,0.6818463165626204,0.0009467547604427029,0
0.9876878808999039,0.15073579275989002,0.42732581689482274,0
0.4162891982229321,0.5952790814466628,0.32639874992430207,3
0.8683592393000437,0.7872141219053337,0.2634294693551532,2
0.2854239757342446,0.11056712450657602,0.8457998686131311,1
0.7781543623946643,0.03607560906574225,0.6010922120632037,2
0.11123502409585118,0.4050523736651396,0.3186318054638365,2
0.5793859768763662,0.40676425567966124,0.2715353792993237,1
0.39531687644355606,0.42756390074746453,0.835627729758632,3
0.07684642967451627,0.4487885811851101,0.9992584038413295,3
0.9405257968283368,0.4343643266662911,0.22437311039538255,2
0.2500129778296678,0.3979910334588578,0.0423309653118803,3
0.9394595072209865,0.7439568494671959,0.7647878881429202,2
0.5412084454146698,0.9409920559225671,0.9100366909172988,3
0.5103362669759322,0.01835529812111314,0.9759869698446457,1
0.7353005495193536,0.2996015885648925,0.7601216854305226,1
0.031100076973071267,0.22047548128939864,0.392380115485627,1
0.7702215370037229,0.17909442998680192,0.22095387307963654,2
0.45678345250309116,0.9896294706343044,0.3041989909168732,2
0.6524676058604222,0.9252821043600966,0.6111416129082086,2
0.39355394340726757,0.6744455473733263,0.9262600219861366,3
0.8017970734574261,0.6362738888569032,0.5943707952766906,2
0.8847453461431489,0.7700153223072836,0.6034809666735015,3
0.3313557610294635,0.616505019175799,0.8099509495115451,2
0.2854193856945263,0.8718270000927628,0.3573835191658623,0
0.21151640368416136,0.7798636660022255,0.6531005224003936,3
0.8308175196415472,0.08604297112980075,0.10840028644546151,2
0.09880008032643683,0.6826195897023347,0.9805939780234849,2
0.5458031837329622,0.37676685186724534,0.7595843011488427,0
0.8378383574311097,0.6378274905279611,0.8526025677733619,0
0.1379115929656739,0.9204724846500242,0.703914968770489,1
0.03291746794563266,0.6964297647565368,0.3327340761033023,2
0.45412468294702857,0.3512427469283623,0.8566058324491154,1
0.20248758180891901,0.5075269907182706,0.985560235837394,1
0.7372900031588946,0.8714805213712997,0.2579074697045852,3
0.6616913641961153,0.6452282942524795,0.7305838903124173,2
0.6315581517862863,0.8793285235221063,0.16113098499465572,0
0.32953545289861186,0.6362724741880214,0.012908027178720749,1
0.4173400973781949,0.3684786434882106,0.8051029138470805,0
0.8677541995451795,0.2154156717500446,0.9583273061627242,0
0.8122090471600606,0.0075987374886806736,0.5234363845153761,0
0.9015610103253122,0.17161037262658674,0.4004979168888073,1
0.07840615321295563,0.22312165974378162,0.48011064420948857,3
0.4419770984981082,0.9034550408514622,0.39605365054948594,0
0.5694113175279898,0.8939225636365703,0.8055150879275221,1
0.18093523498123287,0.6483526067749479,0.8633326367139648,1
0.8821124191644915,0.3345065901716239,0.5548664904273078,1
0.029763743078357163,0.29569230297441007,0.9353533839601362,2
0.5508663149963204,0.05639256642755219,0.34164188889843716,0
0.19230065679023745,0.092543595642812,0.2949094543621881,2
0.7691207098208792,0.25191428683399364,0.7169674973151826,3
0.8655683288840188,0.20122422065098455,0.4345391437461249,2
0.601171124108657,0.6587570542043015,0.4003596759059681,2
0.5259243279380966,0.0005456037834287164,0.08865164377365253,2
0.42555097605328174,0.9784677408731105,0.9113947978157684,2
0.9713505490736402,0.9554684281858523,0.5368515819864297,2
0.5485123624141339,0.8148382313229879,0.17178360242218083,0
0.25767636449864173,0.7458161586132356,0.6131188136311134,2
0.9588506336685646,0.14674270760568497,0.7299800186167126,1
0.29342743486566003,0.4412359923479693,0.2316959538540294,2
0.907155542077047,0.5515652720261945,0.873260117636529,0
0.5866049191294975,0.5866430922791742,0.19733524321849227,0
0.07729447312047033,0.2322400521220339,0.9263874640740848,2
0.007703370742928151,0.5014409571732997,0.1700172202169008,2
0.04405270898774272,0.014403764017436815,0.8413353086151744,2
0.9152420967196462,0.22634269324759893,0.5931395360169655,1
0.09194852944273169,0.8795268914996798,0.4746604331824583,3
0.557219849132658,0.7497088049791089,0.7373244486691003,3
0.5579558508684334,0.13677943201955767,0.5720564100575343,0
0.21973899810208497,0.3461317644045987,0.10370823305479993,3
0.7210181936258675,0.3445288114779832,0.9148372424426231,3
0.028145488750195402,0.8893294412167789,0.5431273865880173,0
0.49383253794899573,0.05872449617362607,0.09831706179860167,1
0.590284108943385,0.4010813688368188,0.09473054765026079,2
0.30141618511001944,0.43108844208151564,0.7857065287933206,1
0.40306512140468964,0.9506117138611646,0.5108285119673196,3
0.7032296477822286,0.015205288237856385,0.0905215307966124,1
0.8058840405957785,0.6221538787418041,0.7034757480048427,2
0.1877809079736692,0.8103191085394245,0.9976528541692548,1
0.9383370874399553,0.5979030106054137,0.3097557909124926,3
0.812287152032893,0.06559054807234588,0.09093135171943334,1
0.5663912700867763,0.08551242010676108,0.7758390078781959,2
0.784031663395677,0.6735999240245535,0.38310156000250617,3
0.003813168687527013,0.09794386593018922,0.3333473463528094,2
0.7325199871150554,0.4267565660989824,0.8058151013342085,0
0.1022325882376931,0.2619609841718906,0.6650217117282642,3
0.9343754118547081,0.2180765006266404,0.7499729160812322,1
0.4567425417039974,0.17118811754627705,0.8615884750926407,1
0.5469432560272305,0.6589342383864513,0.2278351797278163,2
0.5538342795800604,0.8215941816137988,0.9521914767567865,0
0.9511286799871338,0.5505573651875184,0.35438225774389964,0
0.5024676657212122,0.808115216129194,0.6190406612003052,1
0.9205217801471989,0.010313818575054867,0.8129277402226658,0
0.6013799932568614,0.6887793034000278,0.3637690394459073,1
0.3511001116008652,0.7854861275594485,0.8568910486634589,0
0.06022311663339641,0.8552295258736363,0.563507223506902,1
0.45167189844643874,0.9666032790515112,0.11103220449534745,0
0.6137423519601921,0.8633436769425157,0.21835563962676685,1
0.33804160399936034,0.6958240340722628,0.17542218984153923,2
0.8599519936255802,0.9887893393736603,0.11823112727308238,3
0.6977307102323904,0.40178315200892145,0.985782475996453,0
0.6709610717272644,0.32457036120016913,0.2999176565938988,0
0.9246393398150689,0.018568729241511428,0.33674130161711113,0
0.6038980234079765,0.2669782188125751,0.9861806729102689,2
0.4389184707168803,0.18532760116811509,0.9994606348433704,0
0.2287723732034116,0.491656472425405,0.14008263521743247,0
0.4221420014793117,0.09592604044134023,0.8699542340117522,0
0.9431984865265285,0.2491310355602978,0.7926114319846926,0
0.4989405120382938,0.4645843318384606,0.7782652775956197,1
0.9132521489620244,0.5072612310689986,0.7948634090760863,0
0.572522837823018,0.4681398031709021,0.5383678869153599,0
0.05629324935688518,0.9840152204053862,0.6749140503268368,3
0.6743178782902902,0.7860624334591567,0.973684858796011,1
0.7794982787374225,0.16316326489984045,0.8394492055438787,1
0.6533627333680144,0.07031877666962882,0.8704871092121136,3
0.638092490554877,0.7981222115492659,0.7350962950420372,0
0.4236052130466619,0.6876704543029385,0.7094948126343422,2
0.1630832414436718,0.024934350478009848,0.4871245948134014,3
0.971529137164654,0.31320986998408573,0.3404112703916403,1
0.9233757080132852,0.9833698348062628,0.7874794151720398,0
0.3144402215790377,0.5312539962891747,0.9157427008644369,3
0.9269199064054418,0.8487516199574016,0.2714295484265328,2
0.8446162980619152,0.5333351861518347,0.10025809397012053,3
0.5330940974885552,0.4192457764535561,0.6964012089328602,3
0.46301673939494425,0.8424452877732388,0.730179516418766,2
0.6749853754156034,0.6521216942645389,0.8145849811386802,0
0.5227409371167441,0.7595395746771181,0.3570661749903017,1
0.7312520654177265,0.014011404758604407,0.9054708777634538,2
0.7681665895075588,0.3261561409918172,0.81001168764727,0
0.5058754250048183,0.21943525646423745,0.29273279503005467,2
0.9616493347766085,0.7160739958375071,0.13284998785001945,0
0.6664780718081569,0.9033231586970997,0.14696237314308047,0
0.09660248596428433,0.5793419920939374,0.007616807780020718,2
0.39449445577979214,0.43394660385490547,0.3548304945741799,1
0.35388768192922004,0.6722706572736395,0.1792236646704909,1
0.9602235546937992,0.14444242407011387,0.44420281090300207,2
0.1525389568243155,0.9993687813801908,0.9442900268644567,3
0.6880719731322434,0.8414766286147991,0.5901623138219738,3
0.8224374141803917,0.6712951353867875,0.24023903664239898,3
0.7799655643420731,0.2276096807936021,0.226487140817079,3
0.09658310342904297,0.33189497066685403,0.57732230990044,2
0.12884698883246493,0.5701403108845701,0.12957071456025893,2
0.9304151088012821,0.20225907231247553,0.13588456117411685,0
0.4173241010561828,0.9461279228054904,0.5967118156423417,3
0.448990962992903,0.3843065492191957,0.4031340766990321,1
0.5910096474388825,0.15674226744545627,0.5543923322422931,1
0.9700759039713257,0.0011707186128930847,0.852072048770935,2
0.14205358400502,0.35732332354242957,0.9075332173210485,3
0.5491017987194033,0.5293379448263604,0.5041299621203433,3
0.09858186758024745,0.10770476939131379,0.18310825286380117,3
0.5837913551373659,0.41900739829669165,0.5065434300216041,1
0.4748995768723199,0.45872004731226357,0.4221829045237936,0
0.720488508041423,0.6641574858953203,0.6027857810435768,3
0.9696211784093299,0.3781512340729297,0.5767581844052245,0
0.4831685984403863,0.7970384599189162,0.2567091258721239,2
0.9420125742388954,0.6356940483258283,0.21502690011777137,2
0.5671919935703869,0.4833566342438681,0.36497511951346795,0
0.6336026427388037,0.4078814472652139,0.5598751734231054,1
0.9622404459423962,0.5680953246497388,0.13969406893908076,2
0.6988921864963497,0.2186247788649568,0.09669123021597859,3
0.8778173277037571,0.8577882393399212,0.2068176120782027,1
0.26774738446887225,0.5967137018404065,0.7768029884002358,0
0.20346650149885082,0.28766432645505335,0.12301382856774346,2
0.6598306345456105,0.3719613387264996,0.6291581200389204,2
0.8719439220020834,0.7443719586353449,0.640333499281108,2
0.8390612438510903,0.007188421990269589,0.43878517363676606,3
0.6903046863856617,0.1431643211068423,0.5758688697650695,2
0.3613734501346383,0.6622938871506607,0.7643114426769854,2
0.34826614118048105,0.21744796506040798,0.3805540100405841,0
0.6302923342393387,0.09275278017240152,0.9821834148541327,1
0.17352323956173288,0.22154154359489087,0.8394334264116322,1
0.9860381876279519,0.8260260731466559,0.7242969528305672,0
0.3926365356302691,0.2875237959296102,0.3400601388876877,3
0.17036325358458138,0.6737061908971435,0.9245817621102934,0
0.009247074072332273,0.7906720270646341,0.27494831267545694,2
0.8546949051761605,0.7609237814600701,0.6079467939425518,3
0.05528688737075638,0.35047742866637344,0.5315124704723619,0
0.43980315006679116,0.929769380852534,0.13052127587154982,3
0.8571417065386913,0.17687215926684685,0.4669921025043505,1
0.9688081985598234,0.2006341738223657,0.25086508090485604,1
0.4694823890555919,0.4389371596320155,0.560200116240247,3
0.7303447943900844,0.692667536979762,0.701190556759072,1
0.06484577333029362,0.028577840694344436,0.6573706688877351,1
0.7097050775493428,0.631983329854768,0.28358984765684037,0
0.20299586961230298,0.4099769803086274,0.9896006223422094,2
0.5258534452249032,0.7797366409853328,0.021858587089825576,1
0.13688126221276142,0.0742369293956181,0.051918905387642655,0
0.6508642079972639,0.6160661804329852,0.012236640971605706,0
0.2700985444364322,0.22279535281674034,0.23282654591887786,0
0.020929317218001064,0.7701309520729691,0.35453554445441127,0
0.3841724600835007,0.9507091725318747,0.2904746852054392,3
0.3558594012640208,0.07746988596869608,0.1509111192772813,0
0.37476436510784983,0.8916900175139288,0.4458088855793484,2
0.6736607033696018,0.5016671821229648,0.8426057664385815,0
0.5258846606806866,0.9299280717083914,0.1601422933529868,2
0.6333055574598501,0.29923161274088195,0.7240014714537444,1
0.14237580363118085,0.5014194248140131,0.30582309748179326,1
0.9845522469655593,0.6197443667883658,0.5732319242554974,1
0.2045809112823781,0.7522389282353504,0.5030304506975453,3
0.0257901894116509,0.3414106188469016,0.9639520610866534,3
0.4983382272299751,0.7443468661452942,0.8093599966480459,2
0.730457828124906,0.2518201862193621,0.9591255624422514,3
0.21710998136629145,0.7341697458883648,0.0281354999221195,3
0.8563748125843946,0.04210619387904835,0.37950866520802484,3
0.022497843654482486,0.1755928147560175,0.7996821842503936,0
0.025020234120467055,0.47547881050814855,0.976502938845062,2
0.6083288342138952,0.09972662763501527,0.9323705239863302,3
0.5907523359866359,0.46825599706211396,0.5203447461665066,0
0.6049220511761815,0.1098498791503778,0.9447998732598001,3
0.58146471260653,0.5015578899890077,0.28462466942419373,2
0.08868310099643317,0.16891792856372545,0.5662455599452816,1
0.17217277770078787,0.04311139580232137,0.37631285695100625,3
0.8336725088969397,0.7078789875197044,0.8071262952181373,2
0.8267298711120958,0.7360279165021686,0.5828262186973223,0
0.8277963407766802,0.22070850108391715,0.19160526849344706,3
0.24053569508432926,0.74805886851998,0.7591337030011706,1
0.8525100523087914,0.01662257882900975,0.0749763358901081,0
0.134764107183861,0.39852676914987584,0.1630794915076823,3
0.7009036520301928,0.2870024325314038,0.015069565736100299,2
0.9728295997915741,0.7425656381795153,0.782235286517832,0
0.4660211293200862,0.9451857633921631,0.3896497104694723,3
0.9218359184975577,0.6752220097703614,0.7379344080625833,0
0.07361452791979306,0.9648645317526516,0.09291417539420388,3
0.6433106648140846,0.6044110754973454,0.41846759140888135,3
0.43057700797636567,0.37481435496607296,0.977707085931671,0
0.8447189968180369,0.8229831727164653,0.9486518551282616,1
0.6253628124788501,0.9672904108222268,0.5664230502193436,1
0.5480854115719265,0.024388394922560175,0.06393090986685324,0
0.7545110704086907,0.6722199283689813,0.46690124940148636,3
0.02862735544787187,0.8644768708274158,0.5585302076500177,1
0.7216877877187837,0.3495600496217477,0.19241717560712468,3
0.34320266049773374,0.20341879371593008,0.3083667666279136,3
0.23052966932221253,0.7312682984265733,0.770942840143624,2
0.4385373691649219,0.4290748996204822,0.30489655607604815,3
0.22451623159935663,0.846732468972957,0.09839010950474436,2
0.29117621606520017,0.5999993578012521,0.15684295360947287,1
0.22428246005867258,0.3725292229113344,0.38141037738024963,3
0.5333914928584368,0.1378204062206455,0.2052562315507871,0
0.9049996175256283,0.2726170978261371,0.7489276972411646,0
0.13836934681397595,0.49662767646947437,0.0070942014941056675,0
0.8327622157265087,0.5023980723941485,0.2294479006378396,1
0.7600051805963167,0.5399352728016351,0.05831668353631181,2
0.11788230468204397,0.8180307579381149,0.4541257897180956,2
0.6263272345789481,0.7909116811258431,0.03307192758038502,2
0.727456622974274,0.8855143132082167,0.8012096004718318,0
0.06238035863315161,0.8863937455898963,0.7003627281157665,2
0.18179449035000572,0.32180394963776104,0.6758838279889778,2
0.09372071398499415,0.601297723180037,0.8617099745102735,3
0.5685597378937003,0.324022830540432,0.11847911761402807,1
0.5767777972458014,0.9657043737321939,0.8614911024404909,2
0.3637717095569587,0.5247930089789887,0.174792217739711,0
0.12951509885142443,0.18870251648118563,0.8429812743950783,2
0.42421715390913073,0.1320769339324649,0.05111610276834322,1
0.28539297727455015,0.37456175223449895,0.9626198058045358,0
0.13120558175539632,0.2936709397060373,0.5749158274817951,0
0.5514765292439574,0.8339859899131027,0.5598646452923051,3
0.7343612328460375,0.16692959244920025,0.11207473696734815,0
0.9488388266539485,0.521764489312171,0.970813769604103,1
0.26267657693225344,0.5019719832355758,0.880805689525568,2
0.22075470304671418,0.7945995270755233,0.5072036925461944,2
0.7543153189233479,0.20456318561821696,0.9333801234591912,1
0.5157006834762324,0.28791746030204,0.6943597225219712,1
0.04591508283730861,0.7984552630897451,0.03259022119223165,0
0.8719417821826808,0.7226464511270576,0.3065530448519478,3
0.3076394158904411,0.7239794275534982,0.3440703672520209,1
0.4083004813584967,0.30775421118806134,0.09896078800140495,1
0.9463973621939438,0.5662747581558161,0.3663636073264741,0
0.9577056567302691,0.07437823130927124,0.4964777147757733,3
0.42857060618614606,0.6738601145942736,0.3246187083855733,0
0.5335889779136577,0.5216268621263622,0.8353126313397614,2
0.45002498503752364,0.509513704663891,0.614240737203352,0
0.8436788105675044,0.8034358987015118,0.9193188873611936,3
0.45620195022429233,0.39107967621941986,0.9420762630396856,1
0.608631575374234,0.5518186441630127,0.1436384809984661,0
0.8489998256603388,0.34605131666138,0.32497848170507737,3
0.16496672629575748,0.1034591171796383,0.11977149896498507,3
0.11192353170269975,0.8620892073788918,0.6307709686369324,3
0.5689402883861108,0.2920596268850264,0.24457466831666064,1
0.42852972525644484,0.9470850018130003,0.05493679331461476,3
0.6914366958271213,0.8336763299841162,0.18786760923416168,3
0.9331307411717783,0.6653878745771862,0.6942561005720987,0
0.18341799694267613,0.20724901265678874,0.4951781792417286,3
0.8092374564240155,0.10356982200920628,0.5982286508058057,0
0.8001905129681891,0.40896507872931576,0.888912131502667,2
0.8643503431744348,0.6539983858580458,0.1985216743188163,1
0.21723907707040702,0.8958356208866984,0.6579969007625818,2
0.4128667246257036,0.2559716458729039,0.22240561612908272,3
0.12977020970272657,0.22250537726832265,0.7030424952654147,3
0.11334562085839339,0.40504335526206936,0.8372642043726753,3
0.6285381207143703,0.5315803873581532,0.42122602882923565,1
0.4647644544676979,0.9409203438624852,0.9537191629401884,2
0.959468285748093,0.7039990998054986,0.08800574049908438,1
0.7142790291371303,0.8907844973837916,0.0441173564046089,0
0.18527876656514564,0.01591555767808228,0.6252049888691397,0
0.4537357428487876,0.1388497356920324,0.861652620312011,2
0.8146906874732175,0.24868453819595115,0.8289446203646839,0
0.49553934013655176,0.9385303921752706,0.635174896216235,0
0.9462597678548583,0.8432044194485385,0.19402990594431646,3
0.8823601775277821,0.9996979736699093,0.7938024968899802,2
0.8118831852111679,0.7290648219349505,0.15463426080173692,0
0.5659971490116454,0.41745434381934177,0.4331582743438187,0
0.4707922578423006,0.2898354628061055,0.802602986271225,0
0.45219995017700654,0.47486144593123425,0.2740546354359322,2
0.07167883281818654,0.14381822672813283,0.11745133360225435,1
0.926700178877125,0.8214995096528774,0.8466397813421058,2
0.022229476691746353,0.8680313155494392,0.1208139601170426,2
0.18259432076497772,0.8095611282020977,0.11852002220099056,3
0.35357211486530804,0.13736932869387686,0.733133282961076,0
0.650075169726616,0.11467080673116492,0.8251572676159001,0
0.8027073232938776,0.20608236078763564,0.756264416020264,1
0.032260692860748286,0.9542744487660745,0.48559593504139464,1
0.8764127906478895,0.7092014427488027,0.6716081181406148,0
0.17230035081683026,0.7135837538090398,0.472849938858527,1
0.9779344182502862,0.6674831653441521,0.772681367546013,0
0.41856294867186394,0.29567286671552717,0.8018966819607841,2
0.9396005092364602,0.15266901334380667,0.8179053055324251,1
0.4821006820992476,0.24456608743690467,0.4943906034741874,3
0.7194789547897741,0.4109995028041735,0.9361632739378648,3
0.4048728679513537,0.21346843263708137,0.9496122381388641,3
0.5824391820456669,0.240299949623605,0.9777124793909711,3
0.27942170435597113,0.9586131701809958,0.371562464131599,3
0.12055750293655343,0.9965379057777058,0.17877283165033708,3
0.7538083376238202,0.1444253470403306,0.6723376007119333,3
0.5989849949669924,0.21001044188432894,0.10231685671279656,2
0.46458644520189607,0.26316402775400405,0.4207948986497928,2
0.34614246470713483,0.9512416669647025,0.5114338905323377,0
0.4682357250079172,0.5660846967724238,0.7958645676230601,2
0.012080187890876726,0.7405108189159253,0.718693368387288,3
0.3959061106017824,0.5399284931852839,0.20592456779335588,1
0.7456311553132342,0.3436807061779815,0.9145560984584167,0
0.5216514858971038,0.7276141324333028,0.5792905235576696,3
0.6337209925621522,0.6384976767818037,0.3376442304672437,0
0.3657092081249096,0.176952501689982,0.6582832010579571,3
0.6781021338904111,0.2792574217316708,0.6200149860850399,0
0.4085624430225233,0.8527959864615203,0.0003272045010279667,0
0.8445927062618059,0.5626789101298327,0.22881720125607674,3
0.9203930467170436,0.9138739991620715,0.462591718012367,0
0.4973996882491555,0.6266414116938356,0.01308986257985123,2
0.6880256562053577,0.5567779069167926,0.6239853310910493,2
0.3165367476466786,0.5307322190011066,0.9197965712942809,3
0.7944024366188426,0.6900607520780687,0.08074599365825463,1
0.002124637207486346,0.6982509977774269,0.10486049219468274,1
0.8095002887894296,0.6455038642515977,0.8103100497229506,0
0.647239368806293,0.05997964554287316,0.7027823125815208,0
0.9787527102499468,0.5117329548105115,0.22423424854802299,1
0.32779464316110185,0.2281091096223865,0.047690820607608764,2
0.4375433797885583,0.5662306968265027,0.18412422349252566,2
0.9994308534503126,0.5367534009204321,0.2688819471157411,3
0.744142991606122,0.5390105061618428,0.15094303252137853,0
0.6898055041640307,0.46601056556638776,0.19374679141324724,2
0.3496554950066928,0.9666627592860535,0.7030075556862869,3
0.5066007463950704,0.4682972614948079,0.9844125994271365,1
0.19724727650252993,0.23931921159354996,0.5478431153457953,3
0.8688674830272375,0.22184554043400684,0.9816493297966112,2
0.3812000804917649,0.9543224760499273,0.8231127366528026,0
0.049301579871876,0.1061418681992431,0.23886776555516065,1
0.07611715271966901,0.23386612711737131,0.0984570155554143,1
0.47193849991576786,0.04695519977325502,0.9002299635288352,0
0.6088583888936505,0.045463361122441426,0.9051457330103109,2
0.6187161965172928,0.6666005498877624,0.6867852358590896,0
0.0032292403744694775,0.16830966784234191,0.17715644051022672,2
0.2909047140258265,0.6453443043003877,0.9928449200626092,3
0.18511741333974374,0.7706134107444267,0.7304845279525627,1
0.048564656306837484,0.6259815440163551,0.7769247107329942,1
0.9593286716975841,0.6289091514850614,0.985880380582136,3
0.38142990021545653,0.4357722488737633,0.2895688195036503,3
0.2543217790935136,0.07797844919991215,0.46037887032330504,0
0.21959383047866798,0.5489098857718936,0.20694076758267155,3
0.5349659097644466,0.03622447752017277,0.28608276649478037,3
0.7901298571985289,0.8275251123573271,0.11316643771269885,1
0.08886096344549166,0.9039102957605872,0.7496540086369871,3
0.6410472737472523,0.5206556725718527,0.2819179662135779,2
0.13390238330040216,0.07421951413970884,0.9854010656911378,1
0.1264487116111742,0.9075633876901597,0.7786527175539358,0
0.3851726079375364,0.7091772581560931,0.402028705940188,2
0.791769038845906,0.4637711769647881,0.13178511769857904,3
0.349194521287564,0.9652469868811149,0.979854568920594,2
0.8963877236257057,0.5054692172926709,0.26762600561520444,0
0.5951592199674489,0.17103040410030135,0.18517955283025622,0
0.36966821602162303,0.03699936358708966,0.8878617842893156,1
0.7172534855888447,0.09423060203837419,0.7140246613791119,2
0.19917892807690396,0.7712259276320007,0.867060589858784,1
0.6726001233684382,0.3271816361577984,0.5647497136635946,0
0.5933343292718033,0.2447760929297842,0.8281909514058022,3
0.2698458899792685,0.29653071812027165,0.6792941165646662,2
0.15766354615825307,0.22223284725898707,0.1407292790164375,0
0.8347388836369098,0.3853590626533323,0.2714530346033225,2
0.7169366047106323,0.4250937960341702,0.6730173608741303,1
0.8368497849748882,0.05157719505013314,0.4555911302581347,2
0.4614478683166461,0.7685618813939203,0.2677443614438678,1
0.333547144776255,0.6403104808189465,0.5374261496889916,2
0.0011389128537832027,0.7203580883455589,0.3070866308551816,1
0.004548620673825776,0.6549836237190051,0.3607854107776747,2
0.9668197801240216,0.3677696877337432,0.9143885261824947,2
0.12371136129178162,0.04491948182572614,0.78183772003612,1
0.7339879785164483,0.17113919384958476,0.950719869208241,1
0.269653748416691,0.4383610464990121,0.19548570064616766,3
0.3760922321804673,0.32975579373011665,0.13545849399753607,3
0.10987238544943112,0.9723632178926463,0.9636582571043611,3
0.2711318881332888,0.33757776568910147,0.8864404915330846,1
0.4496498573879837,0.5594438956339196,0.36907230611669084,1
0.9573057648235492,0.5993324906999626,0.503838206128632,3
0.8120422415278461,0.9607595483053948,0.9807020244080117,3
0.8852197876586344,0.9349776386431338,0.34630014090986094,0
0.03241081297695547,0.7145459336647805,0.48474214210322775,1
0.33056928388678675,0.8440937384716029,0.29730971958975205,1
0.2352554113968418,0.456566171605462,0.8949762415198458,2
0.06783701191953306,0.4407566648797906,0.251381603652471,1
0.8239920842933954,0.03262767125535215,0.4117890847280211,1
0.016067414668388347,0.24142750381039768,0.16869807525254144,1
0.9281847843405676,0.8237223842181987,0.4183865085705306,0
0.19823130695163804,0.9041688157106957,0.24322894926223582,1
0.7170066367871919,0.09917276844078371,0.9707310349678637,1
0.1702761091249374,0.2671341054352766,0.5603977835796764,1
0.19923662480439364,0.06703099462108264,0.09971913239323293,2
0.5327111648142994,0.13600014834519336,0.6653999588869157,0
0.5284447965812771,0.797891351957851,0.13707183335434148,2
0.13372580085777963,0.997419778966795,0.9117366772150857,1
0.9210103631249282,0.30525498494909287,0.15874343978847194,3
0.6206322740355943,0.11489010602689953,0.8480505272558431,0
0.6829472598459482,0.4744771047838653,0.2808631774961722,2
0.3290450011171042,0.4840195633575236,0.8837078337248053,0
0.4041100322249134,0.447800015549629,0.5729924866837364,3
0.15938453106256156,0.8462091659693781,0.9894844733709027,0
0.12547352073617457,0.9360844238379916,0.5307655599552931,2
0.4465735500493103,0.06817031542768648,0.7668593785206124,2
0.9705692445335944,0.6719907758172792,0.08617337630345889,2
0.14374381151115545,0.6898659290775145,0.8339791587050609,0
0.8182945129909417,0.2319429450633429,0.36326571051249656,1
0.9983887897014685,0.9182374916063983,0.03992415373569613,0
0.5224847993073533,0.36996705613463887,0.318369152736681,2
0.5988495506937462,0.2912806890082845,0.5542451770123319,2
0.5501571575677862,0.7154085395261768,0.16984911629448485,1
0.9009778521256802,0.42841773856102106,0.9979003904818159,0
0.17325792869036993,0.006234794326269055,0.12685149086258551,2
0.572301323700079,0.7202288772502394,0.6147193791070378,3
0.534968324318683,0.9034133498113035,0.06343415153470167,3
0.07138595462222541,0.7243961251343093,0.4298717039809731,3
0.9020637066718158,0.11742230475644322,0.4116338228586446,0
0.045058720679966524,0.49387438535797845,0.3409063513474522,1
0.05286921052342053,0.9146190262282975,0.5771660489637848,3
0.9535092991787832,0.4303455596697249,0.6958684488560601,1
0.1724872679395405,0.939785501266277,0.34799179551713355,1
0.9688931651483759,0.8700037789869605,0.6166001120389947,0
0.03705134009965827,0.20778657250649812,0.9225302397834109,1
0.2896612359802494,0.48163453643651244,0.2593902666713712,2
0.3261689661693018,0.530527440109332,0.5611440347130267,2
0.7213841952627479,0.30416658117220674,0.9993186960665007,2
0.12051604815478334,0.06560638362930116,0.44825283206979916,2
0.13135006793671877,0.5403431147452604,0.6487740676366324,0
0.08511331741361228,0.8209882831110974,0.8076359428182283,2
0.11535401098591791,0.47796161561569794,0.412523626604099,1
0.8093553702136447,0.7474276390238236,0.9043941613175905,3
0.6010290582143162,0.19808616273069135,0.3653465566926992,1
0.8981918149765925,0.7985316373193685,0.4286462006334062,0
0.9830186945526982,0.11033466495131317,0.6833916139352605,0
0.7316392343797227,0.024885713382335584,0.0621195283032403,1
0.3310325247656276,0.3551818985813313,0.08116094922026429,3
0.21000848532601357,0.11339415088873583,0.6302977223437787,3
0.5586436533017307,0.019074301890088963,0.5142987441087304,1
0.175577429268445,0.8481994077075214,0.0005901189212005331,2
0.47441985373092965,0.40813315867364675,0.5711850402925912,1
0.3788673829308814,0.7580608420978303,0.22939222243413337,2
0.5032956494269843,0.7517123577632034,0.5247068820097058,0
0.10478515765389684,0.8342700492155707,0.2603174659850095,0
0.02804971896923336,0.48463385327798314,0.1626880048498397,0
0.22529544233316112,0.12088505231250446,0.24185547648417283,2
0.3719004813945016,0.7261749865896174,0.397218033986214,3
0.6041886852571895,0.24130547608197417,0.0060115890065590705,0
0.05642448278444112,0.8352349163820614,0.6961879518772159,1
0.19525731692399773,0.9910329501645205,0.5204681165434124,3
0.25588966752851994,0.2740774557291139,0.22219184351004928,3
0.29664815542498313,0.7743187108406493,0.0656298703575332,1
0.4590648788251498,0.5304138788538484,0.237913100610744,0
0.7719954444759558,0.5447712533948497,0.6929757622697345,2
0.3996275027419538,0.5756638811189561,0.8304552445891874,1
0.7585098218247459,0.8346522210718563,0.8527013349807868,3
0.7553049463265896,0.8235438736270116,0.8534726944323566,0
0.34019256369438877,0.08725226880729564,0.3077493635778443,1
0.016253603220301893,0.10187749252953315,0.7337998233536702,2
0.07851633970961358,0.8772959829532351,0.2907589223580591,0
0.2864704202996552,0.07945981458697626,0.41927736770651336,1
0.481601254294051,0.6672217444482818,0.7514793622664778,1
0.7531148878171375,0.3230294742994767,0.8644529241024742,0
0.31234919769661396,0.7244198610707245,0.875783761588125,2
0.8644946970484535,0.6248401817373226,0.7368346424639787,3
0.4055911763869091,0.9256620931728201,0.45647278300304706,2
0.79396883599604,0.12619510306903636,0.6595576976556378,2
0.5010712192332424,0.507561140822637,0.9824863630526568,2
0.5221606880705417,0.5322013369432816,0.6095553879359784,0
0.7879885020763263,0.3905115211004141,0.7223196148650063,3
0.1424548111317372,0.14140878411444635,0.905054190559644,1
0.35480466213057893,0.14057635460067364,0.4090355638089834,1
0.6852135249298867,0.8165247608067842,0.3109296275460325,1
0.8452345498640027,0.29906962863911124,0.1746982695608319,2
0.30735516131733054,0.7457166252108922,0.24791653507834244,1
0.8913003627452187,0.2932377289243586,0.35626517428847426,2
0.4604800517316756,0.5460456147599018,0.018892787449207527,2
0.8734331386721367,0.7749592997812217,0.6864481177591274,0
0.7227392710147815,0.5989445432004471,0.9816131318703095,1
0.24884541137486993,0.6572911975396819,0.3910030481685173,2
0.20679587386934728,0.30926479879670554,0.2756822609924342,0
0.9067472126842695,0.77666823646965,0.016206198108690617,2
0.705320075356705,0.9546019154856656,0.9835709286765878,1
0.9145332783007285,0.9573264112110649,0.670233099206456,0
0.25120744441385445,0.13329888676953594,0.44246622621068243,0
0.6070810469241691,0.5965179097908907,0.04594425518419032,2
0.8467740806959275,0.5669590650913883,0.1708548211083828,0
0.7974271187021413,0.42150571575243756,0.7971319236724416,0
0.07932990204150792,0.07292978609359302,0.006602192455590128,3
0.6319148023711999,0.9420570593856319,0.8981348355226312,0
0.135003808151698,0.35609009041940565,0.127233829298528,2
0.19751981721020484,0.07648419761715608,0.48725683066151504,2
0.037745112822878735,0.7026829337517962,0.07063141707367881,0
0.18151862575858702,0.4269038797893292,0.5595814734800705,0
0.6931853961249173,0.3762725400961351,0.4399117751990842,2
0.8867814880367055,0.7223632975319333,0.696445525621458,0
0.24695386756237614,0.4263051666519265,0.5698591831289789,0
0.9497568299057046,0.0626652425550972,0.5868472794351611,2
0.2494209543029755,0.30220853166962613,0.36113514467475627,2
0.7551803266688273,0.40674041619422974,0.8661280389737166,1
0.9756336493595641,0.8216417327375053,0.42171506136294656,2
0.007185581723767154,0.9621506898016366,0.4917487089427399,1
0.8395221397564238,0.7831363229054198,0.20317449899549622,1
0.8331133836635016,0.29964177291125216,0.8256199769609152,0
0.08656749497042648,0.48350984108973893,0.602745352033058,0
0.49877816053639923,0.8406731777132973,0.7764139016597567,2
0.3360077874138503,0.6158435282814236,0.14172904587302038,2
0.6451179380048718,0.20415351180851482,0.10859266441024806,1
0.02424261733468891,0.7485705041509119,0.7011433766811798,0
0.6328090708755467,0.9803924489028656,0.7761388765206807,2
0.9390313451762142,0.7226810986715335,0.8454945383755416,0
0.4521116110014728,0.40433621281190724,0.7748044285345881,3
0.10415540714842098,0.8490497914294346,0.23971341408981295,1
0.5851300476160046,0.8606305996618555,0.7649723040505669,2
0.7046584402446402,0.2486476763179034,0.07500470449383068,0
0.459853967142388,0.47852345825565845,0.5403663237931504,1
0.17522542520905937,0.28035006159240305,0.1434604136913279,2
0.9200037154573895,0.08742814811902089,0.37224285400474066,1
0.48493030712533924,0.7509378458355063,0.3836597733467053,1
0.49155546441894427,0.7277870448716414,0.2844059287426106,2
0.250304414654159,0.7260436428910175,0.3115495470317232,0
0.007025287888101195,0.8819427944347173,0.5230672643375728,3
0.5334496919052187,0.45040605820509927,0.09161353903466529,0
0.8710562172281946,0.9702035086105392,0.11020586991457393,0
0.8648728056975534,0.6133659022288087,0.6471707981827447,1
0.4168807611402149,0.7656463942687639,0.8482938297201923,1
0.4547401889733953,0.2810355249029648,0.1227945708858752,3
0.36542428859755505,0.6109887063512595,0.7868810357822777,0
0.15588888929800215,0.7877953241695754,0.8587713802049577,3
0.6888911244397231,0.6439572806585404,0.3637715766809223,2
0.3313440383251849,0.37459446282992537,0.5273201614467589,1
0.7725132171188187,0.2719695885887138,0.11794859478932285,0
0.36203810693773375,0.07973136471815556,0.49742007756290785,0
0.04701896794245464,0.9209973014711219,0.7560142680302814,0
0.8378664604626069,0.4460218622790084,0.5539048981805069,2
0.5514877217345899,0.7877005842751211,0.6649449205535831,2
0.8085768240276773,0.8224160197934871,0.8372840113277187,0
0.3139480257538577,0.7979985108661743,0.8646848224502315,0
0.6154530208036763,0.320032337471009,0.7575463680538445,0
0.7574680812865455,0.27363033769648515,0.18978231381077093,3
0.14841316442217423,0.3410970486875221,0.07902051565035817,2
0.005189102019122371,0.37847989451184894,0.1793679535570326,3
0.0893991199469768,0.6844702833878994,0.8199781255706267,3
0.5749093519567962,0.7930463144742849,0.09979933385564221,0
0.5720270021412841,0.4411076894770676,0.20851185405751593,2
0.830371157106158,0.5612098955656283,0.3824587825028434,2
0.23862095099047342,0.11693399639236768,0.9626211758080953,3
0.9766355711045486,0.1764448367849688,0.38101744099395674,1
0.8678259544074745,0.9113265180352025,0.9108851895462582,1
0.34591615575328827,0.09131585684169341,0.08345348398942809,3
0.21629237304718485,0.47088760897360094,0.43422625115681335,3
0.1976250410981617,0.26488517709445714,0.19083272363051307,3
0.3402061652786208,0.082146529512232,0.6396645839241885,3
0.6674315245846273,0.8143889843816343,0.6471933047003523,2
0.5851192183639969,0.015353973149728861,0.6792082103415886,1
0.4221830441853528,0.3781149479878908,0.9613861896144417,1
0.4552399531064095,0.16435387260648204,0.6485569514217134,1
0.8973695690225302,0.5907528121620781,0.598448106011969,0
0.0659066939374906,0.30593309401931434,0.045804282847036526,3
0.9845641811355148,0.7891937486881043,0.6267549474466879,0
0.2654711407593101,0.2442481423646613,0.28737642806829666,3
0.565659523942526,0.8226079772581669,0.046835451752952006,2
0.9735493056900617,0.26392669048084805,0.5939869748901476,0
0.4757939592393776,0.3988920598448421,0.5737762041441993,1
0.6787907991190788,0.9708864686363226,0.3081072312370575,1
0.5258817760180587,0.5368401697389051,0.5422339988823616,3
0.08105126227641923,0.5820714193892361,0.350544179577139,2
0.24766424914891294,0.51457216018753,0.2561117869329159,1
0.21274014302964916,0.04351024971511386,0.3930002280243108,0
0.6627979193735033,0.13577041846190008,0.3498512966087206,1
0.23886485233224064,0.9720208244390665,0.06094372146114646,0
0.5585243663509643,0.06757929122561501,0.00447242757112043,1
0.7147942187104279,0.5800745939492312,0.3020621191060727,2
0.22594813332153096,0.25118961866168155,0.5977352213370768,2
0.41395070274968404,0.8759978132308885,0.8871130416808461,1
0.2748007599204816,0.877880986553077,0.5074808972927933,3
0.5799585433512762,0.6011865979767782,0.2287674512088821,1
0.3500834561596078,0.3170292530333644,0.02168611338063542,0
0.3869194951822753,0.5468549357051983,0.27737502648217693,0
0.9235572046302496,0.5492636468057622,0.9397831145202596,1
0.4896727038532861,0.9913715098954484,0.2900496984293319,2
0.2401547263796271,0.10967048962125758,0.09916209397781317,0
0.000892207651067789,0.7041269662328548,0.9354730942621574,3
0.7026327157874268,0.9039747739095284,0.10582341633998127,2
0.6193120969905006,0.1715985342153875,0.09818550028099671,3
0.18420380909466383,0.8922553856036113,0.7948818921730364,3
0.15137492198673475,0.5386530815167611,0.36288283214442385,3
0.5249024368586034,0.3773850432992025,0.32065820119647037,0
0.4182097652468385,0.03906496592198827,0.06899376677097357,0
0.3606110477045188,0.8880953057502197,0.8729206875423754,3
0.8570278041643182,0.6929285110098996,0.21700675308517736,2
0.056561270558717625,0.5560687024656072,0.9863630345753033,3
0.10246535339333962,0.19665762574709933,0.3186437455980097,0
0.2521241506071673,0.19085648038419845,0.6414119556641014,0
0.4567849089285565,0.22840243089792767,0.3849387804769434,3
0.38005918548209827,0.011421256356557108,0.5566201741929423,2
0.34651048833895837,0.8132819012699658,0.06757720122827915,0
0.5269554442312804,0.2031132318287806,0.5820139435705359,3
0.9322532788145508,0.9041885084338063,0.5126994328804269,1
0.9951740746827584,0.27150073536011177,0.1663191812347402,0
0.5322362461995284,0.4830890646321738,0.45979499085888464,0
0.2662214760251259,0.46172696277145453,0.38641908133365777,3
0.6025079187790355,0.7544341939399756,0.8364519129307647,3
0.4889122943513188,0.5663014971849155,0.4869220623728583,0
0.8179786791630245,0.8299871063431286,0.9323713059855293,2
0.9975579093416426,0.04039183127320556,0.2559191633128479,1
0.9598738862075846,0.14859396147276904,0.09034500167812565,0
0.9908734780082078,0.884681864650077,0.9055835864827445,1
0.11379025006259191,0.23761069783066202,0.24612995044286412,1
0.29456358144467654,0.6109865088574491,0.2907506309614565,2
0.19093768798724509,0.6410486312831061,0.22300571180912798,1
0.2802843054432027,0.5750950609179925,0.658235404844617,3
0.4894445347555394,0.8910296926047327,0.6939052832952453,1
0.21337420901766413,0.2849393437359339,0.6720007106008505,2
0.44146863043825424,0.03344711922073407,0.4180728961993633,0
0.8608549352540329,0.6210283243713041,0.16833163763482584,2
0.9081434427323554,0.4267795859554422,0.3086536958573325,3
0.2559337726581735,0.5596305486215618,0.9127148524771104,3
0.7392490564189218,0.6644343698593677,0.1364464627165345,3
0.27064329718281843,0.028185403650765606,0.9840912389091891,1
0.7339895392358089,0.2688850133891183,0.9209285765214166,0
0.9825901970692181,0.33077868449871595,0.0554378287515348,2
0.19469430792140985,0.06807268821771206,0.5447848419929412,2
0.8348402939015379,0.8015062188724531,0.31170045708291627,2
0.2627691332998383,0.9647933457066475,0.9311745048146666,2
0.10801120100602335,0.08620690254680496,0.9246089315769669,2
0.9116166758228196,0.42314958284325965,0.6566515628162334,1
0.5632175438302277,0.09223461712808212,0.9512105331027604,1
0.11240525100234589,0.01330011161202116,0.3346761568367118,3
0.21462337951917954,0.4684832001323591,0.760464441071871,2
0.08377449378564505,0.7697185044477525,0.5860953999730129,0
0.8107294113131858,0.9179351975466755,0.0963517332825421,1
0.13311451060552548,0.8244019316928968,0.2113767230235466,2
0.9803674109335581,0.4606434603616376,0.6230499111484736,2
0.6543513921756184,0.25423462051690704,0.7065678382740316,2
0.48789018730867606,0.7037319799708148,0.4397597737833592,0
0.06909793648704488,0.2563495814422716,0.9706729661784025,3
0.024008064407661567,0.4761199667403534,0.4881745187786677,1
0.6330818306858765,0.5390815483225068,0.6154613845480995,3
0.3901686436755545,0.5773711293382817,0.5274966558073996,0
0.8992111608208044,0.0327818006210987,0.9752309233097881,3
0.8957457439267671,0.27998760899588915,0.4301786587150146,3
0.24016769231545176,0.5700184776793356,0.6428895469985225,0
0.8444689997355947,0.5474651591589514,0.9778848871814065,1
0.9921665645390151,0.3999790655419013,0.5641495461510286,0
0.26226999288112085,0.8868494119815521,0.2497452063772997,0
0.5907106946447072,0.35871943349149193,0.5512302309499425,0
0.2454281925567121,0.43154515660908654,0.1819169866050212,2
0.5994650915114886,0.44287084140478306,0.24460995419906528,2
0.9446993858773828,0.8090069936587778,0.9530310058705828,2
0.14067848209768874,0.3421618947116033,0.7252441238464113,1
0.8027212240335351,0.6506904945854929,0.3321363035041649,2
0.06958404411752794,0.26009384520125145,0.02367401730803398,1
0.8348592356926466,0.4846121389576483,0.02040927547662208,2
0.8466541966084778,0.8935049319146761,0.6071394153231122,3
0.013680968071739463,0.22057321602822033,0.6419217308120374,2
0.5241837565030977,0.8412882685463805,0.4533465620293161,0
0.4552469252083329,0.5582457352357889,0.04289538859959341,1
0.6678466025328076,0.589911402543773,0.785299543648944,2
0.4502554416969534,0.7332010849028479,0.1521158075095994,2
0.7748636208115292,0.03453967725484797,0.11931074287112742,0
0.5483671406596272,0.087342090678585,0.7006281151445994,2
0.5980020143326871,0.6946998283886492,0.7246754358503679,1
0.677926381991832,0.9791659268753419,0.15921927164139482,3
0.6683928902372348,0.4640153401263105,0.4669976196318736,3
0.4341129645688109,0.9988515075325813,0.5877463454668037,1
0.6969299947220229,0.13021626801570407,0.6677578156226391,2
0.23891573451736026,0.17297025238884423,0.7685522105644059,0
0.7218167609826379,0.4852295781799565,0.0981584004887931,0
0.9001548372092197,0.4260662880794239,0.5246238609484395,0
0.6009766960204767,0.8932349133755555,0.025523504323912483,0
0.9052256862040193,0.04730096933929506,0.7817556633675186,0
0.17623575623468024,0.5841274895844193,0.101383848285173,2
0.8627107574002638,0.6359535962491406,0.12116788210730467,1
0.8166233765898493,0.20940421595760783,0.2909237433724283,3
0.3650894064908693,0.5884498605943823,0.6695765613852527,3
0.7253068424002262,0.23735914834886274,0.5513339532831727,2
0.7019783111219173,0.015582318143741003,0.5151111407261153,3
0.022712925131572748,0.2167506992206808,0.13492768297446633,2
0.26580149247911233,0.9173038826654523,0.5070543374429815,1
0.6555427353176663,0.9881344543239028,0.9367268549840503,2
0.20340397460837734,0.7058167815124923,0.04117290246431027,1
0.28034388643944586,0.546156218523231,0.8594382012120697,0
0.4490940662504421,0.3776921070728513,0.8010864057215425,0
0.1474157740075288,0.46631588572464333,0.5855544946270365,0
0.9551197999147082,0.021198442097498993,0.19288604870210313,0
0.7392545057692081,0.05119177770092376,0.531154600694421,1
0.6604680839180536,0.6352065960692542,0.3437295926117332,2
0.996009865581349,0.4730120925681781,0.5397707354913067,0
0.1843156710284809,0.8704691523563448,0.5441172465829042,0
0.798205580900329,0.6740712892780996,0.8433117025499455,0
0.8605884412120159,0.20238232181469817,0.36804958186474157,3
0.8020819176794349,0.884425654097193,0.0627827738949922,1
0.7355369939826574,0.8815356838253066,0.19359539556435046,3
0.1822832099283831,0.1353127872719766,0.04904228866569749,3
0.638736987215201,0.8290084174817406,0.8052812025036873,1
0.9135657483816176,0.5287324861416266,0.5347464583738339,0
0.5297690100709423,0.6410888142465694,0.6806660091875384,0
0.49281483616177924,0.18346957345983606,0.9463666329548001,0
0.49806354065785097,0.5122110268717966,0.870669979620986,3
0.47776129843902193,0.900533641260266,0.07447954476399554,3
0.8845647788310699,0.31259473175474484,0.3490513967369604,3
0.3753149183421449,0.23507563548761545,0.903096941796937,3
0.9854009932123386,0.9806086266711203,0.7890742958259576,0
0.7551767827663863,0.1000349352457015,0.702639470678233,0
0.239957491866562,0.7869201824362353,0.0040410056557534935,0
0.7442718400348486,0.18052484022273496,0.7555170813037988,2
0.8268515452084433,0.5880474087183667,0.18336180520724998,1
0.9049570374982886,0.28014674618889956,0.4896326653052826,1
0.4549319847554635,0.06440188914800449,0.14881928111885168,0
0.23844678130042085,0.9963666955356338,0.4067359609931561,1
0.48259366624495115,0.3487068992889919,0.5695467461143228,0
0.3515878290600436,0.32009536482789336,0.15836822325671351,0
0.7092923223246826,0.9012899503796079,0.8693359682240324,3
0.9547497956056646,0.5849487750289951,0.555794899307354,1
0.5074016616853906,0.6909127595845637,0.40168376439190256,2
0.18227767819569773,0.2150321890015222,0.06319934538880179,1
0.7089033260404674,0.682169433918742,0.568890081398347,3
0.8228123631321826,0.8830419404873399,0.1622203724838681,3
0.5511802552503909,0.07831553622038168,0.5079467251377001,2
0.2619723846869959,0.06329605671138505,0.05284675557047369,2
0.08107211275208226,0.877988572980352,0.7079715872077691,2
0.9831978558225896,0.059753162740408094,0.5963365023248266,2
0.969433222774227,0.33725733282585624,0.0069641214391105155,3
0.053112764644522525,0.7062650613963695,0.9126912476216776,2
0.7070925745741518,0.8431477821360982,0.675840478300755,3
0.28219292312223343,0.013163056268639894,0.4136768495317781,0
0.6260659888195365,0.19013885933125185,0.12337480040874449,0
0.7030235884811613,0.7241148340118584,0.6293323815249241,0
0.2946677119916937,0.5733657782741478,0.8474033386504267,1
0.890136737323909,0.6910517186782096,0.9476878252592371,0
0.8209635108278439,0.5722976053712551,0.4810066607683019,0
0.38341645712367645,0.5984030657862083,0.4170452695879089,1
0.5424988927920255,0.4669319556721757,0.5072508045590131,0
0.2815317055182929,0.10577541303127702,0.32446997674578626,1
0.46398801239232346,0.2362669340530923,0.18613491102763458,2
0.5527964495947475,0.5765999094173683,0.8145395785490509,1
0.0008232532690390926,0.3848652798733614,0.8550378934744642,3
0.6499454880501401,0.16274551676275384,0.2692736049496758,0
0.8375102414876605,0.674215001153575,0.8529860968218295,3
0.525020827855503,0.7572727646928796,0.20125982837331524,0
0.9411094763044855,0.07334051002578579,0.3553282590602742,3
0.037254879237558325,0.6001569819497339,0.9373126990183673,0
0.6496841964211135,0.5279825807622592,0.9802447184849175,2
0.3266831238361956,0.932336673514165,0.20904679285690764,2
0.701732140587576,0.7473598454615871,0.9255244140099385,0
0.08964298277937133,0.41554741812269835,0.6692203332181372,1
0.7811750037111097,0.7467568092719595,0.4511651603988559,0
0.6621201211960525,0.1765878587319768,0.8229088773282381,1
0.4677612104281943,0.6255690547684254,0.9580079078958535,3
0.3940430704387028,0.5589707197401644,0.489113942507472,1
0.7397866226539904,0.7094190675111997,0.39930377987234833,2
0.9629152313401874,0.27517734323059384,0.31877272907505705,2
0.1893357011432386,0.9701537464715448,0.958138443110292,1
0.10138765333485111,0.8615837813921832,0.5970780949661634,2
0.47613311984206796,0.684072473767333,0.5579784725954129,2
0.9852960530863183,0.5917214629618178,0.828998466235432,3
0.5995201424610284,0.7255240306413423,0.9924380455929104,3
0.1949168990619321,0.05417685048835896,0.07006684413932784,0
0.1820927864211167,0.3850540272463112,0.9668270641441861,0
0.7498714933600754,0.9323594932948884,0.4604411038486451,2
0.8351216683464961,0.5239028440403523,0.8939216090913183,2
0.8564361506463837,0.3216592914854568,0.6445031537424859,3
0.4040154743167521,0.10388396516063703,0.9657790797925471,2
0.39272526176930367,0.508239275265439,0.01580275180757995,3
0.18907269067415533,0.19360079557139942,0.3468259250561099,2
0.12489631776814969,0.06439861680812253,0.21557521734266116,1
0.4912425327625679,0.0634493419370129,0.23174196307362382,3
0.7263913526929032,0.10463757351564795,0.21858388469541257,2
0.3180384230985034,0.7157199972351752,0.4678386224057519,3
0.9562704050405494,0.9363703666447507,0.45369838004067264,2
0.5495971246275607,0.23374683804143714,0.3890963756455681,3
0.9158741924494672,0.0254085545801932,0.29779156324456657,2
0.2161514503935723,0.07258911910949128,0.87689024959589,1
0.07820644976415003,0.35402257300395346,0.05061813281137517,1
0.9154965521233627,0.10102637893047817,0.07778515659901841,1
0.2527350001290938,0.18737709048526674,0.4928358815871662,1
0.25376796613455466,0.8978199272126248,0.7736834616649668,2
0.9524074773526192,0.2036160172318089,0.4108219820689023,0
0.5870936303185462,0.9592914718707676,0.5562386853361552,0
0.07864152485966347,0.6373106401950285,0.4379571199233606,0
0.6183240420825743,0.6715612536891725,0.2852107836455441,0
0.053772415054424316,0.69410770086115,0.1424608823711988,0
0.4899054302595156,0.9433453238403667,0.11574804344265988,2
0.4796109895030779,0.8874965004079254,0.764915319786396,2
0.3261835487996365,0.9717250659506734,0.06648712491696374,2
0.043226456295861415,0.7917756026404105,0.306047747933508,1
0.6269311328064683,0.16907704914522304,0.7479938772256,0
0.05093567542022115,0.037765695530368015,0.16062930602614023,3
0.9432465816504543,0.844824818766048,0.3274730823800418,0
0.25186361836759286,0.3090488292520889,0.13620623883249394,0
0.3964763399134069,0.9456682782086211,0.838242023610899,2
0.5981923362138218,0.5840207334285837,0.8462051989977424,2
0.47084806234254173,0.32234661088471284,0.1134231538862035,2
0.7166469001689385,0.1785355190254463,0.9008800201884076,3
0.33891984592238167,0.06126770498882417,0.2877155799423021,1
0.6774566567375321,0.43896013131230427,0.20532021432525782,1
0.11263577151108495,0.525574908418509,0.752752638670775,2
0.07859245997090902,0.47253786682571275,0.7584751352876254,3
0.5625516901308446,0.7719259668121861,0.8291781194079684,0
0.8128935340320489,0.7454483344802797,0.4689236853690887,1
0.10923586766105686,0.8390704334114798,0.30024361853144454,1
0.44746783767968457,0.5349684127154885,0.15141874454682236,0
0.853373929439562,0.37407132883074234,0.28909834852267435,0
0.021734857490544712,0.13908315327421927,0.25653495360404255,1
0.45475730212207266,0.9304351074301268,0.3029190322989139,1
0.5573531411872744,0.5451229730516296,0.47328101775551223,2
0.7677865687080907,0.41400682788228993,0.9014630461468793,0
0.12947965437266495,0.44044307641259794,0.8660423192271532,2
0.7853729984712335,0.5012630792543608,0.5089130808047567,3
0.9924229922301908,0.7759009926068348,0.3808202651991327,2
0.9603348565301147,0.922035769867382,0.8393176321209432,3
0.532736383388917,0.034762252774094615,0.7056719519830438,2
0.2181395521737719,0.6980161761331499,0.6693344202815125,3
0.7770217655308149,0.11064045445325155,0.8786910060537885,2
0.692376660314137,0.8271954916615297,0.9091447853329969,0
0.025566756612591113,0.7411187542819451,0.9952611927053139,0
0.09045705390610437,0.9471160626128671,0.4365149783096185,3
0.010381562310872727,0.10691795100626111,0.511558512946124,0
0.5868987621109648,0.7304300885591408,0.14753343597467738,3
0.06072198625500835,0.020317899159909003,0.5313670000538873,3
0.6828225282797303,0.6449870842671196,0.5354657645485271,3
0.34389619027792473,0.34176590218782943,0.07405547043551242,3
0.9393435697705286,0.054513271172829336,0.2543942953478725,3
0.5250296787476302,0.4969398971282798,0.6052021025939001,1
0.7783539106703743,0.9776130980819426,0.3120885268168603,2
0.6886775208612927,0.1667817577952232,0.47563778137355206,1
0.6007504950840666,0.4515333089456566,0.2549919009539908,3
0.42684081247294314,0.469221633359555,0.22794520421022424,1
0.443448228851839,0.16550347164003987,0.12652793951599095,3
0.5863691982504354,0.05599583581288148,0.8017031866123824,1
0.07726860202372376,0.440844792211725,0.2349775745374144,3
0.6267787714328834,0.6121180050838394,0.2172347173137048,0
0.7818758679913506,0.16226249538764648,0.10478211239092594,1
0.686497810339382,0.9048244929310997,0.709948126665543,3
0.014716228091174788,0.8667568052982648,0.4360955488964764,0
0.20560399632206305,0.16570615838732228,0.20695396785929165,3
0.06956391122518579,0.40929575761026604,0.6560123018268451,2
0.25237340046059376,0.7762600351671243,0.14506512507706448,3
0.9215587818575984,0.52103480838534,0.3367669563378394,1
0.3626318688825705,0.8400450232684751,0.3770586040207995,1
0.654590505235372,0.5132407071826572,0.032435134533507104,1
0.06589469599759168,0.39081299935169234,0.29797000546754293,0
0.7511671416054331,0.9477425336244917,0.7330347447041989,1
0.6387934871351255,0.49815172205658165,0.3636471684955731,3
0.5014076815350738,0.9783255665860886,0.11079239984504263,1
0.5258623480070281,0.6731845515184516,0.8259582477674184,0
0.2818774813386423,0.1762446957533631,0.618942871252885,3
0.8262255662601914,0.9556533826446656,0.8240004213285117,0
0.24621925701849645,0.389298170047062,0.8686121629682019,3
0.6330621290091887,0.8551647407449474,0.8373541319373339,2
0.7865083675245409,0.9018658529918088,0.712750792018964,3
0.914606279911808,0.7827181617503078,0.7998795851547461,1
0.23585850600671499,0.5596672203257372,0.007451159535116991,1
0.623055072843945,0.10006039748695428,0.9439031360906308,2
0.6545657890945551,0.25252759601389196,0.11289238361741538,0
0.7734991079448117,0.23272858841388344,0.0659799049712343,3
0.8547168460830156,0.483310152870294,0.3671567524297408,2
0.7200342342277172,0.6764664948232736,0.6601685882297381,0
0.7888631299208322,0.20083533226721295,0.384999701528006,3
0.8244468404740363,0.6049696003913732,0.6004583551486142,3
0.0488696304752303,0.6178442616840415,0.5375394613498203,2
0.29112895970174524,0.6871954261064294,0.5195363153995068,2
0.9636497213431011,0.36848168939845427,0.7877726756127106,1
0.8945748129165166,0.7223426985143779,0.31695155844672185,3
0.8895931213443549,0.8489757560903435,0.19087263878113614,2
0.7789712405618469,0.07397628643182896,0.04029644531013088,3
0.8849659310537921,0.155625053971859,0.6389908202856219,2
0.6676690172144794,0.37559549985321294,0.5061616336959289,0
0.4031903552457722,0.2307181463165534,0.8476482215189673,3
0.21640951134238173,0.2922827305450286,0.24638792563685885,0
0.18500303155119868,0.6911374225843719,0.4538365673800031,0
0.00711223866321764,0.8005792554202571,0.384607954439925,0
0.6394474309837328,0.5156257844039139,0.4676107314756056,3
0.0751422309997094,0.1855711894606975,0.5426636090771648,3
0.5186387322870457,0.5529387231999585,0.13570808682709867,3
0.5136655928533763,0.3651169423533589,0.4724021371842254,0
0.5017621177405533,0.5790878524238258,0.7851908664459537,2
0.7720560241722226,0.06862183728534521,0.39625763956713367,0
0.732481479736315,0.06728863311310762,0.5110395148701734,0
0.8127377492486545,0.7526314584678915,0.023716573948765696,2
0.6611862023760441,0.38179750536449775,0.12501282957841353,2
0.1628373815717139,0.2329764053061828,0.4059821579920966,2
0.8593365324161782,0.7284923983979098,0.5391770310576833,3
0.22253163583133717,0.1889417198200395,0.17327553612774704,3
0.8898417727899584,0.5023132088499193,0.4212489956115091,0
0.9690629380770612,0.09914598142685571,0.7028452507846586,0
0.13696143099130864,0.5338812673509193,0.7500124732616518,2
0.4531669619243518,0.6948123287639528,0.4989831492592377,0
0.046141198643785186,0.19792051093872176,0.9164532015770158,3
0.3638446324328415,0.36862359808715783,0.8672952367975107,1
0.5386607597198384,0.5641055347078378,0.7537171873732663,1
0.8631405824457171,0.764063564008708,0.08268102195502713,3
0.438263460362591,0.711019927219319,0.5303514724393156,1
0.0020329921419036667,0.2799913596755246,0.6098878916160124,0
0.6299429046366561,0.4852231665279646,0.8804478309412517,1
0.22296007587763866,0.4670498855670401,0.4260990788014204,0
0.18059588637144586,0.5873320652842657,0.7376933728423343,0
0.97410406702491,0.2256361381402926,0.29485554350329835,3
0.19868890025491348,0.6678841578704544,0.552258023087772,0
0.9107029369417982,0.08479196361866403,0.5621583322182653,3
0.03843920655324751,0.16679309857609004,0.04744992796213765,0
0.0040543222417299685,0.7602080917447723,0.6571314828508169,0
0.4251387695796891,0.2935627359291385,0.13959180446750463,2
0.8771150475935854,0.9187840366756288,0.28811163057532163,2
0.47523426557584414,0.6289532209880255,0.24648731913839061,2
0.6384643182346759,0.361651654887824,0.747932792694923,1
0.14917371548086122,0.4014220143351359,0.4765824347027855,0
0.3582914401848897,0.12533344323473306,0.24484715500180787,3
0.8936123047574739,0.32303827614204317,0.6844910421726519,3
0.5365657820634618,0.06980028391408521,0.8705837743138293,2
0.8402769524414225,0.9033157128071156,0.28312545777930054,2
0.039028433750090574,0.9284306607336841,0.551872803002185,1
0.0751271604340823,0.5948771271140157,0.2183335988539965,1
0.7487277035245068,0.81645437985003,0.10443679893339997,0
0.2551315217023328,0.5867378077204249,0.17650266120323832,2
0.23043288636482062,0.671308410100497,0.03011670418867718,1
0.7227407209203789,0.9359770822810899,0.339397392689736,2
0.5945316050157782,0.8437519036787864,0.9224626356103505,0
0.06632987258686007,0.566385728291344,0.03250641117812403,3
0.5000611856318048,0.16605388154869638,0.934589214859444,0
0.6933001045535725,0.8259488434248634,0.9750325657430804,0
0.9779528360082719,0.867932673599323,0.6861472601134112,1
0.2115386285321158,0.37957220777683054,0.8340263036057507,2
0.9631659819509107,0.8244091259671783,0.7765068543831767,0
0.6268755389632668,0.2241950754362919,0.1078134356620074,2
0.6755695557829247,0.4871186477125009,0.4110037588705471,1
0.8478813767433115,0.2673916954427914,0.04206169838508311,1
0.5025864019193128,0.5705511476197183,0.6333309640616951,3
0.7747783679661989,0.7997475152552496,0.16736807976018475,0
0.6457427967159854,0.7103780419629251,0.21159660533037006,1
0.9497210945120002,0.5219813642296268,0.8105695647084149,1
0.312083965019607,0.8496509137921091,0.09547826205798604,3
0.6880633395457061,0.6084931056866286,0.6864919294712535,0
0.8606165751396744,0.9392613525637084,0.39293452343776647,1
0.6995978974461208,0.7330096327647019,0.6053351263717685,0
0.8208802025459425,0.933234675083941,0.6124223968925369,1
0.5750754953335331,0.8414969442923669,0.43410091995996736,3
0.11665162472053825,0.4020179268426115,0.20108669022834436,1
0.2807858032208207,0.244888297971664,0.19513606970721076,2
0.7160104327564919,0.7147005545848711,0.5849134377011495,0
0.7526249901522769,0.7222285281790324,0.8739872145811788,2
0.4449443634174177,0.8646363829588143,0.7665968487846321,2
0.5667309880343158,0.15080551892559413,0.18497641266738518,1
0.5740300959650106,0.6127555657280729,0.2765229413458822,0
0.5455262479753403,0.9630085410858118,0.05304953456806549,2
0.4708858153336293,0.8360316054305592,0.14304183264081993,2
0.022332203202743983,0.969128155635788,0.6995793147594785,3
0.9772219834599679,0.4497438991855811,0.9300134205218931,2
0.777144328861207,0.8437191568147354,0.7039050483915391,1
0.3616521217837385,0.015577184951004686,0.2777169980725519,1
0.6651183106872903,0.9971249893724651,0.9445483454831849,0
0.7031259431622127,0.8704493482328424,0.19208635514449157,0
0.5640429027559423,0.9978991124903862,0.289954871914056,3
0.8531175972156668,0.02732304838822519,0.9148719501348226,1
0.641018701975814,0.9638396619140988,0.7168603575792294,2
0.24700286819888606,0.6995635504432587,0.4047235161771473,1
0.05250440038514026,0.8351065531612688,0.07241458971828973,3
0.3277911273218438,0.9642822308617381,0.17699858862951512,3
0.8431587726241923,0.9650874411229609,0.2976794591220294,3
0.7006374468347448,0.6024771381631854,0.8419495193398515,3
0.6648115201734828,0.7350685652250089,0.9836735716029158,0
0.6228970479619107,0.0018042241898217348,0.7253875385294273,2
0.1557367570518723,0.8739782517745902,0.18360179405445864,0
0.09703529717034887,0.013708661605279282,0.8122635593535633,1
0.08203177592595012,0.3170113897747733,0.11713397122460079,0
0.7208590603946328,0.1996677038833754,0.6578588823266768,2
0.6587578095457837,0.7109500860553478,0.22797783318899267,0
0.5728434641055454,0.92120366698907,0.41421651055569164,1
0.9376509493913507,0.11586440903149409,0.08576368234916809,3
0.47326501769809814,0.45521752672318583,0.35719016332082953,0
0.7673048239184761,0.3569641203230923,0.6407806902251227,1
0.31042446654647526,0.7747857569895311,0.5889578085279684,0
0.8095677964768979,0.5842366097230118,0.12391731064387268,0
0.9929619315063446,0.27138696271739693,0.7392195869037457,2
0.17133255604799946,0.19217787657967267,0.03299600597824093,1
0.9773857137692932,0.9887961164866435,0.67453807968049,0
0.03453582086096463,0.027743100462617964,0.6390432112060557,0
0.08344554570645435,0.26000715222565585,0.7788748266243041,0
0.37524977386151315,0.29054005000844163,0.4336320461156419,3
0.6656284444957228,0.5537495019731236,0.9607830217382747,3
0.7060712294055655,0.7279701147625405,0.6167595138351147,0
0.8844615977888367,0.6446470630199018,0.8590682796504292,0
0.38024088033472747,0.35949181312893064,0.4598489192679218,1
0.168624527133431,0.3131427048043136,0.1824775274302387,1
0.12254614579226886,0.06011923958973875,0.5461473236447982,2
0.8135168882578371,0.26269006136387874,0.7098764095792405,3
0.8983023953187382,0.989693219181469,0.24633819403247736,3
0.8084773746273262,0.7851262034218638,0.8812850726711552,3
0.5158713827855812,0.8247909982686904,0.2667486379595021,0
0.619546649092592,0.7018868039229593,0.802115693445866,2
0.34270090812927023,0.21215852290210424,0.6736666336741123,1
0.6156836534966341,0.09728299769102744,0.189742006830371,1
0.9954398992358399,0.3489629664441265,0.7377864832261819,3
0.5538626703611622,0.9096389148101848,0.2541389256518841,0
0.720774096603994,0.6325948945364055,0.2341465221687169,3
0.33073576428691775,0.9927907507920225,0.18691505704053968,0
0.6758552660390278,0.6651460841543579,0.38076418510659105,1
0.36354902491349117,0.4002843675733577,0.6310444710034482,0
0.1148401740001257,0.12007651828391608,0.7790907002377748,1
0.38555647699964357,0.8616369788606376,0.000683942806928628,1
0.9458163227900147,0.5460752781730165,0.42732537865283793,2
0.4451800220737532,0.24537260672823813,0.8529346343684266,3
0.008977773109965725,0.15095539087544863,0.958430142467894,0
0.8220218233198471,0.19977875905398124,0.9129917290799392,0
0.34663669849138967,0.8049087220711137,0.4333065928217751,1
0.9079722942513069,0.03855611935835235,0.25408665900445415,1
0.1029603852682709,0.9449562876097773,0.7291270929097425,3
0.14620495894151886,0.23335171724015802,0.0026217569324442636,0
0.19565024467884284,0.3305797801015177,0.8764278574620641,1
0.07943679692503358,0.6955871586535323,0.04381099889782669,3
0.4897569523051811,0.3193640861058932,0.4335813555188027,3
0.7030156956377338,0.10276525746166665,0.8403234150601517,2
0.03420125883896796,0.46413223344877297,0.11284448824215487,2
0.8582974220087957,0.05443499518838879,0.6483571445749323,1
0.4497239244427492,0.09683194895619507,0.554994799159078,3
0.21698273880390195,0.22434565418639962,0.08487099141757692,2
0.6400903357507837,0.5296678109561639,0.3229918175423746,0
0.4151829434793489,0.6871548317421129,0.2158758488310497,3
0.014361023725434352,0.3837647177074761,0.2899041481523831,0
0.6821065653505775,0.8302519878418463,0.06313470556765599,3
0.6105232509442262,0.2850999876925735,0.08075115840234581,2
0.4666595675643822,0.3375265406002401,0.46471101427185724,2
0.37425216585458254,0.9000739412003984,0.4880180124476369,2
0.3022539964825023,0.1040680200282541,0.002295306824233845,1
0.6873483164355166,0.1097444467047769,0.8884364105103061,0
0.2683641525544248,0.397633937986118,0.2912892083714991,1
0.04729116952735479,0.2681681591411931,0.3226374060415259,0
0.5931984495631786,0.22327981554167442,0.5030318363762429,1
0.6208187978583616,0.19526821870261835,0.9866859432578443,0
0.8036929680541821,0.5534999114088905,0.44574687895593035,2
0.30836307852962885,0.8140902065244284,0.09289943633130182,3
0.5326600079789501,0.13532409695042114,0.7621360532279984,2
0.24877242073622086,0.2975860249963923,0.7645428396714299,3
0.8872129283462902,0.7446886906154269,0.26894340595375865,3
0.0598068520771583,0.9496568198944708,0.20687531061147335,2
0.8155342105267406,0.279675210900419,0.28721040899841443,0
0.6680029626161866,0.26934782618509145,0.7576104972738393,1
0.8431877517053771,0.3276859869798333,0.3129036107748072,1
0.04306087791423152,0.9463514046677924,0.07368482421656164,3
0.6131019117891483,0.008282861107805628,0.9196619836221802,2
0.41682666364663923,0.6740407963206129,0.37456763832373596,3
0.7607183753158953,0.20201405540528672,0.676260351794322,3
0.1556975686150298,0.6054826952150193,0.168312931121403,2
0.9511269270119335,0.7849464666639459,0.03657327701490509,3
0.8940416590614415,0.013268773722353577,0.315813846243743,3
0.6283637497051732,0.6856782957938595,0.919503899640572,2
0.24570374701189446,0.20130966205827638,0.2892958672567515,3
0.969846154929397,0.15225019389861083,0.04040816792308877,2
0.679119372759882,0.5004450150998544,0.788519824796126,1
0.3388213502106293,0.9775024936773624,0.43499473371298614,1
0.6059883114652624,0.02068055445406125,0.6442696428004113,1
0.3423830718103432,0.27186042738656335,0.20934435213530933,3
0.7027516205838369,0.8215633460597206,0.4669287296337874,2
0.3861472714279067,0.2367510915969271,0.06422405623717375,2
0.9298370511241225,0.6297208586513587,0.8021265578331939,0
0.04301388838845399,0.299115978453936,0.08140205558311164,1
0.8451548043499398,0.8991164498568109,0.5136159428229715,2
0.4689907974685519,0.7567820011664105,0.1603876041397413,3
0.8993858830862395,0.43962698304766357,0.76206511358842,1
0.19443362158024746,0.979152544716359,0.049968952003323186,1
0.6411219057173595,0.5914357926383768,0.7766218089800994,0
0.8235081890970191,0.8216465344158135,0.3411565394577899,1
0.5405382516019731,0.1269943581229389,0.16321169036950933,0
0.6642359621436762,0.6991982765505824,0.732767874700662,2
0.7132507324049274,0.9413636835359173,0.7337687604467354,0
0.06718784273735379,0.5398851165783622,0.6321143453117944,1
0.48239503956578467,0.14979071328815396,0.9272521647791363,2
0.2159219302809524,0.3320398487485966,0.7016987856026081,3
0.25673476898857106,0.5587099931931819,0.984214149449578,1
0.8970668886145724,0.4571370220272629,0.9868322670904857,2
0.47850391315495056,0.7227633024606582,0.6163294150713073,3
0.08953856035049534,0.49714950513955436,0.707230316588082,3
0.08628011980836647,0.6135315742487022,0.26046629328035176,0
0.30231196004598404,0.19923636769558295,0.6697237482360254,1
0.36641301076242117,0.9168204870648825,0.16739205966104076,1
0.2906984740889509,0.0626578753974778,0.9340890851344725,2
0.9644114680991555,0.720709704270225,0.998774088520976,0
0.180943643118614,0.5689698568887616,0.3152509589927087,2
0.4816317312426506,0.567311470445372,0.7659061478745011,0
0.859878418290044,0.026840084044586487,0.35332394353943064,2
0.4341718985094972,0.2165012542653887,0.21223624059392587,2
0.11335014155723722,0.5459293574493265,0.6196468907831081,2
0.3970090939268418,0.24981740440367084,0.18709136886613575,3
0.6470941041303624,0.5436639236153284,0.42565698960280607,3
0.12599629629496323,0.1994715431705495,0.8503400191884234,2
0.8960035068983765,0.9868337138401202,0.716769551037035,3
0.5322161773974587,0.7196502171419144,0.8318273523800317,3
0.04585764385394531,0.010924671539313424,0.9961885249844002,2
0.7529278389335974,0.22107641438497927,0.3846946601197403,2
0.5027496455907997,0.7482987722554886,0.5924672535119442,0
0.840511622527558,0.8048742404150192,0.660135907922511,3
0.09528758472900345,0.6341991219284773,0.570523819806499,1
0.807168874847855,0.16924775244831802,0.08531951829324869,1
0.2783742643267735,0.6693161547714965,0.3554610234763156,3
0.13138172539158344,0.003950153194517747,0.001341758916294955,3
0.8086373190929406,0.4818333632004783,0.15213836165960726,3
0.37599145528976263,0.5538212337767042,0.40788039029239853,1
0.19131228667083922,0.06133914438414423,0.18912709366892633,0
0.5069259600640135,0.8738363335616569,0.6738630255059698,1
0.37786424918360517,0.9659156732876306,0.6624636678381509,0
0.29437736056918073,0.24822002175057567,0.027382247028789775,3
0.3178629889484361,0.914846597235858,0.6834845840977317,0
0.6244984500169923,0.8833366277061571,0.9554662414660119,1
0.6606147606730483,0.2708641386445366,0.08084818704416052,0
0.46769630230738124,0.9081832152124247,0.4247124815628317,0
0.6412368118061897,0.7807906985135792,0.25939215972838936,0
0.20862162918566107,0.19998416612998315,0.9872304730181194,3
0.7620434695987558,0.7123304225095438,0.2449957077938686,3
0.7462853668375878,0.8422347317149208,0.7133040080568109,2
0.45239020826054865,0.6484342877251802,0.12867004993324604,0
0.009481997234879413,0.1942829570820287,0.9326106944541958,1
0.3624541177837428,0.3529260403398906,0.8964662997090638,2
0.8852151505624701,0.8381444245159185,0.5306158901256857,0
0.786291884633472,0.440246987472401,0.8987603048383871,1
0.5604223147229481,0.972467603833147,0.7830016291585301,2
0.01522747061503138,0.40843225578432063,0.11305117986344548,2
0.9787624150755965,0.31394966761494447,0.972997251785716,1
0.5699676236183405,0.6360028344238204,0.48917317296373664,3
0.9103526357166697,0.7043097163164693,0.6460263185628699,3
0.06850939969009084,0.7395175966973954,0.41544756225098,0
0.1147954605398176,0.6337984478441534,0.9318407546370254,1
0.43064570291929627,0.27291122183677186,0.1944709905699784,1
0.6459711527126165,0.6767607728195854,0.7203004526377322,3
0.9960638294803401,0.7160050507929561,0.044656608279092014,1
0.11410854827200301,0.9782695201054238,0.1754173842985446,0
0.630830375881432,0.5389653328603213,0.21981490301656337,1
0.5732128418095522,0.3123926929714935,0.1921389730679708,3
0.8511272259409978,0.3146884552986583,0.25318019546488346,1
0.8007734564923397,0.5527362667700526,0.9361885361172531,3
0.3467314698939916,0.3631133149566027,0.9642870900849271,1
0.7875701826571044,0.7228339947797036,0.3734846717299719,0
0.398137761301397,0.377309205285142,0.7420997415792099,1
0.8064496921239788,0.3328097739992274,0.34937211415704617,1
0.7898742711446741,0.606178882862362,0.47188926955333954,1
0.17284394254879532,0.0012480788848610036,0.7604921087862239,2
0.6150863291472912,0.055368976480017706,0.5584113383701439,0
0.29449189873374226,0.6824653995173123,0.521724317419482,0
0.4105672667735051,0.5156836307209797,0.5166100771465642,0
0.33521981366792053,0.2689451028891088,0.2846528415695819,1
0.001988865560677344,0.43663566476400306,0.9744769368347408,2
0.6343009110085698,0.7599702371814367,0.06203382222140996,2
0.2661775929085637,0.617530087775724,0.3294128770200827,0
0.33594567981440104,0.6322615949388658,0.23167481730795436,3
0.678723265843055,0.5121749353875169,0.5685804848724081,2
0.12431795317115801,0.8267120356919254,0.0843171651724659,1
0.19515617735840474,0.8872673417488234,0.9832226294359997,1
0.15805015027843006,0.9680523993749908,0.952721928414455,0
0.8272702294542622,0.4928834866011723,0.8419507749833398,2
0.3186962405595012,0.1309821534023019,0.03719606953410737,1
0.5171252854241222,0.09008043058684556,0.013726257162616107,0
0.7579275571902897,0.2662954173263352,0.0635537341164999,2
0.16301909212447507,0.6280575396368753,0.259918204343905,0
0.8346873926394043,0.08015234955729622,0.6698176976538192,1
0.3323549563874958,0.6807713415668976,0.7813229867351377,1
0.5010368792765695,0.41642082276435055,0.35751682399026563,3
0.998559957605045,0.04448668822847213,0.48678970008242195,3
0.2894107507736239,0.934479679025555,0.42818610200109564,1
0.551673195014122,0.00017971355434809322,0.038440591125452506,1
0.07028634469251938,0.9326896879335183,0.9527646667266044,1
0.5142632134639532,0.2936584666950681,0.07195590526635287,0
0.14612109853590916,0.33381569234466246,0.04988757326626314,2
0.09877260200190374,0.7818165335103304,0.6502802348650091,3
0.29805054935404596,0.74320174556361,0.747784763404392,1
0.3098123009772763,0.12821918573073954,0.2506055544069268,1
0.17861944524657825,0.9432046013475374,0.38273968441550377,2
0.7908051748965632,0.93101976806544,0.5582851714172148,3
0.0961533967644358,0.26766836475380273,0.10691924453729695,1
0.8380746757442469,0.9356480291740651,0.33776399484832487,0
0.6123226881485935,0.7453969786972446,0.7375669252404408,1
0.29227595725726885,0.5714845034563293,0.2339029343010406,3
0.7644730934105705,0.991758388452854,0.08241826781424821,3
0.8987344709394229,0.9812660186153895,0.1499462295441938,0
0.17079625877902171,0.28377293395544834,0.6325500951771116,2
0.3986618268199522,0.45709353928162855,0.9739863093496696,0
0.10511609387464071,0.908954373762824,0.10557055199998955,3
0.4886464362913373,0.24436859003196487,0.9988111411126831,0
0.6616097072860998,0.3536915500133556,0.15146758546756367,3
0.5244624410337337,0.6209793804555841,0.5405561811821397,1
0.3401886880946844,0.49519258099797814,0.9564517500031886,2
0.3703291148330422,0.07639789605018299,0.9380217561194538,1
0.4667400447268878,0.04026085953705283,0.6329757632056395,2
0.29735516505952486,0.9810154517196222,0.7304795789047395,2
0.23043046922717547,0.07329785731615579,0.5883664532646996,1
0.2903365369725457,0.6494371309837689,0.5104735738849668,2
0.036780552274761735,0.6158158531755972,0.865838974223849,3
0.017280694636510163,0.6258164470641017,0.8996415336975192,2
0.4482818161236105,0.5498411074015613,0.8843285029333027,0
0.6003691314449632,0.8998296766826432,0.7095939012181113,1
0.2342372666770477,0.9878483342478648,0.6998426983941187,1
0.12615954788581474,0.4943909173747717,0.29399804845830046,1
0.42308895722427864,0.14371332739539522,0.40503796342307696,2
0.3207063402012329,0.995145875421539,0.40242056061774,0
0.20071494906510523,0.22339978055726328,0.5958479786051872,0
0.2082662903641601,0.5630749522603584,0.7121046268937931,3
0.13894823518150867,0.8252392981051884,0.22434520313688067,0
0.9737630120939342,0.5616800387078207,0.6424557872024723,3
0.16340053030130464,0.4264746130296386,0.7993438584961626,2
0.5157318189860413,0.676694510834279,0.6824261457254309,0
0.5767493942185731,0.947084215126835,0.2335187448004501,1
0.21241673833441677,0.9347150442116291,0.047791325559897624,1
0.967743833168679,0.5673033578101719,0.8603168324502335,0
0.9970785148411111,0.3211130698294653,0.951053080241679,3
0.2161990700995371,0.40385328353318706,0.2940986781637117,0
0.9166653082749023,0.6332253129957155,0.6090682695128085,0
0.7528158514201255,0.36190020081721486,0.6903778866406198,2
0.8479349433610524,0.5734762118470181,0.26022506236420695,1
0.42190672540764884,0.25689329419818463,0.4657279412077253,0
0.4884733186117647,0.4835733500114947,0.22615143360591317,0
0.9761005772908509,0.8051655492301716,0.28474044311096536,2
0.96862539098898,0.9080321218107467,0.26156732110914416,0
0.3066101265263331,0.9570719128969898,0.14086788097395941,2
0.6383213739489257,0.22408197091311655,0.07526451000845846,0
0.3321125536770567,0.9764580596968228,0.5840389838715276,2
0.3377184815883516,0.7947614095717661,0.615740965317622,0
0.5536853967017848,0.5746093883592276,0.378681041081939,0
0.6882344394771435,0.830009358440084,0.6330904317843454,0
0.06289856041171848,0.34819524929459467,0.38696309227265313,3
0.23717250051901828,0.6055386662031447,0.9944655010054204,2
0.527509554648721,0.6665114293680209,0.09533380118026324,3
0.9804124330136599,0.30811217913352484,0.7721237617586483,1
0.42664345505734247,0.6804107393447253,0.557449545734577,2
0.3204788362163058,0.5627546663886265,0.7970895209420494,0
0.43012136940765744,0.943437630077015,0.6602101608722849,0
0.13473032796249873,0.055546541091374246,0.4138569919787185,3
0.1677690874603196,0.6574137756562797,0.5240558290792922,1
0.26147391354042604,0.9503804400324026,0.35443795110813436,1
0.2827203539850074,0.10180816403093129,0.29005750193373614,1
0.40556399926875464,0.920567091623815,0.6592978657871986,2
0.7004203398295461,0.7227098434724983,0.1814191611040209,1
0.6990672400050132,0.6188368666331875,0.608848064335902,3
0.6497093311852811,0.945798548640947,0.43714368327131436,0
0.7017623583823948,0.32791485248468966,0.8241839525474578,0
0.542134932292349,0.4490006046018217,0.8202641027710147,2
0.35824184680945326,0.9799263927273236,0.8460139145750732,2
0.4587499677213751,0.15265028080704446,0.7522584603382917,0
0.5630721487401545,0.3951545701092035,0.6702883879392159,2
0.3932646536570098,0.8210861468921344,0.8664468142087083,2
0.4220207613810214,0.6319062057482716,0.3564844099464305,3
0.19389211775435566,0.9513469716426803,0.9393782644842958,3
0.5277705508013073,0.6123134666084511,0.7390400403707794,3
0.7006402318676598,0.5162286037986912,0.7559081193793178,1
0.727925108558858,0.8115236858052235,0.19282536792549532,0
0.42938643397773946,0.7900657253529352,0.4076978707572223,3
0.4760183090967359,0.9126074571210768,0.3088494674042821,2
0.6549651764757423,0.7409193902496151,0.3554413015265696,1
0.3268925524875276,0.36676437963225783,0.33466421947049096,3
0.7419807166376597,0.5014498452374816,0.5273202053787,0
0.34537288899856844,0.12435032718062711,0.31028915120097356,0
0.8050092477820049,0.9938271913197033,0.953207379920974,1
0.11774292971794653,0.7195286258022807,0.48185379703034614,0
0.11286117680389463,0.1517995037362011,0.6706430049498785,1
0.5282045843665454,0.21510836744031836,0.018383086222637846,0
0.034791055906473356,0.22263752713811635,0.8481179708435334,0
0.5941789745593354,0.15785337770223196,0.7823731309573541,0
0.4266560463695628,0.043976380674724425,0.9426432495905217,3
0.3194012024068924,0.1388089647900227,0.23322865041013974,0
0.18982327855159375,0.022672734922189575,0.09333164215519252,2
0.5377670447529584,0.07507615335113127,0.18887447172226646,0
0.4339606189761631,0.5986016965727277,0.9256335708856163,0
0.010032798741104743,0.9734016951505245,0.7382216612518527,1
0.8890927558448185,0.713859272150845,0.3979237270889797,0
0.642768805409433,0.8217091611122724,0.5996549944582018,3
0.9841104257950092,0.47266414640093546,0.6653674643060782,1
0.6354001192258372,0.30666316917753456,0.11413483293581217,3
0.27739253015369414,0.6815586824675738,0.21728718538287362,3
0.8112168283214484,0.9841571236222846,0.36604519874016983,0
0.809232315102381,0.9783502704922772,0.6700315948298537,2
0.32035428414056677,0.8409434915911776,0.7725414555706839,2
0.7660302281322752,0.38813987725438537,0.4444009142790881,2
0.0766962899941912,0.4896191560875097,0.9902711097913287,0
0.8747094437054914,0.6990646769857288,0.34669082199451917,3
0.5796637642008612,0.2343335989671459,0.1266193206917967,3
0.599554004793421,0.4947435600756471,0.45465149334762633,3
0.5948835643692089,0.21871102459995195,0.5915566606629988,3
0.8201386308717622,0.9151957215880541,0.3868834676559926,3
0.403857475560214,0.7816283125289674,0.6015485549697974,3
0.5332492391902223,0.8812215627298972,0.8499743881670754,0
0.3759514530388497,0.2538011642890975,0.26833343883597427,3
0.9886693965386468,0.7517771700650764,0.09794577272857474,0
0.6961976485502395,0.12985760205865338,0.8228112800761006,3
0.48473613953657757,0.6711441308416843,0.9052666664906596,3
0.9168123703570331,0.1362740854999306,0.8745186536996652,2
0.4506367376015127,0.5117228892255602,0.8566075343350735,2
0.31228725799401735,0.5161957381768086,0.635372999799198,0
0.10664623106725946,0.4138783165402393,0.9659286507903542,2
0.29765282581231656,0.36043229379466024,0.4954217824634479,1
0.22385577672933976,0.9329114231502096,0.6049194102661974,2
0.4448122307707647,0.3988081395990709,0.04413434457238907,0
0.5453744550892777,0.016272324329172694,0.2541366670162849,0
0.7859421473444125,0.5314200164063307,0.41568505211753903,2
0.8169125535405958,0.1919991097794166,0.6445323222777297,3
0.5335827896655879,0.09337119857644116,0.4749315669288511,0
0.9936659296034063,0.09739054915391421,0.9112907649645023,3
0.9538940705838993,0.30618026879559535,0.27478507855490575,1
0.7931516494447923,0.6025199315559805,0.49048976648630715,3
0.00382448027017368,0.8070479021086369,0.03800188352494016,1
0.5138928488355347,0.7973927786148128,0.23689417621350006,1
0.30606027454119444,0.7561717577723464,0.7549097677497989,1
0.9820659649791917,0.45377803695735197,0.4429880656225429,2
0.9634588257586434,0.7987771194372675,0.2347741315643046,2
0.5397392320024224,0.4514787657963564,0.7219231630893058,0
0.2771270685066687,0.7978772235766773,0.5919969143344822,2
0.5680195606820974,0.703893910049594,0.7653337259128115,2
0.9531167778843895,0.6465556714928354,0.5931389881211214,3
0.41291357046305444,0.9054829682751486,0.8275745787020512,0
0.4980397297253316,0.12845494841816474,0.5469945701176165,3
0.17456910133770875,0.7076471265426263,0.402497673070921,2
0.9237012548191685,0.384933294725904,0.8185509618356647,0
0.5979171455929658,0.4230854197309222,0.008245619651307878,2
0.6655397088294346,0.8988091372198301,0.7897627171705284,1
0.8745701071556192,0.9669839205835047,0.3891645470424484,0
0.4336405425760097,0.5668410534534849,0.8269673472163083,0
0.9754773085169195,0.6314516232956979,0.9544895223999764,0
0.9634304669209516,0.7777042654669701,0.5866966198603422,2
0.14329661663738857,0.06385973314885562,0.6744706088364513,2
0.26079331187762456,0.9868296034268256,0.2585042872243539,1
0.5599162912679628,0.7753626417643787,0.11792393419386382,2
0.9697572375212707,0.05096637598962228,0.9935386114072435,0
0.757403973476803,0.8517918321482318,0.6456312662375665,2
0.005338274981359414,0.5867292817979454,0.655808612389632,3
0.15689152059573963,0.6031220556687533,0.8275497275447501,2
0.42971727582273433,0.9739359980972824,0.5893522562833201,3
0.9256960358641495,0.8957905290076777,0.7655582981496537,3
0.5405979194819286,0.07647849481663682,0.15521777020248395,0
0.43060624678106896,0.41218322581802513,0.08866792355207453,0
0.4244924718654445,0.8591072795911572,0.8525800791689216,0
0.35599131485922597,0.9324800849763367,0.33094053791291445,1
0.9819835666325328,0.7954801872383891,0.3760146699614322,3
0.41141635834639445,0.5435195311639328,0.8252137484193789,0
0.08218204810193419,0.5614067787754561,0.7516713473695867,3
0.8914619501724533,0.5638014776556418,0.5739704772594818,2
0.04134217156125053,0.7890362085124285,0.5833528077287197,1
0.3979120896881808,0.1360383834332305,0.6242615679718384,3
0.574651499352762,0.5654288169397116,0.15236137610502998,1
0.39250961030299936,0.6372027382244636,0.4082862944313781,2
0.19450275243770276,0.6683202411746014,0.21520639332648817,1
0.9142484065394832,0.4963057033456144,0.1749441995513229,1
0.6698430116196008,0.49362463687838354,0.30634481440998196,0
0.07672387798659075,0.11831065476203773,0.77188420622432,1
0.7450268163240178,0.7798166369453899,0.8759440678924802,3
0.2354952403725048,0.7908811832620131,0.3645491680960299,0
0.518189968034236,0.24931865828477973,0.4458133924581885,3
0.6388461704860676,0.29834483500224496,0.9395455857880185,1
0.05111440409826917,0.49019532037942626,0.7853107558870301,3
0.5504227573982595,0.011582715733761795,0.6248151833752708,3
0.5660657925527638,0.5270982879744348,0.21014830605007406,1
0.7521411940913836,0.48490660185972634,0.10657981480260892,0
0.5385256075094103,0.6289169715665105,0.0994160082899117,0
0.6998372546144126,0.5947391697298259,0.8522425328278981,3
0.9350547626882728,0.5893835529514188,0.5313236792822952,2
0.8240820116770337,0.7895531768549131,0.9925554992235718,3
0.4095719082221765,0.4278675416975164,0.18235309588006243,3
0.33756090576186737,0.9307754898448597,0.7294816604285091,0
0.14547441655633708,0.8936198373933472,0.06508000213947174,1
0.919797614260163,0.5782270438203125,0.7352295106214567,3
0.8130675798056748,0.08597354670709689,0.5824212449206402,2
0.09021338724911854,0.38499797268781133,0.8731079887828442,3
0.554833120579554,0.7163362170816885,0.6928397365945682,3
0.4498334440559133,0.6832918632663716,0.04766794634944094,3
0.8965120519614752,0.7395095975460344,0.7721579501100994,2
0.12597465533546004,0.529014104585676,0.06012239170985878,2
0.05154040612545785,0.24942138542306225,0.06553240057037335,0
0.9827763733915158,0.7630830098235428,0.8221239291136795,3
0.05071076717976852,0.012907071513520219,0.5946013881900108,1
0.25735581811126873,0.6781712844734835,0.17973445263685117,1
0.2500229685819215,0.18166334671780038,0.5557655014662144,2
0.4469753557136955,0.8195400131675598,0.01742089831999516,0
0.2504325810712613,0.9233985747213956,0.5763873091166714,2
0.6659185307737772,0.3246896844503109,0.10137398744588066,1
0.21971138242194044,0.8389196078185605,0.5176431800030797,3
0.46905628368243224,0.2597842790285573,0.8686292742485643,3
0.001336628500309467,0.6699253011732212,0.7165435789279115,2
0.5951526249957899,0.026545487909843568,0.027830435787416508,3
0.5735044440144074,0.6910374438138727,0.47034455934110175,3
0.6298462151377029,0.0009577881535490773,0.38624503279807687,3
0.6876786488431343,0.0347740421236139,0.517717454579668,3
0.023068139658097175,0.008810272916335626,0.14414223502249202,2
0.43311103048230515,0.28628450106783565,0.43482444935680786,3
0.7828277939695283,0.8567498434887963,0.6062207105332594,1
0.5856057711968718,0.3398350759068205,0.7472900722076294,2
0.5380673010947971,0.6197273678366298,0.17730443056195588,1
0.08384310254661731,0.9215473365773472,0.24880714403483328,2
0.8447195690061651,0.9577268564528753,0.052801931419497405,2
0.29470660737892107,0.6417476444848025,0.46878623292481814,3
0.08465383763816114,0.027508370735932708,0.6531037709316778,2
0.12482405434485022,0.1652674808640605,0.5700820275248887,0
0.48938790275922806,0.42002641053405354,0.840079462046673,3
0.569629883443046,0.8666265406897861,0.3830993842054212,1
0.3196056087640048,0.6216652744927991,0.6054563266132275,2
0.9833867570100056,0.08767001222694992,0.6431124514267076,2
0.7421805707753963,0.9466699360244403,0.6303310091643929,3
0.2903132001055686,0.16683565858052707,0.7721614579505052,1
0.555186775112786,0.6792203132582194,0.3186001096596984,1
0.9988936403467977,0.48897233750059244,0.4343255393174843,0
0.9574571136878126,0.3187300818068046,0.9061869744610206,0
0.8118675669084209,0.43013205842913926,0.3348147911214868,3
0.2815034344250439,0.047731613147837026,0.48548688822041264,0
0.7298349645111564,0.3581149375340579,0.3289484992930871,0
0.524302568621213,0.25281499484865,0.14445325366765283,3
0.7150398411335604,0.49212222029684294,0.6130984809935848,3
0.6183687272790264,0.7070268172686227,0.11084285906876823,2
0.41271701903664193,0.9107080470928249,0.18723747454845519,0
0.36905702241857885,0.5636172234592453,0.5043208206090074,2
0.7695772472959528,0.22742489931531462,0.9255413359955359,2
0.7584065079279347,0.8417900551069454,0.931616012162699,2
0.127969526907167,0.8017247329180522,0.8571584874871001,3
0.20856562680587276,0.8166551985894667,0.18300375132688296,3
0.33964497625524936,0.9262430078108131,0.4430849356591168,1
0.32720613246296704,0.384541412168362,0.07899895895754117,0
0.2209256085850979,0.21524529721663133,0.837990733760739,1
0.46020022638388525,0.7520562554677064,0.5300710976239921,0
0.07480275017729454,0.4032624710523449,0.20143368880246826,3
0.26663308292614873,0.5426662630824481,0.5731182450486937,2
0.6186931488976947,0.09337413218467172,0.07639165217525357,1
0.7531287373529802,0.14159459261114193,0.2850026726240351,1
0.42303035064345584,0.5943212198909098,0.9114644335516136,3
0.22560015136505684,0.5554143896293916,0.2155415991288714,0
0.42746829796193264,0.5520947006471972,0.5653422208488111,1
0.9881519705128868,0.3311420126380198,0.8438839438191765,3
0.9000406216400179,0.2981287564736631,0.9742620910173261,0
0.3954140602756364,0.9079166042389886,0.01925346227966629,1
0.03273065040981604,0.25853684256144005,0.9160249227093836,1
0.367757560647645,0.8317221435295554,0.5139040552752626,0
0.31094984829914807,0.5061078953807214,0.9776607961149019,1
0.2970030372117767,0.3040484000077255,0.819784764757798,3
0.9812414165506289,0.4350759561342121,0.9383240010099181,2
0.7909165710504543,0.40863759599757166,0.5762696457015244,0
0.8399222231897635,0.15855156624970068,0.06954985002716607,1
0.7507702594256888,0.7921528073213278,0.978921426033987,0
0.6104170552578246,0.24721067645367034,0.6987489965660727,0
0.7120954353472145,0.10241870833489441,0.5785371248752657,1
0.453119602122242,0.5464126846851404,0.7634363426992987,1
0.9220361665923861,0.5956660781029859,0.03311607769920755,2
0.3689454650052516,0.06772122542690961,0.14841131954990194,1
0.4007035100815628,0.136073905473586,0.46144438226578366,1
0.8670578804233777,0.7350058082635118,0.8345170615732892,3
0.4141735538805661,0.8278533924158935,0.5117508545434567,2
0.1350843436209379,0.14507051343745614,0.11382844744358867,2
0.8046103277382093,0.5554042658308113,0.42630432230572135,1
0.8150311558723278,0.04069678310120739,0.01840847730709927,2
0.17776405079791713,0.5132569550568681,0.67248005294984,0
0.1586570768082316,0.11799525184584625,0.20718780035594586,2
0.4717675900166136,0.7966271818792064,0.633279398756772,0
0.9174645886840663,0.06139946718142619,0.046100794645104304,2
0.413988829893732,0.8377905139562957,0.12864255123082036,1
0.6532780310432309,0.47915541033727893,0.24615450068831957,2
0.7952973919091042,0.46745664835084966,0.6151860170352751,0
0.9309261767353615,0.39765870119805635,0.043353116587053875,2
0.03963712507857342,0.4734935752875242,0.45167143148783795,2
0.9517882296934839,0.7723286380822459,0.4303418574413155,0
0.9257548894753843,0.9161081431664315,0.6965987976595994,0
0.2277720859425152,0.04579372445745633,0.429819855182222,0
0.06664248304211307,0.9124812065197057,0.23810839480408763,1
0.21764641437334686,0.9046170545523649,0.7870221735290266,2
0.8843505172190091,0.7753865457460781,0.34512151079395814,2
0.880594633245526,0.9201669592585807,0.9812438214691045,0
0.6785830795297946,0.3515511171434461,0.14488761716063026,1
0.5943874519527821,0.36536155670038895,0.6345210908891336,0
0.953117270308793,0.5879431300224113,0.43440076200748634,3
0.6701119182226658,0.7042792412472998,0.14702124767655578,2
0.5109096872990582,0.6703190286183509,0.7752372935924985,3
0.4513228088389394,0.3231349658111756,0.8279350449428123,3
0.9705008669201687,0.2657170455157246,0.43079442977277416,0
0.8998199387511114,0.22324564395299829,0.07120837005831115,1
0.16411993846822692,0.42939716700859354,0.4157316571263494,3
0.2629081761188087,0.8574962768700761,0.4867543268750747,2
0.40057700768201143,0.9320166769736059,0.6328670307136897,2
0.30517962276788746,0.8605373745000849,0.46445373791307876,3
0.39412035161983505,0.13683333174990098,0.0785510594135923,0
0.20940185003548706,0.8446713287193214,0.7779321153841412,0
0.8228434107301652,0.4198865980714782,0.7135359883635083,2
0.44870331853092094,0.1586154804059201,0.596547598337216,0
0.6682064732495834,0.2600527592337668,0.96351412256406,2
0.597965758405384,0.5344754183728306,0.04518730635070456,0
0.7927451922714662,0.6004569957503318,0.7876668241231227,1
0.338175957231336,0.18227443150133182,0.6843440064728911,1
0.38991964269304946,0.19352517479064446,0.8067100605374502,0
0.6586297953115293,0.5488780901682433,0.5740413909087241,3
0.5519280625984924,0.853804303314956,0.07644710207200012,0
0.44285029944992116,0.796615458562218,0.29044830528195853,2
0.22967870354077968,0.421199147683482,0.63332705387003,1
0.8790679657804236,0.16882554574698727,0.6039290368193835,0
0.9157880570304806,0.043441045647339194,0.7632842574946042,3
0.6508681340876613,0.46684585179672733,0.87898489082471,3
0.4253569785541971,0.15548289460503883,0.41215897541336766,3
0.5446069248910396,0.12796655272504065,0.039342976267437435,2
0.7997073773529627,0.48340109123911124,0.1653138733531695,2
0.6140791481787999,0.4230124407432183,0.030827404073766718,0
0.4890431881688939,0.39381375567059484,0.09303263527780015,0
0.4139270040683761,0.36598983330106294,0.3491258838015868,0
0.5469185743254992,0.10435727773668801,0.7070725604485273,3
0.5101026305568647,0.8105577899540254,0.5579622702465802,0
0.7991304169806852,0.428098181819489,0.9908678311608687,2
0.8349650077378515,0.9287253611036935,0.1998935996182012,0
0.6703883952012561,0.04331603424421382,0.3992691363186788,3
0.0021908913994352908,0.0988598757331487,0.5963706863443907,3
0.508045934136165,0.5519696571068456,0.7222618402062528,3
0.7193074688106749,0.2921580431252482,0.7653454504365453,3
0.4174391110845709,0.7091782066257972,0.5576208515935388,0
0.8481342992160198,0.7966296916706285,0.5403243023420039,3
0.7268045437436071,0.542711205277119,0.44108524399033655,1
0.9286070611167146,0.648314993230714,0.4335260635693352,3
0.3164371132622331,0.8539172556486694,0.26191617724338845,3
0.9086473355995014,0.14065335403248258,0.709455423038861,2
0.0345150313856063,0.40284737498192214,0.3838670790838222,0
0.9423847807901737,0.09181742098432955,0.7338176396205014,0
0.9749708854996234,0.5080179078554825,0.7811459707687892,2
0.11378935702466697,0.9905200137124706,0.8069022917815758,1
0.40574076879618337,0.8568040612469552,0.22796579069785938,2
0.0021722716427224897,0.14363070365495156,0.6894276998200624,0
0.7829411481602438,0.2562731342164388,0.5484368177925537,1
0.6816661013888957,0.2654731199699204,0.0906656144031982,0
0.27460668525230414,0.12457022106016269,0.21357710241252348,2
0.6646247036609647,0.6152003329299354,0.2498847408824736,2
0.620645843221364,0.966623286902543,0.7281600779014443,2
0.3482742573432045,0.15379684582701048,0.4150095300223854,2
0.3735122210910673,0.8876852214003589,0.9966627406400382,2
0.7471747110305773,0.05911589456770128,0.4937843924098124,0
0.246795359800971,0.9904698658435496,0.232623195654318,0
0.8562209245337205,0.5939775457714362,0.40536089678466325,1
0.45716347217567177,0.8464489582629059,0.1723926028031928,2
0.347432204661155,0.9388832620046123,0.5748938758747666,3
0.1613899868444032,0.4125401291696166,0.6170788745806502,0
0.3399738268515856,0.3165882237114156,0.8510937535200095,0
0.23425699334407024,0.5464096843745471,0.06821891705638805,3
0.214971662390807,0.30903995532874073,0.5076381138350342,1
0.7364436985742524,0.010118168371324954,0.05168706710896198,1
0.7133860987439734,0.1260763130583461,0.9367755070425553,0
0.06644487796647314,0.38179517831462606,0.22869144993611779,0
0.14445581537805474,0.1406627549659194,0.08049463675116209,1
0.7773377442846328,0.017963376083035998,0.9492599268960121,2
0.382710585634505,0.07820427148759768,0.05076162300857312,1
0.411538165720276,0.9969956731169374,0.2858214048019494,2
0.8756713539199672,0.06476370262153763,0.11164672961694788,0
0.27215145095848303,0.6921915740637282,0.2951713558074983,0
0.1900943523455818,0.09022000179407985,0.6015128045534787,3
0.3640270176520892,0.3861274667493988,0.3782927624530418,2
0.4509579530393303,0.8690038870630032,0.6583657438969426,3
0.8858276901595742,0.9725053069452325,0.9482009365106945,3
0.7990652625318737,0.7872207139562386,0.3516103908787368,1
0.8892842343592415,0.42246263060109557,0.24949542492814036,0
0.02345475112362716,0.6164517602647277,0.195113355761114,2
0.6858659035766552,0.7214391090127641,0.4013529579422245,0
0.4549768105424232,0.31017040708106614,0.14732565937567232,1
0.3844890774003812,0.6719274652744396,0.6907863191144458,1
0.755357866731992,0.005444061742658435,0.3136225402881303,2
0.8060111989884917,0.21717995160264092,0.88596144673042,0
0.23277881496307495,0.13787036641990313,0.08484671713933445,3
0.9406090778754248,0.024196703943650477,0.9639348849712094,0
0.2735618195003594,0.8574293727492518,0.3914366858343359,3
0.735447407800796,0.4666133562552577,0.5772935498061376,3
0.5999664238785712,0.6662206220760768,0.01908224278354731,3
0.5950430541284264,0.14111832299984894,0.0527095506760229,3
0.11602918940623363,0.6058794672510851,0.9042645838266617,3
0.1560829200025856,0.8116970075010993,0.8834573757795564,2
0.875808991033716,0.5248532427273318,0.4641521715844785,1
0.9916574083799147,0.30723104688548164,0.8196001625992728,2
0.5147857087857424,0.9963703472685624,0.594054437733482,2
0.7836548389233852,0.9151209012414894,0.5277275539662867,0
0.5324691359483779,0.1458761865324678,0.5438399477775137,1
0.07809488927503827,0.5011344129241049,0.9835489619993044,1
0.8802492459598218,0.19402271703211382,0.6518594012085186,1
0.42012366141329993,0.32603910171736594,0.45832818741583703,1
0.4559604032867768,0.6358751304923127,0.39738572180903564,1
0.7369718244222753,0.9222395348131892,0.56077204503548,1
0.8164601098177864,0.44406598614590376,0.10087810067755043,0
0.5664082935979566,0.10394368732316539,0.006682773672934572,3
0.4323015424280572,0.1710878521841318,0.6839066826490252,0
0.2072999433079883,0.6300348727760531,0.006768051140884412,1
0.6844079495667368,0.8562334567016,0.46225058331694824,3
0.2704517691143994,0.7324496135892997,0.3364955592700618,3
0.08391216991494155,0.17595181392734438,0.06274874157841837,1
0.11607506741276208,0.9040193992743076,0.27024579906900204,2
0.17797431977451583,0.968319383826223,0.5880830779128189,2
0.40881689729614,0.33840028848691694,0.6032564026389615,3
0.47210281441474855,0.974595130180355,0.8677150400517356,2
0.4134474261292903,0.30258993165314696,0.759907158387225,0
0.7816880549093842,0.36569737890397047,0.2965575700211758,1
0.3407640909598314,0.9086743088545639,0.4395756211406666,2
0.615518679867002,0.15828729196798652,0.9054972485238791,2
0.21314809323149408,0.5616472542057288,0.08289215735498867,2
0.835194326227059,0.5032581366733663,0.765845700879892,1
0.4477071551687686,0.483778977465546,0.4802162775213169,2
0.2991017827964322,0.6503040429988366,0.31303617139351547,1
0.36832663823301703,0.39411819708358775,0.8261761859184014,3
0.40937966145292304,0.6691379647466024,0.9845885838396895,2
0.22246448922757434,0.06642056881371794,0.9385112221189084,0
0.03108823448038822,0.08073346095492973,0.4938500693438235,1
0.2162635037739744,0.13613925329878107,0.8920304836287034,2
0.1478658401412054,0.821488530625802,0.7558722404402748,2
0.05401643090520325,0.4017513159792393,0.821553888610574,3
0.12325142896005836,0.7090411728721527,0.7029498824422923,2
0.2287006394238703,0.3583745661299146,0.7796137345141507,0
0.0734391709272626,0.6500222906074807,0.27954011559457614,2
0.29108376767509003,0.03343137761024417,0.47550241847976127,3
0.04285296626306734,0.01246203305008442,0.3558421931029605,2
0.12778302098889627,0.6688503247555544,0.582863546405241,1
0.5823052299855793,0.007111822161693704,0.7401071621304489,3
0.8054592981465952,0.18946456891650665,0.9693531564944176,1
0.2835853233376424,0.9964647269972233,0.65762058638027,3
0.8696571562193416,0.8408882068913653,0.2828993189995126,2
0.0339997628307841,0.6627817772420597,0.6011688850313728,2
0.5818454638399384,0.9727699463331578,0.2344392797145276,1
0.6390211117325526,0.33621087253365,0.6165899969685982,2
0.13733859239123059,0.06180956251330594,0.023672014853102108,2
0.9538559003922168,0.7101989009189731,0.34838247310634807,3
0.4762125484485392,0.8308463163596003,0.6534170631158217,2
0.04961328621673933,0.4228699076488368,0.620619967588629,1
0.29122165067038897,0.389992114067239,0.40842156672813457,0
0.5212601846954142,0.4268932135421578,0.4474204376713087,3
0.3873205023698718,0.43481798415781536,0.10047141637708457,0
0.25012631771869764,0.3602698739429522,0.1331445516547174,1
0.9929460631937082,0.8882172650338902,0.9702520263205823,3
0.037216625836664075,0.2676821358825837,0.666217600403226,0
0.7172018199908627,0.9364864777923952,0.2284693588435487,2
0.41302722766357713,0.22081747779663197,0.35175576177263224,2
0.386321706790268,0.2691513445449698,0.5369305029720054,3
0.25618760812533714,0.12656235995559284,0.680596363940626,2
0.20565255652913217,0.04548723839574598,0.8865310352173549,0
0.7599883857055311,0.005547810469036962,0.8788458284656413,3
0.7376521768257258,0.6518803554477345,0.3446338522549497,1
0.8081767824341245,0.523299232051297,0.07643744496801153,0
0.138657097333434,0.8464447346451559,0.4092948453809627,3
0.9423060726101141,0.02933642423632221,0.14269002367411854,3
0.3431101660159793,0.6781452768761438,0.5952971794638301,2
0.27673810918527264,0.8317203212041495,0.08370254808677724,3
0.7597698785997589,0.3657612777698961,0.18987016431024017,0
0.6563300053512194,0.058300676975358234,0.39948096142454337,0
0.9886903627097517,0.4942350107213709,0.6513482648561638,0
0.386470142006477,0.15136623498093993,0.7530896438345605,0
0.8732373724953552,0.14535059107024184,0.9183867004784814,1
0.1177828402389739,0.910246896187934,0.48884099978000006,1
0.05565561574955047,0.5411198179041162,0.6439471640970887,2
0.7768302684046134,0.4103973916420002,0.699008687563918,2
0.6558678979006507,0.7134930537832186,0.5619912581170959,2
0.06098220770198359,0.43821340721297175,0.3925064161337496,3
0.12539855011213252,0.7694421303634911,0.13816993279351808,2
0.20603786493504905,0.38872670774149143,0.2365130856534392,1
0.8249663214378193,0.3791290737474653,0.7616366589085428,1
0.04995929600518545,0.5426058881083796,0.017874751434602043,1
0.6383882391949497,0.9274399196758752,0.7646329214380257,1
0.8676421499415028,0.9320625235200891,0.26238898448555736,2
0.411526115514529,0.39189947692915583,0.04286498629854807,0
0.7812321062579698,0.2202236361506511,0.060476873270156384,0
0.38284037562883577,0.18752621930348934,0.01780671733000505,3
0.4537515731317453,0.05665547613245603,0.1549159253598228,3
0.18307968549363673,0.9354604356478227,0.3889542228820967,0
0.8990477621533206,0.3988800873301592,0.3363793793056862,1
0.3576184256648588,0.7146499315499076,0.8201712145756659,1
0.9387994603419503,0.6024292437864378,0.09937442971915122,3
0.41454052497236604,0.7197134864259966,0.7959833919019885,1
0.6908909326172531,0.692721096267094,0.09497512947124942,1
0.46790519369921546,0.20001493237685486,0.12396590361310822,1
0.5388395749349091,0.12714303208455824,0.9344275216373636,3
0.26829316900647193,0.7043928343348607,0.7691405668870206,3
0.8960971701473767,0.0337838619476577,0.9585653005137842,1
0.3922840798974898,0.23681277397921852,0.43600595087285465,1
0.5659189500500728,0.37820625314211,0.24413308839782566,3
0.3420609808631061,0.6902706071620318,0.8726329984874983,0
0.28612829261371475,0.6209061031762401,0.6412783653892676,3
0.7619454066304457,0.008128508619798192,0.7629915293294786,1
0.45874817979281035,0.9015330544953057,0.5053982384027764,3
0.48414810650186113,0.8373675641162788,0.21994725315694297,0
0.8494936408995003,0.8008995881452167,0.8543581939059561,2
0.2123105247248609,0.9742872552228931,0.11507917108104881,0
0.32027731324866604,0.17833289851270628,0.3892088739943316,1
0.8217003774603076,0.7781323543119637,0.8698182024680818,0
0.3125776596936948,0.23582141921806477,0.6739995604515004,3
0.7431972006200913,0.6430391895023824,0.48594183020418125,1
0.3799294935268698,0.764663913467793,0.9112758038893711,1
0.3402356135824507,0.9378649024910023,0.012536389583864604,1
0.8842693361783094,0.8166762044993214,0.3490774729301288,0
0.2340002795187608,0.24453096196129953,0.186867704409456,3
0.6738255406183088,0.4561751239123102,0.49521423329174497,2
0.5191254179119041,0.4683245685859464,0.6017669555573951,1
0.4934214565114591,0.8509488770944662,0.41370025392908527,1
0.4248641355534809,0.2799619865025853,0.2649627736074538,2
0.30912453588309985,0.42460460036157677,0.9632874637916945,3
0.28977501253891425,0.8928069526138286,0.6759026140549497,1
0.6455516786005925,0.10471342792077076,0.6534320343698415,3
0.89472907519364,0.3081216653616715,0.29742376703614193,1
0.436233232508204,0.02798986248879931,0.9754064603345394,1
0.24081154060233878,0.00024879930748844536,0.22200455070072456,3
0.03391647369956641,0.16001280560637898,0.6085897176513498,0
0.6598324954707702,0.3777734204722678,0.9090265839118763,3
0.9360666662143458,0.9868283936821172,0.0022763993780055003,3
0.9090191549324573,0.8206675390849555,0.8246482778176636,1
0.42530384024995005,0.9352608327174324,0.5744285204911816,1
0.7397079735463449,0.47660207931995135,0.7004169093536262,0
0.09933595683865426,0.7693184809211449,0.6706600994732831,0
0.5102831847341226,0.6728918832184939,0.6987408868172524,3
0.37083826910682893,0.23501719901400708,0.2825687424310157,0
0.09268152058664891,0.16685681259193952,0.7616166320031489,2
0.8620089049762758,0.25226389721222486,0.6264791895363907,2
0.7358716254661332,0.2530836943472209,0.3406396868738335,3
0.3728042360760325,0.5583630737591713,0.7635641383508645,3
0.6851416151144616,0.4967091777965369,0.4636752010689851,0
0.9119073037038866,0.6879258837970886,0.8491678552924715,3
0.08083631713884598,0.5182516431525153,0.10715089607665318,3
0.2488030806702325,0.030496570356156494,0.4026113434519548,0
0.7990619121636522,0.030475870254411896,0.512882543204433,0
0.6759839640277672,0.5807459600637033,0.7382825251979805,3
0.8647534589824583,0.8589252986990181,0.372445079569495,3
0.8031431103901121,0.4746626699961338,0.7488404381513785,3
0.4227243030004131,0.9287200970474639,0.49275682826995926,1
0.6437933605518013,0.8540983200133723,0.34556720084951353,2
0.9164643131013659,0.629346222800802,0.4838975322663486,0
0.46015812771255427,0.07446300118315807,0.43391329547735824,1
0.7286654813742302,0.06635999397046466,0.031142839919880982,2
0.0510900372430666,0.11595674915664933,0.7244715767435315,0
0.4717352395790252,0.18646429548239973,0.6400631889261528,3
0.673881083545527,0.15643175444680923,0.9715420313122843,1
0.5861864143445172,0.43555495365328545,0.9765264003804514,0
0.7525974904933131,0.1332123592244152,0.21984742347510655,1
0.6112544630412163,0.5458114776268178,0.3070026608229054,3
0.25595122361951395,0.3858109397441132,0.0018805963846952878,3
0.09191799232942854,0.30098150035997406,0.34926291471210513,3
0.44784003240800874,0.8878815311664066,0.3476239837207188,3
0.3107006364377355,0.5531267640416894,0.7922284102886363,1
0.9331347490858369,0.11371632646919316,0.16834306117168563,1
0.6922072695287061,0.6843155024922292,0.2762460670583945,0
0.224396436031158,0.1687075842250152,0.18048129217789588,3
0.6474051773396037,0.6633768033212794,0.12351352474156685,2
0.8942037125728076,0.26094232526616135,0.8381931149733325,2
0.2600620051552237,0.6591323285281582,0.5323075283489127,2
0.8714927960243906,0.06718078282065487,0.29878637366834293,0
0.11538207123985611,0.14333376066124304,0.23661962117325597,1
0.999362654018137,0.30455801090664636,0.8042584999359398,2
0.2074589944191496,0.7277812291558928,0.5654773181206225,0
0.2553420012478852,0.5046510458174781,0.1977035747045719,1
0.8080602745746137,0.8334456836858811,0.2013120837421314,3
0.24178757819842134,0.03745846792840968,0.06716670226824628,1
0.19947754823027797,0.37788376477157937,0.2112950343535166,1
0.019261300329057707,0.2797576746145434,0.0934784183366476,2
0.27390221371569823,0.28745838808216373,0.18479780641639654,3
0.968998901528636,0.8104617953780997,0.301115417531588,1
0.16344590439084739,0.2389781977708647,0.17181670000018923,1
0.6980458108951317,0.22886155288922738,0.935298199445283,3
0.13816396320470103,0.5339467892889058,0.3128696689947589,3
0.09383393707601628,0.9346218307459664,0.00483176177284117,2
0.5813190186330232,0.29507682594818085,0.9167039517340959,3
0.4886931419982504,0.0722863840861726,0.7942863762795134,1
0.7059791139798898,0.5925144135467989,0.42688285134979187,2
0.12662451533194607,0.9216900003068075,0.06356624421004542,1
0.07234626353605522,0.3240742215861433,0.9857329753998477,3
0.943528135303704,0.785632256482872,0.2849237853929827,2
0.10116773684778169,0.8127206054656768,0.6604914013349784,1
0.09763562074056986,0.8610503715008181,0.8534893192919173,0
0.0852370452583111,0.6177411356239283,0.8811084152631528,1
0.4149530754741998,0.05905662687772817,0.34534621522913356,0
0.033452553556847286,0.6840377389876301,0.10713871463165225,3
0.9684471324719812,0.5425531664595931,0.5476597422187255,3
0.30591146486948007,0.18344908634270485,0.3630375726675322,2
0.7824678102208991,0.9765322370763725,0.7048226624739139,1
0.3239943250958033,0.4582534529287311,0.8377236315515533,3
0.5083381847355809,0.9681315220520508,0.2152407839386168,1
0.6955589113899747,0.7657355705890625,0.5236400956537481,2
0.5659672071956793,0.4602055372144037,0.3325689433611103,3
0.13464477977178158,0.5414046598297562,0.5698816301346867,3
0.32913025203681756,0.8313606321309285,0.7698217345177446,1
0.956983556809293,0.46672317946253894,0.024972645617124645,2
0.6324993096208312,0.8827217118021583,0.9711555977321153,2
0.7646541924126511,0.24341195009095196,0.07657360854019679,2
0.5848201037478823,0.3880831996397256,0.1665119235894703,0
0.9804737048294242,0.6309823121601301,0.8066667887021566,1
0.6717829587250538,0.16944163871458262,0.00901238599008325,0
0.6791305492556525,0.1872155630121587,0.6592805971977742,0
0.9517624476706846,0.5193622368717503,0.5270805232889135,3
0.44228445821882545,0.0070093099233244915,0.9380727010532137,1
0.23994044563616668,0.7752758902290756,0.601330420476009,3
0.2092474473691891,0.2105169040216328,0.014014103127575561,0
0.902348479412809,0.6978528400433115,0.4122288452546047,1
0.5788867272552277,0.39600300528119603,0.3649928935439304,3
0.5137077496375996,0.7477648504001165,0.36071772544220493,0
0.8740458748951734,0.26218716205568937,0.30876890628106846,1
0.9619425844817109,0.2591421873086206,0.498768754999832,3
0.6580398754625528,0.13530909178708295,0.6857323223465214,0
0.11290431470141105,0.26184559323117074,0.03987842832500943,3
0.2305442552049244,0.1254087770432616,0.8967458453628733,3
0.7368014391652078,0.4160502926510482,0.9660810897202031,0
0.4074878335848072,0.4924717054916109,0.7335264001380072,1
0.9652237432516488,0.24549816613385056,0.7350816551715686,0
0.6400587361591914,0.4921938882573018,0.14136659361640214,0
0.36446616910776986,0.4268927965614516,0.8245936484700767,1
0.9706488201392949,0.26821958917930233,0.9146394283788059,0
0.5954975183023723,0.2051375237387688,0.29919357979768635,3
0.8653764324687346,0.9149881442492602,0.412912027567907,2
0.6663080559045131,0.576422115982614,0.8616274662781109,2
0.006698276556453497,0.3521873515873175,0.34609246419702977,2
0.04347375708709489,0.6837095335908384,0.23353548423711068,3
0.6922600379235972,0.4553832755551711,0.8453079033449934,1
0.5727446487140652,0.8763655271878228,0.4509146477417779,3
0.45132447750470117,0.5331540167755289,0.3603842894811542,1
0.8160939803515894,0.9299017093602574,0.7656065918836612,3
0.2992144803304658,0.10980105398502737,0.7355756841032071,0
0.7648502592917172,0.39802945369261145,0.9049202022391654,0
0.386106259318199,0.10119583661030995,0.582640069350673,2
0.2822746692915208,0.8135188429166405,0.9415447177766564,3
0.13244193596821097,0.07178530026321117,0.2484908643838658,0
0.7098990194379332,0.747992425949377,0.5957163440923778,2
0.7690025280505752,0.5510505521908712,0.5990322399004043,1
0.40375142643358464,0.059803400277579355,0.06144935361873771,2
0.8494626377000785,0.6872899645814761,0.8795062047418912,0
0.9323543800747736,0.9203226440675147,0.9732165828290017,0
0.9449216823858324,0.017951342098561973,0.8733771313537086,3
0.6570890829172769,0.16781500484346534,0.8076048406756403,3
0.5040266662621312,0.8296253465843653,0.4329659329639922,1
0.0926607790988444,0.16945529596789033,0.2227175870990591,0
0.8815458690406321,0.011780732607764022,0.7418802226141573,1
0.7740881291583859,0.002601541220441983,0.22048483609917824,3
0.6194565770021367,0.37187916596143844,0.9501219881777682,1
0.4764077693049227,0.041641808477483555,0.13459955830846715,1
0.8544506656243364,0.29382735805076166,0.34918742627279964,3
0.512988900137992,0.21716571329265622,0.9687945754956023,3
0.18930620320692138,0.08582784231041496,0.46361835141831553,0
0.7436358029866006,0.2516401168768213,0.676903617041937,0
0.43700022475931066,0.009414925902826887,0.6589127470789203,2
0.5737303105272252,0.35619095092159136,0.5294442542034061,0
0.11077938210514404,0.8505084846771039,0.15960434052568173,2
0.6529078645868754,0.6493739678128526,0.09218218803541733,1
0.5961887988868326,0.19773143353352718,0.7089203750056806,3
0.5930389087284822,0.1566639688104261,0.8260893483953315,3
0.9785299729647771,0.21535859098675758,0.8542672604607414,0
0.5128368879668683,0.7076450841466192,0.8304096034662064,0
0.2978041120008761,0.31860475707711833,0.33290126815615184,0
0.6478572928308222,0.7069965060363945,0.5232248583615586,2
0.4045628667974521,0.10895073635513819,0.20283928727517786,0
0.07214027608531481,0.884909726145778,0.08546272598170612,2
0.3544645931569258,0.49032786235740733,0.42731902928886045,0
0.24585925007054787,0.6296926079068184,0.4325181813094796,2
0.6559766534371204,0.17169764860683467,0.6253675269848746,0
0.06683989167981574,0.13630355579477826,0.7275061171094835,3
0.8315331795997611,0.6468540419832243,0.5702628226665243,2
0.7762369755682687,0.3422861413872077,0.6118534510980304,3
0.6345596842068058,0.7080478609153599,0.10026781965075116,1
0.20981613248995845,0.2516000289614947,0.4723888975914239,0
0.3308719535708371,0.5188363543623148,0.24499874411022016,0
0.3021077165374896,0.16249501008616973,0.347747008689693,1
0.5765711109807695,0.4664495820326162,0.28491628919003775,1
0.16990013156294226,0.15341190848780117,0.3960915154362654,1
0.6033954986193322,0.15991461879895197,0.9649076092843263,3
0.6386666344457067,0.5273257569524129,0.3621385239732041,2
0.06114147063480302,0.13415353640804983,0.31075069596379434,0
0.5682023581318494,0.44233759940138484,0.16840225858179358,3
0.7277769387961218,0.2682388668385981,0.8843971662293678,1
0.855126654635896,0.31603303688516005,0.3620860823756241,2
0.7266155973021872,0.7239366865763937,0.6843826546957691,3
0.18227458138473307,0.7112838461151909,0.1586534079334866,3
0.1226140990771245,0.48388467208874664,0.1444303994937488,3
0.5953135052009745,0.576755613653879,0.5844525033162691,0
0.48670263903143796,0.03284519579593537,0.5547082298231386,0
0.7465719189883685,0.8846215938887437,0.5167563848760989,2
0.7346329636761892,0.8755879511464911,0.9450141916922813,3
0.6293655829593356,0.03151305070032162,0.36616833516900704,1
0.6044464774366892,0.05274601629148512,0.3306057474289328,3
0.4058407967782036,0.6481462433913443,0.7232727768905368,2
0.9640523427038665,0.47636388897758675,0.8715692017390495,0
0.4735813687675502,0.3823458613171187,0.249379227162968,0
0.20845553363702884,0.8011023881473964,0.26488345006244896,3
0.2743546672388222,0.5296244669445317,0.1807104154933229,2
0.33694208079320864,0.503533868042771,0.5907570736703603,2
0.8225828789859086,0.41408714620281095,0.40519046015887694,0
0.5359961804028032,0.48333310737319646,0.4089380209132141,1
0.48717288987067653,0.2867337027036544,0.8910773320430405,3
0.6924151233639041,0.7095711986550304,0.1742566545108184,0
0.7976750277739414,0.7815859389000253,0.9251441452231264,2
0.29227393564730897,0.3193614074119927,0.7393066546962896,3
0.9647195683262023,0.3791264137872318,0.4088792399041373,2
0.5216599014623428,0.018716079067860658,0.5177754265254987,0
0.7557697354937737,0.2905962816593054,0.1174953552012018,1
0.8806887800244125,0.6521435651212146,0.3203535995422191,3
0.04578932202559194,0.5425115746808997,0.28288866268239177,2
0.11267113860245559,0.21110513427501654,0.35370608838868967,0
0.622950576140174,0.3120864278810701,0.10137733272251648,3
0.1398359382543417,0.05399065660680635,0.21072557461066466,0
0.4351485227554406,0.7958929463151394,0.5071628894128146,1
0.5981735229576752,0.6516237527392247,0.13495470560788514,0
0.08190638967968489,0.5788479909636779,0.5364234265914937,2
0.20398419381694655,0.964085584020274,0.5322663234069692,0
0.5764392420564441,0.021447084312191333,0.6195831185080923,3
0.14017667083742813,0.8847893777927583,0.4441965196485299,2
0.4331515870976974,0.9843778886503197,0.2920009569748242,0
0.28950586137894785,0.5175865290983699,0.5421194761802024,1
0.23498602867256146,0.8309193857316158,0.2810478723393549,2
0.4127179636056634,0.15419178515738474,0.16059740808669642,3
0.5285422430147897,0.3568662160010636,0.35286999304859046,0
0.008073732335154848,0.7731880920932354,0.7971371254075426,2
0.569523841881436,0.6476389527792324,0.02400659359634094,2
0.4738463015493172,0.3230520908660113,0.4837337923713415,0
0.1689224407307447,0.4507111337954346,0.2402267440657666,1
0.12910456382553315,0.12123027866534175,0.9203323307638976,1
0.661265039539283,0.7085830415555757,0.6001431022930599,2
0.6994674169039483,0.21920062788187245,0.9747558685609984,1
0.1055332882799801,0.2583648925258306,0.9259073241198695,3
0.7221456341060374,0.18710003785450935,0.5447411216650317,2
0.9713431182254187,0.9970454843015306,0.7735873555305479,2
0.18358022445232847,0.33730248220335257,0.8830606942035107,0
0.3943907057080034,0.8346931588120484,0.14260475683460616,2
0.21008797306074523,0.6021163420664652,0.392223152258383,1
0.583344598467769,0.9221077260540498,0.27991692053331085,2
0.14639569717947976,0.5491722684137101,0.9055874128916426,0
0.40731557219419745,0.20522483385364565,0.24816766344209495,0
0.5151250838298789,0.9688584617922343,0.27768666572857814,3
0.11163461348165993,0.8546866632037026,0.5063900937657584,3
0.2273838640402407,0.09772594998241879,0.7703974272465562,0
0.8491007293911554,0.6000273097379392,0.6724361699904672,2
0.6137174211008752,0.005354175187619048,0.6546161027833542,0
0.43505523778081534,0.8888756671440339,0.3625637170275836,3
0.5263364232184291,0.03219625043854435,0.4604019266055026,3
0.4716024720588846,0.3848651624551698,0.246058037840994,3
0.6383611846198796,0.6650533120943095,0.3018987887691116,2
0.20874536523736298,0.04165722142730244,0.9949629872165854,2
0.24711707845206843,0.36721236861058915,0.2634114395805297,2
0.7584415804247321,0.8485753693154622,0.8228254776344562,2
0.044057003444153864,0.7596869916967266,0.07940780135194636,0
0.6030563361834574,0.8067377554564025,0.5180026957361209,1
0.016781879096272267,0.756731727802414,0.8713795142766316,0
0.22839708092041755,0.501397238565668,0.32161551620896356,2
0.2084685212705767,0.36295966509195,0.22947520687757916,3
0.7330020078202268,0.31362651900080496,0.14455721202830163,2
0.03023332093179698,0.18135579683442105,0.5718810890393187,2
0.7458906911672446,0.11524850346538262,0.2130527070501227,2
0.7761825779662199,0.42663498833530655,0.24929460914729218,0
0.38308776541008027,0.45959176508798627,0.637884525318383,0
0.761381485433281,0.3614713027016414,0.9550293332642302,2
0.11930090890699585,0.6247548278282073,0.502914146335068,2
0.31533845444536035,0.24431899661928191,0.986974475696162,1
0.9533490572252299,0.8774342780538993,0.1298944477988686,3
0.04100849137695939,0.7326546169499988,0.10597768261620188,2
0.09746094015951456,0.9400346484124172,0.6482184272387375,3
0.5537323710171644,0.6554587922220639,0.19148788488808244,3
0.13585234487759745,0.10299578951266153,0.3500993732027289,2
0.5663798700142211,0.30299505815883954,0.8050211991592618,2
0.3342085070421117,0.0699613995382119,0.9863065822765003,1
0.3613610409547686,0.5287879826853817,0.596115806269245,0
0.982329338238306,0.11013521146322736,0.9236386791167562,3
0.4657704678274387,0.48493189141846027,0.08162644201312486,1
0.9320303180287844,0.09300634953995668,0.0981267803170619,2
0.17149905314337122,0.8366344131967546,0.2445993291440418,2
0.7684393611361834,0.37158746522411024,0.814638248785243,3
0.22824919827807877,0.05193279762418723,0.10134263137948829,2
0.4440016027396527,0.30162721479114485,0.4553364937825807,1
0.8325669224592206,0.4547876933126722,0.10474211409188505,2
0.7074371406855602,0.6452934768645939,0.032273668124102595,3
0.48687026333283734,0.060629842678094126,0.20824183644053929,3
0.022587006342957072,0.3076272252714872,0.08102705205184169,3
0.615895525066672,0.903379573579563,0.783743978077223,3
0.9150075827225685,0.8765782268632252,0.7925915057742778,3
0.33193408580348505,0.9470026480579883,0.05270289913920434,0
0.6706319659097668,0.39740991991706764,0.07976028304775196,0
0.6182141586850678,0.7085997598557616,0.9290701321283392,0
0.09345012383734341,0.29296220861094724,0.21522465970343108,0
0.7260098973585646,0.29222533231412684,0.07685023295462723,2
0.9950364172635723,0.0037462680757527345,0.06903340960775817,2
0.9153350252871849,0.5776465328755156,0.9031198407774741,3
0.9909834249924977,0.543342845901105,0.9227238124857184,3
0.8315159625630517,0.34175625991240455,0.14552595451075478,0
0.19083133375697403,0.75696973881017,0.33971244977122517,0
0.5695663578852912,0.6336639782405435,0.33985038977047644,2
0.9503301206197372,0.19338248237248645,0.6146673342305411,3
0.9426855917295842,0.8800240268731604,0.08162413760238973,1
0.17160405474515172,0.12947774340735696,0.9036034183665222,1
0.016361055002982794,0.15961174087215158,0.20746305086284678,3
0.9662319976581039,0.5720754399435473,0.9731266543185203,0
0.403775877873779,0.25128838351367866,0.1998205071369935,3
0.3017454531182946,0.7493014731709828,0.8040286682405987,3
0.3415900588503751,0.526498847323941,0.3039129156078101,1
0.35612159596658366,0.9951821023326869,0.3186692754125042,2
0.5589363278708006,0.14616669315105824,0.03329020715144826,1
0.982045196689359,0.5175156653520384,0.16318136622873214,2
0.408969913689891,0.06826716134348576,0.2687092898354334,0
0.9143009075848114,0.16473251136565226,0.9753953158859184,3
0.5602249831620547,0.9513219756652999,0.2673096674580395,1
0.7641272673882661,0.5661229027767936,0.8382175457922912,0
0.8216581512456518,0.1742300321488358,0.015424012414825383,3
0.585928390711489,0.3675071300638627,0.8921132724912619,1
0.4737458374104182,0.29068920362250505,0.8870068055534183,0
0.18265891363359865,0.7962950671645554,0.5112803030739257,2
0.6169691234643985,0.3930469224202485,0.25295466275142486,0
0.8719569019865823,0.18895377242285172,0.07484438364219959,0
0.09077951518769933,0.7502471529430175,0.8566239660625713,3
0.18499538056707876,0.046178477407875174,0.012659058671679158,0
0.3343835690269641,0.5743617771813883,0.6901920541402645,0
0.8021330968035958,0.7987544373828881,0.08222876358490572,0
0.5980577759055806,0.6345134411200737,0.0914778670247487,3
0.32480354726810523,0.2583016517826672,0.12490469840019536,3
0.697305143609072,0.21517584678682078,0.28428379289040995,2
0.6518382863817568,0.941043690047394,0.9277558127853218,1
0.8170891368203598,0.5365069443952036,0.8479363116278357,0
0.9392639612364038,0.060904664742031045,0.3464233907988151,0
0.11724798092696409,0.8791451623939965,0.4088718995135139,3
0.841409840671219,0.779505021979035,0.6573531145849345,0
0.4111332920034729,0.7049581395472854,0.19533430945419328,2
0.02968228338731671,0.08297796032336113,0.24922415348742877,2
0.35834060253667255,0.8499632764071531,0.743293342083156,1
0.6976485709110033,0.8967254856092514,0.3297895659621871,1
0.3226837837407295,0.9038133233644468,0.14584436438726278,3
0.8021504125006876,0.5360182175544127,0.022071986813913202,1
0.0682540664455985,0.14323629246325753,0.43516321953952,3
0.7596642309024975,0.09986769658055317,0.0992129048713799,0
0.09370768142291097,0.8845503382677778,0.905531555679426,2
0.04905333085699459,0.3018048127117232,0.25661354124446534,2
0.948334060493358,0.4175972247940597,0.9285375573352095,1
0.38352695882177334,0.042447418427101646,0.7696347683230069,1
0.3063806081348731,0.4372539799894677,0.4413265463315006,3
0.07468498531369694,0.2411727574443795,0.3403138803843986,1
0.4921270645156959,0.028422415699589365,0.08373259666359334,0
0.8765077663030649,0.29336728788210975,0.839096818304186,1
0.4496361552891107,0.7732038150655702,0.5149409162916666,0
0.7387175913619685,0.7032265939825069,0.355600085849474,3
0.895279172063407,0.6359999808812508,0.12341845781480132,0
0.1117350672604357,0.19785712228437202,0.8840950789726612,3
0.6385936395638319,0.8738654448798094,0.28730205679978216,3
0.1716740366891758,0.4702172126627985,0.7316119534907616,0
0.8728917795207815,0.8330244860661635,0.20860283761599918,1
0.5672487709610322,0.7439736458537342,0.5197299078897488,1
0.5225675847414887,0.464500022272508,0.6155998505465822,3
0.9048476143343771,0.01398418405750701,0.006050265119462828,0
0.5435722642238948,0.37429478422902984,0.9793785316917669,0
0.31650772463316235,0.7661753317127079,0.692020081630168,2
0.12163749802580004,0.6493731735836195,0.3324746587258761,1
0.16042666413669726,0.6515406787990656,0.6411377761043551,0
0.49520738556394994,0.44668932991748544,0.9629758186265635,0
0.466267075595603,0.15914573954007516,0.6096685650074697,0
0.9953762052413476,0.339114719536018,0.9239221669871833,1
0.8818812724041476,0.5984299796532412,0.33986410233389974,0
0.532881385087508,0.3647900260287985,0.39615470970837074,3
0.9543988174428706,0.7254879065441755,0.6429855944000864,1
0.7201326797454757,0.32027434603532,0.889319436178669,1
0.9157297319771025,0.6840768770743164,0.2646289415659431,1
0.7797300135878452,0.9288145381426555,0.18193994200265118,0
0.5097940147957193,0.2564643736745713,0.27099659419743305,1
0.9161955348247666,0.8102845571427508,0.7307588480634285,2
0.32514441071519296,0.7313420423371024,0.38236230972351415,0
0.3870096516361273,0.7918936664191187,0.10966980589662745,0
0.7317159764153734,0.2657374703930888,0.2447976153980137,3
0.571449469224183,0.8843463898209254,0.5797617112348361,0
0.5810692949233973,0.7556556371827936,0.8949527310681806,0
0.3226660371470459,0.8608808085996548,0.8700449194451889,1
0.7378119869889048,0.4399596554156454,0.0016324504691196395,2
0.6630101692452605,0.9441989752971605,0.5952262630370516,2
0.23218772167798307,0.549968995899661,0.37140371572105924,2
0.5663486804156416,0.3689686579655682,0.23565273003880116,2
0.6054799600865978,0.6381374933409806,0.25369715475896937,0
0.7856972005034469,0.3452454203162969,0.6956384146627727,3
0.7856328154857908,0.4211991197507591,0.247932558794991,2
0.3247695392984815,0.8963370260040042,0.15599680019783058,2
0.12002051287123161,0.8246940273020578,0.641991735943559,2
0.8642389970798317,0.5524837481166135,0.4614700865757021,1
0.49622954276027875,0.5455290967995802,0.8869302902306051,0
0.011272118652352114,0.730180335561208,0.3782433072646201,0
0.8378991625337758,0.5799922260750809,0.732875948166031,3
0.1994989832907561,0.6529990834332912,0.5680401241576235,3
0.14025250301282388,0.49291513879761184,0.8522968523531588,0
0.4024990018414163,0.7754564556268767,0.07690109035889192,3
0.6105951906902507,0.7699010205988123,0.3668633112127754,1
0.9851774060977698,0.5328564331638856,0.4996644589029874,1
0.21089639883265254,0.4451944636118601,0.24542896358066713,2
0.08678118190807405,0.299889416936705,0.711928896912905,3
0.09005345483589722,0.540706421858486,0.05528649822875831,3
0.28951473016267093,0.5052894207977442,0.3816099412277749,3
0.4922564805125762,0.5850595922141596,0.6820491479413446,3
0.7778033117824772,0.3281370609964336,0.3132498627855348,1
0.218431487780672,0.725240445913667,0.5198545516068064,0
0.8793063038458441,0.15334190303932616,0.14314646818716303,3
0.42567402569619217,0.11942414429183346,0.5637784070339033,0
0.8186161401963613,0.27021358868808487,0.39715222578865295,0
0.13015821106587455,0.1869679983416428,0.4397577052346884,0
0.23773305937463063,0.8277199939795187,0.9186032468598228,1
0.5513907217653934,0.5080376717728398,0.3171877597513145,3
0.39225516200716604,0.40903739780415604,0.7046139865635442,0
0.7868139501580749,0.953579906675192,0.36491075451928934,2
0.908062194330353,0.4050106911901753,0.5824310927897126,1
0.5753168360664476,0.10414185703802903,0.26744570836943615,0
0.8051669295975242,0.7426944949695056,0.07794382583845427,0
0.4166394889638616,0.6607688249565974,0.4521873425895917,0
0.6388446090880584,0.9661864327178846,0.7640673603896884,2
0.34351982076117993,0.09883460351286821,0.6511562961928945,0
0.6444545774277621,0.3568910553475466,0.738327784929483,0
0.1719582947881948,0.5989342693891371,0.7786360144520058,1
0.022781846157365893,0.7235006003328888,0.4428493871344019,1
0.19187739676103388,0.9531249278879621,0.687213996600244,2
0.45978005424311363,0.451933385075417,0.22690220504289038,0
0.7007908586581767,0.1390101110588553,0.5685472541039905,3
0.8007876345593804,0.3174258349347867,0.3651528276061007,2
0.34644639630276575,0.036033551504861094,0.19615287277502846,2
0.46605225976459075,0.23572529893000427,0.4387237827896825,0
0.5301913941775895,0.17635006897489003,0.2924803325601185,2
0.01508743109565125,0.3298629786120286,0.08306458175133236,1
0.8332947230273033,0.07852362981249139,0.18280434117102184,0
0.41394435221363046,0.9621783379584963,0.2080694884329055,3
0.2424079520210739,0.4815206535729857,0.9376649585160021,0
0.4718551704054087,0.6795737563970758,0.7464723716840242,1
0.45921789607920105,0.5086881802393409,0.42674052588198497,3
0.899570813450739,0.883632766300517,0.9932310524194972,3
0.9681193309972917,0.5835614254441918,0.34123175307288833,0
0.08834462303967572,0.062219606565640295,0.15964824415889256,2
0.5401920465771931,0.9418802693783813,0.25448763107311223,0
0.5651177620024758,0.6087285005375099,0.7982601047276998,0
0.6359995012823093,0.10956710563514682,0.36595616046203017,3
0.340735756547784,0.7121748386367251,0.18700795209390852,1
0.8495587718380028,0.007392421373388469,0.9613525998396548,0
0.6170415537673186,0.230863669606183,0.015543488260800209,2
0.03412400013553929,0.5690060362766165,0.12035512627685818,3
0.20140689257317856,0.38368619752221844,0.21539671510042635,2
0.8364669067806961,0.2859472035702285,0.501761184082466,0
0.6176458664733532,0.21541402903947648,0.9097962464710125,2
0.7122366966612957,0.26749214988681824,0.893153745648887,0
0.07208302923138887,0.21294539744927798,0.507159687840486,3
0.858818056518286,0.3866267668066359,0.9380993069087176,0
0.6080239605328687,0.46690697518829904,0.9033008335508524,3
0.49311584861861735,0.993589387901955,0.9252806951634918,0
0.3319845316446144,0.7333800788254644,0.3713564104579423,1
0.16895287633975975,0.08017364615801381,0.44069526676015147,0
0.9216958634775804,0.11952194761491686,0.3075436172259651,3
0.6177782237188655,0.26131817985453754,0.4623338736888555,2
0.1989686065005476,0.3266203353281425,0.8894778233258227,0
0.589667005991052,0.6142649249886489,0.6911826090138009,1
0.9733178140228087,0.5073820890727334,0.47478010214507427,1
0.4976751098530373,0.3248974820844408,0.5288699547257767,1
0.5360897853417308,0.09700907374371548,0.6026262744478247,3
0.28963734514340267,0.9570970511934094,0.6509574700134168,3
0.19957807433873942,0.5714071472257756,0.9386095923672779,2
0.041704420548741905,0.8181205442593424,0.9682727411670193,1
0.5359641807441867,0.5402270526190757,0.422978755502738,3
0.4885767671019482,0.4132418801786357,0.5753016335957347,1
0.06798381012389432,0.9906335079613573,0.18930832008110066,3
0.07554329874795884,0.5102314328191069,0.21683491946989297,3
0.8404872185422644,0.07813035673329416,0.5757687532744326,1
0.2913393214334873,0.9331989206899588,0.15317449889787593,3
0.9882461721401549,0.6610574380679507,0.2362396766899688,3
0.2596199022467143,0.5406846958410684,0.34042427468864156,1
0.10184491525908246,0.5155343843575905,0.4788158018931026,2
0.12490966313702268,0.12726412544889631,0.30922466310455454,1
0.46610205731343723,0.11273771970014546,0.3743180278717504,2
0.1908719159555824,0.7798235544248615,0.8311258572016852,0
0.6643048189710413,0.9005030460747405,0.5533646389942202,2
0.8739292268159907,0.16308585288309407,0.24360692106378046,2
0.5480700944182189,0.13538155030941534,0.11674176275076531,3
0.6597210775689083,0.8591469305533274,0.39596751744263403,1
0.4362408570597427,0.5955609376803024,0.2773235159679852,1
0.38968619299124607,0.8327570333967215,0.5049356201481442,2
0.697645840356354,0.01656137642329858,0.5971679536999209,3
0.40171687513953847,0.24378149268625848,0.20247983884144005,2
0.3844664724145237,0.15908100835017513,0.053758858058603254,1
0.8433447734370989,0.9920248472225853,0.3674512249673846,0
0.6395567131245048,0.6465427753636724,0.8015404734464395,2
0.875648145142641,0.7246910567031659,0.584619789260823,3
0.7893060423089706,0.6801876447610106,0.3651262553751171,3
0.2830835152482848,0.49450557056649935,0.8577108919366054,1
0.3114060065415667,0.136984751998941,0.7543430264366646,0
0.03166536465029113,0.46397755620379144,0.9319673259119016,2
0.22214238232938133,0.9070545506422145,0.7486824490808947,2
0.9850551318763267,0.9637757941800122,0.4177937833054425,0
0.15782207343296684,0.6598523545359364,0.3326897987469801,0
0.9045683973882728,0.3626554356429641,0.9248368768433698,1
0.14724061754627948,0.9443415380423859,0.49433896478503614,1
0.5692951005904908,0.17062174372892924,0.24684551307276337,2
0.6259317069140397,0.33211606250365533,0.819160525470543,1
0.028236865234608888,0.37074063489829334,0.0542808539184223,3
0.5327821259938806,0.8229950876725216,0.07747738821651418,2
0.495424107979339,0.8718471825728683,0.8614127608357597,1
0.6858331836887132,0.23912879992510305,0.6504986006400295,3
0.45625607167777915,0.9430002960021512,0.6452968415752449,3
0.4057943023658146,0.785405471662859,0.3393345221715349,2
0.757553199266847,0.34317133802884625,0.5258782346453527,0
0.638274770972504,0.8537215110002568,0.2542574287162267,2
0.42275506401419993,0.53561534896909,0.9785490677734316,3
0.5851706955158598,0.3336985663680867,0.7025551993708294,2
0.8986659217308786,0.27141871090474745,0.49863642390974405,1
0.9823205483101689,0.23427212898448735,0.6118243763390755,2
0.4445262853499553,0.6691509048286739,0.8097488248273281,3
0.9401843257345572,0.2811082789893504,0.26081359005446625,0
0.9335141555047441,0.15875106555860696,0.6425667149026904,2
0.142601071432368,0.5124777003867003,0.016981077206027262,2
0.41707020031400066,0.8880281903944761,0.9512334945551371,1
0.024764937297472867,0.19179295065799007,0.5610539477169422,2
0.488204225707791,0.02740003200597463,0.07450715331077085,2
0.4792215248136934,0.44936670208435037,0.3223885493601144,3
0.26833586888282246,0.36435241422011444,0.0840562352178813,3
0.5694631628787127,0.17262011505506714,0.7807651132615826,2
0.9251839930861893,0.8507227368114613,0.03489298140011554,0
0.23334255954180894,0.7394080941445156,0.3675780203195085,0
0.6856764768990131,0.8585426441035877,0.4312263410978663,1
0.25403682591455934,0.32315320109505297,0.009974073193508515,3
0.4878118647632531,0.8047002063664759,0.3042003064313439,0
0.38557192273725616,0.7375391527626103,0.4688282375292865,2
0.4439793030017689,0.9923590003329336,0.42849704958176194,3
0.09109148116091548,0.3730989931721864,0.1516332619371027,3
0.8575594493056306,0.21634829945136158,0.32255047940510295,0
0.6067846716491154,0.057075231768695556,0.7747724779946434,2
0.7899018280039175,0.47944417695521,0.6325560120250716,1
0.13371491088660425,0.020138301246972468,0.6293580476522845,1
0.44667663983688843,0.3339449152227211,0.22082286801662787,0
0.40637669228557316,0.09899388086827976,0.9722195403440612,1
0.6674407582334079,0.5795727365433379,0.8604074890513851,3
0.15399347079127235,0.38338424475767185,0.7587599788007106,2
0.9490498825275807,0.7315992081683967,0.5822040469512387,2
0.6785913445043319,0.0636463280404872,0.33176514386665257,0
0.32734888764895553,0.27804748021283376,0.1461095078611896,2
0.32076688317406576,0.48774380262609296,0.5813363433784974,1
0.29252728725761523,0.2546559411364471,0.8799458266223791,1
0.029177457691682562,0.9318413913319529,0.8584432326458565,2
0.051667623576139965,0.02663907308993596,0.9632670504448294,3
0.6946840342745334,0.7429430488142881,0.8355225087944723,1
0.4617645801151299,0.9734368254403888,0.581912995494055,0
0.29191268079728594,0.8530178885660308,0.7851016530154941,3
0.6154674791542866,0.27209799105470733,0.28566525310972535,0
0.988498113242336,0.6882370704315053,0.7987407355568207,0
0.21605280750750122,0.11176050989717812,0.20423622761013172,3
0.8295985946314819,0.41442015722211956,0.10319615724736064,2
0.37841619217479505,0.233468274034066,0.6842116738066941,2
0.31815196558562664,0.10479456414445132,0.15707984250164309,3
0.9581038822164998,0.24932500323484075,0.6943164789034686,0
0.1911655047296057,0.6316884510934001,0.7347311276999888,1
0.7236864567860875,0.2633917679555937,0.9291341615555088,3
0.7631603979666852,0.8992336075347701,0.8876714191301744,1
0.7571426660666941,0.6630408272465089,0.7598655731231476,2
0.9227429577947065,0.4906028646734164,0.25771955609613495,0
0.3833091241290034,0.7473495200668111,0.20080253950668225,2
0.034411758229831,0.4742560730245847,0.8471099494762615,0
0.95377696016798,0.7980134406580329,0.8761940632311399,2
0.34062938707175305,0.026224462623759548,0.17734034955585065,1
0.007626546445140825,0.032690629167997365,0.2882805559929672,1
0.9281195584573577,0.7360673299718999,0.7323752421835175,1
0.6409151773143643,0.489974050700961,0.5801264503400165,0
0.6801604981365602,0.8597292408819911,0.236033021179345,2
0.3394292207288445,0.9268586412210896,0.9627209163351261,2
0.5453224859644565,0.36165460104743397,0.5243017885728901,3
0.13325355618887036,0.27582890708273544,0.6182583446836686,2
0.8049415610612662,0.5416360960128062,0.029366904553467355,3
0.985544529182738,0.19987895188062554,0.3012664520724069,0
0.8823038551584192,0.9283053944829951,0.38388533910352396,1
0.05713822634736998,0.3788288424660289,0.8045014797492462,1
0.857391630759319,0.30652870409993105,0.7813358501221003,0
0.19195023771417086,0.2082410806566133,0.4489376865130734,0
0.6256642794798394,0.7690739206430232,0.5200644549350627,2
0.806461279787794,0.6200844626867953,0.606580531920413,1
0.7427940442938469,0.8787104608972182,0.5543270769806196,0
0.07240774782444026,0.6387936232813782,0.8078169525264215,3
0.9363568827383418,0.3854283859708756,0.9984029546525407,2
0.05138570397462239,0.24553999202606602,0.7782956259859917,2
0.015463693592627892,0.9382279948396314,0.7778015758626977,1
0.44703955063687206,0.41064504098509524,0.41448202440705006,3
0.4779068788297527,0.7402638397989428,0.6484399122295175,0
0.0055231555678673105,0.8171361530117087,0.19903271125489708,2
0.28341331022314886,0.3771800837191692,0.3383727181520195,0
0.9919205193622004,0.7380509527379961,0.16759651378973983,2
0.06512769661638151,0.9804454389168108,0.9580181854604553,2
0.012560853996398835,0.913722556434554,0.26901912432875563,2
0.8627540054131776,0.33263245371961947,0.45748909804259774,2
0.5046858123065556,0.2618291413793751,0.6766442577176459,0
0.7176181747726897,0.9379771022613438,0.14994431621768123,3
0.8437261042395162,0.9454458903256912,0.7049653602220891,2
0.18314115391796693,0.003738412454960094,0.6644645043988848,2
0.8739293654823612,0.4996500733889305,0.7242675005666314,1
0.03469055757081907,0.7355171797540485,0.38203699993164464,0
0.30594530571780976,0.5942270039670556,0.30369444022065883,0
0.47358464743730033,0.3934914061395419,0.5703124700429424,0
0.337595717555338,0.6527383848742704,0.6095250093297593,2
0.6909399103887595,0.09017483016824646,0.0012620822342613858,3
0.46267568922757096,0.2630893704110183,0.4700801386389589,2
0.8015963927054496,0.9222068183807732,0.6665606930613477,0
0.3348301186216187,0.9519875842596038,0.41095885889427863,1
0.8320924985223224,0.8549089480482406,0.4941526067360005,0
0.8765365559818691,0.04442814561425723,0.3581612407799196,3
0.2762358169864525,0.23048427957036755,0.20275688228716438,1
0.5454697547504925,0.05547716531328961,0.40133571803766355,2
0.5877961939626148,0.9899207492704223,0.5387204654579646,1
0.44584823781013305,0.4565413242093941,0.7503233485372178,1
0.8322454116841184,0.9148824050920829,0.4908205234492491,2
0.5818604985559663,0.6737315096177499,0.8091951290668898,3
0.9393348573274085,0.5831678090095594,0.6495528581789348,0
0.2320223918519334,0.6023600741668755,0.39508113281056867,0
0.4078547238841641,0.23437186327100246,0.797860805335311,0
0.9919377361207083,0.7172973175629551,0.9660578184562971,2
0.8740505397791126,0.7168213625139876,0.03334889040250877,3
0.6363966261906813,0.5162293478497728,0.41184782846065204,0
0.4961594270242261,0.07078015464570608,0.022316883487347505,0
0.5575882812755768,0.5430994836549873,0.7325414181998334,3
0.25050054839765556,0.13828617576285052,0.06485981144923458,1
0.5561302051861827,0.01459649600481372,0.3701152806770126,1
0.27762077411564035,0.3231615349830339,0.7120061684373735,3
0.24210542028278859,0.5668560971380968,0.18465122269219514,3
0.30350686478875366,0.42030634455043925,0.7144611227209378,3
0.43253722910505077,0.5227361826362357,0.6163281846553005,3
0.040816652218327754,0.8246461694974635,0.0002684056953097258,3
0.5154986765452311,0.7726220587186995,0.44618351665834377,3
0.7222116341566699,0.721217955793796,0.27131862694983744,2
0.4461029633197656,0.2765147093663267,0.07106750208770907,2
0.04626750041456351,0.458249739020426,0.07885013552531916,2
0.9905495389511103,0.7253194563496139,0.1380583132985589,2
0.8362292554399213,0.25984332550663103,0.6655124700738722,0
0.045415011928915394,0.8081127447647093,0.2368159996601057,1
0.1102045680557665,0.48662316794371907,0.8261264022437466,2
0.2117051792130703,0.08446437584940614,0.06452742607337114,2
0.8739059577823406,0.9152296984551942,0.4212752600250259,1
0.5275832105567595,0.5422111855532468,0.7317470233300427,2
0.8292478147307442,0.8461974806602428,0.40998264935646056,0
0.10323348831885504,0.8665981158618485,0.13178198651883377,2
0.7794801620004003,0.9014669225974885,0.5588673691134267,2
0.8651354602667768,0.015285480211067348,0.3858951535771187,0
0.6988360319243058,0.8653704946601843,0.19174317143110253,1
0.2156489029635943,0.46883175725881354,0.3507570611109707,3
0.6180637935912927,0.15562755076815837,0.34796559774062075,0
0.5670675435806679,0.4725527637383622,0.5315906318557875,3
0.17101853088625196,0.2025009714571362,0.2944596279354724,2
0.8607868962092708,0.2631189930416049,0.3455644203381626,1
0.8346498506566584,0.9266375426234008,0.4825350698942391,2
0.5851109375394244,0.0012842983895453575,0.6440959972540619,2
0.9316629911220057,0.25947523387153926,0.6166604101861918,1
0.7821784185333884,0.7857300531725395,0.030560462217035678,2
0.2506505145494041,0.9663475153129415,0.047287160278078444,2
0.33176989630275,0.10552677627980345,0.05943844034472956,3
0.5480852747155798,0.5914108819050106,0.37719708205304325,0
0.7665072703712884,0.34246411632585394,0.505448250235352,1
0.20928678579101012,0.5406295563971864,0.5354048807156506,0
0.5450427583775354,0.9040994458710062,0.8461443670931194,0
0.3313902582728473,0.8425661099545267,0.3405349664265437,1
0.042817146500570114,0.7684034151328418,0.26446896905146733,3
0.156794035523649,0.820977357770753,0.6238279466484457,0
0.8080394349237947,0.1287536280439816,0.8787638260283926,1
0.9271371253852908,0.5092949192082205,0.7968542412090557,2
0.1438341027630562,0.1927618576020843,0.3631964022243188,1
0.7239963215314956,0.6454353290272162,0.6813266617296505,0
0.4004552099179044,0.23813622977585536,0.1470873073788581,2
0.9496564275488764,0.1998004253676715,0.1426521181373025,0
0.13778110773015118,0.08693076656028864,0.07907642045774999,2
0.7123758680318683,0.6869861690925189,0.6593202746178396,3
0.7324393297993567,0.7231635005820527,0.44701818289871265,0
0.08682949167240983,0.026994669792294257,0.893285592286405,3
0.04346623292910268,0.7034961283865506,0.2710931572478781,1
0.06000949684388002,0.27102784270387703,0.4586277728945575,3
0.7985216240824656,0.30880020457645985,0.30070625837142706,0
0.614549826108579,0.6684344561429593,0.16955120177808314,3
0.46809154505149875,0.9117816808974598,0.43750666278494366,2
0.836597610886696,0.9639758118974641,0.48296154588676987,2
0.8643708644915129,0.6437959267782022,0.5887269914633185,2
0.7840721095123315,0.30231260287911266,0.9120780334193598,3
0.9092121991975763,0.858198123310886,0.3175717876100198,1
0.3002147342063044,0.9618561644431922,0.6203454294100863,1
0.6619344938750612,0.7575399134320231,0.48482056455015576,0
0.1174533432238074,0.33651117348602266,0.7480059504805122,0
0.43847456384598005,0.5535215996062555,0.02038504248645523,1
0.6368583254014906,0.8548003110145533,0.010753051207595177,1
0.965822172337655,0.6593177228678687,0.1671684131091089,2
0.19993779974169223,0.9373253924892405,0.25311740184417775,1
0.8873163869879013,0.27279571051677665,0.0616803076323067,0
0.9378481992353309,0.8322507277382168,0.9516638942890867,2
0.776661811876469,0.636093461601989,0.7197415404781986,2
0.47216313895076034,0.9938871073526706,0.6848381733192286,2
0.9491380232958043,0.7598449225038462,0.8745861381343433,3
0.017807781648506826,0.1351477328826256,0.21569810624981367,1
0.012275591936920849,0.26481997243416977,0.6204783691770285,2
0.6323900790809794,0.20880536812434003,0.14068347105013623,0
0.5261734726615929,0.4491101442087313,0.9971214508769874,0
0.6679309994912986,0.8496133128692215,0.496317447174483,3
0.37988430559458286,0.1964085859380027,0.9816129300778409,3
0.22554392028957893,0.5124818525417705,0.11462281927375839,0
0.6947174732903099,0.3699305352503306,0.9825290789960865,2
0.36295110657801277,0.48669617752360184,0.8203473648810787,3
0.7284720352833584,0.9430884584279814,0.41061076422073295,3
0.8493380543702005,0.6965829194864306,0.7338449851994904,2
0.5745772906824308,0.4173720514905296,0.4406618053640099,1
0.2600906177371852,0.9334038625154117,0.1809174407404175,2
0.2633424857188281,0.05947160379387195,0.6368249758154447,3
0.25108375453982656,0.8501233425616426,0.9350843119438906,3
0.23359143010117833,0.8587609315016176,0.5284111542172193,1
0.10647126013816943,0.27267013305773935,0.3960133347445528,3
0.5204189813734196,0.7310284234738678,0.3388280433223202,0
0.5368113105878218,0.8585203854501726,0.3172110888984345,0
0.4668986621898573,0.7831366155818339,0.1130740263394423,0
0.05325476306406174,0.5246287443433293,0.3354750955080269,0
0.3696412525990531,0.2751833481951961,0.2724983632326865,2
0.5420938694558166,0.11332127277908921,0.9735673782884998,1
0.8904604256033234,0.8577366133135509,0.8840039777857176,0
0.7840749869407946,0.8754663140012325,0.5552658184065684,3
0.6471615906007283,0.4345581221435768,0.9694378311864131,1
0.5959673850248617,0.5843859312257463,0.5318094120471291,1
0.8550176784263098,0.5089257626770016,0.7906553481931634,1
0.4786753679372998,0.9909953605691877,0.6489974726295943,1
0.9348360948159355,0.5953568492030658,0.9478486778955822,2
0.5647147910946403,0.9400113991719685,0.9089015392594437,2
0.8518949737882396,0.6550754789948525,0.9215262299084181,3
0.36275433860974515,0.6436415409144526,0.3427181802433579,1
0.4063859181586975,0.49427830436841236,0.19872992017927738,2
0.10558978772637861,0.26027042096959785,0.5078217554473203,1
0.4172903913968288,0.1527172155285137,0.3186401071444389,2
0.33427323859443714,0.8377012328945493,0.35559588363200734,1
0.17542237676270334,0.6808416643783736,0.42250142169820004,0
0.49951583615295425,0.5438018142392621,0.5862399598115562,1
0.8077413534362072,0.2793343578998413,0.8724168024954844,2
0.06970686023766859,0.9824903870923745,0.4176781556636421,2
0.819613683587813,0.23764899478290802,0.7771779625762643,1
0.49083262037110975,0.6025705418641804,0.6024945974751098,3
0.9369627144874264,0.5528785310411534,0.4074495403963836,0
0.40489372700662973,0.1873359786165123,0.4225931520098185,1
0.6776695569707025,0.7387096280061388,0.7295959301821339,3
0.4839752546720648,0.7776358075501144,0.82287860356463,2
0.22667385782743799,0.6426351431874219,0.04411227840657528,2
0.8569222892262878,0.5676811548542843,0.8663804406972831,3
0.24322089161177585,0.7735149414386575,0.9289655183721046,3
0.05603157600702946,0.8603106880687946,0.2122764384445578,3
0.9023784111300187,0.7676408652373984,0.8994276753919009,1
0.9995177277203443,0.029645302660881834,0.5854495751356825,0
0.3276470202742048,0.14137090362673854,0.019916457098955176,1
0.970748765483439,0.7778992253962574,0.030391723101737766,3
0.1588545081118502,0.01774000869211867,0.31973605798609284,0
0.5442426907186928,0.1610137412623135,0.09771893352198036,1
0.8833644093092051,0.5060145548586888,0.6511731716191881,0
0.3705368669582879,0.9801977202882424,0.580548941075369,0
0.8849641193634756,0.0382046405773947,0.7836520362952936,2
0.13183036407125792,0.1437494134792735,0.452327255851773,0
0.383478993955239,0.8114261706106435,0.8377342671860347,0
0.21971824769730808,0.8140257836172112,0.8077093434722961,1
0.7121458570667792,0.48744287404231923,0.7738998029068499,0
0.4352053931734843,0.910711420649676,0.5547594212274758,0
0.0919769522811209,0.698786574454582,0.36744996838858457,1
0.7085997781984229,0.06876771743409571,0.9041952487933224,3
0.48712190383183174,0.6901329233264029,0.6297979921939191,0
0.48746357150680997,0.7852164846192174,0.6858044019840311,0
0.24655351049474805,0.975920215148937,0.5561284490499815,2
0.22955898615673243,0.9247119837703197,0.9692468763316022,0
0.11758449350788402,0.7250425508836884,0.623757808864675,3
0.1884771665970657,0.24528799837799198,0.3268950358774665,0
0.06132891560340992,0.010645802039338181,0.435112754708298,1
0.8875006566550923,0.39148517154117934,0.597666607982493,2
0.23531380847702166,0.7234190720623223,0.8324446685646886,2
0.39855852973032524,0.7663151183232506,0.9595894099664798,3
0.7133209036929613,0.6075923859393986,0.8676051237490595,3
0.6945768375478937,0.6591321385140575,0.3030145573021663,1
0.3640214640506,0.5414892941385584,0.8139594384589556,1
0.08933374092883084,0.9843666828319606,0.7380584358707973,1
0.1225453850102467,0.1549380758661928,0.40260501537919946,1
0.577804117817754,0.865704025377288,0.7673212749131987,0
0.14382598667993185,0.6360288142758882,0.7322813003739518,3
0.07142864256990478,0.1438221438418219,0.7384459857923333,1
0.9742280771366983,0.8103314525641615,0.3104276280749032,3
0.8268076643281961,0.6828302220331767,0.7841462237006288,1
0.4891114837473285,0.7337781579204831,0.5489490738053958,1
0.5141697008883769,0.8233322013601522,0.11739947215820523,1
0.06731713238054915,0.3659328180074547,0.5282383004800293,0
0.6146108815550352,0.007735398685512984,0.9901428060951335,1
0.28004072002486025,0.29876307255660994,0.9818209594491604,1
0.6463945239427071,0.28921458903518826,0.4211884109527819,2
0.5920952957657878,0.1409114375067967,0.8033499544024489,0
0.42907896491421094,0.3906248595921398,0.480261777286062,0
0.8972880307433538,0.28484501731687195,0.6203711787296164,3
0.48056722556370945,0.6830275805526373,0.8093928934001592,0
0.697953577728203,0.3348411514174803,0.09855960963671728,1
0.5232896053348263,0.43325747547215565,0.9894613566126921,0
0.08356573810598722,0.1381836375949046,0.4361136439439134,0
0.8564093923427492,0.4163798428028833,0.3875830815384669,1
0.15515589481599357,0.321636363661316,0.09044167691165372,0
0.35523606457567425,0.12801383414776746,0.5331928963162564,0
0.9674459820838358,0.9437107800068174,0.8556330076728679,3
0.3236959134125371,0.3363722744786669,0.8560062915557975,1
0.7344180299049116,0.9109426012614424,0.5249815014470516,3
0.08203748487042228,0.3739841829403181,0.15168889066115687,1
0.9106542014302007,0.4947092629787455,0.3162308127145418,3
0.8206648345103005,0.12659396645612742,0.976363574698899,2
0.5187045856817041,0.03182205455582643,0.9790714116384328,1
0.02978284388917618,0.6236261800632523,0.3938265483147184,3
0.7821780707610401,0.19031785082384356,0.8315425267972468,2
0.29465394686034396,0.19740697793969142,0.05819666926659195,0
0.28122037179766257,0.03249739503069371,0.08037721497658856,0
0.9173411298610725,0.34020374585021973,0.7544342843874376,1
0.637054254663044,0.8848268820511126,0.5381698424313885,1
0.7818958537566061,0.05951334852178547,0.1560505518205627,0
0.591519356797292,0.729648795018529,0.7449031673805412,0
0.8786536261168676,0.3656761712557526,0.009668324848533971,1
0.5715221957133078,0.26043260899042353,0.00041206937227966645,2
0.3799504695796404,0.055926661522534005,0.22424642929624494,0
0.5400088223741357,0.07722684172220473,0.28961321118006356,3
0.07640335841254242,0.9382569208066167,0.862902642198674,0
0.14744627927773657,0.9457787286900196,0.754378364720007,0
0.5708321729139967,0.6531020206062812,0.3732560833668027,2
0.5423566418834044,0.08651540244568434,0.4417477941593386,0
0.8326962460588763,0.8066973423333899,0.6232653320837989,1
0.5632215414966684,0.9724183082500504,0.9745124153512406,3
0.03600896978939638,0.6526822819816438,0.1751169259640767,3
0.2569367814379304,0.3830949066546986,0.48902121025351786,2
0.9482546304271017,0.6901881854983801,0.22795064364279827,0
0.3618562253650579,0.8061889179629415,0.2445238755445449,2
0.7746543449270175,0.8324074196045422,0.2006046190866264,0
0.13010515728086558,0.15957464109059116,0.8965944877698764,3
0.13556643799807944,0.07366145014879788,0.5641173881161636,0
0.4356043887343456,0.19288989630529974,0.8125361366425227,0
0.8002986108212351,0.8392634887374189,0.38468539704484384,0
0.8814296765851245,0.11962705996207101,0.41398374385836867,3
0.6736778409585753,0.46199097737600026,0.07173214944266482,2
0.28689663583551384,0.7549590325232401,0.4540895716818242,2
0.39766841426329547,0.25253725629647605,0.2952457426944787,3
0.723617352432291,0.94062600969437,0.639750262541334,1
0.46656311396193395,0.6042821278948314,0.26266731605150495,3
0.6235396941703495,0.38302975799252936,0.5323334342607825,3
0.5384756773261727,0.8603666067761736,0.8668404970597533,0
0.8120662124931011,0.3110065433151201,0.2535242143002534,3
0.8509168197273922,0.8005685015125894,0.7674467114503444,1
0.7650375498614115,0.832029337107975,0.5775349796786085,0
0.7945870565232529,0.5491718625116409,0.19345940484407165,1
0.7712381361634161,0.46932343512495833,0.5307119737583473,3
0.32020082784543813,0.030854556561058732,0.8364934793207165,2
0.6571221738314887,0.33426443031740316,0.3765136582105303,2
0.022343453778535194,0.06489818216550713,0.6812406390310243,2
0.9721716289533571,0.8058697922062859,0.9428541041059102,2
0.2552138051952433,0.5129638372596556,0.5847197020684983,0
0.6084842603013547,0.4209080817636903,0.8513478998237104,3
0.11891322492845458,0.8948447876648397,0.7474396151190017,3
0.8693472097681917,0.8879799785796623,0.5689097836646458,2
0.8026756747279635,0.3204254261541357,0.18675256961626752,3
0.32317143856089103,0.7736611849766605,0.20553932403811592,0
0.8983930129111578,0.04868871312581713,0.6800415085213406,3
0.9751011425947868,0.3068593321876921,0.183893525248083,0
0.08365608708041228,0.33724363417171754,0.08086987609905993,0
0.5999962302162488,0.39219969713954117,0.2735447999065119,3
0.19365369443939984,0.859718858771432,0.44687907217868283,0
0.10662860352588521,0.4244442949020313,0.8720393773920986,0
0.3207228961580728,0.5516527947918849,0.8736165803255486,2
0.9301046384017885,0.8263663575289468,0.7742814295288737,0
0.9615869372303899,0.4564716370684906,0.7014996188087624,2
0.4666078687145597,0.7966709353234467,0.7033253857085453,0
0.9618719750067075,0.6270114768859488,0.44436139068656455,2
0.8241814099958819,0.27533703493185946,0.9045632550478602,1
0.5460904109061014,0.3451212552008758,0.04802379334470486,0
0.06662682834545619,0.37961706644858306,0.3278662316921206,1
0.021336874514269022,0.7652661372176921,0.9883709509599198,1
0.047436780100659104,0.24634292439733918,0.2617444595724212,3
0.20373315542894166,0.5403795181938634,0.24429927098184712,1
0.0651470000579768,0.2796242296895971,0.5031093303081738,1
0.03200819672795063,0.698831888552805,0.7863647646383085,3
0.49199888219196886,0.3013531402289501,0.3235965256437423,1
0.5002505343001149,0.1685687345464828,0.27433204076842,3
0.09451672011638534,0.9748917605923546,0.5668723464103655,3
0.4568317007010372,0.48454776424622203,0.5849068595216967,2
0.2655638208175949,0.1519866345337143,0.8206441957858535,0
0.6993190099529792,0.31714104736871607,0.7070712348819815,2
0.04601751803412035,0.6746135795781895,0.8750836805707269,0
0.10398273355623155,0.3305274467210204,0.852291589651534,3
0.47358336314293914,0.6955459779689095,0.43163575679754007,2
0.8249623856706412,0.36479816768080253,0.682113262001981,0
0.8190082254968633,0.5579223739422514,0.190770304507354,3
0.09946018019032254,0.8459648939007751,0.8294518891561772,0
0.21670179688472935,0.7666581728250095,0.6682727671467311,3
0.9035384328737399,0.38280954696585545,0.5982493295622032,2
0.4642769346013845,0.12950328371682374,0.8014421420539833,3
0.7771293142529929,0.701254562705525,0.42122247042505356,3
0.6187850846892943,0.12863786773825892,0.011630957586670876,0
0.7499430568795104,0.11982109656485962,0.3261062871499366,1
0.37668152224287677,0.9055254526456759,0.41125208860452767,2
0.05371051115312908,0.19401120398187588,0.40314500362894745,0
0.6780574817436307,0.47981312506271023,0.395405986646871,0
0.792829390334596,0.8289883145104074,0.6259697154472491,1
0.3589989270785191,0.8458587723948374,0.5785885504210193,1
0.6420806535815491,0.43200527847750037,0.602618874531247,0
0.3507406336760823,0.3486005017408307,0.8600432365091595,0
0.016467033817993637,0.07206705584984874,0.3342703848047287,0
0.0012801018025148103,0.35594163537096846,0.17525698209675766,3
0.9140016415740776,0.8349213232363378,0.8382877317607906,0
0.35798999106290397,0.6283069407306772,0.11598960138207415,2
0.8051535696215334,0.4245388157871296,0.2260574915937441,1
0.9607868919388924,0.2987913146195328,0.034007090737341206,3
0.6842027647397224,0.7015967619384412,0.41201729182306246,0
0.5386804369754536,0.06600909323291071,0.888944403272687,1
0.4750840634190431,0.29929635638838603,0.2898761813171309,3
0.38594462672697083,0.17431080155650214,0.8366500897365704,1
0.47734368134380123,0.792594445098692,0.019220673898435958,0
0.35255431713364815,0.7285797132473852,0.2944235762196774,0
0.20477913398635084,0.512741530259699,0.7514971824779934,1
0.277911355276784,0.7098809974994603,0.5961429032213734,0
0.30214301658259,0.36052261281312914,0.9392969300883355,3
0.4596581443446427,0.814282912473564,0.30005749144807725,1
0.5057479539602026,0.9695394755039022,0.3875592020210654,1
0.8676140118007778,0.3545992218827074,0.7306339317516262,1
0.6820635369029564,0.45702399001602,0.27265461692142123,0
0.2648212761180446,0.9449983972276139,0.8470000744501417,2
0.7909882643037014,0.5784864954817636,0.8220977601222517,3
0.7925010418233777,0.34168923199045864,0.039612332411368745,0
0.9730248733928305,0.8583492890052297,0.3330866281249776,0
0.05215597471578892,0.21865198593755897,0.5112552411100284,0
0.13608497234650196,0.42218814428250206,0.3989986253054635,2
0.2697663055357219,0.05367135900530362,0.35963960418587004,0
0.054130662943149166,0.40453751773115376,0.7436822531091446,1
0.18133211839892738,0.6486523725597692,0.4313260117717759,3
0.006313414647907134,0.10698331601531841,0.34750558379529795,0
0.7372224728252138,0.12903839048981725,0.273844988919858,0
0.6510651224395106,0.5123909718757865,0.5895917842553123,1
0.6606371727906105,0.07537460685430897,0.8285525427916597,3
0.2022985692374506,0.06276486775350165,0.410986589367651,3
0.35207116771744273,0.18891272916829693,0.45189930562319347,3
0.1666894605646312,0.9943514497905273,0.2400244072335731,0
0.9703784801225158,0.12823080267623832,0.23192431971637684,0
0.15506976156400032,0.3955109692489053,0.7276642918280996,0
0.5188518271384037,0.045092003163147876,0.5628953479549024,1
0.8823682591660527,0.5204381118329032,0.22043815081919627,3
0.25340393906490677,0.9412112542789539,0.7885488943663835,3
0.898416279869511,0.47524039446244826,0.503823660783297,1
0.37327349292428935,0.023041878254882575,0.31813617180724607,0
0.6978688130571512,0.2401118807782303,0.01493579012846502,2
0.5024897929623386,0.849523977236127,0.12779319582641613,0
0.2687911106161689,0.9467571219589859,0.8175096490761259,1
0.8397575041969747,0.8659982727765979,0.5670142828134545,0
0.06616920028909157,0.3845794096172537,0.6669658766580553,0
0.8129958670434565,0.1322007661014788,0.8832522613689335,0
0.11247984630192964,0.6300890282809168,0.5008887800293167,1
0.3523853429568834,0.622155724429724,0.9039669612785832,0
0.2757148478111654,0.962614803286272,0.40631064827962327,3
0.6272320308071007,0.8551915768467877,0.18852261612681542,2
0.7244182858317202,0.03470122441885948,0.5733226220205238,1
0.7701763132537773,0.45886284403733923,0.1263057099533481,3
0.1502969270696053,0.09141418912661725,0.9517004444748084,1
0.5561129476106399,0.06651252338083347,0.16946637456146674,1
0.9565994484325012,0.7471075119946974,0.7912075532474804,3
0.09766873051191516,0.6866765233452533,0.7247450999488577,1
0.5890662208676324,0.045529709236055704,0.34701826318665974,1
0.9920967500194088,0.8386170801582478,0.9019274737751353,2
0.15086998712850141,0.5485412686477623,0.4458085923066759,3
0.20445732337206846,0.1250594364298041,0.004404268523087174,3
0.0782866801845774,0.12788567170019582,0.24736879792166389,2
0.09673494594207621,0.8995690127055659,0.7410827488291439,2
0.252250063056505,0.1580202193953787,0.8422298292183158,0
0.8467534432658665,0.9226885445010296,0.3096904700177868,3
0.808892662206076,0.03926460898427453,0.5290715900721801,1
0.11990740981503967,0.27239545498858464,0.04471568527288061,1
0.8676484711742172,0.48227270664633504,0.16966207945420408,3
0.8490470659843065,0.18255192548722132,0.53915208844477,2
0.17377042106900986,0.5093777505536426,0.6632676948553101,2
0.8124228289572949,0.3686271045976469,0.7627784138740702,0
0.7724303533864982,0.244871836026209,0.13431094503260388,0
0.48344116068316756,0.2012372302281631,0.1762878737347765,2
0.4913947821594149,0.7226271862890801,0.0030267278668261177,3
0.7468667582067224,0.014068402674866087,0.6800395424759669,2
0.7814056096030091,0.4242640948176838,0.6211187575995623,1
0.42358549963694936,0.649871992419446,0.9425504232155568,1
0.7994037568992592,0.884163258310374,0.31270428948433693,0
0.8725929616419026,0.4449922432091561,0.40116380539852026,2
0.8142793247810255,0.33277542939695526,0.9954678318419617,3
0.6776514664461871,0.1691551916233185,0.3471001870043282,0
0.20902545295948693,0.9716670173414329,0.06407635424550906,0
0.4063724289304167,0.7147704284716044,0.5060486706643795,2
0.7956136422428206,0.4669437084464787,0.3767509663542081,2
0.17377944266080136,0.9411369731035263,0.5550951354528647,2
0.29859061896069616,0.037666493756455255,0.670769218163672,2
0.7848109213595448,0.654017761507024,0.7409590455823054,0
0.9016651025981072,0.3009316371258607,0.8726447968606024,3
0.4432077636716869,0.01876073715383253,0.8242289464253482,2
0.735880628394198,0.9050634920288142,0.6325786544515424,3
0.9635799980297766,0.0347979150345018,0.9481071858491518,1
0.40087682329396557,0.6330311612522705,0.28303681909676404,2
0.39630696447073566,0.4695875299292943,0.6964618064684335,2
0.0334021245118411,0.5012870250628364,0.7429836486971078,1
0.2236709181749983,0.16381720671234867,0.17289729269448273,2
0.07304085398391869,0.5053769988887076,0.9727898897375726,2
0.829065691275704,0.8494544136271144,0.9363762388481429,2
0.5561462470287071,0.15901880713874839,0.7600302207719133,3
0.8295630840055012,0.09467155002522054,0.23341480968262007,3
0.48881462061783887,0.5649436493059286,0.8067704638391449,2
0.20697006822919062,0.7690744353887915,0.613700792814434,2
0.29947242931681695,0.4009281344191634,0.7129997857280611,2
0.79940183753924,0.07222196944554926,0.9299354285111432,3
0.28351301975219756,0.43913554275509026,0.5502026643426875,2
0.3810743243674919,0.20023118700234066,0.642695679544952,1
0.4658292824383431,0.3292262283200952,0.9797804498763173,1
0.13473466637535791,0.17171201751272913,0.7577347711511925,3
0.8500690784984497,0.009958730035259156,0.8830006623457697,3
0.20177226507031598,0.6730548328766726,0.2543159008337008,2
0.2400938808088542,0.09173492544564743,0.14285312478615364,1
0.6621053112759574,0.8941912552915062,0.7559631154806042,2
0.5683527229403745,0.6959001871090013,0.83546593218667,2
0.7996739803177417,0.6233304566094567,0.7054589800725886,0
0.24573244780866854,0.9601875032560298,0.7222438274985926,3
0.17099122331617167,0.8173559462470636,0.7961285902591608,1
0.6062720815194425,0.87021783075394,0.7400390420892696,2
0.371390448697544,0.1979929575010152,0.3344094141920241,2
0.5080723828319946,0.6438966951251758,0.608629000187183,0
0.5176775605435012,0.7752539882566725,0.7469605579866622,0
0.42339429639259263,0.6309337683659321,0.2526456208612132,1
0.7124368289489181,0.7015572763440872,0.17979089921883995,2
0.6801649687701555,0.4911245527209819,0.45925652480263857,3
0.7368179757400286,0.3199016440078619,0.33498693575724436,1
0.10297400675076185,0.9286022389335106,0.5906537148530252,3
0.42913477245268394,0.9270364048533704,0.9077169748531607,0
0.2450461091213597,0.8895476815945611,0.4726696623761344,1
0.835253154603205,0.31918130976543635,0.5448713315619587,2
0.019116818125979318,0.6826134360886048,0.9160281751715664,0
0.2559848949019551,0.555041308012962,0.2596524500065974,3
0.5001899098025017,0.009407685285320988,0.48982016899068037,0
0.29050822654270236,0.6487999940973808,0.8964690655682325,1
0.19073275914643484,0.8648480149572828,0.3522178611015252,3
0.827564339453481,0.41024670030732235,0.7535103188951108,2
0.3182127086242519,0.1553526750610673,0.43742317919137963,3
0.26221797764945165,0.3470386195653986,0.5985254054511377,0
0.813943778188635,0.2846459410160561,0.3589111058688117,2
0.13709057261746338,0.27644565829428247,0.04203529947941409,2
0.8357203052199611,0.595306201203171,0.49574215119035536,1
0.9576183237609462,0.5376299498824493,0.9427394406344991,3
0.04388210035888218,0.8972557387204879,0.6694011909407497,2
0.9050013281798834,0.6578803505931634,0.415706644363126,1
0.19957158970066202,0.6357193153482454,0.18757543339281912,3
0.7123419179411934,0.564764076324807,0.4637341568157245,0
0.30212512286077653,0.5748367315036412,0.817125821112394,0
0.00867550016177232,0.02090343120155147,0.06031114957661643,0
0.41747703978758866,0.46318195828758657,0.26649312549420456,2
0.2483583078159679,0.7971760044892483,0.8680821116351606,1
0.901169725023022,0.3793816688686804,0.988080403476409,2
0.39398788569398946,0.36707619312360495,0.03998023389278249,2
0.23013289467279796,0.5266829699376135,0.07723377032831891,2
0.2502238574223401,0.4520212926716477,0.7834797652104414,0
0.9217270101937243,0.6927703344921822,0.30768863599495233,3
0.08040120397357464,0.9823521535488704,0.9347691611713349,0
0.7576003369093418,0.12896808501471535,0.6979715943698027,1
0.8321768024807074,0.06671885935733457,0.006690888464453537,2
0.5099605145393536,0.11645874991143834,0.4112135025828231,0
0.37942755886485824,0.14703261010795998,0.9626603523450536,0
0.5624802600503592,0.2518966162687648,0.6415176119508994,2
0.731276022717227,0.7298173995529433,0.7352978647973708,3
0.39819854608436867,0.145105657731863,0.2136404956438317,0
0.2810911554144734,0.5319644978702147,0.7434217086553936,2
0.32215436690938004,0.9001307489478197,0.9384213464336759,1
0.05261455662001058,0.4596437842895924,0.12773913228677147,3
0.9478247950701122,0.24042382082413027,0.8069867293391997,0
0.9829124634563197,0.35132816113068766,0.3712512384309158,1
0.7515051749104206,0.21780785019868076,0.8458340631938538,1
0.031725320828767556,0.423737151441849,0.9610585071381348,2
0.163600922472233,0.45030725222244083,0.4055579837650696,0
0.2439395125868623,0.8530447900266744,0.1154313738092193,3
0.9342082273924219,0.6657488500119575,0.4756360477882353,3
0.9296003567371477,0.8575267374176141,0.4140854217471248,3
0.14621775242849278,0.24579057363757328,0.7925026110104638,0
0.327933020384207,0.18072196655524453,0.4172211294645154,1
0.1429408994834277,0.5977925018736536,0.8845312682638404,2
0.8053969780531042,0.40655576398173454,0.821111569725023,0
0.843125672787807,0.7421763291075767,0.8932720539930024,0
0.06295008837860039,0.6170289237847172,0.284651483189572,1
0.26614138908637597,0.2903866972259207,0.5935279049044022,0
0.33022557758189885,0.970965413687575,0.730268671940228,3
0.3615792616863711,0.7059773988171012,0.8284727727362751,1
0.9063598739646089,0.5471440093958957,0.6932813902877613,3
0.328433689191273,0.28988081892230677,0.27210373783213304,1
0.4720051333717188,0.12653394449107358,0.6237379805899865,1
0.5518223678790986,0.6183720892009641,0.9976594416019352,0
0.6047036858831858,0.08625720840296203,0.27165145304055116,3
0.2891770540545401,0.2163421291869695,0.39898036796470404,2
0.3082544470300633,0.9184145523967908,0.06363764796717208,2
0.33476251657516276,0.011443187493125784,0.7699915650660321,3
0.24499191211093274,0.1789785448392146,0.9001102740689466,1
0.42082125016907734,0.3642010164211761,0.512432098063307,1
0.0846035533427607,0.9176812851895247,0.03350877740965552,3
0.38677659952315746,0.16088536988489632,0.3833192496787895,1
0.6676246075324391,0.8507352709203205,0.6856917807024117,0
0.02338086454093269,0.24575464632259203,0.6009007117598103,2
0.8740580952242868,0.207245927227088,0.6675429511593483,1
0.5842149621813538,0.9046630311639972,0.7374110017074955,0
0.9420591161607691,0.10560780183207197,0.6629023588626448,0
0.1897136311699228,0.22878275813423,0.7875306625610397,3
0.46097029539580936,0.9978651950896377,0.08062071691071682,1
0.3344830245205369,0.12601784208297473,0.011764044889059022,0
0.2950207192083032,0.808558999506032,0.13766146296586035,0
0.31470648903809484,0.7432961295224337,0.872169340559702,1
0.2613020427533759,0.8708600638507777,0.39743546801818586,0
0.8955861326287725,0.009644315039262108,0.8084189240994207,2
0.5629061510291519,0.5645978996657489,0.5774119307292386,1
0.622376180165968,0.6260015811286448,0.11166929140033088,3
0.30918476497360736,0.05192250128761844,0.47985854207147427,1
0.16146142979570066,0.18287658153368447,0.790953249707782,0
0.6926629790773836,0.023363437214114602,0.8197467253326698,1
0.10796953466015746,0.5175417537107159,0.15603431685340963,1
0.019116940703222562,0.8169809702918753,0.346623890318851,2
0.45664957750267166,0.18886392035873878,0.4534238773350324,3
0.7108485133807418,0.5238853446309929,0.6547447101420155,3
0.8179508202249902,0.766577080948996,0.38245255729950867,0
0.05699292454809801,0.8204689264462113,0.9830126328855086,2
0.7553439046170087,0.4486711909306833,0.2777143513110547,1
0.40127320420477786,0.15616623152653086,0.43448661813510414,2
0.30241816924186193,0.2508846981388315,0.23724671442937884,2
0.10111568782990144,0.2859570292795536,0.05851474771731335,3
0.21277370830746045,0.47295274259021713,0.5965621354010596,3
0.49323258758519606,0.4106633264130236,0.5789740802213372,1
0.12366712694648307,0.39459419282047326,0.8394579737666906,0
0.5329160580906132,0.21295120525800093,0.23095052872103683,3
0.6414716211371833,0.8451468444899295,0.6194061662471436,2
0.8710199878841398,0.44833029114300504,0.7796911233799978,3
0.7073812321380465,0.7362312794581064,0.4603955347141506,2
0.22186659702910827,0.04606435019323807,0.10353542251638748,1
0.9246576493264639,0.007330976037424164,0.5500977789266097,1
0.28674001573125096,0.12902404523547062,0.31887660285633435,1
0.85003319267781,0.8005552622173671,0.13894571404845957,1
0.8693125061857029,0.051877133329248926,0.781549576442324,1
0.22959952615216817,0.9729680874447644,0.9951001568690697,0
0.9305619393701362,0.36633973370531403,0.23483520977962125,1
0.7313781757241775,0.04231255468984885,0.6707344789560385,1
0.9189200014515477,0.5507745828563567,0.2528329527465646,1
0.9612509607045516,0.20272201896648334,0.6380509126253071,1
0.0982130125342967,0.7160138804440298,0.8073943074591557,0
0.029524981233044145,0.2672310903115285,0.5661597697882971,2
0.8320075863039454,0.7468518652914471,0.3415186006456108,1
0.722215987045909,0.8420254647110206,0.8832067045482556,0
0.7620878708344692,0.465622115803883,0.04546040451551525,0
0.07457578929855269,0.7119366383841516,0.30728245344622196,0
0.8072514094835851,0.08495377755686928,0.8512648885773682,2
0.36202235779010816,0.5538644481575616,0.04695159784950087,3
0.9884638059461843,0.5856484841127247,0.4631150706488717,2
0.8228157550549288,0.3317583808819121,0.33313611684616273,2
0.049710601459434955,0.7052243943279526,0.5682215974930809,2
0.17663696290218445,0.5302602712104872,0.9326945751457217,3
0.39634849466488076,0.6956781124788173,0.6914812077172433,3
0.19082775116543382,0.622283731021174,0.8393471636503318,3
0.04349147965320588,0.03210638548613154,0.8790795188564272,0
0.13320105689569472,0.7416761473494958,0.02998120295284712,1
0.9387680938080537,0.22074211703613145,0.9616340327172892,0
0.8743453210509055,0.9170537510436642,0.9955238899967491,3
0.44713862805430515,0.8949490649672854,0.046618239121315797,1
0.46106310441910625,0.7014907690124403,0.41316715223672695,0
0.644747035579341,0.9792532683148495,0.38038703871165647,1
0.3208231946127936,0.30864708144494146,0.6581156382066157,0
0.15689093477449922,0.2639832769313606,0.16908355258227936,0
0.13039854189888778,0.27971741983958354,0.9156785554523692,2
0.716023262215973,0.521845957285397,0.31159158020471955,2
0.1392643427787117,0.6501755764975798,0.6314696826032752,2
0.7741296090197501,0.8202096084406166,0.23100376391534605,0
0.82637802188282,0.9856309074238265,0.4313562218826552,3
0.3192876377538977,0.29999678024704457,0.3674094196184956,0
0.34373965777617255,0.43988182795200625,0.9447900572165612,2
0.8696958370751761,0.05019676216801805,0.9981707109582105,1
0.32545210468598396,0.296852907257916,0.4168830788748169,2
0.08895032240702194,0.5819451699339009,0.44615467223419036,2
0.09561267350800384,0.12291157218177595,0.9291122860825881,3
0.4888129665934834,0.32382140595013653,0.10539759701181817,2
0.5781975899774977,0.7649781983617882,0.7574274011059158,3
0.2877891273791009,0.3477152828389011,0.7647519873015414,3
0.02256055057187878,0.024233126244166736,0.46520522860496094,0
0.6751915968856121,0.4495729641513767,0.5697592704796239,3
0.29203406545481037,0.12889383785049058,0.5732237760100761,0
0.30136881786097547,0.7616559367029705,0.8112730832661156,2
0.8021730134931218,0.07239222995338024,0.28668615115510765,0
0.15538945142760718,0.7758406895365885,0.648248493914141,3
0.22374339398570497,0.6014978429650568,0.5881326088123606,1
0.9706382402309988,0.41705161592185114,0.014985700983979555,2
0.4913887797401234,0.7209650547607137,0.8991421832131004,2
0.45959985549444815,0.3454941265026833,0.8253636436355346,2
0.07467655602947953,0.4846340686836046,0.0361976483509473,3
0.4467358410362975,0.842906443903768,0.41735093871733453,3
0.7508695791054297,0.8352102401391673,0.4688627620535377,1
0.3967655143167491,0.7211420145887819,0.9654536671687569,1
0.3247602574606464,0.7638200997902381,0.9932988035845319,2
0.5763456279398652,0.45889547383155416,0.36329060234290633,3
0.45059888504681067,0.9673153219689932,0.7163685611128792,0
0.11120800532723973,0.984482881399304,0.15862043785449953,1
0.40530310612165066,0.4791081950662305,0.3993581746484496,1
0.9091948466933434,0.4952655540451134,0.8011859137415996,3
0.9193352312935658,0.16886937444732153,0.7252042621800555,2
0.050213693717343855,0.7326745525276509,0.868704425041996,2
0.19899588873564122,0.8056204669396875,0.2543476974962333,3
0.81939969992755,0.31051745611861437,0.6389976368156883,3
0.16232619362681366,0.7568013107208007,0.9453893654133236,0
0.698314997245051,0.4841367396860575,0.33571936172881345,0
0.49482577690024465,0.18929572351744073,0.7033798193142492,0
0.3589824292447993,0.8385374061575706,0.6096507981723485,3
0.3347275514051623,0.9556391250418088,0.7272060826494693,0
0.153448995816994,0.8578224021179799,0.02529383154411813,2
0.010933774205201141,0.4656301105139581,0.04434949664021359,1
0.5432363919489182,0.4538290840406315,0.21055602876183221,3
0.2590546667937168,0.8444269945784321,0.17651272057160672,3
0.3603472487148355,0.24308853216936743,0.4297885511962082,2
0.8743768370736489,0.09556865171198825,0.1806123662529503,2
0.7500396139467141,0.8363732192584598,0.31498364413790525,0
0.5294830268200315,0.10527479750457236,0.43312563658478187,3
0.9969688598495032,0.7162829378963982,0.3160185811333739,0
0.267817506010931,0.21685578221015767,0.45301381516411676,2
0.26730037177042687,0.8403369069000046,0.13011621612309832,3
0.5951868992163496,0.04939240883430873,0.23040360251696146,0
0.9898530271246976,0.9070110861768976,0.9585499657133185,1
0.7457535424431743,0.7485631277879992,0.9196880377654912,3
0.4952103389564674,0.6843061601517718,0.38137899629475114,0
0.39901786566053865,0.5552694279724325,0.8395288351111226,2
0.01964153858684703,0.34737712423815714,0.2577848577187051,2
0.11007474829821329,0.7305777449967276,0.30959776383777526,3
0.33204071625346954,0.7565959945445365,0.7187338944921954,0
0.21475277115799551,0.22438033235940968,0.5030778175122134,3
0.7441896634958272,0.807816303040855,0.7982460244211274,1
0.8063612837502084,0.8174860019844664,0.7716403378004668,3
0.1458710734059253,0.15018638103502813,0.652655964167369,1
0.23202513297630445,0.9093120074058095,0.5406579142731709,1
0.947789656938604,0.9684153005379362,0.9443204400967128,0
0.8398966978688986,0.33800145202239296,0.7005989828433363,2
0.43792174223220715,0.5770324412963451,0.23900192022972688,0
0.9140636969701954,0.48272310266646434,0.3759065037638156,3
0.5649671241715937,0.4173277203724841,0.24662098616511618,1
0.7892122829189698,0.3184760412850334,0.5354840789938272,3
0.06702099698197572,0.7675490638530762,0.28331225586869435,2
0.4411814642484224,0.11424604862134102,0.7623905513952693,1
0.8852857225316024,0.11835318796722538,0.20371321597480663,2
0.7238682594933903,0.0811279230378632,0.24660535558473895,3
0.8000965982661691,0.8179848300745097,0.6559634733298192,2
0.22407836083624755,0.306372869856274,0.01924889329466961,3
0.25105586926718026,0.9552433161488535,0.49617297578452835,1
0.19415955891885506,0.7598343491132816,0.3734416445187606,0
0.8684684637295329,0.6592467880769081,0.7122580881897534,1
0.33564707045988795,0.3675447854017858,0.7323871797870694,3
0.68589417242174,0.5303838134231966,0.09648840415197624,2
0.44286143001669664,0.3479926309270456,0.9399808416579256,3
0.239585062983387,0.8905651229605841,0.3847058249844101,2
0.6125997746335646,0.4269494166494415,0.018960745801858025,3
0.3152647633720085,0.656758075021627,0.9232509931855848,3
0.35822748448290553,0.2916611922736403,0.8463335560220936,2
0.3626323784401485,0.33071869332588544,0.23959808920461967,0
0.8917114046689748,0.8598428363929873,0.3782637272269187,3
0.14466037964809797,0.32404058647921574,0.030769512055071724,2
0.9958358337379818,0.6406798264858008,0.5102120481034261,1
0.7826425768515163,0.9389109143223155,0.9977796438865171,3
0.7310373166677462,0.4063909797771911,0.8422799587117618,1
0.6812987471941273,0.3349533557591112,0.8152934731398693,1
0.0228429937322,0.608220922604557,0.5194684817348473,1
0.8384877051929319,0.6069811259750889,0.3737600406479904,2
0.7285461176672597,0.9705299277138433,0.8739295549582106,2
0.5324467525204973,0.4229509523729271,0.7178955879140587,1
0.9055488851208235,0.8682109750455714,0.9632446168642953,0
0.2767331935876318,0.7369084657845623,0.8011442530656175,0
0.3367228043486532,0.9168538246821875,0.8356482559763294,1
0.515560180994218,0.6621809175146024,0.47397898746046985,0
0.0012969046113192606,0.8174288687617909,0.6830178211401591,1
0.6927903890652891,0.7209003440318424,0.2279757064696788,1
0.06347979685340788,0.17401071280836822,0.845112166253778,1
0.11500721530091185,0.7243870250918647,0.06891167177147739,3
0.7303477176408821,0.8173019877141232,0.008012572959596453,3
0.9315721861428671,0.9850498510414394,0.5372246864571187,3
0.4173927882408107,0.42721710217583087,0.6908135690395157,3
0.950418583033441,0.6749397037907493,0.3440034941069541,0
0.5678425208316084,0.7760849366744473,0.5975668152310625,1
0.9107747346779208,0.9784086263936587,0.058235549214231686,2
0.102944180049369,0.05690230891096637,0.99498890266028,1
0.29151282011516444,0.5718656718602697,0.9355590821616179,2
0.9388065558930124,0.6020100805518419,0.2863223840684852,2
0.6377871941784673,0.9036341645623956,0.4644218686370942,1
0.9803421044327456,0.866453851347125,0.07971117927562954,1
0.41059998379812834,0.24983573253466984,0.4068285088625456,2
0.04785932538207338,0.6171687317709796,0.664220307561278,1
0.7094011027228614,0.7574054742280149,0.6552654754109806,3
0.6343262912906869,0.13656329992297545,0.7976052951041301,2
0.37316617839454624,0.012264716433692091,0.3492526785235158,0
0.8056593780183414,0.19914229982757314,0.5832834849896964,3
0.11471085154275085,0.5962165293667896,0.10911287935185565,1
0.9744071628478269,0.33798913145177134,0.27507495410793015,0
0.6669548597255599,0.3007095371737214,0.35619949215341373,2
0.36296812428094105,0.3937187646795831,0.7684951769951894,0
0.25114097439103267,0.8084513163033653,0.47570016747747745,0
0.5769887621228249,0.5519663522696251,0.3652627692969286,1
0.4323141927974906,0.7269834871232325,0.6144435211063692,2
0.052234993174258615,0.6866956981009398,0.9934096818790907,2
0.03377531730697292,0.14450165854636632,0.20910276645880788,2
0.7727690976003658,0.9721250559295584,0.7489356369677163,2
0.43689827723633945,0.3137557668914317,0.11601863149205738,1
0.4816367932205551,0.7101550297232403,0.9705681373635339,3
0.6317143798504402,0.6453336072456113,0.692405303499092,2
0.7825799691108981,0.42964834735872726,0.3505909241862155,2
0.35634452579194675,0.6415372367465967,0.9566997103080239,3
0.08376067830666878,0.6593334742393142,0.31781929988097946,2
0.034787088222673734,0.012420045061460216,0.4094305384466804,0
0.9487852462720119,0.7930533914035677,0.8261872262559697,3
0.8042411953661622,0.6061750854544187,0.6542888192341052,3
0.5338783465820275,0.26266114756335857,0.9364505479539812,1
0.5167740616513257,0.38339804782160225,0.6615920742189835,3
0.5997663764184774,0.959500521580205,0.725546364915002,2
0.1441322779727221,0.8800799884136815,0.9628632975089184,0
0.4992971959626049,0.7868761294903779,0.4231052268957266,2
0.5725979799528328,0.12521877413400306,0.6762719920784689,2
0.5779740982948136,0.7449242304561896,0.2601936675045906,1
0.7056759515454715,0.5547661110765861,0.502848037577819,2
0.22485979787566002,0.38789233288533553,0.7209393176257668,2
0.4290176963704808,0.5356888176429664,0.2314387433051256,3
0.323383445096212,0.9678920835010261,0.44289891358062605,2
0.5964694469723925,0.36459205425184305,0.9667994648611159,1
0.6243234214075201,0.7625346939807164,0.6443308291356098,2
0.964679264686024,0.9953442453318594,0.5729987595077803,0
0.961819450678104,0.5311156489274329,0.725071611896953,2
0.8126740899810243,0.1954739095978758,0.4903077019897397,1
0.4874317975395489,0.502282064131694,0.2592720627301607,3
0.6374198742969343,0.25303704145067163,0.1366456268297469,1
0.2107262048053954,0.8411078150137831,0.5984814646221349,2
0.33484073037276163,0.0052873781926707775,0.6180043983143343,2
0.8182769413217753,0.20269353893636832,0.7636691390919153,2
0.025575569845492474,0.47245413396905167,0.11499888629759158,2
0.5697030012905976,0.8036212986897664,0.48401795630543776,1
0.2539127487593883,0.0390725162106893,0.4246709736815435,1
0.5565268803029992,0.6990723235293496,0.35247997027579137,0
0.7872573762905627,0.43433947827496,0.8534224267705316,3
0.7375985040757639,0.051871051526844236,0.5226860012346694,0
0.05500120236254502,0.5559235642436434,0.69511781875624,3
0.6394631243565971,0.7443900686308424,0.024590753653771613,1
0.6132293682082925,0.4974394043148844,0.2843573945796185,1
0.7206411095787446,0.8924913232394803,0.6265114651013621,3
0.18158716980545186,0.12301650463646208,0.006153116892350541,2
0.6484120450911212,0.7907856467931398,0.12229567085190596,1
0.643375715291563,0.6917145912843888,0.4641711746124809,3
0.47138507736255764,0.9015324836272177,0.8794323424721268,3
0.3786264507963474,0.1001089416201213,0.9859866900445592,2
0.4332344072412113,0.5042284877778686,0.5991912561609188,1
0.6881115624666208,0.07464119568156269,0.3239903601177827,2
0.6962504223470747,0.3065798219343375,0.2510188052546831,2
0.5397714981644506,0.08845889516353078,0.8674132816589084,1
0.04922162440986999,0.17365693091498835,0.033841272170650916,2
0.6085317000894578,0.4171595539168089,0.13241728890705995,1
0.8807691143991476,0.9128760267269076,0.004089773491535276,3
0.8093451964550588,0.3972251255251681,0.5620939957334067,0
0.8642246741614006,0.7365343218405657,0.8340409978857961,1
0.8388406388944429,0.5141296158881096,0.6370164425761521,1
0.5243839594427392,0.7600975117111106,0.2747400662782159,3
0.005749377314562709,0.6124114415604041,0.3278773744855875,1
0.8073314814715346,0.9694591743087239,0.5000264095766723,2
0.6395883635545556,0.8719892593365031,0.22483244490534993,1
0.044259599650731674,0.6087942613664451,0.37259767066171945,3
0.5444051510674378,0.3743184187925269,0.7550564340559949,0
0.6092334681589744,0.5543007400008465,0.9708117382265434,1
0.4269744354356123,0.4586173469228073,0.42844813151639005,0
0.86544987835249,0.7231902639409229,0.532708265699997,0
0.5639601782583183,0.6691309538734944,0.9273990959729403,1
0.15356365177752995,0.2536016415333807,0.8868753271430783,2
0.5862090777971555,0.28155731283869545,0.5960363553089985,3
0.007776189770138164,0.5975579573308942,0.4380999687662167,2
0.2302534031134006,0.12212067835984208,0.12660921194289276,0
0.29092065833147485,0.8503329774288413,0.7128305280344486,2
0.9481952192614014,0.17358885076999286,0.15393811222414577,3
0.17379103969160636,0.0406684168331829,0.20756149208175179,1
0.03564924561526728,0.38352505394979886,0.6246841760322912,1
0.3886868216573841,0.9352068076911602,0.5195976994120869,1
0.1463375411424066,0.424581268612649,0.09795244103133005,2
0.088870331589326,0.7187148529034568,0.7326702109396049,1
0.5670479963851226,0.5612560467987808,0.24139938077803436,1
0.9996955499411422,0.3798679329096868,0.6610730442211022,0
0.4298648158141001,0.3237970665500155,0.2163443067808728,0
0.6375662632739022,0.8999891670868527,0.07067213384111382,0
0.6151188991273466,0.4188208036329645,0.8061833599308412,3
0.17472584511334333,0.2979448295675272,0.603046065143177,3
0.1425503037740602,0.1339625074054951,0.17594461088002877,0
0.20772681137045013,0.7298891020407349,0.7918520670511742,0
0.7885154295663754,0.10754692328527693,0.1258687697951234,0
0.08793805379427266,0.0847683381967772,0.8405307237700846,3
0.11980752421514951,0.9003062490605576,0.034138578173111056,1
0.5273751969486395,0.5734653809313142,0.642049357454619,3
0.2708334912220398,0.30015265145302183,0.5687412836929207,3
0.5535206540597166,0.48887405079951807,0.4725206603279316,3
0.9177158193486525,0.2704399686889133,0.08050533070611299,0
0.49950069772836836,0.2505005787702774,0.8016696677615885,0
0.5683204372370342,0.9062508761442268,0.92957399397623,3
0.516369287053693,0.7918832141608744,0.5681550544861738,1
0.5557664217084928,0.5142257466765258,0.19363769325696156,3
0.3942449305939104,0.34898235145533885,0.9352383326195892,2
0.17880111549678812,0.8128374489799042,0.05623778827204062,2
0.24144920112462354,0.8183453994818074,0.6635562854647565,1
0.5210227096824814,0.5551369952489178,0.3678517842620247,1
0.7425118922297101,0.1811652233805453,0.01359029167890069,1
0.6863563952737459,0.8160780218614335,0.6695837502026898,3
0.8496823255539079,0.22317339964711835,0.9234178023490351,1
0.25579300536186234,0.6961309507470974,0.5630203368478842,0
0.3732281951209345,0.9729859221353467,0.22694722139732426,3
0.17704049518281262,0.3156584134519138,0.11392436237920445,2
0.4844523395643229,0.22683388614844036,0.04023308697961192,3
0.39120354360708653,0.20016175017519267,0.5769132180390758,2
0.7782275069977254,0.5855364304139113,0.06651295738040408,1
0.5745545960609556,0.40385608307471077,0.3955358952518754,3
0.20226386136785923,0.08432329066284971,0.2310242634540095,3
0.24060335277539335,0.07112009345312442,0.7054687704520838,2
0.12645836720563597,0.616635655213269,0.9909047418120843,3
0.5395949332429224,0.0889488925684978,0.8627196901150379,1
0.5821399675172007,0.5671953959766897,0.46134823512197265,1
0.7383086908950832,0.6794704105556046,0.31825250315958253,2
0.13484057683826756,0.8428731671390677,0.24473957698950732,0
0.7165328616858122,0.4396107369062505,0.6629491291229546,3
0.10655949106463514,0.23359924935091725,0.9963714019944846,1
0.33058323455442407,0.6619475196494589,0.5712900453950848,2
0.7425941302105462,0.8876984539492135,0.17215702099579278,1
0.6258331295082319,0.9570254008209989,0.345858588955393,0
0.020771345511631623,0.485026760726755,0.37210497127262887,1
0.3327672077657863,0.9859329745473376,0.7581351133511633,1
0.9319599952267512,0.28028746252632264,0.09111026044772852,1
0.8524571435004009,0.901977699989794,0.8055133652215055,0
0.6613914484639813,0.18672654046288084,0.9129641434341037,1
0.5010135252408634,0.08918638554317793,0.317211377147792,0
0.09267297140688124,0.7857225222013078,0.28239345797300897,0
0.7709260662378625,0.625006135259106,0.01609341359793026,0
0.6370056777742518,0.18623722039827995,0.9636736280676754,2
0.8148733044443354,0.30337939497392175,0.5347258994221408,2
0.3845612465547611,0.07418647679344481,0.3511371366689222,1
0.8111317890469546,0.3287988685864871,0.8262113553179339,1
0.9545826619777446,0.7464585412898208,0.46761317910210987,1
0.2675525245154521,0.7568389038836493,0.6571555772817446,1
0.6524919840849133,0.9666606045052267,0.6192728370129015,1
0.15103264948851536,0.7283507913501477,0.8878130787830096,2
0.05515632324856623,0.44406567188225354,0.3936653773114126,3
0.14270431368236713,0.3703172938851307,0.26952765899774667,1
0.2644404493104415,0.9845427404246226,0.42734973489902484,1
0.834105140234823,0.3528667686068421,0.7980631658430565,0
0.25117152239986573,0.8450026443731098,0.919567796821294,2
0.6434783860070303,0.876209434303141,0.5219090900899487,0
0.05999218315556465,0.33573229559705564,0.35098424497310177,3
0.3822440712208196,0.257489874152552,0.903847263095004,2
0.7677076158441878,0.03445014680398928,0.31906526644110167,0
0.15013659205757146,0.09195803623817278,0.14559912875756098,0
0.6736466346078485,0.3314008006297906,0.5040039586488165,1
0.8934591526243618,0.3946881170474037,0.26439619870729425,1
0.9121718630804587,0.2325230752353844,0.24730474412311054,3
0.3685677898118227,0.2580833230540467,0.7993052343724144,3
0.43945690053194697,0.10335390102632569,0.9426060954188116,3
0.7985314178547396,0.06352322668682298,0.5670726158142518,0
0.4561724315588569,0.9807309314318895,0.8743010529538414,2
0.03042971439648745,0.63705609741415,0.5343447927706654,0
0.6124095230090902,0.4327835070519369,0.43179151443260033,2
0.20586608524770478,0.9282150156224526,0.04514527563915616,3
0.2956618795482695,0.7583788783429459,0.08129573185096584,2
0.6533971176054446,0.00033343173538291637,0.40457308246178003,1
0.888121608516919,0.4846144434205034,0.7295491707115159,2
0.7445933952742386,0.15100069837681618,0.24746242706243649,3
0.9744498760536826,0.49814591706937117,0.10777790156094447,1
0.698392607674201,0.1607381752844118,0.018852203558872294,2
0.7282900551400939,0.5427426743732622,0.6136887199220781,1
0.9043447500866456,0.5462270009536987,0.7647386654138255,1
0.3972874342093602,0.6766963211798833,0.01727801022907216,3
0.9419482750112038,0.9744189858788523,0.7245039856623556,2
0.07036188336325322,0.8503620380936987,0.8051702389254932,1
0.8891568035903271,0.7075273606193915,0.12267098792654485,1
0.7076990119325998,0.19051834923224564,0.822823037620202,3
0.9349239658965345,0.4819518243704498,0.996365879172128,0
0.8364889584942433,0.7195007999284971,0.36041637107269675,1
0.3073255430559335,0.27023725815077926,0.4077933489008848,2
0.5612872240980507,0.6667866678841661,0.05928562863894826,3
0.06889375845050316,0.9862032334391733,0.6809493758464581,3
0.18032653915755026,0.9758752371426521,0.893932540958063,1
0.2423761761657649,0.5235627875977202,0.416996516717696,2
0.812077929316317,0.5145125374586673,0.33994495421618953,2
0.6555014883847543,0.17976302546939826,0.18713443168653598,0
0.4174810094921949,0.5812168353520383,0.3268835329143127,3
0.2779813471093592,0.16596920714746233,0.7224624724656634,0
0.5807520523506927,0.862906679037649,0.08842258439016648,0
0.7210562103758804,0.42667932199143055,0.33109879554113086,0
0.49461610126960376,0.8658349408218998,0.06883288442366331,0
0.9414678109421851,0.7224463016563933,0.8513224156744871,0
0.8987894513853109,0.4961680006579495,0.5429317666499229,0
0.11540426918260072,0.9428437331884083,0.7939873457298364,1
0.9786307162923668,0.7284048288037033,0.6135157604376316,3
0.3839814503910922,0.15011248624995022,0.36811719275413,0
0.8529505287020521,0.35088255673352364,0.4393358650832293,0
0.4942358929183015,0.5893691586038278,0.37909585457322015,0
0.9610365349047988,0.3501424038828269,0.933376575548493,0
0.8170835739064397,0.2229419530824015,0.7124439958005921,1
0.5510821069158166,0.8362447498223079,0.40824846647101176,2
0.6760716981643103,0.3067303171388962,0.1681945480980125,0
0.4685992772585462,0.6379729768681913,0.12890094771247718,2
0.6690695147514705,0.5176982911944215,0.8423324289644899,2
0.8493257633551505,0.03689008087482193,0.40844886450056594,0
0.4842968782078271,0.7252975741271073,0.8087992333739032,2
0.80897183246111,0.20294704111426087,0.9260823137653033,0
0.11448051423213479,0.07124847099446452,0.15564364054036028,2
0.41687615862265126,0.7591619372587545,0.48790411078038975,2
0.7425499867539835,0.5286800869549177,0.1563393743587207,1
0.9437614195654671,0.610897179179409,0.8025510416545881,0
0.6134832405158587,0.3773573758313927,0.9954874172588959,1
0.887131738004233,0.3725772158983741,0.2690200268894355,3
0.6386157874891448,0.9072541900442656,0.06319399209415355,3
0.7561997794764506,0.9708209422052275,0.9501417606816372,1
0.5029804606439274,0.5573736200576843,0.5920406334943806,1
0.13689964026154755,0.8204045454009655,0.19871533606850622,1
0.1093592080391329,0.8082727446518267,0.12568364276656918,3
0.7727972037119049,0.45352895459274845,0.08563398025759916,0
0.4845643815751286,0.43995930936889116,0.3470010906338279,2
0.029243700925982052,0.6261650578065663,0.00988119591293668,2
0.9009729995657014,0.7271760315418949,0.6657175962145768,2
0.39860117390159056,0.34705956497358714,0.0035764914622113952,2
0.4671036259451382,0.7568540490931142,0.2787873585959453,2
0.5901546955399019,0.9699815789767765,0.8688154566449297,1
0.10588765349530127,0.5936635865262008,0.9346918329417786,1
0.6121620004560802,0.4111523036749831,0.8468985053412064,0
0.8991370588067288,0.7332005626617261,0.8983716655224414,0
0.608904671179739,0.6230486490609974,0.19305897414445605,3
0.05779747323151985,0.5087977526210068,0.10098487587922322,3
0.9435591005827906,0.21532744629472877,0.9334242875866174,3
0.9954159633520058,0.34927922337442074,0.8308203186850214,0
0.7213796119165632,0.17395027704692745,0.19533656202358207,0
0.41648215093040997,0.3541284597804618,0.05446745444671597,1
0.79682500560755,0.03680396221270499,0.5016356403681448,2
0.6173235407819113,0.29097952820507955,0.2465575722957214,0
0.15742520014135963,0.20633755636828244,0.8967417146761535,1
0.7571525301938021,0.8127417779378794,0.8473808581691868,3
0.7454491452833608,0.549594155793479,0.279508787330082,0
0.8832746460883385,0.8208567832064961,0.5200279687229505,0
0.6677738509623897,0.3950249781987091,0.5884280102464733,3
0.4293113062463939,0.5928260335457771,0.48783674925308307,1
0.22481323605860248,0.6317433503319981,0.562718794062307,2
0.09840391271516835,0.10749392704231142,0.48484434105995,0
0.46121506779679466,0.36202892748906534,0.35915443741969655,1
0.7869809315450513,0.5540592379508504,0.8151147056466513,3
0.253440233037312,0.5149986634702507,0.7658789708296053,1
0.41038087205657225,0.009861130336734969,0.11455595930575913,2
0.03783639761095192,0.17828574038591705,0.5869076850203894,1
0.8411386548257846,0.5751960367439342,0.681928505478603,3
0.1922432678914171,0.10658543943522913,0.09441723743359565,1
0.07884646264195716,0.8797133394776308,0.6840805796229962,2
0.07631650797666001,0.9481758694055774,0.7243589717459594,1
0.5765928953162955,0.5577575931445604,0.9115008447501188,1
0.6260131885886955,0.7806779088616008,0.12805525418682007,3
0.09852250733700318,0.4529022830566467,0.3575946931159715,3
0.4796116947212068,0.54794501824066,0.9427610884569142,2
0.8154914446078196,0.933255488308945,0.19061890652897384,3
0.6630201968371502,0.5602121517202123,0.9829419373684284,0
0.44297207266506133,0.6044521349168809,0.19970785350276887,1
0.7474772024135803,0.3602760992694046,0.33631486318754134,2
0.943728296708612,0.7629264815442532,0.31290848644540215,3
0.3951829582474975,0.27398351364978346,0.44665500588378904,3
0.18877832305310838,0.4169340520627256,0.41711371016774135,0
0.16118124957465674,0.5873049639920441,0.1711573464765309,2
0.31454422790111625,0.8803768493234683,0.466596090973894,1
0.6818153725913203,0.48165701151972695,0.599897026452303,2
0.5666840367333386,0.21677437802769373,0.5460826252389576,0
0.214693057060392,0.744678713194184,0.4549249831636991,0
0.23156990382334786,0.8718413256343247,0.7528836642933795,0
0.02730903492245118,0.6802893341038252,0.8898376590857929,1
0.27793683986193796,0.03239348977247425,0.47668222445426556,1
0.904526265417066,0.5157320808100914,0.9127946103223993,3
0.6080531707786532,0.7660767932989133,0.8396373739092036,2
0.175173188232696,0.2951561735004735,0.6537459899053425,3
0.6290384637813937,0.9131039778835617,0.07855893974520844,3
0.9383576730176972,0.9587933510381534,0.7792909249100266,3
0.5068535138603868,0.6827006850918176,0.9431080751150385,1
0.9483658999060357,0.16621325614044968,0.11171976056851574,3
0.8807301267542668,0.47341590403345557,0.259275876115001,3
0.5355618152000365,0.5296974538283725,0.711762370438977,1
0.01751133004323291,0.7600723305902415,0.3605919085641859,2
0.20551866324139656,0.3629469481501588,0.13196311582808773,1
0.3131269772319287,0.35903785684429823,0.12784303693623256,3
0.2223989653740972,0.7339115715338783,0.7577351270704905,3
0.6493806131279743,0.545601247222469,0.8038230981497893,2
0.5224489815283945,0.930416726967316,0.38920239611626284,1
0.4026181629185852,0.6278992988561791,0.558040008498855,0
0.32355477189620063,0.32006203861862925,0.07979268608989198,3
0.5515661432756443,0.6297559008933202,0.18004427012860003,1
0.3963296039450027,0.8923686379487179,0.7698504891027652,2
0.9478173362580563,0.2245303978169021,0.23428716998243282,1
0.8730839868351019,0.5430891115682687,0.8882219139980188,1
0.7302688941060008,0.9242516816849136,0.4269923507765845,1
0.04297385827273659,0.544296766426252,0.40924709936517045,3
0.38647958143567473,0.7758055778811767,0.21249951025248148,3
0.9668236151546824,0.8846470560840188,0.673059312405227,0
0.05727531882949288,0.4944234438026007,0.11147781540531643,3
0.21025372011900056,0.005470816003564805,0.8715806256680969,3
0.34659142746772953,0.45406521523405385,0.8547456096087769,0
0.46943419874222614,0.06009274678109089,0.7135647065271111,0
0.69070452481737,0.4822332222233533,0.7401724179527611,2
0.12573064237736453,0.550305948301358,0.9106293360165943,2
0.3921372291884859,0.08322661241175688,0.594549182717094,0
0.4544542350987115,0.3038099128902104,0.03509583557211948,3
0.3811353140935285,0.07273555181284763,0.3506317984225855,2
0.3604342887469134,0.30898542139690477,0.20928395940982059,3
0.5500895528410473,0.1285817908298763,0.807274861442511,0
0.9076452401778767,0.3901003691384686,0.6222589705729066,2
0.23260017173320235,0.7235098383834851,0.8456591823736486,2
0.6003221607955269,0.7983563053977455,0.035080104808908,1
0.24269742074973644,0.16207815011475613,0.500659138593253,0
0.2663170974307323,0.7504378069615685,0.66087083533114,1
0.9762953468399299,0.19028017111003304,0.08783082266387265,1
0.5777728069609,0.615748911622842,0.29663897556897845,3
0.5259221613294267,0.8116117232811976,0.7434859692007304,3
0.30698535257373716,0.5373120220907432,0.6108878347021871,0
0.3600841259419909,0.8847361458788562,0.8141141894607795,2
0.6621579398555574,0.6746561461802754,0.30375671029898654,0
0.7302854184758454,0.6279328849315676,0.20484217120674808,0
0.6924726339185903,0.9921098784494827,0.4468304060563125,2
0.7662895786448519,0.15145683699359191,0.8971631513752268,0
0.8348906204249765,0.4195665973782128,0.7382023964397627,1
0.3657428494857091,0.6473514499894861,0.2947801191756906,1
0.8655315401129958,0.6883016313938861,0.2133767982235516,2
0.8619927908485505,0.06276774731553281,0.7582527271973424,2
0.849082856741044,0.6405295686041627,0.10602457359603579,3
0.592375929141924,0.5145200363528457,0.5658839018813049,2
0.43946601771876936,0.27195494429867184,0.03086055100701457,2
0.5015956202263434,0.5158514579477292,0.5432589541268712,0
0.5074088490475064,0.8757193847596443,0.9691049454074844,3
0.9089287401160817,0.29999739421246663,0.3991778592853201,1
0.03253487124143706,0.7594507821677283,0.5796998306327621,2
0.7196499200917295,0.8981190939018227,0.9736862807895992,0
0.9154101677155153,0.3713389249509145,0.8484428965845298,3
0.01239065086336244,0.19271086213119581,0.9762252915413762,2
0.3094994513683621,0.32308663253694747,0.04860178926754133,3
0.6797995760117291,0.7084695650846929,0.9383664223569744,0
0.39427488684140033,0.18768268210552896,0.1413447802445742,1
0.15691054713500496,0.7180541487742306,0.06490583301146857,0
0.2176620714643881,0.011754304899838086,0.1896408985983089,2
0.6044010285928094,0.13107767481111454,0.45004302559321707,0
0.14665286506746222,0.3637776669439834,0.6515208024103657,3
0.01825418527285505,0.12069818496846374,0.1364245848832003,0
0.23017431214695716,0.35187047688683204,0.2537896191608663,0
0.2170321534027433,0.5330753336943035,0.19400127719457816,1
0.23532063333886633,0.4533914724441901,0.46262278350226826,1
0.9158048057588747,0.8877042235628477,0.8171632379910357,1
0.7202341411793078,0.7116300004708634,0.5471789755936401,0
0.9680308195137397,0.112542107912319,0.4172699605864233,0
0.1454740346767005,0.4252107519520909,0.14564074069756017,1
0.2568183979763673,0.9348126494509575,0.6376300835141938,2
0.3542489272945071,0.13269324161035212,0.5088982615584859,1
0.9365109276259933,0.261636355752782,0.356890429408676,3
0.188954299409135,0.6943139188292903,0.056408640023961065,3
0.7080156966890915,0.9567565020519596,0.10813618430836391,3
0.3799275506319705,0.32781894156685265,0.5492419959346875,0
0.3210679618755723,0.5470637395475131,0.5000357317727648,2
0.6951212307736377,0.015197298688762517,0.9748754169186179,2
0.32381406298780524,0.5133290609403398,0.8762173099040979,3
0.5356651046783197,0.695871306323521,0.629973278372984,1
0.20853249597072587,0.6732714846682007,0.28735357677880946,3
0.09016815354567964,0.6921085440019394,0.30482207499779845,2
0.7020706393075078,0.07970225859305324,0.7130079224583183,0
0.5386475645470298,0.3280191154813744,0.6455029526122789,3
0.6167625931736349,0.1947482987701875,0.27995983651783607,0
0.39830544261247314,0.18419394258118482,0.18521251214954904,0
0.6314225408585047,0.15500868068841622,0.9092237276975056,2
0.26783153323730957,0.9279453372917482,0.4168541224986654,3
0.9463225497492349,0.29570692419132316,0.4020526510319885,1
0.9665234727404277,0.1078146155268116,0.922170065272597,1
0.047802587594682144,0.9091236082490677,0.7224312200014703,0
0.49034223056252924,0.11496859707607532,0.6637322714741346,2
0.9524360140865187,0.04013710807123261,0.07332895558099817,2
0.07648639698839788,0.03996179034921654,0.20608029260740968,1
0.5773898439627663,0.028729730606567583,0.6595306215281693,3
0.7755840492027183,0.5037066323902711,0.8144717696393106,3
0.43892275160197236,0.8259067207651887,0.3473839338857604,0
0.1190172044730371,0.2545246216187155,0.20493993542043343,2
0.6964406519679885,0.18348440805861121,0.602869059259938,1
0.939194514524449,0.21506800989141817,0.934871335306193,3
0.334267242281732,0.2661385455591635,0.7317933636155116,2
0.575838883850377,0.6849251619295259,0.06888762030363493,1
0.8094486896423954,0.2459942593329525,0.7289089694826852,1
0.7945381931108083,0.4865236085134568,0.4367892202811825,0
0.18556682493259113,0.1654602191992155,0.5379272010349915,2
0.5629038792764065,0.30480133983401736,0.10815960123309498,0
0.5528502375752699,0.12640811124080775,0.305518577965577,2
0.27025820029754943,0.0040500103061996695,0.7641690368742616,0
0.2827256140519715,0.5355882858506272,0.24351813638045283,0
0.026795752480396895,0.5092793000849315,0.22135099685331683,2
0.9988771907656366,0.7184003264580656,0.7463369969622151,2
0.6201902312818601,0.14617464466149044,0.18603039306856917,0
0.14728425631348963,0.25127633827331985,0.7784483235553595,3
0.17241946712184786,0.8576432087288517,0.7132762008560302,3
0.7714633377722327,0.25158057977028336,0.16653098459298565,1
0.5186951461584602,0.171429110374824,0.645242947298976,0
0.5530366926637866,0.7871300561376708,0.8908721550208775,1
0.9004771008612498,0.8846626556331694,0.3618230183092005,0
0.37493304542300343,0.4047437563899312,0.11846515592954265,3
0.7462359077235491,0.36855834445624913,0.9231914611170472,2
0.5724864309032186,0.9770549490974376,0.4358890885819767,0
0.08386076439378876,0.785167885754278,0.4435804678177505,0
0.2862283692792815,0.6759014889126325,0.25287381133401865,3
0.7306182899809825,0.25231895370764745,0.02603942830848971,1
0.38028009349631187,0.48984108988433006,0.5752655956936664,0
0.38827014679504346,0.9182976441999688,0.9765420141631509,2
0.7590897857907566,0.26498243033922964,0.4018103805324773,3
0.4038409448124618,0.8663824000208288,0.1641174288161611,0
0.44345881363047424,0.9100278214613675,0.8297637646113126,0
0.7562590621007599,0.26397863165601587,0.9317802353512726,1
0.4962766948140518,0.5807650953675796,0.939446253885041,2
0.6708165674733073,0.5688423309847459,0.36050265778849866,1
0.5310722646391791,0.9385461727650288,0.5713545940349174,1
0.8825622062931029,0.47044696496232874,0.622111904731247,2
0.3297401001905158,0.5526864434183122,0.4294798474368243,0
0.29697857825074414,0.13690557447103713,0.37071355137173534,3
0.5856566469081969,0.38124088993908745,0.021911109603803047,1
0.7049036542632213,0.8439869463616392,0.006854906601864275,1
0.9643062174321133,0.2752226625781874,0.03568805755833493,2
0.13029525860448687,0.40121396424841127,0.10609148281219649,2
0.9516484261481812,0.7940130066453346,0.20953493975956416,3
0.9596607481849634,0.762523455128738,0.42035821262139395,0
0.30075331073257594,0.41449110981039516,0.1449369985066502,0
0.18907231077934605,0.3944845114408315,0.8457358586259722,1
0.9525339666179199,0.6972058422347198,0.29620419621047134,2
0.12352341182627535,0.008677512286794364,0.9949708388207846,3
0.14440795452584942,0.872434590365291,0.0005483770911484109,1
0.44563926544453103,0.007733276619335094,0.36261777176171994,2
0.7267138612684202,0.3198470188706731,0.9041423965357742,0
0.34081788129081647,0.10857132826002647,0.03684972685644006,2
0.05876948688049555,0.2519201236537062,0.5106861758668184,2
0.47134514818181406,0.7683609357022843,0.025919634676947134,1
0.27723196145508844,0.9429593390545523,0.6334617668166691,0
0.09790118883286947,0.8664838392215921,0.7257967936419524,0
0.3233227392637045,0.1180981421187356,0.13817529929663885,2
0.5654569760271891,0.045029529013702385,0.6447719709588572,3
0.4578370411188031,0.04273630787352889,0.12002338535024992,2
0.3954341340857286,0.19228055207311712,0.54787920347256,2
0.14768850691882274,0.9326567975866392,0.323631496013558,2
0.8102371055047097,0.43672842003045365,0.20525215782578676,1
0.7161035526179561,0.19098196907413545,0.6917865521782497,0
0.882829862030762,0.43915218904847464,0.5170091325878818,3
0.3895789888035064,0.0352715942645474,0.414596269626744,0
0.6143657161394779,0.8186131299646833,0.23570923637404784,1
0.2964445507495931,0.7369377208647181,0.6469085477186091,2
0.4534000517824458,0.9562556108732112,0.48337216316639997,2
0.6920128073957624,0.8319173789030689,0.8503207571530298,1
0.5435407679865911,0.8624678151519939,0.4858172354078478,3
0.6150863142708776,0.9339654850602885,0.17099348489608335,3
0.9491119028146685,0.7759130912873674,0.6408044116604218,1
0.5838528660975763,0.7771587597123125,0.7015867405730837,0
0.21463020445173775,0.13057871881916283,0.2254969346792406,3
0.004087002817516727,0.7625517368939045,0.36938799011333456,2
0.30610771604766396,0.6333746561195036,0.9003763028153704,1
0.022603958160659077,0.36221547835234313,0.3612567311129482,2
0.2648209371448478,0.1636873313667292,0.8302533484855283,2
0.31371704652569343,0.37479616830784324,0.19797382330710267,1
0.9639740967300015,0.6624850929663836,0.054102992731763444,0
0.25159369407918075,0.5426222125327991,0.16792859403284444,2
0.9968825071980996,0.5304214171001039,0.8475468238877164,2
0.40071388625671345,0.7780591322432271,0.6337315809342917,1
0.8064231613833542,0.06364985875590501,0.39708282893469726,3
0.8906358349261829,0.7189898231214576,0.47229232050147063,2
0.8686993710980709,0.20259488446609475,0.7074064973194464,2
0.9567204894588951,0.23478865941754457,0.26983817437033675,3
0.25287103009772927,0.7682380846626291,0.8935767973206825,3
0.5248869187588027,0.7490947765773328,0.5935136026663784,3
0.11907657562577312,0.37056050446236233,0.7957142951800128,1
0.7072726991552234,0.9255118513351264,0.061750666524791,3
0.24186635924370858,0.5993177744912697,0.49597823053146073,2
0.0341377658974632,0.25348785548392516,0.2167452279791644,1
0.2618971415071638,0.02914226600647174,0.1285233771054115,3
0.16431977813303145,0.9121848925806684,0.749047419381685,2
0.7436679230635769,0.32350805881774813,0.13525987319956367,1
0.38741527558647726,0.9206151236221115,0.8272505150848406,3
0.3973184556465129,0.6154371743627409,0.24739672250911193,2
0.105099883718345,0.6682255275820905,0.25903647594595025,1
0.14411965418245676,0.44231738967461065,0.46835462990237076,0
0.5394718371751118,0.4235163442860278,0.7713932930959225,2
0.8738552027614995,0.948234429070574,0.5616590106799991,0
0.4182327757264933,0.2698319446229793,0.2657226395491753,1
0.11717527253330495,0.19582892392194196,0.8938146615109477,0
0.2764592041070668,0.05128405817218029,0.7071513948685741,2
0.7171186039624577,0.25561210149455127,0.07849157634094672,2
0.6322117951016781,0.7285865830133731,0.35307888607115434,3
0.0240446291485803,0.34514251636982785,0.7247220682441984,1
0.29152864134591727,0.1808859183571796,0.5223492125293724,3
0.46633708397909923,0.4680924341341808,0.4891000465572759,3
0.1885630067360361,0.733561343097367,0.8125302506937286,0
0.3149833374142885,0.5306974356363717,0.89876235893085,0
0.4053593200745548,0.9390900137669024,0.02341029160656638,0
0.3367108095873398,0.11287352944376727,0.24559564849444648,2
0.28371835614120444,0.11055159795642144,0.7607323613053847,1
0.5453553795571677,0.26154770181684817,0.6835797189919358,0
0.335544210729547,0.7868076452006768,0.42364934299418844,0
0.21010445155207536,0.661552750701063,0.11582334244129688,3
0.6049528542113549,0.644750324619762,0.47911399904653407,0
0.4296647308675945,0.12474698555756958,0.8854778652426111,0
0.6726756362970633,0.21530113528125705,0.546149962903572,0
0.43040877898548957,0.6336513139749378,0.3881644193675806,3
0.22931582376064952,0.3971605531689891,0.6136753932432942,3
0.16393773378691778,0.32698649507995137,0.7681290352894569,1
0.9647219634296063,0.19165355794627204,0.6490206495779818,1
0.16344140728899603,0.5267164022053533,0.19752739128704644,2
0.39817744226161833,0.9897668185446107,0.20540088330934114,2
0.7164797831408579,0.8079916971722002,0.9521372872532221,2
0.041265066670196915,0.9563782437370609,0.6197352903869409,3
0.0475382464962929,0.8722325840195818,0.7639665422231544,0
0.5126155627098392,0.26157017252905534,0.35322534748581313,2
0.36773103697369247,0.48073491258086776,0.29398277952292684,0
0.8845238144145247,0.708644059697126,0.4780423000470454,1
0.927846934205183,0.5290969719538806,0.35368850665019247,0
0.33049789461193346,0.1611937735973219,0.537584917752036,1
0.020257042463989294,0.2990721168643896,0.1794306016016679,0
0.6199921813738197,0.44598644249765773,0.08371292535976471,0
0.6503799338002383,0.33322103548785753,0.7376572144507986,1
0.02316249456207775,0.2614436451438912,0.8423650730997783,3
0.0663082609491864,0.47257319342127924,0.9538200507230202,0
0.46980311194387037,0.9077081242476474,0.5600358772115535,1
0.8454118130306807,0.010323428684766323,0.09503785750526861,1
0.09976546412399012,0.13548221980273867,0.18356691958718807,1
0.5831248204698722,0.022509351304090597,0.8304724859827338,0
0.6397032311449874,0.07217253019994452,0.35674301894912186,0
0.9751698310720314,0.5281362355022581,0.1361843201856885,2
0.7788781504132082,0.128241578344801,0.8220636257472652,0
0.9517951908550569,0.1348382961743133,0.9504642394068163,3
0.03451413200983955,0.26668203619428665,0.20731151853523022,1
0.5952103441977936,0.5041837140093764,0.6372230509354752,1
0.4412820295918629,0.8064517230546961,0.6912835021564682,1
0.14115349765737917,0.007673411471463387,0.5260837058569311,1
0.8940843873565603,0.17592832098098232,0.5575001430238183,0
0.5808213732894165,0.7998994281170252,0.5186942186998619,0
0.7725575690407834,0.40866249302724034,0.1342871815055029,2
0.8488544242050348,0.12403464173344869,0.2727943711268621,0
0.986923509799676,0.743943165121414,0.49413391058844613,1
0.3693193047447916,0.5404203397492588,0.4702014975781673,2
0.3938624888069059,0.5158636306890773,0.46714582748704514,3
0.4182876756239998,0.48579751689345585,0.5297904745987361,0
0.8824392723414466,0.9939537757575911,0.2780873819098958,3
0.9777680337339968,0.5437297566318284,0.23386969583493578,0
0.5186874824324976,0.6857904814426337,0.35908345112959383,1
0.960535820697317,0.8220190616094133,0.9907369916729191,3
0.4386907768136393,0.5962687786189584,0.5831491727393173,1
0.7092964484431388,0.2378857116264501,0.539015844419503,2
0.4312524791855754,0.3843302149904855,0.6639444788532127,3
0.6352062645009414,0.6498819055648418,0.18574344125676234,2
0.5849853310884944,0.6778227616857365,0.6050171281155593,2
0.7400992374430991,0.672135232753778,0.48996044306533093,2
0.16381083913346106,0.3245325697337065,0.6203483142486491,3
0.8749007655913562,0.647060183658789,0.515108706820986,0
0.15071447416136052,0.4296772858862622,0.7869420922973664,2
0.4582315529652332,0.5369621445878929,0.9081742474629209,2
0.6700502109374545,0.0901277267336903,0.8506670948689261,3
0.8441297644830409,0.825526974697988,0.2709955982205481,3
0.8136869522009572,0.18482726943175976,0.22411880017216101,2
0.8499283532581918,0.2790331848416133,0.9471850863546669,0
0.5484201926038941,0.7532396666528868,0.23034682208806567,3
0.8991520288374805,0.33864470055675955,0.2639880037347042,1
0.9144701016891331,0.3723834395294281,0.341496685036595,3
0.8018967524976534,0.02191457985403722,0.7932510812278211,2
0.5926474655688175,0.42982382729419866,0.10049837055524413,1
0.624262615183807,0.5166602644177398,0.733318793810093,2
0.23968281290496884,0.9801551492971925,0.34492714304976013,1
0.02747795939844133,0.5353932964942795,0.26515058059227625,3
0.8029039805641972,0.4694253921113366,0.15688666411435814,1
0.2243189382102151,0.621487589638526,0.3199171652923678,1
0.5687505939362302,0.5240723817743049,0.9546419294709185,1
0.6558419164767273,0.31233010974248265,0.635573101205677,2
0.8158030398092188,0.018544221126932214,0.8253099816628227,2
0.5982227588768269,0.10167480211655666,0.2193384676427388,2
0.9754609525842995,0.2948685370632813,0.05072623121805908,0
0.7545869826688831,0.7071951317553874,0.18412954171165685,0
0.08920576745630004,0.43069333263545473,0.05401075976960745,2
0.26675179483301026,0.7305471824925093,0.491027069631645,0
0.8341761110545812,0.8898406807980834,0.2894553681021682,3
0.05224656392650606,0.7159875320723561,0.012162435284804984,2
0.47628760458284025,0.6033965319967366,0.39296732159239667,1
0.38300935350418797,0.4258776295554516,0.8807621857638208,2
0.6655421128406365,0.9063316082889491,0.38318982446456484,3
0.23393668484049823,0.01220830346134727,0.1996178338635295,3
0.7954478749142304,0.04438056575319149,0.11510708225342958,3
0.23813200973655646,0.37643573097021876,0.31792928377944984,1
0.4943852598703248,0.43639979040801147,0.973458646712873,3
0.7172389435370976,0.2334597132924624,0.6522918576336814,0
0.8666604172150206,0.12510311824720943,0.8176583683725771,2
0.9157343783796974,0.30304208450575787,0.02550173356894858,3
0.8573855472912247,0.5136626372878844,0.2774517994208642,3
0.686299158993718,0.5610368377029268,0.20926287036025815,1
0.026974414557105364,0.7712405973484635,0.9137401136480137,3
0.7386256638306705,0.4944364366855195,0.634486187773235,2
0.26787104332510847,0.9667010473690695,0.16309994428094676,0
0.8173210056637309,0.4883508652557289,0.35821962918198536,3
0.6042562233139115,0.3346667569234434,0.3320235470990517,0
0.45901511866143896,0.9937421806982859,0.3337253706368388,3
0.0627220213954135,0.3531069494843875,0.6665505621483503,1
0.9034959887339331,0.5740104403106365,0.0733998140520129,3
0.5345508117620382,0.012555011305776076,0.6049282030622479,1
0.864582581173597,0.014141879198237173,0.9801093285131606,3
0.9017569327324727,0.699218608911219,0.11464583917871352,0
0.2555891445194358,0.673632976893306,0.15625813462078975,1
0.23107162855567465,0.7695026399883148,0.6150323050153679,2
0.6141868729233074,0.37156403395476545,0.15545454249659574,2
0.4407783802432933,0.8942966246122213,0.33128012486133596,3
0.9202647585121039,0.7811292165659666,0.9113377632741038,2
0.12769687051116363,0.5292874550922337,0.2597840903282884,2
0.5992521031193506,0.406908169796502,0.8273594225584113,3
0.321395710292537,0.5723523227301351,0.7909799615858021,1
0.7493419473649662,0.6327693490970869,0.6785650437617048,3
0.1810375647514254,0.615559286002685,0.8274504126580909,0
0.6566336966571447,0.6791789418928009,0.29466313729460514,0
0.03902945198010854,0.3806962825787856,0.793346934606051,0
0.37708047805995704,0.7857487066582785,0.2040847730965194,1
0.5995725367641473,0.2940916943938712,0.7904787171071712,2
0.4701378223169719,0.05071341323878509,0.4859242121051516,2
0.4158491103061023,0.46250312422912676,0.863369711852531,2
0.6451112766046208,0.8109448905338875,0.23651479946647913,0
0.2439769827991498,0.7033823519677946,0.7060086648317854,2
0.04830162441547914,0.7982972730874188,0.034698344778268386,1
0.1975417211825442,0.37358196489874385,0.23281755923751435,1
0.016877568584390157,0.7024061423801511,0.6432044750610794,0
0.5088377660352886,0.942189944723135,0.7897347390521815,0
0.2633378417261131,0.7066596497598349,0.9733589853450743,0
0.4488840297554788,0.0976473036934532,0.41734865799218124,0
0.9955434302066513,0.3431403872754223,0.9749218263612697,2
0.9690456308289449,0.6030451326609789,0.9834207198938656,0
0.39743225427685946,0.3926377940644842,0.886395045160277,3
0.12219926237767575,0.5702703882038603,0.8245437271619537,3
0.22645278039804562,0.3704906802303861,0.09178183956899666,2
0.04268456520606345,0.4115014502661092,0.5948793588730212,0
0.3026234026571123,0.05179662224413817,0.2636697082529642,2
0.594045859929751,0.2076011496251421,0.6370230255268798,1
0.325356727837943,0.26039266979593956,0.8463031128989592,1
0.5565769375645286,0.8134548414847453,0.5646694231425126,2
0.6816970525654767,0.621444421947291,0.32931278439232314,2
0.19116012792527382,0.041912376442844734,0.3054193871043147,1
0.8704280031869926,0.7992511885978358,0.2738962002610268,1
0.9296351329416853,0.6598671005624657,0.27326337212917384,2
0.9191772304476162,0.6255077798240233,0.7226350724654442,0
0.22606077652945544,0.8004046801246186,0.345190309106987,0
0.5077489676073843,0.7630021727161693,0.598740264885715,1
0.8229458856331998,0.036877735615376106,0.6354521486794605,0
0.853604852692739,0.6744826793987054,0.48363455884093476,2
0.713127326743944,0.4900286962029079,0.9124348261983528,1
0.27407932229287313,0.4516848559859976,0.06031701339680584,2
0.36283358732629767,0.960591401654608,0.7729571342647775,0
0.24147243084807635,0.4587813973287138,0.555757045855258,2
0.784555852840966,0.00019483682520438084,0.8243926304072404,3
0.2924206912886004,0.4682539263571205,0.47524458616269016,3
0.09197873282008373,0.024565828420225255,0.9061207828165684,1
0.5811936194982722,0.8112870852125599,0.8562923713073268,3
0.46602521491028026,0.7049959812296569,0.23079253380255726,3
0.464537703343167,0.9668907897411346,0.04814635955905533,3
0.4933363561626436,0.3832837790418868,0.08818925816947443,2
0.8501945005724331,0.16462887293688622,0.19415076572207846,2
0.5915267607662099,0.8073132465213925,0.7104853145008997,2
0.13438384322198083,0.035903346213211784,0.032215957291195196,3
0.9960858446642759,0.4704273448879658,0.14256656375046417,3
0.7156218660802269,0.28975951389779164,0.48010034507326993,1
0.1438276037834887,0.7205681178503014,0.7725658519200526,1
0.5278054577472266,0.8101523258887849,0.7573416822452214,0
0.6362673098871886,0.5379281342366035,0.6265560157815855,3
0.6584612754074318,0.727313577577241,0.9488988172740215,2
0.29727309921125644,0.5069121979841885,0.7037023137851656,3
0.5529712339233336,0.6831225958853269,0.36961364472781777,1
0.790959354749853,0.44661370299355574,0.3437316147595474,1
0.09457948662183924,0.5939446706625076,0.7593797807206939,0
0.8729075902946642,0.6362663113668329,0.7091124011911616,1
0.6787324118550071,0.9716879967017445,0.021837244182126292,2
0.45394487353734625,0.3172039156211689,0.232361184612902,3
0.5603422396204832,0.6110826798764516,0.23994427288354547,1
0.2018468652807931,0.3378277565915757,0.2140022134104681,3
0.4380535668335652,0.26181088697486343,0.667758153029232,0
0.5041278878593355,0.29891807620061706,0.7743794792236403,1
0.14920082594481776,0.8467966301806379,0.4251221514452401,3
0.8743041569958651,0.3686732570130177,0.32390033127026896,1
0.44116959954306145,0.8708756954807538,0.09158319643142221,3
0.07374601560716376,0.2269190141845533,0.24487477703800575,2
0.5838275202368468,0.5343658488612324,0.9592646343174877,3
0.7571642237048463,0.6115131356260803,0.7535471201365429,2
0.627086758052554,0.023027287939831886,0.37416744984861317,2
0.5219602725185999,0.9205493204328303,0.3383390485894453,1
0.46921318160836445,0.6892999638192817,0.5172612243628817,3
0.5529872812510818,0.13385538544848008,0.8257574259900977,2
0.8509851303160201,0.4650620106056429,0.6056098395780353,1
0.24941579295600713,0.4251521588290308,0.7307942507721731,3
0.07764940374157137,0.2556814082133976,0.3484950861154067,0
0.7841601581197225,0.2480888955073247,0.48710798124437305,1
0.9158910657889167,0.27201348272428505,0.45040497685705383,2
0.28691003236636103,0.7367748017742645,0.04386185126900377,1
0.196290322908519,0.8806600648521736,0.9681706363825737,1
0.9201568130563144,0.4756266080541569,0.893625058693464,0
0.7117711559394927,0.4074316478906532,0.7386209053582348,0
0.33438854235179205,0.9432482697296177,0.1294816545105668,0
0.10895453255813159,0.8480790410734141,0.38822538165516995,3
0.5170724173571325,0.5448057920745296,0.7877181765992958,2
0.23413186386526708,0.016852334320250684,0.8598767622226279,3
0.12873474744647972,0.5966922924662379,0.9943356106196479,0
0.9579524565303279,0.6038919758918814,0.21159515167514997,3
0.8123955061766832,0.9986631732743844,0.6010796943876525,0
0.5952457119368708,0.7278846379090776,0.91988134588657,1
0.8456071600861863,0.3644788046599454,0.5381917813574555,0
0.2948942883894333,0.028896293192201883,0.6047504581921355,0
0.5284155540249641,0.4363031065923477,0.5079238527746417,2
0.37697730478851454,0.5819668425444012,0.04693095963384242,0
0.4502193034329204,0.5841941157718473,0.5145631547916651,1
0.2809553457455989,0.6225912334355366,0.7687115312773224,3
0.354164214109577,0.17958584111418185,0.5520611600520513,2
0.7074637608527601,0.4442435741006807,0.46140165680375156,0
0.47379059911769783,0.8506744518523232,0.8865579173283276,0
0.40702494894516805,0.2629299085470357,0.9628997050127408,3
0.10523660495425191,0.23973095397657374,0.5373521952642438,2
0.01242605204204994,0.6940803117956358,0.48859062874289994,1
0.7026140490195545,0.06174912468875304,0.9370882162720712,0
0.6481966081718368,0.04947797403653664,0.6329020673760054,0
0.6111062625076935,0.012106721678436405,0.8408980961861113,0
0.46906435530904067,0.9333685270597208,0.6195439287304232,3
0.9144262009201249,0.7093797130250585,0.13981929411295213,1
0.31370760932757324,0.8572161653967048,0.15524948293628593,2
0.9942505369694069,0.6185271976626043,0.3293694249710305,3
0.5847083081680071,0.7812577267492317,0.6472203938287516,3
0.38842958868742694,0.6356700623919229,0.5054478989125617,3
0.5753915692857241,0.12343750384058849,0.9347887755052244,2
0.7597944451649022,0.6770896336342606,0.6523415991764014,0
0.7836724818915015,0.7239246109544047,0.06031331264311168,2
0.2616166334023834,0.049400691767540916,0.24291865966318482,3
0.5473789612322169,0.4584232891481772,0.33350234362885045,0
0.0909530171359898,0.26886856348872656,0.7865752436025735,0
0.6452086246103269,0.5339378403329047,0.04132978225151407,0
0.26065863197643646,0.77704609738276,0.8902797860264048,1
0.6382117367516156,0.08872795538605804,0.715764756081793,3
0.6106766241310101,0.023505497833311018,0.3248540551966156,2
0.4920169584363685,0.005966836051534252,0.07173423404927481,2
0.7372035012642637,0.3054010300469766,0.6029178286195834,1
0.6493656388760467,0.40378938097663686,0.170052561117783,2
0.7721067754359064,0.7333080327837032,0.8769326307635311,1
0.49391207749347443,0.49115600013899174,0.5886871142205593,2
0.0741031497396738,0.8242911025025236,0.227578428095623,2
0.47924595379417134,0.1695330035211362,0.102860656658046,2
0.9779904341204093,0.25629434586691857,0.7534852928396475,2
0.13982029582585176,0.9727590190071469,0.06472333282704967,3
0.4708619054724472,0.8212418602836536,0.7962325899674383,1
0.9678447190784745,0.6455553565765444,0.6215515386471754,1
0.9548850721107692,0.37568851199771824,0.0266468500330449,3
0.5587879726422559,0.166206528501479,0.1654352941009669,2
0.5039989913156234,0.038532066466184234,0.14480971762726869,0
0.9743768471524794,0.003231025387001929,0.26979331343211077,3
0.013565188904978265,0.4289340526856238,0.24083213038132556,2
0.0533331831153242,0.9607295834077076,0.4430380618723021,0
0.5426346515054142,0.042562633741669575,0.44206177907162536,2
0.7680431074294097,0.8264114196118808,0.7759816079163553,3
0.6603684798907732,0.8079454263611305,0.9311610340111147,1
0.5649539009401242,0.9058690128277909,0.26648302431364124,1
0.8392103486045371,0.9119164394708797,0.16284107288702554,0
0.6334524266855978,0.7960052166099867,0.6241480038995763,0
0.4863874432695374,0.5880696672920609,0.7392969509263079,3
0.4026148075771038,0.5718458219064873,0.30580900772965125,0
0.7946907435417009,0.9628190353030711,0.21449918186505268,0
0.2657527633886543,0.7855039735533063,0.8714710284265782,0
0.2725400881101592,0.5612856090742314,0.23309047944782402,1
0.00897320621433384,0.11501737319048944,0.2943317485983642,1
0.14956307187626483,0.2966020019185285,0.1778730205188549,1
0.9225820751990408,0.851052605589597,0.2780601581763723,1
0.04143152406665429,0.05684937479806562,0.13035938415279902,0
0.46075325470262285,0.796270807481116,0.8125531698372648,0
0.5253698091972456,0.8137869444210722,0.15185971814924226,1
0.7964940592789895,0.8591282687715318,0.32103118936031827,0
0.8078175141124316,0.6246575660029245,0.8687070489853144,2
0.39055331184506803,0.29690250593616196,0.4511459681416714,3
0.03601156939912731,0.8043665985595762,0.11165862948911864,0
0.8193940323009179,0.417665482350996,0.9373243183487981,1
0.7954952728686999,0.8618923615790474,0.5056535556056441,1
0.30213467567781993,0.6434681859746033,0.3486264660260282,3
0.5047696664849356,0.7226801557516396,0.7369928518004101,3
0.32599030478697844,0.9821377443782973,0.5636005118667707,3
0.6958332170161389,0.6151569745244079,0.1715736760949541,3
0.5429253991902316,0.6986972147715533,0.8568959678075408,1
0.6222721255674226,0.4734565523880364,0.21468857627085347,1
0.38937023570951523,0.1105313142633424,0.767719982205519,0
0.5052119292547204,0.5334013654833699,0.8507284594848484,1
0.6081413893827669,0.6311279608439829,0.8688025999198704,3
0.49778449291735427,0.624064358102559,0.021526402012333246,1
0.2052088514857101,0.06149844240544622,0.9376608209115048,0
0.8044140197108183,0.7675715882655111,0.48152697879280304,2
0.6917270035841637,0.982384723669226,0.7924283800279506,2
0.9155102435024776,0.11562145216095054,0.8896936610475191,1
0.20304340983124014,0.12260626018570453,0.4856369442027326,2
0.3128531110825742,0.5291451743912283,0.0541351942811259,2
0.09706650353224588,0.7251882252281583,0.46803440616586134,3
0.8351605533801355,0.18974022694129156,0.5824423476667085,3
0.1758330042901961,0.3770660301682186,0.8465910882291395,2
0.3886717615659002,0.2749578174925553,0.687288257237746,0
0.3616999943263438,0.11229496629747826,0.4456279061398877,1
0.32569115420594164,0.7429432638203023,0.7946984498291573,1
0.5551294442090068,0.8829985155870852,0.2381546736580088,1
0.8899750719010489,0.9718442703666909,0.7121615645999491,0
0.2323025372662041,0.526528580836714,0.0657946017986778,2
0.5087837016594857,0.13665833553520612,0.6811961992916011,0
0.5862336803825843,0.9662989555412296,0.9726144046968374,2
0.5310130312203457,0.9800191667054621,0.4379868870746648,2
0.8130732869877288,0.20129596591744292,0.37792246764612736,0
0.3345947422228902,0.21160912908776985,0.11712595571447004,0
0.9435145428791969,0.5806125110519168,0.6583638977454598,3
0.7653853772246274,0.16947757082864023,0.0036662928498196745,2
0.7228516016366946,0.009589087273907615,0.9843419424426562,0
0.04161170012790805,0.9804502322046149,0.32286714452887033,0
0.21409677906212443,0.6779678616843762,0.7730105658397631,2
0.11974353829158269,0.7434482906270434,0.30444113801787753,2
0.9527475263714426,0.4846098796810392,0.8747154851161167,1
0.9863434021247863,0.7222763347271094,0.18446680021577078,2
0.8370828333130178,0.515567393302936,0.8727236100383579,0
0.2557645069466531,0.8634481193507534,0.7838270568412035,1
0.8473733144131412,0.8210869469547543,0.4702454175487719,1
0.5414790538497788,0.46968748015768125,0.5674198777073585,2
0.8061573964816063,0.4538160815595881,0.5801116275474897,2
0.35520072966594773,0.8976467226361288,0.052335868240887984,2
0.6234922871704865,0.877587929212929,0.8764490806784605,1
0.7641239719527673,0.672115277625655,0.585054670899252,0
0.4594935111168056,0.527405995189687,0.5362662372361228,2
0.3586381444368705,0.08227612773372606,0.8801411061081805,1
0.1602127711571537,0.025925637751017416,0.3872662169846812,3
0.9476418071088247,0.8692207626616042,0.7596979278095262,0
0.8457018851354204,0.07722158397071777,0.9420728840532338,3
0.8766434049454045,0.18481300782760224,0.7476739971592582,2
0.1095159388482505,0.731487967530956,0.5479645154139755,3
0.300483240162871,0.5530114983101836,0.8371546446322736,2
0.04392085404524215,0.758286645959635,0.4565872319984954,1
0.5079988567387272,0.3897434411764392,0.8254237887438474,1
0.839454900480083,0.5020743316520545,0.4734215334398074,3
0.4182143128147532,0.6316906952956359,0.5843408970447704,1
0.2532156906297224,0.1395282871756396,0.2969553832905608,3
0.10216146274322568,0.8251196684138046,0.07150819378041551,3
0.9906301564760853,0.4987280912103771,0.9476734282863313,2
0.6004196313122864,0.7339014859367701,0.18016994545447518,1
0.17703463973459588,0.4912886063771569,0.275670503948498,1
0.7719509453268404,0.6335777787440459,0.639224262050287,2
0.9210258993224552,0.3899503900975908,0.759228874246813,0
0.12904445249855,0.10512902376887323,0.022472910980129823,0
0.3384676674662649,0.06107051710640654,0.19061406976783546,3
0.2596273926856145,0.9366279141401543,0.060385229436290544,1
0.5889075987930619,0.8255934596755777,0.691828735397977,1
0.3950261383404565,0.6589343360721761,0.19858956399696193,0
0.9316580547533034,0.8579291489110471,0.56059339458546,1
0.35675089258283466,0.9397211477705468,0.023765892943912403,0
0.5287659615489265,0.9868014422356387,0.509437143231323,0
0.39630629311190047,0.12657427654635223,0.907727983926894,3
0.49648086958296556,0.060650025586789,0.9604896152945003,0
0.17485442585497335,0.9223442817540083,0.1249787568931654,0
0.30508460442392504,0.5351877366687233,0.6353178864490381,3
0.1595295658360748,0.4293338564642589,0.6100708611931884,1
0.9371079413460104,0.9284075594961901,0.5301752059025839,3
0.7204930977934713,0.10416441327331416,0.5242498189946069,3
0.5275027878926715,0.4245218142271694,0.44952953114181915,0
0.7726195884368,0.5741686924220746,0.9046806952333406,0
0.7676297897873967,0.1342712516905471,0.20206873624039423,1
0.3938909180777158,0.25034558731045853,0.23386327387013928,0
0.6929623436581099,0.3970819699570932,0.12455857665420034,3
0.42850976212946734,0.07519453786347874,0.856963741490094,1
0.5758602030051493,0.08113092218326134,0.20319908017726007,2
0.6355855876004299,0.6957179493384561,0.36666287130929176,2
0.5714718603417891,0.8133688812538895,0.16193226800106186,2
0.024047423239075938,0.8887020722114481,0.0471495536747637,1
0.6222026046106569,0.7706584577950378,0.4283104849635263,1
0.47336178251510763,0.04397666324134819,0.702986690379825,2
0.7160656588658366,0.07370571822109806,0.5565159950022563,0
0.9324289278686411,0.9060728732012095,0.05709649094444713,1
0.5792475718970856,0.9210962832089552,0.23412887525861736,1
0.41882681954290213,0.15027751002992507,0.6946867963139749,2
0.5673887401336561,0.6741412815691264,0.5876190600995022,2
0.8087900970677476,0.03582658082009782,0.26984842291557853,0
0.45830680890279074,0.499925189500239,0.7317154774678687,2
0.4532725032301066,0.9687527522677452,0.19346703019945977,3
0.9884404551308433,0.0669919405890812,0.7842671296175554,0
0.8086420927140348,0.4796939778394377,0.025203793074706216,3
0.5294601853464342,0.38502754493700886,0.29462355757871606,0
0.3582813885519762,0.4213800562954948,0.777502159475647,3
0.645720643862405,0.5118485762599384,0.6305926921451545,3
0.4598490541238629,0.4424249618301035,0.24192449968313157,1
0.674575617863622,0.44344163951547355,0.376651564627281,1
0.4834908358654272,0.20723504246885316,0.6926434889369608,3
0.44809762668758735,0.25310197373410015,0.16986112888721216,1
0.516634599724604,0.36390064679748335,0.3440934603198932,2
0.821592692069345,0.8392426911025274,0.6995320456996044,0
0.2892686506899588,0.811868100965657,0.5284060641581342,1
0.6193529713268477,0.7137769904662902,0.04701733803505048,1
0.9233254770672125,0.13276036004076197,0.9648865557845346,2
0.12147548294146104,0.9451774312683053,0.7167452771601771,0
0.20023602485721437,0.5888524313371767,0.062183228977557015,3
0.5757006559562984,0.9548589574579261,0.04006167473442357,2
0.29935137658656474,0.9073641775749688,0.684435128198747,1
0.4338469624569784,0.6513646484057304,0.4754737312381798,3
0.9783685574556433,0.45571815287820505,0.26980225913110445,0
0.26938851953460796,0.8138896782399268,0.10939319565135919,1
0.5924082732828284,0.9965184706915153,0.8667093166136296,0
0.9745738413913916,0.6829974295905308,0.4946310350934633,3
0.686876896266347,0.3963163804639569,0.8951336062580031,3
0.02180381986655633,0.22923553168449173,0.681101250256453,3
0.06119529419484693,0.005318760362792663,0.4143197057928474,0
0.08493430659402368,0.5084727602823746,0.9963795475500747,3
0.14386399390401516,0.3132417587555061,0.3893126552668411,2
0.8066117478911261,0.5812612338077918,0.8563394726084246,3
0.9277254367241885,0.8888603668146058,0.3170840266193877,0
0.773263284318328,0.5221683489565272,0.24301644144683732,1
0.7266835009253072,0.5148118880318818,0.08167978398044995,1
0.5776795471676622,0.047699123563380685,0.2534745580266228,1
0.8582347354501432,0.3905073240549064,0.9915662237639729,0
0.5116160919554874,0.786208714804532,0.7453231784797062,0
0.6561284888877003,0.2354812449494441,0.6375687571958568,2
0.06046584542358069,0.13659012645435842,0.3343196572429983,0
0.7100368300215466,0.010256088382732953,0.9733740071604033,0
0.7383866439819247,0.15021558219103204,0.3766066187630249,0
0.8804155119127342,0.7145747443652082,0.4476364952600722,1
0.18243026478358393,0.7683311881275793,0.5347761481727339,0
0.9156278675972342,0.21751163006704777,0.537597019112354,2
0.5878281234017,0.8666893966017879,0.7522998987686849,1
0.9866160277269935,0.8293337386000997,0.7126956302750116,0
0.3271154545707887,0.5454808479652896,0.01646932765917619,0
0.6456909133023334,0.8972302846436994,0.1501002892616361,3
0.9144726661428526,0.2684007606381976,0.09635093055762889,3
0.37140121256396064,0.9930504047264516,0.5649247288377675,1
0.45600171386285715,0.8888374038455393,0.1490291578479629,2
0.21906227389926392,0.08367753713448134,0.12898760598038217,0
0.5818147137088544,0.3111631163253813,0.3940047738314324,2
0.4703245786569108,0.6272853739343366,0.32286536737468274,2
0.36508186417831257,0.4865816624171134,0.42858659247754616,0
0.9291059231058372,0.40151429273224426,0.7321390054122517,1
0.09473988368822872,0.5576998816461199,0.4007183336043285,0
0.8011682842957807,0.44931555297518033,0.8015917606953548,3
0.7747254886129016,0.7885890551073674,0.32661088999653953,3
0.6000610354547261,0.3071100186931365,0.8949700489603546,2
0.1848935004811365,0.44020712426460096,0.23184240988710092,0
0.07016142703562822,0.7032224812017096,0.30908944452237286,0
0.1197123488271169,0.250311301884799,0.6792357669036236,0
0.5720014273021838,0.20928347212169918,0.8446326676949544,2
0.9729452373737199,0.014616961803488815,0.5044464352704628,3
0.23341607080081128,0.027615458509389734,0.5211212623026436,0
0.7613975964157408,0.12096649169965978,0.8663863565697858,3
0.6397862351070377,0.18106358931915956,0.09565837139908773,0
0.3766196602414854,0.8074547215701152,0.3862544522386906,3
0.5728954152555759,0.2574591389138212,0.1618960751375612,0
0.7480858184459628,0.5157504690247373,0.10258647859022174,1
0.9493939206947425,0.9705416792058399,0.4340035558629496,0
0.43325671936835974,0.957161160817817,0.12270380605306441,0
0.005324126364464998,0.17840132370105977,0.4855081344084956,3
0.4851384765336898,0.8277375774888655,0.6517464204143094,3
0.6170972682415872,0.3571283262393916,0.8479724169437407,3
0.6246896545562874,0.6646181110930242,0.4253298137140974,0
0.5970530943196299,0.6529188880772593,0.504117456417964,3
0.057779720591977,0.5662032723116022,0.45090238314221853,0
0.671159286304122,0.3594884205822435,0.5410860318146077,1
0.3370461848243902,0.1314452409085668,0.7847399903299802,3
0.7050350712510095,0.6953456707311391,0.3327549978946879,1
0.7466868206045595,0.8452652511535712,0.4995408608837463,2
0.15524731529541047,0.3466289247534975,0.48295884533871036,1
0.5661772051592433,0.5189096182799118,0.9393670099473743,1
0.7269230802201285,0.2429469131003421,0.867030322784591,0
0.1423339739863575,0.5766476242189149,0.8129478491601536,2
0.8716294880140015,0.7935537686324758,0.8285123283400136,0
0.7386820815786764,0.40282286096684805,0.5329113272259492,2
0.3699076566343985,0.7450910383208499,0.8658615065001194,3
0.2906644988325604,0.565520075491543,0.9565423145563461,3
0.02051769485408128,0.2875942925960656,0.5404115096154999,1
0.03924434567246371,0.587213424558917,0.7822626535933332,2
0.41763500106189266,0.5234719655268043,0.8281655151860152,2
0.7773023423311819,0.8178273050448367,0.3459560537729972,2
0.7569183509823129,0.15069878521492552,0.7414394046701255,0
0.6244334728413361,0.9796210947206521,0.8706483089046225,1
0.4127043677163149,0.1631206382866046,0.041151111221822356,1
0.048667466174188045,0.44185579624264915,0.031159133198517486,1
0.43845574624742023,0.1163634203706676,0.9273844020094074,2
0.9690684326865772,0.555286589905054,0.01654388885483049,1
0.8132275208865669,0.6238081832100907,0.70088027670197,2
0.46024325027764434,0.11315286780342448,0.301699605025171,2
0.8890490180629153,0.03884541595240598,0.8588854273906604,3
0.03132876484022451,0.43652214316875537,0.7826801564166582,3
0.32162820010151616,0.966397757358248,0.19206974524487197,3
0.8819894809426643,0.3938486218539391,0.3451219897246607,2
0.4271252629991745,0.6812030264095709,0.8676732162914217,0
0.5390592726138027,0.4412581828415998,0.3515679868487561,0
0.637019063299547,0.9010379286953372,0.1340848441291118,3
0.19236202082641718,0.9069982560268212,0.2805462970909165,3
0.019315214137517134,0.5668489636254929,0.8839411775141817,3
0.6502306215840211,0.5840701813524536,0.449413817388821,2
0.2905937212568894,0.9661566205370181,0.9852094449790256,3
0.6725667622501051,0.7234265338544438,0.34612618681877894,1
0.4134455578868883,0.5518313875527373,0.008444958490767651,1
0.3100719389962071,0.2849747334880933,0.698781169233477,2
0.36908204289116353,0.6171367307208462,0.37213336547014486,3
0.5960649677533794,0.6538156952859205,0.13472899647460812,1
0.2564106779275904,0.9127365108419071,0.6007920303486061,1
0.883568441780636,0.005600672853818156,0.14514689320517105,1
0.4727722529264655,0.6662417291691972,0.11690800085193731,0
0.7769723213003876,0.8349317251799208,0.9201174761292811,3
0.9638799130205388,0.013615936588358468,0.13174124596932069,3
0.9383245931216253,0.009348923719195712,0.6363153720751646,2
0.7529563851555314,0.06918213717340227,0.7651543821968431,3
0.2335276891610486,0.7631336345117566,0.618094851961694,0
0.7997775388016009,0.6652133065163058,0.8896001398235743,1
0.565397748591374,0.45207573256098643,0.4882018516867096,0
0.4414825658878675,0.2620904934727778,0.3074495794477228,0
0.04532859760883923,0.4128007866781267,0.219843955204305,1
0.8600319072111992,0.9228715184926911,0.28913236171266476,3
0.3959262130929061,0.3593814182931563,0.25145992682562346,0
0.5607413262716316,0.21593125728798102,0.02621117128692685,1
0.002367129771184473,0.45328307392912903,0.8789109800154299,1
0.8249237028722902,0.16830613941300432,0.3785135928683291,0
0.8133058682820375,0.6994039980715124,0.7145367832906586,1
0.5634096584772647,0.7027955376952393,0.17870214482705515,1
0.6868094684239732,0.6058661512649893,0.047198224052627635,0
0.07979729858472628,0.3858344044630576,0.7706075959881883,0
0.2345665815456971,0.23905434778891355,0.40425675820990603,0
0.3531589061586652,0.5946696279842659,0.1481563774154977,0
0.42759625155905634,0.7366776957331294,0.8697690919527911,2
0.9607668130326451,0.9078820415010961,0.30187172370076676,3
0.23235935889878734,0.7710308542763504,0.4961240952108962,1
0.11748840475584088,0.6059206795970318,0.015146892885906649,1
0.8483824755749101,0.5586825218516612,0.7881880123847254,3
0.8346098437947103,0.4531609165312511,0.04951193661003206,1
0.34271334983515733,0.6988181998926555,0.7181228512301214,2
0.116616374905122,0.4702283604995148,0.25304096388463626,3
0.6499733082753711,0.8336604521426892,0.702107063999763,2
0.5110975915403804,0.9849610522297404,0.24148797165596303,2
0.31981520549470344,0.11945579862031097,0.05960666473796872,2
0.6557161258929168,0.4979021837406762,0.3597143046440755,2
0.4229564595857275,0.9251769853314745,0.8326158564024041,3
0.8905563379927286,0.2339518335619113,0.38132311200332836,2
0.8250535446344711,0.506868676741634,0.2727658145515496,2
0.5793523142305492,0.5989938964213605,0.034183428535260685,0
0.837879065591179,0.21673355339194844,0.2768974875276211,0
0.24073341176025798,0.2818431518359038,0.3635565801547741,3
0.8324732041071217,0.28338287883690794,0.6378052031516505,2
0.38499021108833076,0.5606819866145519,0.3328758546333622,3
0.2972480488194207,0.4931871137856362,0.10052303292596687,3
0.674277138013868,0.664608719729129,0.6577427778743126,3
0.012263374974648467,0.8340897086954753,0.011394418502693848,3
0.17206958673018857,0.799490245444131,0.9646296998022579,2
0.9966702243852522,0.2505159398910387,0.3776846473205183,2
0.9403325668513814,0.5659854721094926,0.13028444730246158,2
0.06124495307199296,0.9467171453497772,0.5260616405962265,3
0.09355833191019891,0.6781290135508802,0.020359652938828354,1
0.7002167067480771,0.8954167001585158,0.6787043748985876,0
0.8936988247994194,0.6367497524375952,0.44749548167190334,3
0.7990984837897264,0.4135433809804332,0.9932891778347428,2
0.6316054639818195,0.572641805885025,0.5271470719518967,1
0.5443801043576524,0.03072889280234037,0.8182931595056152,2
0.2936138783138591,0.49684559839193065,0.04527973157713472,1
0.9685641881829608,0.07130586481697543,0.5181025975168011,3
0.1069138622451209,0.012080764554930346,0.3195257344258271,0
0.9760279972143664,0.24788475451734726,0.24856445440063069,2
0.9059089543303688,0.5526519639724462,0.46722481937031013,3
0.6526834651755105,0.8998179040378427,0.3353922270174128,1
0.9439818990718866,0.4902735574754664,0.4107153045639561,1
0.0798155717718545,0.4242521294424587,0.4530004790536658,1
0.891154659412913,0.013656177989361251,0.8224287847238533,0
0.575742693566688,0.8405485272715304,0.44975051196512283,2
0.909356180427738,0.8505624184538346,0.5629949261193546,2
0.04829218047820938,0.8434995478131765,0.413979753398788,3
0.059763059829655796,0.012569889404971946,0.03256081270694311,2
0.6931333741514855,0.6089926212796991,0.2079053915988034,2
0.1796645710747572,0.6216208750329769,0.09050581054721707,3
0.304834004787093,0.8816201962893262,0.15863652654889893,1
0.4777358100555331,0.2854122333549757,0.4441090394874684,3
0.825686991666342,0.8543209827062992,0.5535166964863126,0
0.4421696304645527,0.9081449487617456,0.07436348447465235,1
0.5906458704239456,0.05310018808678185,0.7658862923550623,1
0.8405908192359045,0.1938861325202932,0.25989811575120203,0
0.7159248404514907,0.03536624390170584,0.7263090704668956,0
0.8375390915129209,0.9387965387201909,0.0870944546774075,2
0.45125989452808357,0.47339235136494184,0.4124862130752317,1
0.5536838956543101,0.5264422902721538,0.12603233722429297,1
0.1011843702992038,0.8625332814318027,0.7664989631089393,0
0.24671698967099076,0.7668187865939867,0.14185535830436125,1
0.7272479998113492,0.16129597592387268,0.14573218387386733,0
0.7917411821570611,0.6952625142247354,0.2775991829424108,2
0.6870834533510461,0.5812476242500324,0.4677479246177577,3
0.8300571909784826,0.5733473915042866,0.5776132441827749,0
0.455315890436068,0.28535690871455255,0.49326925424981527,1
0.016593516055203206,0.21094521860537552,0.9557422572125288,1
0.25493695121864013,0.9963064578625254,0.6902613604414782,0
0.5941798212598889,0.7647404095594716,0.9821121958945677,2
0.020998072752792862,0.7187097399878873,0.5644791569966942,2
0.3713321353875775,0.0351401974842902,0.30329726007160607,0
0.7659245488436301,0.8259316622418398,0.27482980380632205,1
0.5701300352135322,0.5093036532595325,0.1109145214257592,0
0.8294638778301731,0.7034604149314726,0.5205332957137324,2
0.7671113803195388,0.5536664341773697,0.9519494877952728,2
0.6333558938919526,0.5841941143804046,0.5219256727341621,1
0.5148221282868533,0.08257704275478628,0.39341427226003567,1
0.8654096551610443,0.002309020771559256,0.608280192613646,3
0.12163610168329642,0.919422579818584,0.5624487623424907,3
0.5657079347417343,0.5256286952323532,0.11038478223030712,0
0.350117405425864,0.8526357681727463,0.25062590151434017,2
0.8186886414131529,0.6815297354605224,0.7404968775630378,2
0.46923994714712547,0.6589024651090476,0.9980149860854931,1
0.9679958517370818,0.297023400826507,0.7750758192351789,0
0.4377313790731282,0.7061674295711432,0.03292666491237706,0
0.017179010860710386,0.11938634903671907,0.3524838015048519,0
0.6300836417169997,0.8311952935413297,0.06175013153438291,2
0.465584491956493,0.03149905196797076,0.6625643870162636,3
0.9536908340362632,0.4684978938343629,0.4395530694451343,3
0.11336435305304637,0.187466223185765,0.5296310878608612,1
0.8128534131419254,0.15912737723201165,0.8737844824656682,0
0.02103342573777023,0.9240461993733287,0.9343896854970087,0
0.5099948279630648,0.8608745644628326,0.22940941570568363,2
0.7580393134597172,0.3074911423445733,0.09486139824893536,1
0.338432351538169,0.1420230598853387,0.4312811493893359,1
0.5503065016035197,0.8105317564905458,0.23287616919397203,1
0.8403771935726815,0.4749022099852106,0.48677926588421994,3
0.5204396103829705,0.25056816302730733,0.5239854692175255,0
0.8842546310226155,0.008689578443034085,0.25169348964705973,1
0.7791373917338811,0.7443641926774163,0.3408931517672057,1
0.6300216183739301,0.7529825364523821,0.376684219241171,3
0.4040958733633808,0.3724396055677095,0.20517125139022208,0
0.8981836246695182,0.5027136132943291,0.5466516002759932,2
0.8376958991727145,0.35144328831036176,0.6390503417558521,2
0.9377126955560504,0.5305742547571144,0.33793230536513885,0
0.48156595739349717,0.5864238497877703,0.8344916358159846,0
0.621390244120066,0.20348401539717476,0.7738047266518948,3
0.2731545507917008,0.5903940854942838,0.6732514893606151,2
0.11059874928334967,0.8282847489428857,0.8721237128048424,0
0.9443679393411503,0.340120386704158,0.3120044796698671,3
0.48303434164697057,0.015252572409472642,0.3931058160905839,0
0.9137378368149464,0.8785083517659936,0.966487786035798,2
0.9256529699470747,0.25347170248965323,0.255740071346083,3
0.669350721292878,0.985334700435846,0.47067909787358675,2
0.2741616095459345,0.7618922890213469,0.7623999617181275,3
0.17370263547382758,0.5579931959930851,0.07842119474869791,2
0.2649981709023189,0.43863432654581347,0.6823201364010012,0
0.24611916029967396,0.7375229294471749,0.29855603251009943,1
0.26172247458535103,0.7105472047381556,0.4196099910631226,3
0.7940558328336155,0.3305106434590921,0.3611453145682578,1
0.20473687325286116,0.6072555852832254,0.6993839973914514,2
0.6087780362297991,0.33097193046271145,0.4001021119227903,1
0.45047853378978286,0.3002473052360769,0.2533660398073019,0
0.03613262138616313,0.6558257387287614,0.3786544221261845,2
0.7079250319199689,0.7329412240755356,0.9771400518491448,1
0.7484134292816047,0.9012516272468318,0.19996911823528418,1
0.5671594563108842,0.736985763806378,0.49470558884873606,2
0.5816435766017012,0.31058835024556275,0.5911900088360089,1
0.8861061999445454,0.09217845186068885,0.7148895959427947,0
0.073025507868137,0.9387028164221719,0.36012663413697155,3
0.23506795513805112,0.8526716459120994,0.553094828554684,3
0.41408764330562764,0.998215174852219,0.2305213637019895,1
0.07987140743937371,0.34528701105228776,0.6193222659828849,1
0.7322763955857393,0.10679567452565608,0.19709268365725208,3
0.7860201868304643,0.7847076702795277,0.48167174065416696,2
0.6147868806899688,0.3218356412778216,0.4761040390921376,3
0.6130839425424455,0.8088673425674601,0.6680960609785285,3
0.8529309509878301,0.20358109836109572,0.9669040125240618,3
0.8995308510241218,0.14363506047926178,0.7179966027916198,2
0.8942902493269218,0.5910918354967019,0.9248270555200714,0
0.9114881109618259,0.31237128824109095,0.8584656776388445,3
0.026839385169079577,0.12109062535721948,0.5671316817390637,3
0.028887156381036894,0.24527277633634892,0.9465570195108542,1
0.3530592240477596,0.6758059505687878,0.12204933497989945,2
0.9652107359048187,0.986448307643073,0.5862415826819481,1
0.7101221340741064,0.05781619533393567,0.298797833191382,1
0.24852868527549643,0.9942878222399252,0.9426058337345307,2
0.2392131204869048,0.47267155845006903,0.4053888518620846,2
0.19706738616849195,0.40165786338232157,0.8451111831399475,0
0.018934095495673597,0.46621159834370407,0.37227734629437337,0
0.080878255555346,0.9944282224145158,0.3642552629108686,1
0.4355129311812408,0.5695321060719543,0.25365284053886794,0
0.6961472236347284,0.6456407854785169,0.9199084032698743,2
0.5955005153193809,0.051472292979586665,0.6334092509231584,2
0.1753354605276376,0.8911893535783382,0.2531806716296301,0
0.6088959479914638,0.6794961611219822,0.7124094090234786,2
0.836964371624143,0.24771981129964338,0.6149597900338285,1
0.6907166968405285,0.6856142763556314,0.3508010983692884,3
0.7564150476892171,0.5798449205976668,0.20656477396305695,0
0.9613558415798432,0.49594884030154374,0.47761643792450137,3
0.2438133375156798,0.2818603399296101,0.87652660566479,1
0.10065089086267431,0.23111670121051653,0.8844365360870291,0
0.8929048254253802,0.07536521696350618,0.26797055505593725,3
0.6883764909134452,0.5063321626060447,0.9483043028856096,0
0.27844384638300856,0.47918863715551896,0.7486069923842691,2
0.2181164512807049,0.413307696018853,0.9879699537656389,1
0.739656969279571,0.8844058547957986,0.9215899104169964,2
0.7495808224417714,0.9398363491666707,0.11232490203156464,0
0.8230010393423759,0.9510861427063864,0.9030415819807311,1
0.22130343378077988,0.2455357244153793,0.23762830243280741,0
0.2740309258259239,0.16462594978861167,0.5373174610391181,1
0.0008755124202476372,0.49607386257435315,0.3705987329594802,0
0.4823033714417505,0.9240517425648788,0.0441372816202541,1
0.7989462705033439,0.9095608473165867,0.07654262691146596,0
0.3854495286365919,0.991839429069035,0.5414900262570723,0
0.6312257996549568,0.09376777487700538,0.41133814134836333,1
0.8706574755733348,0.7077079341771366,0.20257117260354074,1
0.5393951956990937,0.09965952846984139,0.25186438179550497,2
0.03495533617428326,0.8496471784242778,0.30520543103931186,0
0.0820087812579271,0.9654303661179516,0.07399871809427117,3
0.8518571704016489,0.21510158917900946,0.45652758736947097,1
0.6747647889049375,0.8556302634858981,0.14304648224889416,3
0.02497767844204768,0.704085811694538,0.16105794237351612,2
0.38059383236035726,0.27382985866303855,0.2040744872845751,0
0.36758105079093195,0.8223905292817241,0.395608229185646,1
0.44621159114933673,0.5497543285297001,0.29354280793551946,0
0.6284504408096895,0.3098258220490091,0.13870657761101568,1
0.7632496430698293,0.20100259258676945,0.18155937651813803,1
0.9112807053664858,0.3716757671198875,0.14111558388740775,3
0.6875968110454378,0.9159426324443689,0.8012859266151134,3
0.6215613068422653,0.1759364021069575,0.6467752703210051,0
0.6831014300652959,0.5252383432536752,0.7852879487146788,3
0.8969549154744179,0.2756768563365246,0.6512279163007056,1
0.3322222815823387,0.7728904507214688,0.4659055171563744,1
0.6617402467743299,0.019086395319740213,0.7998621534008988,1
0.03893366847374291,0.127917442168079,0.5502080697659103,2
0.4405677089057207,0.7175564229536352,0.6590761647424188,2
0.4136369524806818,0.7184822620612694,0.08606376242722402,3
0.4875758967372005,0.302225403290067,0.36845835283380646,3
0.5097595154711623,0.6240704872911162,0.6545098783869834,1
0.27688030500660643,0.32571490342724696,0.7873055163913356,3
0.6296278250623549,0.4045715327847107,0.6273305354443264,3
0.8883056832498556,0.9210963417009788,0.32659637505073524,0
0.6978008929890015,0.8638007126285265,0.1799398748885137,2
0.19351169055561823,0.9815833381903485,0.6950934974285634,0
0.46971552367303515,0.3236933796172121,0.5568432476200658,2
0.2584571211110547,0.8091558177817924,0.11987349731153107,3
0.7663810585118317,0.5022975515480023,0.9895183109846712,2
0.944233400650064,0.6582162036517177,0.5498630272921876,3
0.9595470350304022,0.970239400507357,0.17051994067658838,2
0.5392802160876605,0.4028480993097632,0.04319228511967155,3
0.025638123778038202,0.7245898489860402,0.623477861309903,2
0.6350447343227889,0.039871937190412376,0.9990272962896497,1
0.2868455216256075,0.9397579783459153,0.17871570654391122,1
0.7746804584178212,0.061214966441716756,0.3697390619147295,1
0.886624696624119,0.009882545354857442,0.7386398643448662,1
0.5236978297782834,0.7345490382116825,0.010313691552069404,2
0.6860107422445495,0.88996534253653,0.7571821336046617,0
0.24185205168190216,0.9749261438340778,0.6759027239645418,2
0.24284233937909072,0.8414310948369275,0.015890928705225904,0
0.6032856163222716,0.4021340197272082,0.5522781250267544,3
0.4356690906533618,0.515723753824215,0.8395208924670201,3
0.42326957401542775,0.018531526995236636,0.5801806396410574,0
0.2566990109220464,0.7413620461889735,0.039018325125283915,2
0.5392950461475277,0.647554658699458,0.9893401844348491,0
0.05899412496411194,0.49018803130459077,0.10787685785143453,2
0.14323343486506102,0.8499552056202607,0.22746862173680316,2
0.3877535516200904,0.9089223615809178,0.662057461410814,1
0.14727646932581984,0.7599439789684097,0.9527952811130886,0
0.35921471213129474,0.12504127749978344,0.6814609984546893,0
0.06665024005934439,0.07864254815651472,0.7983424671162025,3
0.8034026434317516,0.9551851994379748,0.8884607861943785,3
0.5638368060173937,0.7239331028296765,0.020249007455058865,3
0.48237265328061474,0.5405958344654784,0.21425301273359454,1
0.5013417319199246,0.14772353556428952,0.5429375141915777,2
0.7094480874729503,0.7412955422905265,0.12531682469333127,2
0.12372569933847866,0.13646309365088205,0.12911088397561332,3
0.47306032749082394,0.8721142122992328,0.8323289528792677,0
0.11607298977916347,0.1370481167117955,0.014863890102315258,0
0.9806499039511666,0.833101789680221,0.3607472303944582,0
0.2603059213046186,0.5955388326784213,0.6243439366147617,0
0.914136247426621,0.10979555383208917,0.5160462056918877,3
0.7092676895972387,0.14757490620395952,0.8525608632796805,3
0.03613823646415204,0.20356073315024215,0.96350422344414,3
0.7010882167921386,0.9966950744989816,0.22839471798676336,1
0.876350353882801,0.7170835942328627,0.3689022024181796,3
0.8306429744268726,0.291641172133297,0.7189984540106903,2
0.292622602178619,0.5804960150245095,0.744628913758047,0
0.4577521377567112,0.8837030389275528,0.44483818711954626,0
0.6342550849846506,0.9348237158918538,0.8348617250115397,0
0.7055261511803278,0.07745129192451838,0.5420484687226303,2
0.8606868180213745,0.1573993301217732,0.2892963595833953,3
0.834261440663585,0.42719070963686834,0.8474326394012681,3
0.9811100951442876,0.5685135267802766,0.901481666290815,0
0.8482314246305028,0.1914303706781889,0.47564107157361746,2
0.054147001343792245,0.7132096839775077,0.30073932174464446,1
0.525492438052174,0.9363432548222274,0.5808013501465017,1
0.12991144374122043,0.475161258015084,0.21101278084224884,0
0.9727964794117241,0.07155366528276685,0.7123966962208541,1
0.7975135043262925,0.9172253768318477,0.4190621751950002,0
0.13189325407007269,0.9257413970652947,0.6465348366798866,2
0.09817880770488718,0.8725097099015325,0.7325933714794378,3
0.45154179954874385,0.7003000311663332,0.5920295437348262,0
0.9317252913395271,0.4720770331955084,0.5683220577918059,0
0.7476709922249606,0.9137437713786613,0.8752497191687465,0
0.22668133145499125,0.6381218840249419,0.17196854013131502,2
0.28816579248895724,0.6407276463672034,0.315134084896751,2
0.8765380271871204,0.057199273341343004,0.31564236682740254,1
0.9772163285139595,0.7229005637336918,0.08917036712554083,3
0.2979140167821076,0.33370696435862013,0.8822508087857822,1
0.8891163606495796,0.7342844389968389,0.5145469753046348,0
0.6601017447213795,0.16851468656008706,0.9709565587510625,1
0.3384997954737259,0.09806265119400104,0.9295687427811452,0
0.05263356498328908,0.9603626823318953,0.24287150134044067,0
0.08986497462609644,0.5747441564938117,0.7784760326800865,0
0.5231370794485994,0.8847485304664852,0.849715786185547,2
0.11835016257437092,0.11904041281107935,0.09663500871315556,0
0.9661485056803203,0.37870479087391606,0.18180466157649477,0
0.8262590986624931,0.2859626593728839,0.7449912454400985,0
0.6903160230749307,0.14144144067192366,0.8613482056602817,0
0.5437436828810118,0.4584178549969017,0.8841289154600421,2
0.11131997236338487,0.7942614198866982,0.09057971452462832,1
0.9803528578484592,0.6487405047665011,0.926536762044554,0
0.7399395945409877,0.5337341428890372,0.8796815767956414,1
0.26786899616956017,0.7401591547736487,0.9746175149349581,1
0.4054816218261197,0.7038006746166359,0.7638723954969302,1
0.4189260335989491,0.9946339387983196,0.8733821938727876,2
0.42492748402471603,0.3345494191671422,0.09767491000500883,0
0.5167295282836913,0.9169991897013196,0.08846320093697613,1
0.30092445140177837,0.10392057478311822,0.925762611613999,3
0.5227397435346708,0.35675909600393585,0.3164940696405455,1
0.576156983001171,0.2815746881832958,0.3206413476684069,2
0.6433831834887217,0.5997098906035024,0.0333668800410154,2
0.13355917139083517,0.2773185826557313,0.7455913755025734,2
0.19130873374915824,0.1727896316749541,0.3860714264063001,3
0.9911784694647306,0.40283167452189106,0.445613166634494,0
0.9028593440940936,0.18956981840445875,0.16695049941291595,1
0.5422762367078765,0.5828167518054864,0.018119189130469393,2
0.28626895942645925,0.46427105278475833,0.836717672147405,3
0.018411073104324327,0.985459314589962,0.013186840666922883,3
0.48517505380067183,0.8874633564513597,0.9166006789485116,0
0.19257982114529504,0.738469666688933,0.08719897887696626,2
0.1031978211262835,0.926477341399297,0.028988338986261963,2
0.24177333094163256,0.11100984287244509,0.5859732259951366,2
0.7690780320902316,0.3775560989354818,0.1400789802462451,2
0.382226237696355,0.828375933712538,0.041056734527172734,0
0.6056423924204453,0.19887627090809712,0.5041080516909472,3
0.3290502978610099,0.14150553138700095,0.8114895847693203,0
0.9769987357176994,0.10680013086067974,0.6683710925396437,3
0.42528492491562264,0.32414382798555785,0.1597248875332038,1
0.2993429279092442,0.7428504952724325,0.9150440377329393,3
0.7992835340814926,0.6061477475515991,0.5692910943730136,3
0.09345252604740673,0.49870509350362935,0.4016642178476951,2
0.05805904365561798,0.7255856470625586,0.9041117827706054,1
0.5726847719568042,0.8469249027009623,0.21997484116020827,2
0.8892710013457737,0.5266225228806406,0.02893998473192727,1
0.22450020082807076,0.7475297065609487,0.4486525208170604,2
0.29375048111584723,0.7929384475135729,0.9434599761839718,1
0.19777700737896886,0.8658034394923009,0.26181204111932066,0
0.005609247461393685,0.14952427418898373,0.4862592712424243,2
0.13554283698403968,0.32997901997544155,0.439480292671786,3
0.7902393695478687,0.8097686921683473,0.3646114815291177,0
0.30892851743551064,0.38770880179119194,0.6444172756471238,3
0.9038741242997033,0.335283499009172,0.3446501725032729,2
0.8953595396741805,0.5529408765806898,0.02385122135065576,1
0.3100217110308535,0.28909803746422813,0.06719130363495085,3
0.41189778566586976,0.007788993393704313,0.18088907028005663,3
0.2720483742967944,0.12940372419751944,0.21114640422182873,2
0.942586587171848,0.7030994235339567,0.4872436986338182,2
0.6498065128236951,0.7850223921334913,0.9665647963408879,2
0.9206183302167424,0.44389393129102284,0.645627495526867,0
0.8594698352633225,0.8905420230938634,0.7919185162425003,3
0.5080682835859633,0.8407510098304164,0.7673784515737453,1
0.06718141670471833,0.36746015749653094,0.36383697405208293,0
0.00805405094700229,0.9105286389955357,0.05189622592895238,1
0.7231400229457807,0.49319029395249747,0.5265007873556333,0
0.07178564988965663,0.8337173634113517,0.14258037126794254,3
0.7897919930770475,0.9600644968103604,0.5430573379485997,0
0.19116662618673685,0.43527647642304546,0.9266381280518741,1
0.6736365439279302,0.1750856014635992,0.9824485365513453,3
0.2993382494297856,0.20177230169552973,0.9705839834859642,3
0.2376031684922396,0.6726471838681771,0.6852860921449021,1
0.31584773503671715,0.6901288309713499,0.8734859308009472,3
0.7373392194930609,0.27063167380867026,0.3142714487467074,3
0.7115346511235244,0.74227679965225,0.4733754884777406,1
0.19072260098438953,0.6225174976370882,0.19958857262818408,3
0.6910252358205166,0.7883722351484161,0.3217564118537599,2
0.8054230542488006,0.9961407595448796,0.6921678217863488,1
0.6681128734994526,0.5495983338559647,0.1269965316079289,2
0.570600710906419,0.38529952242213783,0.995492029274553,1
0.9274845133322122,0.6469317566755093,0.0659660950948,2
0.16942664263756413,0.8191218330939732,0.5460553962513998,2
0.28873824112118707,0.09153214195475279,0.0002946566110133553,0
0.4045014170554482,0.8240807644832221,0.06821811782231701,0
0.6081312337850481,0.38384874188816775,0.30628614979973734,0
0.55606600830285,0.5053926258265359,0.1765470518173553,1
0.5571367355530145,0.24903261111396535,0.09871999117946728,1
0.24819104068399755,0.6918708923274238,0.04592427581750802,1
0.8984752749215912,0.9686354438611526,0.6812832972971001,1
0.42732451809762717,0.9163658825436546,0.4846352235938517,2
0.01136939339843368,0.5672730299552007,0.8455452183230137,2
0.6771981862759214,0.2548822187216053,0.16536159335804412,3
0.5213999701820637,0.279402565159957,0.002350434558835879,1
0.6892303539750768,0.13626820078397084,0.67212281733873,0
0.48470582411488183,0.9663552024615711,0.748482439592973,3
0.9929945607134014,0.7309716570119342,0.3672052956769778,3
0.5608872779020587,0.5406027963326191,0.3432542566122354,3
0.676829369727266,0.8340091240625037,0.31227806813355397,0
0.34142712943032627,0.03264365515241596,0.2032345381828795,0
0.47635030660635647,0.6560023102214217,0.6644632299952699,1
0.3885085117348901,0.8132551789953738,0.9997859948821577,0
0.6754394140590539,0.29853229572414564,0.617673204402399,0
0.8679442799561399,0.9238556622298874,0.05224378394693785,2
0.04597796145822719,0.8978101053565208,0.7277423041409471,0
0.5009448281253652,0.9317490215884038,0.9313976434590597,2
0.674365577759796,0.7776337988078856,0.22284830545095125,1
0.9380957768718682,0.2358845197688414,0.043152783499026404,1
0.7315619561690908,0.8089906616500631,0.4943596164066639,1
0.25198127299606454,0.585002408478693,0.6091388772434595,2
0.7995293651283103,0.10294221040637164,0.002068498603814861,1
0.3658458761068728,0.9180644747137193,0.2990524840514439,2
0.4436892476582268,0.5447972596124839,0.8886664215191621,2
0.3197266628347023,0.6531009760537272,0.24025774151832524,3
0.2981187167623437,0.15069444612189697,0.9592856856114033,2
0.6413861189231397,0.6992934842234142,0.26787545504274746,1
0.6693017686352977,0.1264897504896666,0.29205511420531927,1
0.9884177359209049,0.5643680538273657,0.05627834580509794,2
0.6465706401009945,0.5586043035491425,0.3004489018694463,0
0.8778366839037138,0.6915466202928466,0.2938719843932548,2
0.5429981142733825,0.47183537779067175,0.57327931582607,3
0.32443907534586747,0.20288292599815605,0.5196840766200492,3
0.003646838961876564,0.97855765535403,0.47810856461900275,1
0.9723287995834041,0.03097765058167412,0.8668441517394597,0
0.8678033385527157,0.3450428295775655,0.8147884885193903,3
0.7986173697675117,0.9427038989683176,0.1811012792236606,3
0.5606609026969281,0.4460943506245829,0.0983170166158639,2
0.2617279206121548,0.01844201346711083,0.034443476440529475,0
0.6272620677739492,0.5576868839319601,0.8995974648117993,0
0.35235011447330467,0.8337254214487309,0.8211572170769658,3
0.4635082584643464,0.07495615441287118,0.6882822754076375,0
0.410728670157396,0.5916494422377906,0.8419066879017657,2
0.9286188966164358,0.4964241277892685,0.1349390987926311,0
0.6190194646548146,0.4143942147544478,0.169062721889764,1
0.07000304425883286,0.4246827657933717,0.23670138256467765,0
0.6580596430122649,0.41671508743040375,0.3951724275779256,3
0.1850553607964207,0.3916572719159189,0.27612931171487454,2
0.9559336054191503,0.5691946803409011,0.023502145464427082,1
0.8176437783793151,0.3165398683203786,0.7047442729094875,2
0.6389502816072936,0.8364240231483528,0.18035222965495812,1
0.40441133446158184,0.7091274942963682,0.602674416993519,1
0.682542916428022,0.033045237142492745,0.4124938533652026,3
0.11015836469808393,0.8496858908068645,0.22608064116421467,3
0.6777976170330923,0.24367144706754096,0.09559907905797838,2
0.0444223859852414,0.7576032421922212,0.5699287110991585,1
0.35273625418247745,0.8353782203000724,0.9442358478521039,3
0.6582666560807175,0.9030225845840308,0.14121977230349447,3
0.37986773123875195,0.15814765960565857,0.6472116792651184,0
0.10328000919261071,0.6266889269784675,0.6817438461577191,0
0.5219708737437964,0.15582857068927636,0.49773165284666365,3
0.9587972738286961,0.22257859701143268,0.7517651480520435,3
0.20103597165682308,0.38486583448166867,0.09092096294378993,1
0.6600539740087442,0.9278507504887801,0.8267417989991227,2
0.6804907592252732,0.7054193808338651,0.7815061171293166,0
0.6239054371129105,0.011631502043229158,0.637207185186258,3
0.7858338443802355,0.948815734616016,0.09108494391445454,3
0.7928500395102819,0.20727876712430315,0.3166288902686112,1
0.3279643940616773,0.03888956325861681,0.38587957814064766,0
0.4348675641014753,0.31682629526776196,0.5280787751487044,0
0.8573284054556555,0.9828481961870537,0.6208843977897864,0
0.2090611587424518,0.1702214947598385,0.5779262955898887,3
0.5522555698039988,0.2325616785886241,0.6920939195126451,2
0.8563905434455211,0.9131407519513421,0.136729564983453,2
0.10128399896817009,0.996233419670774,0.13969473638429797,2
0.7325731450438447,0.7905963601482603,0.616574076016874,2
0.6094353217003134,0.9554327313837232,0.6818797069032477,3
0.8413883191887688,0.25488803394472825,0.9696531082330592,2
0.3114012327845841,0.10915003240279464,0.233133988127877,0
0.1655956464107855,0.08646456279800985,0.1317004625188689,2
0.17786251554073196,0.3050850753028508,0.8376547507570159,3
0.8865742672372106,0.4782310410009568,0.16895479617064113,0
0.8029081701558648,0.5327616868182417,0.4813365049643272,2
0.9324414830095001,0.267613734469469,0.2852894685642048,1
0.1511307399466555,0.543103115309535,0.20041590015042732,2
0.6482632696422108,0.804774046885617,0.9749153451140103,0
0.15124081664608635,0.7007590251915808,0.08032151523326314,1
0.06386969176579083,0.1861625587518132,0.17611621298095992,2
0.6904919899145875,0.43084949184051313,0.5991867792875565,3
0.9936186522466436,0.5443982808460367,0.4789265330918291,1
0.7511049773402638,0.7227333422247065,0.49100149538393556,1
0.5505159930621186,0.15457200937311055,0.9817549592012501,0
0.3491928513966813,0.7217825881962181,0.1996211257203886,1
0.14728101790978376,0.4032511678213059,0.9253217347257887,3
0.6558335510885331,0.7890108905804132,0.8974310112029739,1
0.5161021171270811,0.08298469488180671,0.4437103754072108,1
0.33093422689793206,0.5590931779836585,0.8868219511640729,1
0.38712603619166375,0.20730433400670678,0.8528115153956417,2
0.7299699440489579,0.05625770802476959,0.9701073970640072,0
0.03685369899810609,0.04843747598225234,0.0560033888203606,1
0.12051604480314904,0.4729349051963109,0.5205270824070992,0
0.9473426261458345,0.1884333617600502,0.5497716278711965,0
0.8238668889719621,0.46671060253817453,0.9668691241984287,3
0.3601451914858811,0.4420411737203057,0.3956451217127577,2
0.4368903155143876,0.36176194032214826,0.010520680979642427,1
0.37670045290392906,0.7455585053458714,0.121058969752189,2
0.9797595360698641,0.5225825017846841,0.8456325511903671,1
0.1540394156275675,0.016520980011078934,0.3584304009520687,1
0.8852360971525289,0.17787401247111811,0.0527386361824167,0
0.022436410610299107,0.23625102053063352,0.916660383868928,3
0.03658054578707992,0.8836815142774208,0.46943232509437727,0
0.8155171044150507,0.6925690570794845,0.8826720243331332,3
0.20152174907337383,0.8896341494416522,0.7857170592486588,3
0.7372303379710395,0.9488269094047396,0.711548393717717,2
0.8502161976919627,0.22667449579729326,0.7132476884125897,2
0.8185789242551952,0.1565949529186237,0.2745532331306738,0
0.7393927405289428,0.40183899286392055,0.5546299376325343,1
0.8856782941182832,0.26104184245885254,0.3988879080448767,3
0.5083977934299551,0.08019110540633645,0.7486509534024877,3
0.44933876418563146,0.8029934627912517,0.7881329489311076,1
0.2169935640850481,0.5104228640308376,0.04772847278653525,0
0.8587603068564856,0.40559962109711356,0.7330961109083015,3
0.8502665838451972,0.8354031644029154,0.6703085471192421,2
0.9707578764915522,0.11647273456385765,0.49771414216021004,2
0.6206063947270566,0.025959376220154318,0.762493757533458,2
0.17595662630935371,0.41427010141056786,0.4479985805282485,2
0.49912076750081746,0.47376122406491816,0.15255776509602237,1
0.9046122426169,0.7109562856414702,0.26645558555172777,3
0.44765885049089316,0.19886769454801945,0.4526211849172117,3
0.19886031958165273,0.0853980433722964,0.4216408468017656,1
0.5822554280240793,0.15439781151029996,0.2830313322252975,2
0.8346387049665398,0.4707388434960592,0.2241880975060513,0
0.12709214614893283,0.06586542089044622,0.17750047715167905,0
0.18541628444710934,0.24397947952481602,0.7121128015811578,2
0.12379742792334758,0.19466137005501138,0.7829744222785778,1
0.5582101894156575,0.331259816611467,0.08177307926013022,0
0.6528504138113926,0.9204751716989193,0.8624562887719395,0
0.9018505872147953,0.02894273520813606,0.8736970341307855,0
0.730981374030868,0.13014678391215828,0.28820573595621346,0
0.4410441537375167,0.41361638460692507,0.3022079812784152,0
0.41837788456910674,0.05598629010356626,0.5318296817290441,3
0.8939855169090193,0.4463679315278092,0.27052484193814974,2
0.4275500115276928,0.5560672325248591,0.07061829467379033,1
0.7129182398054142,0.6971305953353762,0.9535478916561771,2
0.2099205143670696,0.9955801215266068,0.19162634715764948,2
0.3135821976292703,0.0839349649290736,0.385406144502361,0
0.4652481388372972,0.9118524389331644,0.30044693494156816,0
0.13928636008461148,0.7537512998689216,0.23179893060079404,1
0.32716937126308676,0.7985850267714162,0.8010991941191851,0
0.9892580272689695,0.14513384795431195,0.6618854615974732,3
0.35293382907279236,0.4757931115446725,0.9678479491151392,0
0.2627465232463694,0.7438686876632089,0.014480894404058975,2
0.6866488960269677,0.5427208882134807,0.9716215827910494,0
0.08744554045495223,0.968401168646169,0.9774931934141459,2
0.9931536556581256,0.7205036859610979,0.9836804504430515,1
0.18844094744414508,0.14602217228368897,0.01615190276714562,2
0.45143861062732304,0.4178310104722789,0.22056571755873688,0
0.2999866792610282,0.6798720497284318,0.22836944346546617,0
0.480485505215813,0.43860802586000225,0.3947305271395931,1
0.17974830462453628,0.9233886660957197,0.4526230408654446,1
0.4762761699985726,0.446401760042034,0.5171426721529457,2
0.37755901127943725,0.16054445915510707,0.7170282290139172,3
0.689833705142237,0.5326283719021737,0.46836993068120913,1
0.06595212225554958,0.345033998224228,0.39795330006541507,0
0.09351443003798887,0.38576583014285093,0.9606107625971183,3
0.5324318288879948,0.2964465308782802,0.03279885621014933,3
0.5125147811116376,0.2213101118424854,0.5354894008586537,3
0.5574672823870043,0.2337309436652647,0.758248434907178,3
0.9077540980345482,0.5450265682024941,0.32246487775236665,0
0.06169549053804635,0.10229368691103169,0.8883402843466721,0
0.13643306379167908,0.035709458467846567,0.2907633960119733,2
0.6388620717407847,0.26235968464837134,0.8623367105435263,1
0.9076821182008592,0.5973918646249748,0.24635208675074594,3
0.031729765395435816,0.8579418197735339,0.02341162490753068,1
0.5157856572776746,0.6833893390899374,0.41934227768798227,1
0.34692389554409764,0.49459830527726634,0.858008233968797,2
0.8692150756408821,0.09221253716036604,0.8018386257533378,2
0.4860289866484693,0.19431931288249038,0.15088559610153252,3
0.16936445946345768,0.38676040862564987,0.7254780645597145,2
0.3771364507575231,0.17323587514249383,0.869886161844973,3
0.09502550966985235,0.9524607669880508,0.7371454663154426,3
0.22490354372329646,0.06456228194187097,0.11157160461223226,0
0.8714081479988557,0.29374967795752194,0.05295619727922085,0
0.5461279389592678,0.6309032744434173,0.14149402597285665,0
0.7447183474381432,0.3258837289843549,0.41770978086619326,2
0.30262126326990124,0.15775493715248645,0.2763427485419171,3
0.7410026137107246,0.08225936526363864,0.6501856266554461,0
0.5510459508315617,0.4044762899796682,0.9605731017314322,1
0.05337012301980559,0.933971293553245,0.6707548037076315,2
0.02212847455170064,0.3013211316790082,0.32000463789455824,1
0.718873603776989,0.9121883939823793,0.3040645651341698,3
0.06932022064446308,0.04711893071432305,0.2752141830060696,2
0.2777087764979128,0.07257298146260249,0.14355110111961766,0
0.637688887591614,0.7142506773247785,0.21394790426372767,3
0.4284319284335324,0.9140849177270426,0.08300209472133879,3
0.21073897977308131,0.6249057743417538,0.18407906773236593,1
0.8227496110963216,0.977292484055807,0.8169890172325723,1
0.6876778487285019,0.18452150905804898,0.8431051532591944,3
0.37055209315008375,0.7409682050813803,0.07630539198704556,0
0.6109333202918363,0.26373199382483337,0.6251177200923441,3
0.7518137111378865,0.8513570722567205,0.9762838261808082,2
0.3435422603464282,0.5974968090612149,0.8687098646831677,0
0.4382539580410979,0.6402103860934751,0.052511935895342976,0
0.35891088872282717,0.7788530360768802,0.5760804714451832,1
0.3533281454385667,0.9276967132464828,0.7376549640617274,3
0.8654209121435676,0.21937894990751872,0.23134137620061623,2
0.21387266961989526,0.2116125535731398,0.28607179149326734,0
0.9154958373097765,0.9786958473677437,0.6526323529906275,1
0.17870239178956226,0.6911278569320307,0.7260313008379107,0
0.1431898223351048,0.398245415665496,0.6038631300657181,3
0.6217927747433747,0.9329916121067421,0.14597755339567886,2
0.7300347730466673,0.13880440390154158,0.47502091393776713,1
0.8434347650566496,0.8856536052163396,0.7050100615684818,3
0.35974897600324096,0.9373793508772503,0.21483204178302384,2
0.27626925778967726,0.2987294054957331,0.6318956122514926,0
0.6406927942958666,0.352417334075673,0.10756124216594565,3
0.986306841266122,0.7590542106438046,0.42501562811136295,3
0.08853949650590509,0.2101677891871354,0.9130644343467528,1
0.6837067265104431,0.0900103943570354,0.855360105988165,3
0.3425797392804517,0.6373790069897978,0.5775290751375743,0
0.5559275679938561,0.17713639626478117,0.6172965895240128,2
0.8011809976983137,0.3924781394077982,0.3745381485447312,0
0.9290665169578064,0.5369473974572987,0.6902023196752234,2
0.6335379798439044,0.8612743937566327,0.5330084341325575,2
0.15179852726894838,0.8200213070831827,0.6184207617326515,3
0.08911293028376632,0.43566751403275983,0.648959981662761,0
0.5951421877948432,0.32652098743983293,0.9829994199265747,0
0.12367890814788274,0.11104175895474733,0.14254127948232642,2
0.0009024362595516644,0.6670305032956326,0.5811584677911684,2
0.1740815071922711,0.9587053916607008,0.42487042816169895,1
0.8403170781553636,0.5299006826253214,0.8611558626542438,3
0.6965206649376866,0.6152767500013324,0.710735616899493,2
0.39248184099234196,0.09815412802995371,0.07431434270861759,0
0.5611143815132265,0.8793036749305442,0.5653206024301984,1
0.5810135407200533,0.6220236223500356,0.23117086050639446,3
0.7983347979830423,0.1700801167791064,0.8956196209393651,0
0.2506058229999413,0.3446050966050255,0.9714314386561428,2
0.527876789548141,0.48846110752043514,0.06335613069626445,2
0.7462460390687347,0.8545730351608547,0.719512467937116,3
0.5280347562493471,0.2728835109434101,0.8932293213341437,1
0.22222290481032358,0.9069241355602297,0.06823575559012374,1
0.4320316765098966,0.18721118389581404,0.7880274172503338,0
0.10010309476926671,0.45037117569696417,0.04043274675395825,3
0.9318800512060507,0.09464925184714101,0.6111411911567749,3
0.6553777279297457,0.032958785918631106,0.2840175097719627,3
0.5160848636183114,0.05558961017096942,0.2790623013514192,1
0.520394948622717,0.39555706398399015,0.05613569137284713,2
0.14013233641472866,0.5575050952262622,0.627851682175066,3
0.21835360550298455,0.9043843130658735,0.4457269532492534,2
0.11690862890627796,0.3143970223165772,0.07548830947265828,0
0.32814819103297876,0.43856876060735406,0.6611659985656952,0
0.7827286135067378,0.35009516525788975,0.03258373543195492,0
0.6669664588765066,0.769761781614148,0.7860835922725261,3
0.3632011860087804,0.9973783925550694,0.9717681613321593,0
0.2686934912291985,0.7122202570493754,0.9779287044477625,0
0.6871095213031906,0.3552704113074274,0.6277739898157497,2
0.8759612931917771,0.6947995739274143,0.3711782376015569,0
0.39547669743728164,0.7655932844773471,0.0655340530868126,1
0.7320554684855455,0.46063846495985217,0.7542367729266714,3
0.12192747809403759,0.8218973432027521,0.2276336722966419,1
0.7244911184671716,0.7372669010641594,0.12815812596258402,0
0.6583555763633078,0.5542770326532752,0.1824430831881918,0
0.9376447442092933,0.1260752517097632,0.40786778545186075,1
0.42858494658450574,0.675172534617201,0.19747665299150896,0
0.2474248404591909,0.49303893886015737,0.9812264219466514,3
0.4305176497919807,0.5720971703859006,0.12543332853734912,0
0.38590970227306,0.48320031841381217,0.7702152007527354,3
0.3859885946909436,0.26215846620529304,0.9273387886329586,0
0.8575888857198692,0.1937413250978972,0.9625277303960597,0
0.7316221283563102,0.5407355947734106,0.24931681464698752,0
0.5846834150408069,0.3719409111691555,0.19104733154763542,2
0.9890999905379956,0.5557717234065732,0.3836151863561399,0
0.4105104731706223,0.4732279855656155,0.9879452287872222,1
0.8104696407436012,0.6194510814179585,0.4779679714600019,1
0.6850667619683086,0.28688478932751116,0.676690188383115,3
0.04023626276576164,0.37761080925351975,0.9796764542797434,2
0.46473255361220267,0.8330432460352736,0.7327935946907489,3
0.5245500402452138,0.8345614070670954,0.8458624101567948,3
0.4113646608014543,0.3517089405239544,0.14781027616486853,3
0.2074386395113661,0.41034284455151915,0.9022720188418575,0
0.43151013053467757,0.668580227688107,0.4811150674849972,0
0.4967079409366484,0.6074266963300693,0.4158384898874453,3
0.8271771241920781,0.46357780934585524,0.9900925336216351,3
0.2545145591941991,0.6551203239425658,0.8983793818942716,0
0.17934680384570256,0.3214484878014857,0.9554148713909182,1
0.7863862387105022,0.8757099066648222,0.0951591825305711,1
0.46681673443907346,0.4243763303429038,0.09973918138867388,3
0.7619203026172852,0.3058598174719851,0.4818838641840588,0
0.2219119127370427,0.3021241328361256,0.07370574613914549,2
0.707761727069167,0.5275793710485613,0.9141784927123093,3
0.13553299984376221,0.32218794907937565,0.2193993472153083,0
0.6561674435739353,0.8550148362057108,0.6922845645582928,0
0.8666592338563833,0.9034987951918402,0.8508819049016425,1
0.7088301631743373,0.24144821473539602,0.6231218337502716,0
0.6898327515992256,0.7056939598984073,0.5612106812281075,3
0.2607793804293942,0.19909638893930437,0.8478581069012509,0
0.6742896842397297,0.40701929110029,0.7382186828893516,3
0.12109852764603313,0.2529371670446523,0.2245364687702791,3
0.8636153342621388,0.08841842951603274,0.3371984299648736,0
0.9897706045633833,0.24166394476967146,0.2105782972545236,3
0.4736362363124863,0.4161362348414783,0.28557204143745685,3
0.39487968439568677,0.6556670283353434,0.4576082869534749,3
0.27948371229185665,0.21493492920563084,0.42878140242579366,1
0.7909403475952894,0.04986857399281586,0.6028201651496248,0
0.33590325803466525,0.25780938356234684,0.3724415210859635,3
0.575968643945295,0.5058268575840922,0.7292925696201368,0
0.2994273079523272,0.27911629658201886,0.536092036806281,3
0.042251731803171655,0.6919530158244122,0.8589922495420643,3
0.5700828266159493,0.3381663024071946,0.9955483031905877,1
0.960148487467327,0.5991635008314536,0.9385333649136243,1
0.5132221848340791,0.5217068827404797,0.8568902949021885,1
0.24039409352591457,0.5533928850906371,0.08948314891919584,2
0.010461925906694813,0.25140207647296275,0.6178820563126483,3
0.28600678491844655,0.6249928364705784,0.9172990314925414,2
0.9481522804124666,0.5449197342639311,0.6056986499795595,1
0.15987785818666622,0.09785225634966344,0.8844530859717143,1
0.9999701908858626,0.9561516313835188,0.5573741595251483,3
0.6812395492834221,0.2928335496279564,0.9316055428920963,0
0.2980622702839144,0.23639558440445252,0.8543451765340341,1
0.022809706326981982,0.9104430350413367,0.9061548853616704,3
0.9359162052054544,0.48068697514734093,0.6092748541166371,0
0.534961852612577,0.3318690098717244,0.007744196822986993,2
0.3610894903467142,0.43202574969051055,0.9459093390670031,2
0.435203959509738,0.021883334488335016,0.6666698524511293,0
0.1560270231797386,0.08137240572132987,0.307894986032311,1
0.2605106780102666,0.8619975324148714,0.2600128034945879,3
0.05066834668948095,0.4556098881712315,0.3284117371951133,0
0.1723099154009886,0.8167929754254887,0.03984185929868711,3
0.2959985177349894,0.48305969718306085,0.48546103048925804,0
0.7725458379909941,0.9026577620938737,0.6476576814621492,0
0.8817056409075703,0.7597846237521539,0.5927162074368563,3
0.7125238301709178,0.17637685777919532,0.3307275398100791,0
0.5865921833525249,0.3783442620360833,0.1592346883997502,1
0.06935426146099422,0.8346513908421064,0.5930316807612332,0
0.20802901474881952,0.34503389604729195,0.2156066685844844,3
0.821272700684946,0.04851639158689891,0.07168795174466902,2
0.9146292046277474,0.6728100512753244,0.14642294662539468,1
0.14749691020308775,0.6507852708833487,0.5014023318025296,0
0.22197271038336364,0.060198583850195164,0.18171776420823682,3
0.8143094935321266,0.5323417033322434,0.24695343929831337,2
0.24512054747484702,0.04583856287823884,0.7210347093209605,0
0.5357551765961898,0.3364219506067223,0.2225138909441231,2
0.4382026628511031,0.7179896378958533,0.5231228942863617,3
0.011970629461431792,0.07877194169449409,0.15055834691089898,2
0.508712930631428,0.24220713754199885,0.33863906152892753,1
0.08563922572476024,0.13392561349667886,0.47084357104291874,3
0.10781448557364826,0.51405490801964,0.5001731466066754,1
0.9316765891007943,0.5202665279626335,0.13847384467380153,0
0.009604144781622526,0.33868901903710347,0.7522415130358233,2
0.48952762015316076,0.24745590757000469,0.08611438090761825,3
0.46627499578327414,0.5273456385035244,0.4377766489008821,2
0.19247690420669172,0.2140737143687491,0.006684724990963398,2
0.8828263929694632,0.7099032126008322,0.4715038002749281,2
0.9001320417702312,0.2564582646363518,0.17938932622475035,1
0.9568125411693261,0.14241990613944377,0.684183402627761,0
0.53967958566391,0.36879894469905383,0.8643016115192382,1
0.7894537042919378,0.8994868321082519,0.5901112538630306,1
0.5097838773702188,0.39368105047441915,0.38718598936949766,2
0.30452182758267,0.8915138269909003,0.8880958134119814,1
0.8743940817101666,0.45424630579255165,0.700630906075564,3
0.767711330829233,0.10834440246726074,0.5839259109997867,2
0.6233059715428786,0.9305058176167919,0.6738430754228011,3
0.039567637358112195,0.4948904856563495,0.04862185476072145,2
0.3711037918632283,0.9091892023063377,0.31425378041187313,0
0.2036127999168863,0.34638208700150896,0.05575343096392593,0
0.050666282321871314,0.10668610605797002,0.5574947440919346,3
0.0778912527848824,0.5446608496041163,0.3732237040104517,1
0.5328239108113516,0.0176220023572784,0.26852475117439356,2
0.177304754194329,0.3479763202046203,0.35362440821893737,2
0.9815888423799451,0.5568927735054297,0.5562862071879866,1
0.2762696591527324,0.632192424744843,0.6076337923640954,1
0.9234083797736836,0.0008817099382719684,0.5403678020336546,1
0.49832453376687,0.9748181673929636,0.5790876912091217,1
0.3570268980407524,0.5386539006832042,0.7871542603616076,1
0.31918891664796,0.2708126146919362,0.3218051552157247,2
0.8813093758727142,0.7101693687027723,0.20848183869196746,2
0.747451061051395,0.4181303251050511,0.9570296267123624,1
0.5281883793734173,0.3653739925549583,0.8025243240950924,3
0.5962003095676988,0.32678040850005985,0.24979917278579278,1
0.9403149370634822,0.8192956392169561,0.26333502437568934,3
0.3783181217691598,0.9039499964630268,0.38332061570418974,0
0.18301141341367433,0.7572438590527591,0.2136905438700285,1
0.9252545557262108,0.3275406130870475,0.0043962534893298155,2
0.41671253170579403,0.840799276862351,0.7757071104399926,2
0.6241798569183323,0.3633761155331797,0.5021070500193162,2
0.9619265551191877,0.540984705747497,0.1926787776208876,2
0.27685251721421034,0.34063181504771933,0.15155533405067823,0
0.7966411453912957,0.5501641333532008,0.422807918329163,1
0.8670920266081039,0.27287572044342223,0.11288905731568999,1
0.040358723927805706,0.5813035670791209,0.8271343065079575,0
0.4525219336498264,0.8781824913109001,0.7187191050641631,0
0.7236363493335735,0.9703481947071756,0.44481124766776403,2
0.05094766205760126,0.23543355112134445,0.14297651242822784,1
0.7880111154885202,0.9301977842745993,0.0906361741875975,3
0.3232443729867609,0.5262925650998383,0.34722403870563956,2
0.29095412845387514,0.8378737697537885,0.8227783454725272,3
0.042814655225353215,0.06996008909942175,0.7138024042495081,3
0.7712156584108649,0.7940790124275046,0.2561924128648444,3
0.0061228668986131884,0.591312953809689,0.05898321073183832,2
0.5871425878190083,0.969757743856605,0.7345199572484481,3
0.2648178236285814,0.9814860042028513,0.32095918275938506,2
0.688690528877147,0.4296689277212159,0.192139328873823,1
0.9401328693164173,0.9322385420701342,0.4782759689189606,2
0.3272894034191087,0.20272290462564468,0.9394707622486463,3
0.9897429796092682,0.024250428766429355,0.12881283424522172,3
0.8417794483002636,0.2042581612363238,0.353315027012316,2
0.2976949149105158,0.5015018863949701,0.9900084587701056,1
0.16391061360219572,0.6151957057931206,0.20399917346760166,1
0.6009556168156069,0.8586345214994363,0.56296383006523,2
0.2838770485793978,0.35261977537116596,0.1257841910526274,3
0.369965177122241,0.8320646551758574,0.9371729106012793,0
0.6033926379794998,0.17786785903195168,0.16191393968553391,0
0.9141915711919985,0.2483922190952471,0.1826138189506581,2
0.656307715219846,0.7344255747295132,0.7878077921736736,1
0.850428437841047,0.9436537484483407,0.03451667978522144,0
0.69720885721777,0.1419368971985966,0.9445671079549411,2
0.8163369440216837,0.33136384833470645,0.10963859925492592,1
0.33318064220968613,0.8927431694851028,0.29989089628605436,1
0.117798532855243,0.6376498366403369,0.996899504766238,3
0.13494973692004963,0.5559487444781134,0.4850159801174666,2
0.4063307629678171,0.5404621514792148,0.6011640109822188,1
0.46167730787338934,0.7983253344396157,0.8735556659833651,2
0.39030170534195674,0.8186880440385988,0.6491031859363023,3
0.6247549068167042,0.6273345866042286,0.6573628519498103,2
0.8798281445384305,0.9150583396154675,0.07242593857103308,1
0.3910587158863673,0.3657012784771866,0.009247444159011353,1
0.8788525959429444,0.46571244221894437,0.9323308836827409,2
0.18354330384378248,0.20329246705561554,0.9062128509389462,0
0.8360955199598348,0.8739271304942501,0.4619239292688869,2
0.888637742062127,0.6831058642882456,0.9361177569904404,0
0.7411453104093686,0.4156442846647357,0.5034703534587246,2
0.7592365391576091,0.7911050017597482,0.1439798751493765,2
0.5389376787320943,0.23773790810164308,0.39565904912665506,0
0.8500935695486083,0.06769371729353102,0.9922804953930284,2
0.826917662617422,0.5679283427836369,0.0879484457339399,3
0.31545756729663255,0.4264030751214728,0.5400276397763561,2
0.4325565005701406,0.44987595068787145,0.30416257596472296,2
0.39718186707055114,0.23842256410648732,0.2562770988383145,2
0.5112221347113907,0.369184246862843,0.758407991558244,1
0.256134770242723,0.16783997768239034,0.22621154288763812,1
0.00472357583306271,0.30419090372763957,0.463133118615459,1
0.13613584790109934,0.8633231373798264,0.544949337738108,3
0.7682196751850192,0.6398429561036449,0.5658047722439595,2
0.6426564435158738,0.9819361740315237,0.4028235286050812,3
0.736207399835239,0.21221601219211583,0.9319405599790749,2
0.83200314028625,0.17350053745770921,0.10800007940696976,2
0.03414192760921497,0.8310767708112785,0.9409258940743268,0
0.7982631107701705,0.22955309199474472,0.6869381791876565,3
0.6283003668448403,0.03518751520258012,0.2599904969310518,1
0.8636925766907287,0.4764724161575483,0.42918857398054944,2
0.9782555605535332,0.7366412707951825,0.09286325586236988,1
0.36753083954277666,0.21388133555238387,0.5421351188628437,0
0.15556028907370922,0.0325297742627636,0.1560467196537979,2
0.5628171931818566,0.9558413734610473,0.18770538578618345,0
0.7840703311068629,0.9430389712548325,0.6568823641032411,3
0.21666751926542682,0.25405795797124664,0.5227591142644633,0
0.454943346325539,0.4635333226601531,0.037120637324978056,2
0.4044497994917611,0.696348547991119,0.0023141550006019473,0
0.8145999805303665,0.09625147841883896,0.5104851558932376,2
0.405933978299614,0.9118524365616103,0.2809941961295934,0
0.16407212676909166,0.9079595085671223,0.8827371215759534,2
0.2140725024443113,0.024786047306179282,0.16060762308642973,1
0.06006003263618509,0.5984561234929991,0.7416886617570226,2
0.2702729025667733,0.4070997269544404,0.2842256794208855,0
0.8592340842826633,0.7910676482053958,0.7598585713562461,3
0.03186691096149108,0.25534649504060214,0.9744776416763263,2
0.6650405471031173,0.1318744632105595,0.4504617877596544,1
0.3794634217204702,0.08894926808893655,0.8270529645485687,2
0.14588417367353013,0.6113915594906034,0.5368119202720738,3
0.7429963056847841,0.169472789478061,0.33383914543366955,0
0.3705303127955585,0.9231362232953819,0.6486732139583138,2
0.17423889320702302,0.9608563192536863,0.6127420107568445,1
0.3783627861182486,0.8950245039610852,0.6354191118731434,2
0.08890744807827722,0.5174208802441278,0.2598806186338727,3
0.5374820201227919,0.5823603991420693,0.17088446960819492,1
0.08020866046589037,0.3536114983560441,0.5475143850605193,1
0.28374810249935034,0.8695197276944099,0.5925797937088162,2
0.5788951425551763,0.13331655682782506,0.24753699112553806,0
0.5917550911641919,0.45337650706719357,0.31590652439968736,3
0.883789365538157,0.21490187182284015,0.4091210441571089,3
0.27385546745244294,0.6939714676144942,0.6123031042393716,2
0.4048134588599944,0.8184281600363762,0.6485517123888312,1
0.31303120202363344,0.587848768952655,0.9938643348436734,1
0.9753559929469737,0.19982387712047023,0.5346157484117504,1
0.8509172065888944,0.038795626635048985,0.7530397389806168,0
0.8827527387036694,0.23355302906684683,0.9372553036905192,0
0.6749239508009852,0.7928290289728956,0.20360225251275976,0
0.2970216963053809,0.05661290106349348,0.3364385950611385,3
0.47086479980331564,0.06050921531792308,0.6230162657347607,2
0.8311943394614404,0.12262670187689728,0.572283670737347,2
0.9837814939898932,0.34446901444816624,0.05662432895509817,1
0.27521148919446037,0.045234060377215446,0.5219492605966346,0
0.19920748205053518,0.4561702383284245,0.9931512610692815,2
0.45095125095936484,0.14864210718721127,0.7016533148702057,0
0.5805295027272954,0.9081399059030107,0.9310113668805334,3
0.49229657423577167,0.8930110465845827,0.2371344598139128,3
0.6283483317934676,0.41048474088232656,0.4293319549715823,0
0.7116496439313064,0.08333420568583805,0.2798295127318211,2
0.2940101148240163,0.99095961025769,0.11064616998883048,3
0.7430640859456122,0.650936237418432,0.8773388927233942,0
0.015011309213954105,0.2629825833271049,0.5617043308167234,3
0.15927790126069907,0.720233617792683,0.7949464363813044,1
0.23818479961238337,0.4774123758025942,0.47907741031234186,0
0.5209142730046692,0.8551433822394244,0.7258887240512777,0
0.3358229511220695,0.944881763134965,0.6322298244796067,0
0.9647907967135031,0.4407158143350104,0.29110930906353927,2
0.024496030809511127,0.7941512859286362,0.8032365263764634,3
0.1292733171917939,0.6643342268769804,0.9176864352767738,2
0.40362346033073293,0.9369718261653431,0.7314802576669885,1
0.1632912638352959,0.030606034401459148,0.6792601928438352,1
0.8502220459061822,0.5432669075006398,0.5251759474463646,1
0.5558336970452421,0.12201390223181918,0.4740243108009853,1
0.011924320103097075,0.8424660678754845,0.22757114797370726,2
0.4952397194953352,0.21684219506409996,0.30414871640104413,2
0.5859156649458382,0.15440216290750808,0.8862422643683407,1
0.017793943979495852,0.353933850824243,0.18617655390704502,2
0.983653172099499,0.3231738311068073,0.7175304143283382,0
0.9393650733536371,0.6408244656167237,0.45361134383395063,0
0.1727238716724333,0.1928464511943443,0.0463195452918338,0
0.7622852045544073,0.46855458600883215,0.13373381286189623,0
0.16711343870944972,0.7367787688859664,0.6694366555510731,0
0.049918079650771,0.66606196963014,0.90746722785782,3
0.32366229390807877,0.5934873430817956,0.9290550461670298,2
0.2547311886646083,0.3718786653122782,0.009699894359434968,0
0.40795796104294646,0.5421458648261608,0.9824584046028478,1
0.8746492107839813,0.5754924225181784,0.46594873879023024,3
0.2083274729307074,0.5569223541990352,0.16026128213144886,0
0.022075327050208204,0.14357552338592017,0.8464625347963535,2
0.23520249665076243,0.09746503301895237,0.8242957062286698,0
0.5217709785086833,0.7402393648073791,0.7041206082905396,1
0.49328239927755346,0.2524546693084381,0.18673125383455114,2
0.9060248434705271,0.42213660794611507,0.7763673348698642,0
0.3160465247029115,0.40696087674921666,0.7255442933489935,2
0.14162368557331317,0.6112519406055754,0.9275733612666919,2
0.758445737621535,0.2087229980782569,0.014886085059568899,2
0.47403876167931513,0.8886819545211939,0.7205476294294917,1
0.6379830552542132,0.7677524615634248,0.9579627026343773,1
0.29580789145479625,0.06842190307569307,0.32455940990997056,3
0.07567898592392808,0.004105574298836068,0.07372896275579743,1
0.993463358627993,0.7310066282653328,0.047885303034904125,0
0.15288842462425312,0.6183647950186972,0.9140121390736163,0
0.6326996623289337,0.5471465022614078,0.06375697864586272,1
0.8234602730382076,0.6901445634063115,0.6646072719457147,1
0.17469128311529214,0.6019553951137315,0.44516158852580534,0
0.1664878717029088,0.13899704842795768,0.45483159505292303,1
0.005210664554312294,0.4787679292118703,0.7393012732112999,2
0.29754758331745546,0.9719804344642153,0.6980483264666727,3
0.6302970591425531,0.2573698182503831,0.17447863374280415,1
0.04455344650263915,0.9006777229868675,0.9479349112584572,3
0.9203444088063417,0.2466696894401479,0.12729676817802926,1
0.06349009358641788,0.0176772838952286,0.10958511404542604,1
0.43436197559593615,0.6500854478247248,0.7445254348636915,0
0.20772617436651597,0.0834303488781506,0.4579569244127707,0
0.34502977355170505,0.4388088543770131,0.2838430012007124,3
0.1117214877352336,0.7432779880933758,0.8962875738578778,1
0.27585368673218613,0.25089585430847705,0.15772754134405953,2
0.2593724233025666,0.7360167583301408,0.6284950620057149,3
0.9139878371603093,0.12046672226062372,0.8717130869922173,3
0.5572784136628453,0.7203399804403754,0.7271793873037438,1
0.46758203732398085,0.62663646952265,0.19110747058751243,1
0.4243172339863692,0.6124773420402727,0.6854722989282641,2
0.3807802625886384,0.34060834366616377,0.16532049279570282,1
0.6700062183886243,0.16037385306140772,0.4450939414928301,1
0.72951915998678,0.6822513606930608,0.7504091551433333,0
0.2455973925434135,0.11564100683252732,0.0014388278594552606,3
0.8836523117671703,0.054161599789829706,0.45711146258771984,1
0.45666687863326816,0.2794783568669468,0.11023601162194352,0
0.7650262737359702,0.7940180658102641,0.7431619924089161,3
0.16486766602377623,0.6792040726948739,0.2958029868738957,2
0.42807079948180793,0.4157010097199111,0.9427413143334911,1
0.8297355665480981,0.07977882820405524,0.058102512706672216,0
0.23606097076171295,0.035994205035343785,0.04222131361273007,1
0.1223186372649081,0.6457784368014106,0.9146609472861321,1
0.46514201005187983,0.5454945881979611,0.3730642963386708,1
0.3296873505163338,0.9636559615882552,0.9614416751742605,3
0.6769472934490116,0.45467892920257336,0.4428981648299888,2
0.48678665555527,0.4282091951873377,0.024583155340460072,1
0.32455054840451647,0.6036531744810241,0.3779511771077757,1
0.056134488780762104,0.4190549866488825,0.19926414170941886,1
0.3510295641238802,0.09717644234501077,0.4113300284559144,0
0.14533883866561037,0.935008079432138,0.4127517877168869,3
0.517663647246496,0.4255712381150233,0.5679978088253739,0
0.2360612364796535,0.8840885308788506,0.15200068566719727,0
0.5352649052486702,0.12038722815700365,0.22717552044420797,0
0.48778910345981075,0.4132404122710589,0.04034592677273541,1
0.994734911677238,0.3167855872469407,0.6096702795407651,2
0.5221648962459295,0.41294827915133636,0.6391237050637514,2
0.7799195263036708,0.03778232318209118,0.9999084939923659,0
0.8476811438805528,0.4620669566513622,0.7170610705494275,2
0.767756831561011,0.36995374610500775,0.8469790833714048,3
0.8757736307858718,0.07453077079991,0.9899377403979013,0
0.8684439171651605,0.4792467920361235,0.43997490990960275,1
0.6979364882566093,0.39858616030872374,0.5947855058615223,3
0.1702228775884853,0.26478370173782717,0.3060314760123405,2
0.23861887619435285,0.04784732167358574,0.6471405585427934,2
0.6615992843918158,0.9398053639339813,0.36708897445704214,1
0.9622039250419798,0.21380288710600825,0.86344672384231,1
0.09028824352981257,0.644863270914992,0.367208974603491,3
0.4181697651397521,0.7747157688257595,0.18545441233278925,3
0.9300151416968763,0.013683945520510998,0.9388698171049735,1
0.26144262799542917,0.7175119892642177,0.17930908147272506,2
0.45350967423033284,0.9870564721778773,0.989412678507691,0
0.21926324243645556,0.2486286815946679,0.8162730205536435,2
0.9166866511075792,0.06694445046747732,0.15541842687443375,3
0.2917694854432863,0.9560826293432254,0.314890538719376,1
0.5659159653828576,0.7998812601989279,0.37780459103745945,2
0.5284278098562305,0.32135555509661284,0.9791335797819978,2
0.5871590294987594,0.9975892615939457,0.4449863516153164,1
0.03057925873014966,0.6985421970641512,0.3067917092700312,2
0.8290356112381977,0.4570620950123475,0.1596922405648955,3
0.7245953257927902,0.4563350806081149,0.04957746870538138,1
0.5527016795952655,0.32856056964808844,0.9319211095899769,3
0.571892399783364,0.27031716655006444,0.4975552392180125,0
0.6112132036149152,0.5415933470250149,0.20830791614835042,2
0.9788745835471989,0.787264199982471,0.44673163130558635,0
0.5621193942717724,0.9513454036821529,0.5392639705545461,0
0.7417250334817646,0.3527500715841356,0.43273413173252606,3
0.3343062966044582,0.6778403633125538,0.827548909611423,0
0.2899105956785277,0.4919035183171995,0.3187840406466663,2
0.11576417953608531,0.2539176759073125,0.11771217429811331,1
0.3529232095199457,0.07544373764596701,0.8312228888194793,1
0.3484925203215343,0.6266353051098721,0.5592603529783563,2
0.019832014685824406,0.30449384331330787,0.35626000406428227,2
0.04890404634666845,0.4570271650081027,0.554187333962155,3
0.7462797902635785,0.630930396160196,0.16682585343007184,3
0.11238899502723276,0.2525332848392573,0.30900072510630816,0
0.19967600124191154,0.3589874065270664,0.35672158936137077,1
0.021715158978555915,0.7193460483303283,0.14020018325216466,0
0.0194234376973772,0.7719597091041317,0.4597070658150376,0
0.4293064613531581,0.6240029219273238,0.20297107178050378,1
0.3477329504576906,0.8081914676290415,0.923677453362574,2
0.2730024340500983,0.8232199521060923,0.9587553579767351,2
0.3642389877993957,0.8755650017507317,0.8986806569801818,3
0.3075042658279826,0.5424760979276736,0.40033832483035814,0
0.6656874552169066,0.6458817415057221,0.39263942268936913,1
0.4078577259224563,0.9437694627679324,0.8739935211532277,1
0.9629237603907237,0.4282668239227331,0.018990199269257824,3
0.20854454581622817,0.8439156354300322,0.19752225688757308,1
0.04769285007854873,0.6688110127104239,0.3722903574878763,1
0.2485959772518569,0.6182220140167709,0.21673649714877197,0
0.9304751798391816,0.2132871736997386,0.04771073921564961,3
0.9384141645788318,0.5788101853730878,0.11903113787534803,1
0.020161751082732993,0.7761995071982356,0.1360971318467067,1
0.2473098312815999,0.18020150417200764,0.9591340995739644,2
0.2430224760624765,0.11713355773833656,0.16901128273799204,0
0.7198201387722,0.05464795505584796,0.513396190904065,0
0.2611997266976298,0.5618758009609606,0.0010669577355049142,0
0.3836772267503026,0.7186066371831761,0.8888225041686457,0
0.457467244482201,0.5859326945610036,0.10829352290423899,2
0.7394804070919951,0.40398035534560206,0.5792001306281029,3
0.09279338686561556,0.7840856463265542,0.5471182782399951,3
0.22211667952901137,0.5906411218741451,0.2614676771481419,0
0.841383839996986,0.012800722531705389,0.5287164224405618,1
0.526509621859448,0.1880177412347399,0.8342621400852578,2
0.8613152204083566,0.7833290399777036,0.3974598764879341,0
0.5441907878507785,0.4514735907818115,0.5295338919800411,0
0.2876703384444602,0.17708220666112084,0.9900460091429744,1
0.6651931542405419,0.7649547851447154,0.6136126030629994,2
0.7146417475852854,0.10079687770331858,0.5347485759333401,1
0.12347238537832161,0.14880704562882874,0.9907455281147753,0
0.7401654422191788,0.8021780291001571,0.3564714052133222,0
0.7397969046509794,0.999781026621459,0.9070006690148429,1
0.39732102827844296,0.3353531797609087,0.4403990597351316,2
0.9974646883955764,0.06242517952744964,0.41288180740397673,2
0.16408456870305344,0.8117591389102274,0.07821475808908951,0
0.05643450975924391,0.21566445239049303,0.6407667195986284,3
0.8075113967741998,0.32406979391157087,0.5737509664424116,1
0.6020723580249514,0.7630106420794744,0.79645033669281,2
0.7944833742932568,0.9842986767783821,0.4010725218255746,0
0.5295672780491824,0.12626213604313696,0.6589587961480396,3
0.9558338115065856,0.889381507548275,0.8039072769848012,2
0.419573321275163,0.06486119237680177,0.3523488225423852,2
0.16797060474603775,0.5833491681223913,0.8450440097567838,3
0.9627059430326538,0.8838200610708357,0.32607715715312946,1
0.6788692143203634,0.02549195147026473,0.4179029444041371,1
0.7744717376925359,0.727773632740769,0.29349411716425633,3
0.7726615392379121,0.47152484381153237,0.5107300330821506,2
0.8776232639193021,0.5455438731880825,0.8567163405308427,1
0.9052999209653644,0.5379909888253793,0.21819781726406762,1
0.8764115500294548,0.9926244022298002,0.0065912730371331385,1
0.5481811787717044,0.5989236256508674,0.937929319352899,0
0.23055148349786136,0.5003439868640837,0.8149655733261777,1
0.697171926542183,0.8924901237824769,0.05555834004021798,0
0.8620604698327397,0.4013611357558512,0.2016966042731997,3
0.7742195860106437,0.11343207554097245,0.3176510608237637,0
0.7805614378309191,0.11713122707084356,0.05847508634863574,3
0.8260268896374756,0.9748628639820417,0.5913664559344577,2
0.7106467408366195,0.17487637333401118,0.9476658511421882,2
0.8922323835459586,0.706895731773317,0.6016524979858988,2
0.7641287525382369,0.6748785723930912,0.07681959084596635,3
0.3973623336268316,0.5004206348092073,0.22531491905178236,1
0.28162756072693074,0.040041574415438874,0.37225231815826165,3
0.7062737346033511,0.551851323595622,0.4814336777746433,2
0.34212302214947377,0.18176469064325007,0.05966826163227579,1
0.3018767597488531,0.5212726785382985,0.1709501142927612,2
0.10028632759836364,0.03785822266164074,0.45522566589799196,1
0.5496992654539472,0.1305409382603122,0.6844009219298554,1
0.782665266506325,0.007779054174992139,0.5358309671763148,3
0.9268859440777226,0.3048276379618555,0.22848398784026214,1
0.8998596867514794,0.1798587133297348,0.004850107767446432,0
0.7923782876404162,0.12835741146328128,0.901275501765135,1
0.4765543064652833,0.2620693944992606,0.6531417135999363,3
0.6537994041564417,0.3712951644906214,0.028852211383401993,1
0.8704344662299855,0.07676204556979738,0.09061523497173496,2
0.2977860154189622,0.9516088146443141,0.681642239567111,2
0.4879558683560279,0.009715267338758382,0.762775257331082,3
0.41166654531784064,0.21299402396774814,0.7525848001414527,0
0.10819275820596674,0.16488283524181258,0.3847246527724558,3
0.15420835583919645,0.811910714145963,0.8782036319764476,3
0.22907489724212826,0.5540679799303185,0.7503791479838802,2
0.8908590183310778,0.6045686594334989,0.7222006225126819,2
0.2419106532952472,0.8180573221473605,0.30791949129324103,2
0.8181060602182523,0.21662665660063518,0.7385494334533173,0
0.18671327686938932,0.05866056393464092,0.702815889613052,3
0.9332633614572029,0.1887952044123693,0.1321868971280158,1
0.539555349221523,0.5927356906880863,0.44523723703223517,3
0.06077997741980157,0.3801108374345541,0.2801929437059688,3
0.9686430430358007,0.7334115348535708,0.9092459820760754,2
0.97226664131077,0.975537620899403,0.8999206073856566,2
0.08379080642441006,0.8195119312873633,0.45546157004300747,3
0.601822727656449,0.0691813509538709,0.15211927214475696,1
0.1543454467123615,0.467847604481917,0.8692648957356812,3
0.08378900128204025,0.2640294612114491,0.3529181577281737,3
0.6341196121538488,0.8957926361947643,0.6192971940438233,2
0.0804039801734282,0.6682818913306731,0.9715451136502398,1
0.07358191698242011,0.25363861052128633,0.13960150133069982,1
0.8873671491547883,0.29557808255843654,0.9104758976306768,1
0.189579223753223,0.9244028637266091,0.58815841550121,0
0.9160089567346056,0.35281348683971714,0.742762484415347,2
0.31772771057225413,0.5186075046554057,0.8920078498851683,3
0.5665234976054219,0.5243927796803105,0.47752228966418975,3
0.08740375419527413,0.3222235556606218,0.053858146982293076,3
0.2582472249174915,0.9157761786411205,0.6499526264326074,2
0.7173688937019386,0.6873588693672933,0.1295388637823558,3
0.5572438675380385,0.5087181970150229,0.6586004574278133,0
0.638675734756297,0.30190278070684495,0.8096198742020086,0
0.4081596316010996,0.5413273583108315,0.07636397725061506,2
0.15178289977831072,0.24824886373343003,0.9455370249824933,1
0.0008033657603705446,0.592255291993379,0.9212089419322361,3
0.6507794123955504,0.2548004348633367,0.8401512654922532,2
0.8379213069400345,0.06451080122116937,0.7177650684293864,0
0.8556294856881056,0.19896140122947403,0.9689778767040074,0
0.15075739283724854,0.9262601370347703,0.2132761621670647,2
0.8231163834557575,0.09825211770226872,0.6464115505073225,1
0.5392580687730479,0.3542128549331214,0.0006951499039505871,3
0.44452198231618567,0.20737645513836467,0.44426045914027623,0
0.6860654210487436,0.3716036269958881,0.3125446316359767,3
0.3058537791125049,0.9560709895046916,0.5076565325669147,1
0.42658852772495726,0.7333942984681644,0.4915987434409951,3
0.501697096218495,0.14692122559161525,0.9214720776452853,2
0.6935581738416742,0.01588003150486761,0.5892694400297598,0
0.4565440476802022,0.47357584821586707,0.44046765023994416,1
0.13151658394574461,0.13709945218931996,0.19903274157197182,3
0.7537262219989932,0.2084913754924863,0.3896073138971893,2
0.27658147164166946,0.3688856079647074,0.8969096289900547,2
0.6089363503409789,0.15849383128797145,0.5697157857316792,1
0.17218240100143978,0.5196876728318583,0.3240892527804927,0
0.21476916255137124,0.9331166158976165,0.009590347704694024,0
0.5104988379449852,0.4837253407587112,0.15193534629281813,2
0.9811375738811334,0.7407023633983376,0.7240217882119282,0
0.4387748999107072,0.8124720102631002,0.14407959529224135,3
0.0671842322801669,0.021840489233885485,0.37152829600248716,3
0.04886356507728906,0.01888874849182476,0.5908611774128162,2
0.11457562395667242,0.8194112715190467,0.9632324505085699,3
0.9042080594544271,0.24182934424463076,0.36336304251172336,1
0.9348976519915771,0.4595354125726301,0.4884565411855434,0
0.5036805816000234,0.015279837937357321,0.0030899361292434646,3
0.7934690920224956,0.43596658361094986,0.7176690603493667,0
0.9287518397469282,0.7134579922832326,0.14568080136702066,1
0.718085790751323,0.9662380052776546,0.12933064904468516,3
0.5333893178125207,0.7666484231289035,0.4380349661091165,3
0.6315129811644045,0.8924023066659915,0.4994502684205073,1
0.23078155266958322,0.731943404336595,0.17750898923868896,1
0.740310783909526,0.03722221907523671,0.002472371031390974,0
0.3589174789503383,0.6158274356590107,0.6521698641569134,2
0.07631061135701911,0.8855054421749033,0.8072137954102957,3
0.7253727512805704,0.2299023626797464,0.23036190808868473,0
0.8754138039571006,0.7843764831572914,0.23027136428443995,1
0.4361113033590154,0.23244801250913028,0.38687419638157383,2
0.6395139275227913,0.40536886417685525,0.4280477107111401,0
0.9057898320135014,0.9709915867142257,0.4354086077963556,0
0.7523024090765117,0.9054887069168368,0.4765263946366526,3
0.48275752252969095,0.20224631480429045,0.9601123522504836,2
0.6237308771317766,0.42224422872068934,0.7603048244195645,1
0.24237171298142013,0.6336441736989759,0.3194463180737067,1
0.8141964428475092,0.020874247049281647,0.5546716796114696,1
0.39292441965690594,0.628165405043746,0.0022761708713489037,1
0.09428774307887078,0.07484972078398966,0.431255715973313,0
0.2994781107470864,0.29059864628982857,0.4812781031112092,2
0.4568625214301283,0.14082314862172973,0.4317946809895651,1
0.11010699173202854,0.7033269692543778,0.5932534963147822,3
0.44361515800116225,0.03247185830450161,0.3915374826678787,2
0.7822886307250467,0.22292583307625125,0.24531329025524395,1
0.1414008962591602,0.06417292052100743,0.9197626678173264,0
0.12183592174190194,0.8457648587073321,0.19441533878403983,1
0.6139086522536601,0.2261788479394844,0.5581502525894179,0
0.2808089009081738,0.6656502313005696,0.7260766537916784,2
0.2555160548077138,0.47676633770882015,0.9379001883562219,1
0.9804729399669309,0.25370939947015436,0.3298585741526854,1
0.5014661245394503,0.09263259409365066,0.8894372372173242,2
0.1251182968334149,0.06559066661292545,0.6199847854239084,0
0.8649525514507377,0.8700835502222858,0.0007521339509666269,3
0.23630258797281822,0.4011357732264982,0.27607187618452533,0
0.7641683217680244,0.2188161564039497,0.6769349748893367,1
0.3937253752981986,0.6080976211766426,0.8676701285442748,0
0.3518629579494663,0.6699876664239851,0.6544142129461997,0
0.45705841238097633,0.48920820474701976,0.2725876820595293,3
0.12859518136348658,0.3848697978978066,0.28798831592500806,0
0.9872040548168705,0.5731492965701824,0.4079991657959344,3
0.6155690665538424,0.7873421969787702,0.8681642071803475,0
0.41905109692871023,0.5180576108042388,0.8184977985652718,2
0.180078221922363,0.9039618409745754,0.8332983354378358,1
0.6057051474077296,0.8295009416121127,0.5490864194546377,2
0.4127866091937036,0.3823114609321213,0.5522775257388646,0
0.107254675339025,0.6862229297963441,0.12238936889614893,3
0.7766967552442915,0.7468896020365541,0.310307651007393,0
0.21430953389807694,0.5742062731362461,0.9384197505406745,1
0.2342519473725102,0.8534130639206386,0.24763992879445407,2
0.13964469478135288,0.10745378223617297,0.5392066487537293,2
0.7899477640722611,0.9389401034126392,0.5952204258759051,2
0.1931696651565834,0.6743485678465119,0.38729774784018767,2
0.30546318667779604,0.02533316105288086,0.9625803597220621,0
0.5521710780674303,0.6307584148893602,0.5590942528300432,1
0.17677171904644884,0.39110939807427847,0.34753938881467805,1
0.8368568668314312,0.26065099537540504,0.512156437839515,0
0.8524753442187549,0.6594803907995705,0.7976384113881595,0
0.12444949052383136,0.18849779274102096,0.515869395685814,1
0.06704069371001264,0.3498156865767088,0.43143846741717584,2
0.6206407420803149,0.17765503095547153,0.4049660837861422,1
0.9492197578965327,0.09053261153392611,0.3683385537900661,3
0.40855602028737803,0.4987065639889674,0.40416998734040677,3
0.5677925944132296,0.1474510308469673,0.5133367354200504,1
0.9164515328022138,0.06938526283983282,0.6759722421101466,2
0.6858513370592533,0.8605896327887526,0.4197182113468847,1
0.44892554586340716,0.06955131829602867,0.9292015672004579,3
0.9056650042990597,0.9453267623410163,0.08904358332391016,2
0.628785088533427,0.9447853871874736,0.018307136187316497,1
0.6382513551812974,0.05473835507360891,0.2649830600163047,0
0.1311414678159084,0.20742117997437848,0.05951494755527509,0
0.5406607914545323,0.5872212999232671,0.9312633259799988,3
0.8558813589957819,0.6184383851435374,0.5304408338708003,1
0.4889748465795508,0.6335950659207202,0.46607152997455914,1
0.6704692309644176,0.02815060503393041,0.8362442337829668,1
0.4990553197859118,0.6504035730678313,0.9574021853816407,0
0.4003678004700647,0.7608825703207155,0.2316814474633807,3
0.11196589188461747,0.543480074127988,0.8577558216157918,1
0.18767552431015155,0.978463557759804,0.6908608922240043,3
0.09788408149067196,0.21988613379218092,0.9053454907336311,0
0.09331275147479945,0.003801974180307699,0.8632189073020173,3
0.8506930484772782,0.028822008392266008,0.4357755004319174,3
0.8914465449021357,0.9661076970361682,0.28666269263236277,3
0.7374516736657625,0.9746755998614444,0.4010493577082642,1
0.6707093695059715,0.3772724818573231,0.9152757859000001,3
0.15795878897151994,0.2758324063722192,0.14649125399204665,3
0.8182785156726848,0.2585690535292159,0.6522736259919268,1
0.24458409384457303,0.5257227456620858,0.23323169231849994,3
0.053731276697426056,0.6133639060793068,0.6783171557963784,1
0.26404341286450805,0.45499743511856106,0.9810979581934909,2
0.6967913953708555,0.46116462879815157,0.46441336365372854,0
0.15429918899859696,0.43000305011134166,0.6744974611611756,0
0.31036300418662544,0.9101945817308892,0.580012334650526,0
0.37285062443677375,0.6389521562471903,0.6012084884393384,0
0.6423749181962423,0.5282182393727062,0.85107618956741,0
0.053260016482600814,0.6973502662417449,0.49365506344935106,2
0.3895926589022428,0.948739291184022,0.050927571071139544,3
0.06080748947545245,0.0102346065541985,0.15520513098747912,3
0.046705071588058034,0.844855527467947,0.8663139869666435,3
0.04112405368133165,0.7551291158065432,0.6122729163106295,2
0.6966611675396289,0.3960894130699689,0.12095169784570714,3
0.2751229986697118,0.7736025348713016,0.20691936656568533,2
0.5646050036351721,0.487851483740503,0.06675824511500528,2
0.8120822409112887,0.18410998618044982,0.6618828639056137,2
0.19958762510961103,0.7470677209889072,0.36014699372410797,0
0.22184807929463313,0.7877548977515095,0.3053230878484541,1
0.73896711146201,0.861408206750318,0.8136105420890228,2
0.7429720105765837,0.4613652501994705,0.24536802512286404,1
0.9746924230291987,0.7602106988686691,0.5140466654411203,0
0.1393549401395211,0.48602117326130234,0.8078894930533489,2
0.4795589985352853,0.08967437846585813,0.6888665472228336,1
0.9971467245392739,0.28066481939478116,0.4505101265509982,0
0.2311833342000149,0.24298500230285514,0.7917147384210294,3
0.45630536675102973,0.2144007550802638,0.07409045734571829,1
0.7478166033987811,0.7586903605345274,0.9731726972838052,3
0.8184528985520501,0.4157703865456194,0.06157221936455448,2
0.9900547944575031,0.8349344386611746,0.23451045648051982,2
0.41823426613845394,0.25150825119262843,0.22636296412028956,3
0.412822748425976,0.3272971210944928,0.39992101264736646,3
0.7810387249568008,0.16624185072317155,0.13486956709044384,1
0.6411864776962497,0.9300918859572259,0.15601500768161025,1
0.6097841506149474,0.1659642752889151,0.9083310950024857,0
0.9554146643946163,0.06600510947812954,0.020291873271007788,3
0.09171690727938875,0.1658671216369647,0.10606647578224881,3
0.41410253325424795,0.11545917966678876,0.3033713484710566,0
0.25997276800511715,0.25330040639438756,0.7242211190035232,2
0.10002329106320285,0.05923250738382024,0.2516390804268642,2
0.6456799369345745,0.8816791386726458,0.8556706344971663,2
0.20000310269072952,0.37720077949726827,0.9088411160194296,2
0.29433589212354216,0.8761635194698627,0.4149215247382344,0
0.1385891986633524,0.7778819702907508,0.7713990096312314,2
0.0225484655121575,0.2811492036927675,0.6631178132585176,0
0.4688374167973802,0.06595389448125577,0.7093527185975641,3
0.34892641614095976,0.2529912655517932,0.06527377200763085,2
0.7497236391562982,0.9624944883445264,0.3656991075551066,1
0.02144361937003947,0.9268569332129184,0.0021136257397191827,3
0.8605407238269934,0.7644920599966731,0.2773418528937951,2
0.5127149725832921,0.8270151488487868,0.6534473814579013,3
0.9893870214353435,0.3623771132134168,0.6197673500762867,3
0.0002612755440779546,0.5030071064186438,0.45137129960185585,1
0.20896253336835136,0.44598516875092653,0.4745547175567737,3
0.6640259431821454,0.3945948951843541,0.8080262649432722,2
0.5696100271881857,0.807240432897044,0.35028634006228265,1
0.041377259962725454,0.926498477844202,0.9224193586928939,3
0.648066377815703,0.5693776605226303,0.3003593355859464,0
0.004635053302400993,0.5903569282285733,0.5367992695148692,2
0.6522233343426939,0.09391687446985364,0.18762038695969663,3
0.9665271201511513,0.07568747482757465,0.06156627612619092,3
0.036540199434108356,0.33616370360282954,0.5564982617852355,1
0.6034435179294128,0.18151767861398727,0.6916867302958359,0
0.4538415931880905,0.45810048378043033,0.6232005360604731,1
0.9941904022834208,0.5299560411514419,0.06155113818376967,2
0.570792608819088,0.4531206310377687,0.6362580428734919,1
0.3038848582005801,0.03433463924098479,0.44410100982711664,2
0.233646320792122,0.49138089044916367,0.9623887170533678,2
0.9432801780413705,0.7777847341175975,0.38337875242986497,0
0.042163893348598935,0.3354637750997891,0.1271619619841058,0
0.4893766253758819,0.9110631108996441,0.7208818277159713,1
0.8884911072306773,0.8633626944615775,0.49567797689251547,2
0.7741654597597112,0.8904197259848311,0.6291761733665256,3
0.18146538248826616,0.13815789051658156,0.8342124450670946,3
0.610874105838675,0.275744797610473,0.8549524662490364,2
0.1944184097872257,0.24471058370255283,0.17195448608706165,3
0.19010271768973952,0.010213106467560684,0.24837312398777633,2
0.7530405656303555,0.05384896465926159,0.31715659116338235,2
0.16024413215844402,0.5535822659410197,0.8007259415519828,2
0.8227232358095146,0.9604943426006417,0.9001639066016575,1
0.6719426621967741,0.787019575383668,0.22521436489805968,3
0.1331378232735766,0.39373333799563304,0.31600073204183887,2
0.858605508779624,0.08230310892509374,0.7213246393245276,1
0.9179005365306724,0.973999282143955,0.8881616870080309,0
0.546546102773663,0.634895113359053,0.1328800661498184,1
0.6643139737816459,0.1755286590478038,0.3982909278255131,1
0.24223407657859575,0.4750465157771394,0.30635921006200495,2
0.8964266912818275,0.8317473976799707,0.8946932217790212,2
0.8761126175218337,0.36141048268167,0.5856983522876062,3
0.40475990861414557,0.7471203100838495,0.4688687865039153,3
0.18556238659273183,0.6521586452089116,0.8608990885352306,2
0.4900394903208828,0.3456262684305703,0.3364274051964342,2
0.771892583205726,0.5843814087198081,0.6069554925206713,3
0.8937481598794111,0.2205346105191146,0.48787724605544613,0
0.8156950965092239,0.19776928909650482,0.02167325886150706,3
0.7206589920431009,0.32754927095650244,0.8482490139100645,2
0.17551798790413176,0.41960225542229135,0.5513254937929862,1
0.2694573459313052,0.32790771942738894,0.6069285352383258,0
0.5417362351022244,0.6816616884901922,0.7501517969721327,0
0.6508450269758219,0.48318574029103,0.13375117075389742,0
0.898185196139478,0.7998779717432067,0.046641392738958065,3
0.01168180962902432,0.32184149073950474,0.016059714976285333,2
0.36293834337349873,0.748731325742969,0.8590164121486095,1
0.19880518314665463,0.4965989751547788,0.33042794117606433,3
0.4663310498972769,0.939926386997444,0.3342329438408562,0
0.5596679104100994,0.1740267963886244,0.796829178901445,2
0.4939457814861603,0.13941078972366783,0.1941027912443959,0
0.9120007758149141,0.9176765299968137,0.4348718356152701,1
0.5266578086336837,0.4690438888479085,0.7949464564424464,0
0.7576387602137961,0.48556323932715395,0.6838347194979482,1
0.441431385379603,0.9208807502837746,0.3538878565786817,3
0.10373265036320267,0.70109434007344,0.626637629417247,1
0.9415297752668436,0.04707899908720958,0.6221338274132985,0
0.039629058848114296,0.8487688009676638,0.2028244565398022,3
0.8618481442027475,0.157090371427826,0.8973803880876913,0
0.9551479718831872,0.03281585574306489,0.5531119588998044,1
0.8688933724359488,0.5314416427140384,0.4075272913099105,0
0.7152669342149143,0.5153726898244018,0.4801659260169244,0
0.5404975036768995,0.7457903371669987,0.8773805570119024,3
0.9702052249686506,0.1257405177349865,0.3861447296677569,2
0.6128609276082586,0.2988434980056517,0.6212328957617272,3
0.4209420118280298,0.36446644271308826,0.8617216563249827,3
0.6474600985028748,0.35730048869591235,0.6550239539421218,3
0.08861727060262925,0.5359281216720106,0.6155653232825414,1
0.09813127577613401,0.6780147846038252,0.477750997241878,1
0.6391507059160496,0.7492724222995588,0.9650577977758094,3
0.7484951901337995,0.8288068023114282,0.08264107181097557,3
0.42990465485868445,0.4650969504203133,0.4363810829881327,0
0.6220077798259921,0.3424895793856738,0.36596316876639456,1
0.73750733062123,0.7957618343123198,0.8298111294925552,0
0.6438982474427343,0.09630489183774626,0.6843796605677227,1
0.992888880414291,0.30092499144456997,0.5614556973038434,3
0.4865836122910022,0.9900396871580552,0.323964545735109,0
0.09258165211532432,0.8318765301246545,0.6442336857429761,1
0.6808668072173818,0.12377221854519038,0.32876182233500917,1
0.3071025588885622,0.10871049354998263,0.3659063579532005,3
0.7719928471273263,0.2296587998094719,0.6555895184767747,0
0.454572348635379,0.9639488452922583,0.9897525197630047,1
0.5475770328655362,0.0241953212821977,0.6091625724972272,2
0.1949829049934968,0.44104328393436243,0.07072735873974167,0
0.7740994778903918,0.2566331043350437,0.5960307812124602,2
0.5668665636648644,0.6040466301034491,0.026221500930685093,2
0.9962119627262475,0.01473242575571132,0.6113069866273045,0
0.6720362185656099,0.4033994488216661,0.26884750091947285,0
0.04556078204890068,0.45571841307192906,0.6135133883897879,3
0.6946188972399765,0.9991654836400526,0.9546277358400855,0
0.7166980930836503,0.953601406776425,0.8017140823982382,1
0.08043075143788325,0.008622369859785262,0.010209873212431053,1
0.46617073836327727,0.32657847334337187,0.9897778085764202,1
0.888715997868729,0.04016440224389395,0.845911650175727,0
0.7589739628881167,0.06771541339275078,0.4391424408556509,2
0.29340681068721564,0.29927644689969746,0.39521025111772345,3
0.10234292871640616,0.15403370367700842,0.25556158109892246,0
0.5069283398920831,0.8849782351926021,0.6950777967279457,2
0.901472284331864,0.43403427032686415,0.3101097478895959,2
0.7394319058107266,0.8446077630693178,0.34024405746513375,2
0.9681717449649754,0.792516369578776,0.122049351545516,3
0.1693415897171967,0.55375611038094,0.805957092483352,1
0.1858425412856557,0.135081797285456,0.15399258252247172,1
0.5399402329905713,0.6453140578682908,0.05397099107217651,0
0.05238561901416683,0.630062263658421,0.1720445112575355,1
0.8667805111608814,0.8415843900408225,0.46679554522454336,3
0.818661067444401,0.4969940682745878,0.6297844595644708,0
0.44073696988428934,0.9173182184532994,0.510045259569218,3
0.7277012871560335,0.9130324577499567,0.26129822379822165,0
0.9336501686584855,0.5235706581424795,0.3248598419861689,3
0.8825347554875985,0.7353675092922805,0.14949445773320047,2
0.9864073771647687,0.6407417159832712,0.7173915271058362,1
0.38037598094199965,0.1969506652266847,0.7387836820007181,3
0.3845718507036785,0.8739909256966397,0.6799767929744316,1
0.4896701763558151,0.884494234057613,0.4045040179267757,3
0.6833968785497077,0.5290347767687258,0.4099923986609306,3
0.6783924070740555,0.26028557567632726,0.44474081576137425,1
0.7180670033396734,0.254172520149071,0.7817541793387044,0
0.3118886975926417,0.48199626557346265,0.75331599700183,0
0.585347212445254,0.8052240666098675,0.7169232460657933,1
0.5951470892105132,0.1811657888021131,0.8960913251937083,3
0.7967613844538853,0.849813256741097,0.5188632418001362,0
0.5575739543402641,0.9871715475562282,0.8294575559358842,1
0.5965784942484528,0.7138499014683745,0.28121967279387206,3
0.37376823000411163,0.3976771064541019,0.3221021205692517,3
0.7213941002659432,0.39620162968000605,0.4037074141308876,3
0.9844724202822256,0.9870816747746833,0.9541605613133288,3
0.5134733896674402,0.027233348581473193,0.44194391060501204,0
0.7487593898486882,0.9703367383990051,0.7254472768062533,3
0.49188884528618404,0.8961663525582568,0.9893746611736038,1
0.5649554174161837,0.6102416386637977,0.5612479805042025,2
0.4934373478324554,0.12183333853494438,0.27585000967198536,3
0.353000579667753,0.22225467265112175,0.25465475812124616,1
0.4804979369418565,0.14312937785067437,0.49518270843858825,3
0.620071810282307,0.03858028088143228,0.5619288380679424,0
0.2602708348718048,0.8656774213202271,0.49002859212727734,2
0.279350328897336,0.7593325659477166,0.8011812982459243,0
0.9685770541214594,0.6793745851375782,0.6824289806635031,3
0.5891914621586354,0.0316907129041748,0.2072583018058084,1
0.6615598235754646,0.453790431750821,0.6225979996608347,1
0.5430309949438329,0.16568602504465513,0.25943241361701463,3
0.48302948737134943,0.9597456697846609,0.36433003234541217,2
0.6699940142774115,0.2634782059658053,0.6676035496732741,1
0.08660209335512903,0.5706723992063298,0.42925956931226406,2
0.5799635073674568,0.2990278391034955,0.76559195630528,3
0.1638460428638785,0.10037223321787359,0.4734753617601347,3
0.9453379448168177,0.4727491401562689,0.10400929723354313,0
0.0455604146254186,0.8568584683148799,0.06299182918033608,2
0.7224095576574849,0.36497032855551714,0.08387488863196402,0
0.505677822789673,0.44002419514124624,0.09150220707093171,2
0.37009833249856816,0.23614033694284298,0.8653054170170993,0
0.2476165991005287,0.8462076643768338,0.5867938802489878,1
0.7862609688292319,0.9617611029716125,0.9932527726507969,3
0.10662290140123865,0.9307022607396505,0.5067404467495353,3
0.12681123335631606,0.9247172901550954,0.5884072757481792,0
0.499782603259034,0.7395281781506047,0.15490533113707805,0
0.6158410791115124,0.8430989144734795,0.7758038147243458,3
0.25862479431904006,0.901060829147633,0.30869420721450547,0
0.7921484480783395,0.8808064007760783,0.18108486548072933,3
0.29365409002629617,0.43721776253909395,0.5114216539770459,3
0.758882820212581,0.6741358692949438,0.8182829237544698,1
0.8703173390260913,0.14956154755575402,0.5067280599532511,0
0.6966602677186728,0.7470844728213354,0.44854769558148133,1
0.5224598969828668,0.5408586765121738,0.6733387798360458,1
0.8707589119754612,0.5386999598479871,0.3938099428520284,0
0.9258499036550762,0.5371141140171786,0.391161543417586,3
0.8924168876618107,0.18692710403035662,0.8423811017848226,3
0.4364732381026172,0.577497574107844,0.5433263357993332,1
0.7518471473978017,0.008028255649478178,0.12974339475002916,2
0.10234412661584125,0.5182860236276414,0.9507397203320971,1
0.5248924552739372,0.011072864928801995,0.35115951726758465,1
0.47026844003948876,0.37800177586935013,0.5815848388393275,0
0.7370760899962239,0.8700366296177524,0.6299998124911097,3
0.26429773013142843,0.704487388731579,0.3175032837648397,0
0.8720432954176646,0.6707614417384569,0.7292287343999317,1
0.3489685847108801,0.22610128644769467,0.23144907128229386,2
0.028982003738266426,0.5612119355766361,0.5474776603551458,3
0.36605798521920374,0.9263086330357618,0.5622790786829105,1
0.5970516692443126,0.025086846376268013,0.06801248349309852,1
0.6494432407565577,0.09464168689823227,0.3722272989878519,3
0.1466199931423514,0.4373801325403299,0.2935514251800795,3
0.09544458739872153,0.24491123448871577,0.886095122400111,2
0.9300000982554939,0.3306377719882966,0.5157203904611046,1
0.5613900657697466,0.9745217065819763,0.8199617802687627,2
0.1683400678408168,0.636572106700955,0.6006184493806244,2
0.02758104033673281,0.03981505196092905,0.13518693181902153,2
0.2603244438249621,0.8949786738849561,0.48565811202152775,0
0.018848572936646768,0.4840942687070069,0.35441511754076394,2
0.8083065662109726,0.5510738747608653,0.3447091018943106,2
0.27567827841530546,0.9833306122976622,0.25743617299678934,2
0.3846567813566274,0.5832272254479892,0.13930433671062625,2
0.8260483230082415,0.635476102204716,0.7837994746059591,2
0.2976043771959834,0.8344944127622562,0.15505299862003052,0
0.29297131456575176,0.08919526792681431,0.6066413350567482,1
0.12882297657580988,0.6104984274998235,0.5143001820184594,0
0.7769313219885201,0.8365274148205039,0.38565179143412276,2
0.1463545743681881,0.9028526663757318,0.3832990195900534,3
0.6013194433374672,0.3098095654326717,0.062422699392344794,1
0.4811845374787208,0.7922121586472313,0.43196054401207307,2
0.053035388151779106,0.9249468522556266,0.7522925110221715,2
0.9863747078206287,0.8102217476315899,0.21975069449591766,3
0.87138490323629,0.10493567936144599,0.4482490244189723,1
0.803579410343859,0.20952202460310032,0.5578838791615027,0
0.42347721653128256,0.9337996169039824,0.171346041560548,1
0.09157468624519705,0.028150195781529774,0.1594244467434215,3
0.2334980957227658,0.9258808774119478,0.2716397939035837,3
0.5435865246992206,0.10569392963458757,0.3093602349748348,0
0.8214936844458093,0.14770698490508805,0.3995799674971351,0
0.8684491438078881,0.5058934648381954,0.39020714135244605,0
0.2680571093911861,0.36050580199613436,0.4345786126850796,0
0.6249396576468266,0.039854508898639396,0.7953962753149317,1
0.7601640886426979,0.7863780586802707,0.8069871193078288,2
0.9249898959430114,0.1015709324745333,0.9122908640189821,3
0.6473905320239285,0.5441019931369625,0.709618704271099,3
0.04278130125516433,0.06225234617678421,0.7632305999582955,1
0.2731897385955029,0.8551284151370642,0.5563997107810491,0
0.15015674195686024,0.9598239919732797,0.9459966984407879,3
0.5652383226323212,0.28574247076439563,0.7586775337663145,3
0.245735910704997,0.35151215393435653,0.46437555717446855,0
0.7036733449473528,0.06307957417957566,0.9510066104767179,1
0.6077592731970312,0.9222341506729685,0.40751907075626226,1
0.26011189620932496,0.6080386656331376,0.6099000260708164,0
0.46816693017104527,0.37975456099766125,0.26200267792440457,1
0.9307547619806347,0.4808603990829028,0.17495180365799468,3
0.9393828012144417,0.06193784189058538,0.4460744835578466,2
0.8303770246365597,0.054860654658179686,0.0847032419504894,2
0.678846106650248,0.5001702778911592,0.887710688193835,0
0.025405613914249003,0.1962241021262231,0.3151683570737811,0
0.6291898887970973,0.9783405858433827,0.8862456150372342,2
0.019978427444010682,0.3284465121862855,0.2761148768713454,2
0.6615242873780944,0.28153922953069854,0.1300027092379702,0
0.6721764773726269,0.35937506008625975,0.13385487478208602,2
0.5100772462257451,0.3599728392121093,0.18556713652500667,1
0.296766611867058,0.10705913610348716,0.9419329114557429,2
0.8651569133259103,0.19385498649033717,0.6885180946243215,3
0.21510542747297756,0.4008876341294303,0.7005162083499378,1
0.6362506583203416,0.3536514988991928,0.5324107755869261,1
0.3034515252809833,0.9017727348027302,0.9596784553078266,1
0.5726432358887591,0.9022042912444767,0.4256114463550722,1
0.6767643346708031,0.728846382394193,0.14135583513169347,1
