event_id,venue_id,zone_id,timestamp,timestep_index
EVT_OLY_2028_001,VEN_STADIUM_12,ZONE_GATE_A1,2026-07-15 10:00,0
EVT_OLY_2028_001,VEN_STADIUM_12,ZONE_GATE_A1,2026-07-15 10:05,1
EVT_OLY_2028_001,VEN_STADIUM_12,ZONE_GATE_A1,2026-07-15 10:10,2
EVT_OLY_2028_001,VEN_STADIUM_12,ZONE_GATE_A1,2026-07-15 10:15,3
EVT_OLY_2028_001,VEN_STADIUM_12,ZONE_GATE_A1,2026-07-15 10:20,4
EVT_OLY_2028_001,VEN_STADIUM_12,ZONE_GATE_A1,2026-07-15 10:25,5
EVT_OLY_2028_001,VEN_STADIUM_12,ZONE_GATE_A1,2026-07-15 10:30,6
EVT_OLY_2028_001,VEN_STADIUM_12,ZONE_GATE_A1,2026-07-15 10:35,7
EVT_OLY_2028_001,VEN_STADIUM_12,ZONE_GATE_A1,2026-07-15 10:40,8
EVT_OLY_2028_001,VEN_STADIUM_12,ZONE_GATE_A1,2026-07-15 10:45,9
EVT_OLY_2028_001,VEN_STADIUM_12,ZONE_GATE_A1,2026-07-15 10:50,10
EVT_OLY_2028_001,VEN_STADIUM_12,ZONE_GATE_A1,2026-07-15 10:55,11
EVT_OLY_2028_001,VEN_STADIUM_12,ZONE_GATE_A1,2026-07-15 11:00,12
EVT_OLY_2028_001,VEN_STADIUM_12,ZONE_GATE_A1,2026-07-15 11:05,13
EVT_OLY_2028_001,VEN_STADIUM_12,ZONE_GATE_A1,2026-07-15 11:10,14
EVT_OLY_2028_001,VEN_STADIUM_12,ZONE_GATE_A1,2026-07-15 11:15,15
EVT_OLY_2028_001,VEN_STADIUM_12,ZONE_GATE_A1,2026-07-15 11:20,16
EVT_OLY_2028_001,VEN_STADIUM_12,ZONE_GATE_A1,2026-07-15 11:25,17
EVT_OLY_2028_001,VEN_STADIUM_12,ZONE_GATE_A1,2026-07-15 11:30,18
EVT_OLY_2028_001,VEN_STADIUM_12,ZONE_GATE_A1,2026-07-15 11:35,19
EVT_OLY_2028_001,VEN_STADIUM_12,ZONE_GATE_A1,2026-07-15 11:40,20
EVT_OLY_2028_001,VEN_STADIUM_12,ZONE_GATE_A1,2026-07-15 11:45,21
EVT_OLY_2028_001,VEN_STADIUM_12,ZONE_GATE_A1,2026-07-15 11:50,22
EVT_OLY_2028_001,VEN_STADIUM_12,ZONE_GATE_A1,2026-07-15 11:55,23
EVT_OLY_2028_001,VEN_STADIUM_12,ZONE_GATE_A1,2026-07-15 12:00,24
EVT_OLY_2028_001,VEN_STADIUM_12,ZONE_GATE_A1,2026-07-15 12:05,25
EVT_OLY_2028_001,VEN_STADIUM_12,ZONE_GATE_A1,2026-07-15 12:10,26
EVT_OLY_2028_001,VEN_STADIUM_12,ZONE_GATE_A1,2026-07-15 12:15,27
EVT_OLY_2028_001,VEN_STADIUM_12,ZONE_GATE_A1,2026-07-15 12:20,28
EVT_OLY_2028_001,VEN_STADIUM_12,ZONE_GATE_A1,2026-07-15 12:25,29
EVT_OLY_2028_001,VEN_STADIUM_12,ZONE_GATE_A1,2026-07-15 12:30,30
EVT_OLY_2028_001,VEN_STADIUM_12,ZONE_GATE_A1,2026-07-15 12:35,31
EVT_OLY_2028_001,VEN_STADIUM_12,ZONE_GATE_A1,2026-07-15 12:40,32
EVT_OLY_2028_001,VEN_STADIUM_12,ZONE_GATE_A1,2026-07-15 12:45,33
EVT_OLY_2028_001,VEN_STADIUM_12,ZONE_GATE_A1,2026-07-15 12:50,34
EVT_OLY_2028_001,VEN_STADIUM_12,ZONE_GATE_A1,2026-07-15 12:55,35
EVT_OLY_2028_001,VEN_STADIUM_12,ZONE_GATE_A1,2026-07-15 13:00,36
EVT_OLY_2028_001,VEN_STADIUM_12,ZONE_GATE_A1,2026-07-15 13:05,37
EVT_OLY_2028_001,VEN_STADIUM_12,ZONE_GATE_A1,2026-07-15 13:10,38
EVT_OLY_2028_001,VEN_STADIUM_12,ZONE_GATE_A1,2026-07-15 13:15,39
EVT_OLY_2028_001,VEN_STADIUM_12,ZONE_GATE_A1,2026-07-15 13:20,40
EVT_OLY_2028_001,VEN_STADIUM_12,ZONE_GATE_A1,2026-07-15 13:25,41
EVT_OLY_2028_001,VEN_STADIUM_12,ZONE_GATE_A1,2026-07-15 13:30,42
EVT_OLY_2028_001,VEN_STADIUM_12,ZONE_GATE_A1,2026-07-15 13:35,43
EVT_OLY_2028_001,VEN_STADIUM_12,ZONE_GATE_A1,2026-07-15 13:40,44
EVT_OLY_2028_001,VEN_STADIUM_12,ZONE_GATE_A1,2026-07-15 13:45,45
EVT_OLY_2028_001,VEN_STADIUM_12,ZONE_GATE_A1,2026-07-15 13:50,46
EVT_OLY_2028_001,VEN_STADIUM_12,ZONE_GATE_A1,2026-07-15 13:55,47
EVT_OLY_2028_001,VEN_STADIUM_12,ZONE_GATE_A1,2026-07-15 14:00,48
EVT_OLY_2028_001,VEN_STADIUM_12,ZONE_GATE_A1,2026-07-15 14:05,49
EVT_OLY_2028_001,VEN_STADIUM_12,ZONE_GATE_A1,2026-07-15 14:10,50
EVT_OLY_2028_001,VEN_STADIUM_12,ZONE_GATE_A1,2026-07-15 14:15,51
EVT_OLY_2028_001,VEN_STADIUM_12,ZONE_GATE_A1,2026-07-15 14:20,52
EVT_OLY_2028_001,VEN_STADIUM_12,ZONE_GATE_A1,2026-07-15 14:25,53
EVT_OLY_2028_001,VEN_STADIUM_12,ZONE_GATE_A1,2026-07-15 14:30,54
EVT_OLY_2028_001,VEN_STADIUM_12,ZONE_GATE_A1,2026-07-15 14:35,55
EVT_OLY_2028_001,VEN_STADIUM_12,ZONE_GATE_A1,2026-07-15 14:40,56
EVT_OLY_2028_001,VEN_STADIUM_12,ZONE_GATE_A1,2026-07-15 14:45,57
EVT_OLY_2028_001,VEN_STADIUM_12,ZONE_GATE_A1,2026-07-15 14:50,58
EVT_OLY_2028_001,VEN_STADIUM_12,ZONE_GATE_A1,2026-07-15 14:55,59
EVT_OLY_2028_001,VEN_STADIUM_12,ZONE_GATE_A1,2026-07-15 15:00,60
EVT_OLY_2028_001,VEN_STADIUM_12,ZONE_GATE_A1,2026-07-15 15:05,61
EVT_OLY_2028_001,VEN_STADIUM_12,ZONE_GATE_A1,2026-07-15 15:10,62
EVT_OLY_2028_001,VEN_STADIUM_12,ZONE_GATE_A1,2026-07-15 15:15,63
EVT_OLY_2028_001,VEN_STADIUM_12,ZONE_GATE_A1,2026-07-15 15:20,64
EVT_OLY_2028_001,VEN_STADIUM_12,ZONE_GATE_A1,2026-07-15 15:25,65
EVT_OLY_2028_001,VEN_STADIUM_12,ZONE_GATE_A1,2026-07-15 15:30,66
EVT_OLY_2028_001,VEN_STADIUM_12,ZONE_GATE_A1,2026-07-15 15:35,67
EVT_OLY_2028_001,VEN_STADIUM_12,ZONE_GATE_A1,2026-07-15 15:40,68
EVT_OLY_2028_001,VEN_STADIUM_12,ZONE_GATE_A1,2026-07-15 15:45,69
EVT_OLY_2028_001,VEN_STADIUM_12,ZONE_GATE_A1,2026-07-15 15:50,70
EVT_OLY_2028_001,VEN_STADIUM_12,ZONE_GATE_A1,2026-07-15 15:55,71
EVT_OLY_2028_001,VEN_STADIUM_12,ZONE_GATE_A1,2026-07-15 16:00,72
EVT_OLY_2028_001,VEN_STADIUM_12,ZONE_GATE_A1,2026-07-15 16:05,73
EVT_OLY_2028_001,VEN_STADIUM_12,ZONE_GATE_A1,2026-07-15 16:10,74
EVT_OLY_2028_001,VEN_STADIUM_12,ZONE_GATE_A1,2026-07-15 16:15,75
EVT_OLY_2028_001,VEN_STADIUM_12,ZONE_GATE_A1,2026-07-15 16:20,76
EVT_OLY_2028_001,VEN_STADIUM_12,ZONE_GATE_A1,2026-07-15 16:25,77
EVT_OLY_2028_001,VEN_STADIUM_12,ZONE_GATE_A1,2026-07-15 16:30,78
EVT_OLY_2028_001,VEN_STADIUM_12,ZONE_GATE_A1,2026-07-15 16:35,79
EVT_OLY_2028_001,VEN_STADIUM_12,ZONE_GATE_A1,2026-07-15 16:40,80
EVT_OLY_2028_001,VEN_STADIUM_12,ZONE_GATE_A1,2026-07-15 16:45,81
EVT_OLY_2028_001,VEN_STADIUM_12,ZONE_GATE_A1,2026-07-15 16:50,82
EVT_OLY_2028_001,VEN_STADIUM_12,ZONE_GATE_A1,2026-07-15 16:55,83
EVT_OLY_2028_001,VEN_STADIUM_12,ZONE_GATE_A1,2026-07-15 17:00,84
EVT_OLY_2028_001,VEN_STADIUM_12,ZONE_GATE_A1,2026-07-15 17:05,85
EVT_OLY_2028_001,VEN_STADIUM_12,ZONE_GATE_A1,2026-07-15 17:10,86
EVT_OLY_2028_001,VEN_STADIUM_12,ZONE_GATE_A1,2026-07-15 17:15,87
EVT_OLY_2028_001,VEN_STADIUM_12,ZONE_GATE_A1,2026-07-15 17:20,88
EVT_OLY_2028_001,VEN_STADIUM_12,ZONE_GATE_A1,2026-07-15 17:25,89
EVT_OLY_2028_001,VEN_STADIUM_12,ZONE_GATE_A1,2026-07-15 17:30,90
EVT_OLY_2028_001,VEN_STADIUM_12,ZONE_GATE_A1,2026-07-15 17:35,91
EVT_OLY_2028_001,VEN_STADIUM_12,ZONE_GATE_A1,2026-07-15 17:40,92
EVT_OLY_2028_001,VEN_STADIUM_12,ZONE_GATE_A1,2026-07-15 17:45,93
EVT_OLY_2028_001,VEN_STADIUM_12,ZONE_GATE_A1,2026-07-15 17:50,94
EVT_OLY_2028_001,VEN_STADIUM_12,ZONE_GATE_A1,2026-07-15 17:55,95
EVT_OLY_2028_001,VEN_STADIUM_12,ZONE_GATE_A1,2026-07-15 18:00,96
EVT_OLY_2028_001,VEN_STADIUM_12,ZONE_GATE_A1,2026-07-15 18:05,97
EVT_OLY_2028_001,VEN_STADIUM_12,ZONE_GATE_A1,2026-07-15 18:10,98
EVT_OLY_2028_001,VEN_STADIUM_12,ZONE_GATE_A1,2026-07-15 18:15,99
EVT_OLY_2028_001,VEN_STADIUM_12,ZONE_GATE_A1,2026-07-15 18:20,100
EVT_OLY_2028_001,VEN_STADIUM_12,ZONE_GATE_A1,2026-07-15 18:25,101
EVT_OLY_2028_001,VEN_STADIUM_12,ZONE_GATE_A1,2026-07-15 18:30,102
EVT_OLY_2028_001,VEN_STADIUM_12,ZONE_GATE_A1,2026-07-15 18:35,103
EVT_OLY_2028_001,VEN_STADIUM_12,ZONE_GATE_A1,2026-07-15 18:40,104
EVT_OLY_2028_001,VEN_STADIUM_12,ZONE_GATE_A1,2026-07-15 18:45,105
EVT_OLY_2028_001,VEN_STADIUM_12,ZONE_GATE_A1,2026-07-15 18:50,106
EVT_OLY_2028_001,VEN_STADIUM_12,ZONE_GATE_A1,2026-07-15 18:55,107
EVT_OLY_2028_001,VEN_STADIUM_12,ZONE_GATE_A1,2026-07-15 19:00,108
EVT_OLY_2028_001,VEN_STADIUM_12,ZONE_GATE_A1,2026-07-15 19:05,109
EVT_OLY_2028_001,VEN_STADIUM_12,ZONE_GATE_A1,2026-07-15 19:10,110
EVT_OLY_2028_001,VEN_STADIUM_12,ZONE_GATE_A1,2026-07-15 19:15,111
EVT_OLY_2028_001,VEN_STADIUM_12,ZONE_GATE_A1,2026-07-15 19:20,112
EVT_OLY_2028_001,VEN_STADIUM_12,ZONE_GATE_A1,2026-07-15 19:25,113
EVT_OLY_2028_001,VEN_STADIUM_12,ZONE_GATE_A1,2026-07-15 19:30,114
EVT_OLY_2028_001,VEN_STADIUM_12,ZONE_GATE_A1,2026-07-15 19:35,115
EVT_OLY_2028_001,VEN_STADIUM_12,ZONE_GATE_A1,2026-07-15 19:40,116
EVT_OLY_2028_001,VEN_STADIUM_12,ZONE_GATE_A1,2026-07-15 19:45,117
EVT_OLY_2028_001,VEN_STADIUM_12,ZONE_GATE_A1,2026-07-15 19:50,118
EVT_OLY_2028_001,VEN_STADIUM_12,ZONE_GATE_A1,2026-07-15 19:55,119
EVT_OLY_2028_001,VEN_STADIUM_12,ZONE_GATE_A1,2026-07-15 20:00,120
EVT_OLY_2028_001,VEN_STADIUM_12,ZONE_GATE_A1,2026-07-15 20:05,121
EVT_OLY_2028_001,VEN_STADIUM_12,ZONE_GATE_A1,2026-07-15 20:10,122
EVT_OLY_2028_001,VEN_STADIUM_12,ZONE_GATE_A1,2026-07-15 20:15,123
EVT_OLY_2028_001,VEN_STADIUM_12,ZONE_GATE_A1,2026-07-15 20:20,124
EVT_OLY_2028_001,VEN_STADIUM_12,ZONE_GATE_A1,2026-07-15 20:25,125
EVT_OLY_2028_001,VEN_STADIUM_12,ZONE_GATE_A1,2026-07-15 20:30,126
EVT_OLY_2028_001,VEN_STADIUM_12,ZONE_GATE_A1,2026-07-15 20:35,127
EVT_OLY_2028_001,VEN_STADIUM_12,ZONE_GATE_A1,2026-07-15 20:40,128
EVT_OLY_2028_001,VEN_STADIUM_12,ZONE_GATE_A1,2026-07-15 20:45,129
EVT_OLY_2028_001,VEN_STADIUM_12,ZONE_GATE_A1,2026-07-15 20:50,130
EVT_OLY_2028_001,VEN_STADIUM_12,ZONE_GATE_A1,2026-07-15 20:55,131
EVT_OLY_2028_001,VEN_STADIUM_12,ZONE_GATE_A1,2026-07-15 21:00,132
EVT_OLY_2028_001,VEN_STADIUM_12,ZONE_GATE_A1,2026-07-15 21:05,133
EVT_OLY_2028_001,VEN_STADIUM_12,ZONE_GATE_A1,2026-07-15 21:10,134
EVT_OLY_2028_001,VEN_STADIUM_12,ZONE_GATE_A1,2026-07-15 21:15,135
EVT_OLY_2028_001,VEN_STADIUM_12,ZONE_GATE_A1,2026-07-15 21:20,136
EVT_OLY_2028_001,VEN_STADIUM_12,ZONE_GATE_A1,2026-07-15 21:25,137
EVT_OLY_2028_001,VEN_STADIUM_12,ZONE_GATE_A1,2026-07-15 21:30,138
EVT_OLY_2028_001,VEN_STADIUM_12,ZONE_GATE_A1,2026-07-15 21:35,139
EVT_OLY_2028_001,VEN_STADIUM_12,ZONE_GATE_A1,2026-07-15 21:40,140
EVT_OLY_2028_001,VEN_STADIUM_12,ZONE_GATE_A1,2026-07-15 21:45,141
EVT_OLY_2028_001,VEN_STADIUM_12,ZONE_GATE_A1,2026-07-15 21:50,142
EVT_OLY_2028_001,VEN_STADIUM_12,ZONE_GATE_A1,2026-07-15 21:55,143
EVT_OLY_2028_001,VEN_STADIUM_12,ZONE_GATE_A1,2026-07-15 22:00,144
EVT_OLY_2028_001,VEN_STADIUM_12,ZONE_GATE_A1,2026-07-15 22:05,145
EVT_OLY_2028_001,VEN_STADIUM_12,ZONE_GATE_A1,2026-07-15 22:10,146
EVT_OLY_2028_001,VEN_STADIUM_12,ZONE_GATE_A1,2026-07-15 22:15,147
EVT_OLY_2028_001,VEN_STADIUM_12,ZONE_GATE_A1,2026-07-15 22:20,148
EVT_OLY_2028_001,VEN_STADIUM_12,ZONE_GATE_A1,2026-07-15 22:25,149
EVT_OLY_2028_001,VEN_STADIUM_12,ZONE_GATE_A1,2026-07-15 22:30,150
EVT_OLY_2028_001,VEN_STADIUM_12,ZONE_GATE_A1,2026-07-15 22:35,151
EVT_OLY_2028_001,VEN_STADIUM_12,ZONE_GATE_A1,2026-07-15 22:40,152
EVT_OLY_2028_001,VEN_STADIUM_12,ZONE_GATE_A1,2026-07-15 22:45,153
EVT_OLY_2028_001,VEN_STADIUM_12,ZONE_GATE_A1,2026-07-15 22:50,154
EVT_OLY_2028_001,VEN_STADIUM_12,ZONE_GATE_A1,2026-07-15 22:55,155
EVT_OLY_2028_001,VEN_STADIUM_12,ZONE_GATE_A1,2026-07-15 23:00,156
EVT_OLY_2028_001,VEN_STADIUM_12,ZONE_GATE_A1,2026-07-15 23:05,157
EVT_OLY_2028_001,VEN_STADIUM_12,ZONE_GATE_A1,2026-07-15 23:10,158
EVT_OLY_2028_001,VEN_STADIUM_12,ZONE_GATE_A1,2026-07-15 23:15,159
EVT_OLY_2028_001,VEN_STADIUM_12,ZONE_GATE_A1,2026-07-15 23:20,160
EVT_OLY_2028_001,VEN_STADIUM_12,ZONE_GATE_A1,2026-07-15 23:25,161
EVT_OLY_2028_001,VEN_STADIUM_12,ZONE_GATE_A1,2026-07-15 23:30,162
EVT_OLY_2028_001,VEN_STADIUM_12,ZONE_GATE_A1,2026-07-15 23:35,163
EVT_OLY_2028_001,VEN_STADIUM_12,ZONE_GATE_A1,2026-07-15 23:40,164
EVT_OLY_2028_001,VEN_STADIUM_12,ZONE_GATE_A1,2026-07-15 23:45,165
EVT_OLY_2028_001,VEN_STADIUM_12,ZONE_GATE_A1,2026-07-15 23:50,166
EVT_OLY_2028_001,VEN_STADIUM_12,ZONE_GATE_A1,2026-07-15 23:55,167
EVT_OLY_2028_001,VEN_STADIUM_12,ZONE_GATE_A1,2026-07-16 00:00,168
EVT_OLY_2028_001,VEN_STADIUM_12,ZONE_GATE_A1,2026-07-16 00:05,169
EVT_OLY_2028_001,VEN_STADIUM_12,ZONE_GATE_A1,2026-07-16 00:10,170
EVT_OLY_2028_001,VEN_STADIUM_12,ZONE_GATE_A1,2026-07-16 00:15,171
EVT_OLY_2028_001,VEN_STADIUM_12,ZONE_GATE_A1,2026-07-16 00:20,172
EVT_OLY_2028_001,VEN_STADIUM_12,ZONE_GATE_A1,2026-07-16 00:25,173
EVT_OLY_2028_001,VEN_STADIUM_12,ZONE_GATE_A1,2026-07-16 00:30,174
EVT_OLY_2028_001,VEN_STADIUM_12,ZONE_GATE_A1,2026-07-16 00:35,175
EVT_OLY_2028_001,VEN_STADIUM_12,ZONE_GATE_A1,2026-07-16 00:40,176
EVT_OLY_2028_001,VEN_STADIUM_12,ZONE_GATE_A1,2026-07-16 00:45,177
EVT_OLY_2028_001,VEN_STADIUM_12,ZONE_GATE_A1,2026-07-16 00:50,178
EVT_OLY_2028_001,VEN_STADIUM_12,ZONE_GATE_A1,2026-07-16 00:55,179
EVT_OLY_2028_001,VEN_STADIUM_12,ZONE_GATE_A1,2026-07-16 01:00,180
EVT_OLY_2028_001,VEN_STADIUM_12,ZONE_GATE_A1,2026-07-16 01:05,181
EVT_OLY_2028_001,VEN_STADIUM_12,ZONE_GATE_A1,2026-07-16 01:10,182
EVT_OLY_2028_001,VEN_STADIUM_12,ZONE_GATE_A1,2026-07-16 01:15,183
EVT_OLY_2028_001,VEN_STADIUM_12,ZONE_GATE_A1,2026-07-16 01:20,184
EVT_OLY_2028_001,VEN_STADIUM_12,ZONE_GATE_A1,2026-07-16 01:25,185
EVT_OLY_2028_001,VEN_STADIUM_12,ZONE_GATE_A1,2026-07-16 01:30,186
EVT_OLY_2028_001,VEN_STADIUM_12,ZONE_GATE_A1,2026-07-16 01:35,187
EVT_OLY_2028_001,VEN_STADIUM_12,ZONE_GATE_A1,2026-07-16 01:40,188
EVT_OLY_2028_001,VEN_STADIUM_12,ZONE_GATE_A1,2026-07-16 01:45,189
EVT_OLY_2028_001,VEN_STADIUM_12,ZONE_GATE_A1,2026-07-16 01:50,190
EVT_OLY_2028_001,VEN_STADIUM_12,ZONE_GATE_A1,2026-07-16 01:55,191
EVT_OLY_2028_001,VEN_STADIUM_12,ZONE_GATE_A1,2026-07-16 02:00,192
EVT_OLY_2028_001,VEN_STADIUM_12,ZONE_GATE_A1,2026-07-16 02:05,193
EVT_OLY_2028_001,VEN_STADIUM_12,ZONE_GATE_A1,2026-07-16 02:10,194
EVT_OLY_2028_001,VEN_STADIUM_12,ZONE_GATE_A1,2026-07-16 02:15,195
EVT_OLY_2028_001,VEN_STADIUM_12,ZONE_GATE_A1,2026-07-16 02:20,196
EVT_OLY_2028_001,VEN_STADIUM_12,ZONE_GATE_A1,2026-07-16 02:25,197
EVT_OLY_2028_001,VEN_STADIUM_12,ZONE_GATE_A1,2026-07-16 02:30,198
EVT_OLY_2028_001,VEN_STADIUM_12,ZONE_GATE_A1,2026-07-16 02:35,199
EVT_OLY_2028_001,VEN_STADIUM_12,ZONE_GATE_A1,2026-07-16 02:40,200
EVT_OLY_2028_001,VEN_STADIUM_12,ZONE_GATE_A1,2026-07-16 02:45,201
EVT_OLY_2028_001,VEN_STADIUM_12,ZONE_GATE_A1,2026-07-16 02:50,202
EVT_OLY_2028_001,VEN_STADIUM_12,ZONE_GATE_A1,2026-07-16 02:55,203
EVT_OLY_2028_001,VEN_STADIUM_12,ZONE_GATE_A1,2026-07-16 03:00,204
EVT_OLY_2028_001,VEN_STADIUM_12,ZONE_GATE_A1,2026-07-16 03:05,205
EVT_OLY_2028_001,VEN_STADIUM_12,ZONE_GATE_A1,2026-07-16 03:10,206
EVT_OLY_2028_001,VEN_STADIUM_12,ZONE_GATE_A1,2026-07-16 03:15,207
EVT_OLY_2028_001,VEN_STADIUM_12,ZONE_GATE_A1,2026-07-16 03:20,208
EVT_OLY_2028_001,VEN_STADIUM_12,ZONE_GATE_A1,2026-07-16 03:25,209
EVT_OLY_2028_001,VEN_STADIUM_12,ZONE_GATE_A1,2026-07-16 03:30,210
EVT_OLY_2028_001,VEN_STADIUM_12,ZONE_GATE_A1,2026-07-16 03:35,211
EVT_OLY_2028_001,VEN_STADIUM_12,ZONE_GATE_A1,2026-07-16 03:40,212
EVT_OLY_2028_001,VEN_STADIUM_12,ZONE_GATE_A1,2026-07-16 03:45,213
EVT_OLY_2028_001,VEN_STADIUM_12,ZONE_GATE_A1,2026-07-16 03:50,214
EVT_OLY_2028_001,VEN_STADIUM_12,ZONE_GATE_A1,2026-07-16 03:55,215
EVT_OLY_2028_001,VEN_STADIUM_12,ZONE_GATE_A1,2026-07-16 04:00,216
EVT_OLY_2028_001,VEN_STADIUM_12,ZONE_GATE_A1,2026-07-16 04:05,217
EVT_OLY_2028_001,VEN_STADIUM_12,ZONE_GATE_A1,2026-07-16 04:10,218
EVT_OLY_2028_001,VEN_STADIUM_12,ZONE_GATE_A1,2026-07-16 04:15,219
EVT_OLY_2028_001,VEN_STADIUM_12,ZONE_GATE_A1,2026-07-16 04:20,220
EVT_OLY_2028_001,VEN_STADIUM_12,ZONE_GATE_A1,2026-07-16 04:25,221
EVT_OLY_2028_001,VEN_STADIUM_12,ZONE_GATE_A1,2026-07-16 04:30,222
EVT_OLY_2028_001,VEN_STADIUM_12,ZONE_GATE_A1,2026-07-16 04:35,223
EVT_OLY_2028_001,VEN_STADIUM_12,ZONE_GATE_A1,2026-07-16 04:40,224
EVT_OLY_2028_001,VEN_STADIUM_12,ZONE_GATE_A1,2026-07-16 04:45,225
EVT_OLY_2028_001,VEN_STADIUM_12,ZONE_GATE_A1,2026-07-16 04:50,226
EVT_OLY_2028_001,VEN_STADIUM_12,ZONE_GATE_A1,2026-07-16 04:55,227
EVT_OLY_2028_001,VEN_STADIUM_12,ZONE_GATE_A1,2026-07-16 05:00,228
EVT_OLY_2028_001,VEN_STADIUM_12,ZONE_GATE_A1,2026-07-16 05:05,229
EVT_OLY_2028_001,VEN_STADIUM_12,ZONE_GATE_A1,2026-07-16 05:10,230
EVT_OLY_2028_001,VEN_STADIUM_12,ZONE_GATE_A1,2026-07-16 05:15,231
EVT_OLY_2028_001,VEN_STADIUM_12,ZONE_GATE_A1,2026-07-16 05:20,232
EVT_OLY_2028_001,VEN_STADIUM_12,ZONE_GATE_A1,2026-07-16 05:25,233
EVT_OLY_2028_001,VEN_STADIUM_12,ZONE_GATE_A1,2026-07-16 05:30,234
EVT_OLY_2028_001,VEN_STADIUM_12,ZONE_GATE_A1,2026-07-16 05:35,235
EVT_OLY_2028_001,VEN_STADIUM_12,ZONE_GATE_A1,2026-07-16 05:40,236
EVT_OLY_2028_001,VEN_STADIUM_12,ZONE_GATE_A1,2026-07-16 05:45,237
EVT_OLY_2028_001,VEN_STADIUM_12,ZONE_GATE_A1,2026-07-16 05:50,238
EVT_OLY_2028_001,VEN_STADIUM_12,ZONE_GATE_A1,2026-07-16 05:55,239
EVT_OLY_2028_001,VEN_STADIUM_12,ZONE_GATE_A1,2026-07-16 06:00,240
EVT_OLY_2028_001,VEN_STADIUM_12,ZONE_GATE_A1,2026-07-16 06:05,241
EVT_OLY_2028_001,VEN_STADIUM_12,ZONE_GATE_A1,2026-07-16 06:10,242
EVT_OLY_2028_001,VEN_STADIUM_12,ZONE_GATE_A1,2026-07-16 06:15,243
EVT_OLY_2028_001,VEN_STADIUM_12,ZONE_GATE_A1,2026-07-16 06:20,244
EVT_OLY_2028_001,VEN_STADIUM_12,ZONE_GATE_A1,2026-07-16 06:25,245
EVT_OLY_2028_001,VEN_STADIUM_12,ZONE_GATE_A1,2026-07-16 06:30,246
EVT_OLY_2028_001,VEN_STADIUM_12,ZONE_GATE_A1,2026-07-16 06:35,247
EVT_OLY_2028_001,VEN_STADIUM_12,ZONE_GATE_A1,2026-07-16 06:40,248
EVT_OLY_2028_001,VEN_STADIUM_12,ZONE_GATE_A1,2026-07-16 06:45,249
EVT_OLY_2028_001,VEN_STADIUM_12,ZONE_GATE_A1,2026-07-16 06:50,250
EVT_OLY_2028_001,VEN_STADIUM_12,ZONE_GATE_A1,2026-07-16 06:55,251
EVT_OLY_2028_001,VEN_STADIUM_12,ZONE_GATE_A1,2026-07-16 07:00,252
EVT_OLY_2028_001,VEN_STADIUM_12,ZONE_GATE_A1,2026-07-16 07:05,253
EVT_OLY_2028_001,VEN_STADIUM_12,ZONE_GATE_A1,2026-07-16 07:10,254
EVT_OLY_2028_001,VEN_STADIUM_12,ZONE_GATE_A1,2026-07-16 07:15,255
EVT_OLY_2028_001,VEN_STADIUM_12,ZONE_GATE_A1,2026-07-16 07:20,256
EVT_OLY_2028_001,VEN_STADIUM_12,ZONE_GATE_A1,2026-07-16 07:25,257
EVT_OLY_2028_001,VEN_STADIUM_12,ZONE_GATE_A1,2026-07-16 07:30,258
EVT_OLY_2028_001,VEN_STADIUM_12,ZONE_GATE_A1,2026-07-16 07:35,259
EVT_OLY_2028_001,VEN_STADIUM_12,ZONE_GATE_A1,2026-07-16 07:40,260
EVT_OLY_2028_001,VEN_STADIUM_12,ZONE_GATE_A1,2026-07-16 07:45,261
EVT_OLY_2028_001,VEN_STADIUM_12,ZONE_GATE_A1,2026-07-16 07:50,262
EVT_OLY_2028_001,VEN_STADIUM_12,ZONE_GATE_A1,2026-07-16 07:55,263
EVT_OLY_2028_001,VEN_STADIUM_12,ZONE_GATE_A1,2026-07-16 08:00,264
EVT_OLY_2028_001,VEN_STADIUM_12,ZONE_GATE_A1,2026-07-16 08:05,265
EVT_OLY_2028_001,VEN_STADIUM_12,ZONE_GATE_A1,2026-07-16 08:10,266
EVT_OLY_2028_001,VEN_STADIUM_12,ZONE_GATE_A1,2026-07-16 08:15,267
EVT_OLY_2028_001,VEN_STADIUM_12,ZONE_GATE_A1,2026-07-16 08:20,268
EVT_OLY_2028_001,VEN_STADIUM_12,ZONE_GATE_A1,2026-07-16 08:25,269
EVT_OLY_2028_001,VEN_STADIUM_12,ZONE_GATE_A1,2026-07-16 08:30,270
EVT_OLY_2028_001,VEN_STADIUM_12,ZONE_GATE_A1,2026-07-16 08:35,271
EVT_OLY_2028_001,VEN_STADIUM_12,ZONE_GATE_A1,2026-07-16 08:40,272
EVT_OLY_2028_001,VEN_STADIUM_12,ZONE_GATE_A1,2026-07-16 08:45,273
EVT_OLY_2028_001,VEN_STADIUM_12,ZONE_GATE_A1,2026-07-16 08:50,274
EVT_OLY_2028_001,VEN_STADIUM_12,ZONE_GATE_A1,2026-07-16 08:55,275
EVT_OLY_2028_001,VEN_STADIUM_12,ZONE_GATE_A1,2026-07-16 09:00,276
EVT_OLY_2028_001,VEN_STADIUM_12,ZONE_GATE_A1,2026-07-16 09:05,277
EVT_OLY_2028_001,VEN_STADIUM_12,ZONE_GATE_A1,2026-07-16 09:10,278
EVT_OLY_2028_001,VEN_STADIUM_12,ZONE_GATE_A1,2026-07-16 09:15,279
EVT_OLY_2028_001,VEN_STADIUM_12,ZONE_GATE_A1,2026-07-16 09:20,280
EVT_OLY_2028_001,VEN_STADIUM_12,ZONE_GATE_A1,2026-07-16 09:25,281
EVT_OLY_2028_001,VEN_STADIUM_12,ZONE_GATE_A1,2026-07-16 09:30,282
EVT_OLY_2028_001,VEN_STADIUM_12,ZONE_GATE_A1,2026-07-16 09:35,283
EVT_OLY_2028_001,VEN_STADIUM_12,ZONE_GATE_A1,2026-07-16 09:40,284
EVT_OLY_2028_001,VEN_STADIUM_12,ZONE_GATE_A1,2026-07-16 09:45,285
EVT_OLY_2028_001,VEN_STADIUM_12,ZONE_GATE_A1,2026-07-16 09:50,286
EVT_OLY_2028_001,VEN_STADIUM_12,ZONE_GATE_A1,2026-07-16 09:55,287
EVT_OLY_2028_001,VEN_STADIUM_12,ZONE_GATE_A1,2026-07-16 10:00,288
EVT_OLY_2028_001,VEN_STADIUM_12,ZONE_GATE_A1,2026-07-16 10:05,289
EVT_OLY_2028_001,VEN_STADIUM_12,ZONE_GATE_A1,2026-07-16 10:10,290
EVT_OLY_2028_001,VEN_STADIUM_12,ZONE_GATE_A1,2026-07-16 10:15,291
EVT_OLY_2028_001,VEN_STADIUM_12,ZONE_GATE_A1,2026-07-16 10:20,292
EVT_OLY_2028_001,VEN_STADIUM_12,ZONE_GATE_A1,2026-07-16 10:25,293
EVT_OLY_2028_001,VEN_STADIUM_12,ZONE_GATE_A1,2026-07-16 10:30,294
EVT_OLY_2028_001,VEN_STADIUM_12,ZONE_GATE_A1,2026-07-16 10:35,295
EVT_OLY_2028_001,VEN_STADIUM_12,ZONE_GATE_A1,2026-07-16 10:40,296
EVT_OLY_2028_001,VEN_STADIUM_12,ZONE_GATE_A1,2026-07-16 10:45,297
EVT_OLY_2028_001,VEN_STADIUM_12,ZONE_GATE_A1,2026-07-16 10:50,298
EVT_OLY_2028_001,VEN_STADIUM_12,ZONE_GATE_A1,2026-07-16 10:55,299
EVT_OLY_2028_001,VEN_STADIUM_12,ZONE_GATE_A1,2026-07-16 11:00,300
EVT_OLY_2028_001,VEN_STADIUM_12,ZONE_GATE_A1,2026-07-16 11:05,301
EVT_OLY_2028_001,VEN_STADIUM_12,ZONE_GATE_A1,2026-07-16 11:10,302
EVT_OLY_2028_001,VEN_STADIUM_12,ZONE_GATE_A1,2026-07-16 11:15,303
EVT_OLY_2028_001,VEN_STADIUM_12,ZONE_GATE_A1,2026-07-16 11:20,304
EVT_OLY_2028_001,VEN_STADIUM_12,ZONE_GATE_A1,2026-07-16 11:25,305
EVT_OLY_2028_001,VEN_STADIUM_12,ZONE_GATE_A1,2026-07-16 11:30,306
EVT_OLY_2028_001,VEN_STADIUM_12,ZONE_GATE_A1,2026-07-16 11:35,307
EVT_OLY_2028_001,VEN_STADIUM_12,ZONE_GATE_A1,2026-07-16 11:40,308
EVT_OLY_2028_001,VEN_STADIUM_12,ZONE_GATE_A1,2026-07-16 11:45,309
EVT_OLY_2028_001,VEN_STADIUM_12,ZONE_GATE_A1,2026-07-16 11:50,310
EVT_OLY_2028_001,VEN_STADIUM_12,ZONE_GATE_A1,2026-07-16 11:55,311
EVT_OLY_2028_001,VEN_STADIUM_12,ZONE_GATE_A1,2026-07-16 12:00,312
EVT_OLY_2028_001,VEN_STADIUM_12,ZONE_GATE_A1,2026-07-16 12:05,313
EVT_OLY_2028_001,VEN_STADIUM_12,ZONE_GATE_A1,2026-07-16 12:10,314
EVT_OLY_2028_001,VEN_STADIUM_12,ZONE_GATE_A1,2026-07-16 12:15,315
EVT_OLY_2028_001,VEN_STADIUM_12,ZONE_GATE_A1,2026-07-16 12:20,316
EVT_OLY_2028_001,VEN_STADIUM_12,ZONE_GATE_A1,2026-07-16 12:25,317
EVT_OLY_2028_001,VEN_STADIUM_12,ZONE_GATE_A1,2026-07-16 12:30,318
EVT_OLY_2028_001,VEN_STADIUM_12,ZONE_GATE_A1,2026-07-16 12:35,319
EVT_OLY_2028_001,VEN_STADIUM_12,ZONE_GATE_A1,2026-07-16 12:40,320
EVT_OLY_2028_001,VEN_STADIUM_12,ZONE_GATE_A1,2026-07-16 12:45,321
EVT_OLY_2028_001,VEN_STADIUM_12,ZONE_GATE_A1,2026-07-16 12:50,322
EVT_OLY_2028_001,VEN_STADIUM_12,ZONE_GATE_A1,2026-07-16 12:55,323
EVT_OLY_2028_001,VEN_STADIUM_12,ZONE_GATE_A1,2026-07-16 13:00,324
EVT_OLY_2028_001,VEN_STADIUM_12,ZONE_GATE_A1,2026-07-16 13:05,325
EVT_OLY_2028_001,VEN_STADIUM_12,ZONE_GATE_A1,2026-07-16 13:10,326
EVT_OLY_2028_001,VEN_STADIUM_12,ZONE_GATE_A1,2026-07-16 13:15,327
EVT_OLY_2028_001,VEN_STADIUM_12,ZONE_GATE_A1,2026-07-16 13:20,328
EVT_OLY_2028_001,VEN_STADIUM_12,ZONE_GATE_A1,2026-07-16 13:25,329
EVT_OLY_2028_001,VEN_STADIUM_12,ZONE_GATE_A1,2026-07-16 13:30,330
EVT_OLY_2028_001,VEN_STADIUM_12,ZONE_GATE_A1,2026-07-16 13:35,331
EVT_OLY_2028_001,VEN_STADIUM_12,ZONE_GATE_A1,2026-07-16 13:40,332
EVT_OLY_2028_001,VEN_STADIUM_12,ZONE_GATE_A1,2026-07-16 13:45,333
EVT_OLY_2028_001,VEN_STADIUM_12,ZONE_GATE_A1,2026-07-16 13:50,334
EVT_OLY_2028_001,VEN_STADIUM_12,ZONE_GATE_A1,2026-07-16 13:55,335
EVT_OLY_2028_001,VEN_STADIUM_12,ZONE_GATE_A1,2026-07-16 14:00,336
EVT_OLY_2028_001,VEN_STADIUM_12,ZONE_GATE_A1,2026-07-16 14:05,337
EVT_OLY_2028_001,VEN_STADIUM_12,ZONE_GATE_A1,2026-07-16 14:10,338
EVT_OLY_2028_001,VEN_STADIUM_12,ZONE_GATE_A1,2026-07-16 14:15,339
EVT_OLY_2028_001,VEN_STADIUM_12,ZONE_GATE_A1,2026-07-16 14:20,340
EVT_OLY_2028_001,VEN_STADIUM_12,ZONE_GATE_A1,2026-07-16 14:25,341
EVT_OLY_2028_001,VEN_STADIUM_12,ZONE_GATE_A1,2026-07-16 14:30,342
EVT_OLY_2028_001,VEN_STADIUM_12,ZONE_GATE_A1,2026-07-16 14:35,343
EVT_OLY_2028_001,VEN_STADIUM_12,ZONE_GATE_A1,2026-07-16 14:40,344
EVT_OLY_2028_001,VEN_STADIUM_12,ZONE_GATE_A1,2026-07-16 14:45,345
EVT_OLY_2028_001,VEN_STADIUM_12,ZONE_GATE_A1,2026-07-16 14:50,346
EVT_OLY_2028_001,VEN_STADIUM_12,ZONE_GATE_A1,2026-07-16 14:55,347
EVT_OLY_2028_001,VEN_STADIUM_12,ZONE_GATE_A1,2026-07-16 15:00,348
EVT_OLY_2028_001,VEN_STADIUM_12,ZONE_GATE_A1,2026-07-16 15:05,349
EVT_OLY_2028_001,VEN_STADIUM_12,ZONE_GATE_A1,2026-07-16 15:10,350
EVT_OLY_2028_001,VEN_STADIUM_12,ZONE_GATE_A1,2026-07-16 15:15,351
EVT_OLY_2028_001,VEN_STADIUM_12,ZONE_GATE_A1,2026-07-16 15:20,352
EVT_OLY_2028_001,VEN_STADIUM_12,ZONE_GATE_A1,2026-07-16 15:25,353
EVT_OLY_2028_001,VEN_STADIUM_12,ZONE_GATE_A1,2026-07-16 15:30,354
EVT_OLY_2028_001,VEN_STADIUM_12,ZONE_GATE_A1,2026-07-16 15:35,355
EVT_OLY_2028_001,VEN_STADIUM_12,ZONE_GATE_A1,2026-07-16 15:40,356
EVT_OLY_2028_001,VEN_STADIUM_12,ZONE_GATE_A1,2026-07-16 15:45,357
EVT_OLY_2028_001,VEN_STADIUM_12,ZONE_GATE_A1,2026-07-16 15:50,358
EVT_OLY_2028_001,VEN_STADIUM_12,ZONE_GATE_A1,2026-07-16 15:55,359
EVT_OLY_2028_001,VEN_STADIUM_12,ZONE_GATE_A1,2026-07-16 16:00,360
EVT_OLY_2028_001,VEN_STADIUM_12,ZONE_GATE_A1,2026-07-16 16:05,361
EVT_OLY_2028_001,VEN_STADIUM_12,ZONE_GATE_A1,2026-07-16 16:10,362
EVT_OLY_2028_001,VEN_STADIUM_12,ZONE_GATE_A1,2026-07-16 16:15,363
EVT_OLY_2028_001,VEN_STADIUM_12,ZONE_GATE_A1,2026-07-16 16:20,364
EVT_OLY_2028_001,VEN_STADIUM_12,ZONE_GATE_A1,2026-07-16 16:25,365
EVT_OLY_2028_001,VEN_STADIUM_12,ZONE_GATE_A1,2026-07-16 16:30,366
EVT_OLY_2028_001,VEN_STADIUM_12,ZONE_GATE_A1,2026-07-16 16:35,367
EVT_OLY_2028_001,VEN_STADIUM_12,ZONE_GATE_A1,2026-07-16 16:40,368
EVT_OLY_2028_001,VEN_STADIUM_12,ZONE_GATE_A1,2026-07-16 16:45,369
EVT_OLY_2028_001,VEN_STADIUM_12,ZONE_GATE_A1,2026-07-16 16:50,370
EVT_OLY_2028_001,VEN_STADIUM_12,ZONE_GATE_A1,2026-07-16 16:55,371
EVT_OLY_2028_001,VEN_STADIUM_12,ZONE_GATE_A1,2026-07-16 17:00,372
EVT_OLY_2028_001,VEN_STADIUM_12,ZONE_GATE_A1,2026-07-16 17:05,373
EVT_OLY_2028_001,VEN_STADIUM_12,ZONE_GATE_A1,2026-07-16 17:10,374
EVT_OLY_2028_001,VEN_STADIUM_12,ZONE_GATE_A1,2026-07-16 17:15,375
EVT_OLY_2028_001,VEN_STADIUM_12,ZONE_GATE_A1,2026-07-16 17:20,376
EVT_OLY_2028_001,VEN_STADIUM_12,ZONE_GATE_A1,2026-07-16 17:25,377
EVT_OLY_2028_001,VEN_STADIUM_12,ZONE_GATE_A1,2026-07-16 17:30,378
EVT_OLY_2028_001,VEN_STADIUM_12,ZONE_GATE_A1,2026-07-16 17:35,379
EVT_OLY_2028_001,VEN_STADIUM_12,ZONE_GATE_A1,2026-07-16 17:40,380
EVT_OLY_2028_001,VEN_STADIUM_12,ZONE_GATE_A1,2026-07-16 17:45,381
EVT_OLY_2028_001,VEN_STADIUM_12,ZONE_GATE_A1,2026-07-16 17:50,382
EVT_OLY_2028_001,VEN_STADIUM_12,ZONE_GATE_A1,2026-07-16 17:55,383
EVT_OLY_2028_001,VEN_STADIUM_12,ZONE_GATE_A1,2026-07-16 18:00,384
EVT_OLY_2028_001,VEN_STADIUM_12,ZONE_GATE_A1,2026-07-16 18:05,385
EVT_OLY_2028_001,VEN_STADIUM_12,ZONE_GATE_A1,2026-07-16 18:10,386
EVT_OLY_2028_001,VEN_STADIUM_12,ZONE_GATE_A1,2026-07-16 18:15,387
EVT_OLY_2028_001,VEN_STADIUM_12,ZONE_GATE_A1,2026-07-16 18:20,388
EVT_OLY_2028_001,VEN_STADIUM_12,ZONE_GATE_A1,2026-07-16 18:25,389
EVT_OLY_2028_001,VEN_STADIUM_12,ZONE_GATE_A1,2026-07-16 18:30,390
EVT_OLY_2028_001,VEN_STADIUM_12,ZONE_GATE_A1,2026-07-16 18:35,391
EVT_OLY_2028_001,VEN_STADIUM_12,ZONE_GATE_A1,2026-07-16 18:40,392
EVT_OLY_2028_001,VEN_STADIUM_12,ZONE_GATE_A1,2026-07-16 18:45,393
EVT_OLY_2028_001,VEN_STADIUM_12,ZONE_GATE_A1,2026-07-16 18:50,394
EVT_OLY_2028_001,VEN_STADIUM_12,ZONE_GATE_A1,2026-07-16 18:55,395
EVT_OLY_2028_001,VEN_STADIUM_12,ZONE_GATE_A1,2026-07-16 19:00,396
EVT_OLY_2028_001,VEN_STADIUM_12,ZONE_GATE_A1,2026-07-16 19:05,397
EVT_OLY_2028_001,VEN_STADIUM_12,ZONE_GATE_A1,2026-07-16 19:10,398
EVT_OLY_2028_001,VEN_STADIUM_12,ZONE_GATE_A1,2026-07-16 19:15,399
EVT_OLY_2028_001,VEN_STADIUM_12,ZONE_GATE_A1,2026-07-16 19:20,400
EVT_OLY_2028_001,VEN_STADIUM_12,ZONE_GATE_A1,2026-07-16 19:25,401
EVT_OLY_2028_001,VEN_STADIUM_12,ZONE_GATE_A1,2026-07-16 19:30,402
EVT_OLY_2028_001,VEN_STADIUM_12,ZONE_GATE_A1,2026-07-16 19:35,403
EVT_OLY_2028_001,VEN_STADIUM_12,ZONE_GATE_A1,2026-07-16 19:40,404
EVT_OLY_2028_001,VEN_STADIUM_12,ZONE_GATE_A1,2026-07-16 19:45,405
EVT_OLY_2028_001,VEN_STADIUM_12,ZONE_GATE_A1,2026-07-16 19:50,406
EVT_OLY_2028_001,VEN_STADIUM_12,ZONE_GATE_A1,2026-07-16 19:55,407
EVT_OLY_2028_001,VEN_STADIUM_12,ZONE_GATE_A1,2026-07-16 20:00,408
EVT_OLY_2028_001,VEN_STADIUM_12,ZONE_GATE_A1,2026-07-16 20:05,409
EVT_OLY_2028_001,VEN_STADIUM_12,ZONE_GATE_A1,2026-07-16 20:10,410
EVT_OLY_2028_001,VEN_STADIUM_12,ZONE_GATE_A1,2026-07-16 20:15,411
EVT_OLY_2028_001,VEN_STADIUM_12,ZONE_GATE_A1,2026-07-16 20:20,412
EVT_OLY_2028_001,VEN_STADIUM_12,ZONE_GATE_A1,2026-07-16 20:25,413
EVT_OLY_2028_001,VEN_STADIUM_12,ZONE_GATE_A1,2026-07-16 20:30,414
EVT_OLY_2028_001,VEN_STADIUM_12,ZONE_GATE_A1,2026-07-16 20:35,415
EVT_OLY_2028_001,VEN_STADIUM_12,ZONE_GATE_A1,2026-07-16 20:40,416
EVT_OLY_2028_001,VEN_STADIUM_12,ZONE_GATE_A1,2026-07-16 20:45,417
EVT_OLY_2028_001,VEN_STADIUM_12,ZONE_GATE_A1,2026-07-16 20:50,418
EVT_OLY_2028_001,VEN_STADIUM_12,ZONE_GATE_A1,2026-07-16 20:55,419
EVT_OLY_2028_001,VEN_STADIUM_12,ZONE_GATE_A1,2026-07-16 21:00,420
EVT_OLY_2028_001,VEN_STADIUM_12,ZONE_GATE_A1,2026-07-16 21:05,421
EVT_OLY_2028_001,VEN_STADIUM_12,ZONE_GATE_A1,2026-07-16 21:10,422
EVT_OLY_2028_001,VEN_STADIUM_12,ZONE_GATE_A1,2026-07-16 21:15,423
EVT_OLY_2028_001,VEN_STADIUM_12,ZONE_GATE_A1,2026-07-16 21:20,424
EVT_OLY_2028_001,VEN_STADIUM_12,ZONE_GATE_A1,2026-07-16 21:25,425
EVT_OLY_2028_001,VEN_STADIUM_12,ZONE_GATE_A1,2026-07-16 21:30,426
EVT_OLY_2028_001,VEN_STADIUM_12,ZONE_GATE_A1,2026-07-16 21:35,427
EVT_OLY_2028_001,VEN_STADIUM_12,ZONE_GATE_A1,2026-07-16 21:40,428
EVT_OLY_2028_001,VEN_STADIUM_12,ZONE_GATE_A1,2026-07-16 21:45,429
EVT_OLY_2028_001,VEN_STADIUM_12,ZONE_GATE_A1,2026-07-16 21:50,430
EVT_OLY_2028_001,VEN_STADIUM_12,ZONE_GATE_A1,2026-07-16 21:55,431
EVT_OLY_2028_001,VEN_STADIUM_12,ZONE_GATE_A1,2026-07-16 22:00,432
EVT_OLY_2028_001,VEN_STADIUM_12,ZONE_GATE_A1,2026-07-16 22:05,433
EVT_OLY_2028_001,VEN_STADIUM_12,ZONE_GATE_A1,2026-07-16 22:10,434
EVT_OLY_2028_001,VEN_STADIUM_12,ZONE_GATE_A1,2026-07-16 22:15,435
EVT_OLY_2028_001,VEN_STADIUM_12,ZONE_GATE_A1,2026-07-16 22:20,436
EVT_OLY_2028_001,VEN_STADIUM_12,ZONE_GATE_A1,2026-07-16 22:25,437
EVT_OLY_2028_001,VEN_STADIUM_12,ZONE_GATE_A1,2026-07-16 22:30,438
EVT_OLY_2028_001,VEN_STADIUM_12,ZONE_GATE_A1,2026-07-16 22:35,439
EVT_OLY_2028_001,VEN_STADIUM_12,ZONE_GATE_A1,2026-07-16 22:40,440
EVT_OLY_2028_001,VEN_STADIUM_12,ZONE_GATE_A1,2026-07-16 22:45,441
EVT_OLY_2028_001,VEN_STADIUM_12,ZONE_GATE_A1,2026-07-16 22:50,442
EVT_OLY_2028_001,VEN_STADIUM_12,ZONE_GATE_A1,2026-07-16 22:55,443
EVT_OLY_2028_001,VEN_STADIUM_12,ZONE_GATE_A1,2026-07-16 23:00,444
EVT_OLY_2028_001,VEN_STADIUM_12,ZONE_GATE_A1,2026-07-16 23:05,445
EVT_OLY_2028_001,VEN_STADIUM_12,ZONE_GATE_A1,2026-07-16 23:10,446
EVT_OLY_2028_001,VEN_STADIUM_12,ZONE_GATE_A1,2026-07-16 23:15,447
EVT_OLY_2028_001,VEN_STADIUM_12,ZONE_GATE_A1,2026-07-16 23:20,448
EVT_OLY_2028_001,VEN_STADIUM_12,ZONE_GATE_A1,2026-07-16 23:25,449
EVT_OLY_2028_001,VEN_STADIUM_12,ZONE_GATE_A1,2026-07-16 23:30,450
EVT_OLY_2028_001,VEN_STADIUM_12,ZONE_GATE_A1,2026-07-16 23:35,451
EVT_OLY_2028_001,VEN_STADIUM_12,ZONE_GATE_A1,2026-07-16 23:40,452
EVT_OLY_2028_001,VEN_STADIUM_12,ZONE_GATE_A1,2026-07-16 23:45,453
EVT_OLY_2028_001,VEN_STADIUM_12,ZONE_GATE_A1,2026-07-16 23:50,454
EVT_OLY_2028_001,VEN_STADIUM_12,ZONE_GATE_A1,2026-07-16 23:55,455
EVT_OLY_2028_001,VEN_STADIUM_12,ZONE_GATE_A1,2026-07-17 00:00,456
EVT_OLY_2028_001,VEN_STADIUM_12,ZONE_GATE_A1,2026-07-17 00:05,457
EVT_OLY_2028_001,VEN_STADIUM_12,ZONE_GATE_A1,2026-07-17 00:10,458
EVT_OLY_2028_001,VEN_STADIUM_12,ZONE_GATE_A1,2026-07-17 00:15,459
EVT_OLY_2028_001,VEN_STADIUM_12,ZONE_GATE_A1,2026-07-17 00:20,460
EVT_OLY_2028_001,VEN_STADIUM_12,ZONE_GATE_A1,2026-07-17 00:25,461
EVT_OLY_2028_001,VEN_STADIUM_12,ZONE_GATE_A1,2026-07-17 00:30,462
EVT_OLY_2028_001,VEN_STADIUM_12,ZONE_GATE_A1,2026-07-17 00:35,463
EVT_OLY_2028_001,VEN_STADIUM_12,ZONE_GATE_A1,2026-07-17 00:40,464
EVT_OLY_2028_001,VEN_STADIUM_12,ZONE_GATE_A1,2026-07-17 00:45,465
EVT_OLY_2028_001,VEN_STADIUM_12,ZONE_GATE_A1,2026-07-17 00:50,466
EVT_OLY_2028_001,VEN_STADIUM_12,ZONE_GATE_A1,2026-07-17 00:55,467
EVT_OLY_2028_001,VEN_STADIUM_12,ZONE_GATE_A1,2026-07-17 01:00,468
EVT_OLY_2028_001,VEN_STADIUM_12,ZONE_GATE_A1,2026-07-17 01:05,469
EVT_OLY_2028_001,VEN_STADIUM_12,ZONE_GATE_A1,2026-07-17 01:10,470
EVT_OLY_2028_001,VEN_STADIUM_12,ZONE_GATE_A1,2026-07-17 01:15,471
EVT_OLY_2028_001,VEN_STADIUM_12,ZONE_GATE_A1,2026-07-17 01:20,472
EVT_OLY_2028_001,VEN_STADIUM_12,ZONE_GATE_A1,2026-07-17 01:25,473
EVT_OLY_2028_001,VEN_STADIUM_12,ZONE_GATE_A1,2026-07-17 01:30,474
EVT_OLY_2028_001,VEN_STADIUM_12,ZONE_GATE_A1,2026-07-17 01:35,475
EVT_OLY_2028_001,VEN_STADIUM_12,ZONE_GATE_A1,2026-07-17 01:40,476
EVT_OLY_2028_001,VEN_STADIUM_12,ZONE_GATE_A1,2026-07-17 01:45,477
EVT_OLY_2028_001,VEN_STADIUM_12,ZONE_GATE_A1,2026-07-17 01:50,478
EVT_OLY_2028_001,VEN_STADIUM_12,ZONE_GATE_A1,2026-07-17 01:55,479
EVT_OLY_2028_001,VEN_STADIUM_12,ZONE_GATE_A1,2026-07-17 02:00,480
EVT_OLY_2028_001,VEN_STADIUM_12,ZONE_GATE_A1,2026-07-17 02:05,481
EVT_OLY_2028_001,VEN_STADIUM_12,ZONE_GATE_A1,2026-07-17 02:10,482
EVT_OLY_2028_001,VEN_STADIUM_12,ZONE_GATE_A1,2026-07-17 02:15,483
EVT_OLY_2028_001,VEN_STADIUM_12,ZONE_GATE_A1,2026-07-17 02:20,484
EVT_OLY_2028_001,VEN_STADIUM_12,ZONE_GATE_A1,2026-07-17 02:25,485
EVT_OLY_2028_001,VEN_STADIUM_12,ZONE_GATE_A1,2026-07-17 02:30,486
EVT_OLY_2028_001,VEN_STADIUM_12,ZONE_GATE_A1,2026-07-17 02:35,487
EVT_OLY_2028_001,VEN_STADIUM_12,ZONE_GATE_A1,2026-07-17 02:40,488
EVT_OLY_2028_001,VEN_STADIUM_12,ZONE_GATE_A1,2026-07-17 02:45,489
EVT_OLY_2028_001,VEN_STADIUM_12,ZONE_GATE_A1,2026-07-17 02:50,490
EVT_OLY_2028_001,VEN_STADIUM_12,ZONE_GATE_A1,2026-07-17 02:55,491
EVT_OLY_2028_001,VEN_STADIUM_12,ZONE_GATE_A1,2026-07-17 03:00,492
EVT_OLY_2028_001,VEN_STADIUM_12,ZONE_GATE_A1,2026-07-17 03:05,493
EVT_OLY_2028_001,VEN_STADIUM_12,ZONE_GATE_A1,2026-07-17 03:10,494
EVT_OLY_2028_001,VEN_STADIUM_12,ZONE_GATE_A1,2026-07-17 03:15,495
EVT_OLY_2028_001,VEN_STADIUM_12,ZONE_GATE_A1,2026-07-17 03:20,496
EVT_OLY_2028_001,VEN_STADIUM_12,ZONE_GATE_A1,2026-07-17 03:25,497
EVT_OLY_2028_001,VEN_STADIUM_12,ZONE_GATE_A1,2026-07-17 03:30,498
EVT_OLY_2028_001,VEN_STADIUM_12,ZONE_GATE_A1,2026-07-17 03:35,499
EVT_OLY_2028_001,VEN_STADIUM_12,ZONE_GATE_A1,2026-07-17 03:40,500
EVT_OLY_2028_001,VEN_STADIUM_12,ZONE_GATE_A1,2026-07-17 03:45,501
EVT_OLY_2028_001,VEN_STADIUM_12,ZONE_GATE_A1,2026-07-17 03:50,502
EVT_OLY_2028_001,VEN_STADIUM_12,ZONE_GATE_A1,2026-07-17 03:55,503
EVT_OLY_2028_001,VEN_STADIUM_12,ZONE_GATE_A1,2026-07-17 04:00,504
EVT_OLY_2028_001,VEN_STADIUM_12,ZONE_GATE_A1,2026-07-17 04:05,505
EVT_OLY_2028_001,VEN_STADIUM_12,ZONE_GATE_A1,2026-07-17 04:10,506
EVT_OLY_2028_001,VEN_STADIUM_12,ZONE_GATE_A1,2026-07-17 04:15,507
EVT_OLY_2028_001,VEN_STADIUM_12,ZONE_GATE_A1,2026-07-17 04:20,508
EVT_OLY_2028_001,VEN_STADIUM_12,ZONE_GATE_A1,2026-07-17 04:25,509
EVT_OLY_2028_001,VEN_STADIUM_12,ZONE_GATE_A1,2026-07-17 04:30,510
EVT_OLY_2028_001,VEN_STADIUM_12,ZONE_GATE_A1,2026-07-17 04:35,511
EVT_OLY_2028_001,VEN_STADIUM_12,ZONE_GATE_A1,2026-07-17 04:40,512
EVT_OLY_2028_001,VEN_STADIUM_12,ZONE_GATE_A1,2026-07-17 04:45,513
EVT_OLY_2028_001,VEN_STADIUM_12,ZONE_GATE_A1,2026-07-17 04:50,514
EVT_OLY_2028_001,VEN_STADIUM_12,ZONE_GATE_A1,2026-07-17 04:55,515
EVT_OLY_2028_001,VEN_STADIUM_12,ZONE_GATE_A1,2026-07-17 05:00,516
EVT_OLY_2028_001,VEN_STADIUM_12,ZONE_GATE_A1,2026-07-17 05:05,517
EVT_OLY_2028_001,VEN_STADIUM_12,ZONE_GATE_A1,2026-07-17 05:10,518
EVT_OLY_2028_001,VEN_STADIUM_12,ZONE_GATE_A1,2026-07-17 05:15,519
EVT_OLY_2028_001,VEN_STADIUM_12,ZONE_GATE_A1,2026-07-17 05:20,520
EVT_OLY_2028_001,VEN_STADIUM_12,ZONE_GATE_A1,2026-07-17 05:25,521
EVT_OLY_2028_001,VEN_STADIUM_12,ZONE_GATE_A1,2026-07-17 05:30,522
EVT_OLY_2028_001,VEN_STADIUM_12,ZONE_GATE_A1,2026-07-17 05:35,523
EVT_OLY_2028_001,VEN_STADIUM_12,ZONE_GATE_A1,2026-07-17 05:40,524
EVT_OLY_2028_001,VEN_STADIUM_12,ZONE_GATE_A1,2026-07-17 05:45,525
EVT_OLY_2028_001,VEN_STADIUM_12,ZONE_GATE_A1,2026-07-17 05:50,526
EVT_OLY_2028_001,VEN_STADIUM_12,ZONE_GATE_A1,2026-07-17 05:55,527
EVT_OLY_2028_001,VEN_STADIUM_12,ZONE_GATE_A1,2026-07-17 06:00,528
EVT_OLY_2028_001,VEN_STADIUM_12,ZONE_GATE_A1,2026-07-17 06:05,529
EVT_OLY_2028_001,VEN_STADIUM_12,ZONE_GATE_A1,2026-07-17 06:10,530
EVT_OLY_2028_001,VEN_STADIUM_12,ZONE_GATE_A1,2026-07-17 06:15,531
EVT_OLY_2028_001,VEN_STADIUM_12,ZONE_GATE_A1,2026-07-17 06:20,532
EVT_OLY_2028_001,VEN_STADIUM_12,ZONE_GATE_A1,2026-07-17 06:25,533
EVT_OLY_2028_001,VEN_STADIUM_12,ZONE_GATE_A1,2026-07-17 06:30,534
EVT_OLY_2028_001,VEN_STADIUM_12,ZONE_GATE_A1,2026-07-17 06:35,535
EVT_OLY_2028_001,VEN_STADIUM_12,ZONE_GATE_A1,2026-07-17 06:40,536
EVT_OLY_2028_001,VEN_STADIUM_12,ZONE_GATE_A1,2026-07-17 06:45,537
EVT_OLY_2028_001,VEN_STADIUM_12,ZONE_GATE_A1,2026-07-17 06:50,538
EVT_OLY_2028_001,VEN_STADIUM_12,ZONE_GATE_A1,2026-07-17 06:55,539
EVT_OLY_2028_001,VEN_STADIUM_12,ZONE_GATE_A1,2026-07-17 07:00,540
EVT_OLY_2028_001,VEN_STADIUM_12,ZONE_GATE_A1,2026-07-17 07:05,541
EVT_OLY_2028_001,VEN_STADIUM_12,ZONE_GATE_A1,2026-07-17 07:10,542
EVT_OLY_2028_001,VEN_STADIUM_12,ZONE_GATE_A1,2026-07-17 07:15,543
EVT_OLY_2028_001,VEN_STADIUM_12,ZONE_GATE_A1,2026-07-17 07:20,544
EVT_OLY_2028_001,VEN_STADIUM_12,ZONE_GATE_A1,2026-07-17 07:25,545
EVT_OLY_2028_001,VEN_STADIUM_12,ZONE_GATE_A1,2026-07-17 07:30,546
EVT_OLY_2028_001,VEN_STADIUM_12,ZONE_GATE_A1,2026-07-17 07:35,547
EVT_OLY_2028_001,VEN_STADIUM_12,ZONE_GATE_A1,2026-07-17 07:40,548
EVT_OLY_2028_001,VEN_STADIUM_12,ZONE_GATE_A1,2026-07-17 07:45,549
EVT_OLY_2028_001,VEN_STADIUM_12,ZONE_GATE_A1,2026-07-17 07:50,550
EVT_OLY_2028_001,VEN_STADIUM_12,ZONE_GATE_A1,2026-07-17 07:55,551
EVT_OLY_2028_001,VEN_STADIUM_12,ZONE_GATE_A1,2026-07-17 08:00,552
EVT_OLY_2028_001,VEN_STADIUM_12,ZONE_GATE_A1,2026-07-17 08:05,553
EVT_OLY_2028_001,VEN_STADIUM_12,ZONE_GATE_A1,2026-07-17 08:10,554
EVT_OLY_2028_001,VEN_STADIUM_12,ZONE_GATE_A1,2026-07-17 08:15,555
EVT_OLY_2028_001,VEN_STADIUM_12,ZONE_GATE_A1,2026-07-17 08:20,556
EVT_OLY_2028_001,VEN_STADIUM_12,ZONE_GATE_A1,2026-07-17 08:25,557
EVT_OLY_2028_001,VEN_STADIUM_12,ZONE_GATE_A1,2026-07-17 08:30,558
EVT_OLY_2028_001,VEN_STADIUM_12,ZONE_GATE_A1,2026-07-17 08:35,559
EVT_OLY_2028_001,VEN_STADIUM_12,ZONE_GATE_A1,2026-07-17 08:40,560
EVT_OLY_2028_001,VEN_STADIUM_12,ZONE_GATE_A1,2026-07-17 08:45,561
EVT_OLY_2028_001,VEN_STADIUM_12,ZONE_GATE_A1,2026-07-17 08:50,562
EVT_OLY_2028_001,VEN_STADIUM_12,ZONE_GATE_A1,2026-07-17 08:55,563
EVT_OLY_2028_001,VEN_STADIUM_12,ZONE_GATE_A1,2026-07-17 09:00,564
EVT_OLY_2028_001,VEN_STADIUM_12,ZONE_GATE_A1,2026-07-17 09:05,565
EVT_OLY_2028_001,VEN_STADIUM_12,ZONE_GATE_A1,2026-07-17 09:10,566
EVT_OLY_2028_001,VEN_STADIUM_12,ZONE_GATE_A1,2026-07-17 09:15,567
EVT_OLY_2028_001,VEN_STADIUM_12,ZONE_GATE_A1,2026-07-17 09:20,568
EVT_OLY_2028_001,VEN_STADIUM_12,ZONE_GATE_A1,2026-07-17 09:25,569
EVT_OLY_2028_001,VEN_STADIUM_12,ZONE_GATE_A1,2026-07-17 09:30,570
EVT_OLY_2028_001,VEN_STADIUM_12,ZONE_GATE_A1,2026-07-17 09:35,571
EVT_OLY_2028_001,VEN_STADIUM_12,ZONE_GATE_A1,2026-07-17 09:40,572
EVT_OLY_2028_001,VEN_STADIUM_12,ZONE_GATE_A1,2026-07-17 09:45,573
EVT_OLY_2028_001,VEN_STADIUM_12,ZONE_GATE_A1,2026-07-17 09:50,574
EVT_OLY_2028_001,VEN_STADIUM_12,ZONE_GATE_A1,2026-07-17 09:55,575
EVT_OLY_2028_001,VEN_STADIUM_12,ZONE_GATE_A1,2026-07-17 10:00,576
EVT_OLY_2028_001,VEN_STADIUM_12,ZONE_GATE_A1,2026-07-17 10:05,577
EVT_OLY_2028_001,VEN_STADIUM_12,ZONE_GATE_A1,2026-07-17 10:10,578
EVT_OLY_2028_001,VEN_STADIUM_12,ZONE_GATE_A1,2026-07-17 10:15,579
EVT_OLY_2028_001,VEN_STADIUM_12,ZONE_GATE_A1,2026-07-17 10:20,580
EVT_OLY_2028_001,VEN_STADIUM_12,ZONE_GATE_A1,2026-07-17 10:25,581
EVT_OLY_2028_001,VEN_STADIUM_12,ZONE_GATE_A1,2026-07-17 10:30,582
EVT_OLY_2028_001,VEN_STADIUM_12,ZONE_GATE_A1,2026-07-17 10:35,583
EVT_OLY_2028_001,VEN_STADIUM_12,ZONE_GATE_A1,2026-07-17 10:40,584
EVT_OLY_2028_001,VEN_STADIUM_12,ZONE_GATE_A1,2026-07-17 10:45,585
EVT_OLY_2028_001,VEN_STADIUM_12,ZONE_GATE_A1,2026-07-17 10:50,586
EVT_OLY_2028_001,VEN_STADIUM_12,ZONE_GATE_A1,2026-07-17 10:55,587
EVT_OLY_2028_001,VEN_STADIUM_12,ZONE_GATE_A1,2026-07-17 11:00,588
EVT_OLY_2028_001,VEN_STADIUM_12,ZONE_GATE_A1,2026-07-17 11:05,589
EVT_OLY_2028_001,VEN_STADIUM_12,ZONE_GATE_A1,2026-07-17 11:10,590
EVT_OLY_2028_001,VEN_STADIUM_12,ZONE_GATE_A1,2026-07-17 11:15,591
EVT_OLY_2028_001,VEN_STADIUM_12,ZONE_GATE_A1,2026-07-17 11:20,592
EVT_OLY_2028_001,VEN_STADIUM_12,ZONE_GATE_A1,2026-07-17 11:25,593
EVT_OLY_2028_001,VEN_STADIUM_12,ZONE_GATE_A1,2026-07-17 11:30,594
EVT_OLY_2028_001,VEN_STADIUM_12,ZONE_GATE_A1,2026-07-17 11:35,595
EVT_OLY_2028_001,VEN_STADIUM_12,ZONE_GATE_A1,2026-07-17 11:40,596
EVT_OLY_2028_001,VEN_STADIUM_12,ZONE_GATE_A1,2026-07-17 11:45,597
EVT_OLY_2028_001,VEN_STADIUM_12,ZONE_GATE_A1,2026-07-17 11:50,598
EVT_OLY_2028_001,VEN_STADIUM_12,ZONE_GATE_A1,2026-07-17 11:55,599
EVT_OLY_2028_001,VEN_STADIUM_12,ZONE_GATE_A1,2026-07-17 12:00,600
EVT_OLY_2028_001,VEN_STADIUM_12,ZONE_GATE_A1,2026-07-17 12:05,601
EVT_OLY_2028_001,VEN_STADIUM_12,ZONE_GATE_A1,2026-07-17 12:10,602
EVT_OLY_2028_001,VEN_STADIUM_12,ZONE_GATE_A1,2026-07-17 12:15,603
EVT_OLY_2028_001,VEN_STADIUM_12,ZONE_GATE_A1,2026-07-17 12:20,604
EVT_OLY_2028_001,VEN_STADIUM_12,ZONE_GATE_A1,2026-07-17 12:25,605
EVT_OLY_2028_001,VEN_STADIUM_12,ZONE_GATE_A1,2026-07-17 12:30,606
EVT_OLY_2028_001,VEN_STADIUM_12,ZONE_GATE_A1,2026-07-17 12:35,607
EVT_OLY_2028_001,VEN_STADIUM_12,ZONE_GATE_A1,2026-07-17 12:40,608
EVT_OLY_2028_001,VEN_STADIUM_12,ZONE_GATE_A1,2026-07-17 12:45,609
EVT_OLY_2028_001,VEN_STADIUM_12,ZONE_GATE_A1,2026-07-17 12:50,610
EVT_OLY_2028_001,VEN_STADIUM_12,ZONE_GATE_A1,2026-07-17 12:55,611
EVT_OLY_2028_001,VEN_STADIUM_12,ZONE_GATE_A1,2026-07-17 13:00,612
EVT_OLY_2028_001,VEN_STADIUM_12,ZONE_GATE_A1,2026-07-17 13:05,613
EVT_OLY_2028_001,VEN_STADIUM_12,ZONE_GATE_A1,2026-07-17 13:10,614
EVT_OLY_2028_001,VEN_STADIUM_12,ZONE_GATE_A1,2026-07-17 13:15,615
EVT_OLY_2028_001,VEN_STADIUM_12,ZONE_GATE_A1,2026-07-17 13:20,616
EVT_OLY_2028_001,VEN_STADIUM_12,ZONE_GATE_A1,2026-07-17 13:25,617
EVT_OLY_2028_001,VEN_STADIUM_12,ZONE_GATE_A1,2026-07-17 13:30,618
EVT_OLY_2028_001,VEN_STADIUM_12,ZONE_GATE_A1,2026-07-17 13:35,619
EVT_OLY_2028_001,VEN_STADIUM_12,ZONE_GATE_A1,2026-07-17 13:40,620
EVT_OLY_2028_001,VEN_STADIUM_12,ZONE_GATE_A1,2026-07-17 13:45,621
EVT_OLY_2028_001,VEN_STADIUM_12,ZONE_GATE_A1,2026-07-17 13:50,622
EVT_OLY_2028_001,VEN_STADIUM_12,ZONE_GATE_A1,2026-07-17 13:55,623
EVT_OLY_2028_001,VEN_STADIUM_12,ZONE_GATE_A1,2026-07-17 14:00,624
EVT_OLY_2028_001,VEN_STADIUM_12,ZONE_GATE_A1,2026-07-17 14:05,625
EVT_OLY_2028_001,VEN_STADIUM_12,ZONE_GATE_A1,2026-07-17 14:10,626
EVT_OLY_2028_001,VEN_STADIUM_12,ZONE_GATE_A1,2026-07-17 14:15,627
EVT_OLY_2028_001,VEN_STADIUM_12,ZONE_GATE_A1,2026-07-17 14:20,628
EVT_OLY_2028_001,VEN_STADIUM_12,ZONE_GATE_A1,2026-07-17 14:25,629
EVT_OLY_2028_001,VEN_STADIUM_12,ZONE_GATE_A1,2026-07-17 14:30,630
EVT_OLY_2028_001,VEN_STADIUM_12,ZONE_GATE_A1,2026-07-17 14:35,631
EVT_OLY_2028_001,VEN_STADIUM_12,ZONE_GATE_A1,2026-07-17 14:40,632
EVT_OLY_2028_001,VEN_STADIUM_12,ZONE_GATE_A1,2026-07-17 14:45,633
EVT_OLY_2028_001,VEN_STADIUM_12,ZONE_GATE_A1,2026-07-17 14:50,634
EVT_OLY_2028_001,VEN_STADIUM_12,ZONE_GATE_A1,2026-07-17 14:55,635
EVT_OLY_2028_001,VEN_STADIUM_12,ZONE_GATE_A1,2026-07-17 15:00,636
EVT_OLY_2028_001,VEN_STADIUM_12,ZONE_GATE_A1,2026-07-17 15:05,637
EVT_OLY_2028_001,VEN_STADIUM_12,ZONE_GATE_A1,2026-07-17 15:10,638
EVT_OLY_2028_001,VEN_STADIUM_12,ZONE_GATE_A1,2026-07-17 15:15,639
EVT_OLY_2028_001,VEN_STADIUM_12,ZONE_GATE_A1,2026-07-17 15:20,640
EVT_OLY_2028_001,VEN_STADIUM_12,ZONE_GATE_A1,2026-07-17 15:25,641
EVT_OLY_2028_001,VEN_STADIUM_12,ZONE_GATE_A1,2026-07-17 15:30,642
EVT_OLY_2028_001,VEN_STADIUM_12,ZONE_GATE_A1,2026-07-17 15:35,643
EVT_OLY_2028_001,VEN_STADIUM_12,ZONE_GATE_A1,2026-07-17 15:40,644
EVT_OLY_2028_001,VEN_STADIUM_12,ZONE_GATE_A1,2026-07-17 15:45,645
EVT_OLY_2028_001,VEN_STADIUM_12,ZONE_GATE_A1,2026-07-17 15:50,646
EVT_OLY_2028_001,VEN_STADIUM_12,ZONE_GATE_A1,2026-07-17 15:55,647
EVT_OLY_2028_001,VEN_STADIUM_12,ZONE_GATE_A1,2026-07-17 16:00,648
EVT_OLY_2028_001,VEN_STADIUM_12,ZONE_GATE_A1,2026-07-17 16:05,649
EVT_OLY_2028_001,VEN_STADIUM_12,ZONE_GATE_A1,2026-07-17 16:10,650
EVT_OLY_2028_001,VEN_STADIUM_12,ZONE_GATE_A1,2026-07-17 16:15,651
EVT_OLY_2028_001,VEN_STADIUM_12,ZONE_GATE_A1,2026-07-17 16:20,652
EVT_OLY_2028_001,VEN_STADIUM_12,ZONE_GATE_A1,2026-07-17 16:25,653
EVT_OLY_2028_001,VEN_STADIUM_12,ZONE_GATE_A1,2026-07-17 16:30,654
EVT_OLY_2028_001,VEN_STADIUM_12,ZONE_GATE_A1,2026-07-17 16:35,655
EVT_OLY_2028_001,VEN_STADIUM_12,ZONE_GATE_A1,2026-07-17 16:40,656
EVT_OLY_2028_001,VEN_STADIUM_12,ZONE_GATE_A1,2026-07-17 16:45,657
EVT_OLY_2028_001,VEN_STADIUM_12,ZONE_GATE_A1,2026-07-17 16:50,658
EVT_OLY_2028_001,VEN_STADIUM_12,ZONE_GATE_A1,2026-07-17 16:55,659
EVT_OLY_2028_001,VEN_STADIUM_12,ZONE_GATE_A1,2026-07-17 17:00,660
EVT_OLY_2028_001,VEN_STADIUM_12,ZONE_GATE_A1,2026-07-17 17:05,661
EVT_OLY_2028_001,VEN_STADIUM_12,ZONE_GATE_A1,2026-07-17 17:10,662
EVT_OLY_2028_001,VEN_STADIUM_12,ZONE_GATE_A1,2026-07-17 17:15,663
EVT_OLY_2028_001,VEN_STADIUM_12,ZONE_GATE_A1,2026-07-17 17:20,664
EVT_OLY_2028_001,VEN_STADIUM_12,ZONE_GATE_A1,2026-07-17 17:25,665
EVT_OLY_2028_001,VEN_STADIUM_12,ZONE_GATE_A1,2026-07-17 17:30,666
EVT_OLY_2028_001,VEN_STADIUM_12,ZONE_GATE_A1,2026-07-17 17:35,667
EVT_OLY_2028_001,VEN_STADIUM_12,ZONE_GATE_A1,2026-07-17 17:40,668
EVT_OLY_2028_001,VEN_STADIUM_12,ZONE_GATE_A1,2026-07-17 17:45,669
EVT_OLY_2028_001,VEN_STADIUM_12,ZONE_GATE_A1,2026-07-17 17:50,670
EVT_OLY_2028_001,VEN_STADIUM_12,ZONE_GATE_A1,2026-07-17 17:55,671
EVT_OLY_2028_001,VEN_STADIUM_12,ZONE_GATE_A1,2026-07-17 18:00,672
EVT_OLY_2028_001,VEN_STADIUM_12,ZONE_GATE_A1,2026-07-17 18:05,673
EVT_OLY_2028_001,VEN_STADIUM_12,ZONE_GATE_A1,2026-07-17 18:10,674
EVT_OLY_2028_001,VEN_STADIUM_12,ZONE_GATE_A1,2026-07-17 18:15,675
EVT_OLY_2028_001,VEN_STADIUM_12,ZONE_GATE_A1,2026-07-17 18:20,676
EVT_OLY_2028_001,VEN_STADIUM_12,ZONE_GATE_A1,2026-07-17 18:25,677
EVT_OLY_2028_001,VEN_STADIUM_12,ZONE_GATE_A1,2026-07-17 18:30,678
EVT_OLY_2028_001,VEN_STADIUM_12,ZONE_GATE_A1,2026-07-17 18:35,679
EVT_OLY_2028_001,VEN_STADIUM_12,ZONE_GATE_A1,2026-07-17 18:40,680
EVT_OLY_2028_001,VEN_STADIUM_12,ZONE_GATE_A1,2026-07-17 18:45,681
EVT_OLY_2028_001,VEN_STADIUM_12,ZONE_GATE_A1,2026-07-17 18:50,682
EVT_OLY_2028_001,VEN_STADIUM_12,ZONE_GATE_A1,2026-07-17 18:55,683
EVT_OLY_2028_001,VEN_STADIUM_12,ZONE_GATE_A1,2026-07-17 19:00,684
EVT_OLY_2028_001,VEN_STADIUM_12,ZONE_GATE_A1,2026-07-17 19:05,685
EVT_OLY_2028_001,VEN_STADIUM_12,ZONE_GATE_A1,2026-07-17 19:10,686
EVT_OLY_2028_001,VEN_STADIUM_12,ZONE_GATE_A1,2026-07-17 19:15,687
EVT_OLY_2028_001,VEN_STADIUM_12,ZONE_GATE_A1,2026-07-17 19:20,688
EVT_OLY_2028_001,VEN_STADIUM_12,ZONE_GATE_A1,2026-07-17 19:25,689
EVT_OLY_2028_001,VEN_STADIUM_12,ZONE_GATE_A1,2026-07-17 19:30,690
EVT_OLY_2028_001,VEN_STADIUM_12,ZONE_GATE_A1,2026-07-17 19:35,691
EVT_OLY_2028_001,VEN_STADIUM_12,ZONE_GATE_A1,2026-07-17 19:40,692
EVT_OLY_2028_001,VEN_STADIUM_12,ZONE_GATE_A1,2026-07-17 19:45,693
EVT_OLY_2028_001,VEN_STADIUM_12,ZONE_GATE_A1,2026-07-17 19:50,694
EVT_OLY_2028_001,VEN_STADIUM_12,ZONE_GATE_A1,2026-07-17 19:55,695
EVT_OLY_2028_001,VEN_STADIUM_12,ZONE_GATE_A1,2026-07-17 20:00,696
EVT_OLY_2028_001,VEN_STADIUM_12,ZONE_GATE_A1,2026-07-17 20:05,697
EVT_OLY_2028_001,VEN_STADIUM_12,ZONE_GATE_A1,2026-07-17 20:10,698
EVT_OLY_2028_001,VEN_STADIUM_12,ZONE_GATE_A1,2026-07-17 20:15,699
EVT_OLY_2028_001,VEN_STADIUM_12,ZONE_GATE_A1,2026-07-17 20:20,700
EVT_OLY_2028_001,VEN_STADIUM_12,ZONE_GATE_A1,2026-07-17 20:25,701
EVT_OLY_2028_001,VEN_STADIUM_12,ZONE_GATE_A1,2026-07-17 20:30,702
EVT_OLY_2028_001,VEN_STADIUM_12,ZONE_GATE_A1,2026-07-17 20:35,703
EVT_OLY_2028_001,VEN_STADIUM_12,ZONE_GATE_A1,2026-07-17 20:40,704
EVT_OLY_2028_001,VEN_STADIUM_12,ZONE_GATE_A1,2026-07-17 20:45,705
EVT_OLY_2028_001,VEN_STADIUM_12,ZONE_GATE_A1,2026-07-17 20:50,706
EVT_OLY_2028_001,VEN_STADIUM_12,ZONE_GATE_A1,2026-07-17 20:55,707
EVT_OLY_2028_001,VEN_STADIUM_12,ZONE_GATE_A1,2026-07-17 21:00,708
EVT_OLY_2028_001,VEN_STADIUM_12,ZONE_GATE_A1,2026-07-17 21:05,709
EVT_OLY_2028_001,VEN_STADIUM_12,ZONE_GATE_A1,2026-07-17 21:10,710
EVT_OLY_2028_001,VEN_STADIUM_12,ZONE_GATE_A1,2026-07-17 21:15,711
EVT_OLY_2028_001,VEN_STADIUM_12,ZONE_GATE_A1,2026-07-17 21:20,712
EVT_OLY_2028_001,VEN_STADIUM_12,ZONE_GATE_A1,2026-07-17 21:25,713
EVT_OLY_2028_001,VEN_STADIUM_12,ZONE_GATE_A1,2026-07-17 21:30,714
EVT_OLY_2028_001,VEN_STADIUM_12,ZONE_GATE_A1,2026-07-17 21:35,715
EVT_OLY_2028_001,VEN_STADIUM_12,ZONE_GATE_A1,2026-07-17 21:40,716
EVT_OLY_2028_001,VEN_STADIUM_12,ZONE_GATE_A1,2026-07-17 21:45,717
EVT_OLY_2028_001,VEN_STADIUM_12,ZONE_GATE_A1,2026-07-17 21:50,718
EVT_OLY_2028_001,VEN_STADIUM_12,ZONE_GATE_A1,2026-07-17 21:55,719
EVT_OLY_2028_001,VEN_STADIUM_12,ZONE_GATE_A1,2026-07-17 22:00,720
EVT_OLY_2028_001,VEN_STADIUM_12,ZONE_GATE_A1,2026-07-17 22:05,721
EVT_OLY_2028_001,VEN_STADIUM_12,ZONE_GATE_A1,2026-07-17 22:10,722
EVT_OLY_2028_001,VEN_STADIUM_12,ZONE_GATE_A1,2026-07-17 22:15,723
EVT_OLY_2028_001,VEN_STADIUM_12,ZONE_GATE_A1,2026-07-17 22:20,724
EVT_OLY_2028_001,VEN_STADIUM_12,ZONE_GATE_A1,2026-07-17 22:25,725
EVT_OLY_2028_001,VEN_STADIUM_12,ZONE_GATE_A1,2026-07-17 22:30,726
EVT_OLY_2028_001,VEN_STADIUM_12,ZONE_GATE_A1,2026-07-17 22:35,727
EVT_OLY_2028_001,VEN_STADIUM_12,ZONE_GATE_A1,2026-07-17 22:40,728
EVT_OLY_2028_001,VEN_STADIUM_12,ZONE_GATE_A1,2026-07-17 22:45,729
EVT_OLY_2028_001,VEN_STADIUM_12,ZONE_GATE_A1,2026-07-17 22:50,730
EVT_OLY_2028_001,VEN_STADIUM_12,ZONE_GATE_A1,2026-07-17 22:55,731
EVT_OLY_2028_001,VEN_STADIUM_12,ZONE_GATE_A1,2026-07-17 23:00,732
EVT_OLY_2028_001,VEN_STADIUM_12,ZONE_GATE_A1,2026-07-17 23:05,733
EVT_OLY_2028_001,VEN_STADIUM_12,ZONE_GATE_A1,2026-07-17 23:10,734
EVT_OLY_2028_001,VEN_STADIUM_12,ZONE_GATE_A1,2026-07-17 23:15,735
EVT_OLY_2028_001,VEN_STADIUM_12,ZONE_GATE_A1,2026-07-17 23:20,736
EVT_OLY_2028_001,VEN_STADIUM_12,ZONE_GATE_A1,2026-07-17 23:25,737
EVT_OLY_2028_001,VEN_STADIUM_12,ZONE_GATE_A1,2026-07-17 23:30,738
EVT_OLY_2028_001,VEN_STADIUM_12,ZONE_GATE_A1,2026-07-17 23:35,739
EVT_OLY_2028_001,VEN_STADIUM_12,ZONE_GATE_A1,2026-07-17 23:40,740
EVT_OLY_2028_001,VEN_STADIUM_12,ZONE_GATE_A1,2026-07-17 23:45,741
EVT_OLY_2028_001,VEN_STADIUM_12,ZONE_GATE_A1,2026-07-17 23:50,742
EVT_OLY_2028_001,VEN_STADIUM_12,ZONE_GATE_A1,2026-07-17 23:55,743
EVT_OLY_2028_001,VEN_STADIUM_12,ZONE_GATE_A1,2026-07-18 00:00,744
EVT_OLY_2028_001,VEN_STADIUM_12,ZONE_GATE_A1,2026-07-18 00:05,745
EVT_OLY_2028_001,VEN_STADIUM_12,ZONE_GATE_A1,2026-07-18 00:10,746
EVT_OLY_2028_001,VEN_STADIUM_12,ZONE_GATE_A1,2026-07-18 00:15,747
EVT_OLY_2028_001,VEN_STADIUM_12,ZONE_GATE_A1,2026-07-18 00:20,748
EVT_OLY_2028_001,VEN_STADIUM_12,ZONE_GATE_A1,2026-07-18 00:25,749
EVT_OLY_2028_001,VEN_STADIUM_12,ZONE_GATE_A1,2026-07-18 00:30,750
EVT_OLY_2028_001,VEN_STADIUM_12,ZONE_GATE_A1,2026-07-18 00:35,751
EVT_OLY_2028_001,VEN_STADIUM_12,ZONE_GATE_A1,2026-07-18 00:40,752
EVT_OLY_2028_001,VEN_STADIUM_12,ZONE_GATE_A1,2026-07-18 00:45,753
EVT_OLY_2028_001,VEN_STADIUM_12,ZONE_GATE_A1,2026-07-18 00:50,754
EVT_OLY_2028_001,VEN_STADIUM_12,ZONE_GATE_A1,2026-07-18 00:55,755
EVT_OLY_2028_001,VEN_STADIUM_12,ZONE_GATE_A1,2026-07-18 01:00,756
EVT_OLY_2028_001,VEN_STADIUM_12,ZONE_GATE_A1,2026-07-18 01:05,757
EVT_OLY_2028_001,VEN_STADIUM_12,ZONE_GATE_A1,2026-07-18 01:10,758
EVT_OLY_2028_001,VEN_STADIUM_12,ZONE_GATE_A1,2026-07-18 01:15,759
EVT_OLY_2028_001,VEN_STADIUM_12,ZONE_GATE_A1,2026-07-18 01:20,760
EVT_OLY_2028_001,VEN_STADIUM_12,ZONE_GATE_A1,2026-07-18 01:25,761
EVT_OLY_2028_001,VEN_STADIUM_12,ZONE_GATE_A1,2026-07-18 01:30,762
EVT_OLY_2028_001,VEN_STADIUM_12,ZONE_GATE_A1,2026-07-18 01:35,763
EVT_OLY_2028_001,VEN_STADIUM_12,ZONE_GATE_A1,2026-07-18 01:40,764
EVT_OLY_2028_001,VEN_STADIUM_12,ZONE_GATE_A1,2026-07-18 01:45,765
EVT_OLY_2028_001,VEN_STADIUM_12,ZONE_GATE_A1,2026-07-18 01:50,766
EVT_OLY_2028_001,VEN_STADIUM_12,ZONE_GATE_A1,2026-07-18 01:55,767
EVT_OLY_2028_001,VEN_STADIUM_12,ZONE_GATE_A1,2026-07-18 02:00,768
EVT_OLY_2028_001,VEN_STADIUM_12,ZONE_GATE_A1,2026-07-18 02:05,769
EVT_OLY_2028_001,VEN_STADIUM_12,ZONE_GATE_A1,2026-07-18 02:10,770
EVT_OLY_2028_001,VEN_STADIUM_12,ZONE_GATE_A1,2026-07-18 02:15,771
EVT_OLY_2028_001,VEN_STADIUM_12,ZONE_GATE_A1,2026-07-18 02:20,772
EVT_OLY_2028_001,VEN_STADIUM_12,ZONE_GATE_A1,2026-07-18 02:25,773
EVT_OLY_2028_001,VEN_STADIUM_12,ZONE_GATE_A1,2026-07-18 02:30,774
EVT_OLY_2028_001,VEN_STADIUM_12,ZONE_GATE_A1,2026-07-18 02:35,775
EVT_OLY_2028_001,VEN_STADIUM_12,ZONE_GATE_A1,2026-07-18 02:40,776
EVT_OLY_2028_001,VEN_STADIUM_12,ZONE_GATE_A1,2026-07-18 02:45,777
EVT_OLY_2028_001,VEN_STADIUM_12,ZONE_GATE_A1,2026-07-18 02:50,778
EVT_OLY_2028_001,VEN_STADIUM_12,ZONE_GATE_A1,2026-07-18 02:55,779
EVT_OLY_2028_001,VEN_STADIUM_12,ZONE_GATE_A1,2026-07-18 03:00,780
EVT_OLY_2028_001,VEN_STADIUM_12,ZONE_GATE_A1,2026-07-18 03:05,781
EVT_OLY_2028_001,VEN_STADIUM_12,ZONE_GATE_A1,2026-07-18 03:10,782
EVT_OLY_2028_001,VEN_STADIUM_12,ZONE_GATE_A1,2026-07-18 03:15,783
EVT_OLY_2028_001,VEN_STADIUM_12,ZONE_GATE_A1,2026-07-18 03:20,784
EVT_OLY_2028_001,VEN_STADIUM_12,ZONE_GATE_A1,2026-07-18 03:25,785
EVT_OLY_2028_001,VEN_STADIUM_12,ZONE_GATE_A1,2026-07-18 03:30,786
EVT_OLY_2028_001,VEN_STADIUM_12,ZONE_GATE_A1,2026-07-18 03:35,787
EVT_OLY_2028_001,VEN_STADIUM_12,ZONE_GATE_A1,2026-07-18 03:40,788
EVT_OLY_2028_001,VEN_STADIUM_12,ZONE_GATE_A1,2026-07-18 03:45,789
EVT_OLY_2028_001,VEN_STADIUM_12,ZONE_GATE_A1,2026-07-18 03:50,790
EVT_OLY_2028_001,VEN_STADIUM_12,ZONE_GATE_A1,2026-07-18 03:55,791
EVT_OLY_2028_001,VEN_STADIUM_12,ZONE_GATE_A1,2026-07-18 04:00,792
EVT_OLY_2028_001,VEN_STADIUM_12,ZONE_GATE_A1,2026-07-18 04:05,793
EVT_OLY_2028_001,VEN_STADIUM_12,ZONE_GATE_A1,2026-07-18 04:10,794
EVT_OLY_2028_001,VEN_STADIUM_12,ZONE_GATE_A1,2026-07-18 04:15,795
EVT_OLY_2028_001,VEN_STADIUM_12,ZONE_GATE_A1,2026-07-18 04:20,796
EVT_OLY_2028_001,VEN_STADIUM_12,ZONE_GATE_A1,2026-07-18 04:25,797
EVT_OLY_2028_001,VEN_STADIUM_12,ZONE_GATE_A1,2026-07-18 04:30,798
EVT_OLY_2028_001,VEN_STADIUM_12,ZONE_GATE_A1,2026-07-18 04:35,799
EVT_OLY_2028_001,VEN_STADIUM_12,ZONE_GATE_A1,2026-07-18 04:40,800
EVT_OLY_2028_001,VEN_STADIUM_12,ZONE_GATE_A1,2026-07-18 04:45,801
EVT_OLY_2028_001,VEN_STADIUM_12,ZONE_GATE_A1,2026-07-18 04:50,802
EVT_OLY_2028_001,VEN_STADIUM_12,ZONE_GATE_A1,2026-07-18 04:55,803
EVT_OLY_2028_001,VEN_STADIUM_12,ZONE_GATE_A1,2026-07-18 05:00,804
EVT_OLY_2028_001,VEN_STADIUM_12,ZONE_GATE_A1,2026-07-18 05:05,805
EVT_OLY_2028_001,VEN_STADIUM_12,ZONE_GATE_A1,2026-07-18 05:10,806
EVT_OLY_2028_001,VEN_STADIUM_12,ZONE_GATE_A1,2026-07-18 05:15,807
EVT_OLY_2028_001,VEN_STADIUM_12,ZONE_GATE_A1,2026-07-18 05:20,808
EVT_OLY_2028_001,VEN_STADIUM_12,ZONE_GATE_A1,2026-07-18 05:25,809
EVT_OLY_2028_001,VEN_STADIUM_12,ZONE_GATE_A1,2026-07-18 05:30,810
EVT_OLY_2028_001,VEN_STADIUM_12,ZONE_GATE_A1,2026-07-18 05:35,811
EVT_OLY_2028_001,VEN_STADIUM_12,ZONE_GATE_A1,2026-07-18 05:40,812
EVT_OLY_2028_001,VEN_STADIUM_12,ZONE_GATE_A1,2026-07-18 05:45,813
EVT_OLY_2028_001,VEN_STADIUM_12,ZONE_GATE_A1,2026-07-18 05:50,814
EVT_OLY_2028_001,VEN_STADIUM_12,ZONE_GATE_A1,2026-07-18 05:55,815
EVT_OLY_2028_001,VEN_STADIUM_12,ZONE_GATE_A1,2026-07-18 06:00,816
EVT_OLY_2028_001,VEN_STADIUM_12,ZONE_GATE_A1,2026-07-18 06:05,817
EVT_OLY_2028_001,VEN_STADIUM_12,ZONE_GATE_A1,2026-07-18 06:10,818
EVT_OLY_2028_001,VEN_STADIUM_12,ZONE_GATE_A1,2026-07-18 06:15,819
EVT_OLY_2028_001,VEN_STADIUM_12,ZONE_GATE_A1,2026-07-18 06:20,820
EVT_OLY_2028_001,VEN_STADIUM_12,ZONE_GATE_A1,2026-07-18 06:25,821
EVT_OLY_2028_001,VEN_STADIUM_12,ZONE_GATE_A1,2026-07-18 06:30,822
EVT_OLY_2028_001,VEN_STADIUM_12,ZONE_GATE_A1,2026-07-18 06:35,823
EVT_OLY_2028_001,VEN_STADIUM_12,ZONE_GATE_A1,2026-07-18 06:40,824
EVT_OLY_2028_001,VEN_STADIUM_12,ZONE_GATE_A1,2026-07-18 06:45,825
EVT_OLY_2028_001,VEN_STADIUM_12,ZONE_GATE_A1,2026-07-18 06:50,826
EVT_OLY_2028_001,VEN_STADIUM_12,ZONE_GATE_A1,2026-07-18 06:55,827
EVT_OLY_2028_001,VEN_STADIUM_12,ZONE_GATE_A1,2026-07-18 07:00,828
EVT_OLY_2028_001,VEN_STADIUM_12,ZONE_GATE_A1,2026-07-18 07:05,829
EVT_OLY_2028_001,VEN_STADIUM_12,ZONE_GATE_A1,2026-07-18 07:10,830
EVT_OLY_2028_001,VEN_STADIUM_12,ZONE_GATE_A1,2026-07-18 07:15,831
EVT_OLY_2028_001,VEN_STADIUM_12,ZONE_GATE_A1,2026-07-18 07:20,832
EVT_OLY_2028_001,VEN_STADIUM_12,ZONE_GATE_A1,2026-07-18 07:25,833
EVT_OLY_2028_001,VEN_STADIUM_12,ZONE_GATE_A1,2026-07-18 07:30,834
EVT_OLY_2028_001,VEN_STADIUM_12,ZONE_GATE_A1,2026-07-18 07:35,835
EVT_OLY_2028_001,VEN_STADIUM_12,ZONE_GATE_A1,2026-07-18 07:40,836
EVT_OLY_2028_001,VEN_STADIUM_12,ZONE_GATE_A1,2026-07-18 07:45,837
EVT_OLY_2028_001,VEN_STADIUM_12,ZONE_GATE_A1,2026-07-18 07:50,838
EVT_OLY_2028_001,VEN_STADIUM_12,ZONE_GATE_A1,2026-07-18 07:55,839
EVT_OLY_2028_001,VEN_STADIUM_12,ZONE_GATE_A1,2026-07-18 08:00,840
EVT_OLY_2028_001,VEN_STADIUM_12,ZONE_GATE_A1,2026-07-18 08:05,841
EVT_OLY_2028_001,VEN_STADIUM_12,ZONE_GATE_A1,2026-07-18 08:10,842
EVT_OLY_2028_001,VEN_STADIUM_12,ZONE_GATE_A1,2026-07-18 08:15,843
EVT_OLY_2028_001,VEN_STADIUM_12,ZONE_GATE_A1,2026-07-18 08:20,844
EVT_OLY_2028_001,VEN_STADIUM_12,ZONE_GATE_A1,2026-07-18 08:25,845
EVT_OLY_2028_001,VEN_STADIUM_12,ZONE_GATE_A1,2026-07-18 08:30,846
EVT_OLY_2028_001,VEN_STADIUM_12,ZONE_GATE_A1,2026-07-18 08:35,847
EVT_OLY_2028_001,VEN_STADIUM_12,ZONE_GATE_A1,2026-07-18 08:40,848
EVT_OLY_2028_001,VEN_STADIUM_12,ZONE_GATE_A1,2026-07-18 08:45,849
EVT_OLY_2028_001,VEN_STADIUM_12,ZONE_GATE_A1,2026-07-18 08:50,850
EVT_OLY_2028_001,VEN_STADIUM_12,ZONE_GATE_A1,2026-07-18 08:55,851
EVT_OLY_2028_001,VEN_STADIUM_12,ZONE_GATE_A1,2026-07-18 09:00,852
EVT_OLY_2028_001,VEN_STADIUM_12,ZONE_GATE_A1,2026-07-18 09:05,853
EVT_OLY_2028_001,VEN_STADIUM_12,ZONE_GATE_A1,2026-07-18 09:10,854
EVT_OLY_2028_001,VEN_STADIUM_12,ZONE_GATE_A1,2026-07-18 09:15,855
EVT_OLY_2028_001,VEN_STADIUM_12,ZONE_GATE_A1,2026-07-18 09:20,856
EVT_OLY_2028_001,VEN_STADIUM_12,ZONE_GATE_A1,2026-07-18 09:25,857
EVT_OLY_2028_001,VEN_STADIUM_12,ZONE_GATE_A1,2026-07-18 09:30,858
EVT_OLY_2028_001,VEN_STADIUM_12,ZONE_GATE_A1,2026-07-18 09:35,859
EVT_OLY_2028_001,VEN_STADIUM_12,ZONE_GATE_A1,2026-07-18 09:40,860
EVT_OLY_2028_001,VEN_STADIUM_12,ZONE_GATE_A1,2026-07-18 09:45,861
EVT_OLY_2028_001,VEN_STADIUM_12,ZONE_GATE_A1,2026-07-18 09:50,862
EVT_OLY_2028_001,VEN_STADIUM_12,ZONE_GATE_A1,2026-07-18 09:55,863
EVT_OLY_2028_001,VEN_STADIUM_12,ZONE_GATE_A1,2026-07-18 10:00,864
EVT_OLY_2028_001,VEN_STADIUM_12,ZONE_GATE_A1,2026-07-18 10:05,865
EVT_OLY_2028_001,VEN_STADIUM_12,ZONE_GATE_A1,2026-07-18 10:10,866
EVT_OLY_2028_001,VEN_STADIUM_12,ZONE_GATE_A1,2026-07-18 10:15,867
EVT_OLY_2028_001,VEN_STADIUM_12,ZONE_GATE_A1,2026-07-18 10:20,868
EVT_OLY_2028_001,VEN_STADIUM_12,ZONE_GATE_A1,2026-07-18 10:25,869
EVT_OLY_2028_001,VEN_STADIUM_12,ZONE_GATE_A1,2026-07-18 10:30,870
EVT_OLY_2028_001,VEN_STADIUM_12,ZONE_GATE_A1,2026-07-18 10:35,871
EVT_OLY_2028_001,VEN_STADIUM_12,ZONE_GATE_A1,2026-07-18 10:40,872
EVT_OLY_2028_001,VEN_STADIUM_12,ZONE_GATE_A1,2026-07-18 10:45,873
EVT_OLY_2028_001,VEN_STADIUM_12,ZONE_GATE_A1,2026-07-18 10:50,874
EVT_OLY_2028_001,VEN_STADIUM_12,ZONE_GATE_A1,2026-07-18 10:55,875
EVT_OLY_2028_001,VEN_STADIUM_12,ZONE_GATE_A1,2026-07-18 11:00,876
EVT_OLY_2028_001,VEN_STADIUM_12,ZONE_GATE_A1,2026-07-18 11:05,877
EVT_OLY_2028_001,VEN_STADIUM_12,ZONE_GATE_A1,2026-07-18 11:10,878
EVT_OLY_2028_001,VEN_STADIUM_12,ZONE_GATE_A1,2026-07-18 11:15,879
EVT_OLY_2028_001,VEN_STADIUM_12,ZONE_GATE_A1,2026-07-18 11:20,880
EVT_OLY_2028_001,VEN_STADIUM_12,ZONE_GATE_A1,2026-07-18 11:25,881
EVT_OLY_2028_001,VEN_STADIUM_12,ZONE_GATE_A1,2026-07-18 11:30,882
EVT_OLY_2028_001,VEN_STADIUM_12,ZONE_GATE_A1,2026-07-18 11:35,883
EVT_OLY_2028_001,VEN_STADIUM_12,ZONE_GATE_A1,2026-07-18 11:40,884
EVT_OLY_2028_001,VEN_STADIUM_12,ZONE_GATE_A1,2026-07-18 11:45,885
EVT_OLY_2028_001,VEN_STADIUM_12,ZONE_GATE_A1,2026-07-18 11:50,886
EVT_OLY_2028_001,VEN_STADIUM_12,ZONE_GATE_A1,2026-07-18 11:55,887
EVT_OLY_2028_001,VEN_STADIUM_12,ZONE_GATE_A1,2026-07-18 12:00,888
EVT_OLY_2028_001,VEN_STADIUM_12,ZONE_GATE_A1,2026-07-18 12:05,889
EVT_OLY_2028_001,VEN_STADIUM_12,ZONE_GATE_A1,2026-07-18 12:10,890
EVT_OLY_2028_001,VEN_STADIUM_12,ZONE_GATE_A1,2026-07-18 12:15,891
EVT_OLY_2028_001,VEN_STADIUM_12,ZONE_GATE_A1,2026-07-18 12:20,892
EVT_OLY_2028_001,VEN_STADIUM_12,ZONE_GATE_A1,2026-07-18 12:25,893
EVT_OLY_2028_001,VEN_STADIUM_12,ZONE_GATE_A1,2026-07-18 12:30,894
EVT_OLY_2028_001,VEN_STADIUM_12,ZONE_GATE_A1,2026-07-18 12:35,895
EVT_OLY_2028_001,VEN_STADIUM_12,ZONE_GATE_A1,2026-07-18 12:40,896
EVT_OLY_2028_001,VEN_STADIUM_12,ZONE_GATE_A1,2026-07-18 12:45,897
EVT_OLY_2028_001,VEN_STADIUM_12,ZONE_GATE_A1,2026-07-18 12:50,898
EVT_OLY_2028_001,VEN_STADIUM_12,ZONE_GATE_A1,2026-07-18 12:55,899
EVT_OLY_2028_001,VEN_STADIUM_12,ZONE_GATE_A1,2026-07-18 13:00,900
EVT_OLY_2028_001,VEN_STADIUM_12,ZONE_GATE_A1,2026-07-18 13:05,901
EVT_OLY_2028_001,VEN_STADIUM_12,ZONE_GATE_A1,2026-07-18 13:10,902
EVT_OLY_2028_001,VEN_STADIUM_12,ZONE_GATE_A1,2026-07-18 13:15,903
EVT_OLY_2028_001,VEN_STADIUM_12,ZONE_GATE_A1,2026-07-18 13:20,904
EVT_OLY_2028_001,VEN_STADIUM_12,ZONE_GATE_A1,2026-07-18 13:25,905
EVT_OLY_2028_001,VEN_STADIUM_12,ZONE_GATE_A1,2026-07-18 13:30,906
EVT_OLY_2028_001,VEN_STADIUM_12,ZONE_GATE_A1,2026-07-18 13:35,907
EVT_OLY_2028_001,VEN_STADIUM_12,ZONE_GATE_A1,2026-07-18 13:40,908
EVT_OLY_2028_001,VEN_STADIUM_12,ZONE_GATE_A1,2026-07-18 13:45,909
EVT_OLY_2028_001,VEN_STADIUM_12,ZONE_GATE_A1,2026-07-18 13:50,910
EVT_OLY_2028_001,VEN_STADIUM_12,ZONE_GATE_A1,2026-07-18 13:55,911
EVT_OLY_2028_001,VEN_STADIUM_12,ZONE_GATE_A1,2026-07-18 14:00,912
EVT_OLY_2028_001,VEN_STADIUM_12,ZONE_GATE_A1,2026-07-18 14:05,913
EVT_OLY_2028_001,VEN_STADIUM_12,ZONE_GATE_A1,2026-07-18 14:10,914
EVT_OLY_2028_001,VEN_STADIUM_12,ZONE_GATE_A1,2026-07-18 14:15,915
EVT_OLY_2028_001,VEN_STADIUM_12,ZONE_GATE_A1,2026-07-18 14:20,916
EVT_OLY_2028_001,VEN_STADIUM_12,ZONE_GATE_A1,2026-07-18 14:25,917
EVT_OLY_2028_001,VEN_STADIUM_12,ZONE_GATE_A1,2026-07-18 14:30,918
EVT_OLY_2028_001,VEN_STADIUM_12,ZONE_GATE_A1,2026-07-18 14:35,919
EVT_OLY_2028_001,VEN_STADIUM_12,ZONE_GATE_A1,2026-07-18 14:40,920
EVT_OLY_2028_001,VEN_STADIUM_12,ZONE_GATE_A1,2026-07-18 14:45,921
EVT_OLY_2028_001,VEN_STADIUM_12,ZONE_GATE_A1,2026-07-18 14:50,922
EVT_OLY_2028_001,VEN_STADIUM_12,ZONE_GATE_A1,2026-07-18 14:55,923
EVT_OLY_2028_001,VEN_STADIUM_12,ZONE_GATE_A1,2026-07-18 15:00,924
EVT_OLY_2028_001,VEN_STADIUM_12,ZONE_GATE_A1,2026-07-18 15:05,925
EVT_OLY_2028_001,VEN_STADIUM_12,ZONE_GATE_A1,2026-07-18 15:10,926
EVT_OLY_2028_001,VEN_STADIUM_12,ZONE_GATE_A1,2026-07-18 15:15,927
EVT_OLY_2028_001,VEN_STADIUM_12,ZONE_GATE_A1,2026-07-18 15:20,928
EVT_OLY_2028_001,VEN_STADIUM_12,ZONE_GATE_A1,2026-07-18 15:25,929
EVT_OLY_2028_001,VEN_STADIUM_12,ZONE_GATE_A1,2026-07-18 15:30,930
EVT_OLY_2028_001,VEN_STADIUM_12,ZONE_GATE_A1,2026-07-18 15:35,931
EVT_OLY_2028_001,VEN_STADIUM_12,ZONE_GATE_A1,2026-07-18 15:40,932
EVT_OLY_2028_001,VEN_STADIUM_12,ZONE_GATE_A1,2026-07-18 15:45,933
EVT_OLY_2028_001,VEN_STADIUM_12,ZONE_GATE_A1,2026-07-18 15:50,934
EVT_OLY_2028_001,VEN_STADIUM_12,ZONE_GATE_A1,2026-07-18 15:55,935
EVT_OLY_2028_001,VEN_STADIUM_12,ZONE_GATE_A1,2026-07-18 16:00,936
EVT_OLY_2028_001,VEN_STADIUM_12,ZONE_GATE_A1,2026-07-18 16:05,937
EVT_OLY_2028_001,VEN_STADIUM_12,ZONE_GATE_A1,2026-07-18 16:10,938
EVT_OLY_2028_001,VEN_STADIUM_12,ZONE_GATE_A1,2026-07-18 16:15,939
EVT_OLY_2028_001,VEN_STADIUM_12,ZONE_GATE_A1,2026-07-18 16:20,940
EVT_OLY_2028_001,VEN_STADIUM_12,ZONE_GATE_A1,2026-07-18 16:25,941
EVT_OLY_2028_001,VEN_STADIUM_12,ZONE_GATE_A1,2026-07-18 16:30,942
EVT_OLY_2028_001,VEN_STADIUM_12,ZONE_GATE_A1,2026-07-18 16:35,943
EVT_OLY_2028_001,VEN_STADIUM_12,ZONE_GATE_A1,2026-07-18 16:40,944
EVT_OLY_2028_001,VEN_STADIUM_12,ZONE_GATE_A1,2026-07-18 16:45,945
EVT_OLY_2028_001,VEN_STADIUM_12,ZONE_GATE_A1,2026-07-18 16:50,946
EVT_OLY_2028_001,VEN_STADIUM_12,ZONE_GATE_A1,2026-07-18 16:55,947
EVT_OLY_2028_001,VEN_STADIUM_12,ZONE_GATE_A1,2026-07-18 17:00,948
EVT_OLY_2028_001,VEN_STADIUM_12,ZONE_GATE_A1,2026-07-18 17:05,949
EVT_OLY_2028_001,VEN_STADIUM_12,ZONE_GATE_A1,2026-07-18 17:10,950
EVT_OLY_2028_001,VEN_STADIUM_12,ZONE_GATE_A1,2026-07-18 17:15,951
EVT_OLY_2028_001,VEN_STADIUM_12,ZONE_GATE_A1,2026-07-18 17:20,952
EVT_OLY_2028_001,VEN_STADIUM_12,ZONE_GATE_A1,2026-07-18 17:25,953
EVT_OLY_2028_001,VEN_STADIUM_12,ZONE_GATE_A1,2026-07-18 17:30,954
EVT_OLY_2028_001,VEN_STADIUM_12,ZONE_GATE_A1,2026-07-18 17:35,955
EVT_OLY_2028_001,VEN_STADIUM_12,ZONE_GATE_A1,2026-07-18 17:40,956
EVT_OLY_2028_001,VEN_STADIUM_12,ZONE_GATE_A1,2026-07-18 17:45,957
EVT_OLY_2028_001,VEN_STADIUM_12,ZONE_GATE_A1,2026-07-18 17:50,958
EVT_OLY_2028_001,VEN_STADIUM_12,ZONE_GATE_A1,2026-07-18 17:55,959
EVT_OLY_2028_001,VEN_STADIUM_12,ZONE_GATE_A1,2026-07-18 18:00,960
EVT_OLY_2028_001,VEN_STADIUM_12,ZONE_GATE_A1,2026-07-18 18:05,961
EVT_OLY_2028_001,VEN_STADIUM_12,ZONE_GATE_A1,2026-07-18 18:10,962
EVT_OLY_2028_001,VEN_STADIUM_12,ZONE_GATE_A1,2026-07-18 18:15,963
EVT_OLY_2028_001,VEN_STADIUM_12,ZONE_GATE_A1,2026-07-18 18:20,964
EVT_OLY_2028_001,VEN_STADIUM_12,ZONE_GATE_A1,2026-07-18 18:25,965
EVT_OLY_2028_001,VEN_STADIUM_12,ZONE_GATE_A1,2026-07-18 18:30,966
EVT_OLY_2028_001,VEN_STADIUM_12,ZONE_GATE_A1,2026-07-18 18:35,967
EVT_OLY_2028_001,VEN_STADIUM_12,ZONE_GATE_A1,2026-07-18 18:40,968
EVT_OLY_2028_001,VEN_STADIUM_12,ZONE_GATE_A1,2026-07-18 18:45,969
EVT_OLY_2028_001,VEN_STADIUM_12,ZONE_GATE_A1,2026-07-18 18:50,970
EVT_OLY_2028_001,VEN_STADIUM_12,ZONE_GATE_A1,2026-07-18 18:55,971
EVT_OLY_2028_001,VEN_STADIUM_12,ZONE_GATE_A1,2026-07-18 19:00,972
EVT_OLY_2028_001,VEN_STADIUM_12,ZONE_GATE_A1,2026-07-18 19:05,973
EVT_OLY_2028_001,VEN_STADIUM_12,ZONE_GATE_A1,2026-07-18 19:10,974
EVT_OLY_2028_001,VEN_STADIUM_12,ZONE_GATE_A1,2026-07-18 19:15,975
EVT_OLY_2028_001,VEN_STADIUM_12,ZONE_GATE_A1,2026-07-18 19:20,976
EVT_OLY_2028_001,VEN_STADIUM_12,ZONE_GATE_A1,2026-07-18 19:25,977
EVT_OLY_2028_001,VEN_STADIUM_12,ZONE_GATE_A1,2026-07-18 19:30,978
EVT_OLY_2028_001,VEN_STADIUM_12,ZONE_GATE_A1,2026-07-18 19:35,979
EVT_OLY_2028_001,VEN_STADIUM_12,ZONE_GATE_A1,2026-07-18 19:40,980
EVT_OLY_2028_001,VEN_STADIUM_12,ZONE_GATE_A1,2026-07-18 19:45,981
EVT_OLY_2028_001,VEN_STADIUM_12,ZONE_GATE_A1,2026-07-18 19:50,982
EVT_OLY_2028_001,VEN_STADIUM_12,ZONE_GATE_A1,2026-07-18 19:55,983
EVT_OLY_2028_001,VEN_STADIUM_12,ZONE_GATE_A1,2026-07-18 20:00,984
EVT_OLY_2028_001,VEN_STADIUM_12,ZONE_GATE_A1,2026-07-18 20:05,985
EVT_OLY_2028_001,VEN_STADIUM_12,ZONE_GATE_A1,2026-07-18 20:10,986
EVT_OLY_2028_001,VEN_STADIUM_12,ZONE_GATE_A1,2026-07-18 20:15,987
EVT_OLY_2028_001,VEN_STADIUM_12,ZONE_GATE_A1,2026-07-18 20:20,988
EVT_OLY_2028_001,VEN_STADIUM_12,ZONE_GATE_A1,2026-07-18 20:25,989
EVT_OLY_2028_001,VEN_STADIUM_12,ZONE_GATE_A1,2026-07-18 20:30,990
EVT_OLY_2028_001,VEN_STADIUM_12,ZONE_GATE_A1,2026-07-18 20:35,991
EVT_OLY_2028_001,VEN_STADIUM_12,ZONE_GATE_A1,2026-07-18 20:40,992
EVT_OLY_2028_001,VEN_STADIUM_12,ZONE_GATE_A1,2026-07-18 20:45,993
EVT_OLY_2028_001,VEN_STADIUM_12,ZONE_GATE_A1,2026-07-18 20:50,994
EVT_OLY_2028_001,VEN_STADIUM_12,ZONE_GATE_A1,2026-07-18 20:55,995
EVT_OLY_2028_001,VEN_STADIUM_12,ZONE_GATE_A1,2026-07-18 21:00,996
EVT_OLY_2028_001,VEN_STADIUM_12,ZONE_GATE_A1,2026-07-18 21:05,997
EVT_OLY_2028_001,VEN_STADIUM_12,ZONE_GATE_A1,2026-07-18 21:10,998
EVT_OLY_2028_001,VEN_STADIUM_12,ZONE_GATE_A1,2026-07-18 21:15,999
EVT_OLY_2028_001,VEN_STADIUM_12,ZONE_GATE_A1,2026-07-18 21:20,1000
EVT_OLY_2028_001,VEN_STADIUM_12,ZONE_GATE_A1,2026-07-18 21:25,1001
EVT_OLY_2028_001,VEN_STADIUM_12,ZONE_GATE_A1,2026-07-18 21:30,1002
EVT_OLY_2028_001,VEN_STADIUM_12,ZONE_GATE_A1,2026-07-18 21:35,1003
EVT_OLY_2028_001,VEN_STADIUM_12,ZONE_GATE_A1,2026-07-18 21:40,1004
EVT_OLY_2028_001,VEN_STADIUM_12,ZONE_GATE_A1,2026-07-18 21:45,1005
EVT_OLY_2028_001,VEN_STADIUM_12,ZONE_GATE_A1,2026-07-18 21:50,1006
EVT_OLY_2028_001,VEN_STADIUM_12,ZONE_GATE_A1,2026-07-18 21:55,1007
EVT_OLY_2028_001,VEN_STADIUM_12,ZONE_GATE_A1,2026-07-18 22:00,1008
EVT_OLY_2028_001,VEN_STADIUM_12,ZONE_GATE_A1,2026-07-18 22:05,1009
EVT_OLY_2028_001,VEN_STADIUM_12,ZONE_GATE_A1,2026-07-18 22:10,1010
EVT_OLY_2028_001,VEN_STADIUM_12,ZONE_GATE_A1,2026-07-18 22:15,1011
EVT_OLY_2028_001,VEN_STADIUM_12,ZONE_GATE_A1,2026-07-18 22:20,1012
EVT_OLY_2028_001,VEN_STADIUM_12,ZONE_GATE_A1,2026-07-18 22:25,1013
EVT_OLY_2028_001,VEN_STADIUM_12,ZONE_GATE_A1,2026-07-18 22:30,1014
EVT_OLY_2028_001,VEN_STADIUM_12,ZONE_GATE_A1,2026-07-18 22:35,1015
EVT_OLY_2028_001,VEN_STADIUM_12,ZONE_GATE_A1,2026-07-18 22:40,1016
EVT_OLY_2028_001,VEN_STADIUM_12,ZONE_GATE_A1,2026-07-18 22:45,1017
EVT_OLY_2028_001,VEN_STADIUM_12,ZONE_GATE_A1,2026-07-18 22:50,1018
EVT_OLY_2028_001,VEN_STADIUM_12,ZONE_GATE_A1,2026-07-18 22:55,1019
EVT_OLY_2028_001,VEN_STADIUM_12,ZONE_GATE_A1,2026-07-18 23:00,1020
EVT_OLY_2028_001,VEN_STADIUM_12,ZONE_GATE_A1,2026-07-18 23:05,1021
EVT_OLY_2028_001,VEN_STADIUM_12,ZONE_GATE_A1,2026-07-18 23:10,1022
EVT_OLY_2028_001,VEN_STADIUM_12,ZONE_GATE_A1,2026-07-18 23:15,1023
EVT_OLY_2028_001,VEN_STADIUM_12,ZONE_GATE_A1,2026-07-18 23:20,1024
EVT_OLY_2028_001,VEN_STADIUM_12,ZONE_GATE_A1,2026-07-18 23:25,1025
EVT_OLY_2028_001,VEN_STADIUM_12,ZONE_GATE_A1,2026-07-18 23:30,1026
EVT_OLY_2028_001,VEN_STADIUM_12,ZONE_GATE_A1,2026-07-18 23:35,1027
EVT_OLY_2028_001,VEN_STADIUM_12,ZONE_GATE_A1,2026-07-18 23:40,1028
EVT_OLY_2028_001,VEN_STADIUM_12,ZONE_GATE_A1,2026-07-18 23:45,1029
EVT_OLY_2028_001,VEN_STADIUM_12,ZONE_GATE_A1,2026-07-18 23:50,1030
EVT_OLY_2028_001,VEN_STADIUM_12,ZONE_GATE_A1,2026-07-18 23:55,1031
EVT_OLY_2028_001,VEN_STADIUM_12,ZONE_GATE_A1,2026-07-19 00:00,1032
EVT_OLY_2028_001,VEN_STADIUM_12,ZONE_GATE_A1,2026-07-19 00:05,1033
EVT_OLY_2028_001,VEN_STADIUM_12,ZONE_GATE_A1,2026-07-19 00:10,1034
EVT_OLY_2028_001,VEN_STADIUM_12,ZONE_GATE_A1,2026-07-19 00:15,1035
EVT_OLY_2028_001,VEN_STADIUM_12,ZONE_GATE_A1,2026-07-19 00:20,1036
EVT_OLY_2028_001,VEN_STADIUM_12,ZONE_GATE_A1,2026-07-19 00:25,1037
EVT_OLY_2028_001,VEN_STADIUM_12,ZONE_GATE_A1,2026-07-19 00:30,1038
EVT_OLY_2028_001,VEN_STADIUM_12,ZONE_GATE_A1,2026-07-19 00:35,1039
EVT_OLY_2028_001,VEN_STADIUM_12,ZONE_GATE_A1,2026-07-19 00:40,1040
EVT_OLY_2028_001,VEN_STADIUM_12,ZONE_GATE_A1,2026-07-19 00:45,1041
EVT_OLY_2028_001,VEN_STADIUM_12,ZONE_GATE_A1,2026-07-19 00:50,1042
EVT_OLY_2028_001,VEN_STADIUM_12,ZONE_GATE_A1,2026-07-19 00:55,1043
EVT_OLY_2028_001,VEN_STADIUM_12,ZONE_GATE_A1,2026-07-19 01:00,1044
EVT_OLY_2028_001,VEN_STADIUM_12,ZONE_GATE_A1,2026-07-19 01:05,1045
EVT_OLY_2028_001,VEN_STADIUM_12,ZONE_GATE_A1,2026-07-19 01:10,1046
EVT_OLY_2028_001,VEN_STADIUM_12,ZONE_GATE_A1,2026-07-19 01:15,1047
EVT_OLY_2028_001,VEN_STADIUM_12,ZONE_GATE_A1,2026-07-19 01:20,1048
EVT_OLY_2028_001,VEN_STADIUM_12,ZONE_GATE_A1,2026-07-19 01:25,1049
EVT_OLY_2028_001,VEN_STADIUM_12,ZONE_GATE_A1,2026-07-19 01:30,1050
EVT_OLY_2028_001,VEN_STADIUM_12,ZONE_GATE_A1,2026-07-19 01:35,1051
EVT_OLY_2028_001,VEN_STADIUM_12,ZONE_GATE_A1,2026-07-19 01:40,1052
EVT_OLY_2028_001,VEN_STADIUM_12,ZONE_GATE_A1,2026-07-19 01:45,1053
EVT_OLY_2028_001,VEN_STADIUM_12,ZONE_GATE_A1,2026-07-19 01:50,1054
EVT_OLY_2028_001,VEN_STADIUM_12,ZONE_GATE_A1,2026-07-19 01:55,1055
EVT_OLY_2028_001,VEN_STADIUM_12,ZONE_GATE_A1,2026-07-19 02:00,1056
EVT_OLY_2028_001,VEN_STADIUM_12,ZONE_GATE_A1,2026-07-19 02:05,1057
EVT_OLY_2028_001,VEN_STADIUM_12,ZONE_GATE_A1,2026-07-19 02:10,1058
EVT_OLY_2028_001,VEN_STADIUM_12,ZONE_GATE_A1,2026-07-19 02:15,1059
EVT_OLY_2028_001,VEN_STADIUM_12,ZONE_GATE_A1,2026-07-19 02:20,1060
EVT_OLY_2028_001,VEN_STADIUM_12,ZONE_GATE_A1,2026-07-19 02:25,1061
EVT_OLY_2028_001,VEN_STADIUM_12,ZONE_GATE_A1,2026-07-19 02:30,1062
EVT_OLY_2028_001,VEN_STADIUM_12,ZONE_GATE_A1,2026-07-19 02:35,1063
EVT_OLY_2028_001,VEN_STADIUM_12,ZONE_GATE_A1,2026-07-19 02:40,1064
EVT_OLY_2028_001,VEN_STADIUM_12,ZONE_GATE_A1,2026-07-19 02:45,1065
EVT_OLY_2028_001,VEN_STADIUM_12,ZONE_GATE_A1,2026-07-19 02:50,1066
EVT_OLY_2028_001,VEN_STADIUM_12,ZONE_GATE_A1,2026-07-19 02:55,1067
EVT_OLY_2028_001,VEN_STADIUM_12,ZONE_GATE_A1,2026-07-19 03:00,1068
EVT_OLY_2028_001,VEN_STADIUM_12,ZONE_GATE_A1,2026-07-19 03:05,1069
EVT_OLY_2028_001,VEN_STADIUM_12,ZONE_GATE_A1,2026-07-19 03:10,1070
EVT_OLY_2028_001,VEN_STADIUM_12,ZONE_GATE_A1,2026-07-19 03:15,1071
EVT_OLY_2028_001,VEN_STADIUM_12,ZONE_GATE_A1,2026-07-19 03:20,1072
EVT_OLY_2028_001,VEN_STADIUM_12,ZONE_GATE_A1,2026-07-19 03:25,1073
EVT_OLY_2028_001,VEN_STADIUM_12,ZONE_GATE_A1,2026-07-19 03:30,1074
EVT_OLY_2028_001,VEN_STADIUM_12,ZONE_GATE_A1,2026-07-19 03:35,1075
EVT_OLY_2028_001,VEN_STADIUM_12,ZONE_GATE_A1,2026-07-19 03:40,1076
EVT_OLY_2028_001,VEN_STADIUM_12,ZONE_GATE_A1,2026-07-19 03:45,1077
EVT_OLY_2028_001,VEN_STADIUM_12,ZONE_GATE_A1,2026-07-19 03:50,1078
EVT_OLY_2028_001,VEN_STADIUM_12,ZONE_GATE_A1,2026-07-19 03:55,1079
EVT_OLY_2028_001,VEN_STADIUM_12,ZONE_GATE_A1,2026-07-19 04:00,1080
EVT_OLY_2028_001,VEN_STADIUM_12,ZONE_GATE_A1,2026-07-19 04:05,1081
EVT_OLY_2028_001,VEN_STADIUM_12,ZONE_GATE_A1,2026-07-19 04:10,1082
EVT_OLY_2028_001,VEN_STADIUM_12,ZONE_GATE_A1,2026-07-19 04:15,1083
EVT_OLY_2028_001,VEN_STADIUM_12,ZONE_GATE_A1,2026-07-19 04:20,1084
EVT_OLY_2028_001,VEN_STADIUM_12,ZONE_GATE_A1,2026-07-19 04:25,1085
EVT_OLY_2028_001,VEN_STADIUM_12,ZONE_GATE_A1,2026-07-19 04:30,1086
EVT_OLY_2028_001,VEN_STADIUM_12,ZONE_GATE_A1,2026-07-19 04:35,1087
EVT_OLY_2028_001,VEN_STADIUM_12,ZONE_GATE_A1,2026-07-19 04:40,1088
EVT_OLY_2028_001,VEN_STADIUM_12,ZONE_GATE_A1,2026-07-19 04:45,1089
EVT_OLY_2028_001,VEN_STADIUM_12,ZONE_GATE_A1,2026-07-19 04:50,1090
EVT_OLY_2028_001,VEN_STADIUM_12,ZONE_GATE_A1,2026-07-19 04:55,1091
EVT_OLY_2028_001,VEN_STADIUM_12,ZONE_GATE_A1,2026-07-19 05:00,1092
EVT_OLY_2028_001,VEN_STADIUM_12,ZONE_GATE_A1,2026-07-19 05:05,1093
EVT_OLY_2028_001,VEN_STADIUM_12,ZONE_GATE_A1,2026-07-19 05:10,1094
EVT_OLY_2028_001,VEN_STADIUM_12,ZONE_GATE_A1,2026-07-19 05:15,1095
EVT_OLY_2028_001,VEN_STADIUM_12,ZONE_GATE_A1,2026-07-19 05:20,1096
EVT_OLY_2028_001,VEN_STADIUM_12,ZONE_GATE_A1,2026-07-19 05:25,1097
EVT_OLY_2028_001,VEN_STADIUM_12,ZONE_GATE_A1,2026-07-19 05:30,1098
EVT_OLY_2028_001,VEN_STADIUM_12,ZONE_GATE_A1,2026-07-19 05:35,1099
EVT_OLY_2028_001,VEN_STADIUM_12,ZONE_GATE_A1,2026-07-19 05:40,1100
EVT_OLY_2028_001,VEN_STADIUM_12,ZONE_GATE_A1,2026-07-19 05:45,1101
EVT_OLY_2028_001,VEN_STADIUM_12,ZONE_GATE_A1,2026-07-19 05:50,1102
EVT_OLY_2028_001,VEN_STADIUM_12,ZONE_GATE_A1,2026-07-19 05:55,1103
EVT_OLY_2028_001,VEN_STADIUM_12,ZONE_GATE_A1,2026-07-19 06:00,1104
EVT_OLY_2028_001,VEN_STADIUM_12,ZONE_GATE_A1,2026-07-19 06:05,1105
EVT_OLY_2028_001,VEN_STADIUM_12,ZONE_GATE_A1,2026-07-19 06:10,1106
EVT_OLY_2028_001,VEN_STADIUM_12,ZONE_GATE_A1,2026-07-19 06:15,1107
EVT_OLY_2028_001,VEN_STADIUM_12,ZONE_GATE_A1,2026-07-19 06:20,1108
EVT_OLY_2028_001,VEN_STADIUM_12,ZONE_GATE_A1,2026-07-19 06:25,1109
EVT_OLY_2028_001,VEN_STADIUM_12,ZONE_GATE_A1,2026-07-19 06:30,1110
EVT_OLY_2028_001,VEN_STADIUM_12,ZONE_GATE_A1,2026-07-19 06:35,1111
EVT_OLY_2028_001,VEN_STADIUM_12,ZONE_GATE_A1,2026-07-19 06:40,1112
EVT_OLY_2028_001,VEN_STADIUM_12,ZONE_GATE_A1,2026-07-19 06:45,1113
EVT_OLY_2028_001,VEN_STADIUM_12,ZONE_GATE_A1,2026-07-19 06:50,1114
EVT_OLY_2028_001,VEN_STADIUM_12,ZONE_GATE_A1,2026-07-19 06:55,1115
EVT_OLY_2028_001,VEN_STADIUM_12,ZONE_GATE_A1,2026-07-19 07:00,1116
EVT_OLY_2028_001,VEN_STADIUM_12,ZONE_GATE_A1,2026-07-19 07:05,1117
EVT_OLY_2028_001,VEN_STADIUM_12,ZONE_GATE_A1,2026-07-19 07:10,1118
EVT_OLY_2028_001,VEN_STADIUM_12,ZONE_GATE_A1,2026-07-19 07:15,1119
EVT_OLY_2028_001,VEN_STADIUM_12,ZONE_GATE_A1,2026-07-19 07:20,1120
EVT_OLY_2028_001,VEN_STADIUM_12,ZONE_GATE_A1,2026-07-19 07:25,1121
EVT_OLY_2028_001,VEN_STADIUM_12,ZONE_GATE_A1,2026-07-19 07:30,1122
EVT_OLY_2028_001,VEN_STADIUM_12,ZONE_GATE_A1,2026-07-19 07:35,1123
EVT_OLY_2028_001,VEN_STADIUM_12,ZONE_GATE_A1,2026-07-19 07:40,1124
EVT_OLY_2028_001,VEN_STADIUM_12,ZONE_GATE_A1,2026-07-19 07:45,1125
EVT_OLY_2028_001,VEN_STADIUM_12,ZONE_GATE_A1,2026-07-19 07:50,1126
EVT_OLY_2028_001,VEN_STADIUM_12,ZONE_GATE_A1,2026-07-19 07:55,1127
EVT_OLY_2028_001,VEN_STADIUM_12,ZONE_GATE_A1,2026-07-19 08:00,1128
EVT_OLY_2028_001,VEN_STADIUM_12,ZONE_GATE_A1,2026-07-19 08:05,1129
EVT_OLY_2028_001,VEN_STADIUM_12,ZONE_GATE_A1,2026-07-19 08:10,1130
EVT_OLY_2028_001,VEN_STADIUM_12,ZONE_GATE_A1,2026-07-19 08:15,1131
EVT_OLY_2028_001,VEN_STADIUM_12,ZONE_GATE_A1,2026-07-19 08:20,1132
EVT_OLY_2028_001,VEN_STADIUM_12,ZONE_GATE_A1,2026-07-19 08:25,1133
EVT_OLY_2028_001,VEN_STADIUM_12,ZONE_GATE_A1,2026-07-19 08:30,1134
EVT_OLY_2028_001,VEN_STADIUM_12,ZONE_GATE_A1,2026-07-19 08:35,1135
EVT_OLY_2028_001,VEN_STADIUM_12,ZONE_GATE_A1,2026-07-19 08:40,1136
EVT_OLY_2028_001,VEN_STADIUM_12,ZONE_GATE_A1,2026-07-19 08:45,1137
EVT_OLY_2028_001,VEN_STADIUM_12,ZONE_GATE_A1,2026-07-19 08:50,1138
EVT_OLY_2028_001,VEN_STADIUM_12,ZONE_GATE_A1,2026-07-19 08:55,1139
EVT_OLY_2028_001,VEN_STADIUM_12,ZONE_GATE_A1,2026-07-19 09:00,1140
EVT_OLY_2028_001,VEN_STADIUM_12,ZONE_GATE_A1,2026-07-19 09:05,1141
EVT_OLY_2028_001,VEN_STADIUM_12,ZONE_GATE_A1,2026-07-19 09:10,1142
EVT_OLY_2028_001,VEN_STADIUM_12,ZONE_GATE_A1,2026-07-19 09:15,1143
EVT_OLY_2028_001,VEN_STADIUM_12,ZONE_GATE_A1,2026-07-19 09:20,1144
EVT_OLY_2028_001,VEN_STADIUM_12,ZONE_GATE_A1,2026-07-19 09:25,1145
EVT_OLY_2028_001,VEN_STADIUM_12,ZONE_GATE_A1,2026-07-19 09:30,1146
EVT_OLY_2028_001,VEN_STADIUM_12,ZONE_GATE_A1,2026-07-19 09:35,1147
EVT_OLY_2028_001,VEN_STADIUM_12,ZONE_GATE_A1,2026-07-19 09:40,1148
EVT_OLY_2028_001,VEN_STADIUM_12,ZONE_GATE_A1,2026-07-19 09:45,1149
EVT_OLY_2028_001,VEN_STADIUM_12,ZONE_GATE_A1,2026-07-19 09:50,1150
EVT_OLY_2028_001,VEN_STADIUM_12,ZONE_GATE_A1,2026-07-19 09:55,1151
EVT_OLY_2028_001,VEN_STADIUM_12,ZONE_GATE_A1,2026-07-19 10:00,1152
EVT_OLY_2028_001,VEN_STADIUM_12,ZONE_GATE_A1,2026-07-19 10:05,1153
EVT_OLY_2028_001,VEN_STADIUM_12,ZONE_GATE_A1,2026-07-19 10:10,1154
EVT_OLY_2028_001,VEN_STADIUM_12,ZONE_GATE_A1,2026-07-19 10:15,1155
EVT_OLY_2028_001,VEN_STADIUM_12,ZONE_GATE_A1,2026-07-19 10:20,1156
EVT_OLY_2028_001,VEN_STADIUM_12,ZONE_GATE_A1,2026-07-19 10:25,1157
EVT_OLY_2028_001,VEN_STADIUM_12,ZONE_GATE_A1,2026-07-19 10:30,1158
EVT_OLY_2028_001,VEN_STADIUM_12,ZONE_GATE_A1,2026-07-19 10:35,1159
EVT_OLY_2028_001,VEN_STADIUM_12,ZONE_GATE_A1,2026-07-19 10:40,1160
EVT_OLY_2028_001,VEN_STADIUM_12,ZONE_GATE_A1,2026-07-19 10:45,1161
EVT_OLY_2028_001,VEN_STADIUM_12,ZONE_GATE_A1,2026-07-19 10:50,1162
EVT_OLY_2028_001,VEN_STADIUM_12,ZONE_GATE_A1,2026-07-19 10:55,1163
EVT_OLY_2028_001,VEN_STADIUM_12,ZONE_GATE_A1,2026-07-19 11:00,1164
EVT_OLY_2028_001,VEN_STADIUM_12,ZONE_GATE_A1,2026-07-19 11:05,1165
EVT_OLY_2028_001,VEN_STADIUM_12,ZONE_GATE_A1,2026-07-19 11:10,1166
EVT_OLY_2028_001,VEN_STADIUM_12,ZONE_GATE_A1,2026-07-19 11:15,1167
EVT_OLY_2028_001,VEN_STADIUM_12,ZONE_GATE_A1,2026-07-19 11:20,1168
EVT_OLY_2028_001,VEN_STADIUM_12,ZONE_GATE_A1,2026-07-19 11:25,1169
EVT_OLY_2028_001,VEN_STADIUM_12,ZONE_GATE_A1,2026-07-19 11:30,1170
EVT_OLY_2028_001,VEN_STADIUM_12,ZONE_GATE_A1,2026-07-19 11:35,1171
EVT_OLY_2028_001,VEN_STADIUM_12,ZONE_GATE_A1,2026-07-19 11:40,1172
EVT_OLY_2028_001,VEN_STADIUM_12,ZONE_GATE_A1,2026-07-19 11:45,1173
EVT_OLY_2028_001,VEN_STADIUM_12,ZONE_GATE_A1,2026-07-19 11:50,1174
EVT_OLY_2028_001,VEN_STADIUM_12,ZONE_GATE_A1,2026-07-19 11:55,1175
EVT_OLY_2028_001,VEN_STADIUM_12,ZONE_GATE_A1,2026-07-19 12:00,1176
EVT_OLY_2028_001,VEN_STADIUM_12,ZONE_GATE_A1,2026-07-19 12:05,1177
EVT_OLY_2028_001,VEN_STADIUM_12,ZONE_GATE_A1,2026-07-19 12:10,1178
EVT_OLY_2028_001,VEN_STADIUM_12,ZONE_GATE_A1,2026-07-19 12:15,1179
EVT_OLY_2028_001,VEN_STADIUM_12,ZONE_GATE_A1,2026-07-19 12:20,1180
EVT_OLY_2028_001,VEN_STADIUM_12,ZONE_GATE_A1,2026-07-19 12:25,1181
EVT_OLY_2028_001,VEN_STADIUM_12,ZONE_GATE_A1,2026-07-19 12:30,1182
EVT_OLY_2028_001,VEN_STADIUM_12,ZONE_GATE_A1,2026-07-19 12:35,1183
EVT_OLY_2028_001,VEN_STADIUM_12,ZONE_GATE_A1,2026-07-19 12:40,1184
EVT_OLY_2028_001,VEN_STADIUM_12,ZONE_GATE_A1,2026-07-19 12:45,1185
EVT_OLY_2028_001,VEN_STADIUM_12,ZONE_GATE_A1,2026-07-19 12:50,1186
EVT_OLY_2028_001,VEN_STADIUM_12,ZONE_GATE_A1,2026-07-19 12:55,1187
EVT_OLY_2028_001,VEN_STADIUM_12,ZONE_GATE_A1,2026-07-19 13:00,1188
EVT_OLY_2028_001,VEN_STADIUM_12,ZONE_GATE_A1,2026-07-19 13:05,1189
EVT_OLY_2028_001,VEN_STADIUM_12,ZONE_GATE_A1,2026-07-19 13:10,1190
EVT_OLY_2028_001,VEN_STADIUM_12,ZONE_GATE_A1,2026-07-19 13:15,1191
EVT_OLY_2028_001,VEN_STADIUM_12,ZONE_GATE_A1,2026-07-19 13:20,1192
EVT_OLY_2028_001,VEN_STADIUM_12,ZONE_GATE_A1,2026-07-19 13:25,1193
EVT_OLY_2028_001,VEN_STADIUM_12,ZONE_GATE_A1,2026-07-19 13:30,1194
EVT_OLY_2028_001,VEN_STADIUM_12,ZONE_GATE_A1,2026-07-19 13:35,1195
EVT_OLY_2028_001,VEN_STADIUM_12,ZONE_GATE_A1,2026-07-19 13:40,1196
EVT_OLY_2028_001,VEN_STADIUM_12,ZONE_GATE_A1,2026-07-19 13:45,1197
EVT_OLY_2028_001,VEN_STADIUM_12,ZONE_GATE_A1,2026-07-19 13:50,1198
EVT_OLY_2028_001,VEN_STADIUM_12,ZONE_GATE_A1,2026-07-19 13:55,1199
EVT_OLY_2028_001,VEN_STADIUM_12,ZONE_GATE_A1,2026-07-19 14:00,1200
EVT_OLY_2028_001,VEN_STADIUM_12,ZONE_GATE_A1,2026-07-19 14:05,1201
EVT_OLY_2028_001,VEN_STADIUM_12,ZONE_GATE_A1,2026-07-19 14:10,1202
EVT_OLY_2028_001,VEN_STADIUM_12,ZONE_GATE_A1,2026-07-19 14:15,1203
EVT_OLY_2028_001,VEN_STADIUM_12,ZONE_GATE_A1,2026-07-19 14:20,1204
EVT_OLY_2028_001,VEN_STADIUM_12,ZONE_GATE_A1,2026-07-19 14:25,1205
EVT_OLY_2028_001,VEN_STADIUM_12,ZONE_GATE_A1,2026-07-19 14:30,1206
EVT_OLY_2028_001,VEN_STADIUM_12,ZONE_GATE_A1,2026-07-19 14:35,1207
EVT_OLY_2028_001,VEN_STADIUM_12,ZONE_GATE_A1,2026-07-19 14:40,1208
EVT_OLY_2028_001,VEN_STADIUM_12,ZONE_GATE_A1,2026-07-19 14:45,1209
EVT_OLY_2028_001,VEN_STADIUM_12,ZONE_GATE_A1,2026-07-19 14:50,1210
EVT_OLY_2028_001,VEN_STADIUM_12,ZONE_GATE_A1,2026-07-19 14:55,1211
EVT_OLY_2028_001,VEN_STADIUM_12,ZONE_GATE_A1,2026-07-19 15:00,1212
EVT_OLY_2028_001,VEN_STADIUM_12,ZONE_GATE_A1,2026-07-19 15:05,1213
EVT_OLY_2028_001,VEN_STADIUM_12,ZONE_GATE_A1,2026-07-19 15:10,1214
EVT_OLY_2028_001,VEN_STADIUM_12,ZONE_GATE_A1,2026-07-19 15:15,1215
EVT_OLY_2028_001,VEN_STADIUM_12,ZONE_GATE_A1,2026-07-19 15:20,1216
EVT_OLY_2028_001,VEN_STADIUM_12,ZONE_GATE_A1,2026-07-19 15:25,1217
EVT_OLY_2028_001,VEN_STADIUM_12,ZONE_GATE_A1,2026-07-19 15:30,1218
EVT_OLY_2028_001,VEN_STADIUM_12,ZONE_GATE_A1,2026-07-19 15:35,1219
EVT_OLY_2028_001,VEN_STADIUM_12,ZONE_GATE_A1,2026-07-19 15:40,1220
EVT_OLY_2028_001,VEN_STADIUM_12,ZONE_GATE_A1,2026-07-19 15:45,1221
EVT_OLY_2028_001,VEN_STADIUM_12,ZONE_GATE_A1,2026-07-19 15:50,1222
EVT_OLY_2028_001,VEN_STADIUM_12,ZONE_GATE_A1,2026-07-19 15:55,1223
EVT_OLY_2028_001,VEN_STADIUM_12,ZONE_GATE_A1,2026-07-19 16:00,1224
EVT_OLY_2028_001,VEN_STADIUM_12,ZONE_GATE_A1,2026-07-19 16:05,1225
EVT_OLY_2028_001,VEN_STADIUM_12,ZONE_GATE_A1,2026-07-19 16:10,1226
EVT_OLY_2028_001,VEN_STADIUM_12,ZONE_GATE_A1,2026-07-19 16:15,1227
EVT_OLY_2028_001,VEN_STADIUM_12,ZONE_GATE_A1,2026-07-19 16:20,1228
EVT_OLY_2028_001,VEN_STADIUM_12,ZONE_GATE_A1,2026-07-19 16:25,1229
EVT_OLY_2028_001,VEN_STADIUM_12,ZONE_GATE_A1,2026-07-19 16:30,1230
EVT_OLY_2028_001,VEN_STADIUM_12,ZONE_GATE_A1,2026-07-19 16:35,1231
EVT_OLY_2028_001,VEN_STADIUM_12,ZONE_GATE_A1,2026-07-19 16:40,1232
EVT_OLY_2028_001,VEN_STADIUM_12,ZONE_GATE_A1,2026-07-19 16:45,1233
EVT_OLY_2028_001,VEN_STADIUM_12,ZONE_GATE_A1,2026-07-19 16:50,1234
EVT_OLY_2028_001,VEN_STADIUM_12,ZONE_GATE_A1,2026-07-19 16:55,1235
EVT_OLY_2028_001,VEN_STADIUM_12,ZONE_GATE_A1,2026-07-19 17:00,1236
EVT_OLY_2028_001,VEN_STADIUM_12,ZONE_GATE_A1,2026-07-19 17:05,1237
EVT_OLY_2028_001,VEN_STADIUM_12,ZONE_GATE_A1,2026-07-19 17:10,1238
EVT_OLY_2028_001,VEN_STADIUM_12,ZONE_GATE_A1,2026-07-19 17:15,1239
EVT_OLY_2028_001,VEN_STADIUM_12,ZONE_GATE_A1,2026-07-19 17:20,1240
EVT_OLY_2028_001,VEN_STADIUM_12,ZONE_GATE_A1,2026-07-19 17:25,1241
EVT_OLY_2028_001,VEN_STADIUM_12,ZONE_GATE_A1,2026-07-19 17:30,1242
EVT_OLY_2028_001,VEN_STADIUM_12,ZONE_GATE_A1,2026-07-19 17:35,1243
EVT_OLY_2028_001,VEN_STADIUM_12,ZONE_GATE_A1,2026-07-19 17:40,1244
EVT_OLY_2028_001,VEN_STADIUM_12,ZONE_GATE_A1,2026-07-19 17:45,1245
EVT_OLY_2028_001,VEN_STADIUM_12,ZONE_GATE_A1,2026-07-19 17:50,1246
EVT_OLY_2028_001,VEN_STADIUM_12,ZONE_GATE_A1,2026-07-19 17:55,1247
EVT_OLY_2028_001,VEN_STADIUM_12,ZONE_GATE_A1,2026-07-19 18:00,1248
EVT_OLY_2028_001,VEN_STADIUM_12,ZONE_GATE_A1,2026-07-19 18:05,1249
EVT_OLY_2028_001,VEN_STADIUM_12,ZONE_GATE_A1,2026-07-19 18:10,1250
EVT_OLY_2028_001,VEN_STADIUM_12,ZONE_GATE_A1,2026-07-19 18:15,1251
EVT_OLY_2028_001,VEN_STADIUM_12,ZONE_GATE_A1,2026-07-19 18:20,1252
EVT_OLY_2028_001,VEN_STADIUM_12,ZONE_GATE_A1,2026-07-19 18:25,1253
EVT_OLY_2028_001,VEN_STADIUM_12,ZONE_GATE_A1,2026-07-19 18:30,1254
EVT_OLY_2028_001,VEN_STADIUM_12,ZONE_GATE_A1,2026-07-19 18:35,1255
EVT_OLY_2028_001,VEN_STADIUM_12,ZONE_GATE_A1,2026-07-19 18:40,1256
EVT_OLY_2028_001,VEN_STADIUM_12,ZONE_GATE_A1,2026-07-19 18:45,1257
EVT_OLY_2028_001,VEN_STADIUM_12,ZONE_GATE_A1,2026-07-19 18:50,1258
EVT_OLY_2028_001,VEN_STADIUM_12,ZONE_GATE_A1,2026-07-19 18:55,1259
EVT_OLY_2028_001,VEN_STADIUM_12,ZONE_GATE_A1,2026-07-19 19:00,1260
EVT_OLY_2028_001,VEN_STADIUM_12,ZONE_GATE_A1,2026-07-19 19:05,1261
EVT_OLY_2028_001,VEN_STADIUM_12,ZONE_GATE_A1,2026-07-19 19:10,1262
EVT_OLY_2028_001,VEN_STADIUM_12,ZONE_GATE_A1,2026-07-19 19:15,1263
EVT_OLY_2028_001,VEN_STADIUM_12,ZONE_GATE_A1,2026-07-19 19:20,1264
EVT_OLY_2028_001,VEN_STADIUM_12,ZONE_GATE_A1,2026-07-19 19:25,1265
EVT_OLY_2028_001,VEN_STADIUM_12,ZONE_GATE_A1,2026-07-19 19:30,1266
EVT_OLY_2028_001,VEN_STADIUM_12,ZONE_GATE_A1,2026-07-19 19:35,1267
EVT_OLY_2028_001,VEN_STADIUM_12,ZONE_GATE_A1,2026-07-19 19:40,1268
EVT_OLY_2028_001,VEN_STADIUM_12,ZONE_GATE_A1,2026-07-19 19:45,1269
EVT_OLY_2028_001,VEN_STADIUM_12,ZONE_GATE_A1,2026-07-19 19:50,1270
EVT_OLY_2028_001,VEN_STADIUM_12,ZONE_GATE_A1,2026-07-19 19:55,1271
EVT_OLY_2028_001,VEN_STADIUM_12,ZONE_GATE_A1,2026-07-19 20:00,1272
EVT_OLY_2028_001,VEN_STADIUM_12,ZONE_GATE_A1,2026-07-19 20:05,1273
EVT_OLY_2028_001,VEN_STADIUM_12,ZONE_GATE_A1,2026-07-19 20:10,1274
EVT_OLY_2028_001,VEN_STADIUM_12,ZONE_GATE_A1,2026-07-19 20:15,1275
EVT_OLY_2028_001,VEN_STADIUM_12,ZONE_GATE_A1,2026-07-19 20:20,1276
EVT_OLY_2028_001,VEN_STADIUM_12,ZONE_GATE_A1,2026-07-19 20:25,1277
EVT_OLY_2028_001,VEN_STADIUM_12,ZONE_GATE_A1,2026-07-19 20:30,1278
EVT_OLY_2028_001,VEN_STADIUM_12,ZONE_GATE_A1,2026-07-19 20:35,1279
EVT_OLY_2028_001,VEN_STADIUM_12,ZONE_GATE_A1,2026-07-19 20:40,1280
EVT_OLY_2028_001,VEN_STADIUM_12,ZONE_GATE_A1,2026-07-19 20:45,1281
EVT_OLY_2028_001,VEN_STADIUM_12,ZONE_GATE_A1,2026-07-19 20:50,1282
EVT_OLY_2028_001,VEN_STADIUM_12,ZONE_GATE_A1,2026-07-19 20:55,1283
EVT_OLY_2028_001,VEN_STADIUM_12,ZONE_GATE_A1,2026-07-19 21:00,1284
EVT_OLY_2028_001,VEN_STADIUM_12,ZONE_GATE_A1,2026-07-19 21:05,1285
EVT_OLY_2028_001,VEN_STADIUM_12,ZONE_GATE_A1,2026-07-19 21:10,1286
EVT_OLY_2028_001,VEN_STADIUM_12,ZONE_GATE_A1,2026-07-19 21:15,1287
EVT_OLY_2028_001,VEN_STADIUM_12,ZONE_GATE_A1,2026-07-19 21:20,1288
EVT_OLY_2028_001,VEN_STADIUM_12,ZONE_GATE_A1,2026-07-19 21:25,1289
EVT_OLY_2028_001,VEN_STADIUM_12,ZONE_GATE_A1,2026-07-19 21:30,1290
EVT_OLY_2028_001,VEN_STADIUM_12,ZONE_GATE_A1,2026-07-19 21:35,1291
EVT_OLY_2028_001,VEN_STADIUM_12,ZONE_GATE_A1,2026-07-19 21:40,1292
EVT_OLY_2028_001,VEN_STADIUM_12,ZONE_GATE_A1,2026-07-19 21:45,1293
EVT_OLY_2028_001,VEN_STADIUM_12,ZONE_GATE_A1,2026-07-19 21:50,1294
EVT_OLY_2028_001,VEN_STADIUM_12,ZONE_GATE_A1,2026-07-19 21:55,1295
EVT_OLY_2028_001,VEN_STADIUM_12,ZONE_GATE_A1,2026-07-19 22:00,1296
EVT_OLY_2028_001,VEN_STADIUM_12,ZONE_GATE_A1,2026-07-19 22:05,1297
EVT_OLY_2028_001,VEN_STADIUM_12,ZONE_GATE_A1,2026-07-19 22:10,1298
EVT_OLY_2028_001,VEN_STADIUM_12,ZONE_GATE_A1,2026-07-19 22:15,1299
EVT_OLY_2028_001,VEN_STADIUM_12,ZONE_GATE_A1,2026-07-19 22:20,1300
EVT_OLY_2028_001,VEN_STADIUM_12,ZONE_GATE_A1,2026-07-19 22:25,1301
EVT_OLY_2028_001,VEN_STADIUM_12,ZONE_GATE_A1,2026-07-19 22:30,1302
EVT_OLY_2028_001,VEN_STADIUM_12,ZONE_GATE_A1,2026-07-19 22:35,1303
EVT_OLY_2028_001,VEN_STADIUM_12,ZONE_GATE_A1,2026-07-19 22:40,1304
EVT_OLY_2028_001,VEN_STADIUM_12,ZONE_GATE_A1,2026-07-19 22:45,1305
EVT_OLY_2028_001,VEN_STADIUM_12,ZONE_GATE_A1,2026-07-19 22:50,1306
EVT_OLY_2028_001,VEN_STADIUM_12,ZONE_GATE_A1,2026-07-19 22:55,1307
EVT_OLY_2028_001,VEN_STADIUM_12,ZONE_GATE_A1,2026-07-19 23:00,1308
EVT_OLY_2028_001,VEN_STADIUM_12,ZONE_GATE_A1,2026-07-19 23:05,1309
EVT_OLY_2028_001,VEN_STADIUM_12,ZONE_GATE_A1,2026-07-19 23:10,1310
EVT_OLY_2028_001,VEN_STADIUM_12,ZONE_GATE_A1,2026-07-19 23:15,1311
EVT_OLY_2028_001,VEN_STADIUM_12,ZONE_GATE_A1,2026-07-19 23:20,1312
EVT_OLY_2028_001,VEN_STADIUM_12,ZONE_GATE_A1,2026-07-19 23:25,1313
EVT_OLY_2028_001,VEN_STADIUM_12,ZONE_GATE_A1,2026-07-19 23:30,1314
EVT_OLY_2028_001,VEN_STADIUM_12,ZONE_GATE_A1,2026-07-19 23:35,1315
EVT_OLY_2028_001,VEN_STADIUM_12,ZONE_GATE_A1,2026-07-19 23:40,1316
EVT_OLY_2028_001,VEN_STADIUM_12,ZONE_GATE_A1,2026-07-19 23:45,1317
EVT_OLY_2028_001,VEN_STADIUM_12,ZONE_GATE_A1,2026-07-19 23:50,1318
EVT_OLY_2028_001,VEN_STADIUM_12,ZONE_GATE_A1,2026-07-19 23:55,1319
EVT_OLY_2028_001,VEN_STADIUM_12,ZONE_GATE_A1,2026-07-20 00:00,1320
EVT_OLY_2028_001,VEN_STADIUM_12,ZONE_GATE_A1,2026-07-20 00:05,1321
EVT_OLY_2028_001,VEN_STADIUM_12,ZONE_GATE_A1,2026-07-20 00:10,1322
EVT_OLY_2028_001,VEN_STADIUM_12,ZONE_GATE_A1,2026-07-20 00:15,1323
EVT_OLY_2028_001,VEN_STADIUM_12,ZONE_GATE_A1,2026-07-20 00:20,1324
EVT_OLY_2028_001,VEN_STADIUM_12,ZONE_GATE_A1,2026-07-20 00:25,1325
EVT_OLY_2028_001,VEN_STADIUM_12,ZONE_GATE_A1,2026-07-20 00:30,1326
EVT_OLY_2028_001,VEN_STADIUM_12,ZONE_GATE_A1,2026-07-20 00:35,1327
EVT_OLY_2028_001,VEN_STADIUM_12,ZONE_GATE_A1,2026-07-20 00:40,1328
EVT_OLY_2028_001,VEN_STADIUM_12,ZONE_GATE_A1,2026-07-20 00:45,1329
EVT_OLY_2028_001,VEN_STADIUM_12,ZONE_GATE_A1,2026-07-20 00:50,1330
EVT_OLY_2028_001,VEN_STADIUM_12,ZONE_GATE_A1,2026-07-20 00:55,1331
EVT_OLY_2028_001,VEN_STADIUM_12,ZONE_GATE_A1,2026-07-20 01:00,1332
EVT_OLY_2028_001,VEN_STADIUM_12,ZONE_GATE_A1,2026-07-20 01:05,1333
EVT_OLY_2028_001,VEN_STADIUM_12,ZONE_GATE_A1,2026-07-20 01:10,1334
EVT_OLY_2028_001,VEN_STADIUM_12,ZONE_GATE_A1,2026-07-20 01:15,1335
EVT_OLY_2028_001,VEN_STADIUM_12,ZONE_GATE_A1,2026-07-20 01:20,1336
EVT_OLY_2028_001,VEN_STADIUM_12,ZONE_GATE_A1,2026-07-20 01:25,1337
EVT_OLY_2028_001,VEN_STADIUM_12,ZONE_GATE_A1,2026-07-20 01:30,1338
EVT_OLY_2028_001,VEN_STADIUM_12,ZONE_GATE_A1,2026-07-20 01:35,1339
EVT_OLY_2028_001,VEN_STADIUM_12,ZONE_GATE_A1,2026-07-20 01:40,1340
EVT_OLY_2028_001,VEN_STADIUM_12,ZONE_GATE_A1,2026-07-20 01:45,1341
EVT_OLY_2028_001,VEN_STADIUM_12,ZONE_GATE_A1,2026-07-20 01:50,1342
EVT_OLY_2028_001,VEN_STADIUM_12,ZONE_GATE_A1,2026-07-20 01:55,1343
EVT_OLY_2028_001,VEN_STADIUM_12,ZONE_GATE_A1,2026-07-20 02:00,1344
EVT_OLY_2028_001,VEN_STADIUM_12,ZONE_GATE_A1,2026-07-20 02:05,1345
EVT_OLY_2028_001,VEN_STADIUM_12,ZONE_GATE_A1,2026-07-20 02:10,1346
EVT_OLY_2028_001,VEN_STADIUM_12,ZONE_GATE_A1,2026-07-20 02:15,1347
EVT_OLY_2028_001,VEN_STADIUM_12,ZONE_GATE_A1,2026-07-20 02:20,1348
EVT_OLY_2028_001,VEN_STADIUM_12,ZONE_GATE_A1,2026-07-20 02:25,1349
EVT_OLY_2028_001,VEN_STADIUM_12,ZONE_GATE_A1,2026-07-20 02:30,1350
EVT_OLY_2028_001,VEN_STADIUM_12,ZONE_GATE_A1,2026-07-20 02:35,1351
EVT_OLY_2028_001,VEN_STADIUM_12,ZONE_GATE_A1,2026-07-20 02:40,1352
EVT_OLY_2028_001,VEN_STADIUM_12,ZONE_GATE_A1,2026-07-20 02:45,1353
EVT_OLY_2028_001,VEN_STADIUM_12,ZONE_GATE_A1,2026-07-20 02:50,1354
EVT_OLY_2028_001,VEN_STADIUM_12,ZONE_GATE_A1,2026-07-20 02:55,1355
EVT_OLY_2028_001,VEN_STADIUM_12,ZONE_GATE_A1,2026-07-20 03:00,1356
EVT_OLY_2028_001,VEN_STADIUM_12,ZONE_GATE_A1,2026-07-20 03:05,1357
EVT_OLY_2028_001,VEN_STADIUM_12,ZONE_GATE_A1,2026-07-20 03:10,1358
EVT_OLY_2028_001,VEN_STADIUM_12,ZONE_GATE_A1,2026-07-20 03:15,1359
EVT_OLY_2028_001,VEN_STADIUM_12,ZONE_GATE_A1,2026-07-20 03:20,1360
EVT_OLY_2028_001,VEN_STADIUM_12,ZONE_GATE_A1,2026-07-20 03:25,1361
EVT_OLY_2028_001,VEN_STADIUM_12,ZONE_GATE_A1,2026-07-20 03:30,1362
EVT_OLY_2028_001,VEN_STADIUM_12,ZONE_GATE_A1,2026-07-20 03:35,1363
EVT_OLY_2028_001,VEN_STADIUM_12,ZONE_GATE_A1,2026-07-20 03:40,1364
EVT_OLY_2028_001,VEN_STADIUM_12,ZONE_GATE_A1,2026-07-20 03:45,1365
EVT_OLY_2028_001,VEN_STADIUM_12,ZONE_GATE_A1,2026-07-20 03:50,1366
EVT_OLY_2028_001,VEN_STADIUM_12,ZONE_GATE_A1,2026-07-20 03:55,1367
EVT_OLY_2028_001,VEN_STADIUM_12,ZONE_GATE_A1,2026-07-20 04:00,1368
EVT_OLY_2028_001,VEN_STADIUM_12,ZONE_GATE_A1,2026-07-20 04:05,1369
EVT_OLY_2028_001,VEN_STADIUM_12,ZONE_GATE_A1,2026-07-20 04:10,1370
EVT_OLY_2028_001,VEN_STADIUM_12,ZONE_GATE_A1,2026-07-20 04:15,1371
EVT_OLY_2028_001,VEN_STADIUM_12,ZONE_GATE_A1,2026-07-20 04:20,1372
EVT_OLY_2028_001,VEN_STADIUM_12,ZONE_GATE_A1,2026-07-20 04:25,1373
EVT_OLY_2028_001,VEN_STADIUM_12,ZONE_GATE_A1,2026-07-20 04:30,1374
EVT_OLY_2028_001,VEN_STADIUM_12,ZONE_GATE_A1,2026-07-20 04:35,1375
EVT_OLY_2028_001,VEN_STADIUM_12,ZONE_GATE_A1,2026-07-20 04:40,1376
EVT_OLY_2028_001,VEN_STADIUM_12,ZONE_GATE_A1,2026-07-20 04:45,1377
EVT_OLY_2028_001,VEN_STADIUM_12,ZONE_GATE_A1,2026-07-20 04:50,1378
EVT_OLY_2028_001,VEN_STADIUM_12,ZONE_GATE_A1,2026-07-20 04:55,1379
EVT_OLY_2028_001,VEN_STADIUM_12,ZONE_GATE_A1,2026-07-20 05:00,1380
EVT_OLY_2028_001,VEN_STADIUM_12,ZONE_GATE_A1,2026-07-20 05:05,1381
EVT_OLY_2028_001,VEN_STADIUM_12,ZONE_GATE_A1,2026-07-20 05:10,1382
EVT_OLY_2028_001,VEN_STADIUM_12,ZONE_GATE_A1,2026-07-20 05:15,1383
EVT_OLY_2028_001,VEN_STADIUM_12,ZONE_GATE_A1,2026-07-20 05:20,1384
EVT_OLY_2028_001,VEN_STADIUM_12,ZONE_GATE_A1,2026-07-20 05:25,1385
EVT_OLY_2028_001,VEN_STADIUM_12,ZONE_GATE_A1,2026-07-20 05:30,1386
EVT_OLY_2028_001,VEN_STADIUM_12,ZONE_GATE_A1,2026-07-20 05:35,1387
EVT_OLY_2028_001,VEN_STADIUM_12,ZONE_GATE_A1,2026-07-20 05:40,1388
EVT_OLY_2028_001,VEN_STADIUM_12,ZONE_GATE_A1,2026-07-20 05:45,1389
EVT_OLY_2028_001,VEN_STADIUM_12,ZONE_GATE_A1,2026-07-20 05:50,1390
EVT_OLY_2028_001,VEN_STADIUM_12,ZONE_GATE_A1,2026-07-20 05:55,1391
EVT_OLY_2028_001,VEN_STADIUM_12,ZONE_GATE_A1,2026-07-20 06:00,1392
EVT_OLY_2028_001,VEN_STADIUM_12,ZONE_GATE_A1,2026-07-20 06:05,1393
EVT_OLY_2028_001,VEN_STADIUM_12,ZONE_GATE_A1,2026-07-20 06:10,1394
EVT_OLY_2028_001,VEN_STADIUM_12,ZONE_GATE_A1,2026-07-20 06:15,1395
EVT_OLY_2028_001,VEN_STADIUM_12,ZONE_GATE_A1,2026-07-20 06:20,1396
EVT_OLY_2028_001,VEN_STADIUM_12,ZONE_GATE_A1,2026-07-20 06:25,1397
EVT_OLY_2028_001,VEN_STADIUM_12,ZONE_GATE_A1,2026-07-20 06:30,1398
EVT_OLY_2028_001,VEN_STADIUM_12,ZONE_GATE_A1,2026-07-20 06:35,1399
EVT_OLY_2028_001,VEN_STADIUM_12,ZONE_GATE_A1,2026-07-20 06:40,1400
EVT_OLY_2028_001,VEN_STADIUM_12,ZONE_GATE_A1,2026-07-20 06:45,1401
EVT_OLY_2028_001,VEN_STADIUM_12,ZONE_GATE_A1,2026-07-20 06:50,1402
EVT_OLY_2028_001,VEN_STADIUM_12,ZONE_GATE_A1,2026-07-20 06:55,1403
EVT_OLY_2028_001,VEN_STADIUM_12,ZONE_GATE_A1,2026-07-20 07:00,1404
EVT_OLY_2028_001,VEN_STADIUM_12,ZONE_GATE_A1,2026-07-20 07:05,1405
EVT_OLY_2028_001,VEN_STADIUM_12,ZONE_GATE_A1,2026-07-20 07:10,1406
EVT_OLY_2028_001,VEN_STADIUM_12,ZONE_GATE_A1,2026-07-20 07:15,1407
EVT_OLY_2028_001,VEN_STADIUM_12,ZONE_GATE_A1,2026-07-20 07:20,1408
EVT_OLY_2028_001,VEN_STADIUM_12,ZONE_GATE_A1,2026-07-20 07:25,1409
EVT_OLY_2028_001,VEN_STADIUM_12,ZONE_GATE_A1,2026-07-20 07:30,1410
EVT_OLY_2028_001,VEN_STADIUM_12,ZONE_GATE_A1,2026-07-20 07:35,1411
EVT_OLY_2028_001,VEN_STADIUM_12,ZONE_GATE_A1,2026-07-20 07:40,1412
EVT_OLY_2028_001,VEN_STADIUM_12,ZONE_GATE_A1,2026-07-20 07:45,1413
EVT_OLY_2028_001,VEN_STADIUM_12,ZONE_GATE_A1,2026-07-20 07:50,1414
EVT_OLY_2028_001,VEN_STADIUM_12,ZONE_GATE_A1,2026-07-20 07:55,1415
EVT_OLY_2028_001,VEN_STADIUM_12,ZONE_GATE_A1,2026-07-20 08:00,1416
EVT_OLY_2028_001,VEN_STADIUM_12,ZONE_GATE_A1,2026-07-20 08:05,1417
EVT_OLY_2028_001,VEN_STADIUM_12,ZONE_GATE_A1,2026-07-20 08:10,1418
EVT_OLY_2028_001,VEN_STADIUM_12,ZONE_GATE_A1,2026-07-20 08:15,1419
EVT_OLY_2028_001,VEN_STADIUM_12,ZONE_GATE_A1,2026-07-20 08:20,1420
EVT_OLY_2028_001,VEN_STADIUM_12,ZONE_GATE_A1,2026-07-20 08:25,1421
EVT_OLY_2028_001,VEN_STADIUM_12,ZONE_GATE_A1,2026-07-20 08:30,1422
EVT_OLY_2028_001,VEN_STADIUM_12,ZONE_GATE_A1,2026-07-20 08:35,1423
EVT_OLY_2028_001,VEN_STADIUM_12,ZONE_GATE_A1,2026-07-20 08:40,1424
EVT_OLY_2028_001,VEN_STADIUM_12,ZONE_GATE_A1,2026-07-20 08:45,1425
EVT_OLY_2028_001,VEN_STADIUM_12,ZONE_GATE_A1,2026-07-20 08:50,1426
EVT_OLY_2028_001,VEN_STADIUM_12,ZONE_GATE_A1,2026-07-20 08:55,1427
EVT_OLY_2028_001,VEN_STADIUM_12,ZONE_GATE_A1,2026-07-20 09:00,1428
EVT_OLY_2028_001,VEN_STADIUM_12,ZONE_GATE_A1,2026-07-20 09:05,1429
EVT_OLY_2028_001,VEN_STADIUM_12,ZONE_GATE_A1,2026-07-20 09:10,1430
EVT_OLY_2028_001,VEN_STADIUM_12,ZONE_GATE_A1,2026-07-20 09:15,1431
EVT_OLY_2028_001,VEN_STADIUM_12,ZONE_GATE_A1,2026-07-20 09:20,1432
EVT_OLY_2028_001,VEN_STADIUM_12,ZONE_GATE_A1,2026-07-20 09:25,1433
EVT_OLY_2028_001,VEN_STADIUM_12,ZONE_GATE_A1,2026-07-20 09:30,1434
EVT_OLY_2028_001,VEN_STADIUM_12,ZONE_GATE_A1,2026-07-20 09:35,1435
EVT_OLY_2028_001,VEN_STADIUM_12,ZONE_GATE_A1,2026-07-20 09:40,1436
EVT_OLY_2028_001,VEN_STADIUM_12,ZONE_GATE_A1,2026-07-20 09:45,1437
EVT_OLY_2028_001,VEN_STADIUM_12,ZONE_GATE_A1,2026-07-20 09:50,1438
EVT_OLY_2028_001,VEN_STADIUM_12,ZONE_GATE_A1,2026-07-20 09:55,1439
EVT_OLY_2028_001,VEN_STADIUM_12,ZONE_GATE_A1,2026-07-20 10:00,1440
EVT_OLY_2028_001,VEN_STADIUM_12,ZONE_GATE_A1,2026-07-20 10:05,1441
EVT_OLY_2028_001,VEN_STADIUM_12,ZONE_GATE_A1,2026-07-20 10:10,1442
EVT_OLY_2028_001,VEN_STADIUM_12,ZONE_GATE_A1,2026-07-20 10:15,1443
EVT_OLY_2028_001,VEN_STADIUM_12,ZONE_GATE_A1,2026-07-20 10:20,1444
EVT_OLY_2028_001,VEN_STADIUM_12,ZONE_GATE_A1,2026-07-20 10:25,1445
EVT_OLY_2028_001,VEN_STADIUM_12,ZONE_GATE_A1,2026-07-20 10:30,1446
EVT_OLY_2028_001,VEN_STADIUM_12,ZONE_GATE_A1,2026-07-20 10:35,1447
EVT_OLY_2028_001,VEN_STADIUM_12,ZONE_GATE_A1,2026-07-20 10:40,1448
EVT_OLY_2028_001,VEN_STADIUM_12,ZONE_GATE_A1,2026-07-20 10:45,1449
EVT_OLY_2028_001,VEN_STADIUM_12,ZONE_GATE_A1,2026-07-20 10:50,1450
EVT_OLY_2028_001,VEN_STADIUM_12,ZONE_GATE_A1,2026-07-20 10:55,1451
EVT_OLY_2028_001,VEN_STADIUM_12,ZONE_GATE_A1,2026-07-20 11:00,1452
EVT_OLY_2028_001,VEN_STADIUM_12,ZONE_GATE_A1,2026-07-20 11:05,1453
EVT_OLY_2028_001,VEN_STADIUM_12,ZONE_GATE_A1,2026-07-20 11:10,1454
EVT_OLY_2028_001,VEN_STADIUM_12,ZONE_GATE_A1,2026-07-20 11:15,1455
EVT_OLY_2028_001,VEN_STADIUM_12,ZONE_GATE_A1,2026-07-20 11:20,1456
EVT_OLY_2028_001,VEN_STADIUM_12,ZONE_GATE_A1,2026-07-20 11:25,1457
EVT_OLY_2028_001,VEN_STADIUM_12,ZONE_GATE_A1,2026-07-20 11:30,1458
EVT_OLY_2028_001,VEN_STADIUM_12,ZONE_GATE_A1,2026-07-20 11:35,1459
EVT_OLY_2028_001,VEN_STADIUM_12,ZONE_GATE_A1,2026-07-20 11:40,1460
EVT_OLY_2028_001,VEN_STADIUM_12,ZONE_GATE_A1,2026-07-20 11:45,1461
EVT_OLY_2028_001,VEN_STADIUM_12,ZONE_GATE_A1,2026-07-20 11:50,1462
EVT_OLY_2028_001,VEN_STADIUM_12,ZONE_GATE_A1,2026-07-20 11:55,1463
EVT_OLY_2028_001,VEN_STADIUM_12,ZONE_GATE_A1,2026-07-20 12:00,1464
EVT_OLY_2028_001,VEN_STADIUM_12,ZONE_GATE_A1,2026-07-20 12:05,1465
EVT_OLY_2028_001,VEN_STADIUM_12,ZONE_GATE_A1,2026-07-20 12:10,1466
EVT_OLY_2028_001,VEN_STADIUM_12,ZONE_GATE_A1,2026-07-20 12:15,1467
EVT_OLY_2028_001,VEN_STADIUM_12,ZONE_GATE_A1,2026-07-20 12:20,1468
EVT_OLY_2028_001,VEN_STADIUM_12,ZONE_GATE_A1,2026-07-20 12:25,1469
EVT_OLY_2028_001,VEN_STADIUM_12,ZONE_GATE_A1,2026-07-20 12:30,1470
EVT_OLY_2028_001,VEN_STADIUM_12,ZONE_GATE_A1,2026-07-20 12:35,1471
EVT_OLY_2028_001,VEN_STADIUM_12,ZONE_GATE_A1,2026-07-20 12:40,1472
EVT_OLY_2028_001,VEN_STADIUM_12,ZONE_GATE_A1,2026-07-20 12:45,1473
EVT_OLY_2028_001,VEN_STADIUM_12,ZONE_GATE_A1,2026-07-20 12:50,1474
EVT_OLY_2028_001,VEN_STADIUM_12,ZONE_GATE_A1,2026-07-20 12:55,1475
EVT_OLY_2028_001,VEN_STADIUM_12,ZONE_GATE_A1,2026-07-20 13:00,1476
EVT_OLY_2028_001,VEN_STADIUM_12,ZONE_GATE_A1,2026-07-20 13:05,1477
EVT_OLY_2028_001,VEN_STADIUM_12,ZONE_GATE_A1,2026-07-20 13:10,1478
EVT_OLY_2028_001,VEN_STADIUM_12,ZONE_GATE_A1,2026-07-20 13:15,1479
EVT_OLY_2028_001,VEN_STADIUM_12,ZONE_GATE_A1,2026-07-20 13:20,1480
EVT_OLY_2028_001,VEN_STADIUM_12,ZONE_GATE_A1,2026-07-20 13:25,1481
EVT_OLY_2028_001,VEN_STADIUM_12,ZONE_GATE_A1,2026-07-20 13:30,1482
EVT_OLY_2028_001,VEN_STADIUM_12,ZONE_GATE_A1,2026-07-20 13:35,1483
EVT_OLY_2028_001,VEN_STADIUM_12,ZONE_GATE_A1,2026-07-20 13:40,1484
EVT_OLY_2028_001,VEN_STADIUM_12,ZONE_GATE_A1,2026-07-20 13:45,1485
EVT_OLY_2028_001,VEN_STADIUM_12,ZONE_GATE_A1,2026-07-20 13:50,1486
EVT_OLY_2028_001,VEN_STADIUM_12,ZONE_GATE_A1,2026-07-20 13:55,1487
EVT_OLY_2028_001,VEN_STADIUM_12,ZONE_GATE_A1,2026-07-20 14:00,1488
EVT_OLY_2028_001,VEN_STADIUM_12,ZONE_GATE_A1,2026-07-20 14:05,1489
EVT_OLY_2028_001,VEN_STADIUM_12,ZONE_GATE_A1,2026-07-20 14:10,1490
EVT_OLY_2028_001,VEN_STADIUM_12,ZONE_GATE_A1,2026-07-20 14:15,1491
EVT_OLY_2028_001,VEN_STADIUM_12,ZONE_GATE_A1,2026-07-20 14:20,1492
EVT_OLY_2028_001,VEN_STADIUM_12,ZONE_GATE_A1,2026-07-20 14:25,1493
EVT_OLY_2028_001,VEN_STADIUM_12,ZONE_GATE_A1,2026-07-20 14:30,1494
EVT_OLY_2028_001,VEN_STADIUM_12,ZONE_GATE_A1,2026-07-20 14:35,1495
EVT_OLY_2028_001,VEN_STADIUM_12,ZONE_GATE_A1,2026-07-20 14:40,1496
EVT_OLY_2028_001,VEN_STADIUM_12,ZONE_GATE_A1,2026-07-20 14:45,1497
EVT_OLY_2028_001,VEN_STADIUM_12,ZONE_GATE_A1,2026-07-20 14:50,1498
EVT_OLY_2028_001,VEN_STADIUM_12,ZONE_GATE_A1,2026-07-20 14:55,1499
EVT_OLY_2028_001,VEN_STADIUM_12,ZONE_GATE_A1,2026-07-20 15:00,1500
EVT_OLY_2028_001,VEN_STADIUM_12,ZONE_GATE_A1,2026-07-20 15:05,1501
EVT_OLY_2028_001,VEN_STADIUM_12,ZONE_GATE_A1,2026-07-20 15:10,1502
EVT_OLY_2028_001,VEN_STADIUM_12,ZONE_GATE_A1,2026-07-20 15:15,1503
EVT_OLY_2028_001,VEN_STADIUM_12,ZONE_GATE_A1,2026-07-20 15:20,1504
EVT_OLY_2028_001,VEN_STADIUM_12,ZONE_GATE_A1,2026-07-20 15:25,1505
EVT_OLY_2028_001,VEN_STADIUM_12,ZONE_GATE_A1,2026-07-20 15:30,1506
EVT_OLY_2028_001,VEN_STADIUM_12,ZONE_GATE_A1,2026-07-20 15:35,1507
EVT_OLY_2028_001,VEN_STADIUM_12,ZONE_GATE_A1,2026-07-20 15:40,1508
EVT_OLY_2028_001,VEN_STADIUM_12,ZONE_GATE_A1,2026-07-20 15:45,1509
EVT_OLY_2028_001,VEN_STADIUM_12,ZONE_GATE_A1,2026-07-20 15:50,1510
EVT_OLY_2028_001,VEN_STADIUM_12,ZONE_GATE_A1,2026-07-20 15:55,1511
EVT_OLY_2028_001,VEN_STADIUM_12,ZONE_GATE_A1,2026-07-20 16:00,1512
EVT_OLY_2028_001,VEN_STADIUM_12,ZONE_GATE_A1,2026-07-20 16:05,1513
EVT_OLY_2028_001,VEN_STADIUM_12,ZONE_GATE_A1,2026-07-20 16:10,1514
EVT_OLY_2028_001,VEN_STADIUM_12,ZONE_GATE_A1,2026-07-20 16:15,1515
EVT_OLY_2028_001,VEN_STADIUM_12,ZONE_GATE_A1,2026-07-20 16:20,1516
EVT_OLY_2028_001,VEN_STADIUM_12,ZONE_GATE_A1,2026-07-20 16:25,1517
EVT_OLY_2028_001,VEN_STADIUM_12,ZONE_GATE_A1,2026-07-20 16:30,1518
EVT_OLY_2028_001,VEN_STADIUM_12,ZONE_GATE_A1,2026-07-20 16:35,1519
EVT_OLY_2028_001,VEN_STADIUM_12,ZONE_GATE_A1,2026-07-20 16:40,1520
EVT_OLY_2028_001,VEN_STADIUM_12,ZONE_GATE_A1,2026-07-20 16:45,1521
EVT_OLY_2028_001,VEN_STADIUM_12,ZONE_GATE_A1,2026-07-20 16:50,1522
EVT_OLY_2028_001,VEN_STADIUM_12,ZONE_GATE_A1,2026-07-20 16:55,1523
EVT_OLY_2028_001,VEN_STADIUM_12,ZONE_GATE_A1,2026-07-20 17:00,1524
EVT_OLY_2028_001,VEN_STADIUM_12,ZONE_GATE_A1,2026-07-20 17:05,1525
EVT_OLY_2028_001,VEN_STADIUM_12,ZONE_GATE_A1,2026-07-20 17:10,1526
EVT_OLY_2028_001,VEN_STADIUM_12,ZONE_GATE_A1,2026-07-20 17:15,1527
EVT_OLY_2028_001,VEN_STADIUM_12,ZONE_GATE_A1,2026-07-20 17:20,1528
EVT_OLY_2028_001,VEN_STADIUM_12,ZONE_GATE_A1,2026-07-20 17:25,1529
EVT_OLY_2028_001,VEN_STADIUM_12,ZONE_GATE_A1,2026-07-20 17:30,1530
EVT_OLY_2028_001,VEN_STADIUM_12,ZONE_GATE_A1,2026-07-20 17:35,1531
EVT_OLY_2028_001,VEN_STADIUM_12,ZONE_GATE_A1,2026-07-20 17:40,1532
EVT_OLY_2028_001,VEN_STADIUM_12,ZONE_GATE_A1,2026-07-20 17:45,1533
EVT_OLY_2028_001,VEN_STADIUM_12,ZONE_GATE_A1,2026-07-20 17:50,1534
EVT_OLY_2028_001,VEN_STADIUM_12,ZONE_GATE_A1,2026-07-20 17:55,1535
EVT_OLY_2028_001,VEN_STADIUM_12,ZONE_GATE_A1,2026-07-20 18:00,1536
EVT_OLY_2028_001,VEN_STADIUM_12,ZONE_GATE_A1,2026-07-20 18:05,1537
EVT_OLY_2028_001,VEN_STADIUM_12,ZONE_GATE_A1,2026-07-20 18:10,1538
EVT_OLY_2028_001,VEN_STADIUM_12,ZONE_GATE_A1,2026-07-20 18:15,1539
EVT_OLY_2028_001,VEN_STADIUM_12,ZONE_GATE_A1,2026-07-20 18:20,1540
EVT_OLY_2028_001,VEN_STADIUM_12,ZONE_GATE_A1,2026-07-20 18:25,1541
EVT_OLY_2028_001,VEN_STADIUM_12,ZONE_GATE_A1,2026-07-20 18:30,1542
EVT_OLY_2028_001,VEN_STADIUM_12,ZONE_GATE_A1,2026-07-20 18:35,1543
EVT_OLY_2028_001,VEN_STADIUM_12,ZONE_GATE_A1,2026-07-20 18:40,1544
EVT_OLY_2028_001,VEN_STADIUM_12,ZONE_GATE_A1,2026-07-20 18:45,1545
EVT_OLY_2028_001,VEN_STADIUM_12,ZONE_GATE_A1,2026-07-20 18:50,1546
EVT_OLY_2028_001,VEN_STADIUM_12,ZONE_GATE_A1,2026-07-20 18:55,1547
EVT_OLY_2028_001,VEN_STADIUM_12,ZONE_GATE_A1,2026-07-20 19:00,1548
EVT_OLY_2028_001,VEN_STADIUM_12,ZONE_GATE_A1,2026-07-20 19:05,1549
EVT_OLY_2028_001,VEN_STADIUM_12,ZONE_GATE_A1,2026-07-20 19:10,1550
EVT_OLY_2028_001,VEN_STADIUM_12,ZONE_GATE_A1,2026-07-20 19:15,1551
EVT_OLY_2028_001,VEN_STADIUM_12,ZONE_GATE_A1,2026-07-20 19:20,1552
EVT_OLY_2028_001,VEN_STADIUM_12,ZONE_GATE_A1,2026-07-20 19:25,1553
EVT_OLY_2028_001,VEN_STADIUM_12,ZONE_GATE_A1,2026-07-20 19:30,1554
EVT_OLY_2028_001,VEN_STADIUM_12,ZONE_GATE_A1,2026-07-20 19:35,1555
EVT_OLY_2028_001,VEN_STADIUM_12,ZONE_GATE_A1,2026-07-20 19:40,1556
EVT_OLY_2028_001,VEN_STADIUM_12,ZONE_GATE_A1,2026-07-20 19:45,1557
EVT_OLY_2028_001,VEN_STADIUM_12,ZONE_GATE_A1,2026-07-20 19:50,1558
EVT_OLY_2028_001,VEN_STADIUM_12,ZONE_GATE_A1,2026-07-20 19:55,1559
EVT_OLY_2028_001,VEN_STADIUM_12,ZONE_GATE_A1,2026-07-20 20:00,1560
EVT_OLY_2028_001,VEN_STADIUM_12,ZONE_GATE_A1,2026-07-20 20:05,1561
EVT_OLY_2028_001,VEN_STADIUM_12,ZONE_GATE_A1,2026-07-20 20:10,1562
EVT_OLY_2028_001,VEN_STADIUM_12,ZONE_GATE_A1,2026-07-20 20:15,1563
EVT_OLY_2028_001,VEN_STADIUM_12,ZONE_GATE_A1,2026-07-20 20:20,1564
EVT_OLY_2028_001,VEN_STADIUM_12,ZONE_GATE_A1,2026-07-20 20:25,1565
EVT_OLY_2028_001,VEN_STADIUM_12,ZONE_GATE_A1,2026-07-20 20:30,1566
EVT_OLY_2028_001,VEN_STADIUM_12,ZONE_GATE_A1,2026-07-20 20:35,1567
EVT_OLY_2028_001,VEN_STADIUM_12,ZONE_GATE_A1,2026-07-20 20:40,1568
EVT_OLY_2028_001,VEN_STADIUM_12,ZONE_GATE_A1,2026-07-20 20:45,1569
EVT_OLY_2028_001,VEN_STADIUM_12,ZONE_GATE_A1,2026-07-20 20:50,1570
EVT_OLY_2028_001,VEN_STADIUM_12,ZONE_GATE_A1,2026-07-20 20:55,1571
EVT_OLY_2028_001,VEN_STADIUM_12,ZONE_GATE_A1,2026-07-20 21:00,1572
EVT_OLY_2028_001,VEN_STADIUM_12,ZONE_GATE_A1,2026-07-20 21:05,1573
EVT_OLY_2028_001,VEN_STADIUM_12,ZONE_GATE_A1,2026-07-20 21:10,1574
EVT_OLY_2028_001,VEN_STADIUM_12,ZONE_GATE_A1,2026-07-20 21:15,1575
EVT_OLY_2028_001,VEN_STADIUM_12,ZONE_GATE_A1,2026-07-20 21:20,1576
EVT_OLY_2028_001,VEN_STADIUM_12,ZONE_GATE_A1,2026-07-20 21:25,1577
EVT_OLY_2028_001,VEN_STADIUM_12,ZONE_GATE_A1,2026-07-20 21:30,1578
EVT_OLY_2028_001,VEN_STADIUM_12,ZONE_GATE_A1,2026-07-20 21:35,1579
EVT_OLY_2028_001,VEN_STADIUM_12,ZONE_GATE_A1,2026-07-20 21:40,1580
EVT_OLY_2028_001,VEN_STADIUM_12,ZONE_GATE_A1,2026-07-20 21:45,1581
EVT_OLY_2028_001,VEN_STADIUM_12,ZONE_GATE_A1,2026-07-20 21:50,1582
EVT_OLY_2028_001,VEN_STADIUM_12,ZONE_GATE_A1,2026-07-20 21:55,1583
EVT_OLY_2028_001,VEN_STADIUM_12,ZONE_GATE_A1,2026-07-20 22:00,1584
EVT_OLY_2028_001,VEN_STADIUM_12,ZONE_GATE_A1,2026-07-20 22:05,1585
EVT_OLY_2028_001,VEN_STADIUM_12,ZONE_GATE_A1,2026-07-20 22:10,1586
EVT_OLY_2028_001,VEN_STADIUM_12,ZONE_GATE_A1,2026-07-20 22:15,1587
EVT_OLY_2028_001,VEN_STADIUM_12,ZONE_GATE_A1,2026-07-20 22:20,1588
EVT_OLY_2028_001,VEN_STADIUM_12,ZONE_GATE_A1,2026-07-20 22:25,1589
EVT_OLY_2028_001,VEN_STADIUM_12,ZONE_GATE_A1,2026-07-20 22:30,1590
EVT_OLY_2028_001,VEN_STADIUM_12,ZONE_GATE_A1,2026-07-20 22:35,1591
EVT_OLY_2028_001,VEN_STADIUM_12,ZONE_GATE_A1,2026-07-20 22:40,1592
EVT_OLY_2028_001,VEN_STADIUM_12,ZONE_GATE_A1,2026-07-20 22:45,1593
EVT_OLY_2028_001,VEN_STADIUM_12,ZONE_GATE_A1,2026-07-20 22:50,1594
EVT_OLY_2028_001,VEN_STADIUM_12,ZONE_GATE_A1,2026-07-20 22:55,1595
EVT_OLY_2028_001,VEN_STADIUM_12,ZONE_GATE_A1,2026-07-20 23:00,1596
EVT_OLY_2028_001,VEN_STADIUM_12,ZONE_GATE_A1,2026-07-20 23:05,1597
EVT_OLY_2028_001,VEN_STADIUM_12,ZONE_GATE_A1,2026-07-20 23:10,1598
EVT_OLY_2028_001,VEN_STADIUM_12,ZONE_GATE_A1,2026-07-20 23:15,1599
EVT_OLY_2028_001,VEN_STADIUM_12,ZONE_GATE_A1,2026-07-20 23:20,1600
EVT_OLY_2028_001,VEN_STADIUM_12,ZONE_GATE_A1,2026-07-20 23:25,1601
EVT_OLY_2028_001,VEN_STADIUM_12,ZONE_GATE_A1,2026-07-20 23:30,1602
EVT_OLY_2028_001,VEN_STADIUM_12,ZONE_GATE_A1,2026-07-20 23:35,1603
EVT_OLY_2028_001,VEN_STADIUM_12,ZONE_GATE_A1,2026-07-20 23:40,1604
EVT_OLY_2028_001,VEN_STADIUM_12,ZONE_GATE_A1,2026-07-20 23:45,1605
EVT_OLY_2028_001,VEN_STADIUM_12,ZONE_GATE_A1,2026-07-20 23:50,1606
EVT_OLY_2028_001,VEN_STADIUM_12,ZONE_GATE_A1,2026-07-20 23:55,1607
EVT_OLY_2028_001,VEN_STADIUM_12,ZONE_GATE_A1,2026-07-21 00:00,1608
EVT_OLY_2028_001,VEN_STADIUM_12,ZONE_GATE_A1,2026-07-21 00:05,1609
EVT_OLY_2028_001,VEN_STADIUM_12,ZONE_GATE_A1,2026-07-21 00:10,1610
EVT_OLY_2028_001,VEN_STADIUM_12,ZONE_GATE_A1,2026-07-21 00:15,1611
EVT_OLY_2028_001,VEN_STADIUM_12,ZONE_GATE_A1,2026-07-21 00:20,1612
EVT_OLY_2028_001,VEN_STADIUM_12,ZONE_GATE_A1,2026-07-21 00:25,1613
EVT_OLY_2028_001,VEN_STADIUM_12,ZONE_GATE_A1,2026-07-21 00:30,1614
EVT_OLY_2028_001,VEN_STADIUM_12,ZONE_GATE_A1,2026-07-21 00:35,1615
EVT_OLY_2028_001,VEN_STADIUM_12,ZONE_GATE_A1,2026-07-21 00:40,1616
EVT_OLY_2028_001,VEN_STADIUM_12,ZONE_GATE_A1,2026-07-21 00:45,1617
EVT_OLY_2028_001,VEN_STADIUM_12,ZONE_GATE_A1,2026-07-21 00:50,1618
EVT_OLY_2028_001,VEN_STADIUM_12,ZONE_GATE_A1,2026-07-21 00:55,1619
EVT_OLY_2028_001,VEN_STADIUM_12,ZONE_GATE_A1,2026-07-21 01:00,1620
EVT_OLY_2028_001,VEN_STADIUM_12,ZONE_GATE_A1,2026-07-21 01:05,1621
EVT_OLY_2028_001,VEN_STADIUM_12,ZONE_GATE_A1,2026-07-21 01:10,1622
EVT_OLY_2028_001,VEN_STADIUM_12,ZONE_GATE_A1,2026-07-21 01:15,1623
EVT_OLY_2028_001,VEN_STADIUM_12,ZONE_GATE_A1,2026-07-21 01:20,1624
EVT_OLY_2028_001,VEN_STADIUM_12,ZONE_GATE_A1,2026-07-21 01:25,1625
EVT_OLY_2028_001,VEN_STADIUM_12,ZONE_GATE_A1,2026-07-21 01:30,1626
EVT_OLY_2028_001,VEN_STADIUM_12,ZONE_GATE_A1,2026-07-21 01:35,1627
EVT_OLY_2028_001,VEN_STADIUM_12,ZONE_GATE_A1,2026-07-21 01:40,1628
EVT_OLY_2028_001,VEN_STADIUM_12,ZONE_GATE_A1,2026-07-21 01:45,1629
EVT_OLY_2028_001,VEN_STADIUM_12,ZONE_GATE_A1,2026-07-21 01:50,1630
EVT_OLY_2028_001,VEN_STADIUM_12,ZONE_GATE_A1,2026-07-21 01:55,1631
EVT_OLY_2028_001,VEN_STADIUM_12,ZONE_GATE_A1,2026-07-21 02:00,1632
EVT_OLY_2028_001,VEN_STADIUM_12,ZONE_GATE_A1,2026-07-21 02:05,1633
EVT_OLY_2028_001,VEN_STADIUM_12,ZONE_GATE_A1,2026-07-21 02:10,1634
EVT_OLY_2028_001,VEN_STADIUM_12,ZONE_GATE_A1,2026-07-21 02:15,1635
EVT_OLY_2028_001,VEN_STADIUM_12,ZONE_GATE_A1,2026-07-21 02:20,1636
EVT_OLY_2028_001,VEN_STADIUM_12,ZONE_GATE_A1,2026-07-21 02:25,1637
EVT_OLY_2028_001,VEN_STADIUM_12,ZONE_GATE_A1,2026-07-21 02:30,1638
EVT_OLY_2028_001,VEN_STADIUM_12,ZONE_GATE_A1,2026-07-21 02:35,1639
EVT_OLY_2028_001,VEN_STADIUM_12,ZONE_GATE_A1,2026-07-21 02:40,1640
EVT_OLY_2028_001,VEN_STADIUM_12,ZONE_GATE_A1,2026-07-21 02:45,1641
EVT_OLY_2028_001,VEN_STADIUM_12,ZONE_GATE_A1,2026-07-21 02:50,1642
EVT_OLY_2028_001,VEN_STADIUM_12,ZONE_GATE_A1,2026-07-21 02:55,1643
EVT_OLY_2028_001,VEN_STADIUM_12,ZONE_GATE_A1,2026-07-21 03:00,1644
EVT_OLY_2028_001,VEN_STADIUM_12,ZONE_GATE_A1,2026-07-21 03:05,1645
EVT_OLY_2028_001,VEN_STADIUM_12,ZONE_GATE_A1,2026-07-21 03:10,1646
EVT_OLY_2028_001,VEN_STADIUM_12,ZONE_GATE_A1,2026-07-21 03:15,1647
EVT_OLY_2028_001,VEN_STADIUM_12,ZONE_GATE_A1,2026-07-21 03:20,1648
EVT_OLY_2028_001,VEN_STADIUM_12,ZONE_GATE_A1,2026-07-21 03:25,1649
EVT_OLY_2028_001,VEN_STADIUM_12,ZONE_GATE_A1,2026-07-21 03:30,1650
EVT_OLY_2028_001,VEN_STADIUM_12,ZONE_GATE_A1,2026-07-21 03:35,1651
EVT_OLY_2028_001,VEN_STADIUM_12,ZONE_GATE_A1,2026-07-21 03:40,1652
EVT_OLY_2028_001,VEN_STADIUM_12,ZONE_GATE_A1,2026-07-21 03:45,1653
EVT_OLY_2028_001,VEN_STADIUM_12,ZONE_GATE_A1,2026-07-21 03:50,1654
EVT_OLY_2028_001,VEN_STADIUM_12,ZONE_GATE_A1,2026-07-21 03:55,1655
EVT_OLY_2028_001,VEN_STADIUM_12,ZONE_GATE_A1,2026-07-21 04:00,1656
EVT_OLY_2028_001,VEN_STADIUM_12,ZONE_GATE_A1,2026-07-21 04:05,1657
EVT_OLY_2028_001,VEN_STADIUM_12,ZONE_GATE_A1,2026-07-21 04:10,1658
EVT_OLY_2028_001,VEN_STADIUM_12,ZONE_GATE_A1,2026-07-21 04:15,1659
EVT_OLY_2028_001,VEN_STADIUM_12,ZONE_GATE_A1,2026-07-21 04:20,1660
EVT_OLY_2028_001,VEN_STADIUM_12,ZONE_GATE_A1,2026-07-21 04:25,1661
EVT_OLY_2028_001,VEN_STADIUM_12,ZONE_GATE_A1,2026-07-21 04:30,1662
EVT_OLY_2028_001,VEN_STADIUM_12,ZONE_GATE_A1,2026-07-21 04:35,1663
EVT_OLY_2028_001,VEN_STADIUM_12,ZONE_GATE_A1,2026-07-21 04:40,1664
EVT_OLY_2028_001,VEN_STADIUM_12,ZONE_GATE_A1,2026-07-21 04:45,1665
EVT_OLY_2028_001,VEN_STADIUM_12,ZONE_GATE_A1,2026-07-21 04:50,1666
EVT_OLY_2028_001,VEN_STADIUM_12,ZONE_GATE_A1,2026-07-21 04:55,1667
EVT_OLY_2028_001,VEN_STADIUM_12,ZONE_GATE_A1,2026-07-21 05:00,1668
EVT_OLY_2028_001,VEN_STADIUM_12,ZONE_GATE_A1,2026-07-21 05:05,1669
EVT_OLY_2028_001,VEN_STADIUM_12,ZONE_GATE_A1,2026-07-21 05:10,1670
EVT_OLY_2028_001,VEN_STADIUM_12,ZONE_GATE_A1,2026-07-21 05:15,1671
EVT_OLY_2028_001,VEN_STADIUM_12,ZONE_GATE_A1,2026-07-21 05:20,1672
EVT_OLY_2028_001,VEN_STADIUM_12,ZONE_GATE_A1,2026-07-21 05:25,1673
EVT_OLY_2028_001,VEN_STADIUM_12,ZONE_GATE_A1,2026-07-21 05:30,1674
EVT_OLY_2028_001,VEN_STADIUM_12,ZONE_GATE_A1,2026-07-21 05:35,1675
EVT_OLY_2028_001,VEN_STADIUM_12,ZONE_GATE_A1,2026-07-21 05:40,1676
EVT_OLY_2028_001,VEN_STADIUM_12,ZONE_GATE_A1,2026-07-21 05:45,1677
EVT_OLY_2028_001,VEN_STADIUM_12,ZONE_GATE_A1,2026-07-21 05:50,1678
EVT_OLY_2028_001,VEN_STADIUM_12,ZONE_GATE_A1,2026-07-21 05:55,1679
EVT_OLY_2028_001,VEN_STADIUM_12,ZONE_GATE_A1,2026-07-21 06:00,1680
EVT_OLY_2028_001,VEN_STADIUM_12,ZONE_GATE_A1,2026-07-21 06:05,1681
EVT_OLY_2028_001,VEN_STADIUM_12,ZONE_GATE_A1,2026-07-21 06:10,1682
EVT_OLY_2028_001,VEN_STADIUM_12,ZONE_GATE_A1,2026-07-21 06:15,1683
EVT_OLY_2028_001,VEN_STADIUM_12,ZONE_GATE_A1,2026-07-21 06:20,1684
EVT_OLY_2028_001,VEN_STADIUM_12,ZONE_GATE_A1,2026-07-21 06:25,1685
EVT_OLY_2028_001,VEN_STADIUM_12,ZONE_GATE_A1,2026-07-21 06:30,1686
EVT_OLY_2028_001,VEN_STADIUM_12,ZONE_GATE_A1,2026-07-21 06:35,1687
EVT_OLY_2028_001,VEN_STADIUM_12,ZONE_GATE_A1,2026-07-21 06:40,1688
EVT_OLY_2028_001,VEN_STADIUM_12,ZONE_GATE_A1,2026-07-21 06:45,1689
EVT_OLY_2028_001,VEN_STADIUM_12,ZONE_GATE_A1,2026-07-21 06:50,1690
EVT_OLY_2028_001,VEN_STADIUM_12,ZONE_GATE_A1,2026-07-21 06:55,1691
EVT_OLY_2028_001,VEN_STADIUM_12,ZONE_GATE_A1,2026-07-21 07:00,1692
EVT_OLY_2028_001,VEN_STADIUM_12,ZONE_GATE_A1,2026-07-21 07:05,1693
EVT_OLY_2028_001,VEN_STADIUM_12,ZONE_GATE_A1,2026-07-21 07:10,1694
EVT_OLY_2028_001,VEN_STADIUM_12,ZONE_GATE_A1,2026-07-21 07:15,1695
EVT_OLY_2028_001,VEN_STADIUM_12,ZONE_GATE_A1,2026-07-21 07:20,1696
EVT_OLY_2028_001,VEN_STADIUM_12,ZONE_GATE_A1,2026-07-21 07:25,1697
EVT_OLY_2028_001,VEN_STADIUM_12,ZONE_GATE_A1,2026-07-21 07:30,1698
EVT_OLY_2028_001,VEN_STADIUM_12,ZONE_GATE_A1,2026-07-21 07:35,1699
EVT_OLY_2028_001,VEN_STADIUM_12,ZONE_GATE_A1,2026-07-21 07:40,1700
EVT_OLY_2028_001,VEN_STADIUM_12,ZONE_GATE_A1,2026-07-21 07:45,1701
EVT_OLY_2028_001,VEN_STADIUM_12,ZONE_GATE_A1,2026-07-21 07:50,1702
EVT_OLY_2028_001,VEN_STADIUM_12,ZONE_GATE_A1,2026-07-21 07:55,1703
EVT_OLY_2028_001,VEN_STADIUM_12,ZONE_GATE_A1,2026-07-21 08:00,1704
EVT_OLY_2028_001,VEN_STADIUM_12,ZONE_GATE_A1,2026-07-21 08:05,1705
EVT_OLY_2028_001,VEN_STADIUM_12,ZONE_GATE_A1,2026-07-21 08:10,1706
EVT_OLY_2028_001,VEN_STADIUM_12,ZONE_GATE_A1,2026-07-21 08:15,1707
EVT_OLY_2028_001,VEN_STADIUM_12,ZONE_GATE_A1,2026-07-21 08:20,1708
EVT_OLY_2028_001,VEN_STADIUM_12,ZONE_GATE_A1,2026-07-21 08:25,1709
EVT_OLY_2028_001,VEN_STADIUM_12,ZONE_GATE_A1,2026-07-21 08:30,1710
EVT_OLY_2028_001,VEN_STADIUM_12,ZONE_GATE_A1,2026-07-21 08:35,1711
EVT_OLY_2028_001,VEN_STADIUM_12,ZONE_GATE_A1,2026-07-21 08:40,1712
EVT_OLY_2028_001,VEN_STADIUM_12,ZONE_GATE_A1,2026-07-21 08:45,1713
EVT_OLY_2028_001,VEN_STADIUM_12,ZONE_GATE_A1,2026-07-21 08:50,1714
EVT_OLY_2028_001,VEN_STADIUM_12,ZONE_GATE_A1,2026-07-21 08:55,1715
EVT_OLY_2028_001,VEN_STADIUM_12,ZONE_GATE_A1,2026-07-21 09:00,1716
EVT_OLY_2028_001,VEN_STADIUM_12,ZONE_GATE_A1,2026-07-21 09:05,1717
EVT_OLY_2028_001,VEN_STADIUM_12,ZONE_GATE_A1,2026-07-21 09:10,1718
EVT_OLY_2028_001,VEN_STADIUM_12,ZONE_GATE_A1,2026-07-21 09:15,1719
EVT_OLY_2028_001,VEN_STADIUM_12,ZONE_GATE_A1,2026-07-21 09:20,1720
EVT_OLY_2028_001,VEN_STADIUM_12,ZONE_GATE_A1,2026-07-21 09:25,1721
EVT_OLY_2028_001,VEN_STADIUM_12,ZONE_GATE_A1,2026-07-21 09:30,1722
EVT_OLY_2028_001,VEN_STADIUM_12,ZONE_GATE_A1,2026-07-21 09:35,1723
EVT_OLY_2028_001,VEN_STADIUM_12,ZONE_GATE_A1,2026-07-21 09:40,1724
EVT_OLY_2028_001,VEN_STADIUM_12,ZONE_GATE_A1,2026-07-21 09:45,1725
EVT_OLY_2028_001,VEN_STADIUM_12,ZONE_GATE_A1,2026-07-21 09:50,1726
EVT_OLY_2028_001,VEN_STADIUM_12,ZONE_GATE_A1,2026-07-21 09:55,1727
EVT_OLY_2028_001,VEN_STADIUM_12,ZONE_GATE_A1,2026-07-21 10:00,1728
EVT_OLY_2028_001,VEN_STADIUM_12,ZONE_GATE_A1,2026-07-21 10:05,1729
EVT_OLY_2028_001,VEN_STADIUM_12,ZONE_GATE_A1,2026-07-21 10:10,1730
EVT_OLY_2028_001,VEN_STADIUM_12,ZONE_GATE_A1,2026-07-21 10:15,1731
EVT_OLY_2028_001,VEN_STADIUM_12,ZONE_GATE_A1,2026-07-21 10:20,1732
EVT_OLY_2028_001,VEN_STADIUM_12,ZONE_GATE_A1,2026-07-21 10:25,1733
EVT_OLY_2028_001,VEN_STADIUM_12,ZONE_GATE_A1,2026-07-21 10:30,1734
EVT_OLY_2028_001,VEN_STADIUM_12,ZONE_GATE_A1,2026-07-21 10:35,1735
EVT_OLY_2028_001,VEN_STADIUM_12,ZONE_GATE_A1,2026-07-21 10:40,1736
EVT_OLY_2028_001,VEN_STADIUM_12,ZONE_GATE_A1,2026-07-21 10:45,1737
EVT_OLY_2028_001,VEN_STADIUM_12,ZONE_GATE_A1,2026-07-21 10:50,1738
EVT_OLY_2028_001,VEN_STADIUM_12,ZONE_GATE_A1,2026-07-21 10:55,1739
EVT_OLY_2028_001,VEN_STADIUM_12,ZONE_GATE_A1,2026-07-21 11:00,1740
EVT_OLY_2028_001,VEN_STADIUM_12,ZONE_GATE_A1,2026-07-21 11:05,1741
EVT_OLY_2028_001,VEN_STADIUM_12,ZONE_GATE_A1,2026-07-21 11:10,1742
EVT_OLY_2028_001,VEN_STADIUM_12,ZONE_GATE_A1,2026-07-21 11:15,1743
EVT_OLY_2028_001,VEN_STADIUM_12,ZONE_GATE_A1,2026-07-21 11:20,1744
EVT_OLY_2028_001,VEN_STADIUM_12,ZONE_GATE_A1,2026-07-21 11:25,1745
EVT_OLY_2028_001,VEN_STADIUM_12,ZONE_GATE_A1,2026-07-21 11:30,1746
EVT_OLY_2028_001,VEN_STADIUM_12,ZONE_GATE_A1,2026-07-21 11:35,1747
EVT_OLY_2028_001,VEN_STADIUM_12,ZONE_GATE_A1,2026-07-21 11:40,1748
EVT_OLY_2028_001,VEN_STADIUM_12,ZONE_GATE_A1,2026-07-21 11:45,1749
EVT_OLY_2028_001,VEN_STADIUM_12,ZONE_GATE_A1,2026-07-21 11:50,1750
EVT_OLY_2028_001,VEN_STADIUM_12,ZONE_GATE_A1,2026-07-21 11:55,1751
EVT_OLY_2028_001,VEN_STADIUM_12,ZONE_GATE_A1,2026-07-21 12:00,1752
EVT_OLY_2028_001,VEN_STADIUM_12,ZONE_GATE_A1,2026-07-21 12:05,1753
EVT_OLY_2028_001,VEN_STADIUM_12,ZONE_GATE_A1,2026-07-21 12:10,1754
EVT_OLY_2028_001,VEN_STADIUM_12,ZONE_GATE_A1,2026-07-21 12:15,1755
EVT_OLY_2028_001,VEN_STADIUM_12,ZONE_GATE_A1,2026-07-21 12:20,1756
EVT_OLY_2028_001,VEN_STADIUM_12,ZONE_GATE_A1,2026-07-21 12:25,1757
EVT_OLY_2028_001,VEN_STADIUM_12,ZONE_GATE_A1,2026-07-21 12:30,1758
EVT_OLY_2028_001,VEN_STADIUM_12,ZONE_GATE_A1,2026-07-21 12:35,1759
EVT_OLY_2028_001,VEN_STADIUM_12,ZONE_GATE_A1,2026-07-21 12:40,1760
EVT_OLY_2028_001,VEN_STADIUM_12,ZONE_GATE_A1,2026-07-21 12:45,1761
EVT_OLY_2028_001,VEN_STADIUM_12,ZONE_GATE_A1,2026-07-21 12:50,1762
EVT_OLY_2028_001,VEN_STADIUM_12,ZONE_GATE_A1,2026-07-21 12:55,1763
EVT_OLY_2028_001,VEN_STADIUM_12,ZONE_GATE_A1,2026-07-21 13:00,1764
EVT_OLY_2028_001,VEN_STADIUM_12,ZONE_GATE_A1,2026-07-21 13:05,1765
EVT_OLY_2028_001,VEN_STADIUM_12,ZONE_GATE_A1,2026-07-21 13:10,1766
EVT_OLY_2028_001,VEN_STADIUM_12,ZONE_GATE_A1,2026-07-21 13:15,1767
EVT_OLY_2028_001,VEN_STADIUM_12,ZONE_GATE_A1,2026-07-21 13:20,1768
EVT_OLY_2028_001,VEN_STADIUM_12,ZONE_GATE_A1,2026-07-21 13:25,1769
EVT_OLY_2028_001,VEN_STADIUM_12,ZONE_GATE_A1,2026-07-21 13:30,1770
EVT_OLY_2028_001,VEN_STADIUM_12,ZONE_GATE_A1,2026-07-21 13:35,1771
EVT_OLY_2028_001,VEN_STADIUM_12,ZONE_GATE_A1,2026-07-21 13:40,1772
EVT_OLY_2028_001,VEN_STADIUM_12,ZONE_GATE_A1,2026-07-21 13:45,1773
EVT_OLY_2028_001,VEN_STADIUM_12,ZONE_GATE_A1,2026-07-21 13:50,1774
EVT_OLY_2028_001,VEN_STADIUM_12,ZONE_GATE_A1,2026-07-21 13:55,1775
EVT_OLY_2028_001,VEN_STADIUM_12,ZONE_GATE_A1,2026-07-21 14:00,1776
EVT_OLY_2028_001,VEN_STADIUM_12,ZONE_GATE_A1,2026-07-21 14:05,1777
EVT_OLY_2028_001,VEN_STADIUM_12,ZONE_GATE_A1,2026-07-21 14:10,1778
EVT_OLY_2028_001,VEN_STADIUM_12,ZONE_GATE_A1,2026-07-21 14:15,1779
EVT_OLY_2028_001,VEN_STADIUM_12,ZONE_GATE_A1,2026-07-21 14:20,1780
EVT_OLY_2028_001,VEN_STADIUM_12,ZONE_GATE_A1,2026-07-21 14:25,1781
EVT_OLY_2028_001,VEN_STADIUM_12,ZONE_GATE_A1,2026-07-21 14:30,1782
EVT_OLY_2028_001,VEN_STADIUM_12,ZONE_GATE_A1,2026-07-21 14:35,1783
EVT_OLY_2028_001,VEN_STADIUM_12,ZONE_GATE_A1,2026-07-21 14:40,1784
EVT_OLY_2028_001,VEN_STADIUM_12,ZONE_GATE_A1,2026-07-21 14:45,1785
EVT_OLY_2028_001,VEN_STADIUM_12,ZONE_GATE_A1,2026-07-21 14:50,1786
EVT_OLY_2028_001,VEN_STADIUM_12,ZONE_GATE_A1,2026-07-21 14:55,1787
EVT_OLY_2028_001,VEN_STADIUM_12,ZONE_GATE_A1,2026-07-21 15:00,1788
EVT_OLY_2028_001,VEN_STADIUM_12,ZONE_GATE_A1,2026-07-21 15:05,1789
EVT_OLY_2028_001,VEN_STADIUM_12,ZONE_GATE_A1,2026-07-21 15:10,1790
EVT_OLY_2028_001,VEN_STADIUM_12,ZONE_GATE_A1,2026-07-21 15:15,1791
EVT_OLY_2028_001,VEN_STADIUM_12,ZONE_GATE_A1,2026-07-21 15:20,1792
EVT_OLY_2028_001,VEN_STADIUM_12,ZONE_GATE_A1,2026-07-21 15:25,1793
EVT_OLY_2028_001,VEN_STADIUM_12,ZONE_GATE_A1,2026-07-21 15:30,1794
EVT_OLY_2028_001,VEN_STADIUM_12,ZONE_GATE_A1,2026-07-21 15:35,1795
EVT_OLY_2028_001,VEN_STADIUM_12,ZONE_GATE_A1,2026-07-21 15:40,1796
EVT_OLY_2028_001,VEN_STADIUM_12,ZONE_GATE_A1,2026-07-21 15:45,1797
EVT_OLY_2028_001,VEN_STADIUM_12,ZONE_GATE_A1,2026-07-21 15:50,1798
EVT_OLY_2028_001,VEN_STADIUM_12,ZONE_GATE_A1,2026-07-21 15:55,1799
EVT_OLY_2028_001,VEN_STADIUM_12,ZONE_GATE_A1,2026-07-21 16:00,1800
EVT_OLY_2028_001,VEN_STADIUM_12,ZONE_GATE_A1,2026-07-21 16:05,1801
EVT_OLY_2028_001,VEN_STADIUM_12,ZONE_GATE_A1,2026-07-21 16:10,1802
EVT_OLY_2028_001,VEN_STADIUM_12,ZONE_GATE_A1,2026-07-21 16:15,1803
EVT_OLY_2028_001,VEN_STADIUM_12,ZONE_GATE_A1,2026-07-21 16:20,1804
EVT_OLY_2028_001,VEN_STADIUM_12,ZONE_GATE_A1,2026-07-21 16:25,1805
EVT_OLY_2028_001,VEN_STADIUM_12,ZONE_GATE_A1,2026-07-21 16:30,1806
EVT_OLY_2028_001,VEN_STADIUM_12,ZONE_GATE_A1,2026-07-21 16:35,1807
EVT_OLY_2028_001,VEN_STADIUM_12,ZONE_GATE_A1,2026-07-21 16:40,1808
EVT_OLY_2028_001,VEN_STADIUM_12,ZONE_GATE_A1,2026-07-21 16:45,1809
EVT_OLY_2028_001,VEN_STADIUM_12,ZONE_GATE_A1,2026-07-21 16:50,1810
EVT_OLY_2028_001,VEN_STADIUM_12,ZONE_GATE_A1,2026-07-21 16:55,1811
EVT_OLY_2028_001,VEN_STADIUM_12,ZONE_GATE_A1,2026-07-21 17:00,1812
EVT_OLY_2028_001,VEN_STADIUM_12,ZONE_GATE_A1,2026-07-21 17:05,1813
EVT_OLY_2028_001,VEN_STADIUM_12,ZONE_GATE_A1,2026-07-21 17:10,1814
EVT_OLY_2028_001,VEN_STADIUM_12,ZONE_GATE_A1,2026-07-21 17:15,1815
EVT_OLY_2028_001,VEN_STADIUM_12,ZONE_GATE_A1,2026-07-21 17:20,1816
EVT_OLY_2028_001,VEN_STADIUM_12,ZONE_GATE_A1,2026-07-21 17:25,1817
EVT_OLY_2028_001,VEN_STADIUM_12,ZONE_GATE_A1,2026-07-21 17:30,1818
EVT_OLY_2028_001,VEN_STADIUM_12,ZONE_GATE_A1,2026-07-21 17:35,1819
EVT_OLY_2028_001,VEN_STADIUM_12,ZONE_GATE_A1,2026-07-21 17:40,1820
EVT_OLY_2028_001,VEN_STADIUM_12,ZONE_GATE_A1,2026-07-21 17:45,1821
EVT_OLY_2028_001,VEN_STADIUM_12,ZONE_GATE_A1,2026-07-21 17:50,1822
EVT_OLY_2028_001,VEN_STADIUM_12,ZONE_GATE_A1,2026-07-21 17:55,1823
EVT_OLY_2028_001,VEN_STADIUM_12,ZONE_GATE_A1,2026-07-21 18:00,1824
EVT_OLY_2028_001,VEN_STADIUM_12,ZONE_GATE_A1,2026-07-21 18:05,1825
EVT_OLY_2028_001,VEN_STADIUM_12,ZONE_GATE_A1,2026-07-21 18:10,1826
EVT_OLY_2028_001,VEN_STADIUM_12,ZONE_GATE_A1,2026-07-21 18:15,1827
EVT_OLY_2028_001,VEN_STADIUM_12,ZONE_GATE_A1,2026-07-21 18:20,1828
EVT_OLY_2028_001,VEN_STADIUM_12,ZONE_GATE_A1,2026-07-21 18:25,1829
EVT_OLY_2028_001,VEN_STADIUM_12,ZONE_GATE_A1,2026-07-21 18:30,1830
EVT_OLY_2028_001,VEN_STADIUM_12,ZONE_GATE_A1,2026-07-21 18:35,1831
EVT_OLY_2028_001,VEN_STADIUM_12,ZONE_GATE_A1,2026-07-21 18:40,1832
EVT_OLY_2028_001,VEN_STADIUM_12,ZONE_GATE_A1,2026-07-21 18:45,1833
EVT_OLY_2028_001,VEN_STADIUM_12,ZONE_GATE_A1,2026-07-21 18:50,1834
EVT_OLY_2028_001,VEN_STADIUM_12,ZONE_GATE_A1,2026-07-21 18:55,1835
EVT_OLY_2028_001,VEN_STADIUM_12,ZONE_GATE_A1,2026-07-21 19:00,1836
EVT_OLY_2028_001,VEN_STADIUM_12,ZONE_GATE_A1,2026-07-21 19:05,1837
EVT_OLY_2028_001,VEN_STADIUM_12,ZONE_GATE_A1,2026-07-21 19:10,1838
EVT_OLY_2028_001,VEN_STADIUM_12,ZONE_GATE_A1,2026-07-21 19:15,1839
EVT_OLY_2028_001,VEN_STADIUM_12,ZONE_GATE_A1,2026-07-21 19:20,1840
EVT_OLY_2028_001,VEN_STADIUM_12,ZONE_GATE_A1,2026-07-21 19:25,1841
EVT_OLY_2028_001,VEN_STADIUM_12,ZONE_GATE_A1,2026-07-21 19:30,1842
EVT_OLY_2028_001,VEN_STADIUM_12,ZONE_GATE_A1,2026-07-21 19:35,1843
EVT_OLY_2028_001,VEN_STADIUM_12,ZONE_GATE_A1,2026-07-21 19:40,1844
EVT_OLY_2028_001,VEN_STADIUM_12,ZONE_GATE_A1,2026-07-21 19:45,1845
EVT_OLY_2028_001,VEN_STADIUM_12,ZONE_GATE_A1,2026-07-21 19:50,1846
EVT_OLY_2028_001,VEN_STADIUM_12,ZONE_GATE_A1,2026-07-21 19:55,1847
EVT_OLY_2028_001,VEN_STADIUM_12,ZONE_GATE_A1,2026-07-21 20:00,1848
EVT_OLY_2028_001,VEN_STADIUM_12,ZONE_GATE_A1,2026-07-21 20:05,1849
EVT_OLY_2028_001,VEN_STADIUM_12,ZONE_GATE_A1,2026-07-21 20:10,1850
EVT_OLY_2028_001,VEN_STADIUM_12,ZONE_GATE_A1,2026-07-21 20:15,1851
EVT_OLY_2028_001,VEN_STADIUM_12,ZONE_GATE_A1,2026-07-21 20:20,1852
EVT_OLY_2028_001,VEN_STADIUM_12,ZONE_GATE_A1,2026-07-21 20:25,1853
EVT_OLY_2028_001,VEN_STADIUM_12,ZONE_GATE_A1,2026-07-21 20:30,1854
EVT_OLY_2028_001,VEN_STADIUM_12,ZONE_GATE_A1,2026-07-21 20:35,1855
EVT_OLY_2028_001,VEN_STADIUM_12,ZONE_GATE_A1,2026-07-21 20:40,1856
EVT_OLY_2028_001,VEN_STADIUM_12,ZONE_GATE_A1,2026-07-21 20:45,1857
EVT_OLY_2028_001,VEN_STADIUM_12,ZONE_GATE_A1,2026-07-21 20:50,1858
EVT_OLY_2028_001,VEN_STADIUM_12,ZONE_GATE_A1,2026-07-21 20:55,1859
EVT_OLY_2028_001,VEN_STADIUM_12,ZONE_GATE_A1,2026-07-21 21:00,1860
EVT_OLY_2028_001,VEN_STADIUM_12,ZONE_GATE_A1,2026-07-21 21:05,1861
EVT_OLY_2028_001,VEN_STADIUM_12,ZONE_GATE_A1,2026-07-21 21:10,1862
EVT_OLY_2028_001,VEN_STADIUM_12,ZONE_GATE_A1,2026-07-21 21:15,1863
EVT_OLY_2028_001,VEN_STADIUM_12,ZONE_GATE_A1,2026-07-21 21:20,1864
EVT_OLY_2028_001,VEN_STADIUM_12,ZONE_GATE_A1,2026-07-21 21:25,1865
EVT_OLY_2028_001,VEN_STADIUM_12,ZONE_GATE_A1,2026-07-21 21:30,1866
EVT_OLY_2028_001,VEN_STADIUM_12,ZONE_GATE_A1,2026-07-21 21:35,1867
EVT_OLY_2028_001,VEN_STADIUM_12,ZONE_GATE_A1,2026-07-21 21:40,1868
EVT_OLY_2028_001,VEN_STADIUM_12,ZONE_GATE_A1,2026-07-21 21:45,1869
EVT_OLY_2028_001,VEN_STADIUM_12,ZONE_GATE_A1,2026-07-21 21:50,1870
EVT_OLY_2028_001,VEN_STADIUM_12,ZONE_GATE_A1,2026-07-21 21:55,1871
EVT_OLY_2028_001,VEN_STADIUM_12,ZONE_GATE_A1,2026-07-21 22:00,1872
EVT_OLY_2028_001,VEN_STADIUM_12,ZONE_GATE_A1,2026-07-21 22:05,1873
EVT_OLY_2028_001,VEN_STADIUM_12,ZONE_GATE_A1,2026-07-21 22:10,1874
EVT_OLY_2028_001,VEN_STADIUM_12,ZONE_GATE_A1,2026-07-21 22:15,1875
EVT_OLY_2028_001,VEN_STADIUM_12,ZONE_GATE_A1,2026-07-21 22:20,1876
EVT_OLY_2028_001,VEN_STADIUM_12,ZONE_GATE_A1,2026-07-21 22:25,1877
EVT_OLY_2028_001,VEN_STADIUM_12,ZONE_GATE_A1,2026-07-21 22:30,1878
EVT_OLY_2028_001,VEN_STADIUM_12,ZONE_GATE_A1,2026-07-21 22:35,1879
EVT_OLY_2028_001,VEN_STADIUM_12,ZONE_GATE_A1,2026-07-21 22:40,1880
EVT_OLY_2028_001,VEN_STADIUM_12,ZONE_GATE_A1,2026-07-21 22:45,1881
EVT_OLY_2028_001,VEN_STADIUM_12,ZONE_GATE_A1,2026-07-21 22:50,1882
EVT_OLY_2028_001,VEN_STADIUM_12,ZONE_GATE_A1,2026-07-21 22:55,1883
EVT_OLY_2028_001,VEN_STADIUM_12,ZONE_GATE_A1,2026-07-21 23:00,1884
EVT_OLY_2028_001,VEN_STADIUM_12,ZONE_GATE_A1,2026-07-21 23:05,1885
EVT_OLY_2028_001,VEN_STADIUM_12,ZONE_GATE_A1,2026-07-21 23:10,1886
EVT_OLY_2028_001,VEN_STADIUM_12,ZONE_GATE_A1,2026-07-21 23:15,1887
EVT_OLY_2028_001,VEN_STADIUM_12,ZONE_GATE_A1,2026-07-21 23:20,1888
EVT_OLY_2028_001,VEN_STADIUM_12,ZONE_GATE_A1,2026-07-21 23:25,1889
EVT_OLY_2028_001,VEN_STADIUM_12,ZONE_GATE_A1,2026-07-21 23:30,1890
EVT_OLY_2028_001,VEN_STADIUM_12,ZONE_GATE_A1,2026-07-21 23:35,1891
EVT_OLY_2028_001,VEN_STADIUM_12,ZONE_GATE_A1,2026-07-21 23:40,1892
EVT_OLY_2028_001,VEN_STADIUM_12,ZONE_GATE_A1,2026-07-21 23:45,1893
EVT_OLY_2028_001,VEN_STADIUM_12,ZONE_GATE_A1,2026-07-21 23:50,1894
EVT_OLY_2028_001,VEN_STADIUM_12,ZONE_GATE_A1,2026-07-21 23:55,1895
EVT_OLY_2028_001,VEN_STADIUM_12,ZONE_GATE_A1,2026-07-22 00:00,1896
EVT_OLY_2028_001,VEN_STADIUM_12,ZONE_GATE_A1,2026-07-22 00:05,1897
EVT_OLY_2028_001,VEN_STADIUM_12,ZONE_GATE_A1,2026-07-22 00:10,1898
EVT_OLY_2028_001,VEN_STADIUM_12,ZONE_GATE_A1,2026-07-22 00:15,1899
EVT_OLY_2028_001,VEN_STADIUM_12,ZONE_GATE_A1,2026-07-22 00:20,1900
EVT_OLY_2028_001,VEN_STADIUM_12,ZONE_GATE_A1,2026-07-22 00:25,1901
EVT_OLY_2028_001,VEN_STADIUM_12,ZONE_GATE_A1,2026-07-22 00:30,1902
EVT_OLY_2028_001,VEN_STADIUM_12,ZONE_GATE_A1,2026-07-22 00:35,1903
EVT_OLY_2028_001,VEN_STADIUM_12,ZONE_GATE_A1,2026-07-22 00:40,1904
EVT_OLY_2028_001,VEN_STADIUM_12,ZONE_GATE_A1,2026-07-22 00:45,1905
EVT_OLY_2028_001,VEN_STADIUM_12,ZONE_GATE_A1,2026-07-22 00:50,1906
EVT_OLY_2028_001,VEN_STADIUM_12,ZONE_GATE_A1,2026-07-22 00:55,1907
EVT_OLY_2028_001,VEN_STADIUM_12,ZONE_GATE_A1,2026-07-22 01:00,1908
EVT_OLY_2028_001,VEN_STADIUM_12,ZONE_GATE_A1,2026-07-22 01:05,1909
EVT_OLY_2028_001,VEN_STADIUM_12,ZONE_GATE_A1,2026-07-22 01:10,1910
EVT_OLY_2028_001,VEN_STADIUM_12,ZONE_GATE_A1,2026-07-22 01:15,1911
EVT_OLY_2028_001,VEN_STADIUM_12,ZONE_GATE_A1,2026-07-22 01:20,1912
EVT_OLY_2028_001,VEN_STADIUM_12,ZONE_GATE_A1,2026-07-22 01:25,1913
EVT_OLY_2028_001,VEN_STADIUM_12,ZONE_GATE_A1,2026-07-22 01:30,1914
EVT_OLY_2028_001,VEN_STADIUM_12,ZONE_GATE_A1,2026-07-22 01:35,1915
EVT_OLY_2028_001,VEN_STADIUM_12,ZONE_GATE_A1,2026-07-22 01:40,1916
EVT_OLY_2028_001,VEN_STADIUM_12,ZONE_GATE_A1,2026-07-22 01:45,1917
EVT_OLY_2028_001,VEN_STADIUM_12,ZONE_GATE_A1,2026-07-22 01:50,1918
EVT_OLY_2028_001,VEN_STADIUM_12,ZONE_GATE_A1,2026-07-22 01:55,1919
EVT_OLY_2028_001,VEN_STADIUM_12,ZONE_GATE_A1,2026-07-22 02:00,1920
EVT_OLY_2028_001,VEN_STADIUM_12,ZONE_GATE_A1,2026-07-22 02:05,1921
EVT_OLY_2028_001,VEN_STADIUM_12,ZONE_GATE_A1,2026-07-22 02:10,1922
EVT_OLY_2028_001,VEN_STADIUM_12,ZONE_GATE_A1,2026-07-22 02:15,1923
EVT_OLY_2028_001,VEN_STADIUM_12,ZONE_GATE_A1,2026-07-22 02:20,1924
EVT_OLY_2028_001,VEN_STADIUM_12,ZONE_GATE_A1,2026-07-22 02:25,1925
EVT_OLY_2028_001,VEN_STADIUM_12,ZONE_GATE_A1,2026-07-22 02:30,1926
EVT_OLY_2028_001,VEN_STADIUM_12,ZONE_GATE_A1,2026-07-22 02:35,1927
EVT_OLY_2028_001,VEN_STADIUM_12,ZONE_GATE_A1,2026-07-22 02:40,1928
EVT_OLY_2028_001,VEN_STADIUM_12,ZONE_GATE_A1,2026-07-22 02:45,1929
EVT_OLY_2028_001,VEN_STADIUM_12,ZONE_GATE_A1,2026-07-22 02:50,1930
EVT_OLY_2028_001,VEN_STADIUM_12,ZONE_GATE_A1,2026-07-22 02:55,1931
EVT_OLY_2028_001,VEN_STADIUM_12,ZONE_GATE_A1,2026-07-22 03:00,1932
EVT_OLY_2028_001,VEN_STADIUM_12,ZONE_GATE_A1,2026-07-22 03:05,1933
EVT_OLY_2028_001,VEN_STADIUM_12,ZONE_GATE_A1,2026-07-22 03:10,1934
EVT_OLY_2028_001,VEN_STADIUM_12,ZONE_GATE_A1,2026-07-22 03:15,1935
EVT_OLY_2028_001,VEN_STADIUM_12,ZONE_GATE_A1,2026-07-22 03:20,1936
EVT_OLY_2028_001,VEN_STADIUM_12,ZONE_GATE_A1,2026-07-22 03:25,1937
EVT_OLY_2028_001,VEN_STADIUM_12,ZONE_GATE_A1,2026-07-22 03:30,1938
EVT_OLY_2028_001,VEN_STADIUM_12,ZONE_GATE_A1,2026-07-22 03:35,1939
EVT_OLY_2028_001,VEN_STADIUM_12,ZONE_GATE_A1,2026-07-22 03:40,1940
EVT_OLY_2028_001,VEN_STADIUM_12,ZONE_GATE_A1,2026-07-22 03:45,1941
EVT_OLY_2028_001,VEN_STADIUM_12,ZONE_GATE_A1,2026-07-22 03:50,1942
EVT_OLY_2028_001,VEN_STADIUM_12,ZONE_GATE_A1,2026-07-22 03:55,1943
EVT_OLY_2028_001,VEN_STADIUM_12,ZONE_GATE_A1,2026-07-22 04:00,1944
EVT_OLY_2028_001,VEN_STADIUM_12,ZONE_GATE_A1,2026-07-22 04:05,1945
EVT_OLY_2028_001,VEN_STADIUM_12,ZONE_GATE_A1,2026-07-22 04:10,1946
EVT_OLY_2028_001,VEN_STADIUM_12,ZONE_GATE_A1,2026-07-22 04:15,1947
EVT_OLY_2028_001,VEN_STADIUM_12,ZONE_GATE_A1,2026-07-22 04:20,1948
EVT_OLY_2028_001,VEN_STADIUM_12,ZONE_GATE_A1,2026-07-22 04:25,1949
EVT_OLY_2028_001,VEN_STADIUM_12,ZONE_GATE_A1,2026-07-22 04:30,1950
EVT_OLY_2028_001,VEN_STADIUM_12,ZONE_GATE_A1,2026-07-22 04:35,1951
EVT_OLY_2028_001,VEN_STADIUM_12,ZONE_GATE_A1,2026-07-22 04:40,1952
EVT_OLY_2028_001,VEN_STADIUM_12,ZONE_GATE_A1,2026-07-22 04:45,1953
EVT_OLY_2028_001,VEN_STADIUM_12,ZONE_GATE_A1,2026-07-22 04:50,1954
EVT_OLY_2028_001,VEN_STADIUM_12,ZONE_GATE_A1,2026-07-22 04:55,1955
EVT_OLY_2028_001,VEN_STADIUM_12,ZONE_GATE_A1,2026-07-22 05:00,1956
EVT_OLY_2028_001,VEN_STADIUM_12,ZONE_GATE_A1,2026-07-22 05:05,1957
EVT_OLY_2028_001,VEN_STADIUM_12,ZONE_GATE_A1,2026-07-22 05:10,1958
EVT_OLY_2028_001,VEN_STADIUM_12,ZONE_GATE_A1,2026-07-22 05:15,1959
EVT_OLY_2028_001,VEN_STADIUM_12,ZONE_GATE_A1,2026-07-22 05:20,1960
EVT_OLY_2028_001,VEN_STADIUM_12,ZONE_GATE_A1,2026-07-22 05:25,1961
EVT_OLY_2028_001,VEN_STADIUM_12,ZONE_GATE_A1,2026-07-22 05:30,1962
EVT_OLY_2028_001,VEN_STADIUM_12,ZONE_GATE_A1,2026-07-22 05:35,1963
EVT_OLY_2028_001,VEN_STADIUM_12,ZONE_GATE_A1,2026-07-22 05:40,1964
EVT_OLY_2028_001,VEN_STADIUM_12,ZONE_GATE_A1,2026-07-22 05:45,1965
EVT_OLY_2028_001,VEN_STADIUM_12,ZONE_GATE_A1,2026-07-22 05:50,1966
EVT_OLY_2028_001,VEN_STADIUM_12,ZONE_GATE_A1,2026-07-22 05:55,1967
EVT_OLY_2028_001,VEN_STADIUM_12,ZONE_GATE_A1,2026-07-22 06:00,1968
EVT_OLY_2028_001,VEN_STADIUM_12,ZONE_GATE_A1,2026-07-22 06:05,1969
EVT_OLY_2028_001,VEN_STADIUM_12,ZONE_GATE_A1,2026-07-22 06:10,1970
EVT_OLY_2028_001,VEN_STADIUM_12,ZONE_GATE_A1,2026-07-22 06:15,1971
EVT_OLY_2028_001,VEN_STADIUM_12,ZONE_GATE_A1,2026-07-22 06:20,1972
EVT_OLY_2028_001,VEN_STADIUM_12,ZONE_GATE_A1,2026-07-22 06:25,1973
EVT_OLY_2028_001,VEN_STADIUM_12,ZONE_GATE_A1,2026-07-22 06:30,1974
EVT_OLY_2028_001,VEN_STADIUM_12,ZONE_GATE_A1,2026-07-22 06:35,1975
EVT_OLY_2028_001,VEN_STADIUM_12,ZONE_GATE_A1,2026-07-22 06:40,1976
EVT_OLY_2028_001,VEN_STADIUM_12,ZONE_GATE_A1,2026-07-22 06:45,1977
EVT_OLY_2028_001,VEN_STADIUM_12,ZONE_GATE_A1,2026-07-22 06:50,1978
EVT_OLY_2028_001,VEN_STADIUM_12,ZONE_GATE_A1,2026-07-22 06:55,1979
EVT_OLY_2028_001,VEN_STADIUM_12,ZONE_GATE_A1,2026-07-22 07:00,1980
EVT_OLY_2028_001,VEN_STADIUM_12,ZONE_GATE_A1,2026-07-22 07:05,1981
EVT_OLY_2028_001,VEN_STADIUM_12,ZONE_GATE_A1,2026-07-22 07:10,1982
EVT_OLY_2028_001,VEN_STADIUM_12,ZONE_GATE_A1,2026-07-22 07:15,1983
EVT_OLY_2028_001,VEN_STADIUM_12,ZONE_GATE_A1,2026-07-22 07:20,1984
EVT_OLY_2028_001,VEN_STADIUM_12,ZONE_GATE_A1,2026-07-22 07:25,1985
EVT_OLY_2028_001,VEN_STADIUM_12,ZONE_GATE_A1,2026-07-22 07:30,1986
EVT_OLY_2028_001,VEN_STADIUM_12,ZONE_GATE_A1,2026-07-22 07:35,1987
EVT_OLY_2028_001,VEN_STADIUM_12,ZONE_GATE_A1,2026-07-22 07:40,1988
EVT_OLY_2028_001,VEN_STADIUM_12,ZONE_GATE_A1,2026-07-22 07:45,1989
EVT_OLY_2028_001,VEN_STADIUM_12,ZONE_GATE_A1,2026-07-22 07:50,1990
EVT_OLY_2028_001,VEN_STADIUM_12,ZONE_GATE_A1,2026-07-22 07:55,1991
EVT_OLY_2028_001,VEN_STADIUM_12,ZONE_GATE_A1,2026-07-22 08:00,1992
EVT_OLY_2028_001,VEN_STADIUM_12,ZONE_GATE_A1,2026-07-22 08:05,1993
EVT_OLY_2028_001,VEN_STADIUM_12,ZONE_GATE_A1,2026-07-22 08:10,1994
EVT_OLY_2028_001,VEN_STADIUM_12,ZONE_GATE_A1,2026-07-22 08:15,1995
EVT_OLY_2028_001,VEN_STADIUM_12,ZONE_GATE_A1,2026-07-22 08:20,1996
EVT_OLY_2028_001,VEN_STADIUM_12,ZONE_GATE_A1,2026-07-22 08:25,1997
EVT_OLY_2028_001,VEN_STADIUM_12,ZONE_GATE_A1,2026-07-22 08:30,1998
EVT_OLY_2028_001,VEN_STADIUM_12,ZONE_GATE_A1,2026-07-22 08:35,1999
EVT_OLY_2028_001,VEN_STADIUM_12,ZONE_GATE_A1,2026-07-22 08:40,2000
EVT_OLY_2028_001,VEN_STADIUM_12,ZONE_GATE_A1,2026-07-22 08:45,2001
EVT_OLY_2028_001,VEN_STADIUM_12,ZONE_GATE_A1,2026-07-22 08:50,2002
EVT_OLY_2028_001,VEN_STADIUM_12,ZONE_GATE_A1,2026-07-22 08:55,2003
EVT_OLY_2028_001,VEN_STADIUM_12,ZONE_GATE_A1,2026-07-22 09:00,2004
EVT_OLY_2028_001,VEN_STADIUM_12,ZONE_GATE_A1,2026-07-22 09:05,2005
EVT_OLY_2028_001,VEN_STADIUM_12,ZONE_GATE_A1,2026-07-22 09:10,2006
EVT_OLY_2028_001,VEN_STADIUM_12,ZONE_GATE_A1,2026-07-22 09:15,2007
EVT_OLY_2028_001,VEN_STADIUM_12,ZONE_GATE_A1,2026-07-22 09:20,2008
EVT_OLY_2028_001,VEN_STADIUM_12,ZONE_GATE_A1,2026-07-22 09:25,2009
EVT_OLY_2028_001,VEN_STADIUM_12,ZONE_GATE_A1,2026-07-22 09:30,2010
EVT_OLY_2028_001,VEN_STADIUM_12,ZONE_GATE_A1,2026-07-22 09:35,2011
EVT_OLY_2028_001,VEN_STADIUM_12,ZONE_GATE_A1,2026-07-22 09:40,2012
EVT_OLY_2028_001,VEN_STADIUM_12,ZONE_GATE_A1,2026-07-22 09:45,2013
EVT_OLY_2028_001,VEN_STADIUM_12,ZONE_GATE_A1,2026-07-22 09:50,2014
EVT_OLY_2028_001,VEN_STADIUM_12,ZONE_GATE_A1,2026-07-22 09:55,2015
EVT_OLY_2028_001,VEN_STADIUM_12,ZONE_GATE_A1,2026-07-22 10:00,2016
EVT_OLY_2028_001,VEN_STADIUM_12,ZONE_GATE_A1,2026-07-22 10:05,2017
EVT_OLY_2028_001,VEN_STADIUM_12,ZONE_GATE_A1,2026-07-22 10:10,2018
EVT_OLY_2028_001,VEN_STADIUM_12,ZONE_GATE_A1,2026-07-22 10:15,2019
EVT_OLY_2028_001,VEN_STADIUM_12,ZONE_GATE_A1,2026-07-22 10:20,2020
EVT_OLY_2028_001,VEN_STADIUM_12,ZONE_GATE_A1,2026-07-22 10:25,2021
EVT_OLY_2028_001,VEN_STADIUM_12,ZONE_GATE_A1,2026-07-22 10:30,2022
EVT_OLY_2028_001,VEN_STADIUM_12,ZONE_GATE_A1,2026-07-22 10:35,2023
EVT_OLY_2028_001,VEN_STADIUM_12,ZONE_GATE_A1,2026-07-22 10:40,2024
EVT_OLY_2028_001,VEN_STADIUM_12,ZONE_GATE_A1,2026-07-22 10:45,2025
EVT_OLY_2028_001,VEN_STADIUM_12,ZONE_GATE_A1,2026-07-22 10:50,2026
EVT_OLY_2028_001,VEN_STADIUM_12,ZONE_GATE_A1,2026-07-22 10:55,2027
EVT_OLY_2028_001,VEN_STADIUM_12,ZONE_GATE_A1,2026-07-22 11:00,2028
EVT_OLY_2028_001,VEN_STADIUM_12,ZONE_GATE_A1,2026-07-22 11:05,2029
EVT_OLY_2028_001,VEN_STADIUM_12,ZONE_GATE_A1,2026-07-22 11:10,2030
EVT_OLY_2028_001,VEN_STADIUM_12,ZONE_GATE_A1,2026-07-22 11:15,2031
EVT_OLY_2028_001,VEN_STADIUM_12,ZONE_GATE_A1,2026-07-22 11:20,2032
EVT_OLY_2028_001,VEN_STADIUM_12,ZONE_GATE_A1,2026-07-22 11:25,2033
EVT_OLY_2028_001,VEN_STADIUM_12,ZONE_GATE_A1,2026-07-22 11:30,2034
EVT_OLY_2028_001,VEN_STADIUM_12,ZONE_GATE_A1,2026-07-22 11:35,2035
EVT_OLY_2028_001,VEN_STADIUM_12,ZONE_GATE_A1,2026-07-22 11:40,2036
EVT_OLY_2028_001,VEN_STADIUM_12,ZONE_GATE_A1,2026-07-22 11:45,2037
EVT_OLY_2028_001,VEN_STADIUM_12,ZONE_GATE_A1,2026-07-22 11:50,2038
EVT_OLY_2028_001,VEN_STADIUM_12,ZONE_GATE_A1,2026-07-22 11:55,2039
EVT_OLY_2028_001,VEN_STADIUM_12,ZONE_GATE_A1,2026-07-22 12:00,2040
EVT_OLY_2028_001,VEN_STADIUM_12,ZONE_GATE_A1,2026-07-22 12:05,2041
EVT_OLY_2028_001,VEN_STADIUM_12,ZONE_GATE_A1,2026-07-22 12:10,2042
EVT_OLY_2028_001,VEN_STADIUM_12,ZONE_GATE_A1,2026-07-22 12:15,2043
EVT_OLY_2028_001,VEN_STADIUM_12,ZONE_GATE_A1,2026-07-22 12:20,2044
EVT_OLY_2028_001,VEN_STADIUM_12,ZONE_GATE_A1,2026-07-22 12:25,2045
EVT_OLY_2028_001,VEN_STADIUM_12,ZONE_GATE_A1,2026-07-22 12:30,2046
EVT_OLY_2028_001,VEN_STADIUM_12,ZONE_GATE_A1,2026-07-22 12:35,2047
EVT_OLY_2028_001,VEN_STADIUM_12,ZONE_GATE_A1,2026-07-22 12:40,2048
EVT_OLY_2028_001,VEN_STADIUM_12,ZONE_GATE_A1,2026-07-22 12:45,2049
EVT_OLY_2028_001,VEN_STADIUM_12,ZONE_GATE_A1,2026-07-22 12:50,2050
EVT_OLY_2028_001,VEN_STADIUM_12,ZONE_GATE_A1,2026-07-22 12:55,2051
EVT_OLY_2028_001,VEN_STADIUM_12,ZONE_GATE_A1,2026-07-22 13:00,2052
EVT_OLY_2028_001,VEN_STADIUM_12,ZONE_GATE_A1,2026-07-22 13:05,2053
EVT_OLY_2028_001,VEN_STADIUM_12,ZONE_GATE_A1,2026-07-22 13:10,2054
EVT_OLY_2028_001,VEN_STADIUM_12,ZONE_GATE_A1,2026-07-22 13:15,2055
EVT_OLY_2028_001,VEN_STADIUM_12,ZONE_GATE_A1,2026-07-22 13:20,2056
EVT_OLY_2028_001,VEN_STADIUM_12,ZONE_GATE_A1,2026-07-22 13:25,2057
EVT_OLY_2028_001,VEN_STADIUM_12,ZONE_GATE_A1,2026-07-22 13:30,2058
EVT_OLY_2028_001,VEN_STADIUM_12,ZONE_GATE_A1,2026-07-22 13:35,2059
EVT_OLY_2028_001,VEN_STADIUM_12,ZONE_GATE_A1,2026-07-22 13:40,2060
EVT_OLY_2028_001,VEN_STADIUM_12,ZONE_GATE_A1,2026-07-22 13:45,2061
EVT_OLY_2028_001,VEN_STADIUM_12,ZONE_GATE_A1,2026-07-22 13:50,2062
EVT_OLY_2028_001,VEN_STADIUM_12,ZONE_GATE_A1,2026-07-22 13:55,2063
EVT_OLY_2028_001,VEN_STADIUM_12,ZONE_GATE_A1,2026-07-22 14:00,2064
EVT_OLY_2028_001,VEN_STADIUM_12,ZONE_GATE_A1,2026-07-22 14:05,2065
EVT_OLY_2028_001,VEN_STADIUM_12,ZONE_GATE_A1,2026-07-22 14:10,2066
EVT_OLY_2028_001,VEN_STADIUM_12,ZONE_GATE_A1,2026-07-22 14:15,2067
EVT_OLY_2028_001,VEN_STADIUM_12,ZONE_GATE_A1,2026-07-22 14:20,2068
EVT_OLY_2028_001,VEN_STADIUM_12,ZONE_GATE_A1,2026-07-22 14:25,2069
EVT_OLY_2028_001,VEN_STADIUM_12,ZONE_GATE_A1,2026-07-22 14:30,2070
EVT_OLY_2028_001,VEN_STADIUM_12,ZONE_GATE_A1,2026-07-22 14:35,2071
EVT_OLY_2028_001,VEN_STADIUM_12,ZONE_GATE_A1,2026-07-22 14:40,2072
EVT_OLY_2028_001,VEN_STADIUM_12,ZONE_GATE_A1,2026-07-22 14:45,2073
EVT_OLY_2028_001,VEN_STADIUM_12,ZONE_GATE_A1,2026-07-22 14:50,2074
EVT_OLY_2028_001,VEN_STADIUM_12,ZONE_GATE_A1,2026-07-22 14:55,2075
EVT_OLY_2028_001,VEN_STADIUM_12,ZONE_GATE_A1,2026-07-22 15:00,2076
EVT_OLY_2028_001,VEN_STADIUM_12,ZONE_GATE_A1,2026-07-22 15:05,2077
EVT_OLY_2028_001,VEN_STADIUM_12,ZONE_GATE_A1,2026-07-22 15:10,2078
EVT_OLY_2028_001,VEN_STADIUM_12,ZONE_GATE_A1,2026-07-22 15:15,2079
EVT_OLY_2028_001,VEN_STADIUM_12,ZONE_GATE_A1,2026-07-22 15:20,2080
EVT_OLY_2028_001,VEN_STADIUM_12,ZONE_GATE_A1,2026-07-22 15:25,2081
EVT_OLY_2028_001,VEN_STADIUM_12,ZONE_GATE_A1,2026-07-22 15:30,2082
EVT_OLY_2028_001,VEN_STADIUM_12,ZONE_GATE_A1,2026-07-22 15:35,2083
EVT_OLY_2028_001,VEN_STADIUM_12,ZONE_GATE_A1,2026-07-22 15:40,2084
EVT_OLY_2028_001,VEN_STADIUM_12,ZONE_GATE_A1,2026-07-22 15:45,2085
EVT_OLY_2028_001,VEN_STADIUM_12,ZONE_GATE_A1,2026-07-22 15:50,2086
EVT_OLY_2028_001,VEN_STADIUM_12,ZONE_GATE_A1,2026-07-22 15:55,2087
EVT_OLY_2028_001,VEN_STADIUM_12,ZONE_GATE_A1,2026-07-22 16:00,2088
EVT_OLY_2028_001,VEN_STADIUM_12,ZONE_GATE_A1,2026-07-22 16:05,2089
EVT_OLY_2028_001,VEN_STADIUM_12,ZONE_GATE_A1,2026-07-22 16:10,2090
EVT_OLY_2028_001,VEN_STADIUM_12,ZONE_GATE_A1,2026-07-22 16:15,2091
EVT_OLY_2028_001,VEN_STADIUM_12,ZONE_GATE_A1,2026-07-22 16:20,2092
EVT_OLY_2028_001,VEN_STADIUM_12,ZONE_GATE_A1,2026-07-22 16:25,2093
EVT_OLY_2028_001,VEN_STADIUM_12,ZONE_GATE_A1,2026-07-22 16:30,2094
EVT_OLY_2028_001,VEN_STADIUM_12,ZONE_GATE_A1,2026-07-22 16:35,2095
EVT_OLY_2028_001,VEN_STADIUM_12,ZONE_GATE_A1,2026-07-22 16:40,2096
EVT_OLY_2028_001,VEN_STADIUM_12,ZONE_GATE_A1,2026-07-22 16:45,2097
EVT_OLY_2028_001,VEN_STADIUM_12,ZONE_GATE_A1,2026-07-22 16:50,2098
EVT_OLY_2028_001,VEN_STADIUM_12,ZONE_GATE_A1,2026-07-22 16:55,2099
EVT_OLY_2028_001,VEN_STADIUM_12,ZONE_GATE_A1,2026-07-22 17:00,2100
EVT_OLY_2028_001,VEN_STADIUM_12,ZONE_GATE_A1,2026-07-22 17:05,2101
EVT_OLY_2028_001,VEN_STADIUM_12,ZONE_GATE_A1,2026-07-22 17:10,2102
EVT_OLY_2028_001,VEN_STADIUM_12,ZONE_GATE_A1,2026-07-22 17:15,2103
EVT_OLY_2028_001,VEN_STADIUM_12,ZONE_GATE_A1,2026-07-22 17:20,2104
EVT_OLY_2028_001,VEN_STADIUM_12,ZONE_GATE_A1,2026-07-22 17:25,2105
EVT_OLY_2028_001,VEN_STADIUM_12,ZONE_GATE_A1,2026-07-22 17:30,2106
EVT_OLY_2028_001,VEN_STADIUM_12,ZONE_GATE_A1,2026-07-22 17:35,2107
EVT_OLY_2028_001,VEN_STADIUM_12,ZONE_GATE_A1,2026-07-22 17:40,2108
EVT_OLY_2028_001,VEN_STADIUM_12,ZONE_GATE_A1,2026-07-22 17:45,2109
EVT_OLY_2028_001,VEN_STADIUM_12,ZONE_GATE_A1,2026-07-22 17:50,2110
EVT_OLY_2028_001,VEN_STADIUM_12,ZONE_GATE_A1,2026-07-22 17:55,2111
EVT_OLY_2028_001,VEN_STADIUM_12,ZONE_GATE_A1,2026-07-22 18:00,2112
EVT_OLY_2028_001,VEN_STADIUM_12,ZONE_GATE_A1,2026-07-22 18:05,2113
EVT_OLY_2028_001,VEN_STADIUM_12,ZONE_GATE_A1,2026-07-22 18:10,2114
EVT_OLY_2028_001,VEN_STADIUM_12,ZONE_GATE_A1,2026-07-22 18:15,2115
EVT_OLY_2028_001,VEN_STADIUM_12,ZONE_GATE_A1,2026-07-22 18:20,2116
EVT_OLY_2028_001,VEN_STADIUM_12,ZONE_GATE_A1,2026-07-22 18:25,2117
EVT_OLY_2028_001,VEN_STADIUM_12,ZONE_GATE_A1,2026-07-22 18:30,2118
EVT_OLY_2028_001,VEN_STADIUM_12,ZONE_GATE_A1,2026-07-22 18:35,2119
EVT_OLY_2028_001,VEN_STADIUM_12,ZONE_GATE_A1,2026-07-22 18:40,2120
EVT_OLY_2028_001,VEN_STADIUM_12,ZONE_GATE_A1,2026-07-22 18:45,2121
EVT_OLY_2028_001,VEN_STADIUM_12,ZONE_GATE_A1,2026-07-22 18:50,2122
EVT_OLY_2028_001,VEN_STADIUM_12,ZONE_GATE_A1,2026-07-22 18:55,2123
EVT_OLY_2028_001,VEN_STADIUM_12,ZONE_GATE_A1,2026-07-22 19:00,2124
EVT_OLY_2028_001,VEN_STADIUM_12,ZONE_GATE_A1,2026-07-22 19:05,2125
EVT_OLY_2028_001,VEN_STADIUM_12,ZONE_GATE_A1,2026-07-22 19:10,2126
EVT_OLY_2028_001,VEN_STADIUM_12,ZONE_GATE_A1,2026-07-22 19:15,2127
EVT_OLY_2028_001,VEN_STADIUM_12,ZONE_GATE_A1,2026-07-22 19:20,2128
EVT_OLY_2028_001,VEN_STADIUM_12,ZONE_GATE_A1,2026-07-22 19:25,2129
EVT_OLY_2028_001,VEN_STADIUM_12,ZONE_GATE_A1,2026-07-22 19:30,2130
EVT_OLY_2028_001,VEN_STADIUM_12,ZONE_GATE_A1,2026-07-22 19:35,2131
EVT_OLY_2028_001,VEN_STADIUM_12,ZONE_GATE_A1,2026-07-22 19:40,2132
EVT_OLY_2028_001,VEN_STADIUM_12,ZONE_GATE_A1,2026-07-22 19:45,2133
EVT_OLY_2028_001,VEN_STADIUM_12,ZONE_GATE_A1,2026-07-22 19:50,2134
EVT_OLY_2028_001,VEN_STADIUM_12,ZONE_GATE_A1,2026-07-22 19:55,2135
EVT_OLY_2028_001,VEN_STADIUM_12,ZONE_GATE_A1,2026-07-22 20:00,2136
EVT_OLY_2028_001,VEN_STADIUM_12,ZONE_GATE_A1,2026-07-22 20:05,2137
EVT_OLY_2028_001,VEN_STADIUM_12,ZONE_GATE_A1,2026-07-22 20:10,2138
EVT_OLY_2028_001,VEN_STADIUM_12,ZONE_GATE_A1,2026-07-22 20:15,2139
EVT_OLY_2028_001,VEN_STADIUM_12,ZONE_GATE_A1,2026-07-22 20:20,2140
EVT_OLY_2028_001,VEN_STADIUM_12,ZONE_GATE_A1,2026-07-22 20:25,2141
EVT_OLY_2028_001,VEN_STADIUM_12,ZONE_GATE_A1,2026-07-22 20:30,2142
EVT_OLY_2028_001,VEN_STADIUM_12,ZONE_GATE_A1,2026-07-22 20:35,2143
EVT_OLY_2028_001,VEN_STADIUM_12,ZONE_GATE_A1,2026-07-22 20:40,2144
EVT_OLY_2028_001,VEN_STADIUM_12,ZONE_GATE_A1,2026-07-22 20:45,2145
EVT_OLY_2028_001,VEN_STADIUM_12,ZONE_GATE_A1,2026-07-22 20:50,2146
EVT_OLY_2028_001,VEN_STADIUM_12,ZONE_GATE_A1,2026-07-22 20:55,2147
EVT_OLY_2028_001,VEN_STADIUM_12,ZONE_GATE_A1,2026-07-22 21:00,2148
EVT_OLY_2028_001,VEN_STADIUM_12,ZONE_GATE_A1,2026-07-22 21:05,2149
EVT_OLY_2028_001,VEN_STADIUM_12,ZONE_GATE_A1,2026-07-22 21:10,2150
EVT_OLY_2028_001,VEN_STADIUM_12,ZONE_GATE_A1,2026-07-22 21:15,2151
EVT_OLY_2028_001,VEN_STADIUM_12,ZONE_GATE_A1,2026-07-22 21:20,2152
EVT_OLY_2028_001,VEN_STADIUM_12,ZONE_GATE_A1,2026-07-22 21:25,2153
EVT_OLY_2028_001,VEN_STADIUM_12,ZONE_GATE_A1,2026-07-22 21:30,2154
EVT_OLY_2028_001,VEN_STADIUM_12,ZONE_GATE_A1,2026-07-22 21:35,2155
EVT_OLY_2028_001,VEN_STADIUM_12,ZONE_GATE_A1,2026-07-22 21:40,2156
EVT_OLY_2028_001,VEN_STADIUM_12,ZONE_GATE_A1,2026-07-22 21:45,2157
EVT_OLY_2028_001,VEN_STADIUM_12,ZONE_GATE_A1,2026-07-22 21:50,2158
EVT_OLY_2028_001,VEN_STADIUM_12,ZONE_GATE_A1,2026-07-22 21:55,2159
EVT_OLY_2028_001,VEN_STADIUM_12,ZONE_GATE_A1,2026-07-22 22:00,2160
EVT_OLY_2028_001,VEN_STADIUM_12,ZONE_GATE_A1,2026-07-22 22:05,2161
EVT_OLY_2028_001,VEN_STADIUM_12,ZONE_GATE_A1,2026-07-22 22:10,2162
EVT_OLY_2028_001,VEN_STADIUM_12,ZONE_GATE_A1,2026-07-22 22:15,2163
EVT_OLY_2028_001,VEN_STADIUM_12,ZONE_GATE_A1,2026-07-22 22:20,2164
EVT_OLY_2028_001,VEN_STADIUM_12,ZONE_GATE_A1,2026-07-22 22:25,2165
EVT_OLY_2028_001,VEN_STADIUM_12,ZONE_GATE_A1,2026-07-22 22:30,2166
EVT_OLY_2028_001,VEN_STADIUM_12,ZONE_GATE_A1,2026-07-22 22:35,2167
EVT_OLY_2028_001,VEN_STADIUM_12,ZONE_GATE_A1,2026-07-22 22:40,2168
EVT_OLY_2028_001,VEN_STADIUM_12,ZONE_GATE_A1,2026-07-22 22:45,2169
EVT_OLY_2028_001,VEN_STADIUM_12,ZONE_GATE_A1,2026-07-22 22:50,2170
EVT_OLY_2028_001,VEN_STADIUM_12,ZONE_GATE_A1,2026-07-22 22:55,2171
EVT_OLY_2028_001,VEN_STADIUM_12,ZONE_GATE_A1,2026-07-22 23:00,2172
EVT_OLY_2028_001,VEN_STADIUM_12,ZONE_GATE_A1,2026-07-22 23:05,2173
EVT_OLY_2028_001,VEN_STADIUM_12,ZONE_GATE_A1,2026-07-22 23:10,2174
EVT_OLY_2028_001,VEN_STADIUM_12,ZONE_GATE_A1,2026-07-22 23:15,2175
EVT_OLY_2028_001,VEN_STADIUM_12,ZONE_GATE_A1,2026-07-22 23:20,2176
EVT_OLY_2028_001,VEN_STADIUM_12,ZONE_GATE_A1,2026-07-22 23:25,2177
EVT_OLY_2028_001,VEN_STADIUM_12,ZONE_GATE_A1,2026-07-22 23:30,2178
EVT_OLY_2028_001,VEN_STADIUM_12,ZONE_GATE_A1,2026-07-22 23:35,2179
EVT_OLY_2028_001,VEN_STADIUM_12,ZONE_GATE_A1,2026-07-22 23:40,2180
EVT_OLY_2028_001,VEN_STADIUM_12,ZONE_GATE_A1,2026-07-22 23:45,2181
EVT_OLY_2028_001,VEN_STADIUM_12,ZONE_GATE_A1,2026-07-22 23:50,2182
EVT_OLY_2028_001,VEN_STADIUM_12,ZONE_GATE_A1,2026-07-22 23:55,2183
EVT_OLY_2028_001,VEN_STADIUM_12,ZONE_GATE_A1,2026-07-23 00:00,2184
EVT_OLY_2028_001,VEN_STADIUM_12,ZONE_GATE_A1,2026-07-23 00:05,2185
EVT_OLY_2028_001,VEN_STADIUM_12,ZONE_GATE_A1,2026-07-23 00:10,2186
EVT_OLY_2028_001,VEN_STADIUM_12,ZONE_GATE_A1,2026-07-23 00:15,2187
EVT_OLY_2028_001,VEN_STADIUM_12,ZONE_GATE_A1,2026-07-23 00:20,2188
EVT_OLY_2028_001,VEN_STADIUM_12,ZONE_GATE_A1,2026-07-23 00:25,2189
EVT_OLY_2028_001,VEN_STADIUM_12,ZONE_GATE_A1,2026-07-23 00:30,2190
EVT_OLY_2028_001,VEN_STADIUM_12,ZONE_GATE_A1,2026-07-23 00:35,2191
EVT_OLY_2028_001,VEN_STADIUM_12,ZONE_GATE_A1,2026-07-23 00:40,2192
EVT_OLY_2028_001,VEN_STADIUM_12,ZONE_GATE_A1,2026-07-23 00:45,2193
EVT_OLY_2028_001,VEN_STADIUM_12,ZONE_GATE_A1,2026-07-23 00:50,2194
EVT_OLY_2028_001,VEN_STADIUM_12,ZONE_GATE_A1,2026-07-23 00:55,2195
EVT_OLY_2028_001,VEN_STADIUM_12,ZONE_GATE_A1,2026-07-23 01:00,2196
EVT_OLY_2028_001,VEN_STADIUM_12,ZONE_GATE_A1,2026-07-23 01:05,2197
EVT_OLY_2028_001,VEN_STADIUM_12,ZONE_GATE_A1,2026-07-23 01:10,2198
EVT_OLY_2028_001,VEN_STADIUM_12,ZONE_GATE_A1,2026-07-23 01:15,2199
EVT_OLY_2028_001,VEN_STADIUM_12,ZONE_GATE_A1,2026-07-23 01:20,2200
EVT_OLY_2028_001,VEN_STADIUM_12,ZONE_GATE_A1,2026-07-23 01:25,2201
EVT_OLY_2028_001,VEN_STADIUM_12,ZONE_GATE_A1,2026-07-23 01:30,2202
EVT_OLY_2028_001,VEN_STADIUM_12,ZONE_GATE_A1,2026-07-23 01:35,2203
EVT_OLY_2028_001,VEN_STADIUM_12,ZONE_GATE_A1,2026-07-23 01:40,2204
EVT_OLY_2028_001,VEN_STADIUM_12,ZONE_GATE_A1,2026-07-23 01:45,2205
EVT_OLY_2028_001,VEN_STADIUM_12,ZONE_GATE_A1,2026-07-23 01:50,2206
EVT_OLY_2028_001,VEN_STADIUM_12,ZONE_GATE_A1,2026-07-23 01:55,2207
EVT_OLY_2028_001,VEN_STADIUM_12,ZONE_GATE_A1,2026-07-23 02:00,2208
EVT_OLY_2028_001,VEN_STADIUM_12,ZONE_GATE_A1,2026-07-23 02:05,2209
EVT_OLY_2028_001,VEN_STADIUM_12,ZONE_GATE_A1,2026-07-23 02:10,2210
EVT_OLY_2028_001,VEN_STADIUM_12,ZONE_GATE_A1,2026-07-23 02:15,2211
EVT_OLY_2028_001,VEN_STADIUM_12,ZONE_GATE_A1,2026-07-23 02:20,2212
EVT_OLY_2028_001,VEN_STADIUM_12,ZONE_GATE_A1,2026-07-23 02:25,2213
EVT_OLY_2028_001,VEN_STADIUM_12,ZONE_GATE_A1,2026-07-23 02:30,2214
EVT_OLY_2028_001,VEN_STADIUM_12,ZONE_GATE_A1,2026-07-23 02:35,2215
EVT_OLY_2028_001,VEN_STADIUM_12,ZONE_GATE_A1,2026-07-23 02:40,2216
EVT_OLY_2028_001,VEN_STADIUM_12,ZONE_GATE_A1,2026-07-23 02:45,2217
EVT_OLY_2028_001,VEN_STADIUM_12,ZONE_GATE_A1,2026-07-23 02:50,2218
EVT_OLY_2028_001,VEN_STADIUM_12,ZONE_GATE_A1,2026-07-23 02:55,2219
EVT_OLY_2028_001,VEN_STADIUM_12,ZONE_GATE_A1,2026-07-23 03:00,2220
EVT_OLY_2028_001,VEN_STADIUM_12,ZONE_GATE_A1,2026-07-23 03:05,2221
EVT_OLY_2028_001,VEN_STADIUM_12,ZONE_GATE_A1,2026-07-23 03:10,2222
EVT_OLY_2028_001,VEN_STADIUM_12,ZONE_GATE_A1,2026-07-23 03:15,2223
EVT_OLY_2028_001,VEN_STADIUM_12,ZONE_GATE_A1,2026-07-23 03:20,2224
EVT_OLY_2028_001,VEN_STADIUM_12,ZONE_GATE_A1,2026-07-23 03:25,2225
EVT_OLY_2028_001,VEN_STADIUM_12,ZONE_GATE_A1,2026-07-23 03:30,2226
EVT_OLY_2028_001,VEN_STADIUM_12,ZONE_GATE_A1,2026-07-23 03:35,2227
EVT_OLY_2028_001,VEN_STADIUM_12,ZONE_GATE_A1,2026-07-23 03:40,2228
EVT_OLY_2028_001,VEN_STADIUM_12,ZONE_GATE_A1,2026-07-23 03:45,2229
EVT_OLY_2028_001,VEN_STADIUM_12,ZONE_GATE_A1,2026-07-23 03:50,2230
EVT_OLY_2028_001,VEN_STADIUM_12,ZONE_GATE_A1,2026-07-23 03:55,2231
EVT_OLY_2028_001,VEN_STADIUM_12,ZONE_GATE_A1,2026-07-23 04:00,2232
EVT_OLY_2028_001,VEN_STADIUM_12,ZONE_GATE_A1,2026-07-23 04:05,2233
EVT_OLY_2028_001,VEN_STADIUM_12,ZONE_GATE_A1,2026-07-23 04:10,2234
EVT_OLY_2028_001,VEN_STADIUM_12,ZONE_GATE_A1,2026-07-23 04:15,2235
EVT_OLY_2028_001,VEN_STADIUM_12,ZONE_GATE_A1,2026-07-23 04:20,2236
EVT_OLY_2028_001,VEN_STADIUM_12,ZONE_GATE_A1,2026-07-23 04:25,2237
EVT_OLY_2028_001,VEN_STADIUM_12,ZONE_GATE_A1,2026-07-23 04:30,2238
EVT_OLY_2028_001,VEN_STADIUM_12,ZONE_GATE_A1,2026-07-23 04:35,2239
EVT_OLY_2028_001,VEN_STADIUM_12,ZONE_GATE_A1,2026-07-23 04:40,2240
EVT_OLY_2028_001,VEN_STADIUM_12,ZONE_GATE_A1,2026-07-23 04:45,2241
EVT_OLY_2028_001,VEN_STADIUM_12,ZONE_GATE_A1,2026-07-23 04:50,2242
EVT_OLY_2028_001,VEN_STADIUM_12,ZONE_GATE_A1,2026-07-23 04:55,2243
EVT_OLY_2028_001,VEN_STADIUM_12,ZONE_GATE_A1,2026-07-23 05:00,2244
EVT_OLY_2028_001,VEN_STADIUM_12,ZONE_GATE_A1,2026-07-23 05:05,2245
EVT_OLY_2028_001,VEN_STADIUM_12,ZONE_GATE_A1,2026-07-23 05:10,2246
EVT_OLY_2028_001,VEN_STADIUM_12,ZONE_GATE_A1,2026-07-23 05:15,2247
EVT_OLY_2028_001,VEN_STADIUM_12,ZONE_GATE_A1,2026-07-23 05:20,2248
EVT_OLY_2028_001,VEN_STADIUM_12,ZONE_GATE_A1,2026-07-23 05:25,2249
EVT_OLY_2028_001,VEN_STADIUM_12,ZONE_GATE_A1,2026-07-23 05:30,2250
EVT_OLY_2028_001,VEN_STADIUM_12,ZONE_GATE_A1,2026-07-23 05:35,2251
EVT_OLY_2028_001,VEN_STADIUM_12,ZONE_GATE_A1,2026-07-23 05:40,2252
EVT_OLY_2028_001,VEN_STADIUM_12,ZONE_GATE_A1,2026-07-23 05:45,2253
EVT_OLY_2028_001,VEN_STADIUM_12,ZONE_GATE_A1,2026-07-23 05:50,2254
EVT_OLY_2028_001,VEN_STADIUM_12,ZONE_GATE_A1,2026-07-23 05:55,2255
EVT_OLY_2028_001,VEN_STADIUM_12,ZONE_GATE_A1,2026-07-23 06:00,2256
EVT_OLY_2028_001,VEN_STADIUM_12,ZONE_GATE_A1,2026-07-23 06:05,2257
EVT_OLY_2028_001,VEN_STADIUM_12,ZONE_GATE_A1,2026-07-23 06:10,2258
EVT_OLY_2028_001,VEN_STADIUM_12,ZONE_GATE_A1,2026-07-23 06:15,2259
EVT_OLY_2028_001,VEN_STADIUM_12,ZONE_GATE_A1,2026-07-23 06:20,2260
EVT_OLY_2028_001,VEN_STADIUM_12,ZONE_GATE_A1,2026-07-23 06:25,2261
EVT_OLY_2028_001,VEN_STADIUM_12,ZONE_GATE_A1,2026-07-23 06:30,2262
EVT_OLY_2028_001,VEN_STADIUM_12,ZONE_GATE_A1,2026-07-23 06:35,2263
EVT_OLY_2028_001,VEN_STADIUM_12,ZONE_GATE_A1,2026-07-23 06:40,2264
EVT_OLY_2028_001,VEN_STADIUM_12,ZONE_GATE_A1,2026-07-23 06:45,2265
EVT_OLY_2028_001,VEN_STADIUM_12,ZONE_GATE_A1,2026-07-23 06:50,2266
EVT_OLY_2028_001,VEN_STADIUM_12,ZONE_GATE_A1,2026-07-23 06:55,2267
EVT_OLY_2028_001,VEN_STADIUM_12,ZONE_GATE_A1,2026-07-23 07:00,2268
EVT_OLY_2028_001,VEN_STADIUM_12,ZONE_GATE_A1,2026-07-23 07:05,2269
EVT_OLY_2028_001,VEN_STADIUM_12,ZONE_GATE_A1,2026-07-23 07:10,2270
EVT_OLY_2028_001,VEN_STADIUM_12,ZONE_GATE_A1,2026-07-23 07:15,2271
EVT_OLY_2028_001,VEN_STADIUM_12,ZONE_GATE_A1,2026-07-23 07:20,2272
EVT_OLY_2028_001,VEN_STADIUM_12,ZONE_GATE_A1,2026-07-23 07:25,2273
EVT_OLY_2028_001,VEN_STADIUM_12,ZONE_GATE_A1,2026-07-23 07:30,2274
EVT_OLY_2028_001,VEN_STADIUM_12,ZONE_GATE_A1,2026-07-23 07:35,2275
EVT_OLY_2028_001,VEN_STADIUM_12,ZONE_GATE_A1,2026-07-23 07:40,2276
EVT_OLY_2028_001,VEN_STADIUM_12,ZONE_GATE_A1,2026-07-23 07:45,2277
EVT_OLY_2028_001,VEN_STADIUM_12,ZONE_GATE_A1,2026-07-23 07:50,2278
EVT_OLY_2028_001,VEN_STADIUM_12,ZONE_GATE_A1,2026-07-23 07:55,2279
EVT_OLY_2028_001,VEN_STADIUM_12,ZONE_GATE_A1,2026-07-23 08:00,2280
EVT_OLY_2028_001,VEN_STADIUM_12,ZONE_GATE_A1,2026-07-23 08:05,2281
EVT_OLY_2028_001,VEN_STADIUM_12,ZONE_GATE_A1,2026-07-23 08:10,2282
EVT_OLY_2028_001,VEN_STADIUM_12,ZONE_GATE_A1,2026-07-23 08:15,2283
EVT_OLY_2028_001,VEN_STADIUM_12,ZONE_GATE_A1,2026-07-23 08:20,2284
EVT_OLY_2028_001,VEN_STADIUM_12,ZONE_GATE_A1,2026-07-23 08:25,2285
EVT_OLY_2028_001,VEN_STADIUM_12,ZONE_GATE_A1,2026-07-23 08:30,2286
EVT_OLY_2028_001,VEN_STADIUM_12,ZONE_GATE_A1,2026-07-23 08:35,2287
EVT_OLY_2028_001,VEN_STADIUM_12,ZONE_GATE_A1,2026-07-23 08:40,2288
EVT_OLY_2028_001,VEN_STADIUM_12,ZONE_GATE_A1,2026-07-23 08:45,2289
EVT_OLY_2028_001,VEN_STADIUM_12,ZONE_GATE_A1,2026-07-23 08:50,2290
EVT_OLY_2028_001,VEN_STADIUM_12,ZONE_GATE_A1,2026-07-23 08:55,2291
EVT_OLY_2028_001,VEN_STADIUM_12,ZONE_GATE_A1,2026-07-23 09:00,2292
EVT_OLY_2028_001,VEN_STADIUM_12,ZONE_GATE_A1,2026-07-23 09:05,2293
EVT_OLY_2028_001,VEN_STADIUM_12,ZONE_GATE_A1,2026-07-23 09:10,2294
EVT_OLY_2028_001,VEN_STADIUM_12,ZONE_GATE_A1,2026-07-23 09:15,2295
EVT_OLY_2028_001,VEN_STADIUM_12,ZONE_GATE_A1,2026-07-23 09:20,2296
EVT_OLY_2028_001,VEN_STADIUM_12,ZONE_GATE_A1,2026-07-23 09:25,2297
EVT_OLY_2028_001,VEN_STADIUM_12,ZONE_GATE_A1,2026-07-23 09:30,2298
EVT_OLY_2028_001,VEN_STADIUM_12,ZONE_GATE_A1,2026-07-23 09:35,2299
EVT_OLY_2028_001,VEN_STADIUM_12,ZONE_GATE_A1,2026-07-23 09:40,2300
EVT_OLY_2028_001,VEN_STADIUM_12,ZONE_GATE_A1,2026-07-23 09:45,2301
EVT_OLY_2028_001,VEN_STADIUM_12,ZONE_GATE_A1,2026-07-23 09:50,2302
EVT_OLY_2028_001,VEN_STADIUM_12,ZONE_GATE_A1,2026-07-23 09:55,2303
EVT_OLY_2028_001,VEN_STADIUM_12,ZONE_GATE_A1,2026-07-23 10:00,2304
EVT_OLY_2028_001,VEN_STADIUM_12,ZONE_GATE_A1,2026-07-23 10:05,2305
EVT_OLY_2028_001,VEN_STADIUM_12,ZONE_GATE_A1,2026-07-23 10:10,2306
EVT_OLY_2028_001,VEN_STADIUM_12,ZONE_GATE_A1,2026-07-23 10:15,2307
EVT_OLY_2028_001,VEN_STADIUM_12,ZONE_GATE_A1,2026-07-23 10:20,2308
EVT_OLY_2028_001,VEN_STADIUM_12,ZONE_GATE_A1,2026-07-23 10:25,2309
EVT_OLY_2028_001,VEN_STADIUM_12,ZONE_GATE_A1,2026-07-23 10:30,2310
EVT_OLY_2028_001,VEN_STADIUM_12,ZONE_GATE_A1,2026-07-23 10:35,2311
EVT_OLY_2028_001,VEN_STADIUM_12,ZONE_GATE_A1,2026-07-23 10:40,2312
EVT_OLY_2028_001,VEN_STADIUM_12,ZONE_GATE_A1,2026-07-23 10:45,2313
EVT_OLY_2028_001,VEN_STADIUM_12,ZONE_GATE_A1,2026-07-23 10:50,2314
EVT_OLY_2028_001,VEN_STADIUM_12,ZONE_GATE_A1,2026-07-23 10:55,2315
EVT_OLY_2028_001,VEN_STADIUM_12,ZONE_GATE_A1,2026-07-23 11:00,2316
EVT_OLY_2028_001,VEN_STADIUM_12,ZONE_GATE_A1,2026-07-23 11:05,2317
EVT_OLY_2028_001,VEN_STADIUM_12,ZONE_GATE_A1,2026-07-23 11:10,2318
EVT_OLY_2028_001,VEN_STADIUM_12,ZONE_GATE_A1,2026-07-23 11:15,2319
EVT_OLY_2028_001,VEN_STADIUM_12,ZONE_GATE_A1,2026-07-23 11:20,2320
EVT_OLY_2028_001,VEN_STADIUM_12,ZONE_GATE_A1,2026-07-23 11:25,2321
EVT_OLY_2028_001,VEN_STADIUM_12,ZONE_GATE_A1,2026-07-23 11:30,2322
EVT_OLY_2028_001,VEN_STADIUM_12,ZONE_GATE_A1,2026-07-23 11:35,2323
EVT_OLY_2028_001,VEN_STADIUM_12,ZONE_GATE_A1,2026-07-23 11:40,2324
EVT_OLY_2028_001,VEN_STADIUM_12,ZONE_GATE_A1,2026-07-23 11:45,2325
EVT_OLY_2028_001,VEN_STADIUM_12,ZONE_GATE_A1,2026-07-23 11:50,2326
EVT_OLY_2028_001,VEN_STADIUM_12,ZONE_GATE_A1,2026-07-23 11:55,2327
EVT_OLY_2028_001,VEN_STADIUM_12,ZONE_GATE_A1,2026-07-23 12:00,2328
EVT_OLY_2028_001,VEN_STADIUM_12,ZONE_GATE_A1,2026-07-23 12:05,2329
EVT_OLY_2028_001,VEN_STADIUM_12,ZONE_GATE_A1,2026-07-23 12:10,2330
EVT_OLY_2028_001,VEN_STADIUM_12,ZONE_GATE_A1,2026-07-23 12:15,2331
EVT_OLY_2028_001,VEN_STADIUM_12,ZONE_GATE_A1,2026-07-23 12:20,2332
EVT_OLY_2028_001,VEN_STADIUM_12,ZONE_GATE_A1,2026-07-23 12:25,2333
EVT_OLY_2028_001,VEN_STADIUM_12,ZONE_GATE_A1,2026-07-23 12:30,2334
EVT_OLY_2028_001,VEN_STADIUM_12,ZONE_GATE_A1,2026-07-23 12:35,2335
EVT_OLY_2028_001,VEN_STADIUM_12,ZONE_GATE_A1,2026-07-23 12:40,2336
EVT_OLY_2028_001,VEN_STADIUM_12,ZONE_GATE_A1,2026-07-23 12:45,2337
EVT_OLY_2028_001,VEN_STADIUM_12,ZONE_GATE_A1,2026-07-23 12:50,2338
EVT_OLY_2028_001,VEN_STADIUM_12,ZONE_GATE_A1,2026-07-23 12:55,2339
EVT_OLY_2028_001,VEN_STADIUM_12,ZONE_GATE_A1,2026-07-23 13:00,2340
EVT_OLY_2028_001,VEN_STADIUM_12,ZONE_GATE_A1,2026-07-23 13:05,2341
EVT_OLY_2028_001,VEN_STADIUM_12,ZONE_GATE_A1,2026-07-23 13:10,2342
EVT_OLY_2028_001,VEN_STADIUM_12,ZONE_GATE_A1,2026-07-23 13:15,2343
EVT_OLY_2028_001,VEN_STADIUM_12,ZONE_GATE_A1,2026-07-23 13:20,2344
EVT_OLY_2028_001,VEN_STADIUM_12,ZONE_GATE_A1,2026-07-23 13:25,2345
EVT_OLY_2028_001,VEN_STADIUM_12,ZONE_GATE_A1,2026-07-23 13:30,2346
EVT_OLY_2028_001,VEN_STADIUM_12,ZONE_GATE_A1,2026-07-23 13:35,2347
EVT_OLY_2028_001,VEN_STADIUM_12,ZONE_GATE_A1,2026-07-23 13:40,2348
EVT_OLY_2028_001,VEN_STADIUM_12,ZONE_GATE_A1,2026-07-23 13:45,2349
EVT_OLY_2028_001,VEN_STADIUM_12,ZONE_GATE_A1,2026-07-23 13:50,2350
EVT_OLY_2028_001,VEN_STADIUM_12,ZONE_GATE_A1,2026-07-23 13:55,2351
EVT_OLY_2028_001,VEN_STADIUM_12,ZONE_GATE_A1,2026-07-23 14:00,2352
EVT_OLY_2028_001,VEN_STADIUM_12,ZONE_GATE_A1,2026-07-23 14:05,2353
EVT_OLY_2028_001,VEN_STADIUM_12,ZONE_GATE_A1,2026-07-23 14:10,2354
EVT_OLY_2028_001,VEN_STADIUM_12,ZONE_GATE_A1,2026-07-23 14:15,2355
EVT_OLY_2028_001,VEN_STADIUM_12,ZONE_GATE_A1,2026-07-23 14:20,2356
EVT_OLY_2028_001,VEN_STADIUM_12,ZONE_GATE_A1,2026-07-23 14:25,2357
EVT_OLY_2028_001,VEN_STADIUM_12,ZONE_GATE_A1,2026-07-23 14:30,2358
EVT_OLY_2028_001,VEN_STADIUM_12,ZONE_GATE_A1,2026-07-23 14:35,2359
EVT_OLY_2028_001,VEN_STADIUM_12,ZONE_GATE_A1,2026-07-23 14:40,2360
EVT_OLY_2028_001,VEN_STADIUM_12,ZONE_GATE_A1,2026-07-23 14:45,2361
EVT_OLY_2028_001,VEN_STADIUM_12,ZONE_GATE_A1,2026-07-23 14:50,2362
EVT_OLY_2028_001,VEN_STADIUM_12,ZONE_GATE_A1,2026-07-23 14:55,2363
EVT_OLY_2028_001,VEN_STADIUM_12,ZONE_GATE_A1,2026-07-23 15:00,2364
EVT_OLY_2028_001,VEN_STADIUM_12,ZONE_GATE_A1,2026-07-23 15:05,2365
EVT_OLY_2028_001,VEN_STADIUM_12,ZONE_GATE_A1,2026-07-23 15:10,2366
EVT_OLY_2028_001,VEN_STADIUM_12,ZONE_GATE_A1,2026-07-23 15:15,2367
EVT_OLY_2028_001,VEN_STADIUM_12,ZONE_GATE_A1,2026-07-23 15:20,2368
EVT_OLY_2028_001,VEN_STADIUM_12,ZONE_GATE_A1,2026-07-23 15:25,2369
EVT_OLY_2028_001,VEN_STADIUM_12,ZONE_GATE_A1,2026-07-23 15:30,2370
EVT_OLY_2028_001,VEN_STADIUM_12,ZONE_GATE_A1,2026-07-23 15:35,2371
EVT_OLY_2028_001,VEN_STADIUM_12,ZONE_GATE_A1,2026-07-23 15:40,2372
EVT_OLY_2028_001,VEN_STADIUM_12,ZONE_GATE_A1,2026-07-23 15:45,2373
EVT_OLY_2028_001,VEN_STADIUM_12,ZONE_GATE_A1,2026-07-23 15:50,2374
EVT_OLY_2028_001,VEN_STADIUM_12,ZONE_GATE_A1,2026-07-23 15:55,2375
EVT_OLY_2028_001,VEN_STADIUM_12,ZONE_GATE_A1,2026-07-23 16:00,2376
EVT_OLY_2028_001,VEN_STADIUM_12,ZONE_GATE_A1,2026-07-23 16:05,2377
EVT_OLY_2028_001,VEN_STADIUM_12,ZONE_GATE_A1,2026-07-23 16:10,2378
EVT_OLY_2028_001,VEN_STADIUM_12,ZONE_GATE_A1,2026-07-23 16:15,2379
EVT_OLY_2028_001,VEN_STADIUM_12,ZONE_GATE_A1,2026-07-23 16:20,2380
EVT_OLY_2028_001,VEN_STADIUM_12,ZONE_GATE_A1,2026-07-23 16:25,2381
EVT_OLY_2028_001,VEN_STADIUM_12,ZONE_GATE_A1,2026-07-23 16:30,2382
EVT_OLY_2028_001,VEN_STADIUM_12,ZONE_GATE_A1,2026-07-23 16:35,2383
EVT_OLY_2028_001,VEN_STADIUM_12,ZONE_GATE_A1,2026-07-23 16:40,2384
EVT_OLY_2028_001,VEN_STADIUM_12,ZONE_GATE_A1,2026-07-23 16:45,2385
EVT_OLY_2028_001,VEN_STADIUM_12,ZONE_GATE_A1,2026-07-23 16:50,2386
EVT_OLY_2028_001,VEN_STADIUM_12,ZONE_GATE_A1,2026-07-23 16:55,2387
EVT_OLY_2028_001,VEN_STADIUM_12,ZONE_GATE_A1,2026-07-23 17:00,2388
EVT_OLY_2028_001,VEN_STADIUM_12,ZONE_GATE_A1,2026-07-23 17:05,2389
EVT_OLY_2028_001,VEN_STADIUM_12,ZONE_GATE_A1,2026-07-23 17:10,2390
EVT_OLY_2028_001,VEN_STADIUM_12,ZONE_GATE_A1,2026-07-23 17:15,2391
EVT_OLY_2028_001,VEN_STADIUM_12,ZONE_GATE_A1,2026-07-23 17:20,2392
EVT_OLY_2028_001,VEN_STADIUM_12,ZONE_GATE_A1,2026-07-23 17:25,2393
EVT_OLY_2028_001,VEN_STADIUM_12,ZONE_GATE_A1,2026-07-23 17:30,2394
EVT_OLY_2028_001,VEN_STADIUM_12,ZONE_GATE_A1,2026-07-23 17:35,2395
EVT_OLY_2028_001,VEN_STADIUM_12,ZONE_GATE_A1,2026-07-23 17:40,2396
EVT_OLY_2028_001,VEN_STADIUM_12,ZONE_GATE_A1,2026-07-23 17:45,2397
EVT_OLY_2028_001,VEN_STADIUM_12,ZONE_GATE_A1,2026-07-23 17:50,2398
EVT_OLY_2028_001,VEN_STADIUM_12,ZONE_GATE_A1,2026-07-23 17:55,2399
EVT_OLY_2028_001,VEN_STADIUM_12,ZONE_GATE_A1,2026-07-23 18:00,2400
EVT_OLY_2028_001,VEN_STADIUM_12,ZONE_GATE_A1,2026-07-23 18:05,2401
EVT_OLY_2028_001,VEN_STADIUM_12,ZONE_GATE_A1,2026-07-23 18:10,2402
EVT_OLY_2028_001,VEN_STADIUM_12,ZONE_GATE_A1,2026-07-23 18:15,2403
EVT_OLY_2028_001,VEN_STADIUM_12,ZONE_GATE_A1,2026-07-23 18:20,2404
EVT_OLY_2028_001,VEN_STADIUM_12,ZONE_GATE_A1,2026-07-23 18:25,2405
EVT_OLY_2028_001,VEN_STADIUM_12,ZONE_GATE_A1,2026-07-23 18:30,2406
EVT_OLY_2028_001,VEN_STADIUM_12,ZONE_GATE_A1,2026-07-23 18:35,2407
EVT_OLY_2028_001,VEN_STADIUM_12,ZONE_GATE_A1,2026-07-23 18:40,2408
EVT_OLY_2028_001,VEN_STADIUM_12,ZONE_GATE_A1,2026-07-23 18:45,2409
EVT_OLY_2028_001,VEN_STADIUM_12,ZONE_GATE_A1,2026-07-23 18:50,2410
EVT_OLY_2028_001,VEN_STADIUM_12,ZONE_GATE_A1,2026-07-23 18:55,2411
EVT_OLY_2028_001,VEN_STADIUM_12,ZONE_GATE_A1,2026-07-23 19:00,2412
EVT_OLY_2028_001,VEN_STADIUM_12,ZONE_GATE_A1,2026-07-23 19:05,2413
EVT_OLY_2028_001,VEN_STADIUM_12,ZONE_GATE_A1,2026-07-23 19:10,2414
EVT_OLY_2028_001,VEN_STADIUM_12,ZONE_GATE_A1,2026-07-23 19:15,2415
EVT_OLY_2028_001,VEN_STADIUM_12,ZONE_GATE_A1,2026-07-23 19:20,2416
EVT_OLY_2028_001,VEN_STADIUM_12,ZONE_GATE_A1,2026-07-23 19:25,2417
EVT_OLY_2028_001,VEN_STADIUM_12,ZONE_GATE_A1,2026-07-23 19:30,2418
EVT_OLY_2028_001,VEN_STADIUM_12,ZONE_GATE_A1,2026-07-23 19:35,2419
EVT_OLY_2028_001,VEN_STADIUM_12,ZONE_GATE_A1,2026-07-23 19:40,2420
EVT_OLY_2028_001,VEN_STADIUM_12,ZONE_GATE_A1,2026-07-23 19:45,2421
EVT_OLY_2028_001,VEN_STADIUM_12,ZONE_GATE_A1,2026-07-23 19:50,2422
EVT_OLY_2028_001,VEN_STADIUM_12,ZONE_GATE_A1,2026-07-23 19:55,2423
EVT_OLY_2028_001,VEN_STADIUM_12,ZONE_GATE_A1,2026-07-23 20:00,2424
EVT_OLY_2028_001,VEN_STADIUM_12,ZONE_GATE_A1,2026-07-23 20:05,2425
EVT_OLY_2028_001,VEN_STADIUM_12,ZONE_GATE_A1,2026-07-23 20:10,2426
EVT_OLY_2028_001,VEN_STADIUM_12,ZONE_GATE_A1,2026-07-23 20:15,2427
EVT_OLY_2028_001,VEN_STADIUM_12,ZONE_GATE_A1,2026-07-23 20:20,2428
EVT_OLY_2028_001,VEN_STADIUM_12,ZONE_GATE_A1,2026-07-23 20:25,2429
EVT_OLY_2028_001,VEN_STADIUM_12,ZONE_GATE_A1,2026-07-23 20:30,2430
EVT_OLY_2028_001,VEN_STADIUM_12,ZONE_GATE_A1,2026-07-23 20:35,2431
EVT_OLY_2028_001,VEN_STADIUM_12,ZONE_GATE_A1,2026-07-23 20:40,2432
EVT_OLY_2028_001,VEN_STADIUM_12,ZONE_GATE_A1,2026-07-23 20:45,2433
EVT_OLY_2028_001,VEN_STADIUM_12,ZONE_GATE_A1,2026-07-23 20:50,2434
EVT_OLY_2028_001,VEN_STADIUM_12,ZONE_GATE_A1,2026-07-23 20:55,2435
EVT_OLY_2028_001,VEN_STADIUM_12,ZONE_GATE_A1,2026-07-23 21:00,2436
EVT_OLY_2028_001,VEN_STADIUM_12,ZONE_GATE_A1,2026-07-23 21:05,2437
EVT_OLY_2028_001,VEN_STADIUM_12,ZONE_GATE_A1,2026-07-23 21:10,2438
EVT_OLY_2028_001,VEN_STADIUM_12,ZONE_GATE_A1,2026-07-23 21:15,2439
EVT_OLY_2028_001,VEN_STADIUM_12,ZONE_GATE_A1,2026-07-23 21:20,2440
EVT_OLY_2028_001,VEN_STADIUM_12,ZONE_GATE_A1,2026-07-23 21:25,2441
EVT_OLY_2028_001,VEN_STADIUM_12,ZONE_GATE_A1,2026-07-23 21:30,2442
EVT_OLY_2028_001,VEN_STADIUM_12,ZONE_GATE_A1,2026-07-23 21:35,2443
EVT_OLY_2028_001,VEN_STADIUM_12,ZONE_GATE_A1,2026-07-23 21:40,2444
EVT_OLY_2028_001,VEN_STADIUM_12,ZONE_GATE_A1,2026-07-23 21:45,2445
EVT_OLY_2028_001,VEN_STADIUM_12,ZONE_GATE_A1,2026-07-23 21:50,2446
EVT_OLY_2028_001,VEN_STADIUM_12,ZONE_GATE_A1,2026-07-23 21:55,2447
EVT_OLY_2028_001,VEN_STADIUM_12,ZONE_GATE_A1,2026-07-23 22:00,2448
EVT_OLY_2028_001,VEN_STADIUM_12,ZONE_GATE_A1,2026-07-23 22:05,2449
EVT_OLY_2028_001,VEN_STADIUM_12,ZONE_GATE_A1,2026-07-23 22:10,2450
EVT_OLY_2028_001,VEN_STADIUM_12,ZONE_GATE_A1,2026-07-23 22:15,2451
EVT_OLY_2028_001,VEN_STADIUM_12,ZONE_GATE_A1,2026-07-23 22:20,2452
EVT_OLY_2028_001,VEN_STADIUM_12,ZONE_GATE_A1,2026-07-23 22:25,2453
EVT_OLY_2028_001,VEN_STADIUM_12,ZONE_GATE_A1,2026-07-23 22:30,2454
EVT_OLY_2028_001,VEN_STADIUM_12,ZONE_GATE_A1,2026-07-23 22:35,2455
EVT_OLY_2028_001,VEN_STADIUM_12,ZONE_GATE_A1,2026-07-23 22:40,2456
EVT_OLY_2028_001,VEN_STADIUM_12,ZONE_GATE_A1,2026-07-23 22:45,2457
EVT_OLY_2028_001,VEN_STADIUM_12,ZONE_GATE_A1,2026-07-23 22:50,2458
EVT_OLY_2028_001,VEN_STADIUM_12,ZONE_GATE_A1,2026-07-23 22:55,2459
EVT_OLY_2028_001,VEN_STADIUM_12,ZONE_GATE_A1,2026-07-23 23:00,2460
EVT_OLY_2028_001,VEN_STADIUM_12,ZONE_GATE_A1,2026-07-23 23:05,2461
EVT_OLY_2028_001,VEN_STADIUM_12,ZONE_GATE_A1,2026-07-23 23:10,2462
EVT_OLY_2028_001,VEN_STADIUM_12,ZONE_GATE_A1,2026-07-23 23:15,2463
EVT_OLY_2028_001,VEN_STADIUM_12,ZONE_GATE_A1,2026-07-23 23:20,2464
EVT_OLY_2028_001,VEN_STADIUM_12,ZONE_GATE_A1,2026-07-23 23:25,2465
EVT_OLY_2028_001,VEN_STADIUM_12,ZONE_GATE_A1,2026-07-23 23:30,2466
EVT_OLY_2028_001,VEN_STADIUM_12,ZONE_GATE_A1,2026-07-23 23:35,2467
EVT_OLY_2028_001,VEN_STADIUM_12,ZONE_GATE_A1,2026-07-23 23:40,2468
EVT_OLY_2028_001,VEN_STADIUM_12,ZONE_GATE_A1,2026-07-23 23:45,2469
EVT_OLY_2028_001,VEN_STADIUM_12,ZONE_GATE_A1,2026-07-23 23:50,2470
EVT_OLY_2028_001,VEN_STADIUM_12,ZONE_GATE_A1,2026-07-23 23:55,2471
EVT_OLY_2028_001,VEN_STADIUM_12,ZONE_GATE_A1,2026-07-24 00:00,2472
EVT_OLY_2028_001,VEN_STADIUM_12,ZONE_GATE_A1,2026-07-24 00:05,2473
EVT_OLY_2028_001,VEN_STADIUM_12,ZONE_GATE_A1,2026-07-24 00:10,2474
EVT_OLY_2028_001,VEN_STADIUM_12,ZONE_GATE_A1,2026-07-24 00:15,2475
EVT_OLY_2028_001,VEN_STADIUM_12,ZONE_GATE_A1,2026-07-24 00:20,2476
EVT_OLY_2028_001,VEN_STADIUM_12,ZONE_GATE_A1,2026-07-24 00:25,2477
EVT_OLY_2028_001,VEN_STADIUM_12,ZONE_GATE_A1,2026-07-24 00:30,2478
EVT_OLY_2028_001,VEN_STADIUM_12,ZONE_GATE_A1,2026-07-24 00:35,2479
EVT_OLY_2028_001,VEN_STADIUM_12,ZONE_GATE_A1,2026-07-24 00:40,2480
EVT_OLY_2028_001,VEN_STADIUM_12,ZONE_GATE_A1,2026-07-24 00:45,2481
EVT_OLY_2028_001,VEN_STADIUM_12,ZONE_GATE_A1,2026-07-24 00:50,2482
EVT_OLY_2028_001,VEN_STADIUM_12,ZONE_GATE_A1,2026-07-24 00:55,2483
EVT_OLY_2028_001,VEN_STADIUM_12,ZONE_GATE_A1,2026-07-24 01:00,2484
EVT_OLY_2028_001,VEN_STADIUM_12,ZONE_GATE_A1,2026-07-24 01:05,2485
EVT_OLY_2028_001,VEN_STADIUM_12,ZONE_GATE_A1,2026-07-24 01:10,2486
EVT_OLY_2028_001,VEN_STADIUM_12,ZONE_GATE_A1,2026-07-24 01:15,2487
EVT_OLY_2028_001,VEN_STADIUM_12,ZONE_GATE_A1,2026-07-24 01:20,2488
EVT_OLY_2028_001,VEN_STADIUM_12,ZONE_GATE_A1,2026-07-24 01:25,2489
EVT_OLY_2028_001,VEN_STADIUM_12,ZONE_GATE_A1,2026-07-24 01:30,2490
EVT_OLY_2028_001,VEN_STADIUM_12,ZONE_GATE_A1,2026-07-24 01:35,2491
EVT_OLY_2028_001,VEN_STADIUM_12,ZONE_GATE_A1,2026-07-24 01:40,2492
EVT_OLY_2028_001,VEN_STADIUM_12,ZONE_GATE_A1,2026-07-24 01:45,2493
EVT_OLY_2028_001,VEN_STADIUM_12,ZONE_GATE_A1,2026-07-24 01:50,2494
EVT_OLY_2028_001,VEN_STADIUM_12,ZONE_GATE_A1,2026-07-24 01:55,2495
EVT_OLY_2028_001,VEN_STADIUM_12,ZONE_GATE_A1,2026-07-24 02:00,2496
EVT_OLY_2028_001,VEN_STADIUM_12,ZONE_GATE_A1,2026-07-24 02:05,2497
EVT_OLY_2028_001,VEN_STADIUM_12,ZONE_GATE_A1,2026-07-24 02:10,2498
EVT_OLY_2028_001,VEN_STADIUM_12,ZONE_GATE_A1,2026-07-24 02:15,2499
EVT_OLY_2028_001,VEN_STADIUM_12,ZONE_GATE_A1,2026-07-24 02:20,2500
EVT_OLY_2028_001,VEN_STADIUM_12,ZONE_GATE_A1,2026-07-24 02:25,2501
EVT_OLY_2028_001,VEN_STADIUM_12,ZONE_GATE_A1,2026-07-24 02:30,2502
EVT_OLY_2028_001,VEN_STADIUM_12,ZONE_GATE_A1,2026-07-24 02:35,2503
EVT_OLY_2028_001,VEN_STADIUM_12,ZONE_GATE_A1,2026-07-24 02:40,2504
EVT_OLY_2028_001,VEN_STADIUM_12,ZONE_GATE_A1,2026-07-24 02:45,2505
EVT_OLY_2028_001,VEN_STADIUM_12,ZONE_GATE_A1,2026-07-24 02:50,2506
EVT_OLY_2028_001,VEN_STADIUM_12,ZONE_GATE_A1,2026-07-24 02:55,2507
EVT_OLY_2028_001,VEN_STADIUM_12,ZONE_GATE_A1,2026-07-24 03:00,2508
EVT_OLY_2028_001,VEN_STADIUM_12,ZONE_GATE_A1,2026-07-24 03:05,2509
EVT_OLY_2028_001,VEN_STADIUM_12,ZONE_GATE_A1,2026-07-24 03:10,2510
EVT_OLY_2028_001,VEN_STADIUM_12,ZONE_GATE_A1,2026-07-24 03:15,2511
EVT_OLY_2028_001,VEN_STADIUM_12,ZONE_GATE_A1,2026-07-24 03:20,2512
EVT_OLY_2028_001,VEN_STADIUM_12,ZONE_GATE_A1,2026-07-24 03:25,2513
EVT_OLY_2028_001,VEN_STADIUM_12,ZONE_GATE_A1,2026-07-24 03:30,2514
EVT_OLY_2028_001,VEN_STADIUM_12,ZONE_GATE_A1,2026-07-24 03:35,2515
EVT_OLY_2028_001,VEN_STADIUM_12,ZONE_GATE_A1,2026-07-24 03:40,2516
EVT_OLY_2028_001,VEN_STADIUM_12,ZONE_GATE_A1,2026-07-24 03:45,2517
EVT_OLY_2028_001,VEN_STADIUM_12,ZONE_GATE_A1,2026-07-24 03:50,2518
EVT_OLY_2028_001,VEN_STADIUM_12,ZONE_GATE_A1,2026-07-24 03:55,2519
EVT_OLY_2028_001,VEN_STADIUM_12,ZONE_GATE_A1,2026-07-24 04:00,2520
EVT_OLY_2028_001,VEN_STADIUM_12,ZONE_GATE_A1,2026-07-24 04:05,2521
EVT_OLY_2028_001,VEN_STADIUM_12,ZONE_GATE_A1,2026-07-24 04:10,2522
EVT_OLY_2028_001,VEN_STADIUM_12,ZONE_GATE_A1,2026-07-24 04:15,2523
EVT_OLY_2028_001,VEN_STADIUM_12,ZONE_GATE_A1,2026-07-24 04:20,2524
EVT_OLY_2028_001,VEN_STADIUM_12,ZONE_GATE_A1,2026-07-24 04:25,2525
EVT_OLY_2028_001,VEN_STADIUM_12,ZONE_GATE_A1,2026-07-24 04:30,2526
EVT_OLY_2028_001,VEN_STADIUM_12,ZONE_GATE_A1,2026-07-24 04:35,2527
EVT_OLY_2028_001,VEN_STADIUM_12,ZONE_GATE_A1,2026-07-24 04:40,2528
EVT_OLY_2028_001,VEN_STADIUM_12,ZONE_GATE_A1,2026-07-24 04:45,2529
EVT_OLY_2028_001,VEN_STADIUM_12,ZONE_GATE_A1,2026-07-24 04:50,2530
EVT_OLY_2028_001,VEN_STADIUM_12,ZONE_GATE_A1,2026-07-24 04:55,2531
EVT_OLY_2028_001,VEN_STADIUM_12,ZONE_GATE_A1,2026-07-24 05:00,2532
EVT_OLY_2028_001,VEN_STADIUM_12,ZONE_GATE_A1,2026-07-24 05:05,2533
EVT_OLY_2028_001,VEN_STADIUM_12,ZONE_GATE_A1,2026-07-24 05:10,2534
EVT_OLY_2028_001,VEN_STADIUM_12,ZONE_GATE_A1,2026-07-24 05:15,2535
EVT_OLY_2028_001,VEN_STADIUM_12,ZONE_GATE_A1,2026-07-24 05:20,2536
EVT_OLY_2028_001,VEN_STADIUM_12,ZONE_GATE_A1,2026-07-24 05:25,2537
EVT_OLY_2028_001,VEN_STADIUM_12,ZONE_GATE_A1,2026-07-24 05:30,2538
EVT_OLY_2028_001,VEN_STADIUM_12,ZONE_GATE_A1,2026-07-24 05:35,2539
EVT_OLY_2028_001,VEN_STADIUM_12,ZONE_GATE_A1,2026-07-24 05:40,2540
EVT_OLY_2028_001,VEN_STADIUM_12,ZONE_GATE_A1,2026-07-24 05:45,2541
EVT_OLY_2028_001,VEN_STADIUM_12,ZONE_GATE_A1,2026-07-24 05:50,2542
EVT_OLY_2028_001,VEN_STADIUM_12,ZONE_GATE_A1,2026-07-24 05:55,2543
EVT_OLY_2028_001,VEN_STADIUM_12,ZONE_GATE_A1,2026-07-24 06:00,2544
EVT_OLY_2028_001,VEN_STADIUM_12,ZONE_GATE_A1,2026-07-24 06:05,2545
EVT_OLY_2028_001,VEN_STADIUM_12,ZONE_GATE_A1,2026-07-24 06:10,2546
EVT_OLY_2028_001,VEN_STADIUM_12,ZONE_GATE_A1,2026-07-24 06:15,2547
EVT_OLY_2028_001,VEN_STADIUM_12,ZONE_GATE_A1,2026-07-24 06:20,2548
EVT_OLY_2028_001,VEN_STADIUM_12,ZONE_GATE_A1,2026-07-24 06:25,2549
EVT_OLY_2028_001,VEN_STADIUM_12,ZONE_GATE_A1,2026-07-24 06:30,2550
EVT_OLY_2028_001,VEN_STADIUM_12,ZONE_GATE_A1,2026-07-24 06:35,2551
EVT_OLY_2028_001,VEN_STADIUM_12,ZONE_GATE_A1,2026-07-24 06:40,2552
EVT_OLY_2028_001,VEN_STADIUM_12,ZONE_GATE_A1,2026-07-24 06:45,2553
EVT_OLY_2028_001,VEN_STADIUM_12,ZONE_GATE_A1,2026-07-24 06:50,2554
EVT_OLY_2028_001,VEN_STADIUM_12,ZONE_GATE_A1,2026-07-24 06:55,2555
EVT_OLY_2028_001,VEN_STADIUM_12,ZONE_GATE_A1,2026-07-24 07:00,2556
EVT_OLY_2028_001,VEN_STADIUM_12,ZONE_GATE_A1,2026-07-24 07:05,2557
EVT_OLY_2028_001,VEN_STADIUM_12,ZONE_GATE_A1,2026-07-24 07:10,2558
EVT_OLY_2028_001,VEN_STADIUM_12,ZONE_GATE_A1,2026-07-24 07:15,2559
EVT_OLY_2028_001,VEN_STADIUM_12,ZONE_GATE_A1,2026-07-24 07:20,2560
EVT_OLY_2028_001,VEN_STADIUM_12,ZONE_GATE_A1,2026-07-24 07:25,2561
EVT_OLY_2028_001,VEN_STADIUM_12,ZONE_GATE_A1,2026-07-24 07:30,2562
EVT_OLY_2028_001,VEN_STADIUM_12,ZONE_GATE_A1,2026-07-24 07:35,2563
EVT_OLY_2028_001,VEN_STADIUM_12,ZONE_GATE_A1,2026-07-24 07:40,2564
EVT_OLY_2028_001,VEN_STADIUM_12,ZONE_GATE_A1,2026-07-24 07:45,2565
EVT_OLY_2028_001,VEN_STADIUM_12,ZONE_GATE_A1,2026-07-24 07:50,2566
EVT_OLY_2028_001,VEN_STADIUM_12,ZONE_GATE_A1,2026-07-24 07:55,2567
EVT_OLY_2028_001,VEN_STADIUM_12,ZONE_GATE_A1,2026-07-24 08:00,2568
EVT_OLY_2028_001,VEN_STADIUM_12,ZONE_GATE_A1,2026-07-24 08:05,2569
EVT_OLY_2028_001,VEN_STADIUM_12,ZONE_GATE_A1,2026-07-24 08:10,2570
EVT_OLY_2028_001,VEN_STADIUM_12,ZONE_GATE_A1,2026-07-24 08:15,2571
EVT_OLY_2028_001,VEN_STADIUM_12,ZONE_GATE_A1,2026-07-24 08:20,2572
EVT_OLY_2028_001,VEN_STADIUM_12,ZONE_GATE_A1,2026-07-24 08:25,2573
EVT_OLY_2028_001,VEN_STADIUM_12,ZONE_GATE_A1,2026-07-24 08:30,2574
EVT_OLY_2028_001,VEN_STADIUM_12,ZONE_GATE_A1,2026-07-24 08:35,2575
EVT_OLY_2028_001,VEN_STADIUM_12,ZONE_GATE_A1,2026-07-24 08:40,2576
EVT_OLY_2028_001,VEN_STADIUM_12,ZONE_GATE_A1,2026-07-24 08:45,2577
EVT_OLY_2028_001,VEN_STADIUM_12,ZONE_GATE_A1,2026-07-24 08:50,2578
EVT_OLY_2028_001,VEN_STADIUM_12,ZONE_GATE_A1,2026-07-24 08:55,2579
EVT_OLY_2028_001,VEN_STADIUM_12,ZONE_GATE_A1,2026-07-24 09:00,2580
EVT_OLY_2028_001,VEN_STADIUM_12,ZONE_GATE_A1,2026-07-24 09:05,2581
EVT_OLY_2028_001,VEN_STADIUM_12,ZONE_GATE_A1,2026-07-24 09:10,2582
EVT_OLY_2028_001,VEN_STADIUM_12,ZONE_GATE_A1,2026-07-24 09:15,2583
EVT_OLY_2028_001,VEN_STADIUM_12,ZONE_GATE_A1,2026-07-24 09:20,2584
EVT_OLY_2028_001,VEN_STADIUM_12,ZONE_GATE_A1,2026-07-24 09:25,2585
EVT_OLY_2028_001,VEN_STADIUM_12,ZONE_GATE_A1,2026-07-24 09:30,2586
EVT_OLY_2028_001,VEN_STADIUM_12,ZONE_GATE_A1,2026-07-24 09:35,2587
EVT_OLY_2028_001,VEN_STADIUM_12,ZONE_GATE_A1,2026-07-24 09:40,2588
EVT_OLY_2028_001,VEN_STADIUM_12,ZONE_GATE_A1,2026-07-24 09:45,2589
EVT_OLY_2028_001,VEN_STADIUM_12,ZONE_GATE_A1,2026-07-24 09:50,2590
EVT_OLY_2028_001,VEN_STADIUM_12,ZONE_GATE_A1,2026-07-24 09:55,2591
EVT_OLY_2028_001,VEN_STADIUM_12,ZONE_GATE_A1,2026-07-24 10:00,2592
EVT_OLY_2028_001,VEN_STADIUM_12,ZONE_GATE_A1,2026-07-24 10:05,2593
EVT_OLY_2028_001,VEN_STADIUM_12,ZONE_GATE_A1,2026-07-24 10:10,2594
EVT_OLY_2028_001,VEN_STADIUM_12,ZONE_GATE_A1,2026-07-24 10:15,2595
EVT_OLY_2028_001,VEN_STADIUM_12,ZONE_GATE_A1,2026-07-24 10:20,2596
EVT_OLY_2028_001,VEN_STADIUM_12,ZONE_GATE_A1,2026-07-24 10:25,2597
EVT_OLY_2028_001,VEN_STADIUM_12,ZONE_GATE_A1,2026-07-24 10:30,2598
EVT_OLY_2028_001,VEN_STADIUM_12,ZONE_GATE_A1,2026-07-24 10:35,2599
EVT_OLY_2028_001,VEN_STADIUM_12,ZONE_GATE_A1,2026-07-24 10:40,2600
EVT_OLY_2028_001,VEN_STADIUM_12,ZONE_GATE_A1,2026-07-24 10:45,2601
EVT_OLY_2028_001,VEN_STADIUM_12,ZONE_GATE_A1,2026-07-24 10:50,2602
EVT_OLY_2028_001,VEN_STADIUM_12,ZONE_GATE_A1,2026-07-24 10:55,2603
EVT_OLY_2028_001,VEN_STADIUM_12,ZONE_GATE_A1,2026-07-24 11:00,2604
EVT_OLY_2028_001,VEN_STADIUM_12,ZONE_GATE_A1,2026-07-24 11:05,2605
EVT_OLY_2028_001,VEN_STADIUM_12,ZONE_GATE_A1,2026-07-24 11:10,2606
EVT_OLY_2028_001,VEN_STADIUM_12,ZONE_GATE_A1,2026-07-24 11:15,2607
EVT_OLY_2028_001,VEN_STADIUM_12,ZONE_GATE_A1,2026-07-24 11:20,2608
EVT_OLY_2028_001,VEN_STADIUM_12,ZONE_GATE_A1,2026-07-24 11:25,2609
EVT_OLY_2028_001,VEN_STADIUM_12,ZONE_GATE_A1,2026-07-24 11:30,2610
EVT_OLY_2028_001,VEN_STADIUM_12,ZONE_GATE_A1,2026-07-24 11:35,2611
EVT_OLY_2028_001,VEN_STADIUM_12,ZONE_GATE_A1,2026-07-24 11:40,2612
EVT_OLY_2028_001,VEN_STADIUM_12,ZONE_GATE_A1,2026-07-24 11:45,2613
EVT_OLY_2028_001,VEN_STADIUM_12,ZONE_GATE_A1,2026-07-24 11:50,2614
EVT_OLY_2028_001,VEN_STADIUM_12,ZONE_GATE_A1,2026-07-24 11:55,2615
EVT_OLY_2028_001,VEN_STADIUM_12,ZONE_GATE_A1,2026-07-24 12:00,2616
EVT_OLY_2028_001,VEN_STADIUM_12,ZONE_GATE_A1,2026-07-24 12:05,2617
EVT_OLY_2028_001,VEN_STADIUM_12,ZONE_GATE_A1,2026-07-24 12:10,2618
EVT_OLY_2028_001,VEN_STADIUM_12,ZONE_GATE_A1,2026-07-24 12:15,2619
EVT_OLY_2028_001,VEN_STADIUM_12,ZONE_GATE_A1,2026-07-24 12:20,2620
EVT_OLY_2028_001,VEN_STADIUM_12,ZONE_GATE_A1,2026-07-24 12:25,2621
EVT_OLY_2028_001,VEN_STADIUM_12,ZONE_GATE_A1,2026-07-24 12:30,2622
EVT_OLY_2028_001,VEN_STADIUM_12,ZONE_GATE_A1,2026-07-24 12:35,2623
EVT_OLY_2028_001,VEN_STADIUM_12,ZONE_GATE_A1,2026-07-24 12:40,2624
EVT_OLY_2028_001,VEN_STADIUM_12,ZONE_GATE_A1,2026-07-24 12:45,2625
EVT_OLY_2028_001,VEN_STADIUM_12,ZONE_GATE_A1,2026-07-24 12:50,2626
EVT_OLY_2028_001,VEN_STADIUM_12,ZONE_GATE_A1,2026-07-24 12:55,2627
EVT_OLY_2028_001,VEN_STADIUM_12,ZONE_GATE_A1,2026-07-24 13:00,2628
EVT_OLY_2028_001,VEN_STADIUM_12,ZONE_GATE_A1,2026-07-24 13:05,2629
EVT_OLY_2028_001,VEN_STADIUM_12,ZONE_GATE_A1,2026-07-24 13:10,2630
EVT_OLY_2028_001,VEN_STADIUM_12,ZONE_GATE_A1,2026-07-24 13:15,2631
EVT_OLY_2028_001,VEN_STADIUM_12,ZONE_GATE_A1,2026-07-24 13:20,2632
EVT_OLY_2028_001,VEN_STADIUM_12,ZONE_GATE_A1,2026-07-24 13:25,2633
EVT_OLY_2028_001,VEN_STADIUM_12,ZONE_GATE_A1,2026-07-24 13:30,2634
EVT_OLY_2028_001,VEN_STADIUM_12,ZONE_GATE_A1,2026-07-24 13:35,2635
EVT_OLY_2028_001,VEN_STADIUM_12,ZONE_GATE_A1,2026-07-24 13:40,2636
EVT_OLY_2028_001,VEN_STADIUM_12,ZONE_GATE_A1,2026-07-24 13:45,2637
EVT_OLY_2028_001,VEN_STADIUM_12,ZONE_GATE_A1,2026-07-24 13:50,2638
EVT_OLY_2028_001,VEN_STADIUM_12,ZONE_GATE_A1,2026-07-24 13:55,2639
EVT_OLY_2028_001,VEN_STADIUM_12,ZONE_GATE_A1,2026-07-24 14:00,2640
EVT_OLY_2028_001,VEN_STADIUM_12,ZONE_GATE_A1,2026-07-24 14:05,2641
EVT_OLY_2028_001,VEN_STADIUM_12,ZONE_GATE_A1,2026-07-24 14:10,2642
EVT_OLY_2028_001,VEN_STADIUM_12,ZONE_GATE_A1,2026-07-24 14:15,2643
EVT_OLY_2028_001,VEN_STADIUM_12,ZONE_GATE_A1,2026-07-24 14:20,2644
EVT_OLY_2028_001,VEN_STADIUM_12,ZONE_GATE_A1,2026-07-24 14:25,2645
EVT_OLY_2028_001,VEN_STADIUM_12,ZONE_GATE_A1,2026-07-24 14:30,2646
EVT_OLY_2028_001,VEN_STADIUM_12,ZONE_GATE_A1,2026-07-24 14:35,2647
EVT_OLY_2028_001,VEN_STADIUM_12,ZONE_GATE_A1,2026-07-24 14:40,2648
EVT_OLY_2028_001,VEN_STADIUM_12,ZONE_GATE_A1,2026-07-24 14:45,2649
EVT_OLY_2028_001,VEN_STADIUM_12,ZONE_GATE_A1,2026-07-24 14:50,2650
EVT_OLY_2028_001,VEN_STADIUM_12,ZONE_GATE_A1,2026-07-24 14:55,2651
EVT_OLY_2028_001,VEN_STADIUM_12,ZONE_GATE_A1,2026-07-24 15:00,2652
EVT_OLY_2028_001,VEN_STADIUM_12,ZONE_GATE_A1,2026-07-24 15:05,2653
EVT_OLY_2028_001,VEN_STADIUM_12,ZONE_GATE_A1,2026-07-24 15:10,2654
EVT_OLY_2028_001,VEN_STADIUM_12,ZONE_GATE_A1,2026-07-24 15:15,2655
EVT_OLY_2028_001,VEN_STADIUM_12,ZONE_GATE_A1,2026-07-24 15:20,2656
EVT_OLY_2028_001,VEN_STADIUM_12,ZONE_GATE_A1,2026-07-24 15:25,2657
EVT_OLY_2028_001,VEN_STADIUM_12,ZONE_GATE_A1,2026-07-24 15:30,2658
EVT_OLY_2028_001,VEN_STADIUM_12,ZONE_GATE_A1,2026-07-24 15:35,2659
EVT_OLY_2028_001,VEN_STADIUM_12,ZONE_GATE_A1,2026-07-24 15:40,2660
EVT_OLY_2028_001,VEN_STADIUM_12,ZONE_GATE_A1,2026-07-24 15:45,2661
EVT_OLY_2028_001,VEN_STADIUM_12,ZONE_GATE_A1,2026-07-24 15:50,2662
EVT_OLY_2028_001,VEN_STADIUM_12,ZONE_GATE_A1,2026-07-24 15:55,2663
EVT_OLY_2028_001,VEN_STADIUM_12,ZONE_GATE_A1,2026-07-24 16:00,2664
EVT_OLY_2028_001,VEN_STADIUM_12,ZONE_GATE_A1,2026-07-24 16:05,2665
EVT_OLY_2028_001,VEN_STADIUM_12,ZONE_GATE_A1,2026-07-24 16:10,2666
EVT_OLY_2028_001,VEN_STADIUM_12,ZONE_GATE_A1,2026-07-24 16:15,2667
EVT_OLY_2028_001,VEN_STADIUM_12,ZONE_GATE_A1,2026-07-24 16:20,2668
EVT_OLY_2028_001,VEN_STADIUM_12,ZONE_GATE_A1,2026-07-24 16:25,2669
EVT_OLY_2028_001,VEN_STADIUM_12,ZONE_GATE_A1,2026-07-24 16:30,2670
EVT_OLY_2028_001,VEN_STADIUM_12,ZONE_GATE_A1,2026-07-24 16:35,2671
EVT_OLY_2028_001,VEN_STADIUM_12,ZONE_GATE_A1,2026-07-24 16:40,2672
EVT_OLY_2028_001,VEN_STADIUM_12,ZONE_GATE_A1,2026-07-24 16:45,2673
EVT_OLY_2028_001,VEN_STADIUM_12,ZONE_GATE_A1,2026-07-24 16:50,2674
EVT_OLY_2028_001,VEN_STADIUM_12,ZONE_GATE_A1,2026-07-24 16:55,2675
EVT_OLY_2028_001,VEN_STADIUM_12,ZONE_GATE_A1,2026-07-24 17:00,2676
EVT_OLY_2028_001,VEN_STADIUM_12,ZONE_GATE_A1,2026-07-24 17:05,2677
EVT_OLY_2028_001,VEN_STADIUM_12,ZONE_GATE_A1,2026-07-24 17:10,2678
EVT_OLY_2028_001,VEN_STADIUM_12,ZONE_GATE_A1,2026-07-24 17:15,2679
EVT_OLY_2028_001,VEN_STADIUM_12,ZONE_GATE_A1,2026-07-24 17:20,2680
EVT_OLY_2028_001,VEN_STADIUM_12,ZONE_GATE_A1,2026-07-24 17:25,2681
EVT_OLY_2028_001,VEN_STADIUM_12,ZONE_GATE_A1,2026-07-24 17:30,2682
EVT_OLY_2028_001,VEN_STADIUM_12,ZONE_GATE_A1,2026-07-24 17:35,2683
EVT_OLY_2028_001,VEN_STADIUM_12,ZONE_GATE_A1,2026-07-24 17:40,2684
EVT_OLY_2028_001,VEN_STADIUM_12,ZONE_GATE_A1,2026-07-24 17:45,2685
EVT_OLY_2028_001,VEN_STADIUM_12,ZONE_GATE_A1,2026-07-24 17:50,2686
EVT_OLY_2028_001,VEN_STADIUM_12,ZONE_GATE_A1,2026-07-24 17:55,2687
EVT_OLY_2028_001,VEN_STADIUM_12,ZONE_GATE_A1,2026-07-24 18:00,2688
EVT_OLY_2028_001,VEN_STADIUM_12,ZONE_GATE_A1,2026-07-24 18:05,2689
EVT_OLY_2028_001,VEN_STADIUM_12,ZONE_GATE_A1,2026-07-24 18:10,2690
EVT_OLY_2028_001,VEN_STADIUM_12,ZONE_GATE_A1,2026-07-24 18:15,2691
EVT_OLY_2028_001,VEN_STADIUM_12,ZONE_GATE_A1,2026-07-24 18:20,2692
EVT_OLY_2028_001,VEN_STADIUM_12,ZONE_GATE_A1,2026-07-24 18:25,2693
EVT_OLY_2028_001,VEN_STADIUM_12,ZONE_GATE_A1,2026-07-24 18:30,2694
EVT_OLY_2028_001,VEN_STADIUM_12,ZONE_GATE_A1,2026-07-24 18:35,2695
EVT_OLY_2028_001,VEN_STADIUM_12,ZONE_GATE_A1,2026-07-24 18:40,2696
EVT_OLY_2028_001,VEN_STADIUM_12,ZONE_GATE_A1,2026-07-24 18:45,2697
EVT_OLY_2028_001,VEN_STADIUM_12,ZONE_GATE_A1,2026-07-24 18:50,2698
EVT_OLY_2028_001,VEN_STADIUM_12,ZONE_GATE_A1,2026-07-24 18:55,2699
EVT_OLY_2028_001,VEN_STADIUM_12,ZONE_GATE_A1,2026-07-24 19:00,2700
EVT_OLY_2028_001,VEN_STADIUM_12,ZONE_GATE_A1,2026-07-24 19:05,2701
EVT_OLY_2028_001,VEN_STADIUM_12,ZONE_GATE_A1,2026-07-24 19:10,2702
EVT_OLY_2028_001,VEN_STADIUM_12,ZONE_GATE_A1,2026-07-24 19:15,2703
EVT_OLY_2028_001,VEN_STADIUM_12,ZONE_GATE_A1,2026-07-24 19:20,2704
EVT_OLY_2028_001,VEN_STADIUM_12,ZONE_GATE_A1,2026-07-24 19:25,2705
EVT_OLY_2028_001,VEN_STADIUM_12,ZONE_GATE_A1,2026-07-24 19:30,2706
EVT_OLY_2028_001,VEN_STADIUM_12,ZONE_GATE_A1,2026-07-24 19:35,2707
EVT_OLY_2028_001,VEN_STADIUM_12,ZONE_GATE_A1,2026-07-24 19:40,2708
EVT_OLY_2028_001,VEN_STADIUM_12,ZONE_GATE_A1,2026-07-24 19:45,2709
EVT_OLY_2028_001,VEN_STADIUM_12,ZONE_GATE_A1,2026-07-24 19:50,2710
EVT_OLY_2028_001,VEN_STADIUM_12,ZONE_GATE_A1,2026-07-24 19:55,2711
EVT_OLY_2028_001,VEN_STADIUM_12,ZONE_GATE_A1,2026-07-24 20:00,2712
EVT_OLY_2028_001,VEN_STADIUM_12,ZONE_GATE_A1,2026-07-24 20:05,2713
EVT_OLY_2028_001,VEN_STADIUM_12,ZONE_GATE_A1,2026-07-24 20:10,2714
EVT_OLY_2028_001,VEN_STADIUM_12,ZONE_GATE_A1,2026-07-24 20:15,2715
EVT_OLY_2028_001,VEN_STADIUM_12,ZONE_GATE_A1,2026-07-24 20:20,2716
EVT_OLY_2028_001,VEN_STADIUM_12,ZONE_GATE_A1,2026-07-24 20:25,2717
EVT_OLY_2028_001,VEN_STADIUM_12,ZONE_GATE_A1,2026-07-24 20:30,2718
EVT_OLY_2028_001,VEN_STADIUM_12,ZONE_GATE_A1,2026-07-24 20:35,2719
EVT_OLY_2028_001,VEN_STADIUM_12,ZONE_GATE_A1,2026-07-24 20:40,2720
EVT_OLY_2028_001,VEN_STADIUM_12,ZONE_GATE_A1,2026-07-24 20:45,2721
EVT_OLY_2028_001,VEN_STADIUM_12,ZONE_GATE_A1,2026-07-24 20:50,2722
EVT_OLY_2028_001,VEN_STADIUM_12,ZONE_GATE_A1,2026-07-24 20:55,2723
EVT_OLY_2028_001,VEN_STADIUM_12,ZONE_GATE_A1,2026-07-24 21:00,2724
EVT_OLY_2028_001,VEN_STADIUM_12,ZONE_GATE_A1,2026-07-24 21:05,2725
EVT_OLY_2028_001,VEN_STADIUM_12,ZONE_GATE_A1,2026-07-24 21:10,2726
EVT_OLY_2028_001,VEN_STADIUM_12,ZONE_GATE_A1,2026-07-24 21:15,2727
EVT_OLY_2028_001,VEN_STADIUM_12,ZONE_GATE_A1,2026-07-24 21:20,2728
EVT_OLY_2028_001,VEN_STADIUM_12,ZONE_GATE_A1,2026-07-24 21:25,2729
EVT_OLY_2028_001,VEN_STADIUM_12,ZONE_GATE_A1,2026-07-24 21:30,2730
EVT_OLY_2028_001,VEN_STADIUM_12,ZONE_GATE_A1,2026-07-24 21:35,2731
EVT_OLY_2028_001,VEN_STADIUM_12,ZONE_GATE_A1,2026-07-24 21:40,2732
EVT_OLY_2028_001,VEN_STADIUM_12,ZONE_GATE_A1,2026-07-24 21:45,2733
EVT_OLY_2028_001,VEN_STADIUM_12,ZONE_GATE_A1,2026-07-24 21:50,2734
EVT_OLY_2028_001,VEN_STADIUM_12,ZONE_GATE_A1,2026-07-24 21:55,2735
EVT_OLY_2028_001,VEN_STADIUM_12,ZONE_GATE_A1,2026-07-24 22:00,2736
EVT_OLY_2028_001,VEN_STADIUM_12,ZONE_GATE_A1,2026-07-24 22:05,2737
EVT_OLY_2028_001,VEN_STADIUM_12,ZONE_GATE_A1,2026-07-24 22:10,2738
EVT_OLY_2028_001,VEN_STADIUM_12,ZONE_GATE_A1,2026-07-24 22:15,2739
EVT_OLY_2028_001,VEN_STADIUM_12,ZONE_GATE_A1,2026-07-24 22:20,2740
EVT_OLY_2028_001,VEN_STADIUM_12,ZONE_GATE_A1,2026-07-24 22:25,2741
EVT_OLY_2028_001,VEN_STADIUM_12,ZONE_GATE_A1,2026-07-24 22:30,2742
EVT_OLY_2028_001,VEN_STADIUM_12,ZONE_GATE_A1,2026-07-24 22:35,2743
EVT_OLY_2028_001,VEN_STADIUM_12,ZONE_GATE_A1,2026-07-24 22:40,2744
EVT_OLY_2028_001,VEN_STADIUM_12,ZONE_GATE_A1,2026-07-24 22:45,2745
EVT_OLY_2028_001,VEN_STADIUM_12,ZONE_GATE_A1,2026-07-24 22:50,2746
EVT_OLY_2028_001,VEN_STADIUM_12,ZONE_GATE_A1,2026-07-24 22:55,2747
EVT_OLY_2028_001,VEN_STADIUM_12,ZONE_GATE_A1,2026-07-24 23:00,2748
EVT_OLY_2028_001,VEN_STADIUM_12,ZONE_GATE_A1,2026-07-24 23:05,2749
EVT_OLY_2028_001,VEN_STADIUM_12,ZONE_GATE_A1,2026-07-24 23:10,2750
EVT_OLY_2028_001,VEN_STADIUM_12,ZONE_GATE_A1,2026-07-24 23:15,2751
EVT_OLY_2028_001,VEN_STADIUM_12,ZONE_GATE_A1,2026-07-24 23:20,2752
EVT_OLY_2028_001,VEN_STADIUM_12,ZONE_GATE_A1,2026-07-24 23:25,2753
EVT_OLY_2028_001,VEN_STADIUM_12,ZONE_GATE_A1,2026-07-24 23:30,2754
EVT_OLY_2028_001,VEN_STADIUM_12,ZONE_GATE_A1,2026-07-24 23:35,2755
EVT_OLY_2028_001,VEN_STADIUM_12,ZONE_GATE_A1,2026-07-24 23:40,2756
EVT_OLY_2028_001,VEN_STADIUM_12,ZONE_GATE_A1,2026-07-24 23:45,2757
EVT_OLY_2028_001,VEN_STADIUM_12,ZONE_GATE_A1,2026-07-24 23:50,2758
EVT_OLY_2028_001,VEN_STADIUM_12,ZONE_GATE_A1,2026-07-24 23:55,2759
EVT_OLY_2028_001,VEN_STADIUM_12,ZONE_GATE_A1,2026-07-25 00:00,2760
EVT_OLY_2028_001,VEN_STADIUM_12,ZONE_GATE_A1,2026-07-25 00:05,2761
EVT_OLY_2028_001,VEN_STADIUM_12,ZONE_GATE_A1,2026-07-25 00:10,2762
EVT_OLY_2028_001,VEN_STADIUM_12,ZONE_GATE_A1,2026-07-25 00:15,2763
EVT_OLY_2028_001,VEN_STADIUM_12,ZONE_GATE_A1,2026-07-25 00:20,2764
EVT_OLY_2028_001,VEN_STADIUM_12,ZONE_GATE_A1,2026-07-25 00:25,2765
EVT_OLY_2028_001,VEN_STADIUM_12,ZONE_GATE_A1,2026-07-25 00:30,2766
EVT_OLY_2028_001,VEN_STADIUM_12,ZONE_GATE_A1,2026-07-25 00:35,2767
EVT_OLY_2028_001,VEN_STADIUM_12,ZONE_GATE_A1,2026-07-25 00:40,2768
EVT_OLY_2028_001,VEN_STADIUM_12,ZONE_GATE_A1,2026-07-25 00:45,2769
EVT_OLY_2028_001,VEN_STADIUM_12,ZONE_GATE_A1,2026-07-25 00:50,2770
EVT_OLY_2028_001,VEN_STADIUM_12,ZONE_GATE_A1,2026-07-25 00:55,2771
EVT_OLY_2028_001,VEN_STADIUM_12,ZONE_GATE_A1,2026-07-25 01:00,2772
EVT_OLY_2028_001,VEN_STADIUM_12,ZONE_GATE_A1,2026-07-25 01:05,2773
EVT_OLY_2028_001,VEN_STADIUM_12,ZONE_GATE_A1,2026-07-25 01:10,2774
EVT_OLY_2028_001,VEN_STADIUM_12,ZONE_GATE_A1,2026-07-25 01:15,2775
EVT_OLY_2028_001,VEN_STADIUM_12,ZONE_GATE_A1,2026-07-25 01:20,2776
EVT_OLY_2028_001,VEN_STADIUM_12,ZONE_GATE_A1,2026-07-25 01:25,2777
EVT_OLY_2028_001,VEN_STADIUM_12,ZONE_GATE_A1,2026-07-25 01:30,2778
EVT_OLY_2028_001,VEN_STADIUM_12,ZONE_GATE_A1,2026-07-25 01:35,2779
EVT_OLY_2028_001,VEN_STADIUM_12,ZONE_GATE_A1,2026-07-25 01:40,2780
EVT_OLY_2028_001,VEN_STADIUM_12,ZONE_GATE_A1,2026-07-25 01:45,2781
EVT_OLY_2028_001,VEN_STADIUM_12,ZONE_GATE_A1,2026-07-25 01:50,2782
EVT_OLY_2028_001,VEN_STADIUM_12,ZONE_GATE_A1,2026-07-25 01:55,2783
EVT_OLY_2028_001,VEN_STADIUM_12,ZONE_GATE_A1,2026-07-25 02:00,2784
EVT_OLY_2028_001,VEN_STADIUM_12,ZONE_GATE_A1,2026-07-25 02:05,2785
EVT_OLY_2028_001,VEN_STADIUM_12,ZONE_GATE_A1,2026-07-25 02:10,2786
EVT_OLY_2028_001,VEN_STADIUM_12,ZONE_GATE_A1,2026-07-25 02:15,2787
EVT_OLY_2028_001,VEN_STADIUM_12,ZONE_GATE_A1,2026-07-25 02:20,2788
EVT_OLY_2028_001,VEN_STADIUM_12,ZONE_GATE_A1,2026-07-25 02:25,2789
EVT_OLY_2028_001,VEN_STADIUM_12,ZONE_GATE_A1,2026-07-25 02:30,2790
EVT_OLY_2028_001,VEN_STADIUM_12,ZONE_GATE_A1,2026-07-25 02:35,2791
EVT_OLY_2028_001,VEN_STADIUM_12,ZONE_GATE_A1,2026-07-25 02:40,2792
EVT_OLY_2028_001,VEN_STADIUM_12,ZONE_GATE_A1,2026-07-25 02:45,2793
EVT_OLY_2028_001,VEN_STADIUM_12,ZONE_GATE_A1,2026-07-25 02:50,2794
EVT_OLY_2028_001,VEN_STADIUM_12,ZONE_GATE_A1,2026-07-25 02:55,2795
EVT_OLY_2028_001,VEN_STADIUM_12,ZONE_GATE_A1,2026-07-25 03:00,2796
EVT_OLY_2028_001,VEN_STADIUM_12,ZONE_GATE_A1,2026-07-25 03:05,2797
EVT_OLY_2028_001,VEN_STADIUM_12,ZONE_GATE_A1,2026-07-25 03:10,2798
EVT_OLY_2028_001,VEN_STADIUM_12,ZONE_GATE_A1,2026-07-25 03:15,2799
EVT_OLY_2028_001,VEN_STADIUM_12,ZONE_GATE_A1,2026-07-25 03:20,2800
EVT_OLY_2028_001,VEN_STADIUM_12,ZONE_GATE_A1,2026-07-25 03:25,2801
EVT_OLY_2028_001,VEN_STADIUM_12,ZONE_GATE_A1,2026-07-25 03:30,2802
EVT_OLY_2028_001,VEN_STADIUM_12,ZONE_GATE_A1,2026-07-25 03:35,2803
EVT_OLY_2028_001,VEN_STADIUM_12,ZONE_GATE_A1,2026-07-25 03:40,2804
EVT_OLY_2028_001,VEN_STADIUM_12,ZONE_GATE_A1,2026-07-25 03:45,2805
EVT_OLY_2028_001,VEN_STADIUM_12,ZONE_GATE_A1,2026-07-25 03:50,2806
EVT_OLY_2028_001,VEN_STADIUM_12,ZONE_GATE_A1,2026-07-25 03:55,2807
EVT_OLY_2028_001,VEN_STADIUM_12,ZONE_GATE_A1,2026-07-25 04:00,2808
EVT_OLY_2028_001,VEN_STADIUM_12,ZONE_GATE_A1,2026-07-25 04:05,2809
EVT_OLY_2028_001,VEN_STADIUM_12,ZONE_GATE_A1,2026-07-25 04:10,2810
EVT_OLY_2028_001,VEN_STADIUM_12,ZONE_GATE_A1,2026-07-25 04:15,2811
EVT_OLY_2028_001,VEN_STADIUM_12,ZONE_GATE_A1,2026-07-25 04:20,2812
EVT_OLY_2028_001,VEN_STADIUM_12,ZONE_GATE_A1,2026-07-25 04:25,2813
EVT_OLY_2028_001,VEN_STADIUM_12,ZONE_GATE_A1,2026-07-25 04:30,2814
EVT_OLY_2028_001,VEN_STADIUM_12,ZONE_GATE_A1,2026-07-25 04:35,2815
EVT_OLY_2028_001,VEN_STADIUM_12,ZONE_GATE_A1,2026-07-25 04:40,2816
EVT_OLY_2028_001,VEN_STADIUM_12,ZONE_GATE_A1,2026-07-25 04:45,2817
EVT_OLY_2028_001,VEN_STADIUM_12,ZONE_GATE_A1,2026-07-25 04:50,2818
EVT_OLY_2028_001,VEN_STADIUM_12,ZONE_GATE_A1,2026-07-25 04:55,2819
EVT_OLY_2028_001,VEN_STADIUM_12,ZONE_GATE_A1,2026-07-25 05:00,2820
EVT_OLY_2028_001,VEN_STADIUM_12,ZONE_GATE_A1,2026-07-25 05:05,2821
EVT_OLY_2028_001,VEN_STADIUM_12,ZONE_GATE_A1,2026-07-25 05:10,2822
EVT_OLY_2028_001,VEN_STADIUM_12,ZONE_GATE_A1,2026-07-25 05:15,2823
EVT_OLY_2028_001,VEN_STADIUM_12,ZONE_GATE_A1,2026-07-25 05:20,2824
EVT_OLY_2028_001,VEN_STADIUM_12,ZONE_GATE_A1,2026-07-25 05:25,2825
EVT_OLY_2028_001,VEN_STADIUM_12,ZONE_GATE_A1,2026-07-25 05:30,2826
EVT_OLY_2028_001,VEN_STADIUM_12,ZONE_GATE_A1,2026-07-25 05:35,2827
EVT_OLY_2028_001,VEN_STADIUM_12,ZONE_GATE_A1,2026-07-25 05:40,2828
EVT_OLY_2028_001,VEN_STADIUM_12,ZONE_GATE_A1,2026-07-25 05:45,2829
EVT_OLY_2028_001,VEN_STADIUM_12,ZONE_GATE_A1,2026-07-25 05:50,2830
EVT_OLY_2028_001,VEN_STADIUM_12,ZONE_GATE_A1,2026-07-25 05:55,2831
EVT_OLY_2028_001,VEN_STADIUM_12,ZONE_GATE_A1,2026-07-25 06:00,2832
EVT_OLY_2028_001,VEN_STADIUM_12,ZONE_GATE_A1,2026-07-25 06:05,2833
EVT_OLY_2028_001,VEN_STADIUM_12,ZONE_GATE_A1,2026-07-25 06:10,2834
EVT_OLY_2028_001,VEN_STADIUM_12,ZONE_GATE_A1,2026-07-25 06:15,2835
EVT_OLY_2028_001,VEN_STADIUM_12,ZONE_GATE_A1,2026-07-25 06:20,2836
EVT_OLY_2028_001,VEN_STADIUM_12,ZONE_GATE_A1,2026-07-25 06:25,2837
EVT_OLY_2028_001,VEN_STADIUM_12,ZONE_GATE_A1,2026-07-25 06:30,2838
EVT_OLY_2028_001,VEN_STADIUM_12,ZONE_GATE_A1,2026-07-25 06:35,2839
EVT_OLY_2028_001,VEN_STADIUM_12,ZONE_GATE_A1,2026-07-25 06:40,2840
EVT_OLY_2028_001,VEN_STADIUM_12,ZONE_GATE_A1,2026-07-25 06:45,2841
EVT_OLY_2028_001,VEN_STADIUM_12,ZONE_GATE_A1,2026-07-25 06:50,2842
EVT_OLY_2028_001,VEN_STADIUM_12,ZONE_GATE_A1,2026-07-25 06:55,2843
EVT_OLY_2028_001,VEN_STADIUM_12,ZONE_GATE_A1,2026-07-25 07:00,2844
EVT_OLY_2028_001,VEN_STADIUM_12,ZONE_GATE_A1,2026-07-25 07:05,2845
EVT_OLY_2028_001,VEN_STADIUM_12,ZONE_GATE_A1,2026-07-25 07:10,2846
EVT_OLY_2028_001,VEN_STADIUM_12,ZONE_GATE_A1,2026-07-25 07:15,2847
EVT_OLY_2028_001,VEN_STADIUM_12,ZONE_GATE_A1,2026-07-25 07:20,2848
EVT_OLY_2028_001,VEN_STADIUM_12,ZONE_GATE_A1,2026-07-25 07:25,2849
EVT_OLY_2028_001,VEN_STADIUM_12,ZONE_GATE_A1,2026-07-25 07:30,2850
EVT_OLY_2028_001,VEN_STADIUM_12,ZONE_GATE_A1,2026-07-25 07:35,2851
EVT_OLY_2028_001,VEN_STADIUM_12,ZONE_GATE_A1,2026-07-25 07:40,2852
EVT_OLY_2028_001,VEN_STADIUM_12,ZONE_GATE_A1,2026-07-25 07:45,2853
EVT_OLY_2028_001,VEN_STADIUM_12,ZONE_GATE_A1,2026-07-25 07:50,2854
EVT_OLY_2028_001,VEN_STADIUM_12,ZONE_GATE_A1,2026-07-25 07:55,2855
EVT_OLY_2028_001,VEN_STADIUM_12,ZONE_GATE_A1,2026-07-25 08:00,2856
EVT_OLY_2028_001,VEN_STADIUM_12,ZONE_GATE_A1,2026-07-25 08:05,2857
EVT_OLY_2028_001,VEN_STADIUM_12,ZONE_GATE_A1,2026-07-25 08:10,2858
EVT_OLY_2028_001,VEN_STADIUM_12,ZONE_GATE_A1,2026-07-25 08:15,2859
EVT_OLY_2028_001,VEN_STADIUM_12,ZONE_GATE_A1,2026-07-25 08:20,2860
EVT_OLY_2028_001,VEN_STADIUM_12,ZONE_GATE_A1,2026-07-25 08:25,2861
EVT_OLY_2028_001,VEN_STADIUM_12,ZONE_GATE_A1,2026-07-25 08:30,2862
EVT_OLY_2028_001,VEN_STADIUM_12,ZONE_GATE_A1,2026-07-25 08:35,2863
EVT_OLY_2028_001,VEN_STADIUM_12,ZONE_GATE_A1,2026-07-25 08:40,2864
EVT_OLY_2028_001,VEN_STADIUM_12,ZONE_GATE_A1,2026-07-25 08:45,2865
EVT_OLY_2028_001,VEN_STADIUM_12,ZONE_GATE_A1,2026-07-25 08:50,2866
EVT_OLY_2028_001,VEN_STADIUM_12,ZONE_GATE_A1,2026-07-25 08:55,2867
EVT_OLY_2028_001,VEN_STADIUM_12,ZONE_GATE_A1,2026-07-25 09:00,2868
EVT_OLY_2028_001,VEN_STADIUM_12,ZONE_GATE_A1,2026-07-25 09:05,2869
EVT_OLY_2028_001,VEN_STADIUM_12,ZONE_GATE_A1,2026-07-25 09:10,2870
EVT_OLY_2028_001,VEN_STADIUM_12,ZONE_GATE_A1,2026-07-25 09:15,2871
EVT_OLY_2028_001,VEN_STADIUM_12,ZONE_GATE_A1,2026-07-25 09:20,2872
EVT_OLY_2028_001,VEN_STADIUM_12,ZONE_GATE_A1,2026-07-25 09:25,2873
EVT_OLY_2028_001,VEN_STADIUM_12,ZONE_GATE_A1,2026-07-25 09:30,2874
EVT_OLY_2028_001,VEN_STADIUM_12,ZONE_GATE_A1,2026-07-25 09:35,2875
EVT_OLY_2028_001,VEN_STADIUM_12,ZONE_GATE_A1,2026-07-25 09:40,2876
EVT_OLY_2028_001,VEN_STADIUM_12,ZONE_GATE_A1,2026-07-25 09:45,2877
EVT_OLY_2028_001,VEN_STADIUM_12,ZONE_GATE_A1,2026-07-25 09:50,2878
EVT_OLY_2028_001,VEN_STADIUM_12,ZONE_GATE_A1,2026-07-25 09:55,2879
EVT_OLY_2028_001,VEN_STADIUM_12,ZONE_GATE_A1,2026-07-25 10:00,2880
EVT_OLY_2028_001,VEN_STADIUM_12,ZONE_GATE_A1,2026-07-25 10:05,2881
EVT_OLY_2028_001,VEN_STADIUM_12,ZONE_GATE_A1,2026-07-25 10:10,2882
EVT_OLY_2028_001,VEN_STADIUM_12,ZONE_GATE_A1,2026-07-25 10:15,2883
EVT_OLY_2028_001,VEN_STADIUM_12,ZONE_GATE_A1,2026-07-25 10:20,2884
EVT_OLY_2028_001,VEN_STADIUM_12,ZONE_GATE_A1,2026-07-25 10:25,2885
EVT_OLY_2028_001,VEN_STADIUM_12,ZONE_GATE_A1,2026-07-25 10:30,2886
EVT_OLY_2028_001,VEN_STADIUM_12,ZONE_GATE_A1,2026-07-25 10:35,2887
EVT_OLY_2028_001,VEN_STADIUM_12,ZONE_GATE_A1,2026-07-25 10:40,2888
EVT_OLY_2028_001,VEN_STADIUM_12,ZONE_GATE_A1,2026-07-25 10:45,2889
EVT_OLY_2028_001,VEN_STADIUM_12,ZONE_GATE_A1,2026-07-25 10:50,2890
EVT_OLY_2028_001,VEN_STADIUM_12,ZONE_GATE_A1,2026-07-25 10:55,2891
EVT_OLY_2028_001,VEN_STADIUM_12,ZONE_GATE_A1,2026-07-25 11:00,2892
EVT_OLY_2028_001,VEN_STADIUM_12,ZONE_GATE_A1,2026-07-25 11:05,2893
EVT_OLY_2028_001,VEN_STADIUM_12,ZONE_GATE_A1,2026-07-25 11:10,2894
EVT_OLY_2028_001,VEN_STADIUM_12,ZONE_GATE_A1,2026-07-25 11:15,2895
EVT_OLY_2028_001,VEN_STADIUM_12,ZONE_GATE_A1,2026-07-25 11:20,2896
EVT_OLY_2028_001,VEN_STADIUM_12,ZONE_GATE_A1,2026-07-25 11:25,2897
EVT_OLY_2028_001,VEN_STADIUM_12,ZONE_GATE_A1,2026-07-25 11:30,2898
EVT_OLY_2028_001,VEN_STADIUM_12,ZONE_GATE_A1,2026-07-25 11:35,2899
EVT_OLY_2028_001,VEN_STADIUM_12,ZONE_GATE_A1,2026-07-25 11:40,2900
EVT_OLY_2028_001,VEN_STADIUM_12,ZONE_GATE_A1,2026-07-25 11:45,2901
EVT_OLY_2028_001,VEN_STADIUM_12,ZONE_GATE_A1,2026-07-25 11:50,2902
EVT_OLY_2028_001,VEN_STADIUM_12,ZONE_GATE_A1,2026-07-25 11:55,2903
EVT_OLY_2028_001,VEN_STADIUM_12,ZONE_GATE_A1,2026-07-25 12:00,2904
EVT_OLY_2028_001,VEN_STADIUM_12,ZONE_GATE_A1,2026-07-25 12:05,2905
EVT_OLY_2028_001,VEN_STADIUM_12,ZONE_GATE_A1,2026-07-25 12:10,2906
EVT_OLY_2028_001,VEN_STADIUM_12,ZONE_GATE_A1,2026-07-25 12:15,2907
EVT_OLY_2028_001,VEN_STADIUM_12,ZONE_GATE_A1,2026-07-25 12:20,2908
EVT_OLY_2028_001,VEN_STADIUM_12,ZONE_GATE_A1,2026-07-25 12:25,2909
EVT_OLY_2028_001,VEN_STADIUM_12,ZONE_GATE_A1,2026-07-25 12:30,2910
EVT_OLY_2028_001,VEN_STADIUM_12,ZONE_GATE_A1,2026-07-25 12:35,2911
EVT_OLY_2028_001,VEN_STADIUM_12,ZONE_GATE_A1,2026-07-25 12:40,2912
EVT_OLY_2028_001,VEN_STADIUM_12,ZONE_GATE_A1,2026-07-25 12:45,2913
EVT_OLY_2028_001,VEN_STADIUM_12,ZONE_GATE_A1,2026-07-25 12:50,2914
EVT_OLY_2028_001,VEN_STADIUM_12,ZONE_GATE_A1,2026-07-25 12:55,2915
EVT_OLY_2028_001,VEN_STADIUM_12,ZONE_GATE_A1,2026-07-25 13:00,2916
EVT_OLY_2028_001,VEN_STADIUM_12,ZONE_GATE_A1,2026-07-25 13:05,2917
EVT_OLY_2028_001,VEN_STADIUM_12,ZONE_GATE_A1,2026-07-25 13:10,2918
EVT_OLY_2028_001,VEN_STADIUM_12,ZONE_GATE_A1,2026-07-25 13:15,2919
EVT_OLY_2028_001,VEN_STADIUM_12,ZONE_GATE_A1,2026-07-25 13:20,2920
EVT_OLY_2028_001,VEN_STADIUM_12,ZONE_GATE_A1,2026-07-25 13:25,2921
EVT_OLY_2028_001,VEN_STADIUM_12,ZONE_GATE_A1,2026-07-25 13:30,2922
EVT_OLY_2028_001,VEN_STADIUM_12,ZONE_GATE_A1,2026-07-25 13:35,2923
EVT_OLY_2028_001,VEN_STADIUM_12,ZONE_GATE_A1,2026-07-25 13:40,2924
EVT_OLY_2028_001,VEN_STADIUM_12,ZONE_GATE_A1,2026-07-25 13:45,2925
EVT_OLY_2028_001,VEN_STADIUM_12,ZONE_GATE_A1,2026-07-25 13:50,2926
EVT_OLY_2028_001,VEN_STADIUM_12,ZONE_GATE_A1,2026-07-25 13:55,2927
EVT_OLY_2028_001,VEN_STADIUM_12,ZONE_GATE_A1,2026-07-25 14:00,2928
EVT_OLY_2028_001,VEN_STADIUM_12,ZONE_GATE_A1,2026-07-25 14:05,2929
EVT_OLY_2028_001,VEN_STADIUM_12,ZONE_GATE_A1,2026-07-25 14:10,2930
EVT_OLY_2028_001,VEN_STADIUM_12,ZONE_GATE_A1,2026-07-25 14:15,2931
EVT_OLY_2028_001,VEN_STADIUM_12,ZONE_GATE_A1,2026-07-25 14:20,2932
EVT_OLY_2028_001,VEN_STADIUM_12,ZONE_GATE_A1,2026-07-25 14:25,2933
EVT_OLY_2028_001,VEN_STADIUM_12,ZONE_GATE_A1,2026-07-25 14:30,2934
EVT_OLY_2028_001,VEN_STADIUM_12,ZONE_GATE_A1,2026-07-25 14:35,2935
EVT_OLY_2028_001,VEN_STADIUM_12,ZONE_GATE_A1,2026-07-25 14:40,2936
EVT_OLY_2028_001,VEN_STADIUM_12,ZONE_GATE_A1,2026-07-25 14:45,2937
EVT_OLY_2028_001,VEN_STADIUM_12,ZONE_GATE_A1,2026-07-25 14:50,2938
EVT_OLY_2028_001,VEN_STADIUM_12,ZONE_GATE_A1,2026-07-25 14:55,2939
EVT_OLY_2028_001,VEN_STADIUM_12,ZONE_GATE_A1,2026-07-25 15:00,2940
EVT_OLY_2028_001,VEN_STADIUM_12,ZONE_GATE_A1,2026-07-25 15:05,2941
EVT_OLY_2028_001,VEN_STADIUM_12,ZONE_GATE_A1,2026-07-25 15:10,2942
EVT_OLY_2028_001,VEN_STADIUM_12,ZONE_GATE_A1,2026-07-25 15:15,2943
EVT_OLY_2028_001,VEN_STADIUM_12,ZONE_GATE_A1,2026-07-25 15:20,2944
EVT_OLY_2028_001,VEN_STADIUM_12,ZONE_GATE_A1,2026-07-25 15:25,2945
EVT_OLY_2028_001,VEN_STADIUM_12,ZONE_GATE_A1,2026-07-25 15:30,2946
EVT_OLY_2028_001,VEN_STADIUM_12,ZONE_GATE_A1,2026-07-25 15:35,2947
EVT_OLY_2028_001,VEN_STADIUM_12,ZONE_GATE_A1,2026-07-25 15:40,2948
EVT_OLY_2028_001,VEN_STADIUM_12,ZONE_GATE_A1,2026-07-25 15:45,2949
EVT_OLY_2028_001,VEN_STADIUM_12,ZONE_GATE_A1,2026-07-25 15:50,2950
EVT_OLY_2028_001,VEN_STADIUM_12,ZONE_GATE_A1,2026-07-25 15:55,2951
EVT_OLY_2028_001,VEN_STADIUM_12,ZONE_GATE_A1,2026-07-25 16:00,2952
EVT_OLY_2028_001,VEN_STADIUM_12,ZONE_GATE_A1,2026-07-25 16:05,2953
EVT_OLY_2028_001,VEN_STADIUM_12,ZONE_GATE_A1,2026-07-25 16:10,2954
EVT_OLY_2028_001,VEN_STADIUM_12,ZONE_GATE_A1,2026-07-25 16:15,2955
EVT_OLY_2028_001,VEN_STADIUM_12,ZONE_GATE_A1,2026-07-25 16:20,2956
EVT_OLY_2028_001,VEN_STADIUM_12,ZONE_GATE_A1,2026-07-25 16:25,2957
EVT_OLY_2028_001,VEN_STADIUM_12,ZONE_GATE_A1,2026-07-25 16:30,2958
EVT_OLY_2028_001,VEN_STADIUM_12,ZONE_GATE_A1,2026-07-25 16:35,2959
EVT_OLY_2028_001,VEN_STADIUM_12,ZONE_GATE_A1,2026-07-25 16:40,2960
EVT_OLY_2028_001,VEN_STADIUM_12,ZONE_GATE_A1,2026-07-25 16:45,2961
EVT_OLY_2028_001,VEN_STADIUM_12,ZONE_GATE_A1,2026-07-25 16:50,2962
EVT_OLY_2028_001,VEN_STADIUM_12,ZONE_GATE_A1,2026-07-25 16:55,2963
EVT_OLY_2028_001,VEN_STADIUM_12,ZONE_GATE_A1,2026-07-25 17:00,2964
EVT_OLY_2028_001,VEN_STADIUM_12,ZONE_GATE_A1,2026-07-25 17:05,2965
EVT_OLY_2028_001,VEN_STADIUM_12,ZONE_GATE_A1,2026-07-25 17:10,2966
EVT_OLY_2028_001,VEN_STADIUM_12,ZONE_GATE_A1,2026-07-25 17:15,2967
EVT_OLY_2028_001,VEN_STADIUM_12,ZONE_GATE_A1,2026-07-25 17:20,2968
EVT_OLY_2028_001,VEN_STADIUM_12,ZONE_GATE_A1,2026-07-25 17:25,2969
EVT_OLY_2028_001,VEN_STADIUM_12,ZONE_GATE_A1,2026-07-25 17:30,2970
EVT_OLY_2028_001,VEN_STADIUM_12,ZONE_GATE_A1,2026-07-25 17:35,2971
EVT_OLY_2028_001,VEN_STADIUM_12,ZONE_GATE_A1,2026-07-25 17:40,2972
EVT_OLY_2028_001,VEN_STADIUM_12,ZONE_GATE_A1,2026-07-25 17:45,2973
EVT_OLY_2028_001,VEN_STADIUM_12,ZONE_GATE_A1,2026-07-25 17:50,2974
EVT_OLY_2028_001,VEN_STADIUM_12,ZONE_GATE_A1,2026-07-25 17:55,2975
EVT_OLY_2028_001,VEN_STADIUM_12,ZONE_GATE_A1,2026-07-25 18:00,2976
EVT_OLY_2028_001,VEN_STADIUM_12,ZONE_GATE_A1,2026-07-25 18:05,2977
EVT_OLY_2028_001,VEN_STADIUM_12,ZONE_GATE_A1,2026-07-25 18:10,2978
EVT_OLY_2028_001,VEN_STADIUM_12,ZONE_GATE_A1,2026-07-25 18:15,2979
EVT_OLY_2028_001,VEN_STADIUM_12,ZONE_GATE_A1,2026-07-25 18:20,2980
EVT_OLY_2028_001,VEN_STADIUM_12,ZONE_GATE_A1,2026-07-25 18:25,2981
EVT_OLY_2028_001,VEN_STADIUM_12,ZONE_GATE_A1,2026-07-25 18:30,2982
EVT_OLY_2028_001,VEN_STADIUM_12,ZONE_GATE_A1,2026-07-25 18:35,2983
EVT_OLY_2028_001,VEN_STADIUM_12,ZONE_GATE_A1,2026-07-25 18:40,2984
EVT_OLY_2028_001,VEN_STADIUM_12,ZONE_GATE_A1,2026-07-25 18:45,2985
EVT_OLY_2028_001,VEN_STADIUM_12,ZONE_GATE_A1,2026-07-25 18:50,2986
EVT_OLY_2028_001,VEN_STADIUM_12,ZONE_GATE_A1,2026-07-25 18:55,2987
EVT_OLY_2028_001,VEN_STADIUM_12,ZONE_GATE_A1,2026-07-25 19:00,2988
EVT_OLY_2028_001,VEN_STADIUM_12,ZONE_GATE_A1,2026-07-25 19:05,2989
EVT_OLY_2028_001,VEN_STADIUM_12,ZONE_GATE_A1,2026-07-25 19:10,2990
EVT_OLY_2028_001,VEN_STADIUM_12,ZONE_GATE_A1,2026-07-25 19:15,2991
EVT_OLY_2028_001,VEN_STADIUM_12,ZONE_GATE_A1,2026-07-25 19:20,2992
EVT_OLY_2028_001,VEN_STADIUM_12,ZONE_GATE_A1,2026-07-25 19:25,2993
EVT_OLY_2028_001,VEN_STADIUM_12,ZONE_GATE_A1,2026-07-25 19:30,2994
EVT_OLY_2028_001,VEN_STADIUM_12,ZONE_GATE_A1,2026-07-25 19:35,2995
EVT_OLY_2028_001,VEN_STADIUM_12,ZONE_GATE_A1,2026-07-25 19:40,2996
EVT_OLY_2028_001,VEN_STADIUM_12,ZONE_GATE_A1,2026-07-25 19:45,2997
EVT_OLY_2028_001,VEN_STADIUM_12,ZONE_GATE_A1,2026-07-25 19:50,2998
EVT_OLY_2028_001,VEN_STADIUM_12,ZONE_GATE_A1,2026-07-25 19:55,2999
EVT_OLY_2028_001,VEN_STADIUM_12,ZONE_GATE_A1,2026-07-25 20:00,3000
EVT_OLY_2028_001,VEN_STADIUM_12,ZONE_GATE_A1,2026-07-25 20:05,3001
EVT_OLY_2028_001,VEN_STADIUM_12,ZONE_GATE_A1,2026-07-25 20:10,3002
EVT_OLY_2028_001,VEN_STADIUM_12,ZONE_GATE_A1,2026-07-25 20:15,3003
EVT_OLY_2028_001,VEN_STADIUM_12,ZONE_GATE_A1,2026-07-25 20:20,3004
EVT_OLY_2028_001,VEN_STADIUM_12,ZONE_GATE_A1,2026-07-25 20:25,3005
EVT_OLY_2028_001,VEN_STADIUM_12,ZONE_GATE_A1,2026-07-25 20:30,3006
EVT_OLY_2028_001,VEN_STADIUM_12,ZONE_GATE_A1,2026-07-25 20:35,3007
EVT_OLY_2028_001,VEN_STADIUM_12,ZONE_GATE_A1,2026-07-25 20:40,3008
EVT_OLY_2028_001,VEN_STADIUM_12,ZONE_GATE_A1,2026-07-25 20:45,3009
EVT_OLY_2028_001,VEN_STADIUM_12,ZONE_GATE_A1,2026-07-25 20:50,3010
EVT_OLY_2028_001,VEN_STADIUM_12,ZONE_GATE_A1,2026-07-25 20:55,3011
EVT_OLY_2028_001,VEN_STADIUM_12,ZONE_GATE_A1,2026-07-25 21:00,3012
EVT_OLY_2028_001,VEN_STADIUM_12,ZONE_GATE_A1,2026-07-25 21:05,3013
EVT_OLY_2028_001,VEN_STADIUM_12,ZONE_GATE_A1,2026-07-25 21:10,3014
EVT_OLY_2028_001,VEN_STADIUM_12,ZONE_GATE_A1,2026-07-25 21:15,3015
EVT_OLY_2028_001,VEN_STADIUM_12,ZONE_GATE_A1,2026-07-25 21:20,3016
EVT_OLY_2028_001,VEN_STADIUM_12,ZONE_GATE_A1,2026-07-25 21:25,3017
EVT_OLY_2028_001,VEN_STADIUM_12,ZONE_GATE_A1,2026-07-25 21:30,3018
EVT_OLY_2028_001,VEN_STADIUM_12,ZONE_GATE_A1,2026-07-25 21:35,3019
EVT_OLY_2028_001,VEN_STADIUM_12,ZONE_GATE_A1,2026-07-25 21:40,3020
EVT_OLY_2028_001,VEN_STADIUM_12,ZONE_GATE_A1,2026-07-25 21:45,3021
EVT_OLY_2028_001,VEN_STADIUM_12,ZONE_GATE_A1,2026-07-25 21:50,3022
EVT_OLY_2028_001,VEN_STADIUM_12,ZONE_GATE_A1,2026-07-25 21:55,3023
EVT_OLY_2028_001,VEN_STADIUM_12,ZONE_GATE_A1,2026-07-25 22:00,3024
EVT_OLY_2028_001,VEN_STADIUM_12,ZONE_GATE_A1,2026-07-25 22:05,3025
EVT_OLY_2028_001,VEN_STADIUM_12,ZONE_GATE_A1,2026-07-25 22:10,3026
EVT_OLY_2028_001,VEN_STADIUM_12,ZONE_GATE_A1,2026-07-25 22:15,3027
EVT_OLY_2028_001,VEN_STADIUM_12,ZONE_GATE_A1,2026-07-25 22:20,3028
EVT_OLY_2028_001,VEN_STADIUM_12,ZONE_GATE_A1,2026-07-25 22:25,3029
EVT_OLY_2028_001,VEN_STADIUM_12,ZONE_GATE_A1,2026-07-25 22:30,3030
EVT_OLY_2028_001,VEN_STADIUM_12,ZONE_GATE_A1,2026-07-25 22:35,3031
EVT_OLY_2028_001,VEN_STADIUM_12,ZONE_GATE_A1,2026-07-25 22:40,3032
EVT_OLY_2028_001,VEN_STADIUM_12,ZONE_GATE_A1,2026-07-25 22:45,3033
EVT_OLY_2028_001,VEN_STADIUM_12,ZONE_GATE_A1,2026-07-25 22:50,3034
EVT_OLY_2028_001,VEN_STADIUM_12,ZONE_GATE_A1,2026-07-25 22:55,3035
EVT_OLY_2028_001,VEN_STADIUM_12,ZONE_GATE_A1,2026-07-25 23:00,3036
EVT_OLY_2028_001,VEN_STADIUM_12,ZONE_GATE_A1,2026-07-25 23:05,3037
EVT_OLY_2028_001,VEN_STADIUM_12,ZONE_GATE_A1,2026-07-25 23:10,3038
EVT_OLY_2028_001,VEN_STADIUM_12,ZONE_GATE_A1,2026-07-25 23:15,3039
EVT_OLY_2028_001,VEN_STADIUM_12,ZONE_GATE_A1,2026-07-25 23:20,3040
EVT_OLY_2028_001,VEN_STADIUM_12,ZONE_GATE_A1,2026-07-25 23:25,3041
EVT_OLY_2028_001,VEN_STADIUM_12,ZONE_GATE_A1,2026-07-25 23:30,3042
EVT_OLY_2028_001,VEN_STADIUM_12,ZONE_GATE_A1,2026-07-25 23:35,3043
EVT_OLY_2028_001,VEN_STADIUM_12,ZONE_GATE_A1,2026-07-25 23:40,3044
EVT_OLY_2028_001,VEN_STADIUM_12,ZONE_GATE_A1,2026-07-25 23:45,3045
EVT_OLY_2028_001,VEN_STADIUM_12,ZONE_GATE_A1,2026-07-25 23:50,3046
EVT_OLY_2028_001,VEN_STADIUM_12,ZONE_GATE_A1,2026-07-25 23:55,3047
EVT_OLY_2028_001,VEN_STADIUM_12,ZONE_GATE_A1,2026-07-26 00:00,3048
EVT_OLY_2028_001,VEN_STADIUM_12,ZONE_GATE_A1,2026-07-26 00:05,3049
EVT_OLY_2028_001,VEN_STADIUM_12,ZONE_GATE_A1,2026-07-26 00:10,3050
EVT_OLY_2028_001,VEN_STADIUM_12,ZONE_GATE_A1,2026-07-26 00:15,3051
EVT_OLY_2028_001,VEN_STADIUM_12,ZONE_GATE_A1,2026-07-26 00:20,3052
EVT_OLY_2028_001,VEN_STADIUM_12,ZONE_GATE_A1,2026-07-26 00:25,3053
EVT_OLY_2028_001,VEN_STADIUM_12,ZONE_GATE_A1,2026-07-26 00:30,3054
EVT_OLY_2028_001,VEN_STADIUM_12,ZONE_GATE_A1,2026-07-26 00:35,3055
EVT_OLY_2028_001,VEN_STADIUM_12,ZONE_GATE_A1,2026-07-26 00:40,3056
EVT_OLY_2028_001,VEN_STADIUM_12,ZONE_GATE_A1,2026-07-26 00:45,3057
EVT_OLY_2028_001,VEN_STADIUM_12,ZONE_GATE_A1,2026-07-26 00:50,3058
EVT_OLY_2028_001,VEN_STADIUM_12,ZONE_GATE_A1,2026-07-26 00:55,3059
EVT_OLY_2028_001,VEN_STADIUM_12,ZONE_GATE_A1,2026-07-26 01:00,3060
EVT_OLY_2028_001,VEN_STADIUM_12,ZONE_GATE_A1,2026-07-26 01:05,3061
EVT_OLY_2028_001,VEN_STADIUM_12,ZONE_GATE_A1,2026-07-26 01:10,3062
EVT_OLY_2028_001,VEN_STADIUM_12,ZONE_GATE_A1,2026-07-26 01:15,3063
EVT_OLY_2028_001,VEN_STADIUM_12,ZONE_GATE_A1,2026-07-26 01:20,3064
EVT_OLY_2028_001,VEN_STADIUM_12,ZONE_GATE_A1,2026-07-26 01:25,3065
EVT_OLY_2028_001,VEN_STADIUM_12,ZONE_GATE_A1,2026-07-26 01:30,3066
EVT_OLY_2028_001,VEN_STADIUM_12,ZONE_GATE_A1,2026-07-26 01:35,3067
EVT_OLY_2028_001,VEN_STADIUM_12,ZONE_GATE_A1,2026-07-26 01:40,3068
EVT_OLY_2028_001,VEN_STADIUM_12,ZONE_GATE_A1,2026-07-26 01:45,3069
EVT_OLY_2028_001,VEN_STADIUM_12,ZONE_GATE_A1,2026-07-26 01:50,3070
EVT_OLY_2028_001,VEN_STADIUM_12,ZONE_GATE_A1,2026-07-26 01:55,3071
EVT_OLY_2028_001,VEN_STADIUM_12,ZONE_GATE_A1,2026-07-26 02:00,3072
EVT_OLY_2028_001,VEN_STADIUM_12,ZONE_GATE_A1,2026-07-26 02:05,3073
EVT_OLY_2028_001,VEN_STADIUM_12,ZONE_GATE_A1,2026-07-26 02:10,3074
EVT_OLY_2028_001,VEN_STADIUM_12,ZONE_GATE_A1,2026-07-26 02:15,3075
EVT_OLY_2028_001,VEN_STADIUM_12,ZONE_GATE_A1,2026-07-26 02:20,3076
EVT_OLY_2028_001,VEN_STADIUM_12,ZONE_GATE_A1,2026-07-26 02:25,3077
EVT_OLY_2028_001,VEN_STADIUM_12,ZONE_GATE_A1,2026-07-26 02:30,3078
EVT_OLY_2028_001,VEN_STADIUM_12,ZONE_GATE_A1,2026-07-26 02:35,3079
EVT_OLY_2028_001,VEN_STADIUM_12,ZONE_GATE_A1,2026-07-26 02:40,3080
EVT_OLY_2028_001,VEN_STADIUM_12,ZONE_GATE_A1,2026-07-26 02:45,3081
EVT_OLY_2028_001,VEN_STADIUM_12,ZONE_GATE_A1,2026-07-26 02:50,3082
EVT_OLY_2028_001,VEN_STADIUM_12,ZONE_GATE_A1,2026-07-26 02:55,3083
EVT_OLY_2028_001,VEN_STADIUM_12,ZONE_GATE_A1,2026-07-26 03:00,3084
EVT_OLY_2028_001,VEN_STADIUM_12,ZONE_GATE_A1,2026-07-26 03:05,3085
EVT_OLY_2028_001,VEN_STADIUM_12,ZONE_GATE_A1,2026-07-26 03:10,3086
EVT_OLY_2028_001,VEN_STADIUM_12,ZONE_GATE_A1,2026-07-26 03:15,3087
EVT_OLY_2028_001,VEN_STADIUM_12,ZONE_GATE_A1,2026-07-26 03:20,3088
EVT_OLY_2028_001,VEN_STADIUM_12,ZONE_GATE_A1,2026-07-26 03:25,3089
EVT_OLY_2028_001,VEN_STADIUM_12,ZONE_GATE_A1,2026-07-26 03:30,3090
EVT_OLY_2028_001,VEN_STADIUM_12,ZONE_GATE_A1,2026-07-26 03:35,3091
EVT_OLY_2028_001,VEN_STADIUM_12,ZONE_GATE_A1,2026-07-26 03:40,3092
EVT_OLY_2028_001,VEN_STADIUM_12,ZONE_GATE_A1,2026-07-26 03:45,3093
EVT_OLY_2028_001,VEN_STADIUM_12,ZONE_GATE_A1,2026-07-26 03:50,3094
EVT_OLY_2028_001,VEN_STADIUM_12,ZONE_GATE_A1,2026-07-26 03:55,3095
EVT_OLY_2028_001,VEN_STADIUM_12,ZONE_GATE_A1,2026-07-26 04:00,3096
EVT_OLY_2028_001,VEN_STADIUM_12,ZONE_GATE_A1,2026-07-26 04:05,3097
EVT_OLY_2028_001,VEN_STADIUM_12,ZONE_GATE_A1,2026-07-26 04:10,3098
EVT_OLY_2028_001,VEN_STADIUM_12,ZONE_GATE_A1,2026-07-26 04:15,3099
EVT_OLY_2028_001,VEN_STADIUM_12,ZONE_GATE_A1,2026-07-26 04:20,3100
EVT_OLY_2028_001,VEN_STADIUM_12,ZONE_GATE_A1,2026-07-26 04:25,3101
EVT_OLY_2028_001,VEN_STADIUM_12,ZONE_GATE_A1,2026-07-26 04:30,3102
EVT_OLY_2028_001,VEN_STADIUM_12,ZONE_GATE_A1,2026-07-26 04:35,3103
EVT_OLY_2028_001,VEN_STADIUM_12,ZONE_GATE_A1,2026-07-26 04:40,3104
EVT_OLY_2028_001,VEN_STADIUM_12,ZONE_GATE_A1,2026-07-26 04:45,3105
EVT_OLY_2028_001,VEN_STADIUM_12,ZONE_GATE_A1,2026-07-26 04:50,3106
EVT_OLY_2028_001,VEN_STADIUM_12,ZONE_GATE_A1,2026-07-26 04:55,3107
EVT_OLY_2028_001,VEN_STADIUM_12,ZONE_GATE_A1,2026-07-26 05:00,3108
EVT_OLY_2028_001,VEN_STADIUM_12,ZONE_GATE_A1,2026-07-26 05:05,3109
EVT_OLY_2028_001,VEN_STADIUM_12,ZONE_GATE_A1,2026-07-26 05:10,3110
EVT_OLY_2028_001,VEN_STADIUM_12,ZONE_GATE_A1,2026-07-26 05:15,3111
EVT_OLY_2028_001,VEN_STADIUM_12,ZONE_GATE_A1,2026-07-26 05:20,3112
EVT_OLY_2028_001,VEN_STADIUM_12,ZONE_GATE_A1,2026-07-26 05:25,3113
EVT_OLY_2028_001,VEN_STADIUM_12,ZONE_GATE_A1,2026-07-26 05:30,3114
EVT_OLY_2028_001,VEN_STADIUM_12,ZONE_GATE_A1,2026-07-26 05:35,3115
EVT_OLY_2028_001,VEN_STADIUM_12,ZONE_GATE_A1,2026-07-26 05:40,3116
EVT_OLY_2028_001,VEN_STADIUM_12,ZONE_GATE_A1,2026-07-26 05:45,3117
EVT_OLY_2028_001,VEN_STADIUM_12,ZONE_GATE_A1,2026-07-26 05:50,3118
EVT_OLY_2028_001,VEN_STADIUM_12,ZONE_GATE_A1,2026-07-26 05:55,3119
EVT_OLY_2028_001,VEN_STADIUM_12,ZONE_GATE_A1,2026-07-26 06:00,3120
EVT_OLY_2028_001,VEN_STADIUM_12,ZONE_GATE_A1,2026-07-26 06:05,3121
EVT_OLY_2028_001,VEN_STADIUM_12,ZONE_GATE_A1,2026-07-26 06:10,3122
EVT_OLY_2028_001,VEN_STADIUM_12,ZONE_GATE_A1,2026-07-26 06:15,3123
EVT_OLY_2028_001,VEN_STADIUM_12,ZONE_GATE_A1,2026-07-26 06:20,3124
EVT_OLY_2028_001,VEN_STADIUM_12,ZONE_GATE_A1,2026-07-26 06:25,3125
EVT_OLY_2028_001,VEN_STADIUM_12,ZONE_GATE_A1,2026-07-26 06:30,3126
EVT_OLY_2028_001,VEN_STADIUM_12,ZONE_GATE_A1,2026-07-26 06:35,3127
EVT_OLY_2028_001,VEN_STADIUM_12,ZONE_GATE_A1,2026-07-26 06:40,3128
EVT_OLY_2028_001,VEN_STADIUM_12,ZONE_GATE_A1,2026-07-26 06:45,3129
EVT_OLY_2028_001,VEN_STADIUM_12,ZONE_GATE_A1,2026-07-26 06:50,3130
EVT_OLY_2028_001,VEN_STADIUM_12,ZONE_GATE_A1,2026-07-26 06:55,3131
EVT_OLY_2028_001,VEN_STADIUM_12,ZONE_GATE_A1,2026-07-26 07:00,3132
EVT_OLY_2028_001,VEN_STADIUM_12,ZONE_GATE_A1,2026-07-26 07:05,3133
EVT_OLY_2028_001,VEN_STADIUM_12,ZONE_GATE_A1,2026-07-26 07:10,3134
EVT_OLY_2028_001,VEN_STADIUM_12,ZONE_GATE_A1,2026-07-26 07:15,3135
EVT_OLY_2028_001,VEN_STADIUM_12,ZONE_GATE_A1,2026-07-26 07:20,3136
EVT_OLY_2028_001,VEN_STADIUM_12,ZONE_GATE_A1,2026-07-26 07:25,3137
EVT_OLY_2028_001,VEN_STADIUM_12,ZONE_GATE_A1,2026-07-26 07:30,3138
EVT_OLY_2028_001,VEN_STADIUM_12,ZONE_GATE_A1,2026-07-26 07:35,3139
EVT_OLY_2028_001,VEN_STADIUM_12,ZONE_GATE_A1,2026-07-26 07:40,3140
EVT_OLY_2028_001,VEN_STADIUM_12,ZONE_GATE_A1,2026-07-26 07:45,3141
EVT_OLY_2028_001,VEN_STADIUM_12,ZONE_GATE_A1,2026-07-26 07:50,3142
EVT_OLY_2028_001,VEN_STADIUM_12,ZONE_GATE_A1,2026-07-26 07:55,3143
EVT_OLY_2028_001,VEN_STADIUM_12,ZONE_GATE_A1,2026-07-26 08:00,3144
EVT_OLY_2028_001,VEN_STADIUM_12,ZONE_GATE_A1,2026-07-26 08:05,3145
EVT_OLY_2028_001,VEN_STADIUM_12,ZONE_GATE_A1,2026-07-26 08:10,3146
EVT_OLY_2028_001,VEN_STADIUM_12,ZONE_GATE_A1,2026-07-26 08:15,3147
EVT_OLY_2028_001,VEN_STADIUM_12,ZONE_GATE_A1,2026-07-26 08:20,3148
EVT_OLY_2028_001,VEN_STADIUM_12,ZONE_GATE_A1,2026-07-26 08:25,3149
EVT_OLY_2028_001,VEN_STADIUM_12,ZONE_GATE_A1,2026-07-26 08:30,3150
EVT_OLY_2028_001,VEN_STADIUM_12,ZONE_GATE_A1,2026-07-26 08:35,3151
EVT_OLY_2028_001,VEN_STADIUM_12,ZONE_GATE_A1,2026-07-26 08:40,3152
EVT_OLY_2028_001,VEN_STADIUM_12,ZONE_GATE_A1,2026-07-26 08:45,3153
EVT_OLY_2028_001,VEN_STADIUM_12,ZONE_GATE_A1,2026-07-26 08:50,3154
EVT_OLY_2028_001,VEN_STADIUM_12,ZONE_GATE_A1,2026-07-26 08:55,3155
EVT_OLY_2028_001,VEN_STADIUM_12,ZONE_GATE_A1,2026-07-26 09:00,3156
EVT_OLY_2028_001,VEN_STADIUM_12,ZONE_GATE_A1,2026-07-26 09:05,3157
EVT_OLY_2028_001,VEN_STADIUM_12,ZONE_GATE_A1,2026-07-26 09:10,3158
EVT_OLY_2028_001,VEN_STADIUM_12,ZONE_GATE_A1,2026-07-26 09:15,3159
EVT_OLY_2028_001,VEN_STADIUM_12,ZONE_GATE_A1,2026-07-26 09:20,3160
EVT_OLY_2028_001,VEN_STADIUM_12,ZONE_GATE_A1,2026-07-26 09:25,3161
EVT_OLY_2028_001,VEN_STADIUM_12,ZONE_GATE_A1,2026-07-26 09:30,3162
EVT_OLY_2028_001,VEN_STADIUM_12,ZONE_GATE_A1,2026-07-26 09:35,3163
EVT_OLY_2028_001,VEN_STADIUM_12,ZONE_GATE_A1,2026-07-26 09:40,3164
EVT_OLY_2028_001,VEN_STADIUM_12,ZONE_GATE_A1,2026-07-26 09:45,3165
EVT_OLY_2028_001,VEN_STADIUM_12,ZONE_GATE_A1,2026-07-26 09:50,3166
EVT_OLY_2028_001,VEN_STADIUM_12,ZONE_GATE_A1,2026-07-26 09:55,3167
EVT_OLY_2028_001,VEN_STADIUM_12,ZONE_GATE_A1,2026-07-26 10:00,3168
EVT_OLY_2028_001,VEN_STADIUM_12,ZONE_GATE_A1,2026-07-26 10:05,3169
EVT_OLY_2028_001,VEN_STADIUM_12,ZONE_GATE_A1,2026-07-26 10:10,3170
EVT_OLY_2028_001,VEN_STADIUM_12,ZONE_GATE_A1,2026-07-26 10:15,3171
EVT_OLY_2028_001,VEN_STADIUM_12,ZONE_GATE_A1,2026-07-26 10:20,3172
EVT_OLY_2028_001,VEN_STADIUM_12,ZONE_GATE_A1,2026-07-26 10:25,3173
EVT_OLY_2028_001,VEN_STADIUM_12,ZONE_GATE_A1,2026-07-26 10:30,3174
EVT_OLY_2028_001,VEN_STADIUM_12,ZONE_GATE_A1,2026-07-26 10:35,3175
EVT_OLY_2028_001,VEN_STADIUM_12,ZONE_GATE_A1,2026-07-26 10:40,3176
EVT_OLY_2028_001,VEN_STADIUM_12,ZONE_GATE_A1,2026-07-26 10:45,3177
EVT_OLY_2028_001,VEN_STADIUM_12,ZONE_GATE_A1,2026-07-26 10:50,3178
EVT_OLY_2028_001,VEN_STADIUM_12,ZONE_GATE_A1,2026-07-26 10:55,3179
EVT_OLY_2028_001,VEN_STADIUM_12,ZONE_GATE_A1,2026-07-26 11:00,3180
EVT_OLY_2028_001,VEN_STADIUM_12,ZONE_GATE_A1,2026-07-26 11:05,3181
EVT_OLY_2028_001,VEN_STADIUM_12,ZONE_GATE_A1,2026-07-26 11:10,3182
EVT_OLY_2028_001,VEN_STADIUM_12,ZONE_GATE_A1,2026-07-26 11:15,3183
EVT_OLY_2028_001,VEN_STADIUM_12,ZONE_GATE_A1,2026-07-26 11:20,3184
EVT_OLY_2028_001,VEN_STADIUM_12,ZONE_GATE_A1,2026-07-26 11:25,3185
EVT_OLY_2028_001,VEN_STADIUM_12,ZONE_GATE_A1,2026-07-26 11:30,3186
EVT_OLY_2028_001,VEN_STADIUM_12,ZONE_GATE_A1,2026-07-26 11:35,3187
EVT_OLY_2028_001,VEN_STADIUM_12,ZONE_GATE_A1,2026-07-26 11:40,3188
EVT_OLY_2028_001,VEN_STADIUM_12,ZONE_GATE_A1,2026-07-26 11:45,3189
EVT_OLY_2028_001,VEN_STADIUM_12,ZONE_GATE_A1,2026-07-26 11:50,3190
EVT_OLY_2028_001,VEN_STADIUM_12,ZONE_GATE_A1,2026-07-26 11:55,3191
EVT_OLY_2028_001,VEN_STADIUM_12,ZONE_GATE_A1,2026-07-26 12:00,3192
EVT_OLY_2028_001,VEN_STADIUM_12,ZONE_GATE_A1,2026-07-26 12:05,3193
EVT_OLY_2028_001,VEN_STADIUM_12,ZONE_GATE_A1,2026-07-26 12:10,3194
EVT_OLY_2028_001,VEN_STADIUM_12,ZONE_GATE_A1,2026-07-26 12:15,3195
EVT_OLY_2028_001,VEN_STADIUM_12,ZONE_GATE_A1,2026-07-26 12:20,3196
EVT_OLY_2028_001,VEN_STADIUM_12,ZONE_GATE_A1,2026-07-26 12:25,3197
EVT_OLY_2028_001,VEN_STADIUM_12,ZONE_GATE_A1,2026-07-26 12:30,3198
EVT_OLY_2028_001,VEN_STADIUM_12,ZONE_GATE_A1,2026-07-26 12:35,3199
EVT_OLY_2028_001,VEN_STADIUM_12,ZONE_GATE_A1,2026-07-26 12:40,3200
EVT_OLY_2028_001,VEN_STADIUM_12,ZONE_GATE_A1,2026-07-26 12:45,3201
EVT_OLY_2028_001,VEN_STADIUM_12,ZONE_GATE_A1,2026-07-26 12:50,3202
EVT_OLY_2028_001,VEN_STADIUM_12,ZONE_GATE_A1,2026-07-26 12:55,3203
EVT_OLY_2028_001,VEN_STADIUM_12,ZONE_GATE_A1,2026-07-26 13:00,3204
EVT_OLY_2028_001,VEN_STADIUM_12,ZONE_GATE_A1,2026-07-26 13:05,3205
EVT_OLY_2028_001,VEN_STADIUM_12,ZONE_GATE_A1,2026-07-26 13:10,3206
EVT_OLY_2028_001,VEN_STADIUM_12,ZONE_GATE_A1,2026-07-26 13:15,3207
EVT_OLY_2028_001,VEN_STADIUM_12,ZONE_GATE_A1,2026-07-26 13:20,3208
EVT_OLY_2028_001,VEN_STADIUM_12,ZONE_GATE_A1,2026-07-26 13:25,3209
EVT_OLY_2028_001,VEN_STADIUM_12,ZONE_GATE_A1,2026-07-26 13:30,3210
EVT_OLY_2028_001,VEN_STADIUM_12,ZONE_GATE_A1,2026-07-26 13:35,3211
EVT_OLY_2028_001,VEN_STADIUM_12,ZONE_GATE_A1,2026-07-26 13:40,3212
EVT_OLY_2028_001,VEN_STADIUM_12,ZONE_GATE_A1,2026-07-26 13:45,3213
EVT_OLY_2028_001,VEN_STADIUM_12,ZONE_GATE_A1,2026-07-26 13:50,3214
EVT_OLY_2028_001,VEN_STADIUM_12,ZONE_GATE_A1,2026-07-26 13:55,3215
EVT_OLY_2028_001,VEN_STADIUM_12,ZONE_GATE_A1,2026-07-26 14:00,3216
EVT_OLY_2028_001,VEN_STADIUM_12,ZONE_GATE_A1,2026-07-26 14:05,3217
EVT_OLY_2028_001,VEN_STADIUM_12,ZONE_GATE_A1,2026-07-26 14:10,3218
EVT_OLY_2028_001,VEN_STADIUM_12,ZONE_GATE_A1,2026-07-26 14:15,3219
EVT_OLY_2028_001,VEN_STADIUM_12,ZONE_GATE_A1,2026-07-26 14:20,3220
EVT_OLY_2028_001,VEN_STADIUM_12,ZONE_GATE_A1,2026-07-26 14:25,3221
EVT_OLY_2028_001,VEN_STADIUM_12,ZONE_GATE_A1,2026-07-26 14:30,3222
EVT_OLY_2028_001,VEN_STADIUM_12,ZONE_GATE_A1,2026-07-26 14:35,3223
EVT_OLY_2028_001,VEN_STADIUM_12,ZONE_GATE_A1,2026-07-26 14:40,3224
EVT_OLY_2028_001,VEN_STADIUM_12,ZONE_GATE_A1,2026-07-26 14:45,3225
EVT_OLY_2028_001,VEN_STADIUM_12,ZONE_GATE_A1,2026-07-26 14:50,3226
EVT_OLY_2028_001,VEN_STADIUM_12,ZONE_GATE_A1,2026-07-26 14:55,3227
EVT_OLY_2028_001,VEN_STADIUM_12,ZONE_GATE_A1,2026-07-26 15:00,3228
EVT_OLY_2028_001,VEN_STADIUM_12,ZONE_GATE_A1,2026-07-26 15:05,3229
EVT_OLY_2028_001,VEN_STADIUM_12,ZONE_GATE_A1,2026-07-26 15:10,3230
EVT_OLY_2028_001,VEN_STADIUM_12,ZONE_GATE_A1,2026-07-26 15:15,3231
EVT_OLY_2028_001,VEN_STADIUM_12,ZONE_GATE_A1,2026-07-26 15:20,3232
EVT_OLY_2028_001,VEN_STADIUM_12,ZONE_GATE_A1,2026-07-26 15:25,3233
EVT_OLY_2028_001,VEN_STADIUM_12,ZONE_GATE_A1,2026-07-26 15:30,3234
EVT_OLY_2028_001,VEN_STADIUM_12,ZONE_GATE_A1,2026-07-26 15:35,3235
EVT_OLY_2028_001,VEN_STADIUM_12,ZONE_GATE_A1,2026-07-26 15:40,3236
EVT_OLY_2028_001,VEN_STADIUM_12,ZONE_GATE_A1,2026-07-26 15:45,3237
EVT_OLY_2028_001,VEN_STADIUM_12,ZONE_GATE_A1,2026-07-26 15:50,3238
EVT_OLY_2028_001,VEN_STADIUM_12,ZONE_GATE_A1,2026-07-26 15:55,3239
EVT_OLY_2028_001,VEN_STADIUM_12,ZONE_GATE_A1,2026-07-26 16:00,3240
EVT_OLY_2028_001,VEN_STADIUM_12,ZONE_GATE_A1,2026-07-26 16:05,3241
EVT_OLY_2028_001,VEN_STADIUM_12,ZONE_GATE_A1,2026-07-26 16:10,3242
EVT_OLY_2028_001,VEN_STADIUM_12,ZONE_GATE_A1,2026-07-26 16:15,3243
EVT_OLY_2028_001,VEN_STADIUM_12,ZONE_GATE_A1,2026-07-26 16:20,3244
EVT_OLY_2028_001,VEN_STADIUM_12,ZONE_GATE_A1,2026-07-26 16:25,3245
EVT_OLY_2028_001,VEN_STADIUM_12,ZONE_GATE_A1,2026-07-26 16:30,3246
EVT_OLY_2028_001,VEN_STADIUM_12,ZONE_GATE_A1,2026-07-26 16:35,3247
EVT_OLY_2028_001,VEN_STADIUM_12,ZONE_GATE_A1,2026-07-26 16:40,3248
EVT_OLY_2028_001,VEN_STADIUM_12,ZONE_GATE_A1,2026-07-26 16:45,3249
EVT_OLY_2028_001,VEN_STADIUM_12,ZONE_GATE_A1,2026-07-26 16:50,3250
EVT_OLY_2028_001,VEN_STADIUM_12,ZONE_GATE_A1,2026-07-26 16:55,3251
EVT_OLY_2028_001,VEN_STADIUM_12,ZONE_GATE_A1,2026-07-26 17:00,3252
EVT_OLY_2028_001,VEN_STADIUM_12,ZONE_GATE_A1,2026-07-26 17:05,3253
EVT_OLY_2028_001,VEN_STADIUM_12,ZONE_GATE_A1,2026-07-26 17:10,3254
EVT_OLY_2028_001,VEN_STADIUM_12,ZONE_GATE_A1,2026-07-26 17:15,3255
EVT_OLY_2028_001,VEN_STADIUM_12,ZONE_GATE_A1,2026-07-26 17:20,3256
EVT_OLY_2028_001,VEN_STADIUM_12,ZONE_GATE_A1,2026-07-26 17:25,3257
EVT_OLY_2028_001,VEN_STADIUM_12,ZONE_GATE_A1,2026-07-26 17:30,3258
EVT_OLY_2028_001,VEN_STADIUM_12,ZONE_GATE_A1,2026-07-26 17:35,3259
EVT_OLY_2028_001,VEN_STADIUM_12,ZONE_GATE_A1,2026-07-26 17:40,3260
EVT_OLY_2028_001,VEN_STADIUM_12,ZONE_GATE_A1,2026-07-26 17:45,3261
EVT_OLY_2028_001,VEN_STADIUM_12,ZONE_GATE_A1,2026-07-26 17:50,3262
EVT_OLY_2028_001,VEN_STADIUM_12,ZONE_GATE_A1,2026-07-26 17:55,3263
EVT_OLY_2028_001,VEN_STADIUM_12,ZONE_GATE_A1,2026-07-26 18:00,3264
EVT_OLY_2028_001,VEN_STADIUM_12,ZONE_GATE_A1,2026-07-26 18:05,3265
EVT_OLY_2028_001,VEN_STADIUM_12,ZONE_GATE_A1,2026-07-26 18:10,3266
EVT_OLY_2028_001,VEN_STADIUM_12,ZONE_GATE_A1,2026-07-26 18:15,3267
EVT_OLY_2028_001,VEN_STADIUM_12,ZONE_GATE_A1,2026-07-26 18:20,3268
EVT_OLY_2028_001,VEN_STADIUM_12,ZONE_GATE_A1,2026-07-26 18:25,3269
EVT_OLY_2028_001,VEN_STADIUM_12,ZONE_GATE_A1,2026-07-26 18:30,3270
EVT_OLY_2028_001,VEN_STADIUM_12,ZONE_GATE_A1,2026-07-26 18:35,3271
EVT_OLY_2028_001,VEN_STADIUM_12,ZONE_GATE_A1,2026-07-26 18:40,3272
EVT_OLY_2028_001,VEN_STADIUM_12,ZONE_GATE_A1,2026-07-26 18:45,3273
EVT_OLY_2028_001,VEN_STADIUM_12,ZONE_GATE_A1,2026-07-26 18:50,3274
EVT_OLY_2028_001,VEN_STADIUM_12,ZONE_GATE_A1,2026-07-26 18:55,3275
EVT_OLY_2028_001,VEN_STADIUM_12,ZONE_GATE_A1,2026-07-26 19:00,3276
EVT_OLY_2028_001,VEN_STADIUM_12,ZONE_GATE_A1,2026-07-26 19:05,3277
EVT_OLY_2028_001,VEN_STADIUM_12,ZONE_GATE_A1,2026-07-26 19:10,3278
EVT_OLY_2028_001,VEN_STADIUM_12,ZONE_GATE_A1,2026-07-26 19:15,3279
EVT_OLY_2028_001,VEN_STADIUM_12,ZONE_GATE_A1,2026-07-26 19:20,3280
EVT_OLY_2028_001,VEN_STADIUM_12,ZONE_GATE_A1,2026-07-26 19:25,3281
EVT_OLY_2028_001,VEN_STADIUM_12,ZONE_GATE_A1,2026-07-26 19:30,3282
EVT_OLY_2028_001,VEN_STADIUM_12,ZONE_GATE_A1,2026-07-26 19:35,3283
EVT_OLY_2028_001,VEN_STADIUM_12,ZONE_GATE_A1,2026-07-26 19:40,3284
EVT_OLY_2028_001,VEN_STADIUM_12,ZONE_GATE_A1,2026-07-26 19:45,3285
EVT_OLY_2028_001,VEN_STADIUM_12,ZONE_GATE_A1,2026-07-26 19:50,3286
EVT_OLY_2028_001,VEN_STADIUM_12,ZONE_GATE_A1,2026-07-26 19:55,3287
EVT_OLY_2028_001,VEN_STADIUM_12,ZONE_GATE_A1,2026-07-26 20:00,3288
EVT_OLY_2028_001,VEN_STADIUM_12,ZONE_GATE_A1,2026-07-26 20:05,3289
EVT_OLY_2028_001,VEN_STADIUM_12,ZONE_GATE_A1,2026-07-26 20:10,3290
EVT_OLY_2028_001,VEN_STADIUM_12,ZONE_GATE_A1,2026-07-26 20:15,3291
EVT_OLY_2028_001,VEN_STADIUM_12,ZONE_GATE_A1,2026-07-26 20:20,3292
EVT_OLY_2028_001,VEN_STADIUM_12,ZONE_GATE_A1,2026-07-26 20:25,3293
EVT_OLY_2028_001,VEN_STADIUM_12,ZONE_GATE_A1,2026-07-26 20:30,3294
EVT_OLY_2028_001,VEN_STADIUM_12,ZONE_GATE_A1,2026-07-26 20:35,3295
EVT_OLY_2028_001,VEN_STADIUM_12,ZONE_GATE_A1,2026-07-26 20:40,3296
EVT_OLY_2028_001,VEN_STADIUM_12,ZONE_GATE_A1,2026-07-26 20:45,3297
EVT_OLY_2028_001,VEN_STADIUM_12,ZONE_GATE_A1,2026-07-26 20:50,3298
EVT_OLY_2028_001,VEN_STADIUM_12,ZONE_GATE_A1,2026-07-26 20:55,3299
EVT_OLY_2028_001,VEN_STADIUM_12,ZONE_GATE_A1,2026-07-26 21:00,3300
EVT_OLY_2028_001,VEN_STADIUM_12,ZONE_GATE_A1,2026-07-26 21:05,3301
EVT_OLY_2028_001,VEN_STADIUM_12,ZONE_GATE_A1,2026-07-26 21:10,3302
EVT_OLY_2028_001,VEN_STADIUM_12,ZONE_GATE_A1,2026-07-26 21:15,3303
EVT_OLY_2028_001,VEN_STADIUM_12,ZONE_GATE_A1,2026-07-26 21:20,3304
EVT_OLY_2028_001,VEN_STADIUM_12,ZONE_GATE_A1,2026-07-26 21:25,3305
EVT_OLY_2028_001,VEN_STADIUM_12,ZONE_GATE_A1,2026-07-26 21:30,3306
EVT_OLY_2028_001,VEN_STADIUM_12,ZONE_GATE_A1,2026-07-26 21:35,3307
EVT_OLY_2028_001,VEN_STADIUM_12,ZONE_GATE_A1,2026-07-26 21:40,3308
EVT_OLY_2028_001,VEN_STADIUM_12,ZONE_GATE_A1,2026-07-26 21:45,3309
EVT_OLY_2028_001,VEN_STADIUM_12,ZONE_GATE_A1,2026-07-26 21:50,3310
EVT_OLY_2028_001,VEN_STADIUM_12,ZONE_GATE_A1,2026-07-26 21:55,3311
EVT_OLY_2028_001,VEN_STADIUM_12,ZONE_GATE_A1,2026-07-26 22:00,3312
EVT_OLY_2028_001,VEN_STADIUM_12,ZONE_GATE_A1,2026-07-26 22:05,3313
EVT_OLY_2028_001,VEN_STADIUM_12,ZONE_GATE_A1,2026-07-26 22:10,3314
EVT_OLY_2028_001,VEN_STADIUM_12,ZONE_GATE_A1,2026-07-26 22:15,3315
EVT_OLY_2028_001,VEN_STADIUM_12,ZONE_GATE_A1,2026-07-26 22:20,3316
EVT_OLY_2028_001,VEN_STADIUM_12,ZONE_GATE_A1,2026-07-26 22:25,3317
EVT_OLY_2028_001,VEN_STADIUM_12,ZONE_GATE_A1,2026-07-26 22:30,3318
EVT_OLY_2028_001,VEN_STADIUM_12,ZONE_GATE_A1,2026-07-26 22:35,3319
EVT_OLY_2028_001,VEN_STADIUM_12,ZONE_GATE_A1,2026-07-26 22:40,3320
EVT_OLY_2028_001,VEN_STADIUM_12,ZONE_GATE_A1,2026-07-26 22:45,3321
EVT_OLY_2028_001,VEN_STADIUM_12,ZONE_GATE_A1,2026-07-26 22:50,3322
EVT_OLY_2028_001,VEN_STADIUM_12,ZONE_GATE_A1,2026-07-26 22:55,3323
EVT_OLY_2028_001,VEN_STADIUM_12,ZONE_GATE_A1,2026-07-26 23:00,3324
EVT_OLY_2028_001,VEN_STADIUM_12,ZONE_GATE_A1,2026-07-26 23:05,3325
EVT_OLY_2028_001,VEN_STADIUM_12,ZONE_GATE_A1,2026-07-26 23:10,3326
EVT_OLY_2028_001,VEN_STADIUM_12,ZONE_GATE_A1,2026-07-26 23:15,3327
EVT_OLY_2028_001,VEN_STADIUM_12,ZONE_GATE_A1,2026-07-26 23:20,3328
EVT_OLY_2028_001,VEN_STADIUM_12,ZONE_GATE_A1,2026-07-26 23:25,3329
EVT_OLY_2028_001,VEN_STADIUM_12,ZONE_GATE_A1,2026-07-26 23:30,3330
EVT_OLY_2028_001,VEN_STADIUM_12,ZONE_GATE_A1,2026-07-26 23:35,3331
EVT_OLY_2028_001,VEN_STADIUM_12,ZONE_GATE_A1,2026-07-26 23:40,3332
EVT_OLY_2028_001,VEN_STADIUM_12,ZONE_GATE_A1,2026-07-26 23:45,3333
EVT_OLY_2028_001,VEN_STADIUM_12,ZONE_GATE_A1,2026-07-26 23:50,3334
EVT_OLY_2028_001,VEN_STADIUM_12,ZONE_GATE_A1,2026-07-26 23:55,3335
EVT_OLY_2028_001,VEN_STADIUM_12,ZONE_GATE_A1,2026-07-27 00:00,3336
EVT_OLY_2028_001,VEN_STADIUM_12,ZONE_GATE_A1,2026-07-27 00:05,3337
EVT_OLY_2028_001,VEN_STADIUM_12,ZONE_GATE_A1,2026-07-27 00:10,3338
EVT_OLY_2028_001,VEN_STADIUM_12,ZONE_GATE_A1,2026-07-27 00:15,3339
EVT_OLY_2028_001,VEN_STADIUM_12,ZONE_GATE_A1,2026-07-27 00:20,3340
EVT_OLY_2028_001,VEN_STADIUM_12,ZONE_GATE_A1,2026-07-27 00:25,3341
EVT_OLY_2028_001,VEN_STADIUM_12,ZONE_GATE_A1,2026-07-27 00:30,3342
EVT_OLY_2028_001,VEN_STADIUM_12,ZONE_GATE_A1,2026-07-27 00:35,3343
EVT_OLY_2028_001,VEN_STADIUM_12,ZONE_GATE_A1,2026-07-27 00:40,3344
EVT_OLY_2028_001,VEN_STADIUM_12,ZONE_GATE_A1,2026-07-27 00:45,3345
EVT_OLY_2028_001,VEN_STADIUM_12,ZONE_GATE_A1,2026-07-27 00:50,3346
EVT_OLY_2028_001,VEN_STADIUM_12,ZONE_GATE_A1,2026-07-27 00:55,3347
EVT_OLY_2028_001,VEN_STADIUM_12,ZONE_GATE_A1,2026-07-27 01:00,3348
EVT_OLY_2028_001,VEN_STADIUM_12,ZONE_GATE_A1,2026-07-27 01:05,3349
EVT_OLY_2028_001,VEN_STADIUM_12,ZONE_GATE_A1,2026-07-27 01:10,3350
EVT_OLY_2028_001,VEN_STADIUM_12,ZONE_GATE_A1,2026-07-27 01:15,3351
EVT_OLY_2028_001,VEN_STADIUM_12,ZONE_GATE_A1,2026-07-27 01:20,3352
EVT_OLY_2028_001,VEN_STADIUM_12,ZONE_GATE_A1,2026-07-27 01:25,3353
EVT_OLY_2028_001,VEN_STADIUM_12,ZONE_GATE_A1,2026-07-27 01:30,3354
EVT_OLY_2028_001,VEN_STADIUM_12,ZONE_GATE_A1,2026-07-27 01:35,3355
EVT_OLY_2028_001,VEN_STADIUM_12,ZONE_GATE_A1,2026-07-27 01:40,3356
EVT_OLY_2028_001,VEN_STADIUM_12,ZONE_GATE_A1,2026-07-27 01:45,3357
EVT_OLY_2028_001,VEN_STADIUM_12,ZONE_GATE_A1,2026-07-27 01:50,3358
EVT_OLY_2028_001,VEN_STADIUM_12,ZONE_GATE_A1,2026-07-27 01:55,3359
EVT_OLY_2028_001,VEN_STADIUM_12,ZONE_GATE_A1,2026-07-27 02:00,3360
EVT_OLY_2028_001,VEN_STADIUM_12,ZONE_GATE_A1,2026-07-27 02:05,3361
EVT_OLY_2028_001,VEN_STADIUM_12,ZONE_GATE_A1,2026-07-27 02:10,3362
EVT_OLY_2028_001,VEN_STADIUM_12,ZONE_GATE_A1,2026-07-27 02:15,3363
EVT_OLY_2028_001,VEN_STADIUM_12,ZONE_GATE_A1,2026-07-27 02:20,3364
EVT_OLY_2028_001,VEN_STADIUM_12,ZONE_GATE_A1,2026-07-27 02:25,3365
EVT_OLY_2028_001,VEN_STADIUM_12,ZONE_GATE_A1,2026-07-27 02:30,3366
EVT_OLY_2028_001,VEN_STADIUM_12,ZONE_GATE_A1,2026-07-27 02:35,3367
EVT_OLY_2028_001,VEN_STADIUM_12,ZONE_GATE_A1,2026-07-27 02:40,3368
EVT_OLY_2028_001,VEN_STADIUM_12,ZONE_GATE_A1,2026-07-27 02:45,3369
EVT_OLY_2028_001,VEN_STADIUM_12,ZONE_GATE_A1,2026-07-27 02:50,3370
EVT_OLY_2028_001,VEN_STADIUM_12,ZONE_GATE_A1,2026-07-27 02:55,3371
EVT_OLY_2028_001,VEN_STADIUM_12,ZONE_GATE_A1,2026-07-27 03:00,3372
EVT_OLY_2028_001,VEN_STADIUM_12,ZONE_GATE_A1,2026-07-27 03:05,3373
EVT_OLY_2028_001,VEN_STADIUM_12,ZONE_GATE_A1,2026-07-27 03:10,3374
EVT_OLY_2028_001,VEN_STADIUM_12,ZONE_GATE_A1,2026-07-27 03:15,3375
EVT_OLY_2028_001,VEN_STADIUM_12,ZONE_GATE_A1,2026-07-27 03:20,3376
EVT_OLY_2028_001,VEN_STADIUM_12,ZONE_GATE_A1,2026-07-27 03:25,3377
EVT_OLY_2028_001,VEN_STADIUM_12,ZONE_GATE_A1,2026-07-27 03:30,3378
EVT_OLY_2028_001,VEN_STADIUM_12,ZONE_GATE_A1,2026-07-27 03:35,3379
EVT_OLY_2028_001,VEN_STADIUM_12,ZONE_GATE_A1,2026-07-27 03:40,3380
EVT_OLY_2028_001,VEN_STADIUM_12,ZONE_GATE_A1,2026-07-27 03:45,3381
EVT_OLY_2028_001,VEN_STADIUM_12,ZONE_GATE_A1,2026-07-27 03:50,3382
EVT_OLY_2028_001,VEN_STADIUM_12,ZONE_GATE_A1,2026-07-27 03:55,3383
EVT_OLY_2028_001,VEN_STADIUM_12,ZONE_GATE_A1,2026-07-27 04:00,3384
EVT_OLY_2028_001,VEN_STADIUM_12,ZONE_GATE_A1,2026-07-27 04:05,3385
EVT_OLY_2028_001,VEN_STADIUM_12,ZONE_GATE_A1,2026-07-27 04:10,3386
EVT_OLY_2028_001,VEN_STADIUM_12,ZONE_GATE_A1,2026-07-27 04:15,3387
EVT_OLY_2028_001,VEN_STADIUM_12,ZONE_GATE_A1,2026-07-27 04:20,3388
EVT_OLY_2028_001,VEN_STADIUM_12,ZONE_GATE_A1,2026-07-27 04:25,3389
EVT_OLY_2028_001,VEN_STADIUM_12,ZONE_GATE_A1,2026-07-27 04:30,3390
EVT_OLY_2028_001,VEN_STADIUM_12,ZONE_GATE_A1,2026-07-27 04:35,3391
EVT_OLY_2028_001,VEN_STADIUM_12,ZONE_GATE_A1,2026-07-27 04:40,3392
EVT_OLY_2028_001,VEN_STADIUM_12,ZONE_GATE_A1,2026-07-27 04:45,3393
EVT_OLY_2028_001,VEN_STADIUM_12,ZONE_GATE_A1,2026-07-27 04:50,3394
EVT_OLY_2028_001,VEN_STADIUM_12,ZONE_GATE_A1,2026-07-27 04:55,3395
EVT_OLY_2028_001,VEN_STADIUM_12,ZONE_GATE_A1,2026-07-27 05:00,3396
EVT_OLY_2028_001,VEN_STADIUM_12,ZONE_GATE_A1,2026-07-27 05:05,3397
EVT_OLY_2028_001,VEN_STADIUM_12,ZONE_GATE_A1,2026-07-27 05:10,3398
EVT_OLY_2028_001,VEN_STADIUM_12,ZONE_GATE_A1,2026-07-27 05:15,3399
EVT_OLY_2028_001,VEN_STADIUM_12,ZONE_GATE_A1,2026-07-27 05:20,3400
EVT_OLY_2028_001,VEN_STADIUM_12,ZONE_GATE_A1,2026-07-27 05:25,3401
EVT_OLY_2028_001,VEN_STADIUM_12,ZONE_GATE_A1,2026-07-27 05:30,3402
EVT_OLY_2028_001,VEN_STADIUM_12,ZONE_GATE_A1,2026-07-27 05:35,3403
EVT_OLY_2028_001,VEN_STADIUM_12,ZONE_GATE_A1,2026-07-27 05:40,3404
EVT_OLY_2028_001,VEN_STADIUM_12,ZONE_GATE_A1,2026-07-27 05:45,3405
EVT_OLY_2028_001,VEN_STADIUM_12,ZONE_GATE_A1,2026-07-27 05:50,3406
EVT_OLY_2028_001,VEN_STADIUM_12,ZONE_GATE_A1,2026-07-27 05:55,3407
EVT_OLY_2028_001,VEN_STADIUM_12,ZONE_GATE_A1,2026-07-27 06:00,3408
EVT_OLY_2028_001,VEN_STADIUM_12,ZONE_GATE_A1,2026-07-27 06:05,3409
EVT_OLY_2028_001,VEN_STADIUM_12,ZONE_GATE_A1,2026-07-27 06:10,3410
EVT_OLY_2028_001,VEN_STADIUM_12,ZONE_GATE_A1,2026-07-27 06:15,3411
EVT_OLY_2028_001,VEN_STADIUM_12,ZONE_GATE_A1,2026-07-27 06:20,3412
EVT_OLY_2028_001,VEN_STADIUM_12,ZONE_GATE_A1,2026-07-27 06:25,3413
EVT_OLY_2028_001,VEN_STADIUM_12,ZONE_GATE_A1,2026-07-27 06:30,3414
EVT_OLY_2028_001,VEN_STADIUM_12,ZONE_GATE_A1,2026-07-27 06:35,3415
EVT_OLY_2028_001,VEN_STADIUM_12,ZONE_GATE_A1,2026-07-27 06:40,3416
EVT_OLY_2028_001,VEN_STADIUM_12,ZONE_GATE_A1,2026-07-27 06:45,3417
EVT_OLY_2028_001,VEN_STADIUM_12,ZONE_GATE_A1,2026-07-27 06:50,3418
EVT_OLY_2028_001,VEN_STADIUM_12,ZONE_GATE_A1,2026-07-27 06:55,3419
EVT_OLY_2028_001,VEN_STADIUM_12,ZONE_GATE_A1,2026-07-27 07:00,3420
EVT_OLY_2028_001,VEN_STADIUM_12,ZONE_GATE_A1,2026-07-27 07:05,3421
EVT_OLY_2028_001,VEN_STADIUM_12,ZONE_GATE_A1,2026-07-27 07:10,3422
EVT_OLY_2028_001,VEN_STADIUM_12,ZONE_GATE_A1,2026-07-27 07:15,3423
EVT_OLY_2028_001,VEN_STADIUM_12,ZONE_GATE_A1,2026-07-27 07:20,3424
EVT_OLY_2028_001,VEN_STADIUM_12,ZONE_GATE_A1,2026-07-27 07:25,3425
EVT_OLY_2028_001,VEN_STADIUM_12,ZONE_GATE_A1,2026-07-27 07:30,3426
EVT_OLY_2028_001,VEN_STADIUM_12,ZONE_GATE_A1,2026-07-27 07:35,3427
EVT_OLY_2028_001,VEN_STADIUM_12,ZONE_GATE_A1,2026-07-27 07:40,3428
EVT_OLY_2028_001,VEN_STADIUM_12,ZONE_GATE_A1,2026-07-27 07:45,3429
EVT_OLY_2028_001,VEN_STADIUM_12,ZONE_GATE_A1,2026-07-27 07:50,3430
EVT_OLY_2028_001,VEN_STADIUM_12,ZONE_GATE_A1,2026-07-27 07:55,3431
EVT_OLY_2028_001,VEN_STADIUM_12,ZONE_GATE_A1,2026-07-27 08:00,3432
EVT_OLY_2028_001,VEN_STADIUM_12,ZONE_GATE_A1,2026-07-27 08:05,3433
EVT_OLY_2028_001,VEN_STADIUM_12,ZONE_GATE_A1,2026-07-27 08:10,3434
EVT_OLY_2028_001,VEN_STADIUM_12,ZONE_GATE_A1,2026-07-27 08:15,3435
EVT_OLY_2028_001,VEN_STADIUM_12,ZONE_GATE_A1,2026-07-27 08:20,3436
EVT_OLY_2028_001,VEN_STADIUM_12,ZONE_GATE_A1,2026-07-27 08:25,3437
EVT_OLY_2028_001,VEN_STADIUM_12,ZONE_GATE_A1,2026-07-27 08:30,3438
EVT_OLY_2028_001,VEN_STADIUM_12,ZONE_GATE_A1,2026-07-27 08:35,3439
EVT_OLY_2028_001,VEN_STADIUM_12,ZONE_GATE_A1,2026-07-27 08:40,3440
EVT_OLY_2028_001,VEN_STADIUM_12,ZONE_GATE_A1,2026-07-27 08:45,3441
EVT_OLY_2028_001,VEN_STADIUM_12,ZONE_GATE_A1,2026-07-27 08:50,3442
EVT_OLY_2028_001,VEN_STADIUM_12,ZONE_GATE_A1,2026-07-27 08:55,3443
EVT_OLY_2028_001,VEN_STADIUM_12,ZONE_GATE_A1,2026-07-27 09:00,3444
EVT_OLY_2028_001,VEN_STADIUM_12,ZONE_GATE_A1,2026-07-27 09:05,3445
EVT_OLY_2028_001,VEN_STADIUM_12,ZONE_GATE_A1,2026-07-27 09:10,3446
EVT_OLY_2028_001,VEN_STADIUM_12,ZONE_GATE_A1,2026-07-27 09:15,3447
EVT_OLY_2028_001,VEN_STADIUM_12,ZONE_GATE_A1,2026-07-27 09:20,3448
EVT_OLY_2028_001,VEN_STADIUM_12,ZONE_GATE_A1,2026-07-27 09:25,3449
EVT_OLY_2028_001,VEN_STADIUM_12,ZONE_GATE_A1,2026-07-27 09:30,3450
EVT_OLY_2028_001,VEN_STADIUM_12,ZONE_GATE_A1,2026-07-27 09:35,3451
EVT_OLY_2028_001,VEN_STADIUM_12,ZONE_GATE_A1,2026-07-27 09:40,3452
EVT_OLY_2028_001,VEN_STADIUM_12,ZONE_GATE_A1,2026-07-27 09:45,3453
EVT_OLY_2028_001,VEN_STADIUM_12,ZONE_GATE_A1,2026-07-27 09:50,3454
EVT_OLY_2028_001,VEN_STADIUM_12,ZONE_GATE_A1,2026-07-27 09:55,3455
EVT_OLY_2028_001,VEN_STADIUM_12,ZONE_GATE_A1,2026-07-27 10:00,3456
EVT_OLY_2028_001,VEN_STADIUM_12,ZONE_GATE_A1,2026-07-27 10:05,3457
EVT_OLY_2028_001,VEN_STADIUM_12,ZONE_GATE_A1,2026-07-27 10:10,3458
EVT_OLY_2028_001,VEN_STADIUM_12,ZONE_GATE_A1,2026-07-27 10:15,3459
EVT_OLY_2028_001,VEN_STADIUM_12,ZONE_GATE_A1,2026-07-27 10:20,3460
EVT_OLY_2028_001,VEN_STADIUM_12,ZONE_GATE_A1,2026-07-27 10:25,3461
EVT_OLY_2028_001,VEN_STADIUM_12,ZONE_GATE_A1,2026-07-27 10:30,3462
EVT_OLY_2028_001,VEN_STADIUM_12,ZONE_GATE_A1,2026-07-27 10:35,3463
EVT_OLY_2028_001,VEN_STADIUM_12,ZONE_GATE_A1,2026-07-27 10:40,3464
EVT_OLY_2028_001,VEN_STADIUM_12,ZONE_GATE_A1,2026-07-27 10:45,3465
EVT_OLY_2028_001,VEN_STADIUM_12,ZONE_GATE_A1,2026-07-27 10:50,3466
EVT_OLY_2028_001,VEN_STADIUM_12,ZONE_GATE_A1,2026-07-27 10:55,3467
EVT_OLY_2028_001,VEN_STADIUM_12,ZONE_GATE_A1,2026-07-27 11:00,3468
EVT_OLY_2028_001,VEN_STADIUM_12,ZONE_GATE_A1,2026-07-27 11:05,3469
EVT_OLY_2028_001,VEN_STADIUM_12,ZONE_GATE_A1,2026-07-27 11:10,3470
EVT_OLY_2028_001,VEN_STADIUM_12,ZONE_GATE_A1,2026-07-27 11:15,3471
EVT_OLY_2028_001,VEN_STADIUM_12,ZONE_GATE_A1,2026-07-27 11:20,3472
EVT_OLY_2028_001,VEN_STADIUM_12,ZONE_GATE_A1,2026-07-27 11:25,3473
EVT_OLY_2028_001,VEN_STADIUM_12,ZONE_GATE_A1,2026-07-27 11:30,3474
EVT_OLY_2028_001,VEN_STADIUM_12,ZONE_GATE_A1,2026-07-27 11:35,3475
EVT_OLY_2028_001,VEN_STADIUM_12,ZONE_GATE_A1,2026-07-27 11:40,3476
EVT_OLY_2028_001,VEN_STADIUM_12,ZONE_GATE_A1,2026-07-27 11:45,3477
EVT_OLY_2028_001,VEN_STADIUM_12,ZONE_GATE_A1,2026-07-27 11:50,3478
EVT_OLY_2028_001,VEN_STADIUM_12,ZONE_GATE_A1,2026-07-27 11:55,3479
EVT_OLY_2028_001,VEN_STADIUM_12,ZONE_GATE_A1,2026-07-27 12:00,3480
EVT_OLY_2028_001,VEN_STADIUM_12,ZONE_GATE_A1,2026-07-27 12:05,3481
EVT_OLY_2028_001,VEN_STADIUM_12,ZONE_GATE_A1,2026-07-27 12:10,3482
EVT_OLY_2028_001,VEN_STADIUM_12,ZONE_GATE_A1,2026-07-27 12:15,3483
EVT_OLY_2028_001,VEN_STADIUM_12,ZONE_GATE_A1,2026-07-27 12:20,3484
EVT_OLY_2028_001,VEN_STADIUM_12,ZONE_GATE_A1,2026-07-27 12:25,3485
EVT_OLY_2028_001,VEN_STADIUM_12,ZONE_GATE_A1,2026-07-27 12:30,3486
EVT_OLY_2028_001,VEN_STADIUM_12,ZONE_GATE_A1,2026-07-27 12:35,3487
EVT_OLY_2028_001,VEN_STADIUM_12,ZONE_GATE_A1,2026-07-27 12:40,3488
EVT_OLY_2028_001,VEN_STADIUM_12,ZONE_GATE_A1,2026-07-27 12:45,3489
EVT_OLY_2028_001,VEN_STADIUM_12,ZONE_GATE_A1,2026-07-27 12:50,3490
EVT_OLY_2028_001,VEN_STADIUM_12,ZONE_GATE_A1,2026-07-27 12:55,3491
EVT_OLY_2028_001,VEN_STADIUM_12,ZONE_GATE_A1,2026-07-27 13:00,3492
EVT_OLY_2028_001,VEN_STADIUM_12,ZONE_GATE_A1,2026-07-27 13:05,3493
EVT_OLY_2028_001,VEN_STADIUM_12,ZONE_GATE_A1,2026-07-27 13:10,3494
EVT_OLY_2028_001,VEN_STADIUM_12,ZONE_GATE_A1,2026-07-27 13:15,3495
EVT_OLY_2028_001,VEN_STADIUM_12,ZONE_GATE_A1,2026-07-27 13:20,3496
EVT_OLY_2028_001,VEN_STADIUM_12,ZONE_GATE_A1,2026-07-27 13:25,3497
EVT_OLY_2028_001,VEN_STADIUM_12,ZONE_GATE_A1,2026-07-27 13:30,3498
EVT_OLY_2028_001,VEN_STADIUM_12,ZONE_GATE_A1,2026-07-27 13:35,3499
EVT_OLY_2028_001,VEN_STADIUM_12,ZONE_GATE_A1,2026-07-27 13:40,3500
EVT_OLY_2028_001,VEN_STADIUM_12,ZONE_GATE_A1,2026-07-27 13:45,3501
EVT_OLY_2028_001,VEN_STADIUM_12,ZONE_GATE_A1,2026-07-27 13:50,3502
EVT_OLY_2028_001,VEN_STADIUM_12,ZONE_GATE_A1,2026-07-27 13:55,3503
EVT_OLY_2028_001,VEN_STADIUM_12,ZONE_GATE_A1,2026-07-27 14:00,3504
EVT_OLY_2028_001,VEN_STADIUM_12,ZONE_GATE_A1,2026-07-27 14:05,3505
EVT_OLY_2028_001,VEN_STADIUM_12,ZONE_GATE_A1,2026-07-27 14:10,3506
EVT_OLY_2028_001,VEN_STADIUM_12,ZONE_GATE_A1,2026-07-27 14:15,3507
EVT_OLY_2028_001,VEN_STADIUM_12,ZONE_GATE_A1,2026-07-27 14:20,3508
EVT_OLY_2028_001,VEN_STADIUM_12,ZONE_GATE_A1,2026-07-27 14:25,3509
EVT_OLY_2028_001,VEN_STADIUM_12,ZONE_GATE_A1,2026-07-27 14:30,3510
EVT_OLY_2028_001,VEN_STADIUM_12,ZONE_GATE_A1,2026-07-27 14:35,3511
EVT_OLY_2028_001,VEN_STADIUM_12,ZONE_GATE_A1,2026-07-27 14:40,3512
EVT_OLY_2028_001,VEN_STADIUM_12,ZONE_GATE_A1,2026-07-27 14:45,3513
EVT_OLY_2028_001,VEN_STADIUM_12,ZONE_GATE_A1,2026-07-27 14:50,3514
EVT_OLY_2028_001,VEN_STADIUM_12,ZONE_GATE_A1,2026-07-27 14:55,3515
EVT_OLY_2028_001,VEN_STADIUM_12,ZONE_GATE_A1,2026-07-27 15:00,3516
EVT_OLY_2028_001,VEN_STADIUM_12,ZONE_GATE_A1,2026-07-27 15:05,3517
EVT_OLY_2028_001,VEN_STADIUM_12,ZONE_GATE_A1,2026-07-27 15:10,3518
EVT_OLY_2028_001,VEN_STADIUM_12,ZONE_GATE_A1,2026-07-27 15:15,3519
EVT_OLY_2028_001,VEN_STADIUM_12,ZONE_GATE_A1,2026-07-27 15:20,3520
EVT_OLY_2028_001,VEN_STADIUM_12,ZONE_GATE_A1,2026-07-27 15:25,3521
EVT_OLY_2028_001,VEN_STADIUM_12,ZONE_GATE_A1,2026-07-27 15:30,3522
EVT_OLY_2028_001,VEN_STADIUM_12,ZONE_GATE_A1,2026-07-27 15:35,3523
EVT_OLY_2028_001,VEN_STADIUM_12,ZONE_GATE_A1,2026-07-27 15:40,3524
EVT_OLY_2028_001,VEN_STADIUM_12,ZONE_GATE_A1,2026-07-27 15:45,3525
EVT_OLY_2028_001,VEN_STADIUM_12,ZONE_GATE_A1,2026-07-27 15:50,3526
EVT_OLY_2028_001,VEN_STADIUM_12,ZONE_GATE_A1,2026-07-27 15:55,3527
EVT_OLY_2028_001,VEN_STADIUM_12,ZONE_GATE_A1,2026-07-27 16:00,3528
EVT_OLY_2028_001,VEN_STADIUM_12,ZONE_GATE_A1,2026-07-27 16:05,3529
EVT_OLY_2028_001,VEN_STADIUM_12,ZONE_GATE_A1,2026-07-27 16:10,3530
EVT_OLY_2028_001,VEN_STADIUM_12,ZONE_GATE_A1,2026-07-27 16:15,3531
EVT_OLY_2028_001,VEN_STADIUM_12,ZONE_GATE_A1,2026-07-27 16:20,3532
EVT_OLY_2028_001,VEN_STADIUM_12,ZONE_GATE_A1,2026-07-27 16:25,3533
EVT_OLY_2028_001,VEN_STADIUM_12,ZONE_GATE_A1,2026-07-27 16:30,3534
EVT_OLY_2028_001,VEN_STADIUM_12,ZONE_GATE_A1,2026-07-27 16:35,3535
EVT_OLY_2028_001,VEN_STADIUM_12,ZONE_GATE_A1,2026-07-27 16:40,3536
EVT_OLY_2028_001,VEN_STADIUM_12,ZONE_GATE_A1,2026-07-27 16:45,3537
EVT_OLY_2028_001,VEN_STADIUM_12,ZONE_GATE_A1,2026-07-27 16:50,3538
EVT_OLY_2028_001,VEN_STADIUM_12,ZONE_GATE_A1,2026-07-27 16:55,3539
EVT_OLY_2028_001,VEN_STADIUM_12,ZONE_GATE_A1,2026-07-27 17:00,3540
EVT_OLY_2028_001,VEN_STADIUM_12,ZONE_GATE_A1,2026-07-27 17:05,3541
EVT_OLY_2028_001,VEN_STADIUM_12,ZONE_GATE_A1,2026-07-27 17:10,3542
EVT_OLY_2028_001,VEN_STADIUM_12,ZONE_GATE_A1,2026-07-27 17:15,3543
EVT_OLY_2028_001,VEN_STADIUM_12,ZONE_GATE_A1,2026-07-27 17:20,3544
EVT_OLY_2028_001,VEN_STADIUM_12,ZONE_GATE_A1,2026-07-27 17:25,3545
EVT_OLY_2028_001,VEN_STADIUM_12,ZONE_GATE_A1,2026-07-27 17:30,3546
EVT_OLY_2028_001,VEN_STADIUM_12,ZONE_GATE_A1,2026-07-27 17:35,3547
EVT_OLY_2028_001,VEN_STADIUM_12,ZONE_GATE_A1,2026-07-27 17:40,3548
EVT_OLY_2028_001,VEN_STADIUM_12,ZONE_GATE_A1,2026-07-27 17:45,3549
EVT_OLY_2028_001,VEN_STADIUM_12,ZONE_GATE_A1,2026-07-27 17:50,3550
EVT_OLY_2028_001,VEN_STADIUM_12,ZONE_GATE_A1,2026-07-27 17:55,3551
EVT_OLY_2028_001,VEN_STADIUM_12,ZONE_GATE_A1,2026-07-27 18:00,3552
EVT_OLY_2028_001,VEN_STADIUM_12,ZONE_GATE_A1,2026-07-27 18:05,3553
EVT_OLY_2028_001,VEN_STADIUM_12,ZONE_GATE_A1,2026-07-27 18:10,3554
EVT_OLY_2028_001,VEN_STADIUM_12,ZONE_GATE_A1,2026-07-27 18:15,3555
EVT_OLY_2028_001,VEN_STADIUM_12,ZONE_GATE_A1,2026-07-27 18:20,3556
EVT_OLY_2028_001,VEN_STADIUM_12,ZONE_GATE_A1,2026-07-27 18:25,3557
EVT_OLY_2028_001,VEN_STADIUM_12,ZONE_GATE_A1,2026-07-27 18:30,3558
EVT_OLY_2028_001,VEN_STADIUM_12,ZONE_GATE_A1,2026-07-27 18:35,3559
EVT_OLY_2028_001,VEN_STADIUM_12,ZONE_GATE_A1,2026-07-27 18:40,3560
EVT_OLY_2028_001,VEN_STADIUM_12,ZONE_GATE_A1,2026-07-27 18:45,3561
EVT_OLY_2028_001,VEN_STADIUM_12,ZONE_GATE_A1,2026-07-27 18:50,3562
EVT_OLY_2028_001,VEN_STADIUM_12,ZONE_GATE_A1,2026-07-27 18:55,3563
EVT_OLY_2028_001,VEN_STADIUM_12,ZONE_GATE_A1,2026-07-27 19:00,3564
EVT_OLY_2028_001,VEN_STADIUM_12,ZONE_GATE_A1,2026-07-27 19:05,3565
EVT_OLY_2028_001,VEN_STADIUM_12,ZONE_GATE_A1,2026-07-27 19:10,3566
EVT_OLY_2028_001,VEN_STADIUM_12,ZONE_GATE_A1,2026-07-27 19:15,3567
EVT_OLY_2028_001,VEN_STADIUM_12,ZONE_GATE_A1,2026-07-27 19:20,3568
EVT_OLY_2028_001,VEN_STADIUM_12,ZONE_GATE_A1,2026-07-27 19:25,3569
EVT_OLY_2028_001,VEN_STADIUM_12,ZONE_GATE_A1,2026-07-27 19:30,3570
EVT_OLY_2028_001,VEN_STADIUM_12,ZONE_GATE_A1,2026-07-27 19:35,3571
EVT_OLY_2028_001,VEN_STADIUM_12,ZONE_GATE_A1,2026-07-27 19:40,3572
EVT_OLY_2028_001,VEN_STADIUM_12,ZONE_GATE_A1,2026-07-27 19:45,3573
EVT_OLY_2028_001,VEN_STADIUM_12,ZONE_GATE_A1,2026-07-27 19:50,3574
EVT_OLY_2028_001,VEN_STADIUM_12,ZONE_GATE_A1,2026-07-27 19:55,3575
EVT_OLY_2028_001,VEN_STADIUM_12,ZONE_GATE_A1,2026-07-27 20:00,3576
EVT_OLY_2028_001,VEN_STADIUM_12,ZONE_GATE_A1,2026-07-27 20:05,3577
EVT_OLY_2028_001,VEN_STADIUM_12,ZONE_GATE_A1,2026-07-27 20:10,3578
EVT_OLY_2028_001,VEN_STADIUM_12,ZONE_GATE_A1,2026-07-27 20:15,3579
EVT_OLY_2028_001,VEN_STADIUM_12,ZONE_GATE_A1,2026-07-27 20:20,3580
EVT_OLY_2028_001,VEN_STADIUM_12,ZONE_GATE_A1,2026-07-27 20:25,3581
EVT_OLY_2028_001,VEN_STADIUM_12,ZONE_GATE_A1,2026-07-27 20:30,3582
EVT_OLY_2028_001,VEN_STADIUM_12,ZONE_GATE_A1,2026-07-27 20:35,3583
EVT_OLY_2028_001,VEN_STADIUM_12,ZONE_GATE_A1,2026-07-27 20:40,3584
EVT_OLY_2028_001,VEN_STADIUM_12,ZONE_GATE_A1,2026-07-27 20:45,3585
EVT_OLY_2028_001,VEN_STADIUM_12,ZONE_GATE_A1,2026-07-27 20:50,3586
EVT_OLY_2028_001,VEN_STADIUM_12,ZONE_GATE_A1,2026-07-27 20:55,3587
EVT_OLY_2028_001,VEN_STADIUM_12,ZONE_GATE_A1,2026-07-27 21:00,3588
EVT_OLY_2028_001,VEN_STADIUM_12,ZONE_GATE_A1,2026-07-27 21:05,3589
EVT_OLY_2028_001,VEN_STADIUM_12,ZONE_GATE_A1,2026-07-27 21:10,3590
EVT_OLY_2028_001,VEN_STADIUM_12,ZONE_GATE_A1,2026-07-27 21:15,3591
EVT_OLY_2028_001,VEN_STADIUM_12,ZONE_GATE_A1,2026-07-27 21:20,3592
EVT_OLY_2028_001,VEN_STADIUM_12,ZONE_GATE_A1,2026-07-27 21:25,3593
EVT_OLY_2028_001,VEN_STADIUM_12,ZONE_GATE_A1,2026-07-27 21:30,3594
EVT_OLY_2028_001,VEN_STADIUM_12,ZONE_GATE_A1,2026-07-27 21:35,3595
EVT_OLY_2028_001,VEN_STADIUM_12,ZONE_GATE_A1,2026-07-27 21:40,3596
EVT_OLY_2028_001,VEN_STADIUM_12,ZONE_GATE_A1,2026-07-27 21:45,3597
EVT_OLY_2028_001,VEN_STADIUM_12,ZONE_GATE_A1,2026-07-27 21:50,3598
EVT_OLY_2028_001,VEN_STADIUM_12,ZONE_GATE_A1,2026-07-27 21:55,3599
EVT_OLY_2028_001,VEN_STADIUM_12,ZONE_GATE_A1,2026-07-27 22:00,3600
EVT_OLY_2028_001,VEN_STADIUM_12,ZONE_GATE_A1,2026-07-27 22:05,3601
EVT_OLY_2028_001,VEN_STADIUM_12,ZONE_GATE_A1,2026-07-27 22:10,3602
EVT_OLY_2028_001,VEN_STADIUM_12,ZONE_GATE_A1,2026-07-27 22:15,3603
EVT_OLY_2028_001,VEN_STADIUM_12,ZONE_GATE_A1,2026-07-27 22:20,3604
EVT_OLY_2028_001,VEN_STADIUM_12,ZONE_GATE_A1,2026-07-27 22:25,3605
EVT_OLY_2028_001,VEN_STADIUM_12,ZONE_GATE_A1,2026-07-27 22:30,3606
EVT_OLY_2028_001,VEN_STADIUM_12,ZONE_GATE_A1,2026-07-27 22:35,3607
EVT_OLY_2028_001,VEN_STADIUM_12,ZONE_GATE_A1,2026-07-27 22:40,3608
EVT_OLY_2028_001,VEN_STADIUM_12,ZONE_GATE_A1,2026-07-27 22:45,3609
EVT_OLY_2028_001,VEN_STADIUM_12,ZONE_GATE_A1,2026-07-27 22:50,3610
EVT_OLY_2028_001,VEN_STADIUM_12,ZONE_GATE_A1,2026-07-27 22:55,3611
EVT_OLY_2028_001,VEN_STADIUM_12,ZONE_GATE_A1,2026-07-27 23:00,3612
EVT_OLY_2028_001,VEN_STADIUM_12,ZONE_GATE_A1,2026-07-27 23:05,3613
EVT_OLY_2028_001,VEN_STADIUM_12,ZONE_GATE_A1,2026-07-27 23:10,3614
EVT_OLY_2028_001,VEN_STADIUM_12,ZONE_GATE_A1,2026-07-27 23:15,3615
EVT_OLY_2028_001,VEN_STADIUM_12,ZONE_GATE_A1,2026-07-27 23:20,3616
EVT_OLY_2028_001,VEN_STADIUM_12,ZONE_GATE_A1,2026-07-27 23:25,3617
EVT_OLY_2028_001,VEN_STADIUM_12,ZONE_GATE_A1,2026-07-27 23:30,3618
EVT_OLY_2028_001,VEN_STADIUM_12,ZONE_GATE_A1,2026-07-27 23:35,3619
EVT_OLY_2028_001,VEN_STADIUM_12,ZONE_GATE_A1,2026-07-27 23:40,3620
EVT_OLY_2028_001,VEN_STADIUM_12,ZONE_GATE_A1,2026-07-27 23:45,3621
EVT_OLY_2028_001,VEN_STADIUM_12,ZONE_GATE_A1,2026-07-27 23:50,3622
EVT_OLY_2028_001,VEN_STADIUM_12,ZONE_GATE_A1,2026-07-27 23:55,3623
EVT_OLY_2028_001,VEN_STADIUM_12,ZONE_GATE_A1,2026-07-28 00:00,3624
EVT_OLY_2028_001,VEN_STADIUM_12,ZONE_GATE_A1,2026-07-28 00:05,3625
EVT_OLY_2028_001,VEN_STADIUM_12,ZONE_GATE_A1,2026-07-28 00:10,3626
EVT_OLY_2028_001,VEN_STADIUM_12,ZONE_GATE_A1,2026-07-28 00:15,3627
EVT_OLY_2028_001,VEN_STADIUM_12,ZONE_GATE_A1,2026-07-28 00:20,3628
EVT_OLY_2028_001,VEN_STADIUM_12,ZONE_GATE_A1,2026-07-28 00:25,3629
EVT_OLY_2028_001,VEN_STADIUM_12,ZONE_GATE_A1,2026-07-28 00:30,3630
EVT_OLY_2028_001,VEN_STADIUM_12,ZONE_GATE_A1,2026-07-28 00:35,3631
EVT_OLY_2028_001,VEN_STADIUM_12,ZONE_GATE_A1,2026-07-28 00:40,3632
EVT_OLY_2028_001,VEN_STADIUM_12,ZONE_GATE_A1,2026-07-28 00:45,3633
EVT_OLY_2028_001,VEN_STADIUM_12,ZONE_GATE_A1,2026-07-28 00:50,3634
EVT_OLY_2028_001,VEN_STADIUM_12,ZONE_GATE_A1,2026-07-28 00:55,3635
EVT_OLY_2028_001,VEN_STADIUM_12,ZONE_GATE_A1,2026-07-28 01:00,3636
EVT_OLY_2028_001,VEN_STADIUM_12,ZONE_GATE_A1,2026-07-28 01:05,3637
EVT_OLY_2028_001,VEN_STADIUM_12,ZONE_GATE_A1,2026-07-28 01:10,3638
EVT_OLY_2028_001,VEN_STADIUM_12,ZONE_GATE_A1,2026-07-28 01:15,3639
EVT_OLY_2028_001,VEN_STADIUM_12,ZONE_GATE_A1,2026-07-28 01:20,3640
EVT_OLY_2028_001,VEN_STADIUM_12,ZONE_GATE_A1,2026-07-28 01:25,3641
EVT_OLY_2028_001,VEN_STADIUM_12,ZONE_GATE_A1,2026-07-28 01:30,3642
EVT_OLY_2028_001,VEN_STADIUM_12,ZONE_GATE_A1,2026-07-28 01:35,3643
EVT_OLY_2028_001,VEN_STADIUM_12,ZONE_GATE_A1,2026-07-28 01:40,3644
EVT_OLY_2028_001,VEN_STADIUM_12,ZONE_GATE_A1,2026-07-28 01:45,3645
EVT_OLY_2028_001,VEN_STADIUM_12,ZONE_GATE_A1,2026-07-28 01:50,3646
EVT_OLY_2028_001,VEN_STADIUM_12,ZONE_GATE_A1,2026-07-28 01:55,3647
EVT_OLY_2028_001,VEN_STADIUM_12,ZONE_GATE_A1,2026-07-28 02:00,3648
EVT_OLY_2028_001,VEN_STADIUM_12,ZONE_GATE_A1,2026-07-28 02:05,3649
EVT_OLY_2028_001,VEN_STADIUM_12,ZONE_GATE_A1,2026-07-28 02:10,3650
EVT_OLY_2028_001,VEN_STADIUM_12,ZONE_GATE_A1,2026-07-28 02:15,3651
EVT_OLY_2028_001,VEN_STADIUM_12,ZONE_GATE_A1,2026-07-28 02:20,3652
EVT_OLY_2028_001,VEN_STADIUM_12,ZONE_GATE_A1,2026-07-28 02:25,3653
EVT_OLY_2028_001,VEN_STADIUM_12,ZONE_GATE_A1,2026-07-28 02:30,3654
EVT_OLY_2028_001,VEN_STADIUM_12,ZONE_GATE_A1,2026-07-28 02:35,3655
EVT_OLY_2028_001,VEN_STADIUM_12,ZONE_GATE_A1,2026-07-28 02:40,3656
EVT_OLY_2028_001,VEN_STADIUM_12,ZONE_GATE_A1,2026-07-28 02:45,3657
EVT_OLY_2028_001,VEN_STADIUM_12,ZONE_GATE_A1,2026-07-28 02:50,3658
EVT_OLY_2028_001,VEN_STADIUM_12,ZONE_GATE_A1,2026-07-28 02:55,3659
EVT_OLY_2028_001,VEN_STADIUM_12,ZONE_GATE_A1,2026-07-28 03:00,3660
EVT_OLY_2028_001,VEN_STADIUM_12,ZONE_GATE_A1,2026-07-28 03:05,3661
EVT_OLY_2028_001,VEN_STADIUM_12,ZONE_GATE_A1,2026-07-28 03:10,3662
EVT_OLY_2028_001,VEN_STADIUM_12,ZONE_GATE_A1,2026-07-28 03:15,3663
EVT_OLY_2028_001,VEN_STADIUM_12,ZONE_GATE_A1,2026-07-28 03:20,3664
EVT_OLY_2028_001,VEN_STADIUM_12,ZONE_GATE_A1,2026-07-28 03:25,3665
EVT_OLY_2028_001,VEN_STADIUM_12,ZONE_GATE_A1,2026-07-28 03:30,3666
EVT_OLY_2028_001,VEN_STADIUM_12,ZONE_GATE_A1,2026-07-28 03:35,3667
EVT_OLY_2028_001,VEN_STADIUM_12,ZONE_GATE_A1,2026-07-28 03:40,3668
EVT_OLY_2028_001,VEN_STADIUM_12,ZONE_GATE_A1,2026-07-28 03:45,3669
EVT_OLY_2028_001,VEN_STADIUM_12,ZONE_GATE_A1,2026-07-28 03:50,3670
EVT_OLY_2028_001,VEN_STADIUM_12,ZONE_GATE_A1,2026-07-28 03:55,3671
EVT_OLY_2028_001,VEN_STADIUM_12,ZONE_GATE_A1,2026-07-28 04:00,3672
EVT_OLY_2028_001,VEN_STADIUM_12,ZONE_GATE_A1,2026-07-28 04:05,3673
EVT_OLY_2028_001,VEN_STADIUM_12,ZONE_GATE_A1,2026-07-28 04:10,3674
EVT_OLY_2028_001,VEN_STADIUM_12,ZONE_GATE_A1,2026-07-28 04:15,3675
EVT_OLY_2028_001,VEN_STADIUM_12,ZONE_GATE_A1,2026-07-28 04:20,3676
EVT_OLY_2028_001,VEN_STADIUM_12,ZONE_GATE_A1,2026-07-28 04:25,3677
EVT_OLY_2028_001,VEN_STADIUM_12,ZONE_GATE_A1,2026-07-28 04:30,3678
EVT_OLY_2028_001,VEN_STADIUM_12,ZONE_GATE_A1,2026-07-28 04:35,3679
EVT_OLY_2028_001,VEN_STADIUM_12,ZONE_GATE_A1,2026-07-28 04:40,3680
EVT_OLY_2028_001,VEN_STADIUM_12,ZONE_GATE_A1,2026-07-28 04:45,3681
EVT_OLY_2028_001,VEN_STADIUM_12,ZONE_GATE_A1,2026-07-28 04:50,3682
EVT_OLY_2028_001,VEN_STADIUM_12,ZONE_GATE_A1,2026-07-28 04:55,3683
EVT_OLY_2028_001,VEN_STADIUM_12,ZONE_GATE_A1,2026-07-28 05:00,3684
EVT_OLY_2028_001,VEN_STADIUM_12,ZONE_GATE_A1,2026-07-28 05:05,3685
EVT_OLY_2028_001,VEN_STADIUM_12,ZONE_GATE_A1,2026-07-28 05:10,3686
EVT_OLY_2028_001,VEN_STADIUM_12,ZONE_GATE_A1,2026-07-28 05:15,3687
EVT_OLY_2028_001,VEN_STADIUM_12,ZONE_GATE_A1,2026-07-28 05:20,3688
EVT_OLY_2028_001,VEN_STADIUM_12,ZONE_GATE_A1,2026-07-28 05:25,3689
EVT_OLY_2028_001,VEN_STADIUM_12,ZONE_GATE_A1,2026-07-28 05:30,3690
EVT_OLY_2028_001,VEN_STADIUM_12,ZONE_GATE_A1,2026-07-28 05:35,3691
EVT_OLY_2028_001,VEN_STADIUM_12,ZONE_GATE_A1,2026-07-28 05:40,3692
EVT_OLY_2028_001,VEN_STADIUM_12,ZONE_GATE_A1,2026-07-28 05:45,3693
EVT_OLY_2028_001,VEN_STADIUM_12,ZONE_GATE_A1,2026-07-28 05:50,3694
EVT_OLY_2028_001,VEN_STADIUM_12,ZONE_GATE_A1,2026-07-28 05:55,3695
EVT_OLY_2028_001,VEN_STADIUM_12,ZONE_GATE_A1,2026-07-28 06:00,3696
EVT_OLY_2028_001,VEN_STADIUM_12,ZONE_GATE_A1,2026-07-28 06:05,3697
EVT_OLY_2028_001,VEN_STADIUM_12,ZONE_GATE_A1,2026-07-28 06:10,3698
EVT_OLY_2028_001,VEN_STADIUM_12,ZONE_GATE_A1,2026-07-28 06:15,3699
EVT_OLY_2028_001,VEN_STADIUM_12,ZONE_GATE_A1,2026-07-28 06:20,3700
EVT_OLY_2028_001,VEN_STADIUM_12,ZONE_GATE_A1,2026-07-28 06:25,3701
EVT_OLY_2028_001,VEN_STADIUM_12,ZONE_GATE_A1,2026-07-28 06:30,3702
EVT_OLY_2028_001,VEN_STADIUM_12,ZONE_GATE_A1,2026-07-28 06:35,3703
EVT_OLY_2028_001,VEN_STADIUM_12,ZONE_GATE_A1,2026-07-28 06:40,3704
EVT_OLY_2028_001,VEN_STADIUM_12,ZONE_GATE_A1,2026-07-28 06:45,3705
EVT_OLY_2028_001,VEN_STADIUM_12,ZONE_GATE_A1,2026-07-28 06:50,3706
EVT_OLY_2028_001,VEN_STADIUM_12,ZONE_GATE_A1,2026-07-28 06:55,3707
EVT_OLY_2028_001,VEN_STADIUM_12,ZONE_GATE_A1,2026-07-28 07:00,3708
EVT_OLY_2028_001,VEN_STADIUM_12,ZONE_GATE_A1,2026-07-28 07:05,3709
EVT_OLY_2028_001,VEN_STADIUM_12,ZONE_GATE_A1,2026-07-28 07:10,3710
EVT_OLY_2028_001,VEN_STADIUM_12,ZONE_GATE_A1,2026-07-28 07:15,3711
EVT_OLY_2028_001,VEN_STADIUM_12,ZONE_GATE_A1,2026-07-28 07:20,3712
EVT_OLY_2028_001,VEN_STADIUM_12,ZONE_GATE_A1,2026-07-28 07:25,3713
EVT_OLY_2028_001,VEN_STADIUM_12,ZONE_GATE_A1,2026-07-28 07:30,3714
EVT_OLY_2028_001,VEN_STADIUM_12,ZONE_GATE_A1,2026-07-28 07:35,3715
EVT_OLY_2028_001,VEN_STADIUM_12,ZONE_GATE_A1,2026-07-28 07:40,3716
EVT_OLY_2028_001,VEN_STADIUM_12,ZONE_GATE_A1,2026-07-28 07:45,3717
EVT_OLY_2028_001,VEN_STADIUM_12,ZONE_GATE_A1,2026-07-28 07:50,3718
EVT_OLY_2028_001,VEN_STADIUM_12,ZONE_GATE_A1,2026-07-28 07:55,3719
EVT_OLY_2028_001,VEN_STADIUM_12,ZONE_GATE_A1,2026-07-28 08:00,3720
EVT_OLY_2028_001,VEN_STADIUM_12,ZONE_GATE_A1,2026-07-28 08:05,3721
EVT_OLY_2028_001,VEN_STADIUM_12,ZONE_GATE_A1,2026-07-28 08:10,3722
EVT_OLY_2028_001,VEN_STADIUM_12,ZONE_GATE_A1,2026-07-28 08:15,3723
EVT_OLY_2028_001,VEN_STADIUM_12,ZONE_GATE_A1,2026-07-28 08:20,3724
EVT_OLY_2028_001,VEN_STADIUM_12,ZONE_GATE_A1,2026-07-28 08:25,3725
EVT_OLY_2028_001,VEN_STADIUM_12,ZONE_GATE_A1,2026-07-28 08:30,3726
EVT_OLY_2028_001,VEN_STADIUM_12,ZONE_GATE_A1,2026-07-28 08:35,3727
EVT_OLY_2028_001,VEN_STADIUM_12,ZONE_GATE_A1,2026-07-28 08:40,3728
EVT_OLY_2028_001,VEN_STADIUM_12,ZONE_GATE_A1,2026-07-28 08:45,3729
EVT_OLY_2028_001,VEN_STADIUM_12,ZONE_GATE_A1,2026-07-28 08:50,3730
EVT_OLY_2028_001,VEN_STADIUM_12,ZONE_GATE_A1,2026-07-28 08:55,3731
EVT_OLY_2028_001,VEN_STADIUM_12,ZONE_GATE_A1,2026-07-28 09:00,3732
EVT_OLY_2028_001,VEN_STADIUM_12,ZONE_GATE_A1,2026-07-28 09:05,3733
EVT_OLY_2028_001,VEN_STADIUM_12,ZONE_GATE_A1,2026-07-28 09:10,3734
EVT_OLY_2028_001,VEN_STADIUM_12,ZONE_GATE_A1,2026-07-28 09:15,3735
EVT_OLY_2028_001,VEN_STADIUM_12,ZONE_GATE_A1,2026-07-28 09:20,3736
EVT_OLY_2028_001,VEN_STADIUM_12,ZONE_GATE_A1,2026-07-28 09:25,3737
EVT_OLY_2028_001,VEN_STADIUM_12,ZONE_GATE_A1,2026-07-28 09:30,3738
EVT_OLY_2028_001,VEN_STADIUM_12,ZONE_GATE_A1,2026-07-28 09:35,3739
EVT_OLY_2028_001,VEN_STADIUM_12,ZONE_GATE_A1,2026-07-28 09:40,3740
EVT_OLY_2028_001,VEN_STADIUM_12,ZONE_GATE_A1,2026-07-28 09:45,3741
EVT_OLY_2028_001,VEN_STADIUM_12,ZONE_GATE_A1,2026-07-28 09:50,3742
EVT_OLY_2028_001,VEN_STADIUM_12,ZONE_GATE_A1,2026-07-28 09:55,3743
EVT_OLY_2028_001,VEN_STADIUM_12,ZONE_GATE_A1,2026-07-28 10:00,3744
EVT_OLY_2028_001,VEN_STADIUM_12,ZONE_GATE_A1,2026-07-28 10:05,3745
EVT_OLY_2028_001,VEN_STADIUM_12,ZONE_GATE_A1,2026-07-28 10:10,3746
EVT_OLY_2028_001,VEN_STADIUM_12,ZONE_GATE_A1,2026-07-28 10:15,3747
EVT_OLY_2028_001,VEN_STADIUM_12,ZONE_GATE_A1,2026-07-28 10:20,3748
EVT_OLY_2028_001,VEN_STADIUM_12,ZONE_GATE_A1,2026-07-28 10:25,3749
EVT_OLY_2028_001,VEN_STADIUM_12,ZONE_GATE_A1,2026-07-28 10:30,3750
EVT_OLY_2028_001,VEN_STADIUM_12,ZONE_GATE_A1,2026-07-28 10:35,3751
EVT_OLY_2028_001,VEN_STADIUM_12,ZONE_GATE_A1,2026-07-28 10:40,3752
EVT_OLY_2028_001,VEN_STADIUM_12,ZONE_GATE_A1,2026-07-28 10:45,3753
EVT_OLY_2028_001,VEN_STADIUM_12,ZONE_GATE_A1,2026-07-28 10:50,3754
EVT_OLY_2028_001,VEN_STADIUM_12,ZONE_GATE_A1,2026-07-28 10:55,3755
EVT_OLY_2028_001,VEN_STADIUM_12,ZONE_GATE_A1,2026-07-28 11:00,3756
EVT_OLY_2028_001,VEN_STADIUM_12,ZONE_GATE_A1,2026-07-28 11:05,3757
EVT_OLY_2028_001,VEN_STADIUM_12,ZONE_GATE_A1,2026-07-28 11:10,3758
EVT_OLY_2028_001,VEN_STADIUM_12,ZONE_GATE_A1,2026-07-28 11:15,3759
EVT_OLY_2028_001,VEN_STADIUM_12,ZONE_GATE_A1,2026-07-28 11:20,3760
EVT_OLY_2028_001,VEN_STADIUM_12,ZONE_GATE_A1,2026-07-28 11:25,3761
EVT_OLY_2028_001,VEN_STADIUM_12,ZONE_GATE_A1,2026-07-28 11:30,3762
EVT_OLY_2028_001,VEN_STADIUM_12,ZONE_GATE_A1,2026-07-28 11:35,3763
EVT_OLY_2028_001,VEN_STADIUM_12,ZONE_GATE_A1,2026-07-28 11:40,3764
EVT_OLY_2028_001,VEN_STADIUM_12,ZONE_GATE_A1,2026-07-28 11:45,3765
EVT_OLY_2028_001,VEN_STADIUM_12,ZONE_GATE_A1,2026-07-28 11:50,3766
EVT_OLY_2028_001,VEN_STADIUM_12,ZONE_GATE_A1,2026-07-28 11:55,3767
EVT_OLY_2028_001,VEN_STADIUM_12,ZONE_GATE_A1,2026-07-28 12:00,3768
EVT_OLY_2028_001,VEN_STADIUM_12,ZONE_GATE_A1,2026-07-28 12:05,3769
EVT_OLY_2028_001,VEN_STADIUM_12,ZONE_GATE_A1,2026-07-28 12:10,3770
EVT_OLY_2028_001,VEN_STADIUM_12,ZONE_GATE_A1,2026-07-28 12:15,3771
EVT_OLY_2028_001,VEN_STADIUM_12,ZONE_GATE_A1,2026-07-28 12:20,3772
EVT_OLY_2028_001,VEN_STADIUM_12,ZONE_GATE_A1,2026-07-28 12:25,3773
EVT_OLY_2028_001,VEN_STADIUM_12,ZONE_GATE_A1,2026-07-28 12:30,3774
EVT_OLY_2028_001,VEN_STADIUM_12,ZONE_GATE_A1,2026-07-28 12:35,3775
EVT_OLY_2028_001,VEN_STADIUM_12,ZONE_GATE_A1,2026-07-28 12:40,3776
EVT_OLY_2028_001,VEN_STADIUM_12,ZONE_GATE_A1,2026-07-28 12:45,3777
EVT_OLY_2028_001,VEN_STADIUM_12,ZONE_GATE_A1,2026-07-28 12:50,3778
EVT_OLY_2028_001,VEN_STADIUM_12,ZONE_GATE_A1,2026-07-28 12:55,3779
EVT_OLY_2028_001,VEN_STADIUM_12,ZONE_GATE_A1,2026-07-28 13:00,3780
EVT_OLY_2028_001,VEN_STADIUM_12,ZONE_GATE_A1,2026-07-28 13:05,3781
EVT_OLY_2028_001,VEN_STADIUM_12,ZONE_GATE_A1,2026-07-28 13:10,3782
EVT_OLY_2028_001,VEN_STADIUM_12,ZONE_GATE_A1,2026-07-28 13:15,3783
EVT_OLY_2028_001,VEN_STADIUM_12,ZONE_GATE_A1,2026-07-28 13:20,3784
EVT_OLY_2028_001,VEN_STADIUM_12,ZONE_GATE_A1,2026-07-28 13:25,3785
EVT_OLY_2028_001,VEN_STADIUM_12,ZONE_GATE_A1,2026-07-28 13:30,3786
EVT_OLY_2028_001,VEN_STADIUM_12,ZONE_GATE_A1,2026-07-28 13:35,3787
EVT_OLY_2028_001,VEN_STADIUM_12,ZONE_GATE_A1,2026-07-28 13:40,3788
EVT_OLY_2028_001,VEN_STADIUM_12,ZONE_GATE_A1,2026-07-28 13:45,3789
EVT_OLY_2028_001,VEN_STADIUM_12,ZONE_GATE_A1,2026-07-28 13:50,3790
EVT_OLY_2028_001,VEN_STADIUM_12,ZONE_GATE_A1,2026-07-28 13:55,3791
EVT_OLY_2028_001,VEN_STADIUM_12,ZONE_GATE_A1,2026-07-28 14:00,3792
EVT_OLY_2028_001,VEN_STADIUM_12,ZONE_GATE_A1,2026-07-28 14:05,3793
EVT_OLY_2028_001,VEN_STADIUM_12,ZONE_GATE_A1,2026-07-28 14:10,3794
EVT_OLY_2028_001,VEN_STADIUM_12,ZONE_GATE_A1,2026-07-28 14:15,3795
EVT_OLY_2028_001,VEN_STADIUM_12,ZONE_GATE_A1,2026-07-28 14:20,3796
EVT_OLY_2028_001,VEN_STADIUM_12,ZONE_GATE_A1,2026-07-28 14:25,3797
EVT_OLY_2028_001,VEN_STADIUM_12,ZONE_GATE_A1,2026-07-28 14:30,3798
EVT_OLY_2028_001,VEN_STADIUM_12,ZONE_GATE_A1,2026-07-28 14:35,3799
EVT_OLY_2028_001,VEN_STADIUM_12,ZONE_GATE_A1,2026-07-28 14:40,3800
EVT_OLY_2028_001,VEN_STADIUM_12,ZONE_GATE_A1,2026-07-28 14:45,3801
EVT_OLY_2028_001,VEN_STADIUM_12,ZONE_GATE_A1,2026-07-28 14:50,3802
EVT_OLY_2028_001,VEN_STADIUM_12,ZONE_GATE_A1,2026-07-28 14:55,3803
EVT_OLY_2028_001,VEN_STADIUM_12,ZONE_GATE_A1,2026-07-28 15:00,3804
EVT_OLY_2028_001,VEN_STADIUM_12,ZONE_GATE_A1,2026-07-28 15:05,3805
EVT_OLY_2028_001,VEN_STADIUM_12,ZONE_GATE_A1,2026-07-28 15:10,3806
EVT_OLY_2028_001,VEN_STADIUM_12,ZONE_GATE_A1,2026-07-28 15:15,3807
EVT_OLY_2028_001,VEN_STADIUM_12,ZONE_GATE_A1,2026-07-28 15:20,3808
EVT_OLY_2028_001,VEN_STADIUM_12,ZONE_GATE_A1,2026-07-28 15:25,3809
EVT_OLY_2028_001,VEN_STADIUM_12,ZONE_GATE_A1,2026-07-28 15:30,3810
EVT_OLY_2028_001,VEN_STADIUM_12,ZONE_GATE_A1,2026-07-28 15:35,3811
EVT_OLY_2028_001,VEN_STADIUM_12,ZONE_GATE_A1,2026-07-28 15:40,3812
EVT_OLY_2028_001,VEN_STADIUM_12,ZONE_GATE_A1,2026-07-28 15:45,3813
EVT_OLY_2028_001,VEN_STADIUM_12,ZONE_GATE_A1,2026-07-28 15:50,3814
EVT_OLY_2028_001,VEN_STADIUM_12,ZONE_GATE_A1,2026-07-28 15:55,3815
EVT_OLY_2028_001,VEN_STADIUM_12,ZONE_GATE_A1,2026-07-28 16:00,3816
EVT_OLY_2028_001,VEN_STADIUM_12,ZONE_GATE_A1,2026-07-28 16:05,3817
EVT_OLY_2028_001,VEN_STADIUM_12,ZONE_GATE_A1,2026-07-28 16:10,3818
EVT_OLY_2028_001,VEN_STADIUM_12,ZONE_GATE_A1,2026-07-28 16:15,3819
EVT_OLY_2028_001,VEN_STADIUM_12,ZONE_GATE_A1,2026-07-28 16:20,3820
EVT_OLY_2028_001,VEN_STADIUM_12,ZONE_GATE_A1,2026-07-28 16:25,3821
EVT_OLY_2028_001,VEN_STADIUM_12,ZONE_GATE_A1,2026-07-28 16:30,3822
EVT_OLY_2028_001,VEN_STADIUM_12,ZONE_GATE_A1,2026-07-28 16:35,3823
EVT_OLY_2028_001,VEN_STADIUM_12,ZONE_GATE_A1,2026-07-28 16:40,3824
EVT_OLY_2028_001,VEN_STADIUM_12,ZONE_GATE_A1,2026-07-28 16:45,3825
EVT_OLY_2028_001,VEN_STADIUM_12,ZONE_GATE_A1,2026-07-28 16:50,3826
EVT_OLY_2028_001,VEN_STADIUM_12,ZONE_GATE_A1,2026-07-28 16:55,3827
EVT_OLY_2028_001,VEN_STADIUM_12,ZONE_GATE_A1,2026-07-28 17:00,3828
EVT_OLY_2028_001,VEN_STADIUM_12,ZONE_GATE_A1,2026-07-28 17:05,3829
EVT_OLY_2028_001,VEN_STADIUM_12,ZONE_GATE_A1,2026-07-28 17:10,3830
EVT_OLY_2028_001,VEN_STADIUM_12,ZONE_GATE_A1,2026-07-28 17:15,3831
EVT_OLY_2028_001,VEN_STADIUM_12,ZONE_GATE_A1,2026-07-28 17:20,3832
EVT_OLY_2028_001,VEN_STADIUM_12,ZONE_GATE_A1,2026-07-28 17:25,3833
EVT_OLY_2028_001,VEN_STADIUM_12,ZONE_GATE_A1,2026-07-28 17:30,3834
EVT_OLY_2028_001,VEN_STADIUM_12,ZONE_GATE_A1,2026-07-28 17:35,3835
EVT_OLY_2028_001,VEN_STADIUM_12,ZONE_GATE_A1,2026-07-28 17:40,3836
EVT_OLY_2028_001,VEN_STADIUM_12,ZONE_GATE_A1,2026-07-28 17:45,3837
EVT_OLY_2028_001,VEN_STADIUM_12,ZONE_GATE_A1,2026-07-28 17:50,3838
EVT_OLY_2028_001,VEN_STADIUM_12,ZONE_GATE_A1,2026-07-28 17:55,3839
EVT_OLY_2028_001,VEN_STADIUM_12,ZONE_GATE_A1,2026-07-28 18:00,3840
EVT_OLY_2028_001,VEN_STADIUM_12,ZONE_GATE_A1,2026-07-28 18:05,3841
EVT_OLY_2028_001,VEN_STADIUM_12,ZONE_GATE_A1,2026-07-28 18:10,3842
EVT_OLY_2028_001,VEN_STADIUM_12,ZONE_GATE_A1,2026-07-28 18:15,3843
EVT_OLY_2028_001,VEN_STADIUM_12,ZONE_GATE_A1,2026-07-28 18:20,3844
EVT_OLY_2028_001,VEN_STADIUM_12,ZONE_GATE_A1,2026-07-28 18:25,3845
EVT_OLY_2028_001,VEN_STADIUM_12,ZONE_GATE_A1,2026-07-28 18:30,3846
EVT_OLY_2028_001,VEN_STADIUM_12,ZONE_GATE_A1,2026-07-28 18:35,3847
EVT_OLY_2028_001,VEN_STADIUM_12,ZONE_GATE_A1,2026-07-28 18:40,3848
EVT_OLY_2028_001,VEN_STADIUM_12,ZONE_GATE_A1,2026-07-28 18:45,3849
EVT_OLY_2028_001,VEN_STADIUM_12,ZONE_GATE_A1,2026-07-28 18:50,3850
EVT_OLY_2028_001,VEN_STADIUM_12,ZONE_GATE_A1,2026-07-28 18:55,3851
EVT_OLY_2028_001,VEN_STADIUM_12,ZONE_GATE_A1,2026-07-28 19:00,3852
EVT_OLY_2028_001,VEN_STADIUM_12,ZONE_GATE_A1,2026-07-28 19:05,3853
EVT_OLY_2028_001,VEN_STADIUM_12,ZONE_GATE_A1,2026-07-28 19:10,3854
EVT_OLY_2028_001,VEN_STADIUM_12,ZONE_GATE_A1,2026-07-28 19:15,3855
EVT_OLY_2028_001,VEN_STADIUM_12,ZONE_GATE_A1,2026-07-28 19:20,3856
EVT_OLY_2028_001,VEN_STADIUM_12,ZONE_GATE_A1,2026-07-28 19:25,3857
EVT_OLY_2028_001,VEN_STADIUM_12,ZONE_GATE_A1,2026-07-28 19:30,3858
EVT_OLY_2028_001,VEN_STADIUM_12,ZONE_GATE_A1,2026-07-28 19:35,3859
EVT_OLY_2028_001,VEN_STADIUM_12,ZONE_GATE_A1,2026-07-28 19:40,3860
EVT_OLY_2028_001,VEN_STADIUM_12,ZONE_GATE_A1,2026-07-28 19:45,3861
EVT_OLY_2028_001,VEN_STADIUM_12,ZONE_GATE_A1,2026-07-28 19:50,3862
EVT_OLY_2028_001,VEN_STADIUM_12,ZONE_GATE_A1,2026-07-28 19:55,3863
EVT_OLY_2028_001,VEN_STADIUM_12,ZONE_GATE_A1,2026-07-28 20:00,3864
EVT_OLY_2028_001,VEN_STADIUM_12,ZONE_GATE_A1,2026-07-28 20:05,3865
EVT_OLY_2028_001,VEN_STADIUM_12,ZONE_GATE_A1,2026-07-28 20:10,3866
EVT_OLY_2028_001,VEN_STADIUM_12,ZONE_GATE_A1,2026-07-28 20:15,3867
EVT_OLY_2028_001,VEN_STADIUM_12,ZONE_GATE_A1,2026-07-28 20:20,3868
EVT_OLY_2028_001,VEN_STADIUM_12,ZONE_GATE_A1,2026-07-28 20:25,3869
EVT_OLY_2028_001,VEN_STADIUM_12,ZONE_GATE_A1,2026-07-28 20:30,3870
EVT_OLY_2028_001,VEN_STADIUM_12,ZONE_GATE_A1,2026-07-28 20:35,3871
EVT_OLY_2028_001,VEN_STADIUM_12,ZONE_GATE_A1,2026-07-28 20:40,3872
EVT_OLY_2028_001,VEN_STADIUM_12,ZONE_GATE_A1,2026-07-28 20:45,3873
EVT_OLY_2028_001,VEN_STADIUM_12,ZONE_GATE_A1,2026-07-28 20:50,3874
EVT_OLY_2028_001,VEN_STADIUM_12,ZONE_GATE_A1,2026-07-28 20:55,3875
EVT_OLY_2028_001,VEN_STADIUM_12,ZONE_GATE_A1,2026-07-28 21:00,3876
EVT_OLY_2028_001,VEN_STADIUM_12,ZONE_GATE_A1,2026-07-28 21:05,3877
EVT_OLY_2028_001,VEN_STADIUM_12,ZONE_GATE_A1,2026-07-28 21:10,3878
EVT_OLY_2028_001,VEN_STADIUM_12,ZONE_GATE_A1,2026-07-28 21:15,3879
EVT_OLY_2028_001,VEN_STADIUM_12,ZONE_GATE_A1,2026-07-28 21:20,3880
EVT_OLY_2028_001,VEN_STADIUM_12,ZONE_GATE_A1,2026-07-28 21:25,3881
EVT_OLY_2028_001,VEN_STADIUM_12,ZONE_GATE_A1,2026-07-28 21:30,3882
EVT_OLY_2028_001,VEN_STADIUM_12,ZONE_GATE_A1,2026-07-28 21:35,3883
EVT_OLY_2028_001,VEN_STADIUM_12,ZONE_GATE_A1,2026-07-28 21:40,3884
EVT_OLY_2028_001,VEN_STADIUM_12,ZONE_GATE_A1,2026-07-28 21:45,3885
EVT_OLY_2028_001,VEN_STADIUM_12,ZONE_GATE_A1,2026-07-28 21:50,3886
EVT_OLY_2028_001,VEN_STADIUM_12,ZONE_GATE_A1,2026-07-28 21:55,3887
EVT_OLY_2028_001,VEN_STADIUM_12,ZONE_GATE_A1,2026-07-28 22:00,3888
EVT_OLY_2028_001,VEN_STADIUM_12,ZONE_GATE_A1,2026-07-28 22:05,3889
EVT_OLY_2028_001,VEN_STADIUM_12,ZONE_GATE_A1,2026-07-28 22:10,3890
EVT_OLY_2028_001,VEN_STADIUM_12,ZONE_GATE_A1,2026-07-28 22:15,3891
EVT_OLY_2028_001,VEN_STADIUM_12,ZONE_GATE_A1,2026-07-28 22:20,3892
EVT_OLY_2028_001,VEN_STADIUM_12,ZONE_GATE_A1,2026-07-28 22:25,3893
EVT_OLY_2028_001,VEN_STADIUM_12,ZONE_GATE_A1,2026-07-28 22:30,3894
EVT_OLY_2028_001,VEN_STADIUM_12,ZONE_GATE_A1,2026-07-28 22:35,3895
EVT_OLY_2028_001,VEN_STADIUM_12,ZONE_GATE_A1,2026-07-28 22:40,3896
EVT_OLY_2028_001,VEN_STADIUM_12,ZONE_GATE_A1,2026-07-28 22:45,3897
EVT_OLY_2028_001,VEN_STADIUM_12,ZONE_GATE_A1,2026-07-28 22:50,3898
EVT_OLY_2028_001,VEN_STADIUM_12,ZONE_GATE_A1,2026-07-28 22:55,3899
EVT_OLY_2028_001,VEN_STADIUM_12,ZONE_GATE_A1,2026-07-28 23:00,3900
EVT_OLY_2028_001,VEN_STADIUM_12,ZONE_GATE_A1,2026-07-28 23:05,3901
EVT_OLY_2028_001,VEN_STADIUM_12,ZONE_GATE_A1,2026-07-28 23:10,3902
EVT_OLY_2028_001,VEN_STADIUM_12,ZONE_GATE_A1,2026-07-28 23:15,3903
EVT_OLY_2028_001,VEN_STADIUM_12,ZONE_GATE_A1,2026-07-28 23:20,3904
EVT_OLY_2028_001,VEN_STADIUM_12,ZONE_GATE_A1,2026-07-28 23:25,3905
EVT_OLY_2028_001,VEN_STADIUM_12,ZONE_GATE_A1,2026-07-28 23:30,3906
EVT_OLY_2028_001,VEN_STADIUM_12,ZONE_GATE_A1,2026-07-28 23:35,3907
EVT_OLY_2028_001,VEN_STADIUM_12,ZONE_GATE_A1,2026-07-28 23:40,3908
EVT_OLY_2028_001,VEN_STADIUM_12,ZONE_GATE_A1,2026-07-28 23:45,3909
EVT_OLY_2028_001,VEN_STADIUM_12,ZONE_GATE_A1,2026-07-28 23:50,3910
EVT_OLY_2028_001,VEN_STADIUM_12,ZONE_GATE_A1,2026-07-28 23:55,3911
EVT_OLY_2028_001,VEN_STADIUM_12,ZONE_GATE_A1,2026-07-29 00:00,3912
EVT_OLY_2028_001,VEN_STADIUM_12,ZONE_GATE_A1,2026-07-29 00:05,3913
EVT_OLY_2028_001,VEN_STADIUM_12,ZONE_GATE_A1,2026-07-29 00:10,3914
EVT_OLY_2028_001,VEN_STADIUM_12,ZONE_GATE_A1,2026-07-29 00:15,3915
EVT_OLY_2028_001,VEN_STADIUM_12,ZONE_GATE_A1,2026-07-29 00:20,3916
EVT_OLY_2028_001,VEN_STADIUM_12,ZONE_GATE_A1,2026-07-29 00:25,3917
EVT_OLY_2028_001,VEN_STADIUM_12,ZONE_GATE_A1,2026-07-29 00:30,3918
EVT_OLY_2028_001,VEN_STADIUM_12,ZONE_GATE_A1,2026-07-29 00:35,3919
EVT_OLY_2028_001,VEN_STADIUM_12,ZONE_GATE_A1,2026-07-29 00:40,3920
EVT_OLY_2028_001,VEN_STADIUM_12,ZONE_GATE_A1,2026-07-29 00:45,3921
EVT_OLY_2028_001,VEN_STADIUM_12,ZONE_GATE_A1,2026-07-29 00:50,3922
EVT_OLY_2028_001,VEN_STADIUM_12,ZONE_GATE_A1,2026-07-29 00:55,3923
EVT_OLY_2028_001,VEN_STADIUM_12,ZONE_GATE_A1,2026-07-29 01:00,3924
EVT_OLY_2028_001,VEN_STADIUM_12,ZONE_GATE_A1,2026-07-29 01:05,3925
EVT_OLY_2028_001,VEN_STADIUM_12,ZONE_GATE_A1,2026-07-29 01:10,3926
EVT_OLY_2028_001,VEN_STADIUM_12,ZONE_GATE_A1,2026-07-29 01:15,3927
EVT_OLY_2028_001,VEN_STADIUM_12,ZONE_GATE_A1,2026-07-29 01:20,3928
EVT_OLY_2028_001,VEN_STADIUM_12,ZONE_GATE_A1,2026-07-29 01:25,3929
EVT_OLY_2028_001,VEN_STADIUM_12,ZONE_GATE_A1,2026-07-29 01:30,3930
EVT_OLY_2028_001,VEN_STADIUM_12,ZONE_GATE_A1,2026-07-29 01:35,3931
EVT_OLY_2028_001,VEN_STADIUM_12,ZONE_GATE_A1,2026-07-29 01:40,3932
EVT_OLY_2028_001,VEN_STADIUM_12,ZONE_GATE_A1,2026-07-29 01:45,3933
EVT_OLY_2028_001,VEN_STADIUM_12,ZONE_GATE_A1,2026-07-29 01:50,3934
EVT_OLY_2028_001,VEN_STADIUM_12,ZONE_GATE_A1,2026-07-29 01:55,3935
EVT_OLY_2028_001,VEN_STADIUM_12,ZONE_GATE_A1,2026-07-29 02:00,3936
EVT_OLY_2028_001,VEN_STADIUM_12,ZONE_GATE_A1,2026-07-29 02:05,3937
EVT_OLY_2028_001,VEN_STADIUM_12,ZONE_GATE_A1,2026-07-29 02:10,3938
EVT_OLY_2028_001,VEN_STADIUM_12,ZONE_GATE_A1,2026-07-29 02:15,3939
EVT_OLY_2028_001,VEN_STADIUM_12,ZONE_GATE_A1,2026-07-29 02:20,3940
EVT_OLY_2028_001,VEN_STADIUM_12,ZONE_GATE_A1,2026-07-29 02:25,3941
EVT_OLY_2028_001,VEN_STADIUM_12,ZONE_GATE_A1,2026-07-29 02:30,3942
EVT_OLY_2028_001,VEN_STADIUM_12,ZONE_GATE_A1,2026-07-29 02:35,3943
EVT_OLY_2028_001,VEN_STADIUM_12,ZONE_GATE_A1,2026-07-29 02:40,3944
EVT_OLY_2028_001,VEN_STADIUM_12,ZONE_GATE_A1,2026-07-29 02:45,3945
EVT_OLY_2028_001,VEN_STADIUM_12,ZONE_GATE_A1,2026-07-29 02:50,3946
EVT_OLY_2028_001,VEN_STADIUM_12,ZONE_GATE_A1,2026-07-29 02:55,3947
EVT_OLY_2028_001,VEN_STADIUM_12,ZONE_GATE_A1,2026-07-29 03:00,3948
EVT_OLY_2028_001,VEN_STADIUM_12,ZONE_GATE_A1,2026-07-29 03:05,3949
EVT_OLY_2028_001,VEN_STADIUM_12,ZONE_GATE_A1,2026-07-29 03:10,3950
EVT_OLY_2028_001,VEN_STADIUM_12,ZONE_GATE_A1,2026-07-29 03:15,3951
EVT_OLY_2028_001,VEN_STADIUM_12,ZONE_GATE_A1,2026-07-29 03:20,3952
EVT_OLY_2028_001,VEN_STADIUM_12,ZONE_GATE_A1,2026-07-29 03:25,3953
EVT_OLY_2028_001,VEN_STADIUM_12,ZONE_GATE_A1,2026-07-29 03:30,3954
EVT_OLY_2028_001,VEN_STADIUM_12,ZONE_GATE_A1,2026-07-29 03:35,3955
EVT_OLY_2028_001,VEN_STADIUM_12,ZONE_GATE_A1,2026-07-29 03:40,3956
EVT_OLY_2028_001,VEN_STADIUM_12,ZONE_GATE_A1,2026-07-29 03:45,3957
EVT_OLY_2028_001,VEN_STADIUM_12,ZONE_GATE_A1,2026-07-29 03:50,3958
EVT_OLY_2028_001,VEN_STADIUM_12,ZONE_GATE_A1,2026-07-29 03:55,3959
EVT_OLY_2028_001,VEN_STADIUM_12,ZONE_GATE_A1,2026-07-29 04:00,3960
EVT_OLY_2028_001,VEN_STADIUM_12,ZONE_GATE_A1,2026-07-29 04:05,3961
EVT_OLY_2028_001,VEN_STADIUM_12,ZONE_GATE_A1,2026-07-29 04:10,3962
EVT_OLY_2028_001,VEN_STADIUM_12,ZONE_GATE_A1,2026-07-29 04:15,3963
EVT_OLY_2028_001,VEN_STADIUM_12,ZONE_GATE_A1,2026-07-29 04:20,3964
EVT_OLY_2028_001,VEN_STADIUM_12,ZONE_GATE_A1,2026-07-29 04:25,3965
EVT_OLY_2028_001,VEN_STADIUM_12,ZONE_GATE_A1,2026-07-29 04:30,3966
EVT_OLY_2028_001,VEN_STADIUM_12,ZONE_GATE_A1,2026-07-29 04:35,3967
EVT_OLY_2028_001,VEN_STADIUM_12,ZONE_GATE_A1,2026-07-29 04:40,3968
EVT_OLY_2028_001,VEN_STADIUM_12,ZONE_GATE_A1,2026-07-29 04:45,3969
EVT_OLY_2028_001,VEN_STADIUM_12,ZONE_GATE_A1,2026-07-29 04:50,3970
EVT_OLY_2028_001,VEN_STADIUM_12,ZONE_GATE_A1,2026-07-29 04:55,3971
EVT_OLY_2028_001,VEN_STADIUM_12,ZONE_GATE_A1,2026-07-29 05:00,3972
EVT_OLY_2028_001,VEN_STADIUM_12,ZONE_GATE_A1,2026-07-29 05:05,3973
EVT_OLY_2028_001,VEN_STADIUM_12,ZONE_GATE_A1,2026-07-29 05:10,3974
EVT_OLY_2028_001,VEN_STADIUM_12,ZONE_GATE_A1,2026-07-29 05:15,3975
EVT_OLY_2028_001,VEN_STADIUM_12,ZONE_GATE_A1,2026-07-29 05:20,3976
EVT_OLY_2028_001,VEN_STADIUM_12,ZONE_GATE_A1,2026-07-29 05:25,3977
EVT_OLY_2028_001,VEN_STADIUM_12,ZONE_GATE_A1,2026-07-29 05:30,3978
EVT_OLY_2028_001,VEN_STADIUM_12,ZONE_GATE_A1,2026-07-29 05:35,3979
EVT_OLY_2028_001,VEN_STADIUM_12,ZONE_GATE_A1,2026-07-29 05:40,3980
EVT_OLY_2028_001,VEN_STADIUM_12,ZONE_GATE_A1,2026-07-29 05:45,3981
EVT_OLY_2028_001,VEN_STADIUM_12,ZONE_GATE_A1,2026-07-29 05:50,3982
EVT_OLY_2028_001,VEN_STADIUM_12,ZONE_GATE_A1,2026-07-29 05:55,3983
EVT_OLY_2028_001,VEN_STADIUM_12,ZONE_GATE_A1,2026-07-29 06:00,3984
EVT_OLY_2028_001,VEN_STADIUM_12,ZONE_GATE_A1,2026-07-29 06:05,3985
EVT_OLY_2028_001,VEN_STADIUM_12,ZONE_GATE_A1,2026-07-29 06:10,3986
EVT_OLY_2028_001,VEN_STADIUM_12,ZONE_GATE_A1,2026-07-29 06:15,3987
EVT_OLY_2028_001,VEN_STADIUM_12,ZONE_GATE_A1,2026-07-29 06:20,3988
EVT_OLY_2028_001,VEN_STADIUM_12,ZONE_GATE_A1,2026-07-29 06:25,3989
EVT_OLY_2028_001,VEN_STADIUM_12,ZONE_GATE_A1,2026-07-29 06:30,3990
EVT_OLY_2028_001,VEN_STADIUM_12,ZONE_GATE_A1,2026-07-29 06:35,3991
EVT_OLY_2028_001,VEN_STADIUM_12,ZONE_GATE_A1,2026-07-29 06:40,3992
EVT_OLY_2028_001,VEN_STADIUM_12,ZONE_GATE_A1,2026-07-29 06:45,3993
EVT_OLY_2028_001,VEN_STADIUM_12,ZONE_GATE_A1,2026-07-29 06:50,3994
EVT_OLY_2028_001,VEN_STADIUM_12,ZONE_GATE_A1,2026-07-29 06:55,3995
EVT_OLY_2028_001,VEN_STADIUM_12,ZONE_GATE_A1,2026-07-29 07:00,3996
EVT_OLY_2028_001,VEN_STADIUM_12,ZONE_GATE_A1,2026-07-29 07:05,3997
EVT_OLY_2028_001,VEN_STADIUM_12,ZONE_GATE_A1,2026-07-29 07:10,3998
EVT_OLY_2028_001,VEN_STADIUM_12,ZONE_GATE_A1,2026-07-29 07:15,3999
EVT_OLY_2028_001,VEN_STADIUM_12,ZONE_GATE_A1,2026-07-29 07:20,4000
EVT_OLY_2028_001,VEN_STADIUM_12,ZONE_GATE_A1,2026-07-29 07:25,4001
EVT_OLY_2028_001,VEN_STADIUM_12,ZONE_GATE_A1,2026-07-29 07:30,4002
EVT_OLY_2028_001,VEN_STADIUM_12,ZONE_GATE_A1,2026-07-29 07:35,4003
EVT_OLY_2028_001,VEN_STADIUM_12,ZONE_GATE_A1,2026-07-29 07:40,4004
EVT_OLY_2028_001,VEN_STADIUM_12,ZONE_GATE_A1,2026-07-29 07:45,4005
EVT_OLY_2028_001,VEN_STADIUM_12,ZONE_GATE_A1,2026-07-29 07:50,4006
EVT_OLY_2028_001,VEN_STADIUM_12,ZONE_GATE_A1,2026-07-29 07:55,4007
EVT_OLY_2028_001,VEN_STADIUM_12,ZONE_GATE_A1,2026-07-29 08:00,4008
EVT_OLY_2028_001,VEN_STADIUM_12,ZONE_GATE_A1,2026-07-29 08:05,4009
EVT_OLY_2028_001,VEN_STADIUM_12,ZONE_GATE_A1,2026-07-29 08:10,4010
EVT_OLY_2028_001,VEN_STADIUM_12,ZONE_GATE_A1,2026-07-29 08:15,4011
EVT_OLY_2028_001,VEN_STADIUM_12,ZONE_GATE_A1,2026-07-29 08:20,4012
EVT_OLY_2028_001,VEN_STADIUM_12,ZONE_GATE_A1,2026-07-29 08:25,4013
EVT_OLY_2028_001,VEN_STADIUM_12,ZONE_GATE_A1,2026-07-29 08:30,4014
EVT_OLY_2028_001,VEN_STADIUM_12,ZONE_GATE_A1,2026-07-29 08:35,4015
EVT_OLY_2028_001,VEN_STADIUM_12,ZONE_GATE_A1,2026-07-29 08:40,4016
EVT_OLY_2028_001,VEN_STADIUM_12,ZONE_GATE_A1,2026-07-29 08:45,4017
EVT_OLY_2028_001,VEN_STADIUM_12,ZONE_GATE_A1,2026-07-29 08:50,4018
EVT_OLY_2028_001,VEN_STADIUM_12,ZONE_GATE_A1,2026-07-29 08:55,4019
EVT_OLY_2028_001,VEN_STADIUM_12,ZONE_GATE_A1,2026-07-29 09:00,4020
EVT_OLY_2028_001,VEN_STADIUM_12,ZONE_GATE_A1,2026-07-29 09:05,4021
EVT_OLY_2028_001,VEN_STADIUM_12,ZONE_GATE_A1,2026-07-29 09:10,4022
EVT_OLY_2028_001,VEN_STADIUM_12,ZONE_GATE_A1,2026-07-29 09:15,4023
EVT_OLY_2028_001,VEN_STADIUM_12,ZONE_GATE_A1,2026-07-29 09:20,4024
EVT_OLY_2028_001,VEN_STADIUM_12,ZONE_GATE_A1,2026-07-29 09:25,4025
EVT_OLY_2028_001,VEN_STADIUM_12,ZONE_GATE_A1,2026-07-29 09:30,4026
EVT_OLY_2028_001,VEN_STADIUM_12,ZONE_GATE_A1,2026-07-29 09:35,4027
EVT_OLY_2028_001,VEN_STADIUM_12,ZONE_GATE_A1,2026-07-29 09:40,4028
EVT_OLY_2028_001,VEN_STADIUM_12,ZONE_GATE_A1,2026-07-29 09:45,4029
EVT_OLY_2028_001,VEN_STADIUM_12,ZONE_GATE_A1,2026-07-29 09:50,4030
EVT_OLY_2028_001,VEN_STADIUM_12,ZONE_GATE_A1,2026-07-29 09:55,4031
EVT_OLY_2028_001,VEN_STADIUM_12,ZONE_GATE_A1,2026-07-29 10:00,4032
EVT_OLY_2028_001,VEN_STADIUM_12,ZONE_GATE_A1,2026-07-29 10:05,4033
EVT_OLY_2028_001,VEN_STADIUM_12,ZONE_GATE_A1,2026-07-29 10:10,4034
EVT_OLY_2028_001,VEN_STADIUM_12,ZONE_GATE_A1,2026-07-29 10:15,4035
EVT_OLY_2028_001,VEN_STADIUM_12,ZONE_GATE_A1,2026-07-29 10:20,4036
EVT_OLY_2028_001,VEN_STADIUM_12,ZONE_GATE_A1,2026-07-29 10:25,4037
EVT_OLY_2028_001,VEN_STADIUM_12,ZONE_GATE_A1,2026-07-29 10:30,4038
EVT_OLY_2028_001,VEN_STADIUM_12,ZONE_GATE_A1,2026-07-29 10:35,4039
EVT_OLY_2028_001,VEN_STADIUM_12,ZONE_GATE_A1,2026-07-29 10:40,4040
EVT_OLY_2028_001,VEN_STADIUM_12,ZONE_GATE_A1,2026-07-29 10:45,4041
EVT_OLY_2028_001,VEN_STADIUM_12,ZONE_GATE_A1,2026-07-29 10:50,4042
EVT_OLY_2028_001,VEN_STADIUM_12,ZONE_GATE_A1,2026-07-29 10:55,4043
EVT_OLY_2028_001,VEN_STADIUM_12,ZONE_GATE_A1,2026-07-29 11:00,4044
EVT_OLY_2028_001,VEN_STADIUM_12,ZONE_GATE_A1,2026-07-29 11:05,4045
EVT_OLY_2028_001,VEN_STADIUM_12,ZONE_GATE_A1,2026-07-29 11:10,4046
EVT_OLY_2028_001,VEN_STADIUM_12,ZONE_GATE_A1,2026-07-29 11:15,4047
EVT_OLY_2028_001,VEN_STADIUM_12,ZONE_GATE_A1,2026-07-29 11:20,4048
EVT_OLY_2028_001,VEN_STADIUM_12,ZONE_GATE_A1,2026-07-29 11:25,4049
EVT_OLY_2028_001,VEN_STADIUM_12,ZONE_GATE_A1,2026-07-29 11:30,4050
EVT_OLY_2028_001,VEN_STADIUM_12,ZONE_GATE_A1,2026-07-29 11:35,4051
EVT_OLY_2028_001,VEN_STADIUM_12,ZONE_GATE_A1,2026-07-29 11:40,4052
EVT_OLY_2028_001,VEN_STADIUM_12,ZONE_GATE_A1,2026-07-29 11:45,4053
EVT_OLY_2028_001,VEN_STADIUM_12,ZONE_GATE_A1,2026-07-29 11:50,4054
EVT_OLY_2028_001,VEN_STADIUM_12,ZONE_GATE_A1,2026-07-29 11:55,4055
EVT_OLY_2028_001,VEN_STADIUM_12,ZONE_GATE_A1,2026-07-29 12:00,4056
EVT_OLY_2028_001,VEN_STADIUM_12,ZONE_GATE_A1,2026-07-29 12:05,4057
EVT_OLY_2028_001,VEN_STADIUM_12,ZONE_GATE_A1,2026-07-29 12:10,4058
EVT_OLY_2028_001,VEN_STADIUM_12,ZONE_GATE_A1,2026-07-29 12:15,4059
EVT_OLY_2028_001,VEN_STADIUM_12,ZONE_GATE_A1,2026-07-29 12:20,4060
EVT_OLY_2028_001,VEN_STADIUM_12,ZONE_GATE_A1,2026-07-29 12:25,4061
EVT_OLY_2028_001,VEN_STADIUM_12,ZONE_GATE_A1,2026-07-29 12:30,4062
EVT_OLY_2028_001,VEN_STADIUM_12,ZONE_GATE_A1,2026-07-29 12:35,4063
EVT_OLY_2028_001,VEN_STADIUM_12,ZONE_GATE_A1,2026-07-29 12:40,4064
EVT_OLY_2028_001,VEN_STADIUM_12,ZONE_GATE_A1,2026-07-29 12:45,4065
EVT_OLY_2028_001,VEN_STADIUM_12,ZONE_GATE_A1,2026-07-29 12:50,4066
EVT_OLY_2028_001,VEN_STADIUM_12,ZONE_GATE_A1,2026-07-29 12:55,4067
EVT_OLY_2028_001,VEN_STADIUM_12,ZONE_GATE_A1,2026-07-29 13:00,4068
EVT_OLY_2028_001,VEN_STADIUM_12,ZONE_GATE_A1,2026-07-29 13:05,4069
EVT_OLY_2028_001,VEN_STADIUM_12,ZONE_GATE_A1,2026-07-29 13:10,4070
EVT_OLY_2028_001,VEN_STADIUM_12,ZONE_GATE_A1,2026-07-29 13:15,4071
EVT_OLY_2028_001,VEN_STADIUM_12,ZONE_GATE_A1,2026-07-29 13:20,4072
EVT_OLY_2028_001,VEN_STADIUM_12,ZONE_GATE_A1,2026-07-29 13:25,4073
EVT_OLY_2028_001,VEN_STADIUM_12,ZONE_GATE_A1,2026-07-29 13:30,4074
EVT_OLY_2028_001,VEN_STADIUM_12,ZONE_GATE_A1,2026-07-29 13:35,4075
EVT_OLY_2028_001,VEN_STADIUM_12,ZONE_GATE_A1,2026-07-29 13:40,4076
EVT_OLY_2028_001,VEN_STADIUM_12,ZONE_GATE_A1,2026-07-29 13:45,4077
EVT_OLY_2028_001,VEN_STADIUM_12,ZONE_GATE_A1,2026-07-29 13:50,4078
EVT_OLY_2028_001,VEN_STADIUM_12,ZONE_GATE_A1,2026-07-29 13:55,4079
EVT_OLY_2028_001,VEN_STADIUM_12,ZONE_GATE_A1,2026-07-29 14:00,4080
EVT_OLY_2028_001,VEN_STADIUM_12,ZONE_GATE_A1,2026-07-29 14:05,4081
EVT_OLY_2028_001,VEN_STADIUM_12,ZONE_GATE_A1,2026-07-29 14:10,4082
EVT_OLY_2028_001,VEN_STADIUM_12,ZONE_GATE_A1,2026-07-29 14:15,4083
EVT_OLY_2028_001,VEN_STADIUM_12,ZONE_GATE_A1,2026-07-29 14:20,4084
EVT_OLY_2028_001,VEN_STADIUM_12,ZONE_GATE_A1,2026-07-29 14:25,4085
EVT_OLY_2028_001,VEN_STADIUM_12,ZONE_GATE_A1,2026-07-29 14:30,4086
EVT_OLY_2028_001,VEN_STADIUM_12,ZONE_GATE_A1,2026-07-29 14:35,4087
EVT_OLY_2028_001,VEN_STADIUM_12,ZONE_GATE_A1,2026-07-29 14:40,4088
EVT_OLY_2028_001,VEN_STADIUM_12,ZONE_GATE_A1,2026-07-29 14:45,4089
EVT_OLY_2028_001,VEN_STADIUM_12,ZONE_GATE_A1,2026-07-29 14:50,4090
EVT_OLY_2028_001,VEN_STADIUM_12,ZONE_GATE_A1,2026-07-29 14:55,4091
EVT_OLY_2028_001,VEN_STADIUM_12,ZONE_GATE_A1,2026-07-29 15:00,4092
EVT_OLY_2028_001,VEN_STADIUM_12,ZONE_GATE_A1,2026-07-29 15:05,4093
EVT_OLY_2028_001,VEN_STADIUM_12,ZONE_GATE_A1,2026-07-29 15:10,4094
EVT_OLY_2028_001,VEN_STADIUM_12,ZONE_GATE_A1,2026-07-29 15:15,4095
EVT_OLY_2028_001,VEN_STADIUM_12,ZONE_GATE_A1,2026-07-29 15:20,4096
EVT_OLY_2028_001,VEN_STADIUM_12,ZONE_GATE_A1,2026-07-29 15:25,4097
EVT_OLY_2028_001,VEN_STADIUM_12,ZONE_GATE_A1,2026-07-29 15:30,4098
EVT_OLY_2028_001,VEN_STADIUM_12,ZONE_GATE_A1,2026-07-29 15:35,4099
EVT_OLY_2028_001,VEN_STADIUM_12,ZONE_GATE_A1,2026-07-29 15:40,4100
EVT_OLY_2028_001,VEN_STADIUM_12,ZONE_GATE_A1,2026-07-29 15:45,4101
EVT_OLY_2028_001,VEN_STADIUM_12,ZONE_GATE_A1,2026-07-29 15:50,4102
EVT_OLY_2028_001,VEN_STADIUM_12,ZONE_GATE_A1,2026-07-29 15:55,4103
EVT_OLY_2028_001,VEN_STADIUM_12,ZONE_GATE_A1,2026-07-29 16:00,4104
EVT_OLY_2028_001,VEN_STADIUM_12,ZONE_GATE_A1,2026-07-29 16:05,4105
EVT_OLY_2028_001,VEN_STADIUM_12,ZONE_GATE_A1,2026-07-29 16:10,4106
EVT_OLY_2028_001,VEN_STADIUM_12,ZONE_GATE_A1,2026-07-29 16:15,4107
EVT_OLY_2028_001,VEN_STADIUM_12,ZONE_GATE_A1,2026-07-29 16:20,4108
EVT_OLY_2028_001,VEN_STADIUM_12,ZONE_GATE_A1,2026-07-29 16:25,4109
EVT_OLY_2028_001,VEN_STADIUM_12,ZONE_GATE_A1,2026-07-29 16:30,4110
EVT_OLY_2028_001,VEN_STADIUM_12,ZONE_GATE_A1,2026-07-29 16:35,4111
EVT_OLY_2028_001,VEN_STADIUM_12,ZONE_GATE_A1,2026-07-29 16:40,4112
EVT_OLY_2028_001,VEN_STADIUM_12,ZONE_GATE_A1,2026-07-29 16:45,4113
EVT_OLY_2028_001,VEN_STADIUM_12,ZONE_GATE_A1,2026-07-29 16:50,4114
EVT_OLY_2028_001,VEN_STADIUM_12,ZONE_GATE_A1,2026-07-29 16:55,4115
EVT_OLY_2028_001,VEN_STADIUM_12,ZONE_GATE_A1,2026-07-29 17:00,4116
EVT_OLY_2028_001,VEN_STADIUM_12,ZONE_GATE_A1,2026-07-29 17:05,4117
EVT_OLY_2028_001,VEN_STADIUM_12,ZONE_GATE_A1,2026-07-29 17:10,4118
EVT_OLY_2028_001,VEN_STADIUM_12,ZONE_GATE_A1,2026-07-29 17:15,4119
EVT_OLY_2028_001,VEN_STADIUM_12,ZONE_GATE_A1,2026-07-29 17:20,4120
EVT_OLY_2028_001,VEN_STADIUM_12,ZONE_GATE_A1,2026-07-29 17:25,4121
EVT_OLY_2028_001,VEN_STADIUM_12,ZONE_GATE_A1,2026-07-29 17:30,4122
EVT_OLY_2028_001,VEN_STADIUM_12,ZONE_GATE_A1,2026-07-29 17:35,4123
EVT_OLY_2028_001,VEN_STADIUM_12,ZONE_GATE_A1,2026-07-29 17:40,4124
EVT_OLY_2028_001,VEN_STADIUM_12,ZONE_GATE_A1,2026-07-29 17:45,4125
EVT_OLY_2028_001,VEN_STADIUM_12,ZONE_GATE_A1,2026-07-29 17:50,4126
EVT_OLY_2028_001,VEN_STADIUM_12,ZONE_GATE_A1,2026-07-29 17:55,4127
EVT_OLY_2028_001,VEN_STADIUM_12,ZONE_GATE_A1,2026-07-29 18:00,4128
EVT_OLY_2028_001,VEN_STADIUM_12,ZONE_GATE_A1,2026-07-29 18:05,4129
EVT_OLY_2028_001,VEN_STADIUM_12,ZONE_GATE_A1,2026-07-29 18:10,4130
EVT_OLY_2028_001,VEN_STADIUM_12,ZONE_GATE_A1,2026-07-29 18:15,4131
EVT_OLY_2028_001,VEN_STADIUM_12,ZONE_GATE_A1,2026-07-29 18:20,4132
EVT_OLY_2028_001,VEN_STADIUM_12,ZONE_GATE_A1,2026-07-29 18:25,4133
EVT_OLY_2028_001,VEN_STADIUM_12,ZONE_GATE_A1,2026-07-29 18:30,4134
EVT_OLY_2028_001,VEN_STADIUM_12,ZONE_GATE_A1,2026-07-29 18:35,4135
EVT_OLY_2028_001,VEN_STADIUM_12,ZONE_GATE_A1,2026-07-29 18:40,4136
EVT_OLY_2028_001,VEN_STADIUM_12,ZONE_GATE_A1,2026-07-29 18:45,4137
EVT_OLY_2028_001,VEN_STADIUM_12,ZONE_GATE_A1,2026-07-29 18:50,4138
EVT_OLY_2028_001,VEN_STADIUM_12,ZONE_GATE_A1,2026-07-29 18:55,4139
EVT_OLY_2028_001,VEN_STADIUM_12,ZONE_GATE_A1,2026-07-29 19:00,4140
EVT_OLY_2028_001,VEN_STADIUM_12,ZONE_GATE_A1,2026-07-29 19:05,4141
EVT_OLY_2028_001,VEN_STADIUM_12,ZONE_GATE_A1,2026-07-29 19:10,4142
EVT_OLY_2028_001,VEN_STADIUM_12,ZONE_GATE_A1,2026-07-29 19:15,4143
EVT_OLY_2028_001,VEN_STADIUM_12,ZONE_GATE_A1,2026-07-29 19:20,4144
EVT_OLY_2028_001,VEN_STADIUM_12,ZONE_GATE_A1,2026-07-29 19:25,4145
EVT_OLY_2028_001,VEN_STADIUM_12,ZONE_GATE_A1,2026-07-29 19:30,4146
EVT_OLY_2028_001,VEN_STADIUM_12,ZONE_GATE_A1,2026-07-29 19:35,4147
EVT_OLY_2028_001,VEN_STADIUM_12,ZONE_GATE_A1,2026-07-29 19:40,4148
EVT_OLY_2028_001,VEN_STADIUM_12,ZONE_GATE_A1,2026-07-29 19:45,4149
EVT_OLY_2028_001,VEN_STADIUM_12,ZONE_GATE_A1,2026-07-29 19:50,4150
EVT_OLY_2028_001,VEN_STADIUM_12,ZONE_GATE_A1,2026-07-29 19:55,4151
EVT_OLY_2028_001,VEN_STADIUM_12,ZONE_GATE_A1,2026-07-29 20:00,4152
EVT_OLY_2028_001,VEN_STADIUM_12,ZONE_GATE_A1,2026-07-29 20:05,4153
EVT_OLY_2028_001,VEN_STADIUM_12,ZONE_GATE_A1,2026-07-29 20:10,4154
EVT_OLY_2028_001,VEN_STADIUM_12,ZONE_GATE_A1,2026-07-29 20:15,4155
EVT_OLY_2028_001,VEN_STADIUM_12,ZONE_GATE_A1,2026-07-29 20:20,4156
EVT_OLY_2028_001,VEN_STADIUM_12,ZONE_GATE_A1,2026-07-29 20:25,4157
EVT_OLY_2028_001,VEN_STADIUM_12,ZONE_GATE_A1,2026-07-29 20:30,4158
EVT_OLY_2028_001,VEN_STADIUM_12,ZONE_GATE_A1,2026-07-29 20:35,4159
EVT_OLY_2028_001,VEN_STADIUM_12,ZONE_GATE_A1,2026-07-29 20:40,4160
EVT_OLY_2028_001,VEN_STADIUM_12,ZONE_GATE_A1,2026-07-29 20:45,4161
EVT_OLY_2028_001,VEN_STADIUM_12,ZONE_GATE_A1,2026-07-29 20:50,4162
EVT_OLY_2028_001,VEN_STADIUM_12,ZONE_GATE_A1,2026-07-29 20:55,4163
EVT_OLY_2028_001,VEN_STADIUM_12,ZONE_GATE_A1,2026-07-29 21:00,4164
EVT_OLY_2028_001,VEN_STADIUM_12,ZONE_GATE_A1,2026-07-29 21:05,4165
EVT_OLY_2028_001,VEN_STADIUM_12,ZONE_GATE_A1,2026-07-29 21:10,4166
EVT_OLY_2028_001,VEN_STADIUM_12,ZONE_GATE_A1,2026-07-29 21:15,4167
EVT_OLY_2028_001,VEN_STADIUM_12,ZONE_GATE_A1,2026-07-29 21:20,4168
EVT_OLY_2028_001,VEN_STADIUM_12,ZONE_GATE_A1,2026-07-29 21:25,4169
EVT_OLY_2028_001,VEN_STADIUM_12,ZONE_GATE_A1,2026-07-29 21:30,4170
EVT_OLY_2028_001,VEN_STADIUM_12,ZONE_GATE_A1,2026-07-29 21:35,4171
EVT_OLY_2028_001,VEN_STADIUM_12,ZONE_GATE_A1,2026-07-29 21:40,4172
EVT_OLY_2028_001,VEN_STADIUM_12,ZONE_GATE_A1,2026-07-29 21:45,4173
EVT_OLY_2028_001,VEN_STADIUM_12,ZONE_GATE_A1,2026-07-29 21:50,4174
EVT_OLY_2028_001,VEN_STADIUM_12,ZONE_GATE_A1,2026-07-29 21:55,4175
EVT_OLY_2028_001,VEN_STADIUM_12,ZONE_GATE_A1,2026-07-29 22:00,4176
EVT_OLY_2028_001,VEN_STADIUM_12,ZONE_GATE_A1,2026-07-29 22:05,4177
EVT_OLY_2028_001,VEN_STADIUM_12,ZONE_GATE_A1,2026-07-29 22:10,4178
EVT_OLY_2028_001,VEN_STADIUM_12,ZONE_GATE_A1,2026-07-29 22:15,4179
EVT_OLY_2028_001,VEN_STADIUM_12,ZONE_GATE_A1,2026-07-29 22:20,4180
EVT_OLY_2028_001,VEN_STADIUM_12,ZONE_GATE_A1,2026-07-29 22:25,4181
EVT_OLY_2028_001,VEN_STADIUM_12,ZONE_GATE_A1,2026-07-29 22:30,4182
EVT_OLY_2028_001,VEN_STADIUM_12,ZONE_GATE_A1,2026-07-29 22:35,4183
EVT_OLY_2028_001,VEN_STADIUM_12,ZONE_GATE_A1,2026-07-29 22:40,4184
EVT_OLY_2028_001,VEN_STADIUM_12,ZONE_GATE_A1,2026-07-29 22:45,4185
EVT_OLY_2028_001,VEN_STADIUM_12,ZONE_GATE_A1,2026-07-29 22:50,4186
EVT_OLY_2028_001,VEN_STADIUM_12,ZONE_GATE_A1,2026-07-29 22:55,4187
EVT_OLY_2028_001,VEN_STADIUM_12,ZONE_GATE_A1,2026-07-29 23:00,4188
EVT_OLY_2028_001,VEN_STADIUM_12,ZONE_GATE_A1,2026-07-29 23:05,4189
EVT_OLY_2028_001,VEN_STADIUM_12,ZONE_GATE_A1,2026-07-29 23:10,4190
EVT_OLY_2028_001,VEN_STADIUM_12,ZONE_GATE_A1,2026-07-29 23:15,4191
EVT_OLY_2028_001,VEN_STADIUM_12,ZONE_GATE_A1,2026-07-29 23:20,4192
EVT_OLY_2028_001,VEN_STADIUM_12,ZONE_GATE_A1,2026-07-29 23:25,4193
EVT_OLY_2028_001,VEN_STADIUM_12,ZONE_GATE_A1,2026-07-29 23:30,4194
EVT_OLY_2028_001,VEN_STADIUM_12,ZONE_GATE_A1,2026-07-29 23:35,4195
EVT_OLY_2028_001,VEN_STADIUM_12,ZONE_GATE_A1,2026-07-29 23:40,4196
EVT_OLY_2028_001,VEN_STADIUM_12,ZONE_GATE_A1,2026-07-29 23:45,4197
EVT_OLY_2028_001,VEN_STADIUM_12,ZONE_GATE_A1,2026-07-29 23:50,4198
EVT_OLY_2028_001,VEN_STADIUM_12,ZONE_GATE_A1,2026-07-29 23:55,4199
EVT_OLY_2028_001,VEN_STADIUM_12,ZONE_GATE_A1,2026-07-30 00:00,4200
EVT_OLY_2028_001,VEN_STADIUM_12,ZONE_GATE_A1,2026-07-30 00:05,4201
EVT_OLY_2028_001,VEN_STADIUM_12,ZONE_GATE_A1,2026-07-30 00:10,4202
EVT_OLY_2028_001,VEN_STADIUM_12,ZONE_GATE_A1,2026-07-30 00:15,4203
EVT_OLY_2028_001,VEN_STADIUM_12,ZONE_GATE_A1,2026-07-30 00:20,4204
EVT_OLY_2028_001,VEN_STADIUM_12,ZONE_GATE_A1,2026-07-30 00:25,4205
EVT_OLY_2028_001,VEN_STADIUM_12,ZONE_GATE_A1,2026-07-30 00:30,4206
EVT_OLY_2028_001,VEN_STADIUM_12,ZONE_GATE_A1,2026-07-30 00:35,4207
EVT_OLY_2028_001,VEN_STADIUM_12,ZONE_GATE_A1,2026-07-30 00:40,4208
EVT_OLY_2028_001,VEN_STADIUM_12,ZONE_GATE_A1,2026-07-30 00:45,4209
EVT_OLY_2028_001,VEN_STADIUM_12,ZONE_GATE_A1,2026-07-30 00:50,4210
EVT_OLY_2028_001,VEN_STADIUM_12,ZONE_GATE_A1,2026-07-30 00:55,4211
EVT_OLY_2028_001,VEN_STADIUM_12,ZONE_GATE_A1,2026-07-30 01:00,4212
EVT_OLY_2028_001,VEN_STADIUM_12,ZONE_GATE_A1,2026-07-30 01:05,4213
EVT_OLY_2028_001,VEN_STADIUM_12,ZONE_GATE_A1,2026-07-30 01:10,4214
EVT_OLY_2028_001,VEN_STADIUM_12,ZONE_GATE_A1,2026-07-30 01:15,4215
EVT_OLY_2028_001,VEN_STADIUM_12,ZONE_GATE_A1,2026-07-30 01:20,4216
EVT_OLY_2028_001,VEN_STADIUM_12,ZONE_GATE_A1,2026-07-30 01:25,4217
EVT_OLY_2028_001,VEN_STADIUM_12,ZONE_GATE_A1,2026-07-30 01:30,4218
EVT_OLY_2028_001,VEN_STADIUM_12,ZONE_GATE_A1,2026-07-30 01:35,4219
EVT_OLY_2028_001,VEN_STADIUM_12,ZONE_GATE_A1,2026-07-30 01:40,4220
EVT_OLY_2028_001,VEN_STADIUM_12,ZONE_GATE_A1,2026-07-30 01:45,4221
EVT_OLY_2028_001,VEN_STADIUM_12,ZONE_GATE_A1,2026-07-30 01:50,4222
EVT_OLY_2028_001,VEN_STADIUM_12,ZONE_GATE_A1,2026-07-30 01:55,4223
EVT_OLY_2028_001,VEN_STADIUM_12,ZONE_GATE_A1,2026-07-30 02:00,4224
EVT_OLY_2028_001,VEN_STADIUM_12,ZONE_GATE_A1,2026-07-30 02:05,4225
EVT_OLY_2028_001,VEN_STADIUM_12,ZONE_GATE_A1,2026-07-30 02:10,4226
EVT_OLY_2028_001,VEN_STADIUM_12,ZONE_GATE_A1,2026-07-30 02:15,4227
EVT_OLY_2028_001,VEN_STADIUM_12,ZONE_GATE_A1,2026-07-30 02:20,4228
EVT_OLY_2028_001,VEN_STADIUM_12,ZONE_GATE_A1,2026-07-30 02:25,4229
EVT_OLY_2028_001,VEN_STADIUM_12,ZONE_GATE_A1,2026-07-30 02:30,4230
EVT_OLY_2028_001,VEN_STADIUM_12,ZONE_GATE_A1,2026-07-30 02:35,4231
EVT_OLY_2028_001,VEN_STADIUM_12,ZONE_GATE_A1,2026-07-30 02:40,4232
EVT_OLY_2028_001,VEN_STADIUM_12,ZONE_GATE_A1,2026-07-30 02:45,4233
EVT_OLY_2028_001,VEN_STADIUM_12,ZONE_GATE_A1,2026-07-30 02:50,4234
EVT_OLY_2028_001,VEN_STADIUM_12,ZONE_GATE_A1,2026-07-30 02:55,4235
EVT_OLY_2028_001,VEN_STADIUM_12,ZONE_GATE_A1,2026-07-30 03:00,4236
EVT_OLY_2028_001,VEN_STADIUM_12,ZONE_GATE_A1,2026-07-30 03:05,4237
EVT_OLY_2028_001,VEN_STADIUM_12,ZONE_GATE_A1,2026-07-30 03:10,4238
EVT_OLY_2028_001,VEN_STADIUM_12,ZONE_GATE_A1,2026-07-30 03:15,4239
EVT_OLY_2028_001,VEN_STADIUM_12,ZONE_GATE_A1,2026-07-30 03:20,4240
EVT_OLY_2028_001,VEN_STADIUM_12,ZONE_GATE_A1,2026-07-30 03:25,4241
EVT_OLY_2028_001,VEN_STADIUM_12,ZONE_GATE_A1,2026-07-30 03:30,4242
EVT_OLY_2028_001,VEN_STADIUM_12,ZONE_GATE_A1,2026-07-30 03:35,4243
EVT_OLY_2028_001,VEN_STADIUM_12,ZONE_GATE_A1,2026-07-30 03:40,4244
EVT_OLY_2028_001,VEN_STADIUM_12,ZONE_GATE_A1,2026-07-30 03:45,4245
EVT_OLY_2028_001,VEN_STADIUM_12,ZONE_GATE_A1,2026-07-30 03:50,4246
EVT_OLY_2028_001,VEN_STADIUM_12,ZONE_GATE_A1,2026-07-30 03:55,4247
EVT_OLY_2028_001,VEN_STADIUM_12,ZONE_GATE_A1,2026-07-30 04:00,4248
EVT_OLY_2028_001,VEN_STADIUM_12,ZONE_GATE_A1,2026-07-30 04:05,4249
EVT_OLY_2028_001,VEN_STADIUM_12,ZONE_GATE_A1,2026-07-30 04:10,4250
EVT_OLY_2028_001,VEN_STADIUM_12,ZONE_GATE_A1,2026-07-30 04:15,4251
EVT_OLY_2028_001,VEN_STADIUM_12,ZONE_GATE_A1,2026-07-30 04:20,4252
EVT_OLY_2028_001,VEN_STADIUM_12,ZONE_GATE_A1,2026-07-30 04:25,4253
EVT_OLY_2028_001,VEN_STADIUM_12,ZONE_GATE_A1,2026-07-30 04:30,4254
EVT_OLY_2028_001,VEN_STADIUM_12,ZONE_GATE_A1,2026-07-30 04:35,4255
EVT_OLY_2028_001,VEN_STADIUM_12,ZONE_GATE_A1,2026-07-30 04:40,4256
EVT_OLY_2028_001,VEN_STADIUM_12,ZONE_GATE_A1,2026-07-30 04:45,4257
EVT_OLY_2028_001,VEN_STADIUM_12,ZONE_GATE_A1,2026-07-30 04:50,4258
EVT_OLY_2028_001,VEN_STADIUM_12,ZONE_GATE_A1,2026-07-30 04:55,4259
EVT_OLY_2028_001,VEN_STADIUM_12,ZONE_GATE_A1,2026-07-30 05:00,4260
EVT_OLY_2028_001,VEN_STADIUM_12,ZONE_GATE_A1,2026-07-30 05:05,4261
EVT_OLY_2028_001,VEN_STADIUM_12,ZONE_GATE_A1,2026-07-30 05:10,4262
EVT_OLY_2028_001,VEN_STADIUM_12,ZONE_GATE_A1,2026-07-30 05:15,4263
EVT_OLY_2028_001,VEN_STADIUM_12,ZONE_GATE_A1,2026-07-30 05:20,4264
EVT_OLY_2028_001,VEN_STADIUM_12,ZONE_GATE_A1,2026-07-30 05:25,4265
EVT_OLY_2028_001,VEN_STADIUM_12,ZONE_GATE_A1,2026-07-30 05:30,4266
EVT_OLY_2028_001,VEN_STADIUM_12,ZONE_GATE_A1,2026-07-30 05:35,4267
EVT_OLY_2028_001,VEN_STADIUM_12,ZONE_GATE_A1,2026-07-30 05:40,4268
EVT_OLY_2028_001,VEN_STADIUM_12,ZONE_GATE_A1,2026-07-30 05:45,4269
EVT_OLY_2028_001,VEN_STADIUM_12,ZONE_GATE_A1,2026-07-30 05:50,4270
EVT_OLY_2028_001,VEN_STADIUM_12,ZONE_GATE_A1,2026-07-30 05:55,4271
EVT_OLY_2028_001,VEN_STADIUM_12,ZONE_GATE_A1,2026-07-30 06:00,4272
EVT_OLY_2028_001,VEN_STADIUM_12,ZONE_GATE_A1,2026-07-30 06:05,4273
EVT_OLY_2028_001,VEN_STADIUM_12,ZONE_GATE_A1,2026-07-30 06:10,4274
EVT_OLY_2028_001,VEN_STADIUM_12,ZONE_GATE_A1,2026-07-30 06:15,4275
EVT_OLY_2028_001,VEN_STADIUM_12,ZONE_GATE_A1,2026-07-30 06:20,4276
EVT_OLY_2028_001,VEN_STADIUM_12,ZONE_GATE_A1,2026-07-30 06:25,4277
EVT_OLY_2028_001,VEN_STADIUM_12,ZONE_GATE_A1,2026-07-30 06:30,4278
EVT_OLY_2028_001,VEN_STADIUM_12,ZONE_GATE_A1,2026-07-30 06:35,4279
EVT_OLY_2028_001,VEN_STADIUM_12,ZONE_GATE_A1,2026-07-30 06:40,4280
EVT_OLY_2028_001,VEN_STADIUM_12,ZONE_GATE_A1,2026-07-30 06:45,4281
EVT_OLY_2028_001,VEN_STADIUM_12,ZONE_GATE_A1,2026-07-30 06:50,4282
EVT_OLY_2028_001,VEN_STADIUM_12,ZONE_GATE_A1,2026-07-30 06:55,4283
EVT_OLY_2028_001,VEN_STADIUM_12,ZONE_GATE_A1,2026-07-30 07:00,4284
EVT_OLY_2028_001,VEN_STADIUM_12,ZONE_GATE_A1,2026-07-30 07:05,4285
EVT_OLY_2028_001,VEN_STADIUM_12,ZONE_GATE_A1,2026-07-30 07:10,4286
EVT_OLY_2028_001,VEN_STADIUM_12,ZONE_GATE_A1,2026-07-30 07:15,4287
EVT_OLY_2028_001,VEN_STADIUM_12,ZONE_GATE_A1,2026-07-30 07:20,4288
EVT_OLY_2028_001,VEN_STADIUM_12,ZONE_GATE_A1,2026-07-30 07:25,4289
EVT_OLY_2028_001,VEN_STADIUM_12,ZONE_GATE_A1,2026-07-30 07:30,4290
EVT_OLY_2028_001,VEN_STADIUM_12,ZONE_GATE_A1,2026-07-30 07:35,4291
EVT_OLY_2028_001,VEN_STADIUM_12,ZONE_GATE_A1,2026-07-30 07:40,4292
EVT_OLY_2028_001,VEN_STADIUM_12,ZONE_GATE_A1,2026-07-30 07:45,4293
EVT_OLY_2028_001,VEN_STADIUM_12,ZONE_GATE_A1,2026-07-30 07:50,4294
EVT_OLY_2028_001,VEN_STADIUM_12,ZONE_GATE_A1,2026-07-30 07:55,4295
EVT_OLY_2028_001,VEN_STADIUM_12,ZONE_GATE_A1,2026-07-30 08:00,4296
EVT_OLY_2028_001,VEN_STADIUM_12,ZONE_GATE_A1,2026-07-30 08:05,4297
EVT_OLY_2028_001,VEN_STADIUM_12,ZONE_GATE_A1,2026-07-30 08:10,4298
EVT_OLY_2028_001,VEN_STADIUM_12,ZONE_GATE_A1,2026-07-30 08:15,4299
EVT_OLY_2028_001,VEN_STADIUM_12,ZONE_GATE_A1,2026-07-30 08:20,4300
EVT_OLY_2028_001,VEN_STADIUM_12,ZONE_GATE_A1,2026-07-30 08:25,4301
EVT_OLY_2028_001,VEN_STADIUM_12,ZONE_GATE_A1,2026-07-30 08:30,4302
EVT_OLY_2028_001,VEN_STADIUM_12,ZONE_GATE_A1,2026-07-30 08:35,4303
EVT_OLY_2028_001,VEN_STADIUM_12,ZONE_GATE_A1,2026-07-30 08:40,4304
EVT_OLY_2028_001,VEN_STADIUM_12,ZONE_GATE_A1,2026-07-30 08:45,4305
EVT_OLY_2028_001,VEN_STADIUM_12,ZONE_GATE_A1,2026-07-30 08:50,4306
EVT_OLY_2028_001,VEN_STADIUM_12,ZONE_GATE_A1,2026-07-30 08:55,4307
EVT_OLY_2028_001,VEN_STADIUM_12,ZONE_GATE_A1,2026-07-30 09:00,4308
EVT_OLY_2028_001,VEN_STADIUM_12,ZONE_GATE_A1,2026-07-30 09:05,4309
EVT_OLY_2028_001,VEN_STADIUM_12,ZONE_GATE_A1,2026-07-30 09:10,4310
EVT_OLY_2028_001,VEN_STADIUM_12,ZONE_GATE_A1,2026-07-30 09:15,4311
EVT_OLY_2028_001,VEN_STADIUM_12,ZONE_GATE_A1,2026-07-30 09:20,4312
EVT_OLY_2028_001,VEN_STADIUM_12,ZONE_GATE_A1,2026-07-30 09:25,4313
EVT_OLY_2028_001,VEN_STADIUM_12,ZONE_GATE_A1,2026-07-30 09:30,4314
EVT_OLY_2028_001,VEN_STADIUM_12,ZONE_GATE_A1,2026-07-30 09:35,4315
EVT_OLY_2028_001,VEN_STADIUM_12,ZONE_GATE_A1,2026-07-30 09:40,4316
EVT_OLY_2028_001,VEN_STADIUM_12,ZONE_GATE_A1,2026-07-30 09:45,4317
EVT_OLY_2028_001,VEN_STADIUM_12,ZONE_GATE_A1,2026-07-30 09:50,4318
EVT_OLY_2028_001,VEN_STADIUM_12,ZONE_GATE_A1,2026-07-30 09:55,4319
EVT_OLY_2028_001,VEN_STADIUM_12,ZONE_GATE_A1,2026-07-30 10:00,4320
EVT_OLY_2028_001,VEN_STADIUM_12,ZONE_GATE_A1,2026-07-30 10:05,4321
EVT_OLY_2028_001,VEN_STADIUM_12,ZONE_GATE_A1,2026-07-30 10:10,4322
EVT_OLY_2028_001,VEN_STADIUM_12,ZONE_GATE_A1,2026-07-30 10:15,4323
EVT_OLY_2028_001,VEN_STADIUM_12,ZONE_GATE_A1,2026-07-30 10:20,4324
EVT_OLY_2028_001,VEN_STADIUM_12,ZONE_GATE_A1,2026-07-30 10:25,4325
EVT_OLY_2028_001,VEN_STADIUM_12,ZONE_GATE_A1,2026-07-30 10:30,4326
EVT_OLY_2028_001,VEN_STADIUM_12,ZONE_GATE_A1,2026-07-30 10:35,4327
EVT_OLY_2028_001,VEN_STADIUM_12,ZONE_GATE_A1,2026-07-30 10:40,4328
EVT_OLY_2028_001,VEN_STADIUM_12,ZONE_GATE_A1,2026-07-30 10:45,4329
EVT_OLY_2028_001,VEN_STADIUM_12,ZONE_GATE_A1,2026-07-30 10:50,4330
EVT_OLY_2028_001,VEN_STADIUM_12,ZONE_GATE_A1,2026-07-30 10:55,4331
EVT_OLY_2028_001,VEN_STADIUM_12,ZONE_GATE_A1,2026-07-30 11:00,4332
EVT_OLY_2028_001,VEN_STADIUM_12,ZONE_GATE_A1,2026-07-30 11:05,4333
EVT_OLY_2028_001,VEN_STADIUM_12,ZONE_GATE_A1,2026-07-30 11:10,4334
EVT_OLY_2028_001,VEN_STADIUM_12,ZONE_GATE_A1,2026-07-30 11:15,4335
EVT_OLY_2028_001,VEN_STADIUM_12,ZONE_GATE_A1,2026-07-30 11:20,4336
EVT_OLY_2028_001,VEN_STADIUM_12,ZONE_GATE_A1,2026-07-30 11:25,4337
EVT_OLY_2028_001,VEN_STADIUM_12,ZONE_GATE_A1,2026-07-30 11:30,4338
EVT_OLY_2028_001,VEN_STADIUM_12,ZONE_GATE_A1,2026-07-30 11:35,4339
EVT_OLY_2028_001,VEN_STADIUM_12,ZONE_GATE_A1,2026-07-30 11:40,4340
EVT_OLY_2028_001,VEN_STADIUM_12,ZONE_GATE_A1,2026-07-30 11:45,4341
EVT_OLY_2028_001,VEN_STADIUM_12,ZONE_GATE_A1,2026-07-30 11:50,4342
EVT_OLY_2028_001,VEN_STADIUM_12,ZONE_GATE_A1,2026-07-30 11:55,4343
EVT_OLY_2028_001,VEN_STADIUM_12,ZONE_GATE_A1,2026-07-30 12:00,4344
EVT_OLY_2028_001,VEN_STADIUM_12,ZONE_GATE_A1,2026-07-30 12:05,4345
EVT_OLY_2028_001,VEN_STADIUM_12,ZONE_GATE_A1,2026-07-30 12:10,4346
EVT_OLY_2028_001,VEN_STADIUM_12,ZONE_GATE_A1,2026-07-30 12:15,4347
EVT_OLY_2028_001,VEN_STADIUM_12,ZONE_GATE_A1,2026-07-30 12:20,4348
EVT_OLY_2028_001,VEN_STADIUM_12,ZONE_GATE_A1,2026-07-30 12:25,4349
EVT_OLY_2028_001,VEN_STADIUM_12,ZONE_GATE_A1,2026-07-30 12:30,4350
EVT_OLY_2028_001,VEN_STADIUM_12,ZONE_GATE_A1,2026-07-30 12:35,4351
EVT_OLY_2028_001,VEN_STADIUM_12,ZONE_GATE_A1,2026-07-30 12:40,4352
EVT_OLY_2028_001,VEN_STADIUM_12,ZONE_GATE_A1,2026-07-30 12:45,4353
EVT_OLY_2028_001,VEN_STADIUM_12,ZONE_GATE_A1,2026-07-30 12:50,4354
EVT_OLY_2028_001,VEN_STADIUM_12,ZONE_GATE_A1,2026-07-30 12:55,4355
EVT_OLY_2028_001,VEN_STADIUM_12,ZONE_GATE_A1,2026-07-30 13:00,4356
EVT_OLY_2028_001,VEN_STADIUM_12,ZONE_GATE_A1,2026-07-30 13:05,4357
EVT_OLY_2028_001,VEN_STADIUM_12,ZONE_GATE_A1,2026-07-30 13:10,4358
EVT_OLY_2028_001,VEN_STADIUM_12,ZONE_GATE_A1,2026-07-30 13:15,4359
EVT_OLY_2028_001,VEN_STADIUM_12,ZONE_GATE_A1,2026-07-30 13:20,4360
EVT_OLY_2028_001,VEN_STADIUM_12,ZONE_GATE_A1,2026-07-30 13:25,4361
EVT_OLY_2028_001,VEN_STADIUM_12,ZONE_GATE_A1,2026-07-30 13:30,4362
EVT_OLY_2028_001,VEN_STADIUM_12,ZONE_GATE_A1,2026-07-30 13:35,4363
EVT_OLY_2028_001,VEN_STADIUM_12,ZONE_GATE_A1,2026-07-30 13:40,4364
EVT_OLY_2028_001,VEN_STADIUM_12,ZONE_GATE_A1,2026-07-30 13:45,4365
EVT_OLY_2028_001,VEN_STADIUM_12,ZONE_GATE_A1,2026-07-30 13:50,4366
EVT_OLY_2028_001,VEN_STADIUM_12,ZONE_GATE_A1,2026-07-30 13:55,4367
EVT_OLY_2028_001,VEN_STADIUM_12,ZONE_GATE_A1,2026-07-30 14:00,4368
EVT_OLY_2028_001,VEN_STADIUM_12,ZONE_GATE_A1,2026-07-30 14:05,4369
EVT_OLY_2028_001,VEN_STADIUM_12,ZONE_GATE_A1,2026-07-30 14:10,4370
EVT_OLY_2028_001,VEN_STADIUM_12,ZONE_GATE_A1,2026-07-30 14:15,4371
EVT_OLY_2028_001,VEN_STADIUM_12,ZONE_GATE_A1,2026-07-30 14:20,4372
EVT_OLY_2028_001,VEN_STADIUM_12,ZONE_GATE_A1,2026-07-30 14:25,4373
EVT_OLY_2028_001,VEN_STADIUM_12,ZONE_GATE_A1,2026-07-30 14:30,4374
EVT_OLY_2028_001,VEN_STADIUM_12,ZONE_GATE_A1,2026-07-30 14:35,4375
EVT_OLY_2028_001,VEN_STADIUM_12,ZONE_GATE_A1,2026-07-30 14:40,4376
EVT_OLY_2028_001,VEN_STADIUM_12,ZONE_GATE_A1,2026-07-30 14:45,4377
EVT_OLY_2028_001,VEN_STADIUM_12,ZONE_GATE_A1,2026-07-30 14:50,4378
EVT_OLY_2028_001,VEN_STADIUM_12,ZONE_GATE_A1,2026-07-30 14:55,4379
EVT_OLY_2028_001,VEN_STADIUM_12,ZONE_GATE_A1,2026-07-30 15:00,4380
EVT_OLY_2028_001,VEN_STADIUM_12,ZONE_GATE_A1,2026-07-30 15:05,4381
EVT_OLY_2028_001,VEN_STADIUM_12,ZONE_GATE_A1,2026-07-30 15:10,4382
EVT_OLY_2028_001,VEN_STADIUM_12,ZONE_GATE_A1,2026-07-30 15:15,4383
EVT_OLY_2028_001,VEN_STADIUM_12,ZONE_GATE_A1,2026-07-30 15:20,4384
EVT_OLY_2028_001,VEN_STADIUM_12,ZONE_GATE_A1,2026-07-30 15:25,4385
EVT_OLY_2028_001,VEN_STADIUM_12,ZONE_GATE_A1,2026-07-30 15:30,4386
EVT_OLY_2028_001,VEN_STADIUM_12,ZONE_GATE_A1,2026-07-30 15:35,4387
EVT_OLY_2028_001,VEN_STADIUM_12,ZONE_GATE_A1,2026-07-30 15:40,4388
EVT_OLY_2028_001,VEN_STADIUM_12,ZONE_GATE_A1,2026-07-30 15:45,4389
EVT_OLY_2028_001,VEN_STADIUM_12,ZONE_GATE_A1,2026-07-30 15:50,4390
EVT_OLY_2028_001,VEN_STADIUM_12,ZONE_GATE_A1,2026-07-30 15:55,4391
EVT_OLY_2028_001,VEN_STADIUM_12,ZONE_GATE_A1,2026-07-30 16:00,4392
EVT_OLY_2028_001,VEN_STADIUM_12,ZONE_GATE_A1,2026-07-30 16:05,4393
EVT_OLY_2028_001,VEN_STADIUM_12,ZONE_GATE_A1,2026-07-30 16:10,4394
EVT_OLY_2028_001,VEN_STADIUM_12,ZONE_GATE_A1,2026-07-30 16:15,4395
EVT_OLY_2028_001,VEN_STADIUM_12,ZONE_GATE_A1,2026-07-30 16:20,4396
EVT_OLY_2028_001,VEN_STADIUM_12,ZONE_GATE_A1,2026-07-30 16:25,4397
EVT_OLY_2028_001,VEN_STADIUM_12,ZONE_GATE_A1,2026-07-30 16:30,4398
EVT_OLY_2028_001,VEN_STADIUM_12,ZONE_GATE_A1,2026-07-30 16:35,4399
EVT_OLY_2028_001,VEN_STADIUM_12,ZONE_GATE_A1,2026-07-30 16:40,4400
EVT_OLY_2028_001,VEN_STADIUM_12,ZONE_GATE_A1,2026-07-30 16:45,4401
EVT_OLY_2028_001,VEN_STADIUM_12,ZONE_GATE_A1,2026-07-30 16:50,4402
EVT_OLY_2028_001,VEN_STADIUM_12,ZONE_GATE_A1,2026-07-30 16:55,4403
EVT_OLY_2028_001,VEN_STADIUM_12,ZONE_GATE_A1,2026-07-30 17:00,4404
EVT_OLY_2028_001,VEN_STADIUM_12,ZONE_GATE_A1,2026-07-30 17:05,4405
EVT_OLY_2028_001,VEN_STADIUM_12,ZONE_GATE_A1,2026-07-30 17:10,4406
EVT_OLY_2028_001,VEN_STADIUM_12,ZONE_GATE_A1,2026-07-30 17:15,4407
EVT_OLY_2028_001,VEN_STADIUM_12,ZONE_GATE_A1,2026-07-30 17:20,4408
EVT_OLY_2028_001,VEN_STADIUM_12,ZONE_GATE_A1,2026-07-30 17:25,4409
EVT_OLY_2028_001,VEN_STADIUM_12,ZONE_GATE_A1,2026-07-30 17:30,4410
EVT_OLY_2028_001,VEN_STADIUM_12,ZONE_GATE_A1,2026-07-30 17:35,4411
EVT_OLY_2028_001,VEN_STADIUM_12,ZONE_GATE_A1,2026-07-30 17:40,4412
EVT_OLY_2028_001,VEN_STADIUM_12,ZONE_GATE_A1,2026-07-30 17:45,4413
EVT_OLY_2028_001,VEN_STADIUM_12,ZONE_GATE_A1,2026-07-30 17:50,4414
EVT_OLY_2028_001,VEN_STADIUM_12,ZONE_GATE_A1,2026-07-30 17:55,4415
EVT_OLY_2028_001,VEN_STADIUM_12,ZONE_GATE_A1,2026-07-30 18:00,4416
EVT_OLY_2028_001,VEN_STADIUM_12,ZONE_GATE_A1,2026-07-30 18:05,4417
EVT_OLY_2028_001,VEN_STADIUM_12,ZONE_GATE_A1,2026-07-30 18:10,4418
EVT_OLY_2028_001,VEN_STADIUM_12,ZONE_GATE_A1,2026-07-30 18:15,4419
EVT_OLY_2028_001,VEN_STADIUM_12,ZONE_GATE_A1,2026-07-30 18:20,4420
EVT_OLY_2028_001,VEN_STADIUM_12,ZONE_GATE_A1,2026-07-30 18:25,4421
EVT_OLY_2028_001,VEN_STADIUM_12,ZONE_GATE_A1,2026-07-30 18:30,4422
EVT_OLY_2028_001,VEN_STADIUM_12,ZONE_GATE_A1,2026-07-30 18:35,4423
EVT_OLY_2028_001,VEN_STADIUM_12,ZONE_GATE_A1,2026-07-30 18:40,4424
EVT_OLY_2028_001,VEN_STADIUM_12,ZONE_GATE_A1,2026-07-30 18:45,4425
EVT_OLY_2028_001,VEN_STADIUM_12,ZONE_GATE_A1,2026-07-30 18:50,4426
EVT_OLY_2028_001,VEN_STADIUM_12,ZONE_GATE_A1,2026-07-30 18:55,4427
EVT_OLY_2028_001,VEN_STADIUM_12,ZONE_GATE_A1,2026-07-30 19:00,4428
EVT_OLY_2028_001,VEN_STADIUM_12,ZONE_GATE_A1,2026-07-30 19:05,4429
EVT_OLY_2028_001,VEN_STADIUM_12,ZONE_GATE_A1,2026-07-30 19:10,4430
EVT_OLY_2028_001,VEN_STADIUM_12,ZONE_GATE_A1,2026-07-30 19:15,4431
EVT_OLY_2028_001,VEN_STADIUM_12,ZONE_GATE_A1,2026-07-30 19:20,4432
EVT_OLY_2028_001,VEN_STADIUM_12,ZONE_GATE_A1,2026-07-30 19:25,4433
EVT_OLY_2028_001,VEN_STADIUM_12,ZONE_GATE_A1,2026-07-30 19:30,4434
EVT_OLY_2028_001,VEN_STADIUM_12,ZONE_GATE_A1,2026-07-30 19:35,4435
EVT_OLY_2028_001,VEN_STADIUM_12,ZONE_GATE_A1,2026-07-30 19:40,4436
EVT_OLY_2028_001,VEN_STADIUM_12,ZONE_GATE_A1,2026-07-30 19:45,4437
EVT_OLY_2028_001,VEN_STADIUM_12,ZONE_GATE_A1,2026-07-30 19:50,4438
EVT_OLY_2028_001,VEN_STADIUM_12,ZONE_GATE_A1,2026-07-30 19:55,4439
EVT_OLY_2028_001,VEN_STADIUM_12,ZONE_GATE_A1,2026-07-30 20:00,4440
EVT_OLY_2028_001,VEN_STADIUM_12,ZONE_GATE_A1,2026-07-30 20:05,4441
EVT_OLY_2028_001,VEN_STADIUM_12,ZONE_GATE_A1,2026-07-30 20:10,4442
EVT_OLY_2028_001,VEN_STADIUM_12,ZONE_GATE_A1,2026-07-30 20:15,4443
EVT_OLY_2028_001,VEN_STADIUM_12,ZONE_GATE_A1,2026-07-30 20:20,4444
EVT_OLY_2028_001,VEN_STADIUM_12,ZONE_GATE_A1,2026-07-30 20:25,4445
EVT_OLY_2028_001,VEN_STADIUM_12,ZONE_GATE_A1,2026-07-30 20:30,4446
EVT_OLY_2028_001,VEN_STADIUM_12,ZONE_GATE_A1,2026-07-30 20:35,4447
EVT_OLY_2028_001,VEN_STADIUM_12,ZONE_GATE_A1,2026-07-30 20:40,4448
EVT_OLY_2028_001,VEN_STADIUM_12,ZONE_GATE_A1,2026-07-30 20:45,4449
EVT_OLY_2028_001,VEN_STADIUM_12,ZONE_GATE_A1,2026-07-30 20:50,4450
EVT_OLY_2028_001,VEN_STADIUM_12,ZONE_GATE_A1,2026-07-30 20:55,4451
EVT_OLY_2028_001,VEN_STADIUM_12,ZONE_GATE_A1,2026-07-30 21:00,4452
EVT_OLY_2028_001,VEN_STADIUM_12,ZONE_GATE_A1,2026-07-30 21:05,4453
EVT_OLY_2028_001,VEN_STADIUM_12,ZONE_GATE_A1,2026-07-30 21:10,4454
EVT_OLY_2028_001,VEN_STADIUM_12,ZONE_GATE_A1,2026-07-30 21:15,4455
EVT_OLY_2028_001,VEN_STADIUM_12,ZONE_GATE_A1,2026-07-30 21:20,4456
EVT_OLY_2028_001,VEN_STADIUM_12,ZONE_GATE_A1,2026-07-30 21:25,4457
EVT_OLY_2028_001,VEN_STADIUM_12,ZONE_GATE_A1,2026-07-30 21:30,4458
EVT_OLY_2028_001,VEN_STADIUM_12,ZONE_GATE_A1,2026-07-30 21:35,4459
EVT_OLY_2028_001,VEN_STADIUM_12,ZONE_GATE_A1,2026-07-30 21:40,4460
EVT_OLY_2028_001,VEN_STADIUM_12,ZONE_GATE_A1,2026-07-30 21:45,4461
EVT_OLY_2028_001,VEN_STADIUM_12,ZONE_GATE_A1,2026-07-30 21:50,4462
EVT_OLY_2028_001,VEN_STADIUM_12,ZONE_GATE_A1,2026-07-30 21:55,4463
EVT_OLY_2028_001,VEN_STADIUM_12,ZONE_GATE_A1,2026-07-30 22:00,4464
EVT_OLY_2028_001,VEN_STADIUM_12,ZONE_GATE_A1,2026-07-30 22:05,4465
EVT_OLY_2028_001,VEN_STADIUM_12,ZONE_GATE_A1,2026-07-30 22:10,4466
EVT_OLY_2028_001,VEN_STADIUM_12,ZONE_GATE_A1,2026-07-30 22:15,4467
EVT_OLY_2028_001,VEN_STADIUM_12,ZONE_GATE_A1,2026-07-30 22:20,4468
EVT_OLY_2028_001,VEN_STADIUM_12,ZONE_GATE_A1,2026-07-30 22:25,4469
EVT_OLY_2028_001,VEN_STADIUM_12,ZONE_GATE_A1,2026-07-30 22:30,4470
EVT_OLY_2028_001,VEN_STADIUM_12,ZONE_GATE_A1,2026-07-30 22:35,4471
EVT_OLY_2028_001,VEN_STADIUM_12,ZONE_GATE_A1,2026-07-30 22:40,4472
EVT_OLY_2028_001,VEN_STADIUM_12,ZONE_GATE_A1,2026-07-30 22:45,4473
EVT_OLY_2028_001,VEN_STADIUM_12,ZONE_GATE_A1,2026-07-30 22:50,4474
EVT_OLY_2028_001,VEN_STADIUM_12,ZONE_GATE_A1,2026-07-30 22:55,4475
EVT_OLY_2028_001,VEN_STADIUM_12,ZONE_GATE_A1,2026-07-30 23:00,4476
EVT_OLY_2028_001,VEN_STADIUM_12,ZONE_GATE_A1,2026-07-30 23:05,4477
EVT_OLY_2028_001,VEN_STADIUM_12,ZONE_GATE_A1,2026-07-30 23:10,4478
EVT_OLY_2028_001,VEN_STADIUM_12,ZONE_GATE_A1,2026-07-30 23:15,4479
EVT_OLY_2028_001,VEN_STADIUM_12,ZONE_GATE_A1,2026-07-30 23:20,4480
EVT_OLY_2028_001,VEN_STADIUM_12,ZONE_GATE_A1,2026-07-30 23:25,4481
EVT_OLY_2028_001,VEN_STADIUM_12,ZONE_GATE_A1,2026-07-30 23:30,4482
EVT_OLY_2028_001,VEN_STADIUM_12,ZONE_GATE_A1,2026-07-30 23:35,4483
EVT_OLY_2028_001,VEN_STADIUM_12,ZONE_GATE_A1,2026-07-30 23:40,4484
EVT_OLY_2028_001,VEN_STADIUM_12,ZONE_GATE_A1,2026-07-30 23:45,4485
EVT_OLY_2028_001,VEN_STADIUM_12,ZONE_GATE_A1,2026-07-30 23:50,4486
EVT_OLY_2028_001,VEN_STADIUM_12,ZONE_GATE_A1,2026-07-30 23:55,4487
EVT_OLY_2028_001,VEN_STADIUM_12,ZONE_GATE_A1,2026-07-31 00:00,4488
EVT_OLY_2028_001,VEN_STADIUM_12,ZONE_GATE_A1,2026-07-31 00:05,4489
EVT_OLY_2028_001,VEN_STADIUM_12,ZONE_GATE_A1,2026-07-31 00:10,4490
EVT_OLY_2028_001,VEN_STADIUM_12,ZONE_GATE_A1,2026-07-31 00:15,4491
EVT_OLY_2028_001,VEN_STADIUM_12,ZONE_GATE_A1,2026-07-31 00:20,4492
EVT_OLY_2028_001,VEN_STADIUM_12,ZONE_GATE_A1,2026-07-31 00:25,4493
EVT_OLY_2028_001,VEN_STADIUM_12,ZONE_GATE_A1,2026-07-31 00:30,4494
EVT_OLY_2028_001,VEN_STADIUM_12,ZONE_GATE_A1,2026-07-31 00:35,4495
EVT_OLY_2028_001,VEN_STADIUM_12,ZONE_GATE_A1,2026-07-31 00:40,4496
EVT_OLY_2028_001,VEN_STADIUM_12,ZONE_GATE_A1,2026-07-31 00:45,4497
EVT_OLY_2028_001,VEN_STADIUM_12,ZONE_GATE_A1,2026-07-31 00:50,4498
EVT_OLY_2028_001,VEN_STADIUM_12,ZONE_GATE_A1,2026-07-31 00:55,4499
EVT_OLY_2028_001,VEN_STADIUM_12,ZONE_GATE_A1,2026-07-31 01:00,4500
EVT_OLY_2028_001,VEN_STADIUM_12,ZONE_GATE_A1,2026-07-31 01:05,4501
EVT_OLY_2028_001,VEN_STADIUM_12,ZONE_GATE_A1,2026-07-31 01:10,4502
EVT_OLY_2028_001,VEN_STADIUM_12,ZONE_GATE_A1,2026-07-31 01:15,4503
EVT_OLY_2028_001,VEN_STADIUM_12,ZONE_GATE_A1,2026-07-31 01:20,4504
EVT_OLY_2028_001,VEN_STADIUM_12,ZONE_GATE_A1,2026-07-31 01:25,4505
EVT_OLY_2028_001,VEN_STADIUM_12,ZONE_GATE_A1,2026-07-31 01:30,4506
EVT_OLY_2028_001,VEN_STADIUM_12,ZONE_GATE_A1,2026-07-31 01:35,4507
EVT_OLY_2028_001,VEN_STADIUM_12,ZONE_GATE_A1,2026-07-31 01:40,4508
EVT_OLY_2028_001,VEN_STADIUM_12,ZONE_GATE_A1,2026-07-31 01:45,4509
EVT_OLY_2028_001,VEN_STADIUM_12,ZONE_GATE_A1,2026-07-31 01:50,4510
EVT_OLY_2028_001,VEN_STADIUM_12,ZONE_GATE_A1,2026-07-31 01:55,4511
EVT_OLY_2028_001,VEN_STADIUM_12,ZONE_GATE_A1,2026-07-31 02:00,4512
EVT_OLY_2028_001,VEN_STADIUM_12,ZONE_GATE_A1,2026-07-31 02:05,4513
EVT_OLY_2028_001,VEN_STADIUM_12,ZONE_GATE_A1,2026-07-31 02:10,4514
EVT_OLY_2028_001,VEN_STADIUM_12,ZONE_GATE_A1,2026-07-31 02:15,4515
EVT_OLY_2028_001,VEN_STADIUM_12,ZONE_GATE_A1,2026-07-31 02:20,4516
EVT_OLY_2028_001,VEN_STADIUM_12,ZONE_GATE_A1,2026-07-31 02:25,4517
EVT_OLY_2028_001,VEN_STADIUM_12,ZONE_GATE_A1,2026-07-31 02:30,4518
EVT_OLY_2028_001,VEN_STADIUM_12,ZONE_GATE_A1,2026-07-31 02:35,4519
EVT_OLY_2028_001,VEN_STADIUM_12,ZONE_GATE_A1,2026-07-31 02:40,4520
EVT_OLY_2028_001,VEN_STADIUM_12,ZONE_GATE_A1,2026-07-31 02:45,4521
EVT_OLY_2028_001,VEN_STADIUM_12,ZONE_GATE_A1,2026-07-31 02:50,4522
EVT_OLY_2028_001,VEN_STADIUM_12,ZONE_GATE_A1,2026-07-31 02:55,4523
EVT_OLY_2028_001,VEN_STADIUM_12,ZONE_GATE_A1,2026-07-31 03:00,4524
EVT_OLY_2028_001,VEN_STADIUM_12,ZONE_GATE_A1,2026-07-31 03:05,4525
EVT_OLY_2028_001,VEN_STADIUM_12,ZONE_GATE_A1,2026-07-31 03:10,4526
EVT_OLY_2028_001,VEN_STADIUM_12,ZONE_GATE_A1,2026-07-31 03:15,4527
EVT_OLY_2028_001,VEN_STADIUM_12,ZONE_GATE_A1,2026-07-31 03:20,4528
EVT_OLY_2028_001,VEN_STADIUM_12,ZONE_GATE_A1,2026-07-31 03:25,4529
EVT_OLY_2028_001,VEN_STADIUM_12,ZONE_GATE_A1,2026-07-31 03:30,4530
EVT_OLY_2028_001,VEN_STADIUM_12,ZONE_GATE_A1,2026-07-31 03:35,4531
EVT_OLY_2028_001,VEN_STADIUM_12,ZONE_GATE_A1,2026-07-31 03:40,4532
EVT_OLY_2028_001,VEN_STADIUM_12,ZONE_GATE_A1,2026-07-31 03:45,4533
EVT_OLY_2028_001,VEN_STADIUM_12,ZONE_GATE_A1,2026-07-31 03:50,4534
EVT_OLY_2028_001,VEN_STADIUM_12,ZONE_GATE_A1,2026-07-31 03:55,4535
EVT_OLY_2028_001,VEN_STADIUM_12,ZONE_GATE_A1,2026-07-31 04:00,4536
EVT_OLY_2028_001,VEN_STADIUM_12,ZONE_GATE_A1,2026-07-31 04:05,4537
EVT_OLY_2028_001,VEN_STADIUM_12,ZONE_GATE_A1,2026-07-31 04:10,4538
EVT_OLY_2028_001,VEN_STADIUM_12,ZONE_GATE_A1,2026-07-31 04:15,4539
EVT_OLY_2028_001,VEN_STADIUM_12,ZONE_GATE_A1,2026-07-31 04:20,4540
EVT_OLY_2028_001,VEN_STADIUM_12,ZONE_GATE_A1,2026-07-31 04:25,4541
EVT_OLY_2028_001,VEN_STADIUM_12,ZONE_GATE_A1,2026-07-31 04:30,4542
EVT_OLY_2028_001,VEN_STADIUM_12,ZONE_GATE_A1,2026-07-31 04:35,4543
EVT_OLY_2028_001,VEN_STADIUM_12,ZONE_GATE_A1,2026-07-31 04:40,4544
EVT_OLY_2028_001,VEN_STADIUM_12,ZONE_GATE_A1,2026-07-31 04:45,4545
EVT_OLY_2028_001,VEN_STADIUM_12,ZONE_GATE_A1,2026-07-31 04:50,4546
EVT_OLY_2028_001,VEN_STADIUM_12,ZONE_GATE_A1,2026-07-31 04:55,4547
EVT_OLY_2028_001,VEN_STADIUM_12,ZONE_GATE_A1,2026-07-31 05:00,4548
EVT_OLY_2028_001,VEN_STADIUM_12,ZONE_GATE_A1,2026-07-31 05:05,4549
EVT_OLY_2028_001,VEN_STADIUM_12,ZONE_GATE_A1,2026-07-31 05:10,4550
EVT_OLY_2028_001,VEN_STADIUM_12,ZONE_GATE_A1,2026-07-31 05:15,4551
EVT_OLY_2028_001,VEN_STADIUM_12,ZONE_GATE_A1,2026-07-31 05:20,4552
EVT_OLY_2028_001,VEN_STADIUM_12,ZONE_GATE_A1,2026-07-31 05:25,4553
EVT_OLY_2028_001,VEN_STADIUM_12,ZONE_GATE_A1,2026-07-31 05:30,4554
EVT_OLY_2028_001,VEN_STADIUM_12,ZONE_GATE_A1,2026-07-31 05:35,4555
EVT_OLY_2028_001,VEN_STADIUM_12,ZONE_GATE_A1,2026-07-31 05:40,4556
EVT_OLY_2028_001,VEN_STADIUM_12,ZONE_GATE_A1,2026-07-31 05:45,4557
EVT_OLY_2028_001,VEN_STADIUM_12,ZONE_GATE_A1,2026-07-31 05:50,4558
EVT_OLY_2028_001,VEN_STADIUM_12,ZONE_GATE_A1,2026-07-31 05:55,4559
EVT_OLY_2028_001,VEN_STADIUM_12,ZONE_GATE_A1,2026-07-31 06:00,4560
EVT_OLY_2028_001,VEN_STADIUM_12,ZONE_GATE_A1,2026-07-31 06:05,4561
EVT_OLY_2028_001,VEN_STADIUM_12,ZONE_GATE_A1,2026-07-31 06:10,4562
EVT_OLY_2028_001,VEN_STADIUM_12,ZONE_GATE_A1,2026-07-31 06:15,4563
EVT_OLY_2028_001,VEN_STADIUM_12,ZONE_GATE_A1,2026-07-31 06:20,4564
EVT_OLY_2028_001,VEN_STADIUM_12,ZONE_GATE_A1,2026-07-31 06:25,4565
EVT_OLY_2028_001,VEN_STADIUM_12,ZONE_GATE_A1,2026-07-31 06:30,4566
EVT_OLY_2028_001,VEN_STADIUM_12,ZONE_GATE_A1,2026-07-31 06:35,4567
EVT_OLY_2028_001,VEN_STADIUM_12,ZONE_GATE_A1,2026-07-31 06:40,4568
EVT_OLY_2028_001,VEN_STADIUM_12,ZONE_GATE_A1,2026-07-31 06:45,4569
EVT_OLY_2028_001,VEN_STADIUM_12,ZONE_GATE_A1,2026-07-31 06:50,4570
EVT_OLY_2028_001,VEN_STADIUM_12,ZONE_GATE_A1,2026-07-31 06:55,4571
EVT_OLY_2028_001,VEN_STADIUM_12,ZONE_GATE_A1,2026-07-31 07:00,4572
EVT_OLY_2028_001,VEN_STADIUM_12,ZONE_GATE_A1,2026-07-31 07:05,4573
EVT_OLY_2028_001,VEN_STADIUM_12,ZONE_GATE_A1,2026-07-31 07:10,4574
EVT_OLY_2028_001,VEN_STADIUM_12,ZONE_GATE_A1,2026-07-31 07:15,4575
EVT_OLY_2028_001,VEN_STADIUM_12,ZONE_GATE_A1,2026-07-31 07:20,4576
EVT_OLY_2028_001,VEN_STADIUM_12,ZONE_GATE_A1,2026-07-31 07:25,4577
EVT_OLY_2028_001,VEN_STADIUM_12,ZONE_GATE_A1,2026-07-31 07:30,4578
EVT_OLY_2028_001,VEN_STADIUM_12,ZONE_GATE_A1,2026-07-31 07:35,4579
EVT_OLY_2028_001,VEN_STADIUM_12,ZONE_GATE_A1,2026-07-31 07:40,4580
EVT_OLY_2028_001,VEN_STADIUM_12,ZONE_GATE_A1,2026-07-31 07:45,4581
EVT_OLY_2028_001,VEN_STADIUM_12,ZONE_GATE_A1,2026-07-31 07:50,4582
EVT_OLY_2028_001,VEN_STADIUM_12,ZONE_GATE_A1,2026-07-31 07:55,4583
EVT_OLY_2028_001,VEN_STADIUM_12,ZONE_GATE_A1,2026-07-31 08:00,4584
EVT_OLY_2028_001,VEN_STADIUM_12,ZONE_GATE_A1,2026-07-31 08:05,4585
EVT_OLY_2028_001,VEN_STADIUM_12,ZONE_GATE_A1,2026-07-31 08:10,4586
EVT_OLY_2028_001,VEN_STADIUM_12,ZONE_GATE_A1,2026-07-31 08:15,4587
EVT_OLY_2028_001,VEN_STADIUM_12,ZONE_GATE_A1,2026-07-31 08:20,4588
EVT_OLY_2028_001,VEN_STADIUM_12,ZONE_GATE_A1,2026-07-31 08:25,4589
EVT_OLY_2028_001,VEN_STADIUM_12,ZONE_GATE_A1,2026-07-31 08:30,4590
EVT_OLY_2028_001,VEN_STADIUM_12,ZONE_GATE_A1,2026-07-31 08:35,4591
EVT_OLY_2028_001,VEN_STADIUM_12,ZONE_GATE_A1,2026-07-31 08:40,4592
EVT_OLY_2028_001,VEN_STADIUM_12,ZONE_GATE_A1,2026-07-31 08:45,4593
EVT_OLY_2028_001,VEN_STADIUM_12,ZONE_GATE_A1,2026-07-31 08:50,4594
EVT_OLY_2028_001,VEN_STADIUM_12,ZONE_GATE_A1,2026-07-31 08:55,4595
EVT_OLY_2028_001,VEN_STADIUM_12,ZONE_GATE_A1,2026-07-31 09:00,4596
EVT_OLY_2028_001,VEN_STADIUM_12,ZONE_GATE_A1,2026-07-31 09:05,4597
EVT_OLY_2028_001,VEN_STADIUM_12,ZONE_GATE_A1,2026-07-31 09:10,4598
EVT_OLY_2028_001,VEN_STADIUM_12,ZONE_GATE_A1,2026-07-31 09:15,4599
EVT_OLY_2028_001,VEN_STADIUM_12,ZONE_GATE_A1,2026-07-31 09:20,4600
EVT_OLY_2028_001,VEN_STADIUM_12,ZONE_GATE_A1,2026-07-31 09:25,4601
EVT_OLY_2028_001,VEN_STADIUM_12,ZONE_GATE_A1,2026-07-31 09:30,4602
EVT_OLY_2028_001,VEN_STADIUM_12,ZONE_GATE_A1,2026-07-31 09:35,4603
EVT_OLY_2028_001,VEN_STADIUM_12,ZONE_GATE_A1,2026-07-31 09:40,4604
EVT_OLY_2028_001,VEN_STADIUM_12,ZONE_GATE_A1,2026-07-31 09:45,4605
EVT_OLY_2028_001,VEN_STADIUM_12,ZONE_GATE_A1,2026-07-31 09:50,4606
EVT_OLY_2028_001,VEN_STADIUM_12,ZONE_GATE_A1,2026-07-31 09:55,4607
EVT_OLY_2028_001,VEN_STADIUM_12,ZONE_GATE_A1,2026-07-31 10:00,4608
EVT_OLY_2028_001,VEN_STADIUM_12,ZONE_GATE_A1,2026-07-31 10:05,4609
EVT_OLY_2028_001,VEN_STADIUM_12,ZONE_GATE_A1,2026-07-31 10:10,4610
EVT_OLY_2028_001,VEN_STADIUM_12,ZONE_GATE_A1,2026-07-31 10:15,4611
EVT_OLY_2028_001,VEN_STADIUM_12,ZONE_GATE_A1,2026-07-31 10:20,4612
EVT_OLY_2028_001,VEN_STADIUM_12,ZONE_GATE_A1,2026-07-31 10:25,4613
EVT_OLY_2028_001,VEN_STADIUM_12,ZONE_GATE_A1,2026-07-31 10:30,4614
EVT_OLY_2028_001,VEN_STADIUM_12,ZONE_GATE_A1,2026-07-31 10:35,4615
EVT_OLY_2028_001,VEN_STADIUM_12,ZONE_GATE_A1,2026-07-31 10:40,4616
EVT_OLY_2028_001,VEN_STADIUM_12,ZONE_GATE_A1,2026-07-31 10:45,4617
EVT_OLY_2028_001,VEN_STADIUM_12,ZONE_GATE_A1,2026-07-31 10:50,4618
EVT_OLY_2028_001,VEN_STADIUM_12,ZONE_GATE_A1,2026-07-31 10:55,4619
EVT_OLY_2028_001,VEN_STADIUM_12,ZONE_GATE_A1,2026-07-31 11:00,4620
EVT_OLY_2028_001,VEN_STADIUM_12,ZONE_GATE_A1,2026-07-31 11:05,4621
EVT_OLY_2028_001,VEN_STADIUM_12,ZONE_GATE_A1,2026-07-31 11:10,4622
EVT_OLY_2028_001,VEN_STADIUM_12,ZONE_GATE_A1,2026-07-31 11:15,4623
EVT_OLY_2028_001,VEN_STADIUM_12,ZONE_GATE_A1,2026-07-31 11:20,4624
EVT_OLY_2028_001,VEN_STADIUM_12,ZONE_GATE_A1,2026-07-31 11:25,4625
EVT_OLY_2028_001,VEN_STADIUM_12,ZONE_GATE_A1,2026-07-31 11:30,4626
EVT_OLY_2028_001,VEN_STADIUM_12,ZONE_GATE_A1,2026-07-31 11:35,4627
EVT_OLY_2028_001,VEN_STADIUM_12,ZONE_GATE_A1,2026-07-31 11:40,4628
EVT_OLY_2028_001,VEN_STADIUM_12,ZONE_GATE_A1,2026-07-31 11:45,4629
EVT_OLY_2028_001,VEN_STADIUM_12,ZONE_GATE_A1,2026-07-31 11:50,4630
EVT_OLY_2028_001,VEN_STADIUM_12,ZONE_GATE_A1,2026-07-31 11:55,4631
EVT_OLY_2028_001,VEN_STADIUM_12,ZONE_GATE_A1,2026-07-31 12:00,4632
EVT_OLY_2028_001,VEN_STADIUM_12,ZONE_GATE_A1,2026-07-31 12:05,4633
EVT_OLY_2028_001,VEN_STADIUM_12,ZONE_GATE_A1,2026-07-31 12:10,4634
EVT_OLY_2028_001,VEN_STADIUM_12,ZONE_GATE_A1,2026-07-31 12:15,4635
EVT_OLY_2028_001,VEN_STADIUM_12,ZONE_GATE_A1,2026-07-31 12:20,4636
EVT_OLY_2028_001,VEN_STADIUM_12,ZONE_GATE_A1,2026-07-31 12:25,4637
EVT_OLY_2028_001,VEN_STADIUM_12,ZONE_GATE_A1,2026-07-31 12:30,4638
EVT_OLY_2028_001,VEN_STADIUM_12,ZONE_GATE_A1,2026-07-31 12:35,4639
EVT_OLY_2028_001,VEN_STADIUM_12,ZONE_GATE_A1,2026-07-31 12:40,4640
EVT_OLY_2028_001,VEN_STADIUM_12,ZONE_GATE_A1,2026-07-31 12:45,4641
EVT_OLY_2028_001,VEN_STADIUM_12,ZONE_GATE_A1,2026-07-31 12:50,4642
EVT_OLY_2028_001,VEN_STADIUM_12,ZONE_GATE_A1,2026-07-31 12:55,4643
EVT_OLY_2028_001,VEN_STADIUM_12,ZONE_GATE_A1,2026-07-31 13:00,4644
EVT_OLY_2028_001,VEN_STADIUM_12,ZONE_GATE_A1,2026-07-31 13:05,4645
EVT_OLY_2028_001,VEN_STADIUM_12,ZONE_GATE_A1,2026-07-31 13:10,4646
EVT_OLY_2028_001,VEN_STADIUM_12,ZONE_GATE_A1,2026-07-31 13:15,4647
EVT_OLY_2028_001,VEN_STADIUM_12,ZONE_GATE_A1,2026-07-31 13:20,4648
EVT_OLY_2028_001,VEN_STADIUM_12,ZONE_GATE_A1,2026-07-31 13:25,4649
EVT_OLY_2028_001,VEN_STADIUM_12,ZONE_GATE_A1,2026-07-31 13:30,4650
EVT_OLY_2028_001,VEN_STADIUM_12,ZONE_GATE_A1,2026-07-31 13:35,4651
EVT_OLY_2028_001,VEN_STADIUM_12,ZONE_GATE_A1,2026-07-31 13:40,4652
EVT_OLY_2028_001,VEN_STADIUM_12,ZONE_GATE_A1,2026-07-31 13:45,4653
EVT_OLY_2028_001,VEN_STADIUM_12,ZONE_GATE_A1,2026-07-31 13:50,4654
EVT_OLY_2028_001,VEN_STADIUM_12,ZONE_GATE_A1,2026-07-31 13:55,4655
EVT_OLY_2028_001,VEN_STADIUM_12,ZONE_GATE_A1,2026-07-31 14:00,4656
EVT_OLY_2028_001,VEN_STADIUM_12,ZONE_GATE_A1,2026-07-31 14:05,4657
EVT_OLY_2028_001,VEN_STADIUM_12,ZONE_GATE_A1,2026-07-31 14:10,4658
EVT_OLY_2028_001,VEN_STADIUM_12,ZONE_GATE_A1,2026-07-31 14:15,4659
EVT_OLY_2028_001,VEN_STADIUM_12,ZONE_GATE_A1,2026-07-31 14:20,4660
EVT_OLY_2028_001,VEN_STADIUM_12,ZONE_GATE_A1,2026-07-31 14:25,4661
EVT_OLY_2028_001,VEN_STADIUM_12,ZONE_GATE_A1,2026-07-31 14:30,4662
EVT_OLY_2028_001,VEN_STADIUM_12,ZONE_GATE_A1,2026-07-31 14:35,4663
EVT_OLY_2028_001,VEN_STADIUM_12,ZONE_GATE_A1,2026-07-31 14:40,4664
EVT_OLY_2028_001,VEN_STADIUM_12,ZONE_GATE_A1,2026-07-31 14:45,4665
EVT_OLY_2028_001,VEN_STADIUM_12,ZONE_GATE_A1,2026-07-31 14:50,4666
EVT_OLY_2028_001,VEN_STADIUM_12,ZONE_GATE_A1,2026-07-31 14:55,4667
EVT_OLY_2028_001,VEN_STADIUM_12,ZONE_GATE_A1,2026-07-31 15:00,4668
EVT_OLY_2028_001,VEN_STADIUM_12,ZONE_GATE_A1,2026-07-31 15:05,4669
EVT_OLY_2028_001,VEN_STADIUM_12,ZONE_GATE_A1,2026-07-31 15:10,4670
EVT_OLY_2028_001,VEN_STADIUM_12,ZONE_GATE_A1,2026-07-31 15:15,4671
EVT_OLY_2028_001,VEN_STADIUM_12,ZONE_GATE_A1,2026-07-31 15:20,4672
EVT_OLY_2028_001,VEN_STADIUM_12,ZONE_GATE_A1,2026-07-31 15:25,4673
EVT_OLY_2028_001,VEN_STADIUM_12,ZONE_GATE_A1,2026-07-31 15:30,4674
EVT_OLY_2028_001,VEN_STADIUM_12,ZONE_GATE_A1,2026-07-31 15:35,4675
EVT_OLY_2028_001,VEN_STADIUM_12,ZONE_GATE_A1,2026-07-31 15:40,4676
EVT_OLY_2028_001,VEN_STADIUM_12,ZONE_GATE_A1,2026-07-31 15:45,4677
EVT_OLY_2028_001,VEN_STADIUM_12,ZONE_GATE_A1,2026-07-31 15:50,4678
EVT_OLY_2028_001,VEN_STADIUM_12,ZONE_GATE_A1,2026-07-31 15:55,4679
EVT_OLY_2028_001,VEN_STADIUM_12,ZONE_GATE_A1,2026-07-31 16:00,4680
EVT_OLY_2028_001,VEN_STADIUM_12,ZONE_GATE_A1,2026-07-31 16:05,4681
EVT_OLY_2028_001,VEN_STADIUM_12,ZONE_GATE_A1,2026-07-31 16:10,4682
EVT_OLY_2028_001,VEN_STADIUM_12,ZONE_GATE_A1,2026-07-31 16:15,4683
EVT_OLY_2028_001,VEN_STADIUM_12,ZONE_GATE_A1,2026-07-31 16:20,4684
EVT_OLY_2028_001,VEN_STADIUM_12,ZONE_GATE_A1,2026-07-31 16:25,4685
EVT_OLY_2028_001,VEN_STADIUM_12,ZONE_GATE_A1,2026-07-31 16:30,4686
EVT_OLY_2028_001,VEN_STADIUM_12,ZONE_GATE_A1,2026-07-31 16:35,4687
EVT_OLY_2028_001,VEN_STADIUM_12,ZONE_GATE_A1,2026-07-31 16:40,4688
EVT_OLY_2028_001,VEN_STADIUM_12,ZONE_GATE_A1,2026-07-31 16:45,4689
EVT_OLY_2028_001,VEN_STADIUM_12,ZONE_GATE_A1,2026-07-31 16:50,4690
EVT_OLY_2028_001,VEN_STADIUM_12,ZONE_GATE_A1,2026-07-31 16:55,4691
EVT_OLY_2028_001,VEN_STADIUM_12,ZONE_GATE_A1,2026-07-31 17:00,4692
EVT_OLY_2028_001,VEN_STADIUM_12,ZONE_GATE_A1,2026-07-31 17:05,4693
EVT_OLY_2028_001,VEN_STADIUM_12,ZONE_GATE_A1,2026-07-31 17:10,4694
EVT_OLY_2028_001,VEN_STADIUM_12,ZONE_GATE_A1,2026-07-31 17:15,4695
EVT_OLY_2028_001,VEN_STADIUM_12,ZONE_GATE_A1,2026-07-31 17:20,4696
EVT_OLY_2028_001,VEN_STADIUM_12,ZONE_GATE_A1,2026-07-31 17:25,4697
EVT_OLY_2028_001,VEN_STADIUM_12,ZONE_GATE_A1,2026-07-31 17:30,4698
EVT_OLY_2028_001,VEN_STADIUM_12,ZONE_GATE_A1,2026-07-31 17:35,4699
EVT_OLY_2028_001,VEN_STADIUM_12,ZONE_GATE_A1,2026-07-31 17:40,4700
EVT_OLY_2028_001,VEN_STADIUM_12,ZONE_GATE_A1,2026-07-31 17:45,4701
EVT_OLY_2028_001,VEN_STADIUM_12,ZONE_GATE_A1,2026-07-31 17:50,4702
EVT_OLY_2028_001,VEN_STADIUM_12,ZONE_GATE_A1,2026-07-31 17:55,4703
EVT_OLY_2028_001,VEN_STADIUM_12,ZONE_GATE_A1,2026-07-31 18:00,4704
EVT_OLY_2028_001,VEN_STADIUM_12,ZONE_GATE_A1,2026-07-31 18:05,4705
EVT_OLY_2028_001,VEN_STADIUM_12,ZONE_GATE_A1,2026-07-31 18:10,4706
EVT_OLY_2028_001,VEN_STADIUM_12,ZONE_GATE_A1,2026-07-31 18:15,4707
EVT_OLY_2028_001,VEN_STADIUM_12,ZONE_GATE_A1,2026-07-31 18:20,4708
EVT_OLY_2028_001,VEN_STADIUM_12,ZONE_GATE_A1,2026-07-31 18:25,4709
EVT_OLY_2028_001,VEN_STADIUM_12,ZONE_GATE_A1,2026-07-31 18:30,4710
EVT_OLY_2028_001,VEN_STADIUM_12,ZONE_GATE_A1,2026-07-31 18:35,4711
EVT_OLY_2028_001,VEN_STADIUM_12,ZONE_GATE_A1,2026-07-31 18:40,4712
EVT_OLY_2028_001,VEN_STADIUM_12,ZONE_GATE_A1,2026-07-31 18:45,4713
EVT_OLY_2028_001,VEN_STADIUM_12,ZONE_GATE_A1,2026-07-31 18:50,4714
EVT_OLY_2028_001,VEN_STADIUM_12,ZONE_GATE_A1,2026-07-31 18:55,4715
EVT_OLY_2028_001,VEN_STADIUM_12,ZONE_GATE_A1,2026-07-31 19:00,4716
EVT_OLY_2028_001,VEN_STADIUM_12,ZONE_GATE_A1,2026-07-31 19:05,4717
EVT_OLY_2028_001,VEN_STADIUM_12,ZONE_GATE_A1,2026-07-31 19:10,4718
EVT_OLY_2028_001,VEN_STADIUM_12,ZONE_GATE_A1,2026-07-31 19:15,4719
EVT_OLY_2028_001,VEN_STADIUM_12,ZONE_GATE_A1,2026-07-31 19:20,4720
EVT_OLY_2028_001,VEN_STADIUM_12,ZONE_GATE_A1,2026-07-31 19:25,4721
EVT_OLY_2028_001,VEN_STADIUM_12,ZONE_GATE_A1,2026-07-31 19:30,4722
EVT_OLY_2028_001,VEN_STADIUM_12,ZONE_GATE_A1,2026-07-31 19:35,4723
EVT_OLY_2028_001,VEN_STADIUM_12,ZONE_GATE_A1,2026-07-31 19:40,4724
EVT_OLY_2028_001,VEN_STADIUM_12,ZONE_GATE_A1,2026-07-31 19:45,4725
EVT_OLY_2028_001,VEN_STADIUM_12,ZONE_GATE_A1,2026-07-31 19:50,4726
EVT_OLY_2028_001,VEN_STADIUM_12,ZONE_GATE_A1,2026-07-31 19:55,4727
EVT_OLY_2028_001,VEN_STADIUM_12,ZONE_GATE_A1,2026-07-31 20:00,4728
EVT_OLY_2028_001,VEN_STADIUM_12,ZONE_GATE_A1,2026-07-31 20:05,4729
EVT_OLY_2028_001,VEN_STADIUM_12,ZONE_GATE_A1,2026-07-31 20:10,4730
EVT_OLY_2028_001,VEN_STADIUM_12,ZONE_GATE_A1,2026-07-31 20:15,4731
EVT_OLY_2028_001,VEN_STADIUM_12,ZONE_GATE_A1,2026-07-31 20:20,4732
EVT_OLY_2028_001,VEN_STADIUM_12,ZONE_GATE_A1,2026-07-31 20:25,4733
EVT_OLY_2028_001,VEN_STADIUM_12,ZONE_GATE_A1,2026-07-31 20:30,4734
EVT_OLY_2028_001,VEN_STADIUM_12,ZONE_GATE_A1,2026-07-31 20:35,4735
EVT_OLY_2028_001,VEN_STADIUM_12,ZONE_GATE_A1,2026-07-31 20:40,4736
EVT_OLY_2028_001,VEN_STADIUM_12,ZONE_GATE_A1,2026-07-31 20:45,4737
EVT_OLY_2028_001,VEN_STADIUM_12,ZONE_GATE_A1,2026-07-31 20:50,4738
EVT_OLY_2028_001,VEN_STADIUM_12,ZONE_GATE_A1,2026-07-31 20:55,4739
EVT_OLY_2028_001,VEN_STADIUM_12,ZONE_GATE_A1,2026-07-31 21:00,4740
EVT_OLY_2028_001,VEN_STADIUM_12,ZONE_GATE_A1,2026-07-31 21:05,4741
EVT_OLY_2028_001,VEN_STADIUM_12,ZONE_GATE_A1,2026-07-31 21:10,4742
EVT_OLY_2028_001,VEN_STADIUM_12,ZONE_GATE_A1,2026-07-31 21:15,4743
EVT_OLY_2028_001,VEN_STADIUM_12,ZONE_GATE_A1,2026-07-31 21:20,4744
EVT_OLY_2028_001,VEN_STADIUM_12,ZONE_GATE_A1,2026-07-31 21:25,4745
EVT_OLY_2028_001,VEN_STADIUM_12,ZONE_GATE_A1,2026-07-31 21:30,4746
EVT_OLY_2028_001,VEN_STADIUM_12,ZONE_GATE_A1,2026-07-31 21:35,4747
EVT_OLY_2028_001,VEN_STADIUM_12,ZONE_GATE_A1,2026-07-31 21:40,4748
EVT_OLY_2028_001,VEN_STADIUM_12,ZONE_GATE_A1,2026-07-31 21:45,4749
EVT_OLY_2028_001,VEN_STADIUM_12,ZONE_GATE_A1,2026-07-31 21:50,4750
EVT_OLY_2028_001,VEN_STADIUM_12,ZONE_GATE_A1,2026-07-31 21:55,4751
EVT_OLY_2028_001,VEN_STADIUM_12,ZONE_GATE_A1,2026-07-31 22:00,4752
EVT_OLY_2028_001,VEN_STADIUM_12,ZONE_GATE_A1,2026-07-31 22:05,4753
EVT_OLY_2028_001,VEN_STADIUM_12,ZONE_GATE_A1,2026-07-31 22:10,4754
EVT_OLY_2028_001,VEN_STADIUM_12,ZONE_GATE_A1,2026-07-31 22:15,4755
EVT_OLY_2028_001,VEN_STADIUM_12,ZONE_GATE_A1,2026-07-31 22:20,4756
EVT_OLY_2028_001,VEN_STADIUM_12,ZONE_GATE_A1,2026-07-31 22:25,4757
EVT_OLY_2028_001,VEN_STADIUM_12,ZONE_GATE_A1,2026-07-31 22:30,4758
EVT_OLY_2028_001,VEN_STADIUM_12,ZONE_GATE_A1,2026-07-31 22:35,4759
EVT_OLY_2028_001,VEN_STADIUM_12,ZONE_GATE_A1,2026-07-31 22:40,4760
EVT_OLY_2028_001,VEN_STADIUM_12,ZONE_GATE_A1,2026-07-31 22:45,4761
EVT_OLY_2028_001,VEN_STADIUM_12,ZONE_GATE_A1,2026-07-31 22:50,4762
EVT_OLY_2028_001,VEN_STADIUM_12,ZONE_GATE_A1,2026-07-31 22:55,4763
EVT_OLY_2028_001,VEN_STADIUM_12,ZONE_GATE_A1,2026-07-31 23:00,4764
EVT_OLY_2028_001,VEN_STADIUM_12,ZONE_GATE_A1,2026-07-31 23:05,4765
EVT_OLY_2028_001,VEN_STADIUM_12,ZONE_GATE_A1,2026-07-31 23:10,4766
EVT_OLY_2028_001,VEN_STADIUM_12,ZONE_GATE_A1,2026-07-31 23:15,4767
EVT_OLY_2028_001,VEN_STADIUM_12,ZONE_GATE_A1,2026-07-31 23:20,4768
EVT_OLY_2028_001,VEN_STADIUM_12,ZONE_GATE_A1,2026-07-31 23:25,4769
EVT_OLY_2028_001,VEN_STADIUM_12,ZONE_GATE_A1,2026-07-31 23:30,4770
EVT_OLY_2028_001,VEN_STADIUM_12,ZONE_GATE_A1,2026-07-31 23:35,4771
EVT_OLY_2028_001,VEN_STADIUM_12,ZONE_GATE_A1,2026-07-31 23:40,4772
EVT_OLY_2028_001,VEN_STADIUM_12,ZONE_GATE_A1,2026-07-31 23:45,4773
EVT_OLY_2028_001,VEN_STADIUM_12,ZONE_GATE_A1,2026-07-31 23:50,4774
EVT_OLY_2028_001,VEN_STADIUM_12,ZONE_GATE_A1,2026-07-31 23:55,4775
EVT_OLY_2028_001,VEN_STADIUM_12,ZONE_GATE_A1,2026-08-01 00:00,4776
EVT_OLY_2028_001,VEN_STADIUM_12,ZONE_GATE_A1,2026-08-01 00:05,4777
EVT_OLY_2028_001,VEN_STADIUM_12,ZONE_GATE_A1,2026-08-01 00:10,4778
EVT_OLY_2028_001,VEN_STADIUM_12,ZONE_GATE_A1,2026-08-01 00:15,4779
EVT_OLY_2028_001,VEN_STADIUM_12,ZONE_GATE_A1,2026-08-01 00:20,4780
EVT_OLY_2028_001,VEN_STADIUM_12,ZONE_GATE_A1,2026-08-01 00:25,4781
EVT_OLY_2028_001,VEN_STADIUM_12,ZONE_GATE_A1,2026-08-01 00:30,4782
EVT_OLY_2028_001,VEN_STADIUM_12,ZONE_GATE_A1,2026-08-01 00:35,4783
EVT_OLY_2028_001,VEN_STADIUM_12,ZONE_GATE_A1,2026-08-01 00:40,4784
EVT_OLY_2028_001,VEN_STADIUM_12,ZONE_GATE_A1,2026-08-01 00:45,4785
EVT_OLY_2028_001,VEN_STADIUM_12,ZONE_GATE_A1,2026-08-01 00:50,4786
EVT_OLY_2028_001,VEN_STADIUM_12,ZONE_GATE_A1,2026-08-01 00:55,4787
EVT_OLY_2028_001,VEN_STADIUM_12,ZONE_GATE_A1,2026-08-01 01:00,4788
EVT_OLY_2028_001,VEN_STADIUM_12,ZONE_GATE_A1,2026-08-01 01:05,4789
EVT_OLY_2028_001,VEN_STADIUM_12,ZONE_GATE_A1,2026-08-01 01:10,4790
EVT_OLY_2028_001,VEN_STADIUM_12,ZONE_GATE_A1,2026-08-01 01:15,4791
EVT_OLY_2028_001,VEN_STADIUM_12,ZONE_GATE_A1,2026-08-01 01:20,4792
EVT_OLY_2028_001,VEN_STADIUM_12,ZONE_GATE_A1,2026-08-01 01:25,4793
EVT_OLY_2028_001,VEN_STADIUM_12,ZONE_GATE_A1,2026-08-01 01:30,4794
EVT_OLY_2028_001,VEN_STADIUM_12,ZONE_GATE_A1,2026-08-01 01:35,4795
EVT_OLY_2028_001,VEN_STADIUM_12,ZONE_GATE_A1,2026-08-01 01:40,4796
EVT_OLY_2028_001,VEN_STADIUM_12,ZONE_GATE_A1,2026-08-01 01:45,4797
EVT_OLY_2028_001,VEN_STADIUM_12,ZONE_GATE_A1,2026-08-01 01:50,4798
EVT_OLY_2028_001,VEN_STADIUM_12,ZONE_GATE_A1,2026-08-01 01:55,4799
EVT_OLY_2028_001,VEN_STADIUM_12,ZONE_GATE_A1,2026-08-01 02:00,4800
EVT_OLY_2028_001,VEN_STADIUM_12,ZONE_GATE_A1,2026-08-01 02:05,4801
EVT_OLY_2028_001,VEN_STADIUM_12,ZONE_GATE_A1,2026-08-01 02:10,4802
EVT_OLY_2028_001,VEN_STADIUM_12,ZONE_GATE_A1,2026-08-01 02:15,4803
EVT_OLY_2028_001,VEN_STADIUM_12,ZONE_GATE_A1,2026-08-01 02:20,4804
EVT_OLY_2028_001,VEN_STADIUM_12,ZONE_GATE_A1,2026-08-01 02:25,4805
EVT_OLY_2028_001,VEN_STADIUM_12,ZONE_GATE_A1,2026-08-01 02:30,4806
EVT_OLY_2028_001,VEN_STADIUM_12,ZONE_GATE_A1,2026-08-01 02:35,4807
EVT_OLY_2028_001,VEN_STADIUM_12,ZONE_GATE_A1,2026-08-01 02:40,4808
EVT_OLY_2028_001,VEN_STADIUM_12,ZONE_GATE_A1,2026-08-01 02:45,4809
EVT_OLY_2028_001,VEN_STADIUM_12,ZONE_GATE_A1,2026-08-01 02:50,4810
EVT_OLY_2028_001,VEN_STADIUM_12,ZONE_GATE_A1,2026-08-01 02:55,4811
EVT_OLY_2028_001,VEN_STADIUM_12,ZONE_GATE_A1,2026-08-01 03:00,4812
EVT_OLY_2028_001,VEN_STADIUM_12,ZONE_GATE_A1,2026-08-01 03:05,4813
EVT_OLY_2028_001,VEN_STADIUM_12,ZONE_GATE_A1,2026-08-01 03:10,4814
EVT_OLY_2028_001,VEN_STADIUM_12,ZONE_GATE_A1,2026-08-01 03:15,4815
EVT_OLY_2028_001,VEN_STADIUM_12,ZONE_GATE_A1,2026-08-01 03:20,4816
EVT_OLY_2028_001,VEN_STADIUM_12,ZONE_GATE_A1,2026-08-01 03:25,4817
EVT_OLY_2028_001,VEN_STADIUM_12,ZONE_GATE_A1,2026-08-01 03:30,4818
EVT_OLY_2028_001,VEN_STADIUM_12,ZONE_GATE_A1,2026-08-01 03:35,4819
EVT_OLY_2028_001,VEN_STADIUM_12,ZONE_GATE_A1,2026-08-01 03:40,4820
EVT_OLY_2028_001,VEN_STADIUM_12,ZONE_GATE_A1,2026-08-01 03:45,4821
EVT_OLY_2028_001,VEN_STADIUM_12,ZONE_GATE_A1,2026-08-01 03:50,4822
EVT_OLY_2028_001,VEN_STADIUM_12,ZONE_GATE_A1,2026-08-01 03:55,4823
EVT_OLY_2028_001,VEN_STADIUM_12,ZONE_GATE_A1,2026-08-01 04:00,4824
EVT_OLY_2028_001,VEN_STADIUM_12,ZONE_GATE_A1,2026-08-01 04:05,4825
EVT_OLY_2028_001,VEN_STADIUM_12,ZONE_GATE_A1,2026-08-01 04:10,4826
EVT_OLY_2028_001,VEN_STADIUM_12,ZONE_GATE_A1,2026-08-01 04:15,4827
EVT_OLY_2028_001,VEN_STADIUM_12,ZONE_GATE_A1,2026-08-01 04:20,4828
EVT_OLY_2028_001,VEN_STADIUM_12,ZONE_GATE_A1,2026-08-01 04:25,4829
EVT_OLY_2028_001,VEN_STADIUM_12,ZONE_GATE_A1,2026-08-01 04:30,4830
EVT_OLY_2028_001,VEN_STADIUM_12,ZONE_GATE_A1,2026-08-01 04:35,4831
EVT_OLY_2028_001,VEN_STADIUM_12,ZONE_GATE_A1,2026-08-01 04:40,4832
EVT_OLY_2028_001,VEN_STADIUM_12,ZONE_GATE_A1,2026-08-01 04:45,4833
EVT_OLY_2028_001,VEN_STADIUM_12,ZONE_GATE_A1,2026-08-01 04:50,4834
EVT_OLY_2028_001,VEN_STADIUM_12,ZONE_GATE_A1,2026-08-01 04:55,4835
EVT_OLY_2028_001,VEN_STADIUM_12,ZONE_GATE_A1,2026-08-01 05:00,4836
EVT_OLY_2028_001,VEN_STADIUM_12,ZONE_GATE_A1,2026-08-01 05:05,4837
EVT_OLY_2028_001,VEN_STADIUM_12,ZONE_GATE_A1,2026-08-01 05:10,4838
EVT_OLY_2028_001,VEN_STADIUM_12,ZONE_GATE_A1,2026-08-01 05:15,4839
EVT_OLY_2028_001,VEN_STADIUM_12,ZONE_GATE_A1,2026-08-01 05:20,4840
EVT_OLY_2028_001,VEN_STADIUM_12,ZONE_GATE_A1,2026-08-01 05:25,4841
EVT_OLY_2028_001,VEN_STADIUM_12,ZONE_GATE_A1,2026-08-01 05:30,4842
EVT_OLY_2028_001,VEN_STADIUM_12,ZONE_GATE_A1,2026-08-01 05:35,4843
EVT_OLY_2028_001,VEN_STADIUM_12,ZONE_GATE_A1,2026-08-01 05:40,4844
EVT_OLY_2028_001,VEN_STADIUM_12,ZONE_GATE_A1,2026-08-01 05:45,4845
EVT_OLY_2028_001,VEN_STADIUM_12,ZONE_GATE_A1,2026-08-01 05:50,4846
EVT_OLY_2028_001,VEN_STADIUM_12,ZONE_GATE_A1,2026-08-01 05:55,4847
EVT_OLY_2028_001,VEN_STADIUM_12,ZONE_GATE_A1,2026-08-01 06:00,4848
EVT_OLY_2028_001,VEN_STADIUM_12,ZONE_GATE_A1,2026-08-01 06:05,4849
EVT_OLY_2028_001,VEN_STADIUM_12,ZONE_GATE_A1,2026-08-01 06:10,4850
EVT_OLY_2028_001,VEN_STADIUM_12,ZONE_GATE_A1,2026-08-01 06:15,4851
EVT_OLY_2028_001,VEN_STADIUM_12,ZONE_GATE_A1,2026-08-01 06:20,4852
EVT_OLY_2028_001,VEN_STADIUM_12,ZONE_GATE_A1,2026-08-01 06:25,4853
EVT_OLY_2028_001,VEN_STADIUM_12,ZONE_GATE_A1,2026-08-01 06:30,4854
EVT_OLY_2028_001,VEN_STADIUM_12,ZONE_GATE_A1,2026-08-01 06:35,4855
EVT_OLY_2028_001,VEN_STADIUM_12,ZONE_GATE_A1,2026-08-01 06:40,4856
EVT_OLY_2028_001,VEN_STADIUM_12,ZONE_GATE_A1,2026-08-01 06:45,4857
EVT_OLY_2028_001,VEN_STADIUM_12,ZONE_GATE_A1,2026-08-01 06:50,4858
EVT_OLY_2028_001,VEN_STADIUM_12,ZONE_GATE_A1,2026-08-01 06:55,4859
EVT_OLY_2028_001,VEN_STADIUM_12,ZONE_GATE_A1,2026-08-01 07:00,4860
EVT_OLY_2028_001,VEN_STADIUM_12,ZONE_GATE_A1,2026-08-01 07:05,4861
EVT_OLY_2028_001,VEN_STADIUM_12,ZONE_GATE_A1,2026-08-01 07:10,4862
EVT_OLY_2028_001,VEN_STADIUM_12,ZONE_GATE_A1,2026-08-01 07:15,4863
EVT_OLY_2028_001,VEN_STADIUM_12,ZONE_GATE_A1,2026-08-01 07:20,4864
EVT_OLY_2028_001,VEN_STADIUM_12,ZONE_GATE_A1,2026-08-01 07:25,4865
EVT_OLY_2028_001,VEN_STADIUM_12,ZONE_GATE_A1,2026-08-01 07:30,4866
EVT_OLY_2028_001,VEN_STADIUM_12,ZONE_GATE_A1,2026-08-01 07:35,4867
EVT_OLY_2028_001,VEN_STADIUM_12,ZONE_GATE_A1,2026-08-01 07:40,4868
EVT_OLY_2028_001,VEN_STADIUM_12,ZONE_GATE_A1,2026-08-01 07:45,4869
EVT_OLY_2028_001,VEN_STADIUM_12,ZONE_GATE_A1,2026-08-01 07:50,4870
EVT_OLY_2028_001,VEN_STADIUM_12,ZONE_GATE_A1,2026-08-01 07:55,4871
EVT_OLY_2028_001,VEN_STADIUM_12,ZONE_GATE_A1,2026-08-01 08:00,4872
EVT_OLY_2028_001,VEN_STADIUM_12,ZONE_GATE_A1,2026-08-01 08:05,4873
EVT_OLY_2028_001,VEN_STADIUM_12,ZONE_GATE_A1,2026-08-01 08:10,4874
EVT_OLY_2028_001,VEN_STADIUM_12,ZONE_GATE_A1,2026-08-01 08:15,4875
EVT_OLY_2028_001,VEN_STADIUM_12,ZONE_GATE_A1,2026-08-01 08:20,4876
EVT_OLY_2028_001,VEN_STADIUM_12,ZONE_GATE_A1,2026-08-01 08:25,4877
EVT_OLY_2028_001,VEN_STADIUM_12,ZONE_GATE_A1,2026-08-01 08:30,4878
EVT_OLY_2028_001,VEN_STADIUM_12,ZONE_GATE_A1,2026-08-01 08:35,4879
EVT_OLY_2028_001,VEN_STADIUM_12,ZONE_GATE_A1,2026-08-01 08:40,4880
EVT_OLY_2028_001,VEN_STADIUM_12,ZONE_GATE_A1,2026-08-01 08:45,4881
EVT_OLY_2028_001,VEN_STADIUM_12,ZONE_GATE_A1,2026-08-01 08:50,4882
EVT_OLY_2028_001,VEN_STADIUM_12,ZONE_GATE_A1,2026-08-01 08:55,4883
EVT_OLY_2028_001,VEN_STADIUM_12,ZONE_GATE_A1,2026-08-01 09:00,4884
EVT_OLY_2028_001,VEN_STADIUM_12,ZONE_GATE_A1,2026-08-01 09:05,4885
EVT_OLY_2028_001,VEN_STADIUM_12,ZONE_GATE_A1,2026-08-01 09:10,4886
EVT_OLY_2028_001,VEN_STADIUM_12,ZONE_GATE_A1,2026-08-01 09:15,4887
EVT_OLY_2028_001,VEN_STADIUM_12,ZONE_GATE_A1,2026-08-01 09:20,4888
EVT_OLY_2028_001,VEN_STADIUM_12,ZONE_GATE_A1,2026-08-01 09:25,4889
EVT_OLY_2028_001,VEN_STADIUM_12,ZONE_GATE_A1,2026-08-01 09:30,4890
EVT_OLY_2028_001,VEN_STADIUM_12,ZONE_GATE_A1,2026-08-01 09:35,4891
EVT_OLY_2028_001,VEN_STADIUM_12,ZONE_GATE_A1,2026-08-01 09:40,4892
EVT_OLY_2028_001,VEN_STADIUM_12,ZONE_GATE_A1,2026-08-01 09:45,4893
EVT_OLY_2028_001,VEN_STADIUM_12,ZONE_GATE_A1,2026-08-01 09:50,4894
EVT_OLY_2028_001,VEN_STADIUM_12,ZONE_GATE_A1,2026-08-01 09:55,4895
EVT_OLY_2028_001,VEN_STADIUM_12,ZONE_GATE_A1,2026-08-01 10:00,4896
EVT_OLY_2028_001,VEN_STADIUM_12,ZONE_GATE_A1,2026-08-01 10:05,4897
EVT_OLY_2028_001,VEN_STADIUM_12,ZONE_GATE_A1,2026-08-01 10:10,4898
EVT_OLY_2028_001,VEN_STADIUM_12,ZONE_GATE_A1,2026-08-01 10:15,4899
EVT_OLY_2028_001,VEN_STADIUM_12,ZONE_GATE_A1,2026-08-01 10:20,4900
EVT_OLY_2028_001,VEN_STADIUM_12,ZONE_GATE_A1,2026-08-01 10:25,4901
EVT_OLY_2028_001,VEN_STADIUM_12,ZONE_GATE_A1,2026-08-01 10:30,4902
EVT_OLY_2028_001,VEN_STADIUM_12,ZONE_GATE_A1,2026-08-01 10:35,4903
EVT_OLY_2028_001,VEN_STADIUM_12,ZONE_GATE_A1,2026-08-01 10:40,4904
EVT_OLY_2028_001,VEN_STADIUM_12,ZONE_GATE_A1,2026-08-01 10:45,4905
EVT_OLY_2028_001,VEN_STADIUM_12,ZONE_GATE_A1,2026-08-01 10:50,4906
EVT_OLY_2028_001,VEN_STADIUM_12,ZONE_GATE_A1,2026-08-01 10:55,4907
EVT_OLY_2028_001,VEN_STADIUM_12,ZONE_GATE_A1,2026-08-01 11:00,4908
EVT_OLY_2028_001,VEN_STADIUM_12,ZONE_GATE_A1,2026-08-01 11:05,4909
EVT_OLY_2028_001,VEN_STADIUM_12,ZONE_GATE_A1,2026-08-01 11:10,4910
EVT_OLY_2028_001,VEN_STADIUM_12,ZONE_GATE_A1,2026-08-01 11:15,4911
EVT_OLY_2028_001,VEN_STADIUM_12,ZONE_GATE_A1,2026-08-01 11:20,4912
EVT_OLY_2028_001,VEN_STADIUM_12,ZONE_GATE_A1,2026-08-01 11:25,4913
EVT_OLY_2028_001,VEN_STADIUM_12,ZONE_GATE_A1,2026-08-01 11:30,4914
EVT_OLY_2028_001,VEN_STADIUM_12,ZONE_GATE_A1,2026-08-01 11:35,4915
EVT_OLY_2028_001,VEN_STADIUM_12,ZONE_GATE_A1,2026-08-01 11:40,4916
EVT_OLY_2028_001,VEN_STADIUM_12,ZONE_GATE_A1,2026-08-01 11:45,4917
EVT_OLY_2028_001,VEN_STADIUM_12,ZONE_GATE_A1,2026-08-01 11:50,4918
EVT_OLY_2028_001,VEN_STADIUM_12,ZONE_GATE_A1,2026-08-01 11:55,4919
EVT_OLY_2028_001,VEN_STADIUM_12,ZONE_GATE_A1,2026-08-01 12:00,4920
EVT_OLY_2028_001,VEN_STADIUM_12,ZONE_GATE_A1,2026-08-01 12:05,4921
EVT_OLY_2028_001,VEN_STADIUM_12,ZONE_GATE_A1,2026-08-01 12:10,4922
EVT_OLY_2028_001,VEN_STADIUM_12,ZONE_GATE_A1,2026-08-01 12:15,4923
EVT_OLY_2028_001,VEN_STADIUM_12,ZONE_GATE_A1,2026-08-01 12:20,4924
EVT_OLY_2028_001,VEN_STADIUM_12,ZONE_GATE_A1,2026-08-01 12:25,4925
EVT_OLY_2028_001,VEN_STADIUM_12,ZONE_GATE_A1,2026-08-01 12:30,4926
EVT_OLY_2028_001,VEN_STADIUM_12,ZONE_GATE_A1,2026-08-01 12:35,4927
EVT_OLY_2028_001,VEN_STADIUM_12,ZONE_GATE_A1,2026-08-01 12:40,4928
EVT_OLY_2028_001,VEN_STADIUM_12,ZONE_GATE_A1,2026-08-01 12:45,4929
EVT_OLY_2028_001,VEN_STADIUM_12,ZONE_GATE_A1,2026-08-01 12:50,4930
EVT_OLY_2028_001,VEN_STADIUM_12,ZONE_GATE_A1,2026-08-01 12:55,4931
EVT_OLY_2028_001,VEN_STADIUM_12,ZONE_GATE_A1,2026-08-01 13:00,4932
EVT_OLY_2028_001,VEN_STADIUM_12,ZONE_GATE_A1,2026-08-01 13:05,4933
EVT_OLY_2028_001,VEN_STADIUM_12,ZONE_GATE_A1,2026-08-01 13:10,4934
EVT_OLY_2028_001,VEN_STADIUM_12,ZONE_GATE_A1,2026-08-01 13:15,4935
EVT_OLY_2028_001,VEN_STADIUM_12,ZONE_GATE_A1,2026-08-01 13:20,4936
EVT_OLY_2028_001,VEN_STADIUM_12,ZONE_GATE_A1,2026-08-01 13:25,4937
EVT_OLY_2028_001,VEN_STADIUM_12,ZONE_GATE_A1,2026-08-01 13:30,4938
EVT_OLY_2028_001,VEN_STADIUM_12,ZONE_GATE_A1,2026-08-01 13:35,4939
EVT_OLY_2028_001,VEN_STADIUM_12,ZONE_GATE_A1,2026-08-01 13:40,4940
EVT_OLY_2028_001,VEN_STADIUM_12,ZONE_GATE_A1,2026-08-01 13:45,4941
EVT_OLY_2028_001,VEN_STADIUM_12,ZONE_GATE_A1,2026-08-01 13:50,4942
EVT_OLY_2028_001,VEN_STADIUM_12,ZONE_GATE_A1,2026-08-01 13:55,4943
EVT_OLY_2028_001,VEN_STADIUM_12,ZONE_GATE_A1,2026-08-01 14:00,4944
EVT_OLY_2028_001,VEN_STADIUM_12,ZONE_GATE_A1,2026-08-01 14:05,4945
EVT_OLY_2028_001,VEN_STADIUM_12,ZONE_GATE_A1,2026-08-01 14:10,4946
EVT_OLY_2028_001,VEN_STADIUM_12,ZONE_GATE_A1,2026-08-01 14:15,4947
EVT_OLY_2028_001,VEN_STADIUM_12,ZONE_GATE_A1,2026-08-01 14:20,4948
EVT_OLY_2028_001,VEN_STADIUM_12,ZONE_GATE_A1,2026-08-01 14:25,4949
EVT_OLY_2028_001,VEN_STADIUM_12,ZONE_GATE_A1,2026-08-01 14:30,4950
EVT_OLY_2028_001,VEN_STADIUM_12,ZONE_GATE_A1,2026-08-01 14:35,4951
EVT_OLY_2028_001,VEN_STADIUM_12,ZONE_GATE_A1,2026-08-01 14:40,4952
EVT_OLY_2028_001,VEN_STADIUM_12,ZONE_GATE_A1,2026-08-01 14:45,4953
EVT_OLY_2028_001,VEN_STADIUM_12,ZONE_GATE_A1,2026-08-01 14:50,4954
EVT_OLY_2028_001,VEN_STADIUM_12,ZONE_GATE_A1,2026-08-01 14:55,4955
EVT_OLY_2028_001,VEN_STADIUM_12,ZONE_GATE_A1,2026-08-01 15:00,4956
EVT_OLY_2028_001,VEN_STADIUM_12,ZONE_GATE_A1,2026-08-01 15:05,4957
EVT_OLY_2028_001,VEN_STADIUM_12,ZONE_GATE_A1,2026-08-01 15:10,4958
EVT_OLY_2028_001,VEN_STADIUM_12,ZONE_GATE_A1,2026-08-01 15:15,4959
EVT_OLY_2028_001,VEN_STADIUM_12,ZONE_GATE_A1,2026-08-01 15:20,4960
EVT_OLY_2028_001,VEN_STADIUM_12,ZONE_GATE_A1,2026-08-01 15:25,4961
EVT_OLY_2028_001,VEN_STADIUM_12,ZONE_GATE_A1,2026-08-01 15:30,4962
EVT_OLY_2028_001,VEN_STADIUM_12,ZONE_GATE_A1,2026-08-01 15:35,4963
EVT_OLY_2028_001,VEN_STADIUM_12,ZONE_GATE_A1,2026-08-01 15:40,4964
EVT_OLY_2028_001,VEN_STADIUM_12,ZONE_GATE_A1,2026-08-01 15:45,4965
EVT_OLY_2028_001,VEN_STADIUM_12,ZONE_GATE_A1,2026-08-01 15:50,4966
EVT_OLY_2028_001,VEN_STADIUM_12,ZONE_GATE_A1,2026-08-01 15:55,4967
EVT_OLY_2028_001,VEN_STADIUM_12,ZONE_GATE_A1,2026-08-01 16:00,4968
EVT_OLY_2028_001,VEN_STADIUM_12,ZONE_GATE_A1,2026-08-01 16:05,4969
EVT_OLY_2028_001,VEN_STADIUM_12,ZONE_GATE_A1,2026-08-01 16:10,4970
EVT_OLY_2028_001,VEN_STADIUM_12,ZONE_GATE_A1,2026-08-01 16:15,4971
EVT_OLY_2028_001,VEN_STADIUM_12,ZONE_GATE_A1,2026-08-01 16:20,4972
EVT_OLY_2028_001,VEN_STADIUM_12,ZONE_GATE_A1,2026-08-01 16:25,4973
EVT_OLY_2028_001,VEN_STADIUM_12,ZONE_GATE_A1,2026-08-01 16:30,4974
EVT_OLY_2028_001,VEN_STADIUM_12,ZONE_GATE_A1,2026-08-01 16:35,4975
EVT_OLY_2028_001,VEN_STADIUM_12,ZONE_GATE_A1,2026-08-01 16:40,4976
EVT_OLY_2028_001,VEN_STADIUM_12,ZONE_GATE_A1,2026-08-01 16:45,4977
EVT_OLY_2028_001,VEN_STADIUM_12,ZONE_GATE_A1,2026-08-01 16:50,4978
EVT_OLY_2028_001,VEN_STADIUM_12,ZONE_GATE_A1,2026-08-01 16:55,4979
EVT_OLY_2028_001,VEN_STADIUM_12,ZONE_GATE_A1,2026-08-01 17:00,4980
EVT_OLY_2028_001,VEN_STADIUM_12,ZONE_GATE_A1,2026-08-01 17:05,4981
EVT_OLY_2028_001,VEN_STADIUM_12,ZONE_GATE_A1,2026-08-01 17:10,4982
EVT_OLY_2028_001,VEN_STADIUM_12,ZONE_GATE_A1,2026-08-01 17:15,4983
EVT_OLY_2028_001,VEN_STADIUM_12,ZONE_GATE_A1,2026-08-01 17:20,4984
EVT_OLY_2028_001,VEN_STADIUM_12,ZONE_GATE_A1,2026-08-01 17:25,4985
EVT_OLY_2028_001,VEN_STADIUM_12,ZONE_GATE_A1,2026-08-01 17:30,4986
EVT_OLY_2028_001,VEN_STADIUM_12,ZONE_GATE_A1,2026-08-01 17:35,4987
EVT_OLY_2028_001,VEN_STADIUM_12,ZONE_GATE_A1,2026-08-01 17:40,4988
EVT_OLY_2028_001,VEN_STADIUM_12,ZONE_GATE_A1,2026-08-01 17:45,4989
EVT_OLY_2028_001,VEN_STADIUM_12,ZONE_GATE_A1,2026-08-01 17:50,4990
EVT_OLY_2028_001,VEN_STADIUM_12,ZONE_GATE_A1,2026-08-01 17:55,4991
EVT_OLY_2028_001,VEN_STADIUM_12,ZONE_GATE_A1,2026-08-01 18:00,4992
EVT_OLY_2028_001,VEN_STADIUM_12,ZONE_GATE_A1,2026-08-01 18:05,4993
EVT_OLY_2028_001,VEN_STADIUM_12,ZONE_GATE_A1,2026-08-01 18:10,4994
EVT_OLY_2028_001,VEN_STADIUM_12,ZONE_GATE_A1,2026-08-01 18:15,4995
EVT_OLY_2028_001,VEN_STADIUM_12,ZONE_GATE_A1,2026-08-01 18:20,4996
EVT_OLY_2028_001,VEN_STADIUM_12,ZONE_GATE_A1,2026-08-01 18:25,4997
EVT_OLY_2028_001,VEN_STADIUM_12,ZONE_GATE_A1,2026-08-01 18:30,4998
EVT_OLY_2028_001,VEN_STADIUM_12,ZONE_GATE_A1,2026-08-01 18:35,4999
EVT_OLY_2028_001,VEN_STADIUM_12,ZONE_GATE_A1,2026-08-01 18:40,5000
EVT_OLY_2028_001,VEN_STADIUM_12,ZONE_GATE_A1,2026-08-01 18:45,5001
EVT_OLY_2028_001,VEN_STADIUM_12,ZONE_GATE_A1,2026-08-01 18:50,5002
EVT_OLY_2028_001,VEN_STADIUM_12,ZONE_GATE_A1,2026-08-01 18:55,5003
EVT_OLY_2028_001,VEN_STADIUM_12,ZONE_GATE_A1,2026-08-01 19:00,5004
EVT_OLY_2028_001,VEN_STADIUM_12,ZONE_GATE_A1,2026-08-01 19:05,5005
EVT_OLY_2028_001,VEN_STADIUM_12,ZONE_GATE_A1,2026-08-01 19:10,5006
EVT_OLY_2028_001,VEN_STADIUM_12,ZONE_GATE_A1,2026-08-01 19:15,5007
EVT_OLY_2028_001,VEN_STADIUM_12,ZONE_GATE_A1,2026-08-01 19:20,5008
EVT_OLY_2028_001,VEN_STADIUM_12,ZONE_GATE_A1,2026-08-01 19:25,5009
EVT_OLY_2028_001,VEN_STADIUM_12,ZONE_GATE_A1,2026-08-01 19:30,5010
EVT_OLY_2028_001,VEN_STADIUM_12,ZONE_GATE_A1,2026-08-01 19:35,5011
EVT_OLY_2028_001,VEN_STADIUM_12,ZONE_GATE_A1,2026-08-01 19:40,5012
EVT_OLY_2028_001,VEN_STADIUM_12,ZONE_GATE_A1,2026-08-01 19:45,5013
EVT_OLY_2028_001,VEN_STADIUM_12,ZONE_GATE_A1,2026-08-01 19:50,5014
EVT_OLY_2028_001,VEN_STADIUM_12,ZONE_GATE_A1,2026-08-01 19:55,5015
EVT_OLY_2028_001,VEN_STADIUM_12,ZONE_GATE_A1,2026-08-01 20:00,5016
EVT_OLY_2028_001,VEN_STADIUM_12,ZONE_GATE_A1,2026-08-01 20:05,5017
EVT_OLY_2028_001,VEN_STADIUM_12,ZONE_GATE_A1,2026-08-01 20:10,5018
EVT_OLY_2028_001,VEN_STADIUM_12,ZONE_GATE_A1,2026-08-01 20:15,5019
EVT_OLY_2028_001,VEN_STADIUM_12,ZONE_GATE_A1,2026-08-01 20:20,5020
EVT_OLY_2028_001,VEN_STADIUM_12,ZONE_GATE_A1,2026-08-01 20:25,5021
EVT_OLY_2028_001,VEN_STADIUM_12,ZONE_GATE_A1,2026-08-01 20:30,5022
EVT_OLY_2028_001,VEN_STADIUM_12,ZONE_GATE_A1,2026-08-01 20:35,5023
EVT_OLY_2028_001,VEN_STADIUM_12,ZONE_GATE_A1,2026-08-01 20:40,5024
EVT_OLY_2028_001,VEN_STADIUM_12,ZONE_GATE_A1,2026-08-01 20:45,5025
EVT_OLY_2028_001,VEN_STADIUM_12,ZONE_GATE_A1,2026-08-01 20:50,5026
EVT_OLY_2028_001,VEN_STADIUM_12,ZONE_GATE_A1,2026-08-01 20:55,5027
EVT_OLY_2028_001,VEN_STADIUM_12,ZONE_GATE_A1,2026-08-01 21:00,5028
EVT_OLY_2028_001,VEN_STADIUM_12,ZONE_GATE_A1,2026-08-01 21:05,5029
EVT_OLY_2028_001,VEN_STADIUM_12,ZONE_GATE_A1,2026-08-01 21:10,5030
EVT_OLY_2028_001,VEN_STADIUM_12,ZONE_GATE_A1,2026-08-01 21:15,5031
EVT_OLY_2028_001,VEN_STADIUM_12,ZONE_GATE_A1,2026-08-01 21:20,5032
EVT_OLY_2028_001,VEN_STADIUM_12,ZONE_GATE_A1,2026-08-01 21:25,5033
EVT_OLY_2028_001,VEN_STADIUM_12,ZONE_GATE_A1,2026-08-01 21:30,5034
EVT_OLY_2028_001,VEN_STADIUM_12,ZONE_GATE_A1,2026-08-01 21:35,5035
EVT_OLY_2028_001,VEN_STADIUM_12,ZONE_GATE_A1,2026-08-01 21:40,5036
EVT_OLY_2028_001,VEN_STADIUM_12,ZONE_GATE_A1,2026-08-01 21:45,5037
EVT_OLY_2028_001,VEN_STADIUM_12,ZONE_GATE_A1,2026-08-01 21:50,5038
EVT_OLY_2028_001,VEN_STADIUM_12,ZONE_GATE_A1,2026-08-01 21:55,5039
EVT_OLY_2028_001,VEN_STADIUM_12,ZONE_GATE_A1,2026-08-01 22:00,5040
EVT_OLY_2028_001,VEN_STADIUM_12,ZONE_GATE_A1,2026-08-01 22:05,5041
EVT_OLY_2028_001,VEN_STADIUM_12,ZONE_GATE_A1,2026-08-01 22:10,5042
EVT_OLY_2028_001,VEN_STADIUM_12,ZONE_GATE_A1,2026-08-01 22:15,5043
EVT_OLY_2028_001,VEN_STADIUM_12,ZONE_GATE_A1,2026-08-01 22:20,5044
EVT_OLY_2028_001,VEN_STADIUM_12,ZONE_GATE_A1,2026-08-01 22:25,5045
EVT_OLY_2028_001,VEN_STADIUM_12,ZONE_GATE_A1,2026-08-01 22:30,5046
EVT_OLY_2028_001,VEN_STADIUM_12,ZONE_GATE_A1,2026-08-01 22:35,5047
EVT_OLY_2028_001,VEN_STADIUM_12,ZONE_GATE_A1,2026-08-01 22:40,5048
EVT_OLY_2028_001,VEN_STADIUM_12,ZONE_GATE_A1,2026-08-01 22:45,5049
EVT_OLY_2028_001,VEN_STADIUM_12,ZONE_GATE_A1,2026-08-01 22:50,5050
EVT_OLY_2028_001,VEN_STADIUM_12,ZONE_GATE_A1,2026-08-01 22:55,5051
EVT_OLY_2028_001,VEN_STADIUM_12,ZONE_GATE_A1,2026-08-01 23:00,5052
EVT_OLY_2028_001,VEN_STADIUM_12,ZONE_GATE_A1,2026-08-01 23:05,5053
EVT_OLY_2028_001,VEN_STADIUM_12,ZONE_GATE_A1,2026-08-01 23:10,5054
EVT_OLY_2028_001,VEN_STADIUM_12,ZONE_GATE_A1,2026-08-01 23:15,5055
EVT_OLY_2028_001,VEN_STADIUM_12,ZONE_GATE_A1,2026-08-01 23:20,5056
EVT_OLY_2028_001,VEN_STADIUM_12,ZONE_GATE_A1,2026-08-01 23:25,5057
EVT_OLY_2028_001,VEN_STADIUM_12,ZONE_GATE_A1,2026-08-01 23:30,5058
EVT_OLY_2028_001,VEN_STADIUM_12,ZONE_GATE_A1,2026-08-01 23:35,5059
EVT_OLY_2028_001,VEN_STADIUM_12,ZONE_GATE_A1,2026-08-01 23:40,5060
EVT_OLY_2028_001,VEN_STADIUM_12,ZONE_GATE_A1,2026-08-01 23:45,5061
EVT_OLY_2028_001,VEN_STADIUM_12,ZONE_GATE_A1,2026-08-01 23:50,5062
EVT_OLY_2028_001,VEN_STADIUM_12,ZONE_GATE_A1,2026-08-01 23:55,5063
EVT_OLY_2028_001,VEN_STADIUM_12,ZONE_GATE_A1,2026-08-02 00:00,5064
EVT_OLY_2028_001,VEN_STADIUM_12,ZONE_GATE_A1,2026-08-02 00:05,5065
EVT_OLY_2028_001,VEN_STADIUM_12,ZONE_GATE_A1,2026-08-02 00:10,5066
EVT_OLY_2028_001,VEN_STADIUM_12,ZONE_GATE_A1,2026-08-02 00:15,5067
EVT_OLY_2028_001,VEN_STADIUM_12,ZONE_GATE_A1,2026-08-02 00:20,5068
EVT_OLY_2028_001,VEN_STADIUM_12,ZONE_GATE_A1,2026-08-02 00:25,5069
EVT_OLY_2028_001,VEN_STADIUM_12,ZONE_GATE_A1,2026-08-02 00:30,5070
EVT_OLY_2028_001,VEN_STADIUM_12,ZONE_GATE_A1,2026-08-02 00:35,5071
EVT_OLY_2028_001,VEN_STADIUM_12,ZONE_GATE_A1,2026-08-02 00:40,5072
EVT_OLY_2028_001,VEN_STADIUM_12,ZONE_GATE_A1,2026-08-02 00:45,5073
EVT_OLY_2028_001,VEN_STADIUM_12,ZONE_GATE_A1,2026-08-02 00:50,5074
EVT_OLY_2028_001,VEN_STADIUM_12,ZONE_GATE_A1,2026-08-02 00:55,5075
EVT_OLY_2028_001,VEN_STADIUM_12,ZONE_GATE_A1,2026-08-02 01:00,5076
EVT_OLY_2028_001,VEN_STADIUM_12,ZONE_GATE_A1,2026-08-02 01:05,5077
EVT_OLY_2028_001,VEN_STADIUM_12,ZONE_GATE_A1,2026-08-02 01:10,5078
EVT_OLY_2028_001,VEN_STADIUM_12,ZONE_GATE_A1,2026-08-02 01:15,5079
EVT_OLY_2028_001,VEN_STADIUM_12,ZONE_GATE_A1,2026-08-02 01:20,5080
EVT_OLY_2028_001,VEN_STADIUM_12,ZONE_GATE_A1,2026-08-02 01:25,5081
EVT_OLY_2028_001,VEN_STADIUM_12,ZONE_GATE_A1,2026-08-02 01:30,5082
EVT_OLY_2028_001,VEN_STADIUM_12,ZONE_GATE_A1,2026-08-02 01:35,5083
EVT_OLY_2028_001,VEN_STADIUM_12,ZONE_GATE_A1,2026-08-02 01:40,5084
EVT_OLY_2028_001,VEN_STADIUM_12,ZONE_GATE_A1,2026-08-02 01:45,5085
EVT_OLY_2028_001,VEN_STADIUM_12,ZONE_GATE_A1,2026-08-02 01:50,5086
EVT_OLY_2028_001,VEN_STADIUM_12,ZONE_GATE_A1,2026-08-02 01:55,5087
EVT_OLY_2028_001,VEN_STADIUM_12,ZONE_GATE_A1,2026-08-02 02:00,5088
EVT_OLY_2028_001,VEN_STADIUM_12,ZONE_GATE_A1,2026-08-02 02:05,5089
EVT_OLY_2028_001,VEN_STADIUM_12,ZONE_GATE_A1,2026-08-02 02:10,5090
EVT_OLY_2028_001,VEN_STADIUM_12,ZONE_GATE_A1,2026-08-02 02:15,5091
EVT_OLY_2028_001,VEN_STADIUM_12,ZONE_GATE_A1,2026-08-02 02:20,5092
EVT_OLY_2028_001,VEN_STADIUM_12,ZONE_GATE_A1,2026-08-02 02:25,5093
EVT_OLY_2028_001,VEN_STADIUM_12,ZONE_GATE_A1,2026-08-02 02:30,5094
EVT_OLY_2028_001,VEN_STADIUM_12,ZONE_GATE_A1,2026-08-02 02:35,5095
EVT_OLY_2028_001,VEN_STADIUM_12,ZONE_GATE_A1,2026-08-02 02:40,5096
EVT_OLY_2028_001,VEN_STADIUM_12,ZONE_GATE_A1,2026-08-02 02:45,5097
EVT_OLY_2028_001,VEN_STADIUM_12,ZONE_GATE_A1,2026-08-02 02:50,5098
EVT_OLY_2028_001,VEN_STADIUM_12,ZONE_GATE_A1,2026-08-02 02:55,5099
EVT_OLY_2028_001,VEN_STADIUM_12,ZONE_GATE_A1,2026-08-02 03:00,5100
EVT_OLY_2028_001,VEN_STADIUM_12,ZONE_GATE_A1,2026-08-02 03:05,5101
EVT_OLY_2028_001,VEN_STADIUM_12,ZONE_GATE_A1,2026-08-02 03:10,5102
EVT_OLY_2028_001,VEN_STADIUM_12,ZONE_GATE_A1,2026-08-02 03:15,5103
EVT_OLY_2028_001,VEN_STADIUM_12,ZONE_GATE_A1,2026-08-02 03:20,5104
EVT_OLY_2028_001,VEN_STADIUM_12,ZONE_GATE_A1,2026-08-02 03:25,5105
EVT_OLY_2028_001,VEN_STADIUM_12,ZONE_GATE_A1,2026-08-02 03:30,5106
EVT_OLY_2028_001,VEN_STADIUM_12,ZONE_GATE_A1,2026-08-02 03:35,5107
EVT_OLY_2028_001,VEN_STADIUM_12,ZONE_GATE_A1,2026-08-02 03:40,5108
EVT_OLY_2028_001,VEN_STADIUM_12,ZONE_GATE_A1,2026-08-02 03:45,5109
EVT_OLY_2028_001,VEN_STADIUM_12,ZONE_GATE_A1,2026-08-02 03:50,5110
EVT_OLY_2028_001,VEN_STADIUM_12,ZONE_GATE_A1,2026-08-02 03:55,5111
EVT_OLY_2028_001,VEN_STADIUM_12,ZONE_GATE_A1,2026-08-02 04:00,5112
EVT_OLY_2028_001,VEN_STADIUM_12,ZONE_GATE_A1,2026-08-02 04:05,5113
EVT_OLY_2028_001,VEN_STADIUM_12,ZONE_GATE_A1,2026-08-02 04:10,5114
EVT_OLY_2028_001,VEN_STADIUM_12,ZONE_GATE_A1,2026-08-02 04:15,5115
EVT_OLY_2028_001,VEN_STADIUM_12,ZONE_GATE_A1,2026-08-02 04:20,5116
EVT_OLY_2028_001,VEN_STADIUM_12,ZONE_GATE_A1,2026-08-02 04:25,5117
EVT_OLY_2028_001,VEN_STADIUM_12,ZONE_GATE_A1,2026-08-02 04:30,5118
EVT_OLY_2028_001,VEN_STADIUM_12,ZONE_GATE_A1,2026-08-02 04:35,5119
EVT_OLY_2028_001,VEN_STADIUM_12,ZONE_GATE_A1,2026-08-02 04:40,5120
EVT_OLY_2028_001,VEN_STADIUM_12,ZONE_GATE_A1,2026-08-02 04:45,5121
EVT_OLY_2028_001,VEN_STADIUM_12,ZONE_GATE_A1,2026-08-02 04:50,5122
EVT_OLY_2028_001,VEN_STADIUM_12,ZONE_GATE_A1,2026-08-02 04:55,5123
EVT_OLY_2028_001,VEN_STADIUM_12,ZONE_GATE_A1,2026-08-02 05:00,5124
EVT_OLY_2028_001,VEN_STADIUM_12,ZONE_GATE_A1,2026-08-02 05:05,5125
EVT_OLY_2028_001,VEN_STADIUM_12,ZONE_GATE_A1,2026-08-02 05:10,5126
EVT_OLY_2028_001,VEN_STADIUM_12,ZONE_GATE_A1,2026-08-02 05:15,5127
EVT_OLY_2028_001,VEN_STADIUM_12,ZONE_GATE_A1,2026-08-02 05:20,5128
EVT_OLY_2028_001,VEN_STADIUM_12,ZONE_GATE_A1,2026-08-02 05:25,5129
EVT_OLY_2028_001,VEN_STADIUM_12,ZONE_GATE_A1,2026-08-02 05:30,5130
EVT_OLY_2028_001,VEN_STADIUM_12,ZONE_GATE_A1,2026-08-02 05:35,5131
EVT_OLY_2028_001,VEN_STADIUM_12,ZONE_GATE_A1,2026-08-02 05:40,5132
EVT_OLY_2028_001,VEN_STADIUM_12,ZONE_GATE_A1,2026-08-02 05:45,5133
EVT_OLY_2028_001,VEN_STADIUM_12,ZONE_GATE_A1,2026-08-02 05:50,5134
EVT_OLY_2028_001,VEN_STADIUM_12,ZONE_GATE_A1,2026-08-02 05:55,5135
EVT_OLY_2028_001,VEN_STADIUM_12,ZONE_GATE_A1,2026-08-02 06:00,5136
EVT_OLY_2028_001,VEN_STADIUM_12,ZONE_GATE_A1,2026-08-02 06:05,5137
EVT_OLY_2028_001,VEN_STADIUM_12,ZONE_GATE_A1,2026-08-02 06:10,5138
EVT_OLY_2028_001,VEN_STADIUM_12,ZONE_GATE_A1,2026-08-02 06:15,5139
EVT_OLY_2028_001,VEN_STADIUM_12,ZONE_GATE_A1,2026-08-02 06:20,5140
EVT_OLY_2028_001,VEN_STADIUM_12,ZONE_GATE_A1,2026-08-02 06:25,5141
EVT_OLY_2028_001,VEN_STADIUM_12,ZONE_GATE_A1,2026-08-02 06:30,5142
EVT_OLY_2028_001,VEN_STADIUM_12,ZONE_GATE_A1,2026-08-02 06:35,5143
EVT_OLY_2028_001,VEN_STADIUM_12,ZONE_GATE_A1,2026-08-02 06:40,5144
EVT_OLY_2028_001,VEN_STADIUM_12,ZONE_GATE_A1,2026-08-02 06:45,5145
EVT_OLY_2028_001,VEN_STADIUM_12,ZONE_GATE_A1,2026-08-02 06:50,5146
EVT_OLY_2028_001,VEN_STADIUM_12,ZONE_GATE_A1,2026-08-02 06:55,5147
EVT_OLY_2028_001,VEN_STADIUM_12,ZONE_GATE_A1,2026-08-02 07:00,5148
EVT_OLY_2028_001,VEN_STADIUM_12,ZONE_GATE_A1,2026-08-02 07:05,5149
EVT_OLY_2028_001,VEN_STADIUM_12,ZONE_GATE_A1,2026-08-02 07:10,5150
EVT_OLY_2028_001,VEN_STADIUM_12,ZONE_GATE_A1,2026-08-02 07:15,5151
EVT_OLY_2028_001,VEN_STADIUM_12,ZONE_GATE_A1,2026-08-02 07:20,5152
EVT_OLY_2028_001,VEN_STADIUM_12,ZONE_GATE_A1,2026-08-02 07:25,5153
EVT_OLY_2028_001,VEN_STADIUM_12,ZONE_GATE_A1,2026-08-02 07:30,5154
EVT_OLY_2028_001,VEN_STADIUM_12,ZONE_GATE_A1,2026-08-02 07:35,5155
EVT_OLY_2028_001,VEN_STADIUM_12,ZONE_GATE_A1,2026-08-02 07:40,5156
EVT_OLY_2028_001,VEN_STADIUM_12,ZONE_GATE_A1,2026-08-02 07:45,5157
EVT_OLY_2028_001,VEN_STADIUM_12,ZONE_GATE_A1,2026-08-02 07:50,5158
EVT_OLY_2028_001,VEN_STADIUM_12,ZONE_GATE_A1,2026-08-02 07:55,5159
EVT_OLY_2028_001,VEN_STADIUM_12,ZONE_GATE_A1,2026-08-02 08:00,5160
EVT_OLY_2028_001,VEN_STADIUM_12,ZONE_GATE_A1,2026-08-02 08:05,5161
EVT_OLY_2028_001,VEN_STADIUM_12,ZONE_GATE_A1,2026-08-02 08:10,5162
EVT_OLY_2028_001,VEN_STADIUM_12,ZONE_GATE_A1,2026-08-02 08:15,5163
EVT_OLY_2028_001,VEN_STADIUM_12,ZONE_GATE_A1,2026-08-02 08:20,5164
EVT_OLY_2028_001,VEN_STADIUM_12,ZONE_GATE_A1,2026-08-02 08:25,5165
EVT_OLY_2028_001,VEN_STADIUM_12,ZONE_GATE_A1,2026-08-02 08:30,5166
EVT_OLY_2028_001,VEN_STADIUM_12,ZONE_GATE_A1,2026-08-02 08:35,5167
EVT_OLY_2028_001,VEN_STADIUM_12,ZONE_GATE_A1,2026-08-02 08:40,5168
EVT_OLY_2028_001,VEN_STADIUM_12,ZONE_GATE_A1,2026-08-02 08:45,5169
EVT_OLY_2028_001,VEN_STADIUM_12,ZONE_GATE_A1,2026-08-02 08:50,5170
EVT_OLY_2028_001,VEN_STADIUM_12,ZONE_GATE_A1,2026-08-02 08:55,5171
EVT_OLY_2028_001,VEN_STADIUM_12,ZONE_GATE_A1,2026-08-02 09:00,5172
EVT_OLY_2028_001,VEN_STADIUM_12,ZONE_GATE_A1,2026-08-02 09:05,5173
EVT_OLY_2028_001,VEN_STADIUM_12,ZONE_GATE_A1,2026-08-02 09:10,5174
EVT_OLY_2028_001,VEN_STADIUM_12,ZONE_GATE_A1,2026-08-02 09:15,5175
EVT_OLY_2028_001,VEN_STADIUM_12,ZONE_GATE_A1,2026-08-02 09:20,5176
EVT_OLY_2028_001,VEN_STADIUM_12,ZONE_GATE_A1,2026-08-02 09:25,5177
EVT_OLY_2028_001,VEN_STADIUM_12,ZONE_GATE_A1,2026-08-02 09:30,5178
EVT_OLY_2028_001,VEN_STADIUM_12,ZONE_GATE_A1,2026-08-02 09:35,5179
EVT_OLY_2028_001,VEN_STADIUM_12,ZONE_GATE_A1,2026-08-02 09:40,5180
EVT_OLY_2028_001,VEN_STADIUM_12,ZONE_GATE_A1,2026-08-02 09:45,5181
EVT_OLY_2028_001,VEN_STADIUM_12,ZONE_GATE_A1,2026-08-02 09:50,5182
EVT_OLY_2028_001,VEN_STADIUM_12,ZONE_GATE_A1,2026-08-02 09:55,5183
EVT_OLY_2028_001,VEN_STADIUM_12,ZONE_GATE_A1,2026-08-02 10:00,5184
EVT_OLY_2028_001,VEN_STADIUM_12,ZONE_GATE_A1,2026-08-02 10:05,5185
EVT_OLY_2028_001,VEN_STADIUM_12,ZONE_GATE_A1,2026-08-02 10:10,5186
EVT_OLY_2028_001,VEN_STADIUM_12,ZONE_GATE_A1,2026-08-02 10:15,5187
EVT_OLY_2028_001,VEN_STADIUM_12,ZONE_GATE_A1,2026-08-02 10:20,5188
EVT_OLY_2028_001,VEN_STADIUM_12,ZONE_GATE_A1,2026-08-02 10:25,5189
EVT_OLY_2028_001,VEN_STADIUM_12,ZONE_GATE_A1,2026-08-02 10:30,5190
EVT_OLY_2028_001,VEN_STADIUM_12,ZONE_GATE_A1,2026-08-02 10:35,5191
EVT_OLY_2028_001,VEN_STADIUM_12,ZONE_GATE_A1,2026-08-02 10:40,5192
EVT_OLY_2028_001,VEN_STADIUM_12,ZONE_GATE_A1,2026-08-02 10:45,5193
EVT_OLY_2028_001,VEN_STADIUM_12,ZONE_GATE_A1,2026-08-02 10:50,5194
EVT_OLY_2028_001,VEN_STADIUM_12,ZONE_GATE_A1,2026-08-02 10:55,5195
EVT_OLY_2028_001,VEN_STADIUM_12,ZONE_GATE_A1,2026-08-02 11:00,5196
EVT_OLY_2028_001,VEN_STADIUM_12,ZONE_GATE_A1,2026-08-02 11:05,5197
EVT_OLY_2028_001,VEN_STADIUM_12,ZONE_GATE_A1,2026-08-02 11:10,5198
EVT_OLY_2028_001,VEN_STADIUM_12,ZONE_GATE_A1,2026-08-02 11:15,5199
EVT_OLY_2028_001,VEN_STADIUM_12,ZONE_GATE_A1,2026-08-02 11:20,5200
EVT_OLY_2028_001,VEN_STADIUM_12,ZONE_GATE_A1,2026-08-02 11:25,5201
EVT_OLY_2028_001,VEN_STADIUM_12,ZONE_GATE_A1,2026-08-02 11:30,5202
EVT_OLY_2028_001,VEN_STADIUM_12,ZONE_GATE_A1,2026-08-02 11:35,5203
EVT_OLY_2028_001,VEN_STADIUM_12,ZONE_GATE_A1,2026-08-02 11:40,5204
EVT_OLY_2028_001,VEN_STADIUM_12,ZONE_GATE_A1,2026-08-02 11:45,5205
EVT_OLY_2028_001,VEN_STADIUM_12,ZONE_GATE_A1,2026-08-02 11:50,5206
EVT_OLY_2028_001,VEN_STADIUM_12,ZONE_GATE_A1,2026-08-02 11:55,5207
EVT_OLY_2028_001,VEN_STADIUM_12,ZONE_GATE_A1,2026-08-02 12:00,5208
EVT_OLY_2028_001,VEN_STADIUM_12,ZONE_GATE_A1,2026-08-02 12:05,5209
EVT_OLY_2028_001,VEN_STADIUM_12,ZONE_GATE_A1,2026-08-02 12:10,5210
EVT_OLY_2028_001,VEN_STADIUM_12,ZONE_GATE_A1,2026-08-02 12:15,5211
EVT_OLY_2028_001,VEN_STADIUM_12,ZONE_GATE_A1,2026-08-02 12:20,5212
EVT_OLY_2028_001,VEN_STADIUM_12,ZONE_GATE_A1,2026-08-02 12:25,5213
EVT_OLY_2028_001,VEN_STADIUM_12,ZONE_GATE_A1,2026-08-02 12:30,5214
EVT_OLY_2028_001,VEN_STADIUM_12,ZONE_GATE_A1,2026-08-02 12:35,5215
EVT_OLY_2028_001,VEN_STADIUM_12,ZONE_GATE_A1,2026-08-02 12:40,5216
EVT_OLY_2028_001,VEN_STADIUM_12,ZONE_GATE_A1,2026-08-02 12:45,5217
EVT_OLY_2028_001,VEN_STADIUM_12,ZONE_GATE_A1,2026-08-02 12:50,5218
EVT_OLY_2028_001,VEN_STADIUM_12,ZONE_GATE_A1,2026-08-02 12:55,5219
EVT_OLY_2028_001,VEN_STADIUM_12,ZONE_GATE_A1,2026-08-02 13:00,5220
EVT_OLY_2028_001,VEN_STADIUM_12,ZONE_GATE_A1,2026-08-02 13:05,5221
EVT_OLY_2028_001,VEN_STADIUM_12,ZONE_GATE_A1,2026-08-02 13:10,5222
EVT_OLY_2028_001,VEN_STADIUM_12,ZONE_GATE_A1,2026-08-02 13:15,5223
EVT_OLY_2028_001,VEN_STADIUM_12,ZONE_GATE_A1,2026-08-02 13:20,5224
EVT_OLY_2028_001,VEN_STADIUM_12,ZONE_GATE_A1,2026-08-02 13:25,5225
EVT_OLY_2028_001,VEN_STADIUM_12,ZONE_GATE_A1,2026-08-02 13:30,5226
EVT_OLY_2028_001,VEN_STADIUM_12,ZONE_GATE_A1,2026-08-02 13:35,5227
EVT_OLY_2028_001,VEN_STADIUM_12,ZONE_GATE_A1,2026-08-02 13:40,5228
EVT_OLY_2028_001,VEN_STADIUM_12,ZONE_GATE_A1,2026-08-02 13:45,5229
EVT_OLY_2028_001,VEN_STADIUM_12,ZONE_GATE_A1,2026-08-02 13:50,5230
EVT_OLY_2028_001,VEN_STADIUM_12,ZONE_GATE_A1,2026-08-02 13:55,5231
EVT_OLY_2028_001,VEN_STADIUM_12,ZONE_GATE_A1,2026-08-02 14:00,5232
EVT_OLY_2028_001,VEN_STADIUM_12,ZONE_GATE_A1,2026-08-02 14:05,5233
EVT_OLY_2028_001,VEN_STADIUM_12,ZONE_GATE_A1,2026-08-02 14:10,5234
EVT_OLY_2028_001,VEN_STADIUM_12,ZONE_GATE_A1,2026-08-02 14:15,5235
EVT_OLY_2028_001,VEN_STADIUM_12,ZONE_GATE_A1,2026-08-02 14:20,5236
EVT_OLY_2028_001,VEN_STADIUM_12,ZONE_GATE_A1,2026-08-02 14:25,5237
EVT_OLY_2028_001,VEN_STADIUM_12,ZONE_GATE_A1,2026-08-02 14:30,5238
EVT_OLY_2028_001,VEN_STADIUM_12,ZONE_GATE_A1,2026-08-02 14:35,5239
EVT_OLY_2028_001,VEN_STADIUM_12,ZONE_GATE_A1,2026-08-02 14:40,5240
EVT_OLY_2028_001,VEN_STADIUM_12,ZONE_GATE_A1,2026-08-02 14:45,5241
EVT_OLY_2028_001,VEN_STADIUM_12,ZONE_GATE_A1,2026-08-02 14:50,5242
EVT_OLY_2028_001,VEN_STADIUM_12,ZONE_GATE_A1,2026-08-02 14:55,5243
EVT_OLY_2028_001,VEN_STADIUM_12,ZONE_GATE_A1,2026-08-02 15:00,5244
EVT_OLY_2028_001,VEN_STADIUM_12,ZONE_GATE_A1,2026-08-02 15:05,5245
EVT_OLY_2028_001,VEN_STADIUM_12,ZONE_GATE_A1,2026-08-02 15:10,5246
EVT_OLY_2028_001,VEN_STADIUM_12,ZONE_GATE_A1,2026-08-02 15:15,5247
EVT_OLY_2028_001,VEN_STADIUM_12,ZONE_GATE_A1,2026-08-02 15:20,5248
EVT_OLY_2028_001,VEN_STADIUM_12,ZONE_GATE_A1,2026-08-02 15:25,5249
EVT_OLY_2028_001,VEN_STADIUM_12,ZONE_GATE_A1,2026-08-02 15:30,5250
EVT_OLY_2028_001,VEN_STADIUM_12,ZONE_GATE_A1,2026-08-02 15:35,5251
EVT_OLY_2028_001,VEN_STADIUM_12,ZONE_GATE_A1,2026-08-02 15:40,5252
EVT_OLY_2028_001,VEN_STADIUM_12,ZONE_GATE_A1,2026-08-02 15:45,5253
EVT_OLY_2028_001,VEN_STADIUM_12,ZONE_GATE_A1,2026-08-02 15:50,5254
EVT_OLY_2028_001,VEN_STADIUM_12,ZONE_GATE_A1,2026-08-02 15:55,5255
EVT_OLY_2028_001,VEN_STADIUM_12,ZONE_GATE_A1,2026-08-02 16:00,5256
EVT_OLY_2028_001,VEN_STADIUM_12,ZONE_GATE_A1,2026-08-02 16:05,5257
EVT_OLY_2028_001,VEN_STADIUM_12,ZONE_GATE_A1,2026-08-02 16:10,5258
EVT_OLY_2028_001,VEN_STADIUM_12,ZONE_GATE_A1,2026-08-02 16:15,5259
EVT_OLY_2028_001,VEN_STADIUM_12,ZONE_GATE_A1,2026-08-02 16:20,5260
EVT_OLY_2028_001,VEN_STADIUM_12,ZONE_GATE_A1,2026-08-02 16:25,5261
EVT_OLY_2028_001,VEN_STADIUM_12,ZONE_GATE_A1,2026-08-02 16:30,5262
EVT_OLY_2028_001,VEN_STADIUM_12,ZONE_GATE_A1,2026-08-02 16:35,5263
EVT_OLY_2028_001,VEN_STADIUM_12,ZONE_GATE_A1,2026-08-02 16:40,5264
EVT_OLY_2028_001,VEN_STADIUM_12,ZONE_GATE_A1,2026-08-02 16:45,5265
EVT_OLY_2028_001,VEN_STADIUM_12,ZONE_GATE_A1,2026-08-02 16:50,5266
EVT_OLY_2028_001,VEN_STADIUM_12,ZONE_GATE_A1,2026-08-02 16:55,5267
EVT_OLY_2028_001,VEN_STADIUM_12,ZONE_GATE_A1,2026-08-02 17:00,5268
EVT_OLY_2028_001,VEN_STADIUM_12,ZONE_GATE_A1,2026-08-02 17:05,5269
EVT_OLY_2028_001,VEN_STADIUM_12,ZONE_GATE_A1,2026-08-02 17:10,5270
EVT_OLY_2028_001,VEN_STADIUM_12,ZONE_GATE_A1,2026-08-02 17:15,5271
EVT_OLY_2028_001,VEN_STADIUM_12,ZONE_GATE_A1,2026-08-02 17:20,5272
EVT_OLY_2028_001,VEN_STADIUM_12,ZONE_GATE_A1,2026-08-02 17:25,5273
EVT_OLY_2028_001,VEN_STADIUM_12,ZONE_GATE_A1,2026-08-02 17:30,5274
EVT_OLY_2028_001,VEN_STADIUM_12,ZONE_GATE_A1,2026-08-02 17:35,5275
EVT_OLY_2028_001,VEN_STADIUM_12,ZONE_GATE_A1,2026-08-02 17:40,5276
EVT_OLY_2028_001,VEN_STADIUM_12,ZONE_GATE_A1,2026-08-02 17:45,5277
EVT_OLY_2028_001,VEN_STADIUM_12,ZONE_GATE_A1,2026-08-02 17:50,5278
EVT_OLY_2028_001,VEN_STADIUM_12,ZONE_GATE_A1,2026-08-02 17:55,5279
EVT_OLY_2028_001,VEN_STADIUM_12,ZONE_GATE_A1,2026-08-02 18:00,5280
EVT_OLY_2028_001,VEN_STADIUM_12,ZONE_GATE_A1,2026-08-02 18:05,5281
EVT_OLY_2028_001,VEN_STADIUM_12,ZONE_GATE_A1,2026-08-02 18:10,5282
EVT_OLY_2028_001,VEN_STADIUM_12,ZONE_GATE_A1,2026-08-02 18:15,5283
EVT_OLY_2028_001,VEN_STADIUM_12,ZONE_GATE_A1,2026-08-02 18:20,5284
EVT_OLY_2028_001,VEN_STADIUM_12,ZONE_GATE_A1,2026-08-02 18:25,5285
EVT_OLY_2028_001,VEN_STADIUM_12,ZONE_GATE_A1,2026-08-02 18:30,5286
EVT_OLY_2028_001,VEN_STADIUM_12,ZONE_GATE_A1,2026-08-02 18:35,5287
EVT_OLY_2028_001,VEN_STADIUM_12,ZONE_GATE_A1,2026-08-02 18:40,5288
EVT_OLY_2028_001,VEN_STADIUM_12,ZONE_GATE_A1,2026-08-02 18:45,5289
EVT_OLY_2028_001,VEN_STADIUM_12,ZONE_GATE_A1,2026-08-02 18:50,5290
EVT_OLY_2028_001,VEN_STADIUM_12,ZONE_GATE_A1,2026-08-02 18:55,5291
EVT_OLY_2028_001,VEN_STADIUM_12,ZONE_GATE_A1,2026-08-02 19:00,5292
EVT_OLY_2028_001,VEN_STADIUM_12,ZONE_GATE_A1,2026-08-02 19:05,5293
EVT_OLY_2028_001,VEN_STADIUM_12,ZONE_GATE_A1,2026-08-02 19:10,5294
EVT_OLY_2028_001,VEN_STADIUM_12,ZONE_GATE_A1,2026-08-02 19:15,5295
EVT_OLY_2028_001,VEN_STADIUM_12,ZONE_GATE_A1,2026-08-02 19:20,5296
EVT_OLY_2028_001,VEN_STADIUM_12,ZONE_GATE_A1,2026-08-02 19:25,5297
EVT_OLY_2028_001,VEN_STADIUM_12,ZONE_GATE_A1,2026-08-02 19:30,5298
EVT_OLY_2028_001,VEN_STADIUM_12,ZONE_GATE_A1,2026-08-02 19:35,5299
EVT_OLY_2028_001,VEN_STADIUM_12,ZONE_GATE_A1,2026-08-02 19:40,5300
EVT_OLY_2028_001,VEN_STADIUM_12,ZONE_GATE_A1,2026-08-02 19:45,5301
EVT_OLY_2028_001,VEN_STADIUM_12,ZONE_GATE_A1,2026-08-02 19:50,5302
EVT_OLY_2028_001,VEN_STADIUM_12,ZONE_GATE_A1,2026-08-02 19:55,5303
EVT_OLY_2028_001,VEN_STADIUM_12,ZONE_GATE_A1,2026-08-02 20:00,5304
EVT_OLY_2028_001,VEN_STADIUM_12,ZONE_GATE_A1,2026-08-02 20:05,5305
EVT_OLY_2028_001,VEN_STADIUM_12,ZONE_GATE_A1,2026-08-02 20:10,5306
EVT_OLY_2028_001,VEN_STADIUM_12,ZONE_GATE_A1,2026-08-02 20:15,5307
EVT_OLY_2028_001,VEN_STADIUM_12,ZONE_GATE_A1,2026-08-02 20:20,5308
EVT_OLY_2028_001,VEN_STADIUM_12,ZONE_GATE_A1,2026-08-02 20:25,5309
EVT_OLY_2028_001,VEN_STADIUM_12,ZONE_GATE_A1,2026-08-02 20:30,5310
EVT_OLY_2028_001,VEN_STADIUM_12,ZONE_GATE_A1,2026-08-02 20:35,5311
EVT_OLY_2028_001,VEN_STADIUM_12,ZONE_GATE_A1,2026-08-02 20:40,5312
EVT_OLY_2028_001,VEN_STADIUM_12,ZONE_GATE_A1,2026-08-02 20:45,5313
EVT_OLY_2028_001,VEN_STADIUM_12,ZONE_GATE_A1,2026-08-02 20:50,5314
EVT_OLY_2028_001,VEN_STADIUM_12,ZONE_GATE_A1,2026-08-02 20:55,5315
EVT_OLY_2028_001,VEN_STADIUM_12,ZONE_GATE_A1,2026-08-02 21:00,5316
EVT_OLY_2028_001,VEN_STADIUM_12,ZONE_GATE_A1,2026-08-02 21:05,5317
EVT_OLY_2028_001,VEN_STADIUM_12,ZONE_GATE_A1,2026-08-02 21:10,5318
EVT_OLY_2028_001,VEN_STADIUM_12,ZONE_GATE_A1,2026-08-02 21:15,5319
EVT_OLY_2028_001,VEN_STADIUM_12,ZONE_GATE_A1,2026-08-02 21:20,5320
EVT_OLY_2028_001,VEN_STADIUM_12,ZONE_GATE_A1,2026-08-02 21:25,5321
EVT_OLY_2028_001,VEN_STADIUM_12,ZONE_GATE_A1,2026-08-02 21:30,5322
EVT_OLY_2028_001,VEN_STADIUM_12,ZONE_GATE_A1,2026-08-02 21:35,5323
EVT_OLY_2028_001,VEN_STADIUM_12,ZONE_GATE_A1,2026-08-02 21:40,5324
EVT_OLY_2028_001,VEN_STADIUM_12,ZONE_GATE_A1,2026-08-02 21:45,5325
EVT_OLY_2028_001,VEN_STADIUM_12,ZONE_GATE_A1,2026-08-02 21:50,5326
EVT_OLY_2028_001,VEN_STADIUM_12,ZONE_GATE_A1,2026-08-02 21:55,5327
EVT_OLY_2028_001,VEN_STADIUM_12,ZONE_GATE_A1,2026-08-02 22:00,5328
EVT_OLY_2028_001,VEN_STADIUM_12,ZONE_GATE_A1,2026-08-02 22:05,5329
EVT_OLY_2028_001,VEN_STADIUM_12,ZONE_GATE_A1,2026-08-02 22:10,5330
EVT_OLY_2028_001,VEN_STADIUM_12,ZONE_GATE_A1,2026-08-02 22:15,5331
EVT_OLY_2028_001,VEN_STADIUM_12,ZONE_GATE_A1,2026-08-02 22:20,5332
EVT_OLY_2028_001,VEN_STADIUM_12,ZONE_GATE_A1,2026-08-02 22:25,5333
EVT_OLY_2028_001,VEN_STADIUM_12,ZONE_GATE_A1,2026-08-02 22:30,5334
EVT_OLY_2028_001,VEN_STADIUM_12,ZONE_GATE_A1,2026-08-02 22:35,5335
EVT_OLY_2028_001,VEN_STADIUM_12,ZONE_GATE_A1,2026-08-02 22:40,5336
EVT_OLY_2028_001,VEN_STADIUM_12,ZONE_GATE_A1,2026-08-02 22:45,5337
EVT_OLY_2028_001,VEN_STADIUM_12,ZONE_GATE_A1,2026-08-02 22:50,5338
EVT_OLY_2028_001,VEN_STADIUM_12,ZONE_GATE_A1,2026-08-02 22:55,5339
EVT_OLY_2028_001,VEN_STADIUM_12,ZONE_GATE_A1,2026-08-02 23:00,5340
EVT_OLY_2028_001,VEN_STADIUM_12,ZONE_GATE_A1,2026-08-02 23:05,5341
EVT_OLY_2028_001,VEN_STADIUM_12,ZONE_GATE_A1,2026-08-02 23:10,5342
EVT_OLY_2028_001,VEN_STADIUM_12,ZONE_GATE_A1,2026-08-02 23:15,5343
EVT_OLY_2028_001,VEN_STADIUM_12,ZONE_GATE_A1,2026-08-02 23:20,5344
EVT_OLY_2028_001,VEN_STADIUM_12,ZONE_GATE_A1,2026-08-02 23:25,5345
EVT_OLY_2028_001,VEN_STADIUM_12,ZONE_GATE_A1,2026-08-02 23:30,5346
EVT_OLY_2028_001,VEN_STADIUM_12,ZONE_GATE_A1,2026-08-02 23:35,5347
EVT_OLY_2028_001,VEN_STADIUM_12,ZONE_GATE_A1,2026-08-02 23:40,5348
EVT_OLY_2028_001,VEN_STADIUM_12,ZONE_GATE_A1,2026-08-02 23:45,5349
EVT_OLY_2028_001,VEN_STADIUM_12,ZONE_GATE_A1,2026-08-02 23:50,5350
EVT_OLY_2028_001,VEN_STADIUM_12,ZONE_GATE_A1,2026-08-02 23:55,5351
EVT_OLY_2028_001,VEN_STADIUM_12,ZONE_GATE_A1,2026-08-03 00:00,5352
EVT_OLY_2028_001,VEN_STADIUM_12,ZONE_GATE_A1,2026-08-03 00:05,5353
EVT_OLY_2028_001,VEN_STADIUM_12,ZONE_GATE_A1,2026-08-03 00:10,5354
EVT_OLY_2028_001,VEN_STADIUM_12,ZONE_GATE_A1,2026-08-03 00:15,5355
EVT_OLY_2028_001,VEN_STADIUM_12,ZONE_GATE_A1,2026-08-03 00:20,5356
EVT_OLY_2028_001,VEN_STADIUM_12,ZONE_GATE_A1,2026-08-03 00:25,5357
EVT_OLY_2028_001,VEN_STADIUM_12,ZONE_GATE_A1,2026-08-03 00:30,5358
EVT_OLY_2028_001,VEN_STADIUM_12,ZONE_GATE_A1,2026-08-03 00:35,5359
EVT_OLY_2028_001,VEN_STADIUM_12,ZONE_GATE_A1,2026-08-03 00:40,5360
EVT_OLY_2028_001,VEN_STADIUM_12,ZONE_GATE_A1,2026-08-03 00:45,5361
EVT_OLY_2028_001,VEN_STADIUM_12,ZONE_GATE_A1,2026-08-03 00:50,5362
EVT_OLY_2028_001,VEN_STADIUM_12,ZONE_GATE_A1,2026-08-03 00:55,5363
EVT_OLY_2028_001,VEN_STADIUM_12,ZONE_GATE_A1,2026-08-03 01:00,5364
EVT_OLY_2028_001,VEN_STADIUM_12,ZONE_GATE_A1,2026-08-03 01:05,5365
EVT_OLY_2028_001,VEN_STADIUM_12,ZONE_GATE_A1,2026-08-03 01:10,5366
EVT_OLY_2028_001,VEN_STADIUM_12,ZONE_GATE_A1,2026-08-03 01:15,5367
EVT_OLY_2028_001,VEN_STADIUM_12,ZONE_GATE_A1,2026-08-03 01:20,5368
EVT_OLY_2028_001,VEN_STADIUM_12,ZONE_GATE_A1,2026-08-03 01:25,5369
EVT_OLY_2028_001,VEN_STADIUM_12,ZONE_GATE_A1,2026-08-03 01:30,5370
EVT_OLY_2028_001,VEN_STADIUM_12,ZONE_GATE_A1,2026-08-03 01:35,5371
EVT_OLY_2028_001,VEN_STADIUM_12,ZONE_GATE_A1,2026-08-03 01:40,5372
EVT_OLY_2028_001,VEN_STADIUM_12,ZONE_GATE_A1,2026-08-03 01:45,5373
EVT_OLY_2028_001,VEN_STADIUM_12,ZONE_GATE_A1,2026-08-03 01:50,5374
EVT_OLY_2028_001,VEN_STADIUM_12,ZONE_GATE_A1,2026-08-03 01:55,5375
EVT_OLY_2028_001,VEN_STADIUM_12,ZONE_GATE_A1,2026-08-03 02:00,5376
EVT_OLY_2028_001,VEN_STADIUM_12,ZONE_GATE_A1,2026-08-03 02:05,5377
EVT_OLY_2028_001,VEN_STADIUM_12,ZONE_GATE_A1,2026-08-03 02:10,5378
EVT_OLY_2028_001,VEN_STADIUM_12,ZONE_GATE_A1,2026-08-03 02:15,5379
EVT_OLY_2028_001,VEN_STADIUM_12,ZONE_GATE_A1,2026-08-03 02:20,5380
EVT_OLY_2028_001,VEN_STADIUM_12,ZONE_GATE_A1,2026-08-03 02:25,5381
EVT_OLY_2028_001,VEN_STADIUM_12,ZONE_GATE_A1,2026-08-03 02:30,5382
EVT_OLY_2028_001,VEN_STADIUM_12,ZONE_GATE_A1,2026-08-03 02:35,5383
EVT_OLY_2028_001,VEN_STADIUM_12,ZONE_GATE_A1,2026-08-03 02:40,5384
EVT_OLY_2028_001,VEN_STADIUM_12,ZONE_GATE_A1,2026-08-03 02:45,5385
EVT_OLY_2028_001,VEN_STADIUM_12,ZONE_GATE_A1,2026-08-03 02:50,5386
EVT_OLY_2028_001,VEN_STADIUM_12,ZONE_GATE_A1,2026-08-03 02:55,5387
EVT_OLY_2028_001,VEN_STADIUM_12,ZONE_GATE_A1,2026-08-03 03:00,5388
EVT_OLY_2028_001,VEN_STADIUM_12,ZONE_GATE_A1,2026-08-03 03:05,5389
EVT_OLY_2028_001,VEN_STADIUM_12,ZONE_GATE_A1,2026-08-03 03:10,5390
EVT_OLY_2028_001,VEN_STADIUM_12,ZONE_GATE_A1,2026-08-03 03:15,5391
EVT_OLY_2028_001,VEN_STADIUM_12,ZONE_GATE_A1,2026-08-03 03:20,5392
EVT_OLY_2028_001,VEN_STADIUM_12,ZONE_GATE_A1,2026-08-03 03:25,5393
EVT_OLY_2028_001,VEN_STADIUM_12,ZONE_GATE_A1,2026-08-03 03:30,5394
EVT_OLY_2028_001,VEN_STADIUM_12,ZONE_GATE_A1,2026-08-03 03:35,5395
EVT_OLY_2028_001,VEN_STADIUM_12,ZONE_GATE_A1,2026-08-03 03:40,5396
EVT_OLY_2028_001,VEN_STADIUM_12,ZONE_GATE_A1,2026-08-03 03:45,5397
EVT_OLY_2028_001,VEN_STADIUM_12,ZONE_GATE_A1,2026-08-03 03:50,5398
EVT_OLY_2028_001,VEN_STADIUM_12,ZONE_GATE_A1,2026-08-03 03:55,5399
EVT_OLY_2028_001,VEN_STADIUM_12,ZONE_GATE_A1,2026-08-03 04:00,5400
EVT_OLY_2028_001,VEN_STADIUM_12,ZONE_GATE_A1,2026-08-03 04:05,5401
EVT_OLY_2028_001,VEN_STADIUM_12,ZONE_GATE_A1,2026-08-03 04:10,5402
EVT_OLY_2028_001,VEN_STADIUM_12,ZONE_GATE_A1,2026-08-03 04:15,5403
EVT_OLY_2028_001,VEN_STADIUM_12,ZONE_GATE_A1,2026-08-03 04:20,5404
EVT_OLY_2028_001,VEN_STADIUM_12,ZONE_GATE_A1,2026-08-03 04:25,5405
EVT_OLY_2028_001,VEN_STADIUM_12,ZONE_GATE_A1,2026-08-03 04:30,5406
EVT_OLY_2028_001,VEN_STADIUM_12,ZONE_GATE_A1,2026-08-03 04:35,5407
EVT_OLY_2028_001,VEN_STADIUM_12,ZONE_GATE_A1,2026-08-03 04:40,5408
EVT_OLY_2028_001,VEN_STADIUM_12,ZONE_GATE_A1,2026-08-03 04:45,5409
EVT_OLY_2028_001,VEN_STADIUM_12,ZONE_GATE_A1,2026-08-03 04:50,5410
EVT_OLY_2028_001,VEN_STADIUM_12,ZONE_GATE_A1,2026-08-03 04:55,5411
EVT_OLY_2028_001,VEN_STADIUM_12,ZONE_GATE_A1,2026-08-03 05:00,5412
EVT_OLY_2028_001,VEN_STADIUM_12,ZONE_GATE_A1,2026-08-03 05:05,5413
EVT_OLY_2028_001,VEN_STADIUM_12,ZONE_GATE_A1,2026-08-03 05:10,5414
EVT_OLY_2028_001,VEN_STADIUM_12,ZONE_GATE_A1,2026-08-03 05:15,5415
EVT_OLY_2028_001,VEN_STADIUM_12,ZONE_GATE_A1,2026-08-03 05:20,5416
EVT_OLY_2028_001,VEN_STADIUM_12,ZONE_GATE_A1,2026-08-03 05:25,5417
EVT_OLY_2028_001,VEN_STADIUM_12,ZONE_GATE_A1,2026-08-03 05:30,5418
EVT_OLY_2028_001,VEN_STADIUM_12,ZONE_GATE_A1,2026-08-03 05:35,5419
EVT_OLY_2028_001,VEN_STADIUM_12,ZONE_GATE_A1,2026-08-03 05:40,5420
EVT_OLY_2028_001,VEN_STADIUM_12,ZONE_GATE_A1,2026-08-03 05:45,5421
EVT_OLY_2028_001,VEN_STADIUM_12,ZONE_GATE_A1,2026-08-03 05:50,5422
EVT_OLY_2028_001,VEN_STADIUM_12,ZONE_GATE_A1,2026-08-03 05:55,5423
EVT_OLY_2028_001,VEN_STADIUM_12,ZONE_GATE_A1,2026-08-03 06:00,5424
EVT_OLY_2028_001,VEN_STADIUM_12,ZONE_GATE_A1,2026-08-03 06:05,5425
EVT_OLY_2028_001,VEN_STADIUM_12,ZONE_GATE_A1,2026-08-03 06:10,5426
EVT_OLY_2028_001,VEN_STADIUM_12,ZONE_GATE_A1,2026-08-03 06:15,5427
EVT_OLY_2028_001,VEN_STADIUM_12,ZONE_GATE_A1,2026-08-03 06:20,5428
EVT_OLY_2028_001,VEN_STADIUM_12,ZONE_GATE_A1,2026-08-03 06:25,5429
EVT_OLY_2028_001,VEN_STADIUM_12,ZONE_GATE_A1,2026-08-03 06:30,5430
EVT_OLY_2028_001,VEN_STADIUM_12,ZONE_GATE_A1,2026-08-03 06:35,5431
EVT_OLY_2028_001,VEN_STADIUM_12,ZONE_GATE_A1,2026-08-03 06:40,5432
EVT_OLY_2028_001,VEN_STADIUM_12,ZONE_GATE_A1,2026-08-03 06:45,5433
EVT_OLY_2028_001,VEN_STADIUM_12,ZONE_GATE_A1,2026-08-03 06:50,5434
EVT_OLY_2028_001,VEN_STADIUM_12,ZONE_GATE_A1,2026-08-03 06:55,5435
EVT_OLY_2028_001,VEN_STADIUM_12,ZONE_GATE_A1,2026-08-03 07:00,5436
EVT_OLY_2028_001,VEN_STADIUM_12,ZONE_GATE_A1,2026-08-03 07:05,5437
EVT_OLY_2028_001,VEN_STADIUM_12,ZONE_GATE_A1,2026-08-03 07:10,5438
EVT_OLY_2028_001,VEN_STADIUM_12,ZONE_GATE_A1,2026-08-03 07:15,5439
EVT_OLY_2028_001,VEN_STADIUM_12,ZONE_GATE_A1,2026-08-03 07:20,5440
EVT_OLY_2028_001,VEN_STADIUM_12,ZONE_GATE_A1,2026-08-03 07:25,5441
EVT_OLY_2028_001,VEN_STADIUM_12,ZONE_GATE_A1,2026-08-03 07:30,5442
EVT_OLY_2028_001,VEN_STADIUM_12,ZONE_GATE_A1,2026-08-03 07:35,5443
EVT_OLY_2028_001,VEN_STADIUM_12,ZONE_GATE_A1,2026-08-03 07:40,5444
EVT_OLY_2028_001,VEN_STADIUM_12,ZONE_GATE_A1,2026-08-03 07:45,5445
EVT_OLY_2028_001,VEN_STADIUM_12,ZONE_GATE_A1,2026-08-03 07:50,5446
EVT_OLY_2028_001,VEN_STADIUM_12,ZONE_GATE_A1,2026-08-03 07:55,5447
EVT_OLY_2028_001,VEN_STADIUM_12,ZONE_GATE_A1,2026-08-03 08:00,5448
EVT_OLY_2028_001,VEN_STADIUM_12,ZONE_GATE_A1,2026-08-03 08:05,5449
EVT_OLY_2028_001,VEN_STADIUM_12,ZONE_GATE_A1,2026-08-03 08:10,5450
EVT_OLY_2028_001,VEN_STADIUM_12,ZONE_GATE_A1,2026-08-03 08:15,5451
EVT_OLY_2028_001,VEN_STADIUM_12,ZONE_GATE_A1,2026-08-03 08:20,5452
EVT_OLY_2028_001,VEN_STADIUM_12,ZONE_GATE_A1,2026-08-03 08:25,5453
EVT_OLY_2028_001,VEN_STADIUM_12,ZONE_GATE_A1,2026-08-03 08:30,5454
EVT_OLY_2028_001,VEN_STADIUM_12,ZONE_GATE_A1,2026-08-03 08:35,5455
EVT_OLY_2028_001,VEN_STADIUM_12,ZONE_GATE_A1,2026-08-03 08:40,5456
EVT_OLY_2028_001,VEN_STADIUM_12,ZONE_GATE_A1,2026-08-03 08:45,5457
EVT_OLY_2028_001,VEN_STADIUM_12,ZONE_GATE_A1,2026-08-03 08:50,5458
EVT_OLY_2028_001,VEN_STADIUM_12,ZONE_GATE_A1,2026-08-03 08:55,5459
EVT_OLY_2028_001,VEN_STADIUM_12,ZONE_GATE_A1,2026-08-03 09:00,5460
EVT_OLY_2028_001,VEN_STADIUM_12,ZONE_GATE_A1,2026-08-03 09:05,5461
EVT_OLY_2028_001,VEN_STADIUM_12,ZONE_GATE_A1,2026-08-03 09:10,5462
EVT_OLY_2028_001,VEN_STADIUM_12,ZONE_GATE_A1,2026-08-03 09:15,5463
EVT_OLY_2028_001,VEN_STADIUM_12,ZONE_GATE_A1,2026-08-03 09:20,5464
EVT_OLY_2028_001,VEN_STADIUM_12,ZONE_GATE_A1,2026-08-03 09:25,5465
EVT_OLY_2028_001,VEN_STADIUM_12,ZONE_GATE_A1,2026-08-03 09:30,5466
EVT_OLY_2028_001,VEN_STADIUM_12,ZONE_GATE_A1,2026-08-03 09:35,5467
EVT_OLY_2028_001,VEN_STADIUM_12,ZONE_GATE_A1,2026-08-03 09:40,5468
EVT_OLY_2028_001,VEN_STADIUM_12,ZONE_GATE_A1,2026-08-03 09:45,5469
EVT_OLY_2028_001,VEN_STADIUM_12,ZONE_GATE_A1,2026-08-03 09:50,5470
EVT_OLY_2028_001,VEN_STADIUM_12,ZONE_GATE_A1,2026-08-03 09:55,5471
EVT_OLY_2028_001,VEN_STADIUM_12,ZONE_GATE_A1,2026-08-03 10:00,5472
EVT_OLY_2028_001,VEN_STADIUM_12,ZONE_GATE_A1,2026-08-03 10:05,5473
EVT_OLY_2028_001,VEN_STADIUM_12,ZONE_GATE_A1,2026-08-03 10:10,5474
EVT_OLY_2028_001,VEN_STADIUM_12,ZONE_GATE_A1,2026-08-03 10:15,5475
EVT_OLY_2028_001,VEN_STADIUM_12,ZONE_GATE_A1,2026-08-03 10:20,5476
EVT_OLY_2028_001,VEN_STADIUM_12,ZONE_GATE_A1,2026-08-03 10:25,5477
EVT_OLY_2028_001,VEN_STADIUM_12,ZONE_GATE_A1,2026-08-03 10:30,5478
EVT_OLY_2028_001,VEN_STADIUM_12,ZONE_GATE_A1,2026-08-03 10:35,5479
EVT_OLY_2028_001,VEN_STADIUM_12,ZONE_GATE_A1,2026-08-03 10:40,5480
EVT_OLY_2028_001,VEN_STADIUM_12,ZONE_GATE_A1,2026-08-03 10:45,5481
EVT_OLY_2028_001,VEN_STADIUM_12,ZONE_GATE_A1,2026-08-03 10:50,5482
EVT_OLY_2028_001,VEN_STADIUM_12,ZONE_GATE_A1,2026-08-03 10:55,5483
EVT_OLY_2028_001,VEN_STADIUM_12,ZONE_GATE_A1,2026-08-03 11:00,5484
EVT_OLY_2028_001,VEN_STADIUM_12,ZONE_GATE_A1,2026-08-03 11:05,5485
EVT_OLY_2028_001,VEN_STADIUM_12,ZONE_GATE_A1,2026-08-03 11:10,5486
EVT_OLY_2028_001,VEN_STADIUM_12,ZONE_GATE_A1,2026-08-03 11:15,5487
EVT_OLY_2028_001,VEN_STADIUM_12,ZONE_GATE_A1,2026-08-03 11:20,5488
EVT_OLY_2028_001,VEN_STADIUM_12,ZONE_GATE_A1,2026-08-03 11:25,5489
EVT_OLY_2028_001,VEN_STADIUM_12,ZONE_GATE_A1,2026-08-03 11:30,5490
EVT_OLY_2028_001,VEN_STADIUM_12,ZONE_GATE_A1,2026-08-03 11:35,5491
EVT_OLY_2028_001,VEN_STADIUM_12,ZONE_GATE_A1,2026-08-03 11:40,5492
EVT_OLY_2028_001,VEN_STADIUM_12,ZONE_GATE_A1,2026-08-03 11:45,5493
EVT_OLY_2028_001,VEN_STADIUM_12,ZONE_GATE_A1,2026-08-03 11:50,5494
EVT_OLY_2028_001,VEN_STADIUM_12,ZONE_GATE_A1,2026-08-03 11:55,5495
EVT_OLY_2028_001,VEN_STADIUM_12,ZONE_GATE_A1,2026-08-03 12:00,5496
EVT_OLY_2028_001,VEN_STADIUM_12,ZONE_GATE_A1,2026-08-03 12:05,5497
EVT_OLY_2028_001,VEN_STADIUM_12,ZONE_GATE_A1,2026-08-03 12:10,5498
EVT_OLY_2028_001,VEN_STADIUM_12,ZONE_GATE_A1,2026-08-03 12:15,5499
EVT_OLY_2028_001,VEN_STADIUM_12,ZONE_GATE_A1,2026-08-03 12:20,5500
EVT_OLY_2028_001,VEN_STADIUM_12,ZONE_GATE_A1,2026-08-03 12:25,5501
EVT_OLY_2028_001,VEN_STADIUM_12,ZONE_GATE_A1,2026-08-03 12:30,5502
EVT_OLY_2028_001,VEN_STADIUM_12,ZONE_GATE_A1,2026-08-03 12:35,5503
EVT_OLY_2028_001,VEN_STADIUM_12,ZONE_GATE_A1,2026-08-03 12:40,5504
EVT_OLY_2028_001,VEN_STADIUM_12,ZONE_GATE_A1,2026-08-03 12:45,5505
EVT_OLY_2028_001,VEN_STADIUM_12,ZONE_GATE_A1,2026-08-03 12:50,5506
EVT_OLY_2028_001,VEN_STADIUM_12,ZONE_GATE_A1,2026-08-03 12:55,5507
EVT_OLY_2028_001,VEN_STADIUM_12,ZONE_GATE_A1,2026-08-03 13:00,5508
EVT_OLY_2028_001,VEN_STADIUM_12,ZONE_GATE_A1,2026-08-03 13:05,5509
EVT_OLY_2028_001,VEN_STADIUM_12,ZONE_GATE_A1,2026-08-03 13:10,5510
EVT_OLY_2028_001,VEN_STADIUM_12,ZONE_GATE_A1,2026-08-03 13:15,5511
EVT_OLY_2028_001,VEN_STADIUM_12,ZONE_GATE_A1,2026-08-03 13:20,5512
EVT_OLY_2028_001,VEN_STADIUM_12,ZONE_GATE_A1,2026-08-03 13:25,5513
EVT_OLY_2028_001,VEN_STADIUM_12,ZONE_GATE_A1,2026-08-03 13:30,5514
EVT_OLY_2028_001,VEN_STADIUM_12,ZONE_GATE_A1,2026-08-03 13:35,5515
EVT_OLY_2028_001,VEN_STADIUM_12,ZONE_GATE_A1,2026-08-03 13:40,5516
EVT_OLY_2028_001,VEN_STADIUM_12,ZONE_GATE_A1,2026-08-03 13:45,5517
EVT_OLY_2028_001,VEN_STADIUM_12,ZONE_GATE_A1,2026-08-03 13:50,5518
EVT_OLY_2028_001,VEN_STADIUM_12,ZONE_GATE_A1,2026-08-03 13:55,5519
EVT_OLY_2028_001,VEN_STADIUM_12,ZONE_GATE_A1,2026-08-03 14:00,5520
EVT_OLY_2028_001,VEN_STADIUM_12,ZONE_GATE_A1,2026-08-03 14:05,5521
EVT_OLY_2028_001,VEN_STADIUM_12,ZONE_GATE_A1,2026-08-03 14:10,5522
EVT_OLY_2028_001,VEN_STADIUM_12,ZONE_GATE_A1,2026-08-03 14:15,5523
EVT_OLY_2028_001,VEN_STADIUM_12,ZONE_GATE_A1,2026-08-03 14:20,5524
EVT_OLY_2028_001,VEN_STADIUM_12,ZONE_GATE_A1,2026-08-03 14:25,5525
EVT_OLY_2028_001,VEN_STADIUM_12,ZONE_GATE_A1,2026-08-03 14:30,5526
EVT_OLY_2028_001,VEN_STADIUM_12,ZONE_GATE_A1,2026-08-03 14:35,5527
EVT_OLY_2028_001,VEN_STADIUM_12,ZONE_GATE_A1,2026-08-03 14:40,5528
EVT_OLY_2028_001,VEN_STADIUM_12,ZONE_GATE_A1,2026-08-03 14:45,5529
EVT_OLY_2028_001,VEN_STADIUM_12,ZONE_GATE_A1,2026-08-03 14:50,5530
EVT_OLY_2028_001,VEN_STADIUM_12,ZONE_GATE_A1,2026-08-03 14:55,5531
EVT_OLY_2028_001,VEN_STADIUM_12,ZONE_GATE_A1,2026-08-03 15:00,5532
EVT_OLY_2028_001,VEN_STADIUM_12,ZONE_GATE_A1,2026-08-03 15:05,5533
EVT_OLY_2028_001,VEN_STADIUM_12,ZONE_GATE_A1,2026-08-03 15:10,5534
EVT_OLY_2028_001,VEN_STADIUM_12,ZONE_GATE_A1,2026-08-03 15:15,5535
EVT_OLY_2028_001,VEN_STADIUM_12,ZONE_GATE_A1,2026-08-03 15:20,5536
EVT_OLY_2028_001,VEN_STADIUM_12,ZONE_GATE_A1,2026-08-03 15:25,5537
EVT_OLY_2028_001,VEN_STADIUM_12,ZONE_GATE_A1,2026-08-03 15:30,5538
EVT_OLY_2028_001,VEN_STADIUM_12,ZONE_GATE_A1,2026-08-03 15:35,5539
EVT_OLY_2028_001,VEN_STADIUM_12,ZONE_GATE_A1,2026-08-03 15:40,5540
EVT_OLY_2028_001,VEN_STADIUM_12,ZONE_GATE_A1,2026-08-03 15:45,5541
EVT_OLY_2028_001,VEN_STADIUM_12,ZONE_GATE_A1,2026-08-03 15:50,5542
EVT_OLY_2028_001,VEN_STADIUM_12,ZONE_GATE_A1,2026-08-03 15:55,5543
EVT_OLY_2028_001,VEN_STADIUM_12,ZONE_GATE_A1,2026-08-03 16:00,5544
EVT_OLY_2028_001,VEN_STADIUM_12,ZONE_GATE_A1,2026-08-03 16:05,5545
EVT_OLY_2028_001,VEN_STADIUM_12,ZONE_GATE_A1,2026-08-03 16:10,5546
EVT_OLY_2028_001,VEN_STADIUM_12,ZONE_GATE_A1,2026-08-03 16:15,5547
EVT_OLY_2028_001,VEN_STADIUM_12,ZONE_GATE_A1,2026-08-03 16:20,5548
EVT_OLY_2028_001,VEN_STADIUM_12,ZONE_GATE_A1,2026-08-03 16:25,5549
EVT_OLY_2028_001,VEN_STADIUM_12,ZONE_GATE_A1,2026-08-03 16:30,5550
EVT_OLY_2028_001,VEN_STADIUM_12,ZONE_GATE_A1,2026-08-03 16:35,5551
EVT_OLY_2028_001,VEN_STADIUM_12,ZONE_GATE_A1,2026-08-03 16:40,5552
EVT_OLY_2028_001,VEN_STADIUM_12,ZONE_GATE_A1,2026-08-03 16:45,5553
EVT_OLY_2028_001,VEN_STADIUM_12,ZONE_GATE_A1,2026-08-03 16:50,5554
EVT_OLY_2028_001,VEN_STADIUM_12,ZONE_GATE_A1,2026-08-03 16:55,5555
EVT_OLY_2028_001,VEN_STADIUM_12,ZONE_GATE_A1,2026-08-03 17:00,5556
EVT_OLY_2028_001,VEN_STADIUM_12,ZONE_GATE_A1,2026-08-03 17:05,5557
EVT_OLY_2028_001,VEN_STADIUM_12,ZONE_GATE_A1,2026-08-03 17:10,5558
EVT_OLY_2028_001,VEN_STADIUM_12,ZONE_GATE_A1,2026-08-03 17:15,5559
EVT_OLY_2028_001,VEN_STADIUM_12,ZONE_GATE_A1,2026-08-03 17:20,5560
EVT_OLY_2028_001,VEN_STADIUM_12,ZONE_GATE_A1,2026-08-03 17:25,5561
EVT_OLY_2028_001,VEN_STADIUM_12,ZONE_GATE_A1,2026-08-03 17:30,5562
EVT_OLY_2028_001,VEN_STADIUM_12,ZONE_GATE_A1,2026-08-03 17:35,5563
EVT_OLY_2028_001,VEN_STADIUM_12,ZONE_GATE_A1,2026-08-03 17:40,5564
EVT_OLY_2028_001,VEN_STADIUM_12,ZONE_GATE_A1,2026-08-03 17:45,5565
EVT_OLY_2028_001,VEN_STADIUM_12,ZONE_GATE_A1,2026-08-03 17:50,5566
EVT_OLY_2028_001,VEN_STADIUM_12,ZONE_GATE_A1,2026-08-03 17:55,5567
EVT_OLY_2028_001,VEN_STADIUM_12,ZONE_GATE_A1,2026-08-03 18:00,5568
EVT_OLY_2028_001,VEN_STADIUM_12,ZONE_GATE_A1,2026-08-03 18:05,5569
EVT_OLY_2028_001,VEN_STADIUM_12,ZONE_GATE_A1,2026-08-03 18:10,5570
EVT_OLY_2028_001,VEN_STADIUM_12,ZONE_GATE_A1,2026-08-03 18:15,5571
EVT_OLY_2028_001,VEN_STADIUM_12,ZONE_GATE_A1,2026-08-03 18:20,5572
EVT_OLY_2028_001,VEN_STADIUM_12,ZONE_GATE_A1,2026-08-03 18:25,5573
EVT_OLY_2028_001,VEN_STADIUM_12,ZONE_GATE_A1,2026-08-03 18:30,5574
EVT_OLY_2028_001,VEN_STADIUM_12,ZONE_GATE_A1,2026-08-03 18:35,5575
EVT_OLY_2028_001,VEN_STADIUM_12,ZONE_GATE_A1,2026-08-03 18:40,5576
EVT_OLY_2028_001,VEN_STADIUM_12,ZONE_GATE_A1,2026-08-03 18:45,5577
EVT_OLY_2028_001,VEN_STADIUM_12,ZONE_GATE_A1,2026-08-03 18:50,5578
EVT_OLY_2028_001,VEN_STADIUM_12,ZONE_GATE_A1,2026-08-03 18:55,5579
EVT_OLY_2028_001,VEN_STADIUM_12,ZONE_GATE_A1,2026-08-03 19:00,5580
EVT_OLY_2028_001,VEN_STADIUM_12,ZONE_GATE_A1,2026-08-03 19:05,5581
EVT_OLY_2028_001,VEN_STADIUM_12,ZONE_GATE_A1,2026-08-03 19:10,5582
EVT_OLY_2028_001,VEN_STADIUM_12,ZONE_GATE_A1,2026-08-03 19:15,5583
EVT_OLY_2028_001,VEN_STADIUM_12,ZONE_GATE_A1,2026-08-03 19:20,5584
EVT_OLY_2028_001,VEN_STADIUM_12,ZONE_GATE_A1,2026-08-03 19:25,5585
EVT_OLY_2028_001,VEN_STADIUM_12,ZONE_GATE_A1,2026-08-03 19:30,5586
EVT_OLY_2028_001,VEN_STADIUM_12,ZONE_GATE_A1,2026-08-03 19:35,5587
EVT_OLY_2028_001,VEN_STADIUM_12,ZONE_GATE_A1,2026-08-03 19:40,5588
EVT_OLY_2028_001,VEN_STADIUM_12,ZONE_GATE_A1,2026-08-03 19:45,5589
EVT_OLY_2028_001,VEN_STADIUM_12,ZONE_GATE_A1,2026-08-03 19:50,5590
EVT_OLY_2028_001,VEN_STADIUM_12,ZONE_GATE_A1,2026-08-03 19:55,5591
EVT_OLY_2028_001,VEN_STADIUM_12,ZONE_GATE_A1,2026-08-03 20:00,5592
EVT_OLY_2028_001,VEN_STADIUM_12,ZONE_GATE_A1,2026-08-03 20:05,5593
EVT_OLY_2028_001,VEN_STADIUM_12,ZONE_GATE_A1,2026-08-03 20:10,5594
EVT_OLY_2028_001,VEN_STADIUM_12,ZONE_GATE_A1,2026-08-03 20:15,5595
EVT_OLY_2028_001,VEN_STADIUM_12,ZONE_GATE_A1,2026-08-03 20:20,5596
EVT_OLY_2028_001,VEN_STADIUM_12,ZONE_GATE_A1,2026-08-03 20:25,5597
EVT_OLY_2028_001,VEN_STADIUM_12,ZONE_GATE_A1,2026-08-03 20:30,5598
EVT_OLY_2028_001,VEN_STADIUM_12,ZONE_GATE_A1,2026-08-03 20:35,5599
EVT_OLY_2028_001,VEN_STADIUM_12,ZONE_GATE_A1,2026-08-03 20:40,5600
EVT_OLY_2028_001,VEN_STADIUM_12,ZONE_GATE_A1,2026-08-03 20:45,5601
EVT_OLY_2028_001,VEN_STADIUM_12,ZONE_GATE_A1,2026-08-03 20:50,5602
EVT_OLY_2028_001,VEN_STADIUM_12,ZONE_GATE_A1,2026-08-03 20:55,5603
EVT_OLY_2028_001,VEN_STADIUM_12,ZONE_GATE_A1,2026-08-03 21:00,5604
EVT_OLY_2028_001,VEN_STADIUM_12,ZONE_GATE_A1,2026-08-03 21:05,5605
EVT_OLY_2028_001,VEN_STADIUM_12,ZONE_GATE_A1,2026-08-03 21:10,5606
EVT_OLY_2028_001,VEN_STADIUM_12,ZONE_GATE_A1,2026-08-03 21:15,5607
EVT_OLY_2028_001,VEN_STADIUM_12,ZONE_GATE_A1,2026-08-03 21:20,5608
EVT_OLY_2028_001,VEN_STADIUM_12,ZONE_GATE_A1,2026-08-03 21:25,5609
EVT_OLY_2028_001,VEN_STADIUM_12,ZONE_GATE_A1,2026-08-03 21:30,5610
EVT_OLY_2028_001,VEN_STADIUM_12,ZONE_GATE_A1,2026-08-03 21:35,5611
EVT_OLY_2028_001,VEN_STADIUM_12,ZONE_GATE_A1,2026-08-03 21:40,5612
EVT_OLY_2028_001,VEN_STADIUM_12,ZONE_GATE_A1,2026-08-03 21:45,5613
EVT_OLY_2028_001,VEN_STADIUM_12,ZONE_GATE_A1,2026-08-03 21:50,5614
EVT_OLY_2028_001,VEN_STADIUM_12,ZONE_GATE_A1,2026-08-03 21:55,5615
EVT_OLY_2028_001,VEN_STADIUM_12,ZONE_GATE_A1,2026-08-03 22:00,5616
EVT_OLY_2028_001,VEN_STADIUM_12,ZONE_GATE_A1,2026-08-03 22:05,5617
EVT_OLY_2028_001,VEN_STADIUM_12,ZONE_GATE_A1,2026-08-03 22:10,5618
EVT_OLY_2028_001,VEN_STADIUM_12,ZONE_GATE_A1,2026-08-03 22:15,5619
EVT_OLY_2028_001,VEN_STADIUM_12,ZONE_GATE_A1,2026-08-03 22:20,5620
EVT_OLY_2028_001,VEN_STADIUM_12,ZONE_GATE_A1,2026-08-03 22:25,5621
EVT_OLY_2028_001,VEN_STADIUM_12,ZONE_GATE_A1,2026-08-03 22:30,5622
EVT_OLY_2028_001,VEN_STADIUM_12,ZONE_GATE_A1,2026-08-03 22:35,5623
EVT_OLY_2028_001,VEN_STADIUM_12,ZONE_GATE_A1,2026-08-03 22:40,5624
EVT_OLY_2028_001,VEN_STADIUM_12,ZONE_GATE_A1,2026-08-03 22:45,5625
EVT_OLY_2028_001,VEN_STADIUM_12,ZONE_GATE_A1,2026-08-03 22:50,5626
EVT_OLY_2028_001,VEN_STADIUM_12,ZONE_GATE_A1,2026-08-03 22:55,5627
EVT_OLY_2028_001,VEN_STADIUM_12,ZONE_GATE_A1,2026-08-03 23:00,5628
EVT_OLY_2028_001,VEN_STADIUM_12,ZONE_GATE_A1,2026-08-03 23:05,5629
EVT_OLY_2028_001,VEN_STADIUM_12,ZONE_GATE_A1,2026-08-03 23:10,5630
EVT_OLY_2028_001,VEN_STADIUM_12,ZONE_GATE_A1,2026-08-03 23:15,5631
EVT_OLY_2028_001,VEN_STADIUM_12,ZONE_GATE_A1,2026-08-03 23:20,5632
EVT_OLY_2028_001,VEN_STADIUM_12,ZONE_GATE_A1,2026-08-03 23:25,5633
EVT_OLY_2028_001,VEN_STADIUM_12,ZONE_GATE_A1,2026-08-03 23:30,5634
EVT_OLY_2028_001,VEN_STADIUM_12,ZONE_GATE_A1,2026-08-03 23:35,5635
EVT_OLY_2028_001,VEN_STADIUM_12,ZONE_GATE_A1,2026-08-03 23:40,5636
EVT_OLY_2028_001,VEN_STADIUM_12,ZONE_GATE_A1,2026-08-03 23:45,5637
EVT_OLY_2028_001,VEN_STADIUM_12,ZONE_GATE_A1,2026-08-03 23:50,5638
EVT_OLY_2028_001,VEN_STADIUM_12,ZONE_GATE_A1,2026-08-03 23:55,5639
EVT_OLY_2028_001,VEN_STADIUM_12,ZONE_GATE_A1,2026-08-04 00:00,5640
EVT_OLY_2028_001,VEN_STADIUM_12,ZONE_GATE_A1,2026-08-04 00:05,5641
EVT_OLY_2028_001,VEN_STADIUM_12,ZONE_GATE_A1,2026-08-04 00:10,5642
EVT_OLY_2028_001,VEN_STADIUM_12,ZONE_GATE_A1,2026-08-04 00:15,5643
EVT_OLY_2028_001,VEN_STADIUM_12,ZONE_GATE_A1,2026-08-04 00:20,5644
EVT_OLY_2028_001,VEN_STADIUM_12,ZONE_GATE_A1,2026-08-04 00:25,5645
EVT_OLY_2028_001,VEN_STADIUM_12,ZONE_GATE_A1,2026-08-04 00:30,5646
EVT_OLY_2028_001,VEN_STADIUM_12,ZONE_GATE_A1,2026-08-04 00:35,5647
EVT_OLY_2028_001,VEN_STADIUM_12,ZONE_GATE_A1,2026-08-04 00:40,5648
EVT_OLY_2028_001,VEN_STADIUM_12,ZONE_GATE_A1,2026-08-04 00:45,5649
EVT_OLY_2028_001,VEN_STADIUM_12,ZONE_GATE_A1,2026-08-04 00:50,5650
EVT_OLY_2028_001,VEN_STADIUM_12,ZONE_GATE_A1,2026-08-04 00:55,5651
EVT_OLY_2028_001,VEN_STADIUM_12,ZONE_GATE_A1,2026-08-04 01:00,5652
EVT_OLY_2028_001,VEN_STADIUM_12,ZONE_GATE_A1,2026-08-04 01:05,5653
EVT_OLY_2028_001,VEN_STADIUM_12,ZONE_GATE_A1,2026-08-04 01:10,5654
EVT_OLY_2028_001,VEN_STADIUM_12,ZONE_GATE_A1,2026-08-04 01:15,5655
EVT_OLY_2028_001,VEN_STADIUM_12,ZONE_GATE_A1,2026-08-04 01:20,5656
EVT_OLY_2028_001,VEN_STADIUM_12,ZONE_GATE_A1,2026-08-04 01:25,5657
EVT_OLY_2028_001,VEN_STADIUM_12,ZONE_GATE_A1,2026-08-04 01:30,5658
EVT_OLY_2028_001,VEN_STADIUM_12,ZONE_GATE_A1,2026-08-04 01:35,5659
EVT_OLY_2028_001,VEN_STADIUM_12,ZONE_GATE_A1,2026-08-04 01:40,5660
EVT_OLY_2028_001,VEN_STADIUM_12,ZONE_GATE_A1,2026-08-04 01:45,5661
EVT_OLY_2028_001,VEN_STADIUM_12,ZONE_GATE_A1,2026-08-04 01:50,5662
EVT_OLY_2028_001,VEN_STADIUM_12,ZONE_GATE_A1,2026-08-04 01:55,5663
EVT_OLY_2028_001,VEN_STADIUM_12,ZONE_GATE_A1,2026-08-04 02:00,5664
EVT_OLY_2028_001,VEN_STADIUM_12,ZONE_GATE_A1,2026-08-04 02:05,5665
EVT_OLY_2028_001,VEN_STADIUM_12,ZONE_GATE_A1,2026-08-04 02:10,5666
EVT_OLY_2028_001,VEN_STADIUM_12,ZONE_GATE_A1,2026-08-04 02:15,5667
EVT_OLY_2028_001,VEN_STADIUM_12,ZONE_GATE_A1,2026-08-04 02:20,5668
EVT_OLY_2028_001,VEN_STADIUM_12,ZONE_GATE_A1,2026-08-04 02:25,5669
EVT_OLY_2028_001,VEN_STADIUM_12,ZONE_GATE_A1,2026-08-04 02:30,5670
EVT_OLY_2028_001,VEN_STADIUM_12,ZONE_GATE_A1,2026-08-04 02:35,5671
EVT_OLY_2028_001,VEN_STADIUM_12,ZONE_GATE_A1,2026-08-04 02:40,5672
EVT_OLY_2028_001,VEN_STADIUM_12,ZONE_GATE_A1,2026-08-04 02:45,5673
EVT_OLY_2028_001,VEN_STADIUM_12,ZONE_GATE_A1,2026-08-04 02:50,5674
EVT_OLY_2028_001,VEN_STADIUM_12,ZONE_GATE_A1,2026-08-04 02:55,5675
EVT_OLY_2028_001,VEN_STADIUM_12,ZONE_GATE_A1,2026-08-04 03:00,5676
EVT_OLY_2028_001,VEN_STADIUM_12,ZONE_GATE_A1,2026-08-04 03:05,5677
EVT_OLY_2028_001,VEN_STADIUM_12,ZONE_GATE_A1,2026-08-04 03:10,5678
EVT_OLY_2028_001,VEN_STADIUM_12,ZONE_GATE_A1,2026-08-04 03:15,5679
EVT_OLY_2028_001,VEN_STADIUM_12,ZONE_GATE_A1,2026-08-04 03:20,5680
EVT_OLY_2028_001,VEN_STADIUM_12,ZONE_GATE_A1,2026-08-04 03:25,5681
EVT_OLY_2028_001,VEN_STADIUM_12,ZONE_GATE_A1,2026-08-04 03:30,5682
EVT_OLY_2028_001,VEN_STADIUM_12,ZONE_GATE_A1,2026-08-04 03:35,5683
EVT_OLY_2028_001,VEN_STADIUM_12,ZONE_GATE_A1,2026-08-04 03:40,5684
EVT_OLY_2028_001,VEN_STADIUM_12,ZONE_GATE_A1,2026-08-04 03:45,5685
EVT_OLY_2028_001,VEN_STADIUM_12,ZONE_GATE_A1,2026-08-04 03:50,5686
EVT_OLY_2028_001,VEN_STADIUM_12,ZONE_GATE_A1,2026-08-04 03:55,5687
EVT_OLY_2028_001,VEN_STADIUM_12,ZONE_GATE_A1,2026-08-04 04:00,5688
EVT_OLY_2028_001,VEN_STADIUM_12,ZONE_GATE_A1,2026-08-04 04:05,5689
EVT_OLY_2028_001,VEN_STADIUM_12,ZONE_GATE_A1,2026-08-04 04:10,5690
EVT_OLY_2028_001,VEN_STADIUM_12,ZONE_GATE_A1,2026-08-04 04:15,5691
EVT_OLY_2028_001,VEN_STADIUM_12,ZONE_GATE_A1,2026-08-04 04:20,5692
EVT_OLY_2028_001,VEN_STADIUM_12,ZONE_GATE_A1,2026-08-04 04:25,5693
EVT_OLY_2028_001,VEN_STADIUM_12,ZONE_GATE_A1,2026-08-04 04:30,5694
EVT_OLY_2028_001,VEN_STADIUM_12,ZONE_GATE_A1,2026-08-04 04:35,5695
EVT_OLY_2028_001,VEN_STADIUM_12,ZONE_GATE_A1,2026-08-04 04:40,5696
EVT_OLY_2028_001,VEN_STADIUM_12,ZONE_GATE_A1,2026-08-04 04:45,5697
EVT_OLY_2028_001,VEN_STADIUM_12,ZONE_GATE_A1,2026-08-04 04:50,5698
EVT_OLY_2028_001,VEN_STADIUM_12,ZONE_GATE_A1,2026-08-04 04:55,5699
EVT_OLY_2028_001,VEN_STADIUM_12,ZONE_GATE_A1,2026-08-04 05:00,5700
EVT_OLY_2028_001,VEN_STADIUM_12,ZONE_GATE_A1,2026-08-04 05:05,5701
EVT_OLY_2028_001,VEN_STADIUM_12,ZONE_GATE_A1,2026-08-04 05:10,5702
EVT_OLY_2028_001,VEN_STADIUM_12,ZONE_GATE_A1,2026-08-04 05:15,5703
EVT_OLY_2028_001,VEN_STADIUM_12,ZONE_GATE_A1,2026-08-04 05:20,5704
EVT_OLY_2028_001,VEN_STADIUM_12,ZONE_GATE_A1,2026-08-04 05:25,5705
EVT_OLY_2028_001,VEN_STADIUM_12,ZONE_GATE_A1,2026-08-04 05:30,5706
EVT_OLY_2028_001,VEN_STADIUM_12,ZONE_GATE_A1,2026-08-04 05:35,5707
EVT_OLY_2028_001,VEN_STADIUM_12,ZONE_GATE_A1,2026-08-04 05:40,5708
EVT_OLY_2028_001,VEN_STADIUM_12,ZONE_GATE_A1,2026-08-04 05:45,5709
EVT_OLY_2028_001,VEN_STADIUM_12,ZONE_GATE_A1,2026-08-04 05:50,5710
EVT_OLY_2028_001,VEN_STADIUM_12,ZONE_GATE_A1,2026-08-04 05:55,5711
EVT_OLY_2028_001,VEN_STADIUM_12,ZONE_GATE_A1,2026-08-04 06:00,5712
EVT_OLY_2028_001,VEN_STADIUM_12,ZONE_GATE_A1,2026-08-04 06:05,5713
EVT_OLY_2028_001,VEN_STADIUM_12,ZONE_GATE_A1,2026-08-04 06:10,5714
EVT_OLY_2028_001,VEN_STADIUM_12,ZONE_GATE_A1,2026-08-04 06:15,5715
EVT_OLY_2028_001,VEN_STADIUM_12,ZONE_GATE_A1,2026-08-04 06:20,5716
EVT_OLY_2028_001,VEN_STADIUM_12,ZONE_GATE_A1,2026-08-04 06:25,5717
EVT_OLY_2028_001,VEN_STADIUM_12,ZONE_GATE_A1,2026-08-04 06:30,5718
EVT_OLY_2028_001,VEN_STADIUM_12,ZONE_GATE_A1,2026-08-04 06:35,5719
EVT_OLY_2028_001,VEN_STADIUM_12,ZONE_GATE_A1,2026-08-04 06:40,5720
EVT_OLY_2028_001,VEN_STADIUM_12,ZONE_GATE_A1,2026-08-04 06:45,5721
EVT_OLY_2028_001,VEN_STADIUM_12,ZONE_GATE_A1,2026-08-04 06:50,5722
EVT_OLY_2028_001,VEN_STADIUM_12,ZONE_GATE_A1,2026-08-04 06:55,5723
EVT_OLY_2028_001,VEN_STADIUM_12,ZONE_GATE_A1,2026-08-04 07:00,5724
EVT_OLY_2028_001,VEN_STADIUM_12,ZONE_GATE_A1,2026-08-04 07:05,5725
EVT_OLY_2028_001,VEN_STADIUM_12,ZONE_GATE_A1,2026-08-04 07:10,5726
EVT_OLY_2028_001,VEN_STADIUM_12,ZONE_GATE_A1,2026-08-04 07:15,5727
EVT_OLY_2028_001,VEN_STADIUM_12,ZONE_GATE_A1,2026-08-04 07:20,5728
EVT_OLY_2028_001,VEN_STADIUM_12,ZONE_GATE_A1,2026-08-04 07:25,5729
EVT_OLY_2028_001,VEN_STADIUM_12,ZONE_GATE_A1,2026-08-04 07:30,5730
EVT_OLY_2028_001,VEN_STADIUM_12,ZONE_GATE_A1,2026-08-04 07:35,5731
EVT_OLY_2028_001,VEN_STADIUM_12,ZONE_GATE_A1,2026-08-04 07:40,5732
EVT_OLY_2028_001,VEN_STADIUM_12,ZONE_GATE_A1,2026-08-04 07:45,5733
EVT_OLY_2028_001,VEN_STADIUM_12,ZONE_GATE_A1,2026-08-04 07:50,5734
EVT_OLY_2028_001,VEN_STADIUM_12,ZONE_GATE_A1,2026-08-04 07:55,5735
EVT_OLY_2028_001,VEN_STADIUM_12,ZONE_GATE_A1,2026-08-04 08:00,5736
EVT_OLY_2028_001,VEN_STADIUM_12,ZONE_GATE_A1,2026-08-04 08:05,5737
EVT_OLY_2028_001,VEN_STADIUM_12,ZONE_GATE_A1,2026-08-04 08:10,5738
EVT_OLY_2028_001,VEN_STADIUM_12,ZONE_GATE_A1,2026-08-04 08:15,5739
EVT_OLY_2028_001,VEN_STADIUM_12,ZONE_GATE_A1,2026-08-04 08:20,5740
EVT_OLY_2028_001,VEN_STADIUM_12,ZONE_GATE_A1,2026-08-04 08:25,5741
EVT_OLY_2028_001,VEN_STADIUM_12,ZONE_GATE_A1,2026-08-04 08:30,5742
EVT_OLY_2028_001,VEN_STADIUM_12,ZONE_GATE_A1,2026-08-04 08:35,5743
EVT_OLY_2028_001,VEN_STADIUM_12,ZONE_GATE_A1,2026-08-04 08:40,5744
EVT_OLY_2028_001,VEN_STADIUM_12,ZONE_GATE_A1,2026-08-04 08:45,5745
EVT_OLY_2028_001,VEN_STADIUM_12,ZONE_GATE_A1,2026-08-04 08:50,5746
EVT_OLY_2028_001,VEN_STADIUM_12,ZONE_GATE_A1,2026-08-04 08:55,5747
EVT_OLY_2028_001,VEN_STADIUM_12,ZONE_GATE_A1,2026-08-04 09:00,5748
EVT_OLY_2028_001,VEN_STADIUM_12,ZONE_GATE_A1,2026-08-04 09:05,5749
EVT_OLY_2028_001,VEN_STADIUM_12,ZONE_GATE_A1,2026-08-04 09:10,5750
EVT_OLY_2028_001,VEN_STADIUM_12,ZONE_GATE_A1,2026-08-04 09:15,5751
EVT_OLY_2028_001,VEN_STADIUM_12,ZONE_GATE_A1,2026-08-04 09:20,5752
EVT_OLY_2028_001,VEN_STADIUM_12,ZONE_GATE_A1,2026-08-04 09:25,5753
EVT_OLY_2028_001,VEN_STADIUM_12,ZONE_GATE_A1,2026-08-04 09:30,5754
EVT_OLY_2028_001,VEN_STADIUM_12,ZONE_GATE_A1,2026-08-04 09:35,5755
EVT_OLY_2028_001,VEN_STADIUM_12,ZONE_GATE_A1,2026-08-04 09:40,5756
EVT_OLY_2028_001,VEN_STADIUM_12,ZONE_GATE_A1,2026-08-04 09:45,5757
EVT_OLY_2028_001,VEN_STADIUM_12,ZONE_GATE_A1,2026-08-04 09:50,5758
EVT_OLY_2028_001,VEN_STADIUM_12,ZONE_GATE_A1,2026-08-04 09:55,5759
EVT_OLY_2028_001,VEN_STADIUM_12,ZONE_GATE_A1,2026-08-04 10:00,5760
EVT_OLY_2028_001,VEN_STADIUM_12,ZONE_GATE_A1,2026-08-04 10:05,5761
EVT_OLY_2028_001,VEN_STADIUM_12,ZONE_GATE_A1,2026-08-04 10:10,5762
EVT_OLY_2028_001,VEN_STADIUM_12,ZONE_GATE_A1,2026-08-04 10:15,5763
EVT_OLY_2028_001,VEN_STADIUM_12,ZONE_GATE_A1,2026-08-04 10:20,5764
EVT_OLY_2028_001,VEN_STADIUM_12,ZONE_GATE_A1,2026-08-04 10:25,5765
EVT_OLY_2028_001,VEN_STADIUM_12,ZONE_GATE_A1,2026-08-04 10:30,5766
EVT_OLY_2028_001,VEN_STADIUM_12,ZONE_GATE_A1,2026-08-04 10:35,5767
EVT_OLY_2028_001,VEN_STADIUM_12,ZONE_GATE_A1,2026-08-04 10:40,5768
EVT_OLY_2028_001,VEN_STADIUM_12,ZONE_GATE_A1,2026-08-04 10:45,5769
EVT_OLY_2028_001,VEN_STADIUM_12,ZONE_GATE_A1,2026-08-04 10:50,5770
EVT_OLY_2028_001,VEN_STADIUM_12,ZONE_GATE_A1,2026-08-04 10:55,5771
EVT_OLY_2028_001,VEN_STADIUM_12,ZONE_GATE_A1,2026-08-04 11:00,5772
EVT_OLY_2028_001,VEN_STADIUM_12,ZONE_GATE_A1,2026-08-04 11:05,5773
EVT_OLY_2028_001,VEN_STADIUM_12,ZONE_GATE_A1,2026-08-04 11:10,5774
EVT_OLY_2028_001,VEN_STADIUM_12,ZONE_GATE_A1,2026-08-04 11:15,5775
EVT_OLY_2028_001,VEN_STADIUM_12,ZONE_GATE_A1,2026-08-04 11:20,5776
EVT_OLY_2028_001,VEN_STADIUM_12,ZONE_GATE_A1,2026-08-04 11:25,5777
EVT_OLY_2028_001,VEN_STADIUM_12,ZONE_GATE_A1,2026-08-04 11:30,5778
EVT_OLY_2028_001,VEN_STADIUM_12,ZONE_GATE_A1,2026-08-04 11:35,5779
EVT_OLY_2028_001,VEN_STADIUM_12,ZONE_GATE_A1,2026-08-04 11:40,5780
EVT_OLY_2028_001,VEN_STADIUM_12,ZONE_GATE_A1,2026-08-04 11:45,5781
EVT_OLY_2028_001,VEN_STADIUM_12,ZONE_GATE_A1,2026-08-04 11:50,5782
EVT_OLY_2028_001,VEN_STADIUM_12,ZONE_GATE_A1,2026-08-04 11:55,5783
EVT_OLY_2028_001,VEN_STADIUM_12,ZONE_GATE_A1,2026-08-04 12:00,5784
EVT_OLY_2028_001,VEN_STADIUM_12,ZONE_GATE_A1,2026-08-04 12:05,5785
EVT_OLY_2028_001,VEN_STADIUM_12,ZONE_GATE_A1,2026-08-04 12:10,5786
EVT_OLY_2028_001,VEN_STADIUM_12,ZONE_GATE_A1,2026-08-04 12:15,5787
EVT_OLY_2028_001,VEN_STADIUM_12,ZONE_GATE_A1,2026-08-04 12:20,5788
EVT_OLY_2028_001,VEN_STADIUM_12,ZONE_GATE_A1,2026-08-04 12:25,5789
EVT_OLY_2028_001,VEN_STADIUM_12,ZONE_GATE_A1,2026-08-04 12:30,5790
EVT_OLY_2028_001,VEN_STADIUM_12,ZONE_GATE_A1,2026-08-04 12:35,5791
EVT_OLY_2028_001,VEN_STADIUM_12,ZONE_GATE_A1,2026-08-04 12:40,5792
EVT_OLY_2028_001,VEN_STADIUM_12,ZONE_GATE_A1,2026-08-04 12:45,5793
EVT_OLY_2028_001,VEN_STADIUM_12,ZONE_GATE_A1,2026-08-04 12:50,5794
EVT_OLY_2028_001,VEN_STADIUM_12,ZONE_GATE_A1,2026-08-04 12:55,5795
EVT_OLY_2028_001,VEN_STADIUM_12,ZONE_GATE_A1,2026-08-04 13:00,5796
EVT_OLY_2028_001,VEN_STADIUM_12,ZONE_GATE_A1,2026-08-04 13:05,5797
EVT_OLY_2028_001,VEN_STADIUM_12,ZONE_GATE_A1,2026-08-04 13:10,5798
EVT_OLY_2028_001,VEN_STADIUM_12,ZONE_GATE_A1,2026-08-04 13:15,5799
EVT_OLY_2028_001,VEN_STADIUM_12,ZONE_GATE_A1,2026-08-04 13:20,5800
EVT_OLY_2028_001,VEN_STADIUM_12,ZONE_GATE_A1,2026-08-04 13:25,5801
EVT_OLY_2028_001,VEN_STADIUM_12,ZONE_GATE_A1,2026-08-04 13:30,5802
EVT_OLY_2028_001,VEN_STADIUM_12,ZONE_GATE_A1,2026-08-04 13:35,5803
EVT_OLY_2028_001,VEN_STADIUM_12,ZONE_GATE_A1,2026-08-04 13:40,5804
EVT_OLY_2028_001,VEN_STADIUM_12,ZONE_GATE_A1,2026-08-04 13:45,5805
EVT_OLY_2028_001,VEN_STADIUM_12,ZONE_GATE_A1,2026-08-04 13:50,5806
EVT_OLY_2028_001,VEN_STADIUM_12,ZONE_GATE_A1,2026-08-04 13:55,5807
EVT_OLY_2028_001,VEN_STADIUM_12,ZONE_GATE_A1,2026-08-04 14:00,5808
EVT_OLY_2028_001,VEN_STADIUM_12,ZONE_GATE_A1,2026-08-04 14:05,5809
EVT_OLY_2028_001,VEN_STADIUM_12,ZONE_GATE_A1,2026-08-04 14:10,5810
EVT_OLY_2028_001,VEN_STADIUM_12,ZONE_GATE_A1,2026-08-04 14:15,5811
EVT_OLY_2028_001,VEN_STADIUM_12,ZONE_GATE_A1,2026-08-04 14:20,5812
EVT_OLY_2028_001,VEN_STADIUM_12,ZONE_GATE_A1,2026-08-04 14:25,5813
EVT_OLY_2028_001,VEN_STADIUM_12,ZONE_GATE_A1,2026-08-04 14:30,5814
EVT_OLY_2028_001,VEN_STADIUM_12,ZONE_GATE_A1,2026-08-04 14:35,5815
EVT_OLY_2028_001,VEN_STADIUM_12,ZONE_GATE_A1,2026-08-04 14:40,5816
EVT_OLY_2028_001,VEN_STADIUM_12,ZONE_GATE_A1,2026-08-04 14:45,5817
EVT_OLY_2028_001,VEN_STADIUM_12,ZONE_GATE_A1,2026-08-04 14:50,5818
EVT_OLY_2028_001,VEN_STADIUM_12,ZONE_GATE_A1,2026-08-04 14:55,5819
EVT_OLY_2028_001,VEN_STADIUM_12,ZONE_GATE_A1,2026-08-04 15:00,5820
EVT_OLY_2028_001,VEN_STADIUM_12,ZONE_GATE_A1,2026-08-04 15:05,5821
EVT_OLY_2028_001,VEN_STADIUM_12,ZONE_GATE_A1,2026-08-04 15:10,5822
EVT_OLY_2028_001,VEN_STADIUM_12,ZONE_GATE_A1,2026-08-04 15:15,5823
EVT_OLY_2028_001,VEN_STADIUM_12,ZONE_GATE_A1,2026-08-04 15:20,5824
EVT_OLY_2028_001,VEN_STADIUM_12,ZONE_GATE_A1,2026-08-04 15:25,5825
EVT_OLY_2028_001,VEN_STADIUM_12,ZONE_GATE_A1,2026-08-04 15:30,5826
EVT_OLY_2028_001,VEN_STADIUM_12,ZONE_GATE_A1,2026-08-04 15:35,5827
EVT_OLY_2028_001,VEN_STADIUM_12,ZONE_GATE_A1,2026-08-04 15:40,5828
EVT_OLY_2028_001,VEN_STADIUM_12,ZONE_GATE_A1,2026-08-04 15:45,5829
EVT_OLY_2028_001,VEN_STADIUM_12,ZONE_GATE_A1,2026-08-04 15:50,5830
EVT_OLY_2028_001,VEN_STADIUM_12,ZONE_GATE_A1,2026-08-04 15:55,5831
EVT_OLY_2028_001,VEN_STADIUM_12,ZONE_GATE_A1,2026-08-04 16:00,5832
EVT_OLY_2028_001,VEN_STADIUM_12,ZONE_GATE_A1,2026-08-04 16:05,5833
EVT_OLY_2028_001,VEN_STADIUM_12,ZONE_GATE_A1,2026-08-04 16:10,5834
EVT_OLY_2028_001,VEN_STADIUM_12,ZONE_GATE_A1,2026-08-04 16:15,5835
EVT_OLY_2028_001,VEN_STADIUM_12,ZONE_GATE_A1,2026-08-04 16:20,5836
EVT_OLY_2028_001,VEN_STADIUM_12,ZONE_GATE_A1,2026-08-04 16:25,5837
EVT_OLY_2028_001,VEN_STADIUM_12,ZONE_GATE_A1,2026-08-04 16:30,5838
EVT_OLY_2028_001,VEN_STADIUM_12,ZONE_GATE_A1,2026-08-04 16:35,5839
EVT_OLY_2028_001,VEN_STADIUM_12,ZONE_GATE_A1,2026-08-04 16:40,5840
EVT_OLY_2028_001,VEN_STADIUM_12,ZONE_GATE_A1,2026-08-04 16:45,5841
EVT_OLY_2028_001,VEN_STADIUM_12,ZONE_GATE_A1,2026-08-04 16:50,5842
EVT_OLY_2028_001,VEN_STADIUM_12,ZONE_GATE_A1,2026-08-04 16:55,5843
EVT_OLY_2028_001,VEN_STADIUM_12,ZONE_GATE_A1,2026-08-04 17:00,5844
EVT_OLY_2028_001,VEN_STADIUM_12,ZONE_GATE_A1,2026-08-04 17:05,5845
EVT_OLY_2028_001,VEN_STADIUM_12,ZONE_GATE_A1,2026-08-04 17:10,5846
EVT_OLY_2028_001,VEN_STADIUM_12,ZONE_GATE_A1,2026-08-04 17:15,5847
EVT_OLY_2028_001,VEN_STADIUM_12,ZONE_GATE_A1,2026-08-04 17:20,5848
EVT_OLY_2028_001,VEN_STADIUM_12,ZONE_GATE_A1,2026-08-04 17:25,5849
EVT_OLY_2028_001,VEN_STADIUM_12,ZONE_GATE_A1,2026-08-04 17:30,5850
EVT_OLY_2028_001,VEN_STADIUM_12,ZONE_GATE_A1,2026-08-04 17:35,5851
EVT_OLY_2028_001,VEN_STADIUM_12,ZONE_GATE_A1,2026-08-04 17:40,5852
EVT_OLY_2028_001,VEN_STADIUM_12,ZONE_GATE_A1,2026-08-04 17:45,5853
EVT_OLY_2028_001,VEN_STADIUM_12,ZONE_GATE_A1,2026-08-04 17:50,5854
EVT_OLY_2028_001,VEN_STADIUM_12,ZONE_GATE_A1,2026-08-04 17:55,5855
EVT_OLY_2028_001,VEN_STADIUM_12,ZONE_GATE_A1,2026-08-04 18:00,5856
EVT_OLY_2028_001,VEN_STADIUM_12,ZONE_GATE_A1,2026-08-04 18:05,5857
EVT_OLY_2028_001,VEN_STADIUM_12,ZONE_GATE_A1,2026-08-04 18:10,5858
EVT_OLY_2028_001,VEN_STADIUM_12,ZONE_GATE_A1,2026-08-04 18:15,5859
EVT_OLY_2028_001,VEN_STADIUM_12,ZONE_GATE_A1,2026-08-04 18:20,5860
EVT_OLY_2028_001,VEN_STADIUM_12,ZONE_GATE_A1,2026-08-04 18:25,5861
EVT_OLY_2028_001,VEN_STADIUM_12,ZONE_GATE_A1,2026-08-04 18:30,5862
EVT_OLY_2028_001,VEN_STADIUM_12,ZONE_GATE_A1,2026-08-04 18:35,5863
EVT_OLY_2028_001,VEN_STADIUM_12,ZONE_GATE_A1,2026-08-04 18:40,5864
EVT_OLY_2028_001,VEN_STADIUM_12,ZONE_GATE_A1,2026-08-04 18:45,5865
EVT_OLY_2028_001,VEN_STADIUM_12,ZONE_GATE_A1,2026-08-04 18:50,5866
EVT_OLY_2028_001,VEN_STADIUM_12,ZONE_GATE_A1,2026-08-04 18:55,5867
EVT_OLY_2028_001,VEN_STADIUM_12,ZONE_GATE_A1,2026-08-04 19:00,5868
EVT_OLY_2028_001,VEN_STADIUM_12,ZONE_GATE_A1,2026-08-04 19:05,5869
EVT_OLY_2028_001,VEN_STADIUM_12,ZONE_GATE_A1,2026-08-04 19:10,5870
EVT_OLY_2028_001,VEN_STADIUM_12,ZONE_GATE_A1,2026-08-04 19:15,5871
EVT_OLY_2028_001,VEN_STADIUM_12,ZONE_GATE_A1,2026-08-04 19:20,5872
EVT_OLY_2028_001,VEN_STADIUM_12,ZONE_GATE_A1,2026-08-04 19:25,5873
EVT_OLY_2028_001,VEN_STADIUM_12,ZONE_GATE_A1,2026-08-04 19:30,5874
EVT_OLY_2028_001,VEN_STADIUM_12,ZONE_GATE_A1,2026-08-04 19:35,5875
EVT_OLY_2028_001,VEN_STADIUM_12,ZONE_GATE_A1,2026-08-04 19:40,5876
EVT_OLY_2028_001,VEN_STADIUM_12,ZONE_GATE_A1,2026-08-04 19:45,5877
EVT_OLY_2028_001,VEN_STADIUM_12,ZONE_GATE_A1,2026-08-04 19:50,5878
EVT_OLY_2028_001,VEN_STADIUM_12,ZONE_GATE_A1,2026-08-04 19:55,5879
EVT_OLY_2028_001,VEN_STADIUM_12,ZONE_GATE_A1,2026-08-04 20:00,5880
EVT_OLY_2028_001,VEN_STADIUM_12,ZONE_GATE_A1,2026-08-04 20:05,5881
EVT_OLY_2028_001,VEN_STADIUM_12,ZONE_GATE_A1,2026-08-04 20:10,5882
EVT_OLY_2028_001,VEN_STADIUM_12,ZONE_GATE_A1,2026-08-04 20:15,5883
EVT_OLY_2028_001,VEN_STADIUM_12,ZONE_GATE_A1,2026-08-04 20:20,5884
EVT_OLY_2028_001,VEN_STADIUM_12,ZONE_GATE_A1,2026-08-04 20:25,5885
EVT_OLY_2028_001,VEN_STADIUM_12,ZONE_GATE_A1,2026-08-04 20:30,5886
EVT_OLY_2028_001,VEN_STADIUM_12,ZONE_GATE_A1,2026-08-04 20:35,5887
EVT_OLY_2028_001,VEN_STADIUM_12,ZONE_GATE_A1,2026-08-04 20:40,5888
EVT_OLY_2028_001,VEN_STADIUM_12,ZONE_GATE_A1,2026-08-04 20:45,5889
EVT_OLY_2028_001,VEN_STADIUM_12,ZONE_GATE_A1,2026-08-04 20:50,5890
EVT_OLY_2028_001,VEN_STADIUM_12,ZONE_GATE_A1,2026-08-04 20:55,5891
EVT_OLY_2028_001,VEN_STADIUM_12,ZONE_GATE_A1,2026-08-04 21:00,5892
EVT_OLY_2028_001,VEN_STADIUM_12,ZONE_GATE_A1,2026-08-04 21:05,5893
EVT_OLY_2028_001,VEN_STADIUM_12,ZONE_GATE_A1,2026-08-04 21:10,5894
EVT_OLY_2028_001,VEN_STADIUM_12,ZONE_GATE_A1,2026-08-04 21:15,5895
EVT_OLY_2028_001,VEN_STADIUM_12,ZONE_GATE_A1,2026-08-04 21:20,5896
EVT_OLY_2028_001,VEN_STADIUM_12,ZONE_GATE_A1,2026-08-04 21:25,5897
EVT_OLY_2028_001,VEN_STADIUM_12,ZONE_GATE_A1,2026-08-04 21:30,5898
EVT_OLY_2028_001,VEN_STADIUM_12,ZONE_GATE_A1,2026-08-04 21:35,5899
EVT_OLY_2028_001,VEN_STADIUM_12,ZONE_GATE_A1,2026-08-04 21:40,5900
EVT_OLY_2028_001,VEN_STADIUM_12,ZONE_GATE_A1,2026-08-04 21:45,5901
EVT_OLY_2028_001,VEN_STADIUM_12,ZONE_GATE_A1,2026-08-04 21:50,5902
EVT_OLY_2028_001,VEN_STADIUM_12,ZONE_GATE_A1,2026-08-04 21:55,5903
EVT_OLY_2028_001,VEN_STADIUM_12,ZONE_GATE_A1,2026-08-04 22:00,5904
EVT_OLY_2028_001,VEN_STADIUM_12,ZONE_GATE_A1,2026-08-04 22:05,5905
EVT_OLY_2028_001,VEN_STADIUM_12,ZONE_GATE_A1,2026-08-04 22:10,5906
EVT_OLY_2028_001,VEN_STADIUM_12,ZONE_GATE_A1,2026-08-04 22:15,5907
EVT_OLY_2028_001,VEN_STADIUM_12,ZONE_GATE_A1,2026-08-04 22:20,5908
EVT_OLY_2028_001,VEN_STADIUM_12,ZONE_GATE_A1,2026-08-04 22:25,5909
EVT_OLY_2028_001,VEN_STADIUM_12,ZONE_GATE_A1,2026-08-04 22:30,5910
EVT_OLY_2028_001,VEN_STADIUM_12,ZONE_GATE_A1,2026-08-04 22:35,5911
EVT_OLY_2028_001,VEN_STADIUM_12,ZONE_GATE_A1,2026-08-04 22:40,5912
EVT_OLY_2028_001,VEN_STADIUM_12,ZONE_GATE_A1,2026-08-04 22:45,5913
EVT_OLY_2028_001,VEN_STADIUM_12,ZONE_GATE_A1,2026-08-04 22:50,5914
EVT_OLY_2028_001,VEN_STADIUM_12,ZONE_GATE_A1,2026-08-04 22:55,5915
EVT_OLY_2028_001,VEN_STADIUM_12,ZONE_GATE_A1,2026-08-04 23:00,5916
EVT_OLY_2028_001,VEN_STADIUM_12,ZONE_GATE_A1,2026-08-04 23:05,5917
EVT_OLY_2028_001,VEN_STADIUM_12,ZONE_GATE_A1,2026-08-04 23:10,5918
EVT_OLY_2028_001,VEN_STADIUM_12,ZONE_GATE_A1,2026-08-04 23:15,5919
EVT_OLY_2028_001,VEN_STADIUM_12,ZONE_GATE_A1,2026-08-04 23:20,5920
EVT_OLY_2028_001,VEN_STADIUM_12,ZONE_GATE_A1,2026-08-04 23:25,5921
EVT_OLY_2028_001,VEN_STADIUM_12,ZONE_GATE_A1,2026-08-04 23:30,5922
EVT_OLY_2028_001,VEN_STADIUM_12,ZONE_GATE_A1,2026-08-04 23:35,5923
EVT_OLY_2028_001,VEN_STADIUM_12,ZONE_GATE_A1,2026-08-04 23:40,5924
EVT_OLY_2028_001,VEN_STADIUM_12,ZONE_GATE_A1,2026-08-04 23:45,5925
EVT_OLY_2028_001,VEN_STADIUM_12,ZONE_GATE_A1,2026-08-04 23:50,5926
EVT_OLY_2028_001,VEN_STADIUM_12,ZONE_GATE_A1,2026-08-04 23:55,5927
EVT_OLY_2028_001,VEN_STADIUM_12,ZONE_GATE_A1,2026-08-05 00:00,5928
EVT_OLY_2028_001,VEN_STADIUM_12,ZONE_GATE_A1,2026-08-05 00:05,5929
EVT_OLY_2028_001,VEN_STADIUM_12,ZONE_GATE_A1,2026-08-05 00:10,5930
EVT_OLY_2028_001,VEN_STADIUM_12,ZONE_GATE_A1,2026-08-05 00:15,5931
EVT_OLY_2028_001,VEN_STADIUM_12,ZONE_GATE_A1,2026-08-05 00:20,5932
EVT_OLY_2028_001,VEN_STADIUM_12,ZONE_GATE_A1,2026-08-05 00:25,5933
EVT_OLY_2028_001,VEN_STADIUM_12,ZONE_GATE_A1,2026-08-05 00:30,5934
EVT_OLY_2028_001,VEN_STADIUM_12,ZONE_GATE_A1,2026-08-05 00:35,5935
EVT_OLY_2028_001,VEN_STADIUM_12,ZONE_GATE_A1,2026-08-05 00:40,5936
EVT_OLY_2028_001,VEN_STADIUM_12,ZONE_GATE_A1,2026-08-05 00:45,5937
EVT_OLY_2028_001,VEN_STADIUM_12,ZONE_GATE_A1,2026-08-05 00:50,5938
EVT_OLY_2028_001,VEN_STADIUM_12,ZONE_GATE_A1,2026-08-05 00:55,5939
EVT_OLY_2028_001,VEN_STADIUM_12,ZONE_GATE_A1,2026-08-05 01:00,5940
EVT_OLY_2028_001,VEN_STADIUM_12,ZONE_GATE_A1,2026-08-05 01:05,5941
EVT_OLY_2028_001,VEN_STADIUM_12,ZONE_GATE_A1,2026-08-05 01:10,5942
EVT_OLY_2028_001,VEN_STADIUM_12,ZONE_GATE_A1,2026-08-05 01:15,5943
EVT_OLY_2028_001,VEN_STADIUM_12,ZONE_GATE_A1,2026-08-05 01:20,5944
EVT_OLY_2028_001,VEN_STADIUM_12,ZONE_GATE_A1,2026-08-05 01:25,5945
EVT_OLY_2028_001,VEN_STADIUM_12,ZONE_GATE_A1,2026-08-05 01:30,5946
EVT_OLY_2028_001,VEN_STADIUM_12,ZONE_GATE_A1,2026-08-05 01:35,5947
EVT_OLY_2028_001,VEN_STADIUM_12,ZONE_GATE_A1,2026-08-05 01:40,5948
EVT_OLY_2028_001,VEN_STADIUM_12,ZONE_GATE_A1,2026-08-05 01:45,5949
EVT_OLY_2028_001,VEN_STADIUM_12,ZONE_GATE_A1,2026-08-05 01:50,5950
EVT_OLY_2028_001,VEN_STADIUM_12,ZONE_GATE_A1,2026-08-05 01:55,5951
EVT_OLY_2028_001,VEN_STADIUM_12,ZONE_GATE_A1,2026-08-05 02:00,5952
EVT_OLY_2028_001,VEN_STADIUM_12,ZONE_GATE_A1,2026-08-05 02:05,5953
EVT_OLY_2028_001,VEN_STADIUM_12,ZONE_GATE_A1,2026-08-05 02:10,5954
EVT_OLY_2028_001,VEN_STADIUM_12,ZONE_GATE_A1,2026-08-05 02:15,5955
EVT_OLY_2028_001,VEN_STADIUM_12,ZONE_GATE_A1,2026-08-05 02:20,5956
EVT_OLY_2028_001,VEN_STADIUM_12,ZONE_GATE_A1,2026-08-05 02:25,5957
EVT_OLY_2028_001,VEN_STADIUM_12,ZONE_GATE_A1,2026-08-05 02:30,5958
EVT_OLY_2028_001,VEN_STADIUM_12,ZONE_GATE_A1,2026-08-05 02:35,5959
EVT_OLY_2028_001,VEN_STADIUM_12,ZONE_GATE_A1,2026-08-05 02:40,5960
EVT_OLY_2028_001,VEN_STADIUM_12,ZONE_GATE_A1,2026-08-05 02:45,5961
EVT_OLY_2028_001,VEN_STADIUM_12,ZONE_GATE_A1,2026-08-05 02:50,5962
EVT_OLY_2028_001,VEN_STADIUM_12,ZONE_GATE_A1,2026-08-05 02:55,5963
EVT_OLY_2028_001,VEN_STADIUM_12,ZONE_GATE_A1,2026-08-05 03:00,5964
EVT_OLY_2028_001,VEN_STADIUM_12,ZONE_GATE_A1,2026-08-05 03:05,5965
EVT_OLY_2028_001,VEN_STADIUM_12,ZONE_GATE_A1,2026-08-05 03:10,5966
EVT_OLY_2028_001,VEN_STADIUM_12,ZONE_GATE_A1,2026-08-05 03:15,5967
EVT_OLY_2028_001,VEN_STADIUM_12,ZONE_GATE_A1,2026-08-05 03:20,5968
EVT_OLY_2028_001,VEN_STADIUM_12,ZONE_GATE_A1,2026-08-05 03:25,5969
EVT_OLY_2028_001,VEN_STADIUM_12,ZONE_GATE_A1,2026-08-05 03:30,5970
EVT_OLY_2028_001,VEN_STADIUM_12,ZONE_GATE_A1,2026-08-05 03:35,5971
EVT_OLY_2028_001,VEN_STADIUM_12,ZONE_GATE_A1,2026-08-05 03:40,5972
EVT_OLY_2028_001,VEN_STADIUM_12,ZONE_GATE_A1,2026-08-05 03:45,5973
EVT_OLY_2028_001,VEN_STADIUM_12,ZONE_GATE_A1,2026-08-05 03:50,5974
EVT_OLY_2028_001,VEN_STADIUM_12,ZONE_GATE_A1,2026-08-05 03:55,5975
EVT_OLY_2028_001,VEN_STADIUM_12,ZONE_GATE_A1,2026-08-05 04:00,5976
EVT_OLY_2028_001,VEN_STADIUM_12,ZONE_GATE_A1,2026-08-05 04:05,5977
EVT_OLY_2028_001,VEN_STADIUM_12,ZONE_GATE_A1,2026-08-05 04:10,5978
EVT_OLY_2028_001,VEN_STADIUM_12,ZONE_GATE_A1,2026-08-05 04:15,5979
EVT_OLY_2028_001,VEN_STADIUM_12,ZONE_GATE_A1,2026-08-05 04:20,5980
EVT_OLY_2028_001,VEN_STADIUM_12,ZONE_GATE_A1,2026-08-05 04:25,5981
EVT_OLY_2028_001,VEN_STADIUM_12,ZONE_GATE_A1,2026-08-05 04:30,5982
EVT_OLY_2028_001,VEN_STADIUM_12,ZONE_GATE_A1,2026-08-05 04:35,5983
EVT_OLY_2028_001,VEN_STADIUM_12,ZONE_GATE_A1,2026-08-05 04:40,5984
EVT_OLY_2028_001,VEN_STADIUM_12,ZONE_GATE_A1,2026-08-05 04:45,5985
EVT_OLY_2028_001,VEN_STADIUM_12,ZONE_GATE_A1,2026-08-05 04:50,5986
EVT_OLY_2028_001,VEN_STADIUM_12,ZONE_GATE_A1,2026-08-05 04:55,5987
EVT_OLY_2028_001,VEN_STADIUM_12,ZONE_GATE_A1,2026-08-05 05:00,5988
EVT_OLY_2028_001,VEN_STADIUM_12,ZONE_GATE_A1,2026-08-05 05:05,5989
EVT_OLY_2028_001,VEN_STADIUM_12,ZONE_GATE_A1,2026-08-05 05:10,5990
EVT_OLY_2028_001,VEN_STADIUM_12,ZONE_GATE_A1,2026-08-05 05:15,5991
EVT_OLY_2028_001,VEN_STADIUM_12,ZONE_GATE_A1,2026-08-05 05:20,5992
EVT_OLY_2028_001,VEN_STADIUM_12,ZONE_GATE_A1,2026-08-05 05:25,5993
EVT_OLY_2028_001,VEN_STADIUM_12,ZONE_GATE_A1,2026-08-05 05:30,5994
EVT_OLY_2028_001,VEN_STADIUM_12,ZONE_GATE_A1,2026-08-05 05:35,5995
EVT_OLY_2028_001,VEN_STADIUM_12,ZONE_GATE_A1,2026-08-05 05:40,5996
EVT_OLY_2028_001,VEN_STADIUM_12,ZONE_GATE_A1,2026-08-05 05:45,5997
EVT_OLY_2028_001,VEN_STADIUM_12,ZONE_GATE_A1,2026-08-05 05:50,5998
EVT_OLY_2028_001,VEN_STADIUM_12,ZONE_GATE_A1,2026-08-05 05:55,5999
EVT_OLY_2028_001,VEN_STADIUM_12,ZONE_GATE_A1,2026-08-05 06:00,6000
EVT_OLY_2028_001,VEN_STADIUM_12,ZONE_GATE_A1,2026-08-05 06:05,6001
EVT_OLY_2028_001,VEN_STADIUM_12,ZONE_GATE_A1,2026-08-05 06:10,6002
EVT_OLY_2028_001,VEN_STADIUM_12,ZONE_GATE_A1,2026-08-05 06:15,6003
EVT_OLY_2028_001,VEN_STADIUM_12,ZONE_GATE_A1,2026-08-05 06:20,6004
EVT_OLY_2028_001,VEN_STADIUM_12,ZONE_GATE_A1,2026-08-05 06:25,6005
EVT_OLY_2028_001,VEN_STADIUM_12,ZONE_GATE_A1,2026-08-05 06:30,6006
EVT_OLY_2028_001,VEN_STADIUM_12,ZONE_GATE_A1,2026-08-05 06:35,6007
EVT_OLY_2028_001,VEN_STADIUM_12,ZONE_GATE_A1,2026-08-05 06:40,6008
EVT_OLY_2028_001,VEN_STADIUM_12,ZONE_GATE_A1,2026-08-05 06:45,6009
EVT_OLY_2028_001,VEN_STADIUM_12,ZONE_GATE_A1,2026-08-05 06:50,6010
EVT_OLY_2028_001,VEN_STADIUM_12,ZONE_GATE_A1,2026-08-05 06:55,6011
EVT_OLY_2028_001,VEN_STADIUM_12,ZONE_GATE_A1,2026-08-05 07:00,6012
EVT_OLY_2028_001,VEN_STADIUM_12,ZONE_GATE_A1,2026-08-05 07:05,6013
EVT_OLY_2028_001,VEN_STADIUM_12,ZONE_GATE_A1,2026-08-05 07:10,6014
EVT_OLY_2028_001,VEN_STADIUM_12,ZONE_GATE_A1,2026-08-05 07:15,6015
EVT_OLY_2028_001,VEN_STADIUM_12,ZONE_GATE_A1,2026-08-05 07:20,6016
EVT_OLY_2028_001,VEN_STADIUM_12,ZONE_GATE_A1,2026-08-05 07:25,6017
EVT_OLY_2028_001,VEN_STADIUM_12,ZONE_GATE_A1,2026-08-05 07:30,6018
EVT_OLY_2028_001,VEN_STADIUM_12,ZONE_GATE_A1,2026-08-05 07:35,6019
EVT_OLY_2028_001,VEN_STADIUM_12,ZONE_GATE_A1,2026-08-05 07:40,6020
EVT_OLY_2028_001,VEN_STADIUM_12,ZONE_GATE_A1,2026-08-05 07:45,6021
EVT_OLY_2028_001,VEN_STADIUM_12,ZONE_GATE_A1,2026-08-05 07:50,6022
EVT_OLY_2028_001,VEN_STADIUM_12,ZONE_GATE_A1,2026-08-05 07:55,6023
EVT_OLY_2028_001,VEN_STADIUM_12,ZONE_GATE_A1,2026-08-05 08:00,6024
EVT_OLY_2028_001,VEN_STADIUM_12,ZONE_GATE_A1,2026-08-05 08:05,6025
EVT_OLY_2028_001,VEN_STADIUM_12,ZONE_GATE_A1,2026-08-05 08:10,6026
EVT_OLY_2028_001,VEN_STADIUM_12,ZONE_GATE_A1,2026-08-05 08:15,6027
EVT_OLY_2028_001,VEN_STADIUM_12,ZONE_GATE_A1,2026-08-05 08:20,6028
EVT_OLY_2028_001,VEN_STADIUM_12,ZONE_GATE_A1,2026-08-05 08:25,6029
EVT_OLY_2028_001,VEN_STADIUM_12,ZONE_GATE_A1,2026-08-05 08:30,6030
EVT_OLY_2028_001,VEN_STADIUM_12,ZONE_GATE_A1,2026-08-05 08:35,6031
EVT_OLY_2028_001,VEN_STADIUM_12,ZONE_GATE_A1,2026-08-05 08:40,6032
EVT_OLY_2028_001,VEN_STADIUM_12,ZONE_GATE_A1,2026-08-05 08:45,6033
EVT_OLY_2028_001,VEN_STADIUM_12,ZONE_GATE_A1,2026-08-05 08:50,6034
EVT_OLY_2028_001,VEN_STADIUM_12,ZONE_GATE_A1,2026-08-05 08:55,6035
EVT_OLY_2028_001,VEN_STADIUM_12,ZONE_GATE_A1,2026-08-05 09:00,6036
EVT_OLY_2028_001,VEN_STADIUM_12,ZONE_GATE_A1,2026-08-05 09:05,6037
EVT_OLY_2028_001,VEN_STADIUM_12,ZONE_GATE_A1,2026-08-05 09:10,6038
EVT_OLY_2028_001,VEN_STADIUM_12,ZONE_GATE_A1,2026-08-05 09:15,6039
EVT_OLY_2028_001,VEN_STADIUM_12,ZONE_GATE_A1,2026-08-05 09:20,6040
EVT_OLY_2028_001,VEN_STADIUM_12,ZONE_GATE_A1,2026-08-05 09:25,6041
EVT_OLY_2028_001,VEN_STADIUM_12,ZONE_GATE_A1,2026-08-05 09:30,6042
EVT_OLY_2028_001,VEN_STADIUM_12,ZONE_GATE_A1,2026-08-05 09:35,6043
EVT_OLY_2028_001,VEN_STADIUM_12,ZONE_GATE_A1,2026-08-05 09:40,6044
EVT_OLY_2028_001,VEN_STADIUM_12,ZONE_GATE_A1,2026-08-05 09:45,6045
EVT_OLY_2028_001,VEN_STADIUM_12,ZONE_GATE_A1,2026-08-05 09:50,6046
EVT_OLY_2028_001,VEN_STADIUM_12,ZONE_GATE_A1,2026-08-05 09:55,6047
EVT_OLY_2028_001,VEN_STADIUM_12,ZONE_GATE_A1,2026-08-05 10:00,6048
EVT_OLY_2028_001,VEN_STADIUM_12,ZONE_GATE_A1,2026-08-05 10:05,6049
EVT_OLY_2028_001,VEN_STADIUM_12,ZONE_GATE_A1,2026-08-05 10:10,6050
EVT_OLY_2028_001,VEN_STADIUM_12,ZONE_GATE_A1,2026-08-05 10:15,6051
EVT_OLY_2028_001,VEN_STADIUM_12,ZONE_GATE_A1,2026-08-05 10:20,6052
EVT_OLY_2028_001,VEN_STADIUM_12,ZONE_GATE_A1,2026-08-05 10:25,6053
EVT_OLY_2028_001,VEN_STADIUM_12,ZONE_GATE_A1,2026-08-05 10:30,6054
EVT_OLY_2028_001,VEN_STADIUM_12,ZONE_GATE_A1,2026-08-05 10:35,6055
EVT_OLY_2028_001,VEN_STADIUM_12,ZONE_GATE_A1,2026-08-05 10:40,6056
EVT_OLY_2028_001,VEN_STADIUM_12,ZONE_GATE_A1,2026-08-05 10:45,6057
EVT_OLY_2028_001,VEN_STADIUM_12,ZONE_GATE_A1,2026-08-05 10:50,6058
EVT_OLY_2028_001,VEN_STADIUM_12,ZONE_GATE_A1,2026-08-05 10:55,6059
EVT_OLY_2028_001,VEN_STADIUM_12,ZONE_GATE_A1,2026-08-05 11:00,6060
EVT_OLY_2028_001,VEN_STADIUM_12,ZONE_GATE_A1,2026-08-05 11:05,6061
EVT_OLY_2028_001,VEN_STADIUM_12,ZONE_GATE_A1,2026-08-05 11:10,6062
EVT_OLY_2028_001,VEN_STADIUM_12,ZONE_GATE_A1,2026-08-05 11:15,6063
EVT_OLY_2028_001,VEN_STADIUM_12,ZONE_GATE_A1,2026-08-05 11:20,6064
EVT_OLY_2028_001,VEN_STADIUM_12,ZONE_GATE_A1,2026-08-05 11:25,6065
EVT_OLY_2028_001,VEN_STADIUM_12,ZONE_GATE_A1,2026-08-05 11:30,6066
EVT_OLY_2028_001,VEN_STADIUM_12,ZONE_GATE_A1,2026-08-05 11:35,6067
EVT_OLY_2028_001,VEN_STADIUM_12,ZONE_GATE_A1,2026-08-05 11:40,6068
EVT_OLY_2028_001,VEN_STADIUM_12,ZONE_GATE_A1,2026-08-05 11:45,6069
EVT_OLY_2028_001,VEN_STADIUM_12,ZONE_GATE_A1,2026-08-05 11:50,6070
EVT_OLY_2028_001,VEN_STADIUM_12,ZONE_GATE_A1,2026-08-05 11:55,6071
EVT_OLY_2028_001,VEN_STADIUM_12,ZONE_GATE_A1,2026-08-05 12:00,6072
EVT_OLY_2028_001,VEN_STADIUM_12,ZONE_GATE_A1,2026-08-05 12:05,6073
EVT_OLY_2028_001,VEN_STADIUM_12,ZONE_GATE_A1,2026-08-05 12:10,6074
EVT_OLY_2028_001,VEN_STADIUM_12,ZONE_GATE_A1,2026-08-05 12:15,6075
EVT_OLY_2028_001,VEN_STADIUM_12,ZONE_GATE_A1,2026-08-05 12:20,6076
EVT_OLY_2028_001,VEN_STADIUM_12,ZONE_GATE_A1,2026-08-05 12:25,6077
EVT_OLY_2028_001,VEN_STADIUM_12,ZONE_GATE_A1,2026-08-05 12:30,6078
EVT_OLY_2028_001,VEN_STADIUM_12,ZONE_GATE_A1,2026-08-05 12:35,6079
EVT_OLY_2028_001,VEN_STADIUM_12,ZONE_GATE_A1,2026-08-05 12:40,6080
EVT_OLY_2028_001,VEN_STADIUM_12,ZONE_GATE_A1,2026-08-05 12:45,6081
EVT_OLY_2028_001,VEN_STADIUM_12,ZONE_GATE_A1,2026-08-05 12:50,6082
EVT_OLY_2028_001,VEN_STADIUM_12,ZONE_GATE_A1,2026-08-05 12:55,6083
EVT_OLY_2028_001,VEN_STADIUM_12,ZONE_GATE_A1,2026-08-05 13:00,6084
EVT_OLY_2028_001,VEN_STADIUM_12,ZONE_GATE_A1,2026-08-05 13:05,6085
EVT_OLY_2028_001,VEN_STADIUM_12,ZONE_GATE_A1,2026-08-05 13:10,6086
EVT_OLY_2028_001,VEN_STADIUM_12,ZONE_GATE_A1,2026-08-05 13:15,6087
EVT_OLY_2028_001,VEN_STADIUM_12,ZONE_GATE_A1,2026-08-05 13:20,6088
EVT_OLY_2028_001,VEN_STADIUM_12,ZONE_GATE_A1,2026-08-05 13:25,6089
EVT_OLY_2028_001,VEN_STADIUM_12,ZONE_GATE_A1,2026-08-05 13:30,6090
EVT_OLY_2028_001,VEN_STADIUM_12,ZONE_GATE_A1,2026-08-05 13:35,6091
EVT_OLY_2028_001,VEN_STADIUM_12,ZONE_GATE_A1,2026-08-05 13:40,6092
EVT_OLY_2028_001,VEN_STADIUM_12,ZONE_GATE_A1,2026-08-05 13:45,6093
EVT_OLY_2028_001,VEN_STADIUM_12,ZONE_GATE_A1,2026-08-05 13:50,6094
EVT_OLY_2028_001,VEN_STADIUM_12,ZONE_GATE_A1,2026-08-05 13:55,6095
EVT_OLY_2028_001,VEN_STADIUM_12,ZONE_GATE_A1,2026-08-05 14:00,6096
EVT_OLY_2028_001,VEN_STADIUM_12,ZONE_GATE_A1,2026-08-05 14:05,6097
EVT_OLY_2028_001,VEN_STADIUM_12,ZONE_GATE_A1,2026-08-05 14:10,6098
EVT_OLY_2028_001,VEN_STADIUM_12,ZONE_GATE_A1,2026-08-05 14:15,6099
EVT_OLY_2028_001,VEN_STADIUM_12,ZONE_GATE_A1,2026-08-05 14:20,6100
EVT_OLY_2028_001,VEN_STADIUM_12,ZONE_GATE_A1,2026-08-05 14:25,6101
EVT_OLY_2028_001,VEN_STADIUM_12,ZONE_GATE_A1,2026-08-05 14:30,6102
EVT_OLY_2028_001,VEN_STADIUM_12,ZONE_GATE_A1,2026-08-05 14:35,6103
EVT_OLY_2028_001,VEN_STADIUM_12,ZONE_GATE_A1,2026-08-05 14:40,6104
EVT_OLY_2028_001,VEN_STADIUM_12,ZONE_GATE_A1,2026-08-05 14:45,6105
EVT_OLY_2028_001,VEN_STADIUM_12,ZONE_GATE_A1,2026-08-05 14:50,6106
EVT_OLY_2028_001,VEN_STADIUM_12,ZONE_GATE_A1,2026-08-05 14:55,6107
EVT_OLY_2028_001,VEN_STADIUM_12,ZONE_GATE_A1,2026-08-05 15:00,6108
EVT_OLY_2028_001,VEN_STADIUM_12,ZONE_GATE_A1,2026-08-05 15:05,6109
EVT_OLY_2028_001,VEN_STADIUM_12,ZONE_GATE_A1,2026-08-05 15:10,6110
EVT_OLY_2028_001,VEN_STADIUM_12,ZONE_GATE_A1,2026-08-05 15:15,6111
EVT_OLY_2028_001,VEN_STADIUM_12,ZONE_GATE_A1,2026-08-05 15:20,6112
EVT_OLY_2028_001,VEN_STADIUM_12,ZONE_GATE_A1,2026-08-05 15:25,6113
EVT_OLY_2028_001,VEN_STADIUM_12,ZONE_GATE_A1,2026-08-05 15:30,6114
EVT_OLY_2028_001,VEN_STADIUM_12,ZONE_GATE_A1,2026-08-05 15:35,6115
EVT_OLY_2028_001,VEN_STADIUM_12,ZONE_GATE_A1,2026-08-05 15:40,6116
EVT_OLY_2028_001,VEN_STADIUM_12,ZONE_GATE_A1,2026-08-05 15:45,6117
EVT_OLY_2028_001,VEN_STADIUM_12,ZONE_GATE_A1,2026-08-05 15:50,6118
EVT_OLY_2028_001,VEN_STADIUM_12,ZONE_GATE_A1,2026-08-05 15:55,6119
EVT_OLY_2028_001,VEN_STADIUM_12,ZONE_GATE_A1,2026-08-05 16:00,6120
EVT_OLY_2028_001,VEN_STADIUM_12,ZONE_GATE_A1,2026-08-05 16:05,6121
EVT_OLY_2028_001,VEN_STADIUM_12,ZONE_GATE_A1,2026-08-05 16:10,6122
EVT_OLY_2028_001,VEN_STADIUM_12,ZONE_GATE_A1,2026-08-05 16:15,6123
EVT_OLY_2028_001,VEN_STADIUM_12,ZONE_GATE_A1,2026-08-05 16:20,6124
EVT_OLY_2028_001,VEN_STADIUM_12,ZONE_GATE_A1,2026-08-05 16:25,6125
EVT_OLY_2028_001,VEN_STADIUM_12,ZONE_GATE_A1,2026-08-05 16:30,6126
EVT_OLY_2028_001,VEN_STADIUM_12,ZONE_GATE_A1,2026-08-05 16:35,6127
EVT_OLY_2028_001,VEN_STADIUM_12,ZONE_GATE_A1,2026-08-05 16:40,6128
EVT_OLY_2028_001,VEN_STADIUM_12,ZONE_GATE_A1,2026-08-05 16:45,6129
EVT_OLY_2028_001,VEN_STADIUM_12,ZONE_GATE_A1,2026-08-05 16:50,6130
EVT_OLY_2028_001,VEN_STADIUM_12,ZONE_GATE_A1,2026-08-05 16:55,6131
EVT_OLY_2028_001,VEN_STADIUM_12,ZONE_GATE_A1,2026-08-05 17:00,6132
EVT_OLY_2028_001,VEN_STADIUM_12,ZONE_GATE_A1,2026-08-05 17:05,6133
EVT_OLY_2028_001,VEN_STADIUM_12,ZONE_GATE_A1,2026-08-05 17:10,6134
EVT_OLY_2028_001,VEN_STADIUM_12,ZONE_GATE_A1,2026-08-05 17:15,6135
EVT_OLY_2028_001,VEN_STADIUM_12,ZONE_GATE_A1,2026-08-05 17:20,6136
EVT_OLY_2028_001,VEN_STADIUM_12,ZONE_GATE_A1,2026-08-05 17:25,6137
EVT_OLY_2028_001,VEN_STADIUM_12,ZONE_GATE_A1,2026-08-05 17:30,6138
EVT_OLY_2028_001,VEN_STADIUM_12,ZONE_GATE_A1,2026-08-05 17:35,6139
EVT_OLY_2028_001,VEN_STADIUM_12,ZONE_GATE_A1,2026-08-05 17:40,6140
EVT_OLY_2028_001,VEN_STADIUM_12,ZONE_GATE_A1,2026-08-05 17:45,6141
EVT_OLY_2028_001,VEN_STADIUM_12,ZONE_GATE_A1,2026-08-05 17:50,6142
EVT_OLY_2028_001,VEN_STADIUM_12,ZONE_GATE_A1,2026-08-05 17:55,6143
EVT_OLY_2028_001,VEN_STADIUM_12,ZONE_GATE_A1,2026-08-05 18:00,6144
EVT_OLY_2028_001,VEN_STADIUM_12,ZONE_GATE_A1,2026-08-05 18:05,6145
EVT_OLY_2028_001,VEN_STADIUM_12,ZONE_GATE_A1,2026-08-05 18:10,6146
EVT_OLY_2028_001,VEN_STADIUM_12,ZONE_GATE_A1,2026-08-05 18:15,6147
EVT_OLY_2028_001,VEN_STADIUM_12,ZONE_GATE_A1,2026-08-05 18:20,6148
EVT_OLY_2028_001,VEN_STADIUM_12,ZONE_GATE_A1,2026-08-05 18:25,6149
EVT_OLY_2028_001,VEN_STADIUM_12,ZONE_GATE_A1,2026-08-05 18:30,6150
EVT_OLY_2028_001,VEN_STADIUM_12,ZONE_GATE_A1,2026-08-05 18:35,6151
EVT_OLY_2028_001,VEN_STADIUM_12,ZONE_GATE_A1,2026-08-05 18:40,6152
EVT_OLY_2028_001,VEN_STADIUM_12,ZONE_GATE_A1,2026-08-05 18:45,6153
EVT_OLY_2028_001,VEN_STADIUM_12,ZONE_GATE_A1,2026-08-05 18:50,6154
EVT_OLY_2028_001,VEN_STADIUM_12,ZONE_GATE_A1,2026-08-05 18:55,6155
EVT_OLY_2028_001,VEN_STADIUM_12,ZONE_GATE_A1,2026-08-05 19:00,6156
EVT_OLY_2028_001,VEN_STADIUM_12,ZONE_GATE_A1,2026-08-05 19:05,6157
EVT_OLY_2028_001,VEN_STADIUM_12,ZONE_GATE_A1,2026-08-05 19:10,6158
EVT_OLY_2028_001,VEN_STADIUM_12,ZONE_GATE_A1,2026-08-05 19:15,6159
EVT_OLY_2028_001,VEN_STADIUM_12,ZONE_GATE_A1,2026-08-05 19:20,6160
EVT_OLY_2028_001,VEN_STADIUM_12,ZONE_GATE_A1,2026-08-05 19:25,6161
EVT_OLY_2028_001,VEN_STADIUM_12,ZONE_GATE_A1,2026-08-05 19:30,6162
EVT_OLY_2028_001,VEN_STADIUM_12,ZONE_GATE_A1,2026-08-05 19:35,6163
EVT_OLY_2028_001,VEN_STADIUM_12,ZONE_GATE_A1,2026-08-05 19:40,6164
EVT_OLY_2028_001,VEN_STADIUM_12,ZONE_GATE_A1,2026-08-05 19:45,6165
EVT_OLY_2028_001,VEN_STADIUM_12,ZONE_GATE_A1,2026-08-05 19:50,6166
EVT_OLY_2028_001,VEN_STADIUM_12,ZONE_GATE_A1,2026-08-05 19:55,6167
EVT_OLY_2028_001,VEN_STADIUM_12,ZONE_GATE_A1,2026-08-05 20:00,6168
EVT_OLY_2028_001,VEN_STADIUM_12,ZONE_GATE_A1,2026-08-05 20:05,6169
EVT_OLY_2028_001,VEN_STADIUM_12,ZONE_GATE_A1,2026-08-05 20:10,6170
EVT_OLY_2028_001,VEN_STADIUM_12,ZONE_GATE_A1,2026-08-05 20:15,6171
EVT_OLY_2028_001,VEN_STADIUM_12,ZONE_GATE_A1,2026-08-05 20:20,6172
EVT_OLY_2028_001,VEN_STADIUM_12,ZONE_GATE_A1,2026-08-05 20:25,6173
EVT_OLY_2028_001,VEN_STADIUM_12,ZONE_GATE_A1,2026-08-05 20:30,6174
EVT_OLY_2028_001,VEN_STADIUM_12,ZONE_GATE_A1,2026-08-05 20:35,6175
EVT_OLY_2028_001,VEN_STADIUM_12,ZONE_GATE_A1,2026-08-05 20:40,6176
EVT_OLY_2028_001,VEN_STADIUM_12,ZONE_GATE_A1,2026-08-05 20:45,6177
EVT_OLY_2028_001,VEN_STADIUM_12,ZONE_GATE_A1,2026-08-05 20:50,6178
EVT_OLY_2028_001,VEN_STADIUM_12,ZONE_GATE_A1,2026-08-05 20:55,6179
EVT_OLY_2028_001,VEN_STADIUM_12,ZONE_GATE_A1,2026-08-05 21:00,6180
EVT_OLY_2028_001,VEN_STADIUM_12,ZONE_GATE_A1,2026-08-05 21:05,6181
EVT_OLY_2028_001,VEN_STADIUM_12,ZONE_GATE_A1,2026-08-05 21:10,6182
EVT_OLY_2028_001,VEN_STADIUM_12,ZONE_GATE_A1,2026-08-05 21:15,6183
EVT_OLY_2028_001,VEN_STADIUM_12,ZONE_GATE_A1,2026-08-05 21:20,6184
EVT_OLY_2028_001,VEN_STADIUM_12,ZONE_GATE_A1,2026-08-05 21:25,6185
EVT_OLY_2028_001,VEN_STADIUM_12,ZONE_GATE_A1,2026-08-05 21:30,6186
EVT_OLY_2028_001,VEN_STADIUM_12,ZONE_GATE_A1,2026-08-05 21:35,6187
EVT_OLY_2028_001,VEN_STADIUM_12,ZONE_GATE_A1,2026-08-05 21:40,6188
EVT_OLY_2028_001,VEN_STADIUM_12,ZONE_GATE_A1,2026-08-05 21:45,6189
EVT_OLY_2028_001,VEN_STADIUM_12,ZONE_GATE_A1,2026-08-05 21:50,6190
EVT_OLY_2028_001,VEN_STADIUM_12,ZONE_GATE_A1,2026-08-05 21:55,6191
EVT_OLY_2028_001,VEN_STADIUM_12,ZONE_GATE_A1,2026-08-05 22:00,6192
EVT_OLY_2028_001,VEN_STADIUM_12,ZONE_GATE_A1,2026-08-05 22:05,6193
EVT_OLY_2028_001,VEN_STADIUM_12,ZONE_GATE_A1,2026-08-05 22:10,6194
EVT_OLY_2028_001,VEN_STADIUM_12,ZONE_GATE_A1,2026-08-05 22:15,6195
EVT_OLY_2028_001,VEN_STADIUM_12,ZONE_GATE_A1,2026-08-05 22:20,6196
EVT_OLY_2028_001,VEN_STADIUM_12,ZONE_GATE_A1,2026-08-05 22:25,6197
EVT_OLY_2028_001,VEN_STADIUM_12,ZONE_GATE_A1,2026-08-05 22:30,6198
EVT_OLY_2028_001,VEN_STADIUM_12,ZONE_GATE_A1,2026-08-05 22:35,6199
EVT_OLY_2028_001,VEN_STADIUM_12,ZONE_GATE_A1,2026-08-05 22:40,6200
EVT_OLY_2028_001,VEN_STADIUM_12,ZONE_GATE_A1,2026-08-05 22:45,6201
EVT_OLY_2028_001,VEN_STADIUM_12,ZONE_GATE_A1,2026-08-05 22:50,6202
EVT_OLY_2028_001,VEN_STADIUM_12,ZONE_GATE_A1,2026-08-05 22:55,6203
EVT_OLY_2028_001,VEN_STADIUM_12,ZONE_GATE_A1,2026-08-05 23:00,6204
EVT_OLY_2028_001,VEN_STADIUM_12,ZONE_GATE_A1,2026-08-05 23:05,6205
EVT_OLY_2028_001,VEN_STADIUM_12,ZONE_GATE_A1,2026-08-05 23:10,6206
EVT_OLY_2028_001,VEN_STADIUM_12,ZONE_GATE_A1,2026-08-05 23:15,6207
EVT_OLY_2028_001,VEN_STADIUM_12,ZONE_GATE_A1,2026-08-05 23:20,6208
EVT_OLY_2028_001,VEN_STADIUM_12,ZONE_GATE_A1,2026-08-05 23:25,6209
EVT_OLY_2028_001,VEN_STADIUM_12,ZONE_GATE_A1,2026-08-05 23:30,6210
EVT_OLY_2028_001,VEN_STADIUM_12,ZONE_GATE_A1,2026-08-05 23:35,6211
EVT_OLY_2028_001,VEN_STADIUM_12,ZONE_GATE_A1,2026-08-05 23:40,6212
EVT_OLY_2028_001,VEN_STADIUM_12,ZONE_GATE_A1,2026-08-05 23:45,6213
EVT_OLY_2028_001,VEN_STADIUM_12,ZONE_GATE_A1,2026-08-05 23:50,6214
EVT_OLY_2028_001,VEN_STADIUM_12,ZONE_GATE_A1,2026-08-05 23:55,6215
EVT_OLY_2028_001,VEN_STADIUM_12,ZONE_GATE_A1,2026-08-06 00:00,6216
EVT_OLY_2028_001,VEN_STADIUM_12,ZONE_GATE_A1,2026-08-06 00:05,6217
EVT_OLY_2028_001,VEN_STADIUM_12,ZONE_GATE_A1,2026-08-06 00:10,6218
EVT_OLY_2028_001,VEN_STADIUM_12,ZONE_GATE_A1,2026-08-06 00:15,6219
EVT_OLY_2028_001,VEN_STADIUM_12,ZONE_GATE_A1,2026-08-06 00:20,6220
EVT_OLY_2028_001,VEN_STADIUM_12,ZONE_GATE_A1,2026-08-06 00:25,6221
EVT_OLY_2028_001,VEN_STADIUM_12,ZONE_GATE_A1,2026-08-06 00:30,6222
EVT_OLY_2028_001,VEN_STADIUM_12,ZONE_GATE_A1,2026-08-06 00:35,6223
EVT_OLY_2028_001,VEN_STADIUM_12,ZONE_GATE_A1,2026-08-06 00:40,6224
EVT_OLY_2028_001,VEN_STADIUM_12,ZONE_GATE_A1,2026-08-06 00:45,6225
EVT_OLY_2028_001,VEN_STADIUM_12,ZONE_GATE_A1,2026-08-06 00:50,6226
EVT_OLY_2028_001,VEN_STADIUM_12,ZONE_GATE_A1,2026-08-06 00:55,6227
EVT_OLY_2028_001,VEN_STADIUM_12,ZONE_GATE_A1,2026-08-06 01:00,6228
EVT_OLY_2028_001,VEN_STADIUM_12,ZONE_GATE_A1,2026-08-06 01:05,6229
EVT_OLY_2028_001,VEN_STADIUM_12,ZONE_GATE_A1,2026-08-06 01:10,6230
EVT_OLY_2028_001,VEN_STADIUM_12,ZONE_GATE_A1,2026-08-06 01:15,6231
EVT_OLY_2028_001,VEN_STADIUM_12,ZONE_GATE_A1,2026-08-06 01:20,6232
EVT_OLY_2028_001,VEN_STADIUM_12,ZONE_GATE_A1,2026-08-06 01:25,6233
EVT_OLY_2028_001,VEN_STADIUM_12,ZONE_GATE_A1,2026-08-06 01:30,6234
EVT_OLY_2028_001,VEN_STADIUM_12,ZONE_GATE_A1,2026-08-06 01:35,6235
EVT_OLY_2028_001,VEN_STADIUM_12,ZONE_GATE_A1,2026-08-06 01:40,6236
EVT_OLY_2028_001,VEN_STADIUM_12,ZONE_GATE_A1,2026-08-06 01:45,6237
EVT_OLY_2028_001,VEN_STADIUM_12,ZONE_GATE_A1,2026-08-06 01:50,6238
EVT_OLY_2028_001,VEN_STADIUM_12,ZONE_GATE_A1,2026-08-06 01:55,6239
EVT_OLY_2028_001,VEN_STADIUM_12,ZONE_GATE_A1,2026-08-06 02:00,6240
EVT_OLY_2028_001,VEN_STADIUM_12,ZONE_GATE_A1,2026-08-06 02:05,6241
EVT_OLY_2028_001,VEN_STADIUM_12,ZONE_GATE_A1,2026-08-06 02:10,6242
EVT_OLY_2028_001,VEN_STADIUM_12,ZONE_GATE_A1,2026-08-06 02:15,6243
EVT_OLY_2028_001,VEN_STADIUM_12,ZONE_GATE_A1,2026-08-06 02:20,6244
EVT_OLY_2028_001,VEN_STADIUM_12,ZONE_GATE_A1,2026-08-06 02:25,6245
EVT_OLY_2028_001,VEN_STADIUM_12,ZONE_GATE_A1,2026-08-06 02:30,6246
EVT_OLY_2028_001,VEN_STADIUM_12,ZONE_GATE_A1,2026-08-06 02:35,6247
EVT_OLY_2028_001,VEN_STADIUM_12,ZONE_GATE_A1,2026-08-06 02:40,6248
EVT_OLY_2028_001,VEN_STADIUM_12,ZONE_GATE_A1,2026-08-06 02:45,6249
EVT_OLY_2028_001,VEN_STADIUM_12,ZONE_GATE_A1,2026-08-06 02:50,6250
EVT_OLY_2028_001,VEN_STADIUM_12,ZONE_GATE_A1,2026-08-06 02:55,6251
EVT_OLY_2028_001,VEN_STADIUM_12,ZONE_GATE_A1,2026-08-06 03:00,6252
EVT_OLY_2028_001,VEN_STADIUM_12,ZONE_GATE_A1,2026-08-06 03:05,6253
EVT_OLY_2028_001,VEN_STADIUM_12,ZONE_GATE_A1,2026-08-06 03:10,6254
EVT_OLY_2028_001,VEN_STADIUM_12,ZONE_GATE_A1,2026-08-06 03:15,6255
EVT_OLY_2028_001,VEN_STADIUM_12,ZONE_GATE_A1,2026-08-06 03:20,6256
EVT_OLY_2028_001,VEN_STADIUM_12,ZONE_GATE_A1,2026-08-06 03:25,6257
EVT_OLY_2028_001,VEN_STADIUM_12,ZONE_GATE_A1,2026-08-06 03:30,6258
EVT_OLY_2028_001,VEN_STADIUM_12,ZONE_GATE_A1,2026-08-06 03:35,6259
EVT_OLY_2028_001,VEN_STADIUM_12,ZONE_GATE_A1,2026-08-06 03:40,6260
EVT_OLY_2028_001,VEN_STADIUM_12,ZONE_GATE_A1,2026-08-06 03:45,6261
EVT_OLY_2028_001,VEN_STADIUM_12,ZONE_GATE_A1,2026-08-06 03:50,6262
EVT_OLY_2028_001,VEN_STADIUM_12,ZONE_GATE_A1,2026-08-06 03:55,6263
EVT_OLY_2028_001,VEN_STADIUM_12,ZONE_GATE_A1,2026-08-06 04:00,6264
EVT_OLY_2028_001,VEN_STADIUM_12,ZONE_GATE_A1,2026-08-06 04:05,6265
EVT_OLY_2028_001,VEN_STADIUM_12,ZONE_GATE_A1,2026-08-06 04:10,6266
EVT_OLY_2028_001,VEN_STADIUM_12,ZONE_GATE_A1,2026-08-06 04:15,6267
EVT_OLY_2028_001,VEN_STADIUM_12,ZONE_GATE_A1,2026-08-06 04:20,6268
EVT_OLY_2028_001,VEN_STADIUM_12,ZONE_GATE_A1,2026-08-06 04:25,6269
EVT_OLY_2028_001,VEN_STADIUM_12,ZONE_GATE_A1,2026-08-06 04:30,6270
EVT_OLY_2028_001,VEN_STADIUM_12,ZONE_GATE_A1,2026-08-06 04:35,6271
EVT_OLY_2028_001,VEN_STADIUM_12,ZONE_GATE_A1,2026-08-06 04:40,6272
EVT_OLY_2028_001,VEN_STADIUM_12,ZONE_GATE_A1,2026-08-06 04:45,6273
EVT_OLY_2028_001,VEN_STADIUM_12,ZONE_GATE_A1,2026-08-06 04:50,6274
EVT_OLY_2028_001,VEN_STADIUM_12,ZONE_GATE_A1,2026-08-06 04:55,6275
EVT_OLY_2028_001,VEN_STADIUM_12,ZONE_GATE_A1,2026-08-06 05:00,6276
EVT_OLY_2028_001,VEN_STADIUM_12,ZONE_GATE_A1,2026-08-06 05:05,6277
EVT_OLY_2028_001,VEN_STADIUM_12,ZONE_GATE_A1,2026-08-06 05:10,6278
EVT_OLY_2028_001,VEN_STADIUM_12,ZONE_GATE_A1,2026-08-06 05:15,6279
EVT_OLY_2028_001,VEN_STADIUM_12,ZONE_GATE_A1,2026-08-06 05:20,6280
EVT_OLY_2028_001,VEN_STADIUM_12,ZONE_GATE_A1,2026-08-06 05:25,6281
EVT_OLY_2028_001,VEN_STADIUM_12,ZONE_GATE_A1,2026-08-06 05:30,6282
EVT_OLY_2028_001,VEN_STADIUM_12,ZONE_GATE_A1,2026-08-06 05:35,6283
EVT_OLY_2028_001,VEN_STADIUM_12,ZONE_GATE_A1,2026-08-06 05:40,6284
EVT_OLY_2028_001,VEN_STADIUM_12,ZONE_GATE_A1,2026-08-06 05:45,6285
EVT_OLY_2028_001,VEN_STADIUM_12,ZONE_GATE_A1,2026-08-06 05:50,6286
EVT_OLY_2028_001,VEN_STADIUM_12,ZONE_GATE_A1,2026-08-06 05:55,6287
EVT_OLY_2028_001,VEN_STADIUM_12,ZONE_GATE_A1,2026-08-06 06:00,6288
EVT_OLY_2028_001,VEN_STADIUM_12,ZONE_GATE_A1,2026-08-06 06:05,6289
EVT_OLY_2028_001,VEN_STADIUM_12,ZONE_GATE_A1,2026-08-06 06:10,6290
EVT_OLY_2028_001,VEN_STADIUM_12,ZONE_GATE_A1,2026-08-06 06:15,6291
EVT_OLY_2028_001,VEN_STADIUM_12,ZONE_GATE_A1,2026-08-06 06:20,6292
EVT_OLY_2028_001,VEN_STADIUM_12,ZONE_GATE_A1,2026-08-06 06:25,6293
EVT_OLY_2028_001,VEN_STADIUM_12,ZONE_GATE_A1,2026-08-06 06:30,6294
EVT_OLY_2028_001,VEN_STADIUM_12,ZONE_GATE_A1,2026-08-06 06:35,6295
EVT_OLY_2028_001,VEN_STADIUM_12,ZONE_GATE_A1,2026-08-06 06:40,6296
EVT_OLY_2028_001,VEN_STADIUM_12,ZONE_GATE_A1,2026-08-06 06:45,6297
EVT_OLY_2028_001,VEN_STADIUM_12,ZONE_GATE_A1,2026-08-06 06:50,6298
EVT_OLY_2028_001,VEN_STADIUM_12,ZONE_GATE_A1,2026-08-06 06:55,6299
EVT_OLY_2028_001,VEN_STADIUM_12,ZONE_GATE_A1,2026-08-06 07:00,6300
EVT_OLY_2028_001,VEN_STADIUM_12,ZONE_GATE_A1,2026-08-06 07:05,6301
EVT_OLY_2028_001,VEN_STADIUM_12,ZONE_GATE_A1,2026-08-06 07:10,6302
EVT_OLY_2028_001,VEN_STADIUM_12,ZONE_GATE_A1,2026-08-06 07:15,6303
EVT_OLY_2028_001,VEN_STADIUM_12,ZONE_GATE_A1,2026-08-06 07:20,6304
EVT_OLY_2028_001,VEN_STADIUM_12,ZONE_GATE_A1,2026-08-06 07:25,6305
EVT_OLY_2028_001,VEN_STADIUM_12,ZONE_GATE_A1,2026-08-06 07:30,6306
EVT_OLY_2028_001,VEN_STADIUM_12,ZONE_GATE_A1,2026-08-06 07:35,6307
EVT_OLY_2028_001,VEN_STADIUM_12,ZONE_GATE_A1,2026-08-06 07:40,6308
EVT_OLY_2028_001,VEN_STADIUM_12,ZONE_GATE_A1,2026-08-06 07:45,6309
EVT_OLY_2028_001,VEN_STADIUM_12,ZONE_GATE_A1,2026-08-06 07:50,6310
EVT_OLY_2028_001,VEN_STADIUM_12,ZONE_GATE_A1,2026-08-06 07:55,6311
EVT_OLY_2028_001,VEN_STADIUM_12,ZONE_GATE_A1,2026-08-06 08:00,6312
EVT_OLY_2028_001,VEN_STADIUM_12,ZONE_GATE_A1,2026-08-06 08:05,6313
EVT_OLY_2028_001,VEN_STADIUM_12,ZONE_GATE_A1,2026-08-06 08:10,6314
EVT_OLY_2028_001,VEN_STADIUM_12,ZONE_GATE_A1,2026-08-06 08:15,6315
EVT_OLY_2028_001,VEN_STADIUM_12,ZONE_GATE_A1,2026-08-06 08:20,6316
EVT_OLY_2028_001,VEN_STADIUM_12,ZONE_GATE_A1,2026-08-06 08:25,6317
EVT_OLY_2028_001,VEN_STADIUM_12,ZONE_GATE_A1,2026-08-06 08:30,6318
EVT_OLY_2028_001,VEN_STADIUM_12,ZONE_GATE_A1,2026-08-06 08:35,6319
EVT_OLY_2028_001,VEN_STADIUM_12,ZONE_GATE_A1,2026-08-06 08:40,6320
EVT_OLY_2028_001,VEN_STADIUM_12,ZONE_GATE_A1,2026-08-06 08:45,6321
EVT_OLY_2028_001,VEN_STADIUM_12,ZONE_GATE_A1,2026-08-06 08:50,6322
EVT_OLY_2028_001,VEN_STADIUM_12,ZONE_GATE_A1,2026-08-06 08:55,6323
EVT_OLY_2028_001,VEN_STADIUM_12,ZONE_GATE_A1,2026-08-06 09:00,6324
EVT_OLY_2028_001,VEN_STADIUM_12,ZONE_GATE_A1,2026-08-06 09:05,6325
EVT_OLY_2028_001,VEN_STADIUM_12,ZONE_GATE_A1,2026-08-06 09:10,6326
EVT_OLY_2028_001,VEN_STADIUM_12,ZONE_GATE_A1,2026-08-06 09:15,6327
EVT_OLY_2028_001,VEN_STADIUM_12,ZONE_GATE_A1,2026-08-06 09:20,6328
EVT_OLY_2028_001,VEN_STADIUM_12,ZONE_GATE_A1,2026-08-06 09:25,6329
EVT_OLY_2028_001,VEN_STADIUM_12,ZONE_GATE_A1,2026-08-06 09:30,6330
EVT_OLY_2028_001,VEN_STADIUM_12,ZONE_GATE_A1,2026-08-06 09:35,6331
EVT_OLY_2028_001,VEN_STADIUM_12,ZONE_GATE_A1,2026-08-06 09:40,6332
EVT_OLY_2028_001,VEN_STADIUM_12,ZONE_GATE_A1,2026-08-06 09:45,6333
EVT_OLY_2028_001,VEN_STADIUM_12,ZONE_GATE_A1,2026-08-06 09:50,6334
EVT_OLY_2028_001,VEN_STADIUM_12,ZONE_GATE_A1,2026-08-06 09:55,6335
EVT_OLY_2028_001,VEN_STADIUM_12,ZONE_GATE_A1,2026-08-06 10:00,6336
EVT_OLY_2028_001,VEN_STADIUM_12,ZONE_GATE_A1,2026-08-06 10:05,6337
EVT_OLY_2028_001,VEN_STADIUM_12,ZONE_GATE_A1,2026-08-06 10:10,6338
EVT_OLY_2028_001,VEN_STADIUM_12,ZONE_GATE_A1,2026-08-06 10:15,6339
EVT_OLY_2028_001,VEN_STADIUM_12,ZONE_GATE_A1,2026-08-06 10:20,6340
EVT_OLY_2028_001,VEN_STADIUM_12,ZONE_GATE_A1,2026-08-06 10:25,6341
EVT_OLY_2028_001,VEN_STADIUM_12,ZONE_GATE_A1,2026-08-06 10:30,6342
EVT_OLY_2028_001,VEN_STADIUM_12,ZONE_GATE_A1,2026-08-06 10:35,6343
EVT_OLY_2028_001,VEN_STADIUM_12,ZONE_GATE_A1,2026-08-06 10:40,6344
EVT_OLY_2028_001,VEN_STADIUM_12,ZONE_GATE_A1,2026-08-06 10:45,6345
EVT_OLY_2028_001,VEN_STADIUM_12,ZONE_GATE_A1,2026-08-06 10:50,6346
EVT_OLY_2028_001,VEN_STADIUM_12,ZONE_GATE_A1,2026-08-06 10:55,6347
EVT_OLY_2028_001,VEN_STADIUM_12,ZONE_GATE_A1,2026-08-06 11:00,6348
EVT_OLY_2028_001,VEN_STADIUM_12,ZONE_GATE_A1,2026-08-06 11:05,6349
EVT_OLY_2028_001,VEN_STADIUM_12,ZONE_GATE_A1,2026-08-06 11:10,6350
EVT_OLY_2028_001,VEN_STADIUM_12,ZONE_GATE_A1,2026-08-06 11:15,6351
EVT_OLY_2028_001,VEN_STADIUM_12,ZONE_GATE_A1,2026-08-06 11:20,6352
EVT_OLY_2028_001,VEN_STADIUM_12,ZONE_GATE_A1,2026-08-06 11:25,6353
EVT_OLY_2028_001,VEN_STADIUM_12,ZONE_GATE_A1,2026-08-06 11:30,6354
EVT_OLY_2028_001,VEN_STADIUM_12,ZONE_GATE_A1,2026-08-06 11:35,6355
EVT_OLY_2028_001,VEN_STADIUM_12,ZONE_GATE_A1,2026-08-06 11:40,6356
EVT_OLY_2028_001,VEN_STADIUM_12,ZONE_GATE_A1,2026-08-06 11:45,6357
EVT_OLY_2028_001,VEN_STADIUM_12,ZONE_GATE_A1,2026-08-06 11:50,6358
EVT_OLY_2028_001,VEN_STADIUM_12,ZONE_GATE_A1,2026-08-06 11:55,6359
EVT_OLY_2028_001,VEN_STADIUM_12,ZONE_GATE_A1,2026-08-06 12:00,6360
EVT_OLY_2028_001,VEN_STADIUM_12,ZONE_GATE_A1,2026-08-06 12:05,6361
EVT_OLY_2028_001,VEN_STADIUM_12,ZONE_GATE_A1,2026-08-06 12:10,6362
EVT_OLY_2028_001,VEN_STADIUM_12,ZONE_GATE_A1,2026-08-06 12:15,6363
EVT_OLY_2028_001,VEN_STADIUM_12,ZONE_GATE_A1,2026-08-06 12:20,6364
EVT_OLY_2028_001,VEN_STADIUM_12,ZONE_GATE_A1,2026-08-06 12:25,6365
EVT_OLY_2028_001,VEN_STADIUM_12,ZONE_GATE_A1,2026-08-06 12:30,6366
EVT_OLY_2028_001,VEN_STADIUM_12,ZONE_GATE_A1,2026-08-06 12:35,6367
EVT_OLY_2028_001,VEN_STADIUM_12,ZONE_GATE_A1,2026-08-06 12:40,6368
EVT_OLY_2028_001,VEN_STADIUM_12,ZONE_GATE_A1,2026-08-06 12:45,6369
EVT_OLY_2028_001,VEN_STADIUM_12,ZONE_GATE_A1,2026-08-06 12:50,6370
EVT_OLY_2028_001,VEN_STADIUM_12,ZONE_GATE_A1,2026-08-06 12:55,6371
EVT_OLY_2028_001,VEN_STADIUM_12,ZONE_GATE_A1,2026-08-06 13:00,6372
EVT_OLY_2028_001,VEN_STADIUM_12,ZONE_GATE_A1,2026-08-06 13:05,6373
EVT_OLY_2028_001,VEN_STADIUM_12,ZONE_GATE_A1,2026-08-06 13:10,6374
EVT_OLY_2028_001,VEN_STADIUM_12,ZONE_GATE_A1,2026-08-06 13:15,6375
EVT_OLY_2028_001,VEN_STADIUM_12,ZONE_GATE_A1,2026-08-06 13:20,6376
EVT_OLY_2028_001,VEN_STADIUM_12,ZONE_GATE_A1,2026-08-06 13:25,6377
EVT_OLY_2028_001,VEN_STADIUM_12,ZONE_GATE_A1,2026-08-06 13:30,6378
EVT_OLY_2028_001,VEN_STADIUM_12,ZONE_GATE_A1,2026-08-06 13:35,6379
EVT_OLY_2028_001,VEN_STADIUM_12,ZONE_GATE_A1,2026-08-06 13:40,6380
EVT_OLY_2028_001,VEN_STADIUM_12,ZONE_GATE_A1,2026-08-06 13:45,6381
EVT_OLY_2028_001,VEN_STADIUM_12,ZONE_GATE_A1,2026-08-06 13:50,6382
EVT_OLY_2028_001,VEN_STADIUM_12,ZONE_GATE_A1,2026-08-06 13:55,6383
EVT_OLY_2028_001,VEN_STADIUM_12,ZONE_GATE_A1,2026-08-06 14:00,6384
EVT_OLY_2028_001,VEN_STADIUM_12,ZONE_GATE_A1,2026-08-06 14:05,6385
EVT_OLY_2028_001,VEN_STADIUM_12,ZONE_GATE_A1,2026-08-06 14:10,6386
EVT_OLY_2028_001,VEN_STADIUM_12,ZONE_GATE_A1,2026-08-06 14:15,6387
EVT_OLY_2028_001,VEN_STADIUM_12,ZONE_GATE_A1,2026-08-06 14:20,6388
EVT_OLY_2028_001,VEN_STADIUM_12,ZONE_GATE_A1,2026-08-06 14:25,6389
EVT_OLY_2028_001,VEN_STADIUM_12,ZONE_GATE_A1,2026-08-06 14:30,6390
EVT_OLY_2028_001,VEN_STADIUM_12,ZONE_GATE_A1,2026-08-06 14:35,6391
EVT_OLY_2028_001,VEN_STADIUM_12,ZONE_GATE_A1,2026-08-06 14:40,6392
EVT_OLY_2028_001,VEN_STADIUM_12,ZONE_GATE_A1,2026-08-06 14:45,6393
EVT_OLY_2028_001,VEN_STADIUM_12,ZONE_GATE_A1,2026-08-06 14:50,6394
EVT_OLY_2028_001,VEN_STADIUM_12,ZONE_GATE_A1,2026-08-06 14:55,6395
EVT_OLY_2028_001,VEN_STADIUM_12,ZONE_GATE_A1,2026-08-06 15:00,6396
EVT_OLY_2028_001,VEN_STADIUM_12,ZONE_GATE_A1,2026-08-06 15:05,6397
EVT_OLY_2028_001,VEN_STADIUM_12,ZONE_GATE_A1,2026-08-06 15:10,6398
EVT_OLY_2028_001,VEN_STADIUM_12,ZONE_GATE_A1,2026-08-06 15:15,6399
EVT_OLY_2028_001,VEN_STADIUM_12,ZONE_GATE_A1,2026-08-06 15:20,6400
EVT_OLY_2028_001,VEN_STADIUM_12,ZONE_GATE_A1,2026-08-06 15:25,6401
EVT_OLY_2028_001,VEN_STADIUM_12,ZONE_GATE_A1,2026-08-06 15:30,6402
EVT_OLY_2028_001,VEN_STADIUM_12,ZONE_GATE_A1,2026-08-06 15:35,6403
EVT_OLY_2028_001,VEN_STADIUM_12,ZONE_GATE_A1,2026-08-06 15:40,6404
EVT_OLY_2028_001,VEN_STADIUM_12,ZONE_GATE_A1,2026-08-06 15:45,6405
EVT_OLY_2028_001,VEN_STADIUM_12,ZONE_GATE_A1,2026-08-06 15:50,6406
EVT_OLY_2028_001,VEN_STADIUM_12,ZONE_GATE_A1,2026-08-06 15:55,6407
EVT_OLY_2028_001,VEN_STADIUM_12,ZONE_GATE_A1,2026-08-06 16:00,6408
EVT_OLY_2028_001,VEN_STADIUM_12,ZONE_GATE_A1,2026-08-06 16:05,6409
EVT_OLY_2028_001,VEN_STADIUM_12,ZONE_GATE_A1,2026-08-06 16:10,6410
EVT_OLY_2028_001,VEN_STADIUM_12,ZONE_GATE_A1,2026-08-06 16:15,6411
EVT_OLY_2028_001,VEN_STADIUM_12,ZONE_GATE_A1,2026-08-06 16:20,6412
EVT_OLY_2028_001,VEN_STADIUM_12,ZONE_GATE_A1,2026-08-06 16:25,6413
EVT_OLY_2028_001,VEN_STADIUM_12,ZONE_GATE_A1,2026-08-06 16:30,6414
EVT_OLY_2028_001,VEN_STADIUM_12,ZONE_GATE_A1,2026-08-06 16:35,6415
EVT_OLY_2028_001,VEN_STADIUM_12,ZONE_GATE_A1,2026-08-06 16:40,6416
EVT_OLY_2028_001,VEN_STADIUM_12,ZONE_GATE_A1,2026-08-06 16:45,6417
EVT_OLY_2028_001,VEN_STADIUM_12,ZONE_GATE_A1,2026-08-06 16:50,6418
EVT_OLY_2028_001,VEN_STADIUM_12,ZONE_GATE_A1,2026-08-06 16:55,6419
EVT_OLY_2028_001,VEN_STADIUM_12,ZONE_GATE_A1,2026-08-06 17:00,6420
EVT_OLY_2028_001,VEN_STADIUM_12,ZONE_GATE_A1,2026-08-06 17:05,6421
EVT_OLY_2028_001,VEN_STADIUM_12,ZONE_GATE_A1,2026-08-06 17:10,6422
EVT_OLY_2028_001,VEN_STADIUM_12,ZONE_GATE_A1,2026-08-06 17:15,6423
EVT_OLY_2028_001,VEN_STADIUM_12,ZONE_GATE_A1,2026-08-06 17:20,6424
EVT_OLY_2028_001,VEN_STADIUM_12,ZONE_GATE_A1,2026-08-06 17:25,6425
EVT_OLY_2028_001,VEN_STADIUM_12,ZONE_GATE_A1,2026-08-06 17:30,6426
EVT_OLY_2028_001,VEN_STADIUM_12,ZONE_GATE_A1,2026-08-06 17:35,6427
EVT_OLY_2028_001,VEN_STADIUM_12,ZONE_GATE_A1,2026-08-06 17:40,6428
EVT_OLY_2028_001,VEN_STADIUM_12,ZONE_GATE_A1,2026-08-06 17:45,6429
EVT_OLY_2028_001,VEN_STADIUM_12,ZONE_GATE_A1,2026-08-06 17:50,6430
EVT_OLY_2028_001,VEN_STADIUM_12,ZONE_GATE_A1,2026-08-06 17:55,6431
EVT_OLY_2028_001,VEN_STADIUM_12,ZONE_GATE_A1,2026-08-06 18:00,6432
EVT_OLY_2028_001,VEN_STADIUM_12,ZONE_GATE_A1,2026-08-06 18:05,6433
EVT_OLY_2028_001,VEN_STADIUM_12,ZONE_GATE_A1,2026-08-06 18:10,6434
EVT_OLY_2028_001,VEN_STADIUM_12,ZONE_GATE_A1,2026-08-06 18:15,6435
EVT_OLY_2028_001,VEN_STADIUM_12,ZONE_GATE_A1,2026-08-06 18:20,6436
EVT_OLY_2028_001,VEN_STADIUM_12,ZONE_GATE_A1,2026-08-06 18:25,6437
EVT_OLY_2028_001,VEN_STADIUM_12,ZONE_GATE_A1,2026-08-06 18:30,6438
EVT_OLY_2028_001,VEN_STADIUM_12,ZONE_GATE_A1,2026-08-06 18:35,6439
EVT_OLY_2028_001,VEN_STADIUM_12,ZONE_GATE_A1,2026-08-06 18:40,6440
EVT_OLY_2028_001,VEN_STADIUM_12,ZONE_GATE_A1,2026-08-06 18:45,6441
EVT_OLY_2028_001,VEN_STADIUM_12,ZONE_GATE_A1,2026-08-06 18:50,6442
EVT_OLY_2028_001,VEN_STADIUM_12,ZONE_GATE_A1,2026-08-06 18:55,6443
EVT_OLY_2028_001,VEN_STADIUM_12,ZONE_GATE_A1,2026-08-06 19:00,6444
EVT_OLY_2028_001,VEN_STADIUM_12,ZONE_GATE_A1,2026-08-06 19:05,6445
EVT_OLY_2028_001,VEN_STADIUM_12,ZONE_GATE_A1,2026-08-06 19:10,6446
EVT_OLY_2028_001,VEN_STADIUM_12,ZONE_GATE_A1,2026-08-06 19:15,6447
EVT_OLY_2028_001,VEN_STADIUM_12,ZONE_GATE_A1,2026-08-06 19:20,6448
EVT_OLY_2028_001,VEN_STADIUM_12,ZONE_GATE_A1,2026-08-06 19:25,6449
EVT_OLY_2028_001,VEN_STADIUM_12,ZONE_GATE_A1,2026-08-06 19:30,6450
EVT_OLY_2028_001,VEN_STADIUM_12,ZONE_GATE_A1,2026-08-06 19:35,6451
EVT_OLY_2028_001,VEN_STADIUM_12,ZONE_GATE_A1,2026-08-06 19:40,6452
EVT_OLY_2028_001,VEN_STADIUM_12,ZONE_GATE_A1,2026-08-06 19:45,6453
EVT_OLY_2028_001,VEN_STADIUM_12,ZONE_GATE_A1,2026-08-06 19:50,6454
EVT_OLY_2028_001,VEN_STADIUM_12,ZONE_GATE_A1,2026-08-06 19:55,6455
EVT_OLY_2028_001,VEN_STADIUM_12,ZONE_GATE_A1,2026-08-06 20:00,6456
EVT_OLY_2028_001,VEN_STADIUM_12,ZONE_GATE_A1,2026-08-06 20:05,6457
EVT_OLY_2028_001,VEN_STADIUM_12,ZONE_GATE_A1,2026-08-06 20:10,6458
EVT_OLY_2028_001,VEN_STADIUM_12,ZONE_GATE_A1,2026-08-06 20:15,6459
EVT_OLY_2028_001,VEN_STADIUM_12,ZONE_GATE_A1,2026-08-06 20:20,6460
EVT_OLY_2028_001,VEN_STADIUM_12,ZONE_GATE_A1,2026-08-06 20:25,6461
EVT_OLY_2028_001,VEN_STADIUM_12,ZONE_GATE_A1,2026-08-06 20:30,6462
EVT_OLY_2028_001,VEN_STADIUM_12,ZONE_GATE_A1,2026-08-06 20:35,6463
EVT_OLY_2028_001,VEN_STADIUM_12,ZONE_GATE_A1,2026-08-06 20:40,6464
EVT_OLY_2028_001,VEN_STADIUM_12,ZONE_GATE_A1,2026-08-06 20:45,6465
EVT_OLY_2028_001,VEN_STADIUM_12,ZONE_GATE_A1,2026-08-06 20:50,6466
EVT_OLY_2028_001,VEN_STADIUM_12,ZONE_GATE_A1,2026-08-06 20:55,6467
EVT_OLY_2028_001,VEN_STADIUM_12,ZONE_GATE_A1,2026-08-06 21:00,6468
EVT_OLY_2028_001,VEN_STADIUM_12,ZONE_GATE_A1,2026-08-06 21:05,6469
EVT_OLY_2028_001,VEN_STADIUM_12,ZONE_GATE_A1,2026-08-06 21:10,6470
EVT_OLY_2028_001,VEN_STADIUM_12,ZONE_GATE_A1,2026-08-06 21:15,6471
EVT_OLY_2028_001,VEN_STADIUM_12,ZONE_GATE_A1,2026-08-06 21:20,6472
EVT_OLY_2028_001,VEN_STADIUM_12,ZONE_GATE_A1,2026-08-06 21:25,6473
EVT_OLY_2028_001,VEN_STADIUM_12,ZONE_GATE_A1,2026-08-06 21:30,6474
EVT_OLY_2028_001,VEN_STADIUM_12,ZONE_GATE_A1,2026-08-06 21:35,6475
EVT_OLY_2028_001,VEN_STADIUM_12,ZONE_GATE_A1,2026-08-06 21:40,6476
EVT_OLY_2028_001,VEN_STADIUM_12,ZONE_GATE_A1,2026-08-06 21:45,6477
EVT_OLY_2028_001,VEN_STADIUM_12,ZONE_GATE_A1,2026-08-06 21:50,6478
EVT_OLY_2028_001,VEN_STADIUM_12,ZONE_GATE_A1,2026-08-06 21:55,6479
EVT_OLY_2028_001,VEN_STADIUM_12,ZONE_GATE_A1,2026-08-06 22:00,6480
EVT_OLY_2028_001,VEN_STADIUM_12,ZONE_GATE_A1,2026-08-06 22:05,6481
EVT_OLY_2028_001,VEN_STADIUM_12,ZONE_GATE_A1,2026-08-06 22:10,6482
EVT_OLY_2028_001,VEN_STADIUM_12,ZONE_GATE_A1,2026-08-06 22:15,6483
EVT_OLY_2028_001,VEN_STADIUM_12,ZONE_GATE_A1,2026-08-06 22:20,6484
EVT_OLY_2028_001,VEN_STADIUM_12,ZONE_GATE_A1,2026-08-06 22:25,6485
EVT_OLY_2028_001,VEN_STADIUM_12,ZONE_GATE_A1,2026-08-06 22:30,6486
EVT_OLY_2028_001,VEN_STADIUM_12,ZONE_GATE_A1,2026-08-06 22:35,6487
EVT_OLY_2028_001,VEN_STADIUM_12,ZONE_GATE_A1,2026-08-06 22:40,6488
EVT_OLY_2028_001,VEN_STADIUM_12,ZONE_GATE_A1,2026-08-06 22:45,6489
EVT_OLY_2028_001,VEN_STADIUM_12,ZONE_GATE_A1,2026-08-06 22:50,6490
EVT_OLY_2028_001,VEN_STADIUM_12,ZONE_GATE_A1,2026-08-06 22:55,6491
EVT_OLY_2028_001,VEN_STADIUM_12,ZONE_GATE_A1,2026-08-06 23:00,6492
EVT_OLY_2028_001,VEN_STADIUM_12,ZONE_GATE_A1,2026-08-06 23:05,6493
EVT_OLY_2028_001,VEN_STADIUM_12,ZONE_GATE_A1,2026-08-06 23:10,6494
EVT_OLY_2028_001,VEN_STADIUM_12,ZONE_GATE_A1,2026-08-06 23:15,6495
EVT_OLY_2028_001,VEN_STADIUM_12,ZONE_GATE_A1,2026-08-06 23:20,6496
EVT_OLY_2028_001,VEN_STADIUM_12,ZONE_GATE_A1,2026-08-06 23:25,6497
EVT_OLY_2028_001,VEN_STADIUM_12,ZONE_GATE_A1,2026-08-06 23:30,6498
EVT_OLY_2028_001,VEN_STADIUM_12,ZONE_GATE_A1,2026-08-06 23:35,6499
EVT_OLY_2028_001,VEN_STADIUM_12,ZONE_GATE_A1,2026-08-06 23:40,6500
EVT_OLY_2028_001,VEN_STADIUM_12,ZONE_GATE_A1,2026-08-06 23:45,6501
EVT_OLY_2028_001,VEN_STADIUM_12,ZONE_GATE_A1,2026-08-06 23:50,6502
EVT_OLY_2028_001,VEN_STADIUM_12,ZONE_GATE_A1,2026-08-06 23:55,6503
EVT_OLY_2028_001,VEN_STADIUM_12,ZONE_GATE_A1,2026-08-07 00:00,6504
EVT_OLY_2028_001,VEN_STADIUM_12,ZONE_GATE_A1,2026-08-07 00:05,6505
EVT_OLY_2028_001,VEN_STADIUM_12,ZONE_GATE_A1,2026-08-07 00:10,6506
EVT_OLY_2028_001,VEN_STADIUM_12,ZONE_GATE_A1,2026-08-07 00:15,6507
EVT_OLY_2028_001,VEN_STADIUM_12,ZONE_GATE_A1,2026-08-07 00:20,6508
EVT_OLY_2028_001,VEN_STADIUM_12,ZONE_GATE_A1,2026-08-07 00:25,6509
EVT_OLY_2028_001,VEN_STADIUM_12,ZONE_GATE_A1,2026-08-07 00:30,6510
EVT_OLY_2028_001,VEN_STADIUM_12,ZONE_GATE_A1,2026-08-07 00:35,6511
EVT_OLY_2028_001,VEN_STADIUM_12,ZONE_GATE_A1,2026-08-07 00:40,6512
EVT_OLY_2028_001,VEN_STADIUM_12,ZONE_GATE_A1,2026-08-07 00:45,6513
EVT_OLY_2028_001,VEN_STADIUM_12,ZONE_GATE_A1,2026-08-07 00:50,6514
EVT_OLY_2028_001,VEN_STADIUM_12,ZONE_GATE_A1,2026-08-07 00:55,6515
EVT_OLY_2028_001,VEN_STADIUM_12,ZONE_GATE_A1,2026-08-07 01:00,6516
EVT_OLY_2028_001,VEN_STADIUM_12,ZONE_GATE_A1,2026-08-07 01:05,6517
EVT_OLY_2028_001,VEN_STADIUM_12,ZONE_GATE_A1,2026-08-07 01:10,6518
EVT_OLY_2028_001,VEN_STADIUM_12,ZONE_GATE_A1,2026-08-07 01:15,6519
EVT_OLY_2028_001,VEN_STADIUM_12,ZONE_GATE_A1,2026-08-07 01:20,6520
EVT_OLY_2028_001,VEN_STADIUM_12,ZONE_GATE_A1,2026-08-07 01:25,6521
EVT_OLY_2028_001,VEN_STADIUM_12,ZONE_GATE_A1,2026-08-07 01:30,6522
EVT_OLY_2028_001,VEN_STADIUM_12,ZONE_GATE_A1,2026-08-07 01:35,6523
EVT_OLY_2028_001,VEN_STADIUM_12,ZONE_GATE_A1,2026-08-07 01:40,6524
EVT_OLY_2028_001,VEN_STADIUM_12,ZONE_GATE_A1,2026-08-07 01:45,6525
EVT_OLY_2028_001,VEN_STADIUM_12,ZONE_GATE_A1,2026-08-07 01:50,6526
EVT_OLY_2028_001,VEN_STADIUM_12,ZONE_GATE_A1,2026-08-07 01:55,6527
EVT_OLY_2028_001,VEN_STADIUM_12,ZONE_GATE_A1,2026-08-07 02:00,6528
EVT_OLY_2028_001,VEN_STADIUM_12,ZONE_GATE_A1,2026-08-07 02:05,6529
EVT_OLY_2028_001,VEN_STADIUM_12,ZONE_GATE_A1,2026-08-07 02:10,6530
EVT_OLY_2028_001,VEN_STADIUM_12,ZONE_GATE_A1,2026-08-07 02:15,6531
EVT_OLY_2028_001,VEN_STADIUM_12,ZONE_GATE_A1,2026-08-07 02:20,6532
EVT_OLY_2028_001,VEN_STADIUM_12,ZONE_GATE_A1,2026-08-07 02:25,6533
EVT_OLY_2028_001,VEN_STADIUM_12,ZONE_GATE_A1,2026-08-07 02:30,6534
EVT_OLY_2028_001,VEN_STADIUM_12,ZONE_GATE_A1,2026-08-07 02:35,6535
EVT_OLY_2028_001,VEN_STADIUM_12,ZONE_GATE_A1,2026-08-07 02:40,6536
EVT_OLY_2028_001,VEN_STADIUM_12,ZONE_GATE_A1,2026-08-07 02:45,6537
EVT_OLY_2028_001,VEN_STADIUM_12,ZONE_GATE_A1,2026-08-07 02:50,6538
EVT_OLY_2028_001,VEN_STADIUM_12,ZONE_GATE_A1,2026-08-07 02:55,6539
EVT_OLY_2028_001,VEN_STADIUM_12,ZONE_GATE_A1,2026-08-07 03:00,6540
EVT_OLY_2028_001,VEN_STADIUM_12,ZONE_GATE_A1,2026-08-07 03:05,6541
EVT_OLY_2028_001,VEN_STADIUM_12,ZONE_GATE_A1,2026-08-07 03:10,6542
EVT_OLY_2028_001,VEN_STADIUM_12,ZONE_GATE_A1,2026-08-07 03:15,6543
EVT_OLY_2028_001,VEN_STADIUM_12,ZONE_GATE_A1,2026-08-07 03:20,6544
EVT_OLY_2028_001,VEN_STADIUM_12,ZONE_GATE_A1,2026-08-07 03:25,6545
EVT_OLY_2028_001,VEN_STADIUM_12,ZONE_GATE_A1,2026-08-07 03:30,6546
EVT_OLY_2028_001,VEN_STADIUM_12,ZONE_GATE_A1,2026-08-07 03:35,6547
EVT_OLY_2028_001,VEN_STADIUM_12,ZONE_GATE_A1,2026-08-07 03:40,6548
EVT_OLY_2028_001,VEN_STADIUM_12,ZONE_GATE_A1,2026-08-07 03:45,6549
EVT_OLY_2028_001,VEN_STADIUM_12,ZONE_GATE_A1,2026-08-07 03:50,6550
EVT_OLY_2028_001,VEN_STADIUM_12,ZONE_GATE_A1,2026-08-07 03:55,6551
EVT_OLY_2028_001,VEN_STADIUM_12,ZONE_GATE_A1,2026-08-07 04:00,6552
EVT_OLY_2028_001,VEN_STADIUM_12,ZONE_GATE_A1,2026-08-07 04:05,6553
EVT_OLY_2028_001,VEN_STADIUM_12,ZONE_GATE_A1,2026-08-07 04:10,6554
EVT_OLY_2028_001,VEN_STADIUM_12,ZONE_GATE_A1,2026-08-07 04:15,6555
EVT_OLY_2028_001,VEN_STADIUM_12,ZONE_GATE_A1,2026-08-07 04:20,6556
EVT_OLY_2028_001,VEN_STADIUM_12,ZONE_GATE_A1,2026-08-07 04:25,6557
EVT_OLY_2028_001,VEN_STADIUM_12,ZONE_GATE_A1,2026-08-07 04:30,6558
EVT_OLY_2028_001,VEN_STADIUM_12,ZONE_GATE_A1,2026-08-07 04:35,6559
EVT_OLY_2028_001,VEN_STADIUM_12,ZONE_GATE_A1,2026-08-07 04:40,6560
EVT_OLY_2028_001,VEN_STADIUM_12,ZONE_GATE_A1,2026-08-07 04:45,6561
EVT_OLY_2028_001,VEN_STADIUM_12,ZONE_GATE_A1,2026-08-07 04:50,6562
EVT_OLY_2028_001,VEN_STADIUM_12,ZONE_GATE_A1,2026-08-07 04:55,6563
EVT_OLY_2028_001,VEN_STADIUM_12,ZONE_GATE_A1,2026-08-07 05:00,6564
EVT_OLY_2028_001,VEN_STADIUM_12,ZONE_GATE_A1,2026-08-07 05:05,6565
EVT_OLY_2028_001,VEN_STADIUM_12,ZONE_GATE_A1,2026-08-07 05:10,6566
EVT_OLY_2028_001,VEN_STADIUM_12,ZONE_GATE_A1,2026-08-07 05:15,6567
EVT_OLY_2028_001,VEN_STADIUM_12,ZONE_GATE_A1,2026-08-07 05:20,6568
EVT_OLY_2028_001,VEN_STADIUM_12,ZONE_GATE_A1,2026-08-07 05:25,6569
EVT_OLY_2028_001,VEN_STADIUM_12,ZONE_GATE_A1,2026-08-07 05:30,6570
EVT_OLY_2028_001,VEN_STADIUM_12,ZONE_GATE_A1,2026-08-07 05:35,6571
EVT_OLY_2028_001,VEN_STADIUM_12,ZONE_GATE_A1,2026-08-07 05:40,6572
EVT_OLY_2028_001,VEN_STADIUM_12,ZONE_GATE_A1,2026-08-07 05:45,6573
EVT_OLY_2028_001,VEN_STADIUM_12,ZONE_GATE_A1,2026-08-07 05:50,6574
EVT_OLY_2028_001,VEN_STADIUM_12,ZONE_GATE_A1,2026-08-07 05:55,6575
EVT_OLY_2028_001,VEN_STADIUM_12,ZONE_GATE_A1,2026-08-07 06:00,6576
EVT_OLY_2028_001,VEN_STADIUM_12,ZONE_GATE_A1,2026-08-07 06:05,6577
EVT_OLY_2028_001,VEN_STADIUM_12,ZONE_GATE_A1,2026-08-07 06:10,6578
EVT_OLY_2028_001,VEN_STADIUM_12,ZONE_GATE_A1,2026-08-07 06:15,6579
EVT_OLY_2028_001,VEN_STADIUM_12,ZONE_GATE_A1,2026-08-07 06:20,6580
EVT_OLY_2028_001,VEN_STADIUM_12,ZONE_GATE_A1,2026-08-07 06:25,6581
EVT_OLY_2028_001,VEN_STADIUM_12,ZONE_GATE_A1,2026-08-07 06:30,6582
EVT_OLY_2028_001,VEN_STADIUM_12,ZONE_GATE_A1,2026-08-07 06:35,6583
EVT_OLY_2028_001,VEN_STADIUM_12,ZONE_GATE_A1,2026-08-07 06:40,6584
EVT_OLY_2028_001,VEN_STADIUM_12,ZONE_GATE_A1,2026-08-07 06:45,6585
EVT_OLY_2028_001,VEN_STADIUM_12,ZONE_GATE_A1,2026-08-07 06:50,6586
EVT_OLY_2028_001,VEN_STADIUM_12,ZONE_GATE_A1,2026-08-07 06:55,6587
EVT_OLY_2028_001,VEN_STADIUM_12,ZONE_GATE_A1,2026-08-07 07:00,6588
EVT_OLY_2028_001,VEN_STADIUM_12,ZONE_GATE_A1,2026-08-07 07:05,6589
EVT_OLY_2028_001,VEN_STADIUM_12,ZONE_GATE_A1,2026-08-07 07:10,6590
EVT_OLY_2028_001,VEN_STADIUM_12,ZONE_GATE_A1,2026-08-07 07:15,6591
EVT_OLY_2028_001,VEN_STADIUM_12,ZONE_GATE_A1,2026-08-07 07:20,6592
EVT_OLY_2028_001,VEN_STADIUM_12,ZONE_GATE_A1,2026-08-07 07:25,6593
EVT_OLY_2028_001,VEN_STADIUM_12,ZONE_GATE_A1,2026-08-07 07:30,6594
EVT_OLY_2028_001,VEN_STADIUM_12,ZONE_GATE_A1,2026-08-07 07:35,6595
EVT_OLY_2028_001,VEN_STADIUM_12,ZONE_GATE_A1,2026-08-07 07:40,6596
EVT_OLY_2028_001,VEN_STADIUM_12,ZONE_GATE_A1,2026-08-07 07:45,6597
EVT_OLY_2028_001,VEN_STADIUM_12,ZONE_GATE_A1,2026-08-07 07:50,6598
EVT_OLY_2028_001,VEN_STADIUM_12,ZONE_GATE_A1,2026-08-07 07:55,6599
EVT_OLY_2028_001,VEN_STADIUM_12,ZONE_GATE_A1,2026-08-07 08:00,6600
EVT_OLY_2028_001,VEN_STADIUM_12,ZONE_GATE_A1,2026-08-07 08:05,6601
EVT_OLY_2028_001,VEN_STADIUM_12,ZONE_GATE_A1,2026-08-07 08:10,6602
EVT_OLY_2028_001,VEN_STADIUM_12,ZONE_GATE_A1,2026-08-07 08:15,6603
EVT_OLY_2028_001,VEN_STADIUM_12,ZONE_GATE_A1,2026-08-07 08:20,6604
EVT_OLY_2028_001,VEN_STADIUM_12,ZONE_GATE_A1,2026-08-07 08:25,6605
EVT_OLY_2028_001,VEN_STADIUM_12,ZONE_GATE_A1,2026-08-07 08:30,6606
EVT_OLY_2028_001,VEN_STADIUM_12,ZONE_GATE_A1,2026-08-07 08:35,6607
EVT_OLY_2028_001,VEN_STADIUM_12,ZONE_GATE_A1,2026-08-07 08:40,6608
EVT_OLY_2028_001,VEN_STADIUM_12,ZONE_GATE_A1,2026-08-07 08:45,6609
EVT_OLY_2028_001,VEN_STADIUM_12,ZONE_GATE_A1,2026-08-07 08:50,6610
EVT_OLY_2028_001,VEN_STADIUM_12,ZONE_GATE_A1,2026-08-07 08:55,6611
EVT_OLY_2028_001,VEN_STADIUM_12,ZONE_GATE_A1,2026-08-07 09:00,6612
EVT_OLY_2028_001,VEN_STADIUM_12,ZONE_GATE_A1,2026-08-07 09:05,6613
EVT_OLY_2028_001,VEN_STADIUM_12,ZONE_GATE_A1,2026-08-07 09:10,6614
EVT_OLY_2028_001,VEN_STADIUM_12,ZONE_GATE_A1,2026-08-07 09:15,6615
EVT_OLY_2028_001,VEN_STADIUM_12,ZONE_GATE_A1,2026-08-07 09:20,6616
EVT_OLY_2028_001,VEN_STADIUM_12,ZONE_GATE_A1,2026-08-07 09:25,6617
EVT_OLY_2028_001,VEN_STADIUM_12,ZONE_GATE_A1,2026-08-07 09:30,6618
EVT_OLY_2028_001,VEN_STADIUM_12,ZONE_GATE_A1,2026-08-07 09:35,6619
EVT_OLY_2028_001,VEN_STADIUM_12,ZONE_GATE_A1,2026-08-07 09:40,6620
EVT_OLY_2028_001,VEN_STADIUM_12,ZONE_GATE_A1,2026-08-07 09:45,6621
EVT_OLY_2028_001,VEN_STADIUM_12,ZONE_GATE_A1,2026-08-07 09:50,6622
EVT_OLY_2028_001,VEN_STADIUM_12,ZONE_GATE_A1,2026-08-07 09:55,6623
EVT_OLY_2028_001,VEN_STADIUM_12,ZONE_GATE_A1,2026-08-07 10:00,6624
EVT_OLY_2028_001,VEN_STADIUM_12,ZONE_GATE_A1,2026-08-07 10:05,6625
EVT_OLY_2028_001,VEN_STADIUM_12,ZONE_GATE_A1,2026-08-07 10:10,6626
EVT_OLY_2028_001,VEN_STADIUM_12,ZONE_GATE_A1,2026-08-07 10:15,6627
EVT_OLY_2028_001,VEN_STADIUM_12,ZONE_GATE_A1,2026-08-07 10:20,6628
EVT_OLY_2028_001,VEN_STADIUM_12,ZONE_GATE_A1,2026-08-07 10:25,6629
EVT_OLY_2028_001,VEN_STADIUM_12,ZONE_GATE_A1,2026-08-07 10:30,6630
EVT_OLY_2028_001,VEN_STADIUM_12,ZONE_GATE_A1,2026-08-07 10:35,6631
EVT_OLY_2028_001,VEN_STADIUM_12,ZONE_GATE_A1,2026-08-07 10:40,6632
EVT_OLY_2028_001,VEN_STADIUM_12,ZONE_GATE_A1,2026-08-07 10:45,6633
EVT_OLY_2028_001,VEN_STADIUM_12,ZONE_GATE_A1,2026-08-07 10:50,6634
EVT_OLY_2028_001,VEN_STADIUM_12,ZONE_GATE_A1,2026-08-07 10:55,6635
EVT_OLY_2028_001,VEN_STADIUM_12,ZONE_GATE_A1,2026-08-07 11:00,6636
EVT_OLY_2028_001,VEN_STADIUM_12,ZONE_GATE_A1,2026-08-07 11:05,6637
EVT_OLY_2028_001,VEN_STADIUM_12,ZONE_GATE_A1,2026-08-07 11:10,6638
EVT_OLY_2028_001,VEN_STADIUM_12,ZONE_GATE_A1,2026-08-07 11:15,6639
EVT_OLY_2028_001,VEN_STADIUM_12,ZONE_GATE_A1,2026-08-07 11:20,6640
EVT_OLY_2028_001,VEN_STADIUM_12,ZONE_GATE_A1,2026-08-07 11:25,6641
EVT_OLY_2028_001,VEN_STADIUM_12,ZONE_GATE_A1,2026-08-07 11:30,6642
EVT_OLY_2028_001,VEN_STADIUM_12,ZONE_GATE_A1,2026-08-07 11:35,6643
EVT_OLY_2028_001,VEN_STADIUM_12,ZONE_GATE_A1,2026-08-07 11:40,6644
EVT_OLY_2028_001,VEN_STADIUM_12,ZONE_GATE_A1,2026-08-07 11:45,6645
EVT_OLY_2028_001,VEN_STADIUM_12,ZONE_GATE_A1,2026-08-07 11:50,6646
EVT_OLY_2028_001,VEN_STADIUM_12,ZONE_GATE_A1,2026-08-07 11:55,6647
EVT_OLY_2028_001,VEN_STADIUM_12,ZONE_GATE_A1,2026-08-07 12:00,6648
EVT_OLY_2028_001,VEN_STADIUM_12,ZONE_GATE_A1,2026-08-07 12:05,6649
EVT_OLY_2028_001,VEN_STADIUM_12,ZONE_GATE_A1,2026-08-07 12:10,6650
EVT_OLY_2028_001,VEN_STADIUM_12,ZONE_GATE_A1,2026-08-07 12:15,6651
EVT_OLY_2028_001,VEN_STADIUM_12,ZONE_GATE_A1,2026-08-07 12:20,6652
EVT_OLY_2028_001,VEN_STADIUM_12,ZONE_GATE_A1,2026-08-07 12:25,6653
EVT_OLY_2028_001,VEN_STADIUM_12,ZONE_GATE_A1,2026-08-07 12:30,6654
EVT_OLY_2028_001,VEN_STADIUM_12,ZONE_GATE_A1,2026-08-07 12:35,6655
EVT_OLY_2028_001,VEN_STADIUM_12,ZONE_GATE_A1,2026-08-07 12:40,6656
EVT_OLY_2028_001,VEN_STADIUM_12,ZONE_GATE_A1,2026-08-07 12:45,6657
EVT_OLY_2028_001,VEN_STADIUM_12,ZONE_GATE_A1,2026-08-07 12:50,6658
EVT_OLY_2028_001,VEN_STADIUM_12,ZONE_GATE_A1,2026-08-07 12:55,6659
EVT_OLY_2028_001,VEN_STADIUM_12,ZONE_GATE_A1,2026-08-07 13:00,6660
EVT_OLY_2028_001,VEN_STADIUM_12,ZONE_GATE_A1,2026-08-07 13:05,6661
EVT_OLY_2028_001,VEN_STADIUM_12,ZONE_GATE_A1,2026-08-07 13:10,6662
EVT_OLY_2028_001,VEN_STADIUM_12,ZONE_GATE_A1,2026-08-07 13:15,6663
EVT_OLY_2028_001,VEN_STADIUM_12,ZONE_GATE_A1,2026-08-07 13:20,6664
EVT_OLY_2028_001,VEN_STADIUM_12,ZONE_GATE_A1,2026-08-07 13:25,6665
EVT_OLY_2028_001,VEN_STADIUM_12,ZONE_GATE_A1,2026-08-07 13:30,6666
EVT_OLY_2028_001,VEN_STADIUM_12,ZONE_GATE_A1,2026-08-07 13:35,6667
EVT_OLY_2028_001,VEN_STADIUM_12,ZONE_GATE_A1,2026-08-07 13:40,6668
EVT_OLY_2028_001,VEN_STADIUM_12,ZONE_GATE_A1,2026-08-07 13:45,6669
EVT_OLY_2028_001,VEN_STADIUM_12,ZONE_GATE_A1,2026-08-07 13:50,6670
EVT_OLY_2028_001,VEN_STADIUM_12,ZONE_GATE_A1,2026-08-07 13:55,6671
EVT_OLY_2028_001,VEN_STADIUM_12,ZONE_GATE_A1,2026-08-07 14:00,6672
EVT_OLY_2028_001,VEN_STADIUM_12,ZONE_GATE_A1,2026-08-07 14:05,6673
EVT_OLY_2028_001,VEN_STADIUM_12,ZONE_GATE_A1,2026-08-07 14:10,6674
EVT_OLY_2028_001,VEN_STADIUM_12,ZONE_GATE_A1,2026-08-07 14:15,6675
EVT_OLY_2028_001,VEN_STADIUM_12,ZONE_GATE_A1,2026-08-07 14:20,6676
EVT_OLY_2028_001,VEN_STADIUM_12,ZONE_GATE_A1,2026-08-07 14:25,6677
EVT_OLY_2028_001,VEN_STADIUM_12,ZONE_GATE_A1,2026-08-07 14:30,6678
EVT_OLY_2028_001,VEN_STADIUM_12,ZONE_GATE_A1,2026-08-07 14:35,6679
EVT_OLY_2028_001,VEN_STADIUM_12,ZONE_GATE_A1,2026-08-07 14:40,6680
EVT_OLY_2028_001,VEN_STADIUM_12,ZONE_GATE_A1,2026-08-07 14:45,6681
EVT_OLY_2028_001,VEN_STADIUM_12,ZONE_GATE_A1,2026-08-07 14:50,6682
EVT_OLY_2028_001,VEN_STADIUM_12,ZONE_GATE_A1,2026-08-07 14:55,6683
EVT_OLY_2028_001,VEN_STADIUM_12,ZONE_GATE_A1,2026-08-07 15:00,6684
EVT_OLY_2028_001,VEN_STADIUM_12,ZONE_GATE_A1,2026-08-07 15:05,6685
EVT_OLY_2028_001,VEN_STADIUM_12,ZONE_GATE_A1,2026-08-07 15:10,6686
EVT_OLY_2028_001,VEN_STADIUM_12,ZONE_GATE_A1,2026-08-07 15:15,6687
EVT_OLY_2028_001,VEN_STADIUM_12,ZONE_GATE_A1,2026-08-07 15:20,6688
EVT_OLY_2028_001,VEN_STADIUM_12,ZONE_GATE_A1,2026-08-07 15:25,6689
EVT_OLY_2028_001,VEN_STADIUM_12,ZONE_GATE_A1,2026-08-07 15:30,6690
EVT_OLY_2028_001,VEN_STADIUM_12,ZONE_GATE_A1,2026-08-07 15:35,6691
EVT_OLY_2028_001,VEN_STADIUM_12,ZONE_GATE_A1,2026-08-07 15:40,6692
EVT_OLY_2028_001,VEN_STADIUM_12,ZONE_GATE_A1,2026-08-07 15:45,6693
EVT_OLY_2028_001,VEN_STADIUM_12,ZONE_GATE_A1,2026-08-07 15:50,6694
EVT_OLY_2028_001,VEN_STADIUM_12,ZONE_GATE_A1,2026-08-07 15:55,6695
EVT_OLY_2028_001,VEN_STADIUM_12,ZONE_GATE_A1,2026-08-07 16:00,6696
EVT_OLY_2028_001,VEN_STADIUM_12,ZONE_GATE_A1,2026-08-07 16:05,6697
EVT_OLY_2028_001,VEN_STADIUM_12,ZONE_GATE_A1,2026-08-07 16:10,6698
EVT_OLY_2028_001,VEN_STADIUM_12,ZONE_GATE_A1,2026-08-07 16:15,6699
EVT_OLY_2028_001,VEN_STADIUM_12,ZONE_GATE_A1,2026-08-07 16:20,6700
EVT_OLY_2028_001,VEN_STADIUM_12,ZONE_GATE_A1,2026-08-07 16:25,6701
EVT_OLY_2028_001,VEN_STADIUM_12,ZONE_GATE_A1,2026-08-07 16:30,6702
EVT_OLY_2028_001,VEN_STADIUM_12,ZONE_GATE_A1,2026-08-07 16:35,6703
EVT_OLY_2028_001,VEN_STADIUM_12,ZONE_GATE_A1,2026-08-07 16:40,6704
EVT_OLY_2028_001,VEN_STADIUM_12,ZONE_GATE_A1,2026-08-07 16:45,6705
EVT_OLY_2028_001,VEN_STADIUM_12,ZONE_GATE_A1,2026-08-07 16:50,6706
EVT_OLY_2028_001,VEN_STADIUM_12,ZONE_GATE_A1,2026-08-07 16:55,6707
EVT_OLY_2028_001,VEN_STADIUM_12,ZONE_GATE_A1,2026-08-07 17:00,6708
EVT_OLY_2028_001,VEN_STADIUM_12,ZONE_GATE_A1,2026-08-07 17:05,6709
EVT_OLY_2028_001,VEN_STADIUM_12,ZONE_GATE_A1,2026-08-07 17:10,6710
EVT_OLY_2028_001,VEN_STADIUM_12,ZONE_GATE_A1,2026-08-07 17:15,6711
EVT_OLY_2028_001,VEN_STADIUM_12,ZONE_GATE_A1,2026-08-07 17:20,6712
EVT_OLY_2028_001,VEN_STADIUM_12,ZONE_GATE_A1,2026-08-07 17:25,6713
EVT_OLY_2028_001,VEN_STADIUM_12,ZONE_GATE_A1,2026-08-07 17:30,6714
EVT_OLY_2028_001,VEN_STADIUM_12,ZONE_GATE_A1,2026-08-07 17:35,6715
EVT_OLY_2028_001,VEN_STADIUM_12,ZONE_GATE_A1,2026-08-07 17:40,6716
EVT_OLY_2028_001,VEN_STADIUM_12,ZONE_GATE_A1,2026-08-07 17:45,6717
EVT_OLY_2028_001,VEN_STADIUM_12,ZONE_GATE_A1,2026-08-07 17:50,6718
EVT_OLY_2028_001,VEN_STADIUM_12,ZONE_GATE_A1,2026-08-07 17:55,6719
EVT_OLY_2028_001,VEN_STADIUM_12,ZONE_GATE_A1,2026-08-07 18:00,6720
EVT_OLY_2028_001,VEN_STADIUM_12,ZONE_GATE_A1,2026-08-07 18:05,6721
EVT_OLY_2028_001,VEN_STADIUM_12,ZONE_GATE_A1,2026-08-07 18:10,6722
EVT_OLY_2028_001,VEN_STADIUM_12,ZONE_GATE_A1,2026-08-07 18:15,6723
EVT_OLY_2028_001,VEN_STADIUM_12,ZONE_GATE_A1,2026-08-07 18:20,6724
EVT_OLY_2028_001,VEN_STADIUM_12,ZONE_GATE_A1,2026-08-07 18:25,6725
EVT_OLY_2028_001,VEN_STADIUM_12,ZONE_GATE_A1,2026-08-07 18:30,6726
EVT_OLY_2028_001,VEN_STADIUM_12,ZONE_GATE_A1,2026-08-07 18:35,6727
EVT_OLY_2028_001,VEN_STADIUM_12,ZONE_GATE_A1,2026-08-07 18:40,6728
EVT_OLY_2028_001,VEN_STADIUM_12,ZONE_GATE_A1,2026-08-07 18:45,6729
EVT_OLY_2028_001,VEN_STADIUM_12,ZONE_GATE_A1,2026-08-07 18:50,6730
EVT_OLY_2028_001,VEN_STADIUM_12,ZONE_GATE_A1,2026-08-07 18:55,6731
EVT_OLY_2028_001,VEN_STADIUM_12,ZONE_GATE_A1,2026-08-07 19:00,6732
EVT_OLY_2028_001,VEN_STADIUM_12,ZONE_GATE_A1,2026-08-07 19:05,6733
EVT_OLY_2028_001,VEN_STADIUM_12,ZONE_GATE_A1,2026-08-07 19:10,6734
EVT_OLY_2028_001,VEN_STADIUM_12,ZONE_GATE_A1,2026-08-07 19:15,6735
EVT_OLY_2028_001,VEN_STADIUM_12,ZONE_GATE_A1,2026-08-07 19:20,6736
EVT_OLY_2028_001,VEN_STADIUM_12,ZONE_GATE_A1,2026-08-07 19:25,6737
EVT_OLY_2028_001,VEN_STADIUM_12,ZONE_GATE_A1,2026-08-07 19:30,6738
EVT_OLY_2028_001,VEN_STADIUM_12,ZONE_GATE_A1,2026-08-07 19:35,6739
EVT_OLY_2028_001,VEN_STADIUM_12,ZONE_GATE_A1,2026-08-07 19:40,6740
EVT_OLY_2028_001,VEN_STADIUM_12,ZONE_GATE_A1,2026-08-07 19:45,6741
EVT_OLY_2028_001,VEN_STADIUM_12,ZONE_GATE_A1,2026-08-07 19:50,6742
EVT_OLY_2028_001,VEN_STADIUM_12,ZONE_GATE_A1,2026-08-07 19:55,6743
EVT_OLY_2028_001,VEN_STADIUM_12,ZONE_GATE_A1,2026-08-07 20:00,6744
EVT_OLY_2028_001,VEN_STADIUM_12,ZONE_GATE_A1,2026-08-07 20:05,6745
EVT_OLY_2028_001,VEN_STADIUM_12,ZONE_GATE_A1,2026-08-07 20:10,6746
EVT_OLY_2028_001,VEN_STADIUM_12,ZONE_GATE_A1,2026-08-07 20:15,6747
EVT_OLY_2028_001,VEN_STADIUM_12,ZONE_GATE_A1,2026-08-07 20:20,6748
EVT_OLY_2028_001,VEN_STADIUM_12,ZONE_GATE_A1,2026-08-07 20:25,6749
EVT_OLY_2028_001,VEN_STADIUM_12,ZONE_GATE_A1,2026-08-07 20:30,6750
EVT_OLY_2028_001,VEN_STADIUM_12,ZONE_GATE_A1,2026-08-07 20:35,6751
EVT_OLY_2028_001,VEN_STADIUM_12,ZONE_GATE_A1,2026-08-07 20:40,6752
EVT_OLY_2028_001,VEN_STADIUM_12,ZONE_GATE_A1,2026-08-07 20:45,6753
EVT_OLY_2028_001,VEN_STADIUM_12,ZONE_GATE_A1,2026-08-07 20:50,6754
EVT_OLY_2028_001,VEN_STADIUM_12,ZONE_GATE_A1,2026-08-07 20:55,6755
EVT_OLY_2028_001,VEN_STADIUM_12,ZONE_GATE_A1,2026-08-07 21:00,6756
EVT_OLY_2028_001,VEN_STADIUM_12,ZONE_GATE_A1,2026-08-07 21:05,6757
EVT_OLY_2028_001,VEN_STADIUM_12,ZONE_GATE_A1,2026-08-07 21:10,6758
EVT_OLY_2028_001,VEN_STADIUM_12,ZONE_GATE_A1,2026-08-07 21:15,6759
EVT_OLY_2028_001,VEN_STADIUM_12,ZONE_GATE_A1,2026-08-07 21:20,6760
EVT_OLY_2028_001,VEN_STADIUM_12,ZONE_GATE_A1,2026-08-07 21:25,6761
EVT_OLY_2028_001,VEN_STADIUM_12,ZONE_GATE_A1,2026-08-07 21:30,6762
EVT_OLY_2028_001,VEN_STADIUM_12,ZONE_GATE_A1,2026-08-07 21:35,6763
EVT_OLY_2028_001,VEN_STADIUM_12,ZONE_GATE_A1,2026-08-07 21:40,6764
EVT_OLY_2028_001,VEN_STADIUM_12,ZONE_GATE_A1,2026-08-07 21:45,6765
EVT_OLY_2028_001,VEN_STADIUM_12,ZONE_GATE_A1,2026-08-07 21:50,6766
EVT_OLY_2028_001,VEN_STADIUM_12,ZONE_GATE_A1,2026-08-07 21:55,6767
EVT_OLY_2028_001,VEN_STADIUM_12,ZONE_GATE_A1,2026-08-07 22:00,6768
EVT_OLY_2028_001,VEN_STADIUM_12,ZONE_GATE_A1,2026-08-07 22:05,6769
EVT_OLY_2028_001,VEN_STADIUM_12,ZONE_GATE_A1,2026-08-07 22:10,6770
EVT_OLY_2028_001,VEN_STADIUM_12,ZONE_GATE_A1,2026-08-07 22:15,6771
EVT_OLY_2028_001,VEN_STADIUM_12,ZONE_GATE_A1,2026-08-07 22:20,6772
EVT_OLY_2028_001,VEN_STADIUM_12,ZONE_GATE_A1,2026-08-07 22:25,6773
EVT_OLY_2028_001,VEN_STADIUM_12,ZONE_GATE_A1,2026-08-07 22:30,6774
EVT_OLY_2028_001,VEN_STADIUM_12,ZONE_GATE_A1,2026-08-07 22:35,6775
EVT_OLY_2028_001,VEN_STADIUM_12,ZONE_GATE_A1,2026-08-07 22:40,6776
EVT_OLY_2028_001,VEN_STADIUM_12,ZONE_GATE_A1,2026-08-07 22:45,6777
EVT_OLY_2028_001,VEN_STADIUM_12,ZONE_GATE_A1,2026-08-07 22:50,6778
EVT_OLY_2028_001,VEN_STADIUM_12,ZONE_GATE_A1,2026-08-07 22:55,6779
EVT_OLY_2028_001,VEN_STADIUM_12,ZONE_GATE_A1,2026-08-07 23:00,6780
EVT_OLY_2028_001,VEN_STADIUM_12,ZONE_GATE_A1,2026-08-07 23:05,6781
EVT_OLY_2028_001,VEN_STADIUM_12,ZONE_GATE_A1,2026-08-07 23:10,6782
EVT_OLY_2028_001,VEN_STADIUM_12,ZONE_GATE_A1,2026-08-07 23:15,6783
EVT_OLY_2028_001,VEN_STADIUM_12,ZONE_GATE_A1,2026-08-07 23:20,6784
EVT_OLY_2028_001,VEN_STADIUM_12,ZONE_GATE_A1,2026-08-07 23:25,6785
EVT_OLY_2028_001,VEN_STADIUM_12,ZONE_GATE_A1,2026-08-07 23:30,6786
EVT_OLY_2028_001,VEN_STADIUM_12,ZONE_GATE_A1,2026-08-07 23:35,6787
EVT_OLY_2028_001,VEN_STADIUM_12,ZONE_GATE_A1,2026-08-07 23:40,6788
EVT_OLY_2028_001,VEN_STADIUM_12,ZONE_GATE_A1,2026-08-07 23:45,6789
EVT_OLY_2028_001,VEN_STADIUM_12,ZONE_GATE_A1,2026-08-07 23:50,6790
EVT_OLY_2028_001,VEN_STADIUM_12,ZONE_GATE_A1,2026-08-07 23:55,6791
EVT_OLY_2028_001,VEN_STADIUM_12,ZONE_GATE_A1,2026-08-08 00:00,6792
EVT_OLY_2028_001,VEN_STADIUM_12,ZONE_GATE_A1,2026-08-08 00:05,6793
EVT_OLY_2028_001,VEN_STADIUM_12,ZONE_GATE_A1,2026-08-08 00:10,6794
EVT_OLY_2028_001,VEN_STADIUM_12,ZONE_GATE_A1,2026-08-08 00:15,6795
EVT_OLY_2028_001,VEN_STADIUM_12,ZONE_GATE_A1,2026-08-08 00:20,6796
EVT_OLY_2028_001,VEN_STADIUM_12,ZONE_GATE_A1,2026-08-08 00:25,6797
EVT_OLY_2028_001,VEN_STADIUM_12,ZONE_GATE_A1,2026-08-08 00:30,6798
EVT_OLY_2028_001,VEN_STADIUM_12,ZONE_GATE_A1,2026-08-08 00:35,6799
EVT_OLY_2028_001,VEN_STADIUM_12,ZONE_GATE_A1,2026-08-08 00:40,6800
EVT_OLY_2028_001,VEN_STADIUM_12,ZONE_GATE_A1,2026-08-08 00:45,6801
EVT_OLY_2028_001,VEN_STADIUM_12,ZONE_GATE_A1,2026-08-08 00:50,6802
EVT_OLY_2028_001,VEN_STADIUM_12,ZONE_GATE_A1,2026-08-08 00:55,6803
EVT_OLY_2028_001,VEN_STADIUM_12,ZONE_GATE_A1,2026-08-08 01:00,6804
EVT_OLY_2028_001,VEN_STADIUM_12,ZONE_GATE_A1,2026-08-08 01:05,6805
EVT_OLY_2028_001,VEN_STADIUM_12,ZONE_GATE_A1,2026-08-08 01:10,6806
EVT_OLY_2028_001,VEN_STADIUM_12,ZONE_GATE_A1,2026-08-08 01:15,6807
EVT_OLY_2028_001,VEN_STADIUM_12,ZONE_GATE_A1,2026-08-08 01:20,6808
EVT_OLY_2028_001,VEN_STADIUM_12,ZONE_GATE_A1,2026-08-08 01:25,6809
EVT_OLY_2028_001,VEN_STADIUM_12,ZONE_GATE_A1,2026-08-08 01:30,6810
EVT_OLY_2028_001,VEN_STADIUM_12,ZONE_GATE_A1,2026-08-08 01:35,6811
EVT_OLY_2028_001,VEN_STADIUM_12,ZONE_GATE_A1,2026-08-08 01:40,6812
EVT_OLY_2028_001,VEN_STADIUM_12,ZONE_GATE_A1,2026-08-08 01:45,6813
EVT_OLY_2028_001,VEN_STADIUM_12,ZONE_GATE_A1,2026-08-08 01:50,6814
EVT_OLY_2028_001,VEN_STADIUM_12,ZONE_GATE_A1,2026-08-08 01:55,6815
EVT_OLY_2028_001,VEN_STADIUM_12,ZONE_GATE_A1,2026-08-08 02:00,6816
EVT_OLY_2028_001,VEN_STADIUM_12,ZONE_GATE_A1,2026-08-08 02:05,6817
EVT_OLY_2028_001,VEN_STADIUM_12,ZONE_GATE_A1,2026-08-08 02:10,6818
EVT_OLY_2028_001,VEN_STADIUM_12,ZONE_GATE_A1,2026-08-08 02:15,6819
EVT_OLY_2028_001,VEN_STADIUM_12,ZONE_GATE_A1,2026-08-08 02:20,6820
EVT_OLY_2028_001,VEN_STADIUM_12,ZONE_GATE_A1,2026-08-08 02:25,6821
EVT_OLY_2028_001,VEN_STADIUM_12,ZONE_GATE_A1,2026-08-08 02:30,6822
EVT_OLY_2028_001,VEN_STADIUM_12,ZONE_GATE_A1,2026-08-08 02:35,6823
EVT_OLY_2028_001,VEN_STADIUM_12,ZONE_GATE_A1,2026-08-08 02:40,6824
EVT_OLY_2028_001,VEN_STADIUM_12,ZONE_GATE_A1,2026-08-08 02:45,6825
EVT_OLY_2028_001,VEN_STADIUM_12,ZONE_GATE_A1,2026-08-08 02:50,6826
EVT_OLY_2028_001,VEN_STADIUM_12,ZONE_GATE_A1,2026-08-08 02:55,6827
EVT_OLY_2028_001,VEN_STADIUM_12,ZONE_GATE_A1,2026-08-08 03:00,6828
EVT_OLY_2028_001,VEN_STADIUM_12,ZONE_GATE_A1,2026-08-08 03:05,6829
EVT_OLY_2028_001,VEN_STADIUM_12,ZONE_GATE_A1,2026-08-08 03:10,6830
EVT_OLY_2028_001,VEN_STADIUM_12,ZONE_GATE_A1,2026-08-08 03:15,6831
EVT_OLY_2028_001,VEN_STADIUM_12,ZONE_GATE_A1,2026-08-08 03:20,6832
EVT_OLY_2028_001,VEN_STADIUM_12,ZONE_GATE_A1,2026-08-08 03:25,6833
EVT_OLY_2028_001,VEN_STADIUM_12,ZONE_GATE_A1,2026-08-08 03:30,6834
EVT_OLY_2028_001,VEN_STADIUM_12,ZONE_GATE_A1,2026-08-08 03:35,6835
EVT_OLY_2028_001,VEN_STADIUM_12,ZONE_GATE_A1,2026-08-08 03:40,6836
EVT_OLY_2028_001,VEN_STADIUM_12,ZONE_GATE_A1,2026-08-08 03:45,6837
EVT_OLY_2028_001,VEN_STADIUM_12,ZONE_GATE_A1,2026-08-08 03:50,6838
EVT_OLY_2028_001,VEN_STADIUM_12,ZONE_GATE_A1,2026-08-08 03:55,6839
EVT_OLY_2028_001,VEN_STADIUM_12,ZONE_GATE_A1,2026-08-08 04:00,6840
EVT_OLY_2028_001,VEN_STADIUM_12,ZONE_GATE_A1,2026-08-08 04:05,6841
EVT_OLY_2028_001,VEN_STADIUM_12,ZONE_GATE_A1,2026-08-08 04:10,6842
EVT_OLY_2028_001,VEN_STADIUM_12,ZONE_GATE_A1,2026-08-08 04:15,6843
EVT_OLY_2028_001,VEN_STADIUM_12,ZONE_GATE_A1,2026-08-08 04:20,6844
EVT_OLY_2028_001,VEN_STADIUM_12,ZONE_GATE_A1,2026-08-08 04:25,6845
EVT_OLY_2028_001,VEN_STADIUM_12,ZONE_GATE_A1,2026-08-08 04:30,6846
EVT_OLY_2028_001,VEN_STADIUM_12,ZONE_GATE_A1,2026-08-08 04:35,6847
EVT_OLY_2028_001,VEN_STADIUM_12,ZONE_GATE_A1,2026-08-08 04:40,6848
EVT_OLY_2028_001,VEN_STADIUM_12,ZONE_GATE_A1,2026-08-08 04:45,6849
EVT_OLY_2028_001,VEN_STADIUM_12,ZONE_GATE_A1,2026-08-08 04:50,6850
EVT_OLY_2028_001,VEN_STADIUM_12,ZONE_GATE_A1,2026-08-08 04:55,6851
EVT_OLY_2028_001,VEN_STADIUM_12,ZONE_GATE_A1,2026-08-08 05:00,6852
EVT_OLY_2028_001,VEN_STADIUM_12,ZONE_GATE_A1,2026-08-08 05:05,6853
EVT_OLY_2028_001,VEN_STADIUM_12,ZONE_GATE_A1,2026-08-08 05:10,6854
EVT_OLY_2028_001,VEN_STADIUM_12,ZONE_GATE_A1,2026-08-08 05:15,6855
EVT_OLY_2028_001,VEN_STADIUM_12,ZONE_GATE_A1,2026-08-08 05:20,6856
EVT_OLY_2028_001,VEN_STADIUM_12,ZONE_GATE_A1,2026-08-08 05:25,6857
EVT_OLY_2028_001,VEN_STADIUM_12,ZONE_GATE_A1,2026-08-08 05:30,6858
EVT_OLY_2028_001,VEN_STADIUM_12,ZONE_GATE_A1,2026-08-08 05:35,6859
EVT_OLY_2028_001,VEN_STADIUM_12,ZONE_GATE_A1,2026-08-08 05:40,6860
EVT_OLY_2028_001,VEN_STADIUM_12,ZONE_GATE_A1,2026-08-08 05:45,6861
EVT_OLY_2028_001,VEN_STADIUM_12,ZONE_GATE_A1,2026-08-08 05:50,6862
EVT_OLY_2028_001,VEN_STADIUM_12,ZONE_GATE_A1,2026-08-08 05:55,6863
EVT_OLY_2028_001,VEN_STADIUM_12,ZONE_GATE_A1,2026-08-08 06:00,6864
EVT_OLY_2028_001,VEN_STADIUM_12,ZONE_GATE_A1,2026-08-08 06:05,6865
EVT_OLY_2028_001,VEN_STADIUM_12,ZONE_GATE_A1,2026-08-08 06:10,6866
EVT_OLY_2028_001,VEN_STADIUM_12,ZONE_GATE_A1,2026-08-08 06:15,6867
EVT_OLY_2028_001,VEN_STADIUM_12,ZONE_GATE_A1,2026-08-08 06:20,6868
EVT_OLY_2028_001,VEN_STADIUM_12,ZONE_GATE_A1,2026-08-08 06:25,6869
EVT_OLY_2028_001,VEN_STADIUM_12,ZONE_GATE_A1,2026-08-08 06:30,6870
EVT_OLY_2028_001,VEN_STADIUM_12,ZONE_GATE_A1,2026-08-08 06:35,6871
EVT_OLY_2028_001,VEN_STADIUM_12,ZONE_GATE_A1,2026-08-08 06:40,6872
EVT_OLY_2028_001,VEN_STADIUM_12,ZONE_GATE_A1,2026-08-08 06:45,6873
EVT_OLY_2028_001,VEN_STADIUM_12,ZONE_GATE_A1,2026-08-08 06:50,6874
EVT_OLY_2028_001,VEN_STADIUM_12,ZONE_GATE_A1,2026-08-08 06:55,6875
EVT_OLY_2028_001,VEN_STADIUM_12,ZONE_GATE_A1,2026-08-08 07:00,6876
EVT_OLY_2028_001,VEN_STADIUM_12,ZONE_GATE_A1,2026-08-08 07:05,6877
EVT_OLY_2028_001,VEN_STADIUM_12,ZONE_GATE_A1,2026-08-08 07:10,6878
EVT_OLY_2028_001,VEN_STADIUM_12,ZONE_GATE_A1,2026-08-08 07:15,6879
EVT_OLY_2028_001,VEN_STADIUM_12,ZONE_GATE_A1,2026-08-08 07:20,6880
EVT_OLY_2028_001,VEN_STADIUM_12,ZONE_GATE_A1,2026-08-08 07:25,6881
EVT_OLY_2028_001,VEN_STADIUM_12,ZONE_GATE_A1,2026-08-08 07:30,6882
EVT_OLY_2028_001,VEN_STADIUM_12,ZONE_GATE_A1,2026-08-08 07:35,6883
EVT_OLY_2028_001,VEN_STADIUM_12,ZONE_GATE_A1,2026-08-08 07:40,6884
EVT_OLY_2028_001,VEN_STADIUM_12,ZONE_GATE_A1,2026-08-08 07:45,6885
EVT_OLY_2028_001,VEN_STADIUM_12,ZONE_GATE_A1,2026-08-08 07:50,6886
EVT_OLY_2028_001,VEN_STADIUM_12,ZONE_GATE_A1,2026-08-08 07:55,6887
EVT_OLY_2028_001,VEN_STADIUM_12,ZONE_GATE_A1,2026-08-08 08:00,6888
EVT_OLY_2028_001,VEN_STADIUM_12,ZONE_GATE_A1,2026-08-08 08:05,6889
EVT_OLY_2028_001,VEN_STADIUM_12,ZONE_GATE_A1,2026-08-08 08:10,6890
EVT_OLY_2028_001,VEN_STADIUM_12,ZONE_GATE_A1,2026-08-08 08:15,6891
EVT_OLY_2028_001,VEN_STADIUM_12,ZONE_GATE_A1,2026-08-08 08:20,6892
EVT_OLY_2028_001,VEN_STADIUM_12,ZONE_GATE_A1,2026-08-08 08:25,6893
EVT_OLY_2028_001,VEN_STADIUM_12,ZONE_GATE_A1,2026-08-08 08:30,6894
EVT_OLY_2028_001,VEN_STADIUM_12,ZONE_GATE_A1,2026-08-08 08:35,6895
EVT_OLY_2028_001,VEN_STADIUM_12,ZONE_GATE_A1,2026-08-08 08:40,6896
EVT_OLY_2028_001,VEN_STADIUM_12,ZONE_GATE_A1,2026-08-08 08:45,6897
EVT_OLY_2028_001,VEN_STADIUM_12,ZONE_GATE_A1,2026-08-08 08:50,6898
EVT_OLY_2028_001,VEN_STADIUM_12,ZONE_GATE_A1,2026-08-08 08:55,6899
EVT_OLY_2028_001,VEN_STADIUM_12,ZONE_GATE_A1,2026-08-08 09:00,6900
EVT_OLY_2028_001,VEN_STADIUM_12,ZONE_GATE_A1,2026-08-08 09:05,6901
EVT_OLY_2028_001,VEN_STADIUM_12,ZONE_GATE_A1,2026-08-08 09:10,6902
EVT_OLY_2028_001,VEN_STADIUM_12,ZONE_GATE_A1,2026-08-08 09:15,6903
EVT_OLY_2028_001,VEN_STADIUM_12,ZONE_GATE_A1,2026-08-08 09:20,6904
EVT_OLY_2028_001,VEN_STADIUM_12,ZONE_GATE_A1,2026-08-08 09:25,6905
EVT_OLY_2028_001,VEN_STADIUM_12,ZONE_GATE_A1,2026-08-08 09:30,6906
EVT_OLY_2028_001,VEN_STADIUM_12,ZONE_GATE_A1,2026-08-08 09:35,6907
EVT_OLY_2028_001,VEN_STADIUM_12,ZONE_GATE_A1,2026-08-08 09:40,6908
EVT_OLY_2028_001,VEN_STADIUM_12,ZONE_GATE_A1,2026-08-08 09:45,6909
EVT_OLY_2028_001,VEN_STADIUM_12,ZONE_GATE_A1,2026-08-08 09:50,6910
EVT_OLY_2028_001,VEN_STADIUM_12,ZONE_GATE_A1,2026-08-08 09:55,6911
EVT_OLY_2028_001,VEN_STADIUM_12,ZONE_GATE_A1,2026-08-08 10:00,6912
EVT_OLY_2028_001,VEN_STADIUM_12,ZONE_GATE_A1,2026-08-08 10:05,6913
EVT_OLY_2028_001,VEN_STADIUM_12,ZONE_GATE_A1,2026-08-08 10:10,6914
EVT_OLY_2028_001,VEN_STADIUM_12,ZONE_GATE_A1,2026-08-08 10:15,6915
EVT_OLY_2028_001,VEN_STADIUM_12,ZONE_GATE_A1,2026-08-08 10:20,6916
EVT_OLY_2028_001,VEN_STADIUM_12,ZONE_GATE_A1,2026-08-08 10:25,6917
EVT_OLY_2028_001,VEN_STADIUM_12,ZONE_GATE_A1,2026-08-08 10:30,6918
EVT_OLY_2028_001,VEN_STADIUM_12,ZONE_GATE_A1,2026-08-08 10:35,6919
EVT_OLY_2028_001,VEN_STADIUM_12,ZONE_GATE_A1,2026-08-08 10:40,6920
EVT_OLY_2028_001,VEN_STADIUM_12,ZONE_GATE_A1,2026-08-08 10:45,6921
EVT_OLY_2028_001,VEN_STADIUM_12,ZONE_GATE_A1,2026-08-08 10:50,6922
EVT_OLY_2028_001,VEN_STADIUM_12,ZONE_GATE_A1,2026-08-08 10:55,6923
EVT_OLY_2028_001,VEN_STADIUM_12,ZONE_GATE_A1,2026-08-08 11:00,6924
EVT_OLY_2028_001,VEN_STADIUM_12,ZONE_GATE_A1,2026-08-08 11:05,6925
EVT_OLY_2028_001,VEN_STADIUM_12,ZONE_GATE_A1,2026-08-08 11:10,6926
EVT_OLY_2028_001,VEN_STADIUM_12,ZONE_GATE_A1,2026-08-08 11:15,6927
EVT_OLY_2028_001,VEN_STADIUM_12,ZONE_GATE_A1,2026-08-08 11:20,6928
EVT_OLY_2028_001,VEN_STADIUM_12,ZONE_GATE_A1,2026-08-08 11:25,6929
EVT_OLY_2028_001,VEN_STADIUM_12,ZONE_GATE_A1,2026-08-08 11:30,6930
EVT_OLY_2028_001,VEN_STADIUM_12,ZONE_GATE_A1,2026-08-08 11:35,6931
EVT_OLY_2028_001,VEN_STADIUM_12,ZONE_GATE_A1,2026-08-08 11:40,6932
EVT_OLY_2028_001,VEN_STADIUM_12,ZONE_GATE_A1,2026-08-08 11:45,6933
EVT_OLY_2028_001,VEN_STADIUM_12,ZONE_GATE_A1,2026-08-08 11:50,6934
EVT_OLY_2028_001,VEN_STADIUM_12,ZONE_GATE_A1,2026-08-08 11:55,6935
EVT_OLY_2028_001,VEN_STADIUM_12,ZONE_GATE_A1,2026-08-08 12:00,6936
EVT_OLY_2028_001,VEN_STADIUM_12,ZONE_GATE_A1,2026-08-08 12:05,6937
EVT_OLY_2028_001,VEN_STADIUM_12,ZONE_GATE_A1,2026-08-08 12:10,6938
EVT_OLY_2028_001,VEN_STADIUM_12,ZONE_GATE_A1,2026-08-08 12:15,6939
EVT_OLY_2028_001,VEN_STADIUM_12,ZONE_GATE_A1,2026-08-08 12:20,6940
EVT_OLY_2028_001,VEN_STADIUM_12,ZONE_GATE_A1,2026-08-08 12:25,6941
EVT_OLY_2028_001,VEN_STADIUM_12,ZONE_GATE_A1,2026-08-08 12:30,6942
EVT_OLY_2028_001,VEN_STADIUM_12,ZONE_GATE_A1,2026-08-08 12:35,6943
EVT_OLY_2028_001,VEN_STADIUM_12,ZONE_GATE_A1,2026-08-08 12:40,6944
EVT_OLY_2028_001,VEN_STADIUM_12,ZONE_GATE_A1,2026-08-08 12:45,6945
EVT_OLY_2028_001,VEN_STADIUM_12,ZONE_GATE_A1,2026-08-08 12:50,6946
EVT_OLY_2028_001,VEN_STADIUM_12,ZONE_GATE_A1,2026-08-08 12:55,6947
EVT_OLY_2028_001,VEN_STADIUM_12,ZONE_GATE_A1,2026-08-08 13:00,6948
EVT_OLY_2028_001,VEN_STADIUM_12,ZONE_GATE_A1,2026-08-08 13:05,6949
EVT_OLY_2028_001,VEN_STADIUM_12,ZONE_GATE_A1,2026-08-08 13:10,6950
EVT_OLY_2028_001,VEN_STADIUM_12,ZONE_GATE_A1,2026-08-08 13:15,6951
EVT_OLY_2028_001,VEN_STADIUM_12,ZONE_GATE_A1,2026-08-08 13:20,6952
EVT_OLY_2028_001,VEN_STADIUM_12,ZONE_GATE_A1,2026-08-08 13:25,6953
EVT_OLY_2028_001,VEN_STADIUM_12,ZONE_GATE_A1,2026-08-08 13:30,6954
EVT_OLY_2028_001,VEN_STADIUM_12,ZONE_GATE_A1,2026-08-08 13:35,6955
EVT_OLY_2028_001,VEN_STADIUM_12,ZONE_GATE_A1,2026-08-08 13:40,6956
EVT_OLY_2028_001,VEN_STADIUM_12,ZONE_GATE_A1,2026-08-08 13:45,6957
EVT_OLY_2028_001,VEN_STADIUM_12,ZONE_GATE_A1,2026-08-08 13:50,6958
EVT_OLY_2028_001,VEN_STADIUM_12,ZONE_GATE_A1,2026-08-08 13:55,6959
EVT_OLY_2028_001,VEN_STADIUM_12,ZONE_GATE_A1,2026-08-08 14:00,6960
EVT_OLY_2028_001,VEN_STADIUM_12,ZONE_GATE_A1,2026-08-08 14:05,6961
EVT_OLY_2028_001,VEN_STADIUM_12,ZONE_GATE_A1,2026-08-08 14:10,6962
EVT_OLY_2028_001,VEN_STADIUM_12,ZONE_GATE_A1,2026-08-08 14:15,6963
EVT_OLY_2028_001,VEN_STADIUM_12,ZONE_GATE_A1,2026-08-08 14:20,6964
EVT_OLY_2028_001,VEN_STADIUM_12,ZONE_GATE_A1,2026-08-08 14:25,6965
EVT_OLY_2028_001,VEN_STADIUM_12,ZONE_GATE_A1,2026-08-08 14:30,6966
EVT_OLY_2028_001,VEN_STADIUM_12,ZONE_GATE_A1,2026-08-08 14:35,6967
EVT_OLY_2028_001,VEN_STADIUM_12,ZONE_GATE_A1,2026-08-08 14:40,6968
EVT_OLY_2028_001,VEN_STADIUM_12,ZONE_GATE_A1,2026-08-08 14:45,6969
EVT_OLY_2028_001,VEN_STADIUM_12,ZONE_GATE_A1,2026-08-08 14:50,6970
EVT_OLY_2028_001,VEN_STADIUM_12,ZONE_GATE_A1,2026-08-08 14:55,6971
EVT_OLY_2028_001,VEN_STADIUM_12,ZONE_GATE_A1,2026-08-08 15:00,6972
EVT_OLY_2028_001,VEN_STADIUM_12,ZONE_GATE_A1,2026-08-08 15:05,6973
EVT_OLY_2028_001,VEN_STADIUM_12,ZONE_GATE_A1,2026-08-08 15:10,6974
EVT_OLY_2028_001,VEN_STADIUM_12,ZONE_GATE_A1,2026-08-08 15:15,6975
EVT_OLY_2028_001,VEN_STADIUM_12,ZONE_GATE_A1,2026-08-08 15:20,6976
EVT_OLY_2028_001,VEN_STADIUM_12,ZONE_GATE_A1,2026-08-08 15:25,6977
EVT_OLY_2028_001,VEN_STADIUM_12,ZONE_GATE_A1,2026-08-08 15:30,6978
EVT_OLY_2028_001,VEN_STADIUM_12,ZONE_GATE_A1,2026-08-08 15:35,6979
EVT_OLY_2028_001,VEN_STADIUM_12,ZONE_GATE_A1,2026-08-08 15:40,6980
EVT_OLY_2028_001,VEN_STADIUM_12,ZONE_GATE_A1,2026-08-08 15:45,6981
EVT_OLY_2028_001,VEN_STADIUM_12,ZONE_GATE_A1,2026-08-08 15:50,6982
EVT_OLY_2028_001,VEN_STADIUM_12,ZONE_GATE_A1,2026-08-08 15:55,6983
EVT_OLY_2028_001,VEN_STADIUM_12,ZONE_GATE_A1,2026-08-08 16:00,6984
EVT_OLY_2028_001,VEN_STADIUM_12,ZONE_GATE_A1,2026-08-08 16:05,6985
EVT_OLY_2028_001,VEN_STADIUM_12,ZONE_GATE_A1,2026-08-08 16:10,6986
EVT_OLY_2028_001,VEN_STADIUM_12,ZONE_GATE_A1,2026-08-08 16:15,6987
EVT_OLY_2028_001,VEN_STADIUM_12,ZONE_GATE_A1,2026-08-08 16:20,6988
EVT_OLY_2028_001,VEN_STADIUM_12,ZONE_GATE_A1,2026-08-08 16:25,6989
EVT_OLY_2028_001,VEN_STADIUM_12,ZONE_GATE_A1,2026-08-08 16:30,6990
EVT_OLY_2028_001,VEN_STADIUM_12,ZONE_GATE_A1,2026-08-08 16:35,6991
EVT_OLY_2028_001,VEN_STADIUM_12,ZONE_GATE_A1,2026-08-08 16:40,6992
EVT_OLY_2028_001,VEN_STADIUM_12,ZONE_GATE_A1,2026-08-08 16:45,6993
EVT_OLY_2028_001,VEN_STADIUM_12,ZONE_GATE_A1,2026-08-08 16:50,6994
EVT_OLY_2028_001,VEN_STADIUM_12,ZONE_GATE_A1,2026-08-08 16:55,6995
EVT_OLY_2028_001,VEN_STADIUM_12,ZONE_GATE_A1,2026-08-08 17:00,6996
EVT_OLY_2028_001,VEN_STADIUM_12,ZONE_GATE_A1,2026-08-08 17:05,6997
EVT_OLY_2028_001,VEN_STADIUM_12,ZONE_GATE_A1,2026-08-08 17:10,6998
EVT_OLY_2028_001,VEN_STADIUM_12,ZONE_GATE_A1,2026-08-08 17:15,6999
EVT_OLY_2028_001,VEN_STADIUM_12,ZONE_GATE_A1,2026-08-08 17:20,7000
EVT_OLY_2028_001,VEN_STADIUM_12,ZONE_GATE_A1,2026-08-08 17:25,7001
EVT_OLY_2028_001,VEN_STADIUM_12,ZONE_GATE_A1,2026-08-08 17:30,7002
EVT_OLY_2028_001,VEN_STADIUM_12,ZONE_GATE_A1,2026-08-08 17:35,7003
EVT_OLY_2028_001,VEN_STADIUM_12,ZONE_GATE_A1,2026-08-08 17:40,7004
EVT_OLY_2028_001,VEN_STADIUM_12,ZONE_GATE_A1,2026-08-08 17:45,7005
EVT_OLY_2028_001,VEN_STADIUM_12,ZONE_GATE_A1,2026-08-08 17:50,7006
EVT_OLY_2028_001,VEN_STADIUM_12,ZONE_GATE_A1,2026-08-08 17:55,7007
EVT_OLY_2028_001,VEN_STADIUM_12,ZONE_GATE_A1,2026-08-08 18:00,7008
EVT_OLY_2028_001,VEN_STADIUM_12,ZONE_GATE_A1,2026-08-08 18:05,7009
EVT_OLY_2028_001,VEN_STADIUM_12,ZONE_GATE_A1,2026-08-08 18:10,7010
EVT_OLY_2028_001,VEN_STADIUM_12,ZONE_GATE_A1,2026-08-08 18:15,7011
EVT_OLY_2028_001,VEN_STADIUM_12,ZONE_GATE_A1,2026-08-08 18:20,7012
EVT_OLY_2028_001,VEN_STADIUM_12,ZONE_GATE_A1,2026-08-08 18:25,7013
EVT_OLY_2028_001,VEN_STADIUM_12,ZONE_GATE_A1,2026-08-08 18:30,7014
EVT_OLY_2028_001,VEN_STADIUM_12,ZONE_GATE_A1,2026-08-08 18:35,7015
EVT_OLY_2028_001,VEN_STADIUM_12,ZONE_GATE_A1,2026-08-08 18:40,7016
EVT_OLY_2028_001,VEN_STADIUM_12,ZONE_GATE_A1,2026-08-08 18:45,7017
EVT_OLY_2028_001,VEN_STADIUM_12,ZONE_GATE_A1,2026-08-08 18:50,7018
EVT_OLY_2028_001,VEN_STADIUM_12,ZONE_GATE_A1,2026-08-08 18:55,7019
EVT_OLY_2028_001,VEN_STADIUM_12,ZONE_GATE_A1,2026-08-08 19:00,7020
EVT_OLY_2028_001,VEN_STADIUM_12,ZONE_GATE_A1,2026-08-08 19:05,7021
EVT_OLY_2028_001,VEN_STADIUM_12,ZONE_GATE_A1,2026-08-08 19:10,7022
EVT_OLY_2028_001,VEN_STADIUM_12,ZONE_GATE_A1,2026-08-08 19:15,7023
EVT_OLY_2028_001,VEN_STADIUM_12,ZONE_GATE_A1,2026-08-08 19:20,7024
EVT_OLY_2028_001,VEN_STADIUM_12,ZONE_GATE_A1,2026-08-08 19:25,7025
EVT_OLY_2028_001,VEN_STADIUM_12,ZONE_GATE_A1,2026-08-08 19:30,7026
EVT_OLY_2028_001,VEN_STADIUM_12,ZONE_GATE_A1,2026-08-08 19:35,7027
EVT_OLY_2028_001,VEN_STADIUM_12,ZONE_GATE_A1,2026-08-08 19:40,7028
EVT_OLY_2028_001,VEN_STADIUM_12,ZONE_GATE_A1,2026-08-08 19:45,7029
EVT_OLY_2028_001,VEN_STADIUM_12,ZONE_GATE_A1,2026-08-08 19:50,7030
EVT_OLY_2028_001,VEN_STADIUM_12,ZONE_GATE_A1,2026-08-08 19:55,7031
EVT_OLY_2028_001,VEN_STADIUM_12,ZONE_GATE_A1,2026-08-08 20:00,7032
EVT_OLY_2028_001,VEN_STADIUM_12,ZONE_GATE_A1,2026-08-08 20:05,7033
EVT_OLY_2028_001,VEN_STADIUM_12,ZONE_GATE_A1,2026-08-08 20:10,7034
EVT_OLY_2028_001,VEN_STADIUM_12,ZONE_GATE_A1,2026-08-08 20:15,7035
EVT_OLY_2028_001,VEN_STADIUM_12,ZONE_GATE_A1,2026-08-08 20:20,7036
EVT_OLY_2028_001,VEN_STADIUM_12,ZONE_GATE_A1,2026-08-08 20:25,7037
EVT_OLY_2028_001,VEN_STADIUM_12,ZONE_GATE_A1,2026-08-08 20:30,7038
EVT_OLY_2028_001,VEN_STADIUM_12,ZONE_GATE_A1,2026-08-08 20:35,7039
EVT_OLY_2028_001,VEN_STADIUM_12,ZONE_GATE_A1,2026-08-08 20:40,7040
EVT_OLY_2028_001,VEN_STADIUM_12,ZONE_GATE_A1,2026-08-08 20:45,7041
EVT_OLY_2028_001,VEN_STADIUM_12,ZONE_GATE_A1,2026-08-08 20:50,7042
EVT_OLY_2028_001,VEN_STADIUM_12,ZONE_GATE_A1,2026-08-08 20:55,7043
EVT_OLY_2028_001,VEN_STADIUM_12,ZONE_GATE_A1,2026-08-08 21:00,7044
EVT_OLY_2028_001,VEN_STADIUM_12,ZONE_GATE_A1,2026-08-08 21:05,7045
EVT_OLY_2028_001,VEN_STADIUM_12,ZONE_GATE_A1,2026-08-08 21:10,7046
EVT_OLY_2028_001,VEN_STADIUM_12,ZONE_GATE_A1,2026-08-08 21:15,7047
EVT_OLY_2028_001,VEN_STADIUM_12,ZONE_GATE_A1,2026-08-08 21:20,7048
EVT_OLY_2028_001,VEN_STADIUM_12,ZONE_GATE_A1,2026-08-08 21:25,7049
EVT_OLY_2028_001,VEN_STADIUM_12,ZONE_GATE_A1,2026-08-08 21:30,7050
EVT_OLY_2028_001,VEN_STADIUM_12,ZONE_GATE_A1,2026-08-08 21:35,7051
EVT_OLY_2028_001,VEN_STADIUM_12,ZONE_GATE_A1,2026-08-08 21:40,7052
EVT_OLY_2028_001,VEN_STADIUM_12,ZONE_GATE_A1,2026-08-08 21:45,7053
EVT_OLY_2028_001,VEN_STADIUM_12,ZONE_GATE_A1,2026-08-08 21:50,7054
EVT_OLY_2028_001,VEN_STADIUM_12,ZONE_GATE_A1,2026-08-08 21:55,7055
EVT_OLY_2028_001,VEN_STADIUM_12,ZONE_GATE_A1,2026-08-08 22:00,7056
EVT_OLY_2028_001,VEN_STADIUM_12,ZONE_GATE_A1,2026-08-08 22:05,7057
EVT_OLY_2028_001,VEN_STADIUM_12,ZONE_GATE_A1,2026-08-08 22:10,7058
EVT_OLY_2028_001,VEN_STADIUM_12,ZONE_GATE_A1,2026-08-08 22:15,7059
EVT_OLY_2028_001,VEN_STADIUM_12,ZONE_GATE_A1,2026-08-08 22:20,7060
EVT_OLY_2028_001,VEN_STADIUM_12,ZONE_GATE_A1,2026-08-08 22:25,7061
EVT_OLY_2028_001,VEN_STADIUM_12,ZONE_GATE_A1,2026-08-08 22:30,7062
EVT_OLY_2028_001,VEN_STADIUM_12,ZONE_GATE_A1,2026-08-08 22:35,7063
EVT_OLY_2028_001,VEN_STADIUM_12,ZONE_GATE_A1,2026-08-08 22:40,7064
EVT_OLY_2028_001,VEN_STADIUM_12,ZONE_GATE_A1,2026-08-08 22:45,7065
EVT_OLY_2028_001,VEN_STADIUM_12,ZONE_GATE_A1,2026-08-08 22:50,7066
EVT_OLY_2028_001,VEN_STADIUM_12,ZONE_GATE_A1,2026-08-08 22:55,7067
EVT_OLY_2028_001,VEN_STADIUM_12,ZONE_GATE_A1,2026-08-08 23:00,7068
EVT_OLY_2028_001,VEN_STADIUM_12,ZONE_GATE_A1,2026-08-08 23:05,7069
EVT_OLY_2028_001,VEN_STADIUM_12,ZONE_GATE_A1,2026-08-08 23:10,7070
EVT_OLY_2028_001,VEN_STADIUM_12,ZONE_GATE_A1,2026-08-08 23:15,7071
EVT_OLY_2028_001,VEN_STADIUM_12,ZONE_GATE_A1,2026-08-08 23:20,7072
EVT_OLY_2028_001,VEN_STADIUM_12,ZONE_GATE_A1,2026-08-08 23:25,7073
EVT_OLY_2028_001,VEN_STADIUM_12,ZONE_GATE_A1,2026-08-08 23:30,7074
EVT_OLY_2028_001,VEN_STADIUM_12,ZONE_GATE_A1,2026-08-08 23:35,7075
EVT_OLY_2028_001,VEN_STADIUM_12,ZONE_GATE_A1,2026-08-08 23:40,7076
EVT_OLY_2028_001,VEN_STADIUM_12,ZONE_GATE_A1,2026-08-08 23:45,7077
EVT_OLY_2028_001,VEN_STADIUM_12,ZONE_GATE_A1,2026-08-08 23:50,7078
EVT_OLY_2028_001,VEN_STADIUM_12,ZONE_GATE_A1,2026-08-08 23:55,7079
EVT_OLY_2028_001,VEN_STADIUM_12,ZONE_GATE_A1,2026-08-09 00:00,7080
EVT_OLY_2028_001,VEN_STADIUM_12,ZONE_GATE_A1,2026-08-09 00:05,7081
EVT_OLY_2028_001,VEN_STADIUM_12,ZONE_GATE_A1,2026-08-09 00:10,7082
EVT_OLY_2028_001,VEN_STADIUM_12,ZONE_GATE_A1,2026-08-09 00:15,7083
EVT_OLY_2028_001,VEN_STADIUM_12,ZONE_GATE_A1,2026-08-09 00:20,7084
EVT_OLY_2028_001,VEN_STADIUM_12,ZONE_GATE_A1,2026-08-09 00:25,7085
EVT_OLY_2028_001,VEN_STADIUM_12,ZONE_GATE_A1,2026-08-09 00:30,7086
EVT_OLY_2028_001,VEN_STADIUM_12,ZONE_GATE_A1,2026-08-09 00:35,7087
EVT_OLY_2028_001,VEN_STADIUM_12,ZONE_GATE_A1,2026-08-09 00:40,7088
EVT_OLY_2028_001,VEN_STADIUM_12,ZONE_GATE_A1,2026-08-09 00:45,7089
EVT_OLY_2028_001,VEN_STADIUM_12,ZONE_GATE_A1,2026-08-09 00:50,7090
EVT_OLY_2028_001,VEN_STADIUM_12,ZONE_GATE_A1,2026-08-09 00:55,7091
EVT_OLY_2028_001,VEN_STADIUM_12,ZONE_GATE_A1,2026-08-09 01:00,7092
EVT_OLY_2028_001,VEN_STADIUM_12,ZONE_GATE_A1,2026-08-09 01:05,7093
EVT_OLY_2028_001,VEN_STADIUM_12,ZONE_GATE_A1,2026-08-09 01:10,7094
EVT_OLY_2028_001,VEN_STADIUM_12,ZONE_GATE_A1,2026-08-09 01:15,7095
EVT_OLY_2028_001,VEN_STADIUM_12,ZONE_GATE_A1,2026-08-09 01:20,7096
EVT_OLY_2028_001,VEN_STADIUM_12,ZONE_GATE_A1,2026-08-09 01:25,7097
EVT_OLY_2028_001,VEN_STADIUM_12,ZONE_GATE_A1,2026-08-09 01:30,7098
EVT_OLY_2028_001,VEN_STADIUM_12,ZONE_GATE_A1,2026-08-09 01:35,7099
EVT_OLY_2028_001,VEN_STADIUM_12,ZONE_GATE_A1,2026-08-09 01:40,7100
EVT_OLY_2028_001,VEN_STADIUM_12,ZONE_GATE_A1,2026-08-09 01:45,7101
EVT_OLY_2028_001,VEN_STADIUM_12,ZONE_GATE_A1,2026-08-09 01:50,7102
EVT_OLY_2028_001,VEN_STADIUM_12,ZONE_GATE_A1,2026-08-09 01:55,7103
EVT_OLY_2028_001,VEN_STADIUM_12,ZONE_GATE_A1,2026-08-09 02:00,7104
EVT_OLY_2028_001,VEN_STADIUM_12,ZONE_GATE_A1,2026-08-09 02:05,7105
EVT_OLY_2028_001,VEN_STADIUM_12,ZONE_GATE_A1,2026-08-09 02:10,7106
EVT_OLY_2028_001,VEN_STADIUM_12,ZONE_GATE_A1,2026-08-09 02:15,7107
EVT_OLY_2028_001,VEN_STADIUM_12,ZONE_GATE_A1,2026-08-09 02:20,7108
EVT_OLY_2028_001,VEN_STADIUM_12,ZONE_GATE_A1,2026-08-09 02:25,7109
EVT_OLY_2028_001,VEN_STADIUM_12,ZONE_GATE_A1,2026-08-09 02:30,7110
EVT_OLY_2028_001,VEN_STADIUM_12,ZONE_GATE_A1,2026-08-09 02:35,7111
EVT_OLY_2028_001,VEN_STADIUM_12,ZONE_GATE_A1,2026-08-09 02:40,7112
EVT_OLY_2028_001,VEN_STADIUM_12,ZONE_GATE_A1,2026-08-09 02:45,7113
EVT_OLY_2028_001,VEN_STADIUM_12,ZONE_GATE_A1,2026-08-09 02:50,7114
EVT_OLY_2028_001,VEN_STADIUM_12,ZONE_GATE_A1,2026-08-09 02:55,7115
EVT_OLY_2028_001,VEN_STADIUM_12,ZONE_GATE_A1,2026-08-09 03:00,7116
EVT_OLY_2028_001,VEN_STADIUM_12,ZONE_GATE_A1,2026-08-09 03:05,7117
EVT_OLY_2028_001,VEN_STADIUM_12,ZONE_GATE_A1,2026-08-09 03:10,7118
EVT_OLY_2028_001,VEN_STADIUM_12,ZONE_GATE_A1,2026-08-09 03:15,7119
EVT_OLY_2028_001,VEN_STADIUM_12,ZONE_GATE_A1,2026-08-09 03:20,7120
EVT_OLY_2028_001,VEN_STADIUM_12,ZONE_GATE_A1,2026-08-09 03:25,7121
EVT_OLY_2028_001,VEN_STADIUM_12,ZONE_GATE_A1,2026-08-09 03:30,7122
EVT_OLY_2028_001,VEN_STADIUM_12,ZONE_GATE_A1,2026-08-09 03:35,7123
EVT_OLY_2028_001,VEN_STADIUM_12,ZONE_GATE_A1,2026-08-09 03:40,7124
EVT_OLY_2028_001,VEN_STADIUM_12,ZONE_GATE_A1,2026-08-09 03:45,7125
EVT_OLY_2028_001,VEN_STADIUM_12,ZONE_GATE_A1,2026-08-09 03:50,7126
EVT_OLY_2028_001,VEN_STADIUM_12,ZONE_GATE_A1,2026-08-09 03:55,7127
EVT_OLY_2028_001,VEN_STADIUM_12,ZONE_GATE_A1,2026-08-09 04:00,7128
EVT_OLY_2028_001,VEN_STADIUM_12,ZONE_GATE_A1,2026-08-09 04:05,7129
EVT_OLY_2028_001,VEN_STADIUM_12,ZONE_GATE_A1,2026-08-09 04:10,7130
EVT_OLY_2028_001,VEN_STADIUM_12,ZONE_GATE_A1,2026-08-09 04:15,7131
EVT_OLY_2028_001,VEN_STADIUM_12,ZONE_GATE_A1,2026-08-09 04:20,7132
EVT_OLY_2028_001,VEN_STADIUM_12,ZONE_GATE_A1,2026-08-09 04:25,7133
EVT_OLY_2028_001,VEN_STADIUM_12,ZONE_GATE_A1,2026-08-09 04:30,7134
EVT_OLY_2028_001,VEN_STADIUM_12,ZONE_GATE_A1,2026-08-09 04:35,7135
EVT_OLY_2028_001,VEN_STADIUM_12,ZONE_GATE_A1,2026-08-09 04:40,7136
EVT_OLY_2028_001,VEN_STADIUM_12,ZONE_GATE_A1,2026-08-09 04:45,7137
EVT_OLY_2028_001,VEN_STADIUM_12,ZONE_GATE_A1,2026-08-09 04:50,7138
EVT_OLY_2028_001,VEN_STADIUM_12,ZONE_GATE_A1,2026-08-09 04:55,7139
EVT_OLY_2028_001,VEN_STADIUM_12,ZONE_GATE_A1,2026-08-09 05:00,7140
EVT_OLY_2028_001,VEN_STADIUM_12,ZONE_GATE_A1,2026-08-09 05:05,7141
EVT_OLY_2028_001,VEN_STADIUM_12,ZONE_GATE_A1,2026-08-09 05:10,7142
EVT_OLY_2028_001,VEN_STADIUM_12,ZONE_GATE_A1,2026-08-09 05:15,7143
EVT_OLY_2028_001,VEN_STADIUM_12,ZONE_GATE_A1,2026-08-09 05:20,7144
EVT_OLY_2028_001,VEN_STADIUM_12,ZONE_GATE_A1,2026-08-09 05:25,7145
EVT_OLY_2028_001,VEN_STADIUM_12,ZONE_GATE_A1,2026-08-09 05:30,7146
EVT_OLY_2028_001,VEN_STADIUM_12,ZONE_GATE_A1,2026-08-09 05:35,7147
EVT_OLY_2028_001,VEN_STADIUM_12,ZONE_GATE_A1,2026-08-09 05:40,7148
EVT_OLY_2028_001,VEN_STADIUM_12,ZONE_GATE_A1,2026-08-09 05:45,7149
EVT_OLY_2028_001,VEN_STADIUM_12,ZONE_GATE_A1,2026-08-09 05:50,7150
EVT_OLY_2028_001,VEN_STADIUM_12,ZONE_GATE_A1,2026-08-09 05:55,7151
EVT_OLY_2028_001,VEN_STADIUM_12,ZONE_GATE_A1,2026-08-09 06:00,7152
EVT_OLY_2028_001,VEN_STADIUM_12,ZONE_GATE_A1,2026-08-09 06:05,7153
EVT_OLY_2028_001,VEN_STADIUM_12,ZONE_GATE_A1,2026-08-09 06:10,7154
EVT_OLY_2028_001,VEN_STADIUM_12,ZONE_GATE_A1,2026-08-09 06:15,7155
EVT_OLY_2028_001,VEN_STADIUM_12,ZONE_GATE_A1,2026-08-09 06:20,7156
EVT_OLY_2028_001,VEN_STADIUM_12,ZONE_GATE_A1,2026-08-09 06:25,7157
EVT_OLY_2028_001,VEN_STADIUM_12,ZONE_GATE_A1,2026-08-09 06:30,7158
EVT_OLY_2028_001,VEN_STADIUM_12,ZONE_GATE_A1,2026-08-09 06:35,7159
EVT_OLY_2028_001,VEN_STADIUM_12,ZONE_GATE_A1,2026-08-09 06:40,7160
EVT_OLY_2028_001,VEN_STADIUM_12,ZONE_GATE_A1,2026-08-09 06:45,7161
EVT_OLY_2028_001,VEN_STADIUM_12,ZONE_GATE_A1,2026-08-09 06:50,7162
EVT_OLY_2028_001,VEN_STADIUM_12,ZONE_GATE_A1,2026-08-09 06:55,7163
EVT_OLY_2028_001,VEN_STADIUM_12,ZONE_GATE_A1,2026-08-09 07:00,7164
EVT_OLY_2028_001,VEN_STADIUM_12,ZONE_GATE_A1,2026-08-09 07:05,7165
EVT_OLY_2028_001,VEN_STADIUM_12,ZONE_GATE_A1,2026-08-09 07:10,7166
EVT_OLY_2028_001,VEN_STADIUM_12,ZONE_GATE_A1,2026-08-09 07:15,7167
EVT_OLY_2028_001,VEN_STADIUM_12,ZONE_GATE_A1,2026-08-09 07:20,7168
EVT_OLY_2028_001,VEN_STADIUM_12,ZONE_GATE_A1,2026-08-09 07:25,7169
EVT_OLY_2028_001,VEN_STADIUM_12,ZONE_GATE_A1,2026-08-09 07:30,7170
EVT_OLY_2028_001,VEN_STADIUM_12,ZONE_GATE_A1,2026-08-09 07:35,7171
EVT_OLY_2028_001,VEN_STADIUM_12,ZONE_GATE_A1,2026-08-09 07:40,7172
EVT_OLY_2028_001,VEN_STADIUM_12,ZONE_GATE_A1,2026-08-09 07:45,7173
EVT_OLY_2028_001,VEN_STADIUM_12,ZONE_GATE_A1,2026-08-09 07:50,7174
EVT_OLY_2028_001,VEN_STADIUM_12,ZONE_GATE_A1,2026-08-09 07:55,7175
EVT_OLY_2028_001,VEN_STADIUM_12,ZONE_GATE_A1,2026-08-09 08:00,7176
EVT_OLY_2028_001,VEN_STADIUM_12,ZONE_GATE_A1,2026-08-09 08:05,7177
EVT_OLY_2028_001,VEN_STADIUM_12,ZONE_GATE_A1,2026-08-09 08:10,7178
EVT_OLY_2028_001,VEN_STADIUM_12,ZONE_GATE_A1,2026-08-09 08:15,7179
EVT_OLY_2028_001,VEN_STADIUM_12,ZONE_GATE_A1,2026-08-09 08:20,7180
EVT_OLY_2028_001,VEN_STADIUM_12,ZONE_GATE_A1,2026-08-09 08:25,7181
EVT_OLY_2028_001,VEN_STADIUM_12,ZONE_GATE_A1,2026-08-09 08:30,7182
EVT_OLY_2028_001,VEN_STADIUM_12,ZONE_GATE_A1,2026-08-09 08:35,7183
EVT_OLY_2028_001,VEN_STADIUM_12,ZONE_GATE_A1,2026-08-09 08:40,7184
EVT_OLY_2028_001,VEN_STADIUM_12,ZONE_GATE_A1,2026-08-09 08:45,7185
EVT_OLY_2028_001,VEN_STADIUM_12,ZONE_GATE_A1,2026-08-09 08:50,7186
EVT_OLY_2028_001,VEN_STADIUM_12,ZONE_GATE_A1,2026-08-09 08:55,7187
EVT_OLY_2028_001,VEN_STADIUM_12,ZONE_GATE_A1,2026-08-09 09:00,7188
EVT_OLY_2028_001,VEN_STADIUM_12,ZONE_GATE_A1,2026-08-09 09:05,7189
EVT_OLY_2028_001,VEN_STADIUM_12,ZONE_GATE_A1,2026-08-09 09:10,7190
EVT_OLY_2028_001,VEN_STADIUM_12,ZONE_GATE_A1,2026-08-09 09:15,7191
EVT_OLY_2028_001,VEN_STADIUM_12,ZONE_GATE_A1,2026-08-09 09:20,7192
EVT_OLY_2028_001,VEN_STADIUM_12,ZONE_GATE_A1,2026-08-09 09:25,7193
EVT_OLY_2028_001,VEN_STADIUM_12,ZONE_GATE_A1,2026-08-09 09:30,7194
EVT_OLY_2028_001,VEN_STADIUM_12,ZONE_GATE_A1,2026-08-09 09:35,7195
EVT_OLY_2028_001,VEN_STADIUM_12,ZONE_GATE_A1,2026-08-09 09:40,7196
EVT_OLY_2028_001,VEN_STADIUM_12,ZONE_GATE_A1,2026-08-09 09:45,7197
EVT_OLY_2028_001,VEN_STADIUM_12,ZONE_GATE_A1,2026-08-09 09:50,7198
EVT_OLY_2028_001,VEN_STADIUM_12,ZONE_GATE_A1,2026-08-09 09:55,7199
EVT_OLY_2028_001,VEN_STADIUM_12,ZONE_GATE_A1,2026-08-09 10:00,7200
EVT_OLY_2028_001,VEN_STADIUM_12,ZONE_GATE_A1,2026-08-09 10:05,7201
EVT_OLY_2028_001,VEN_STADIUM_12,ZONE_GATE_A1,2026-08-09 10:10,7202
EVT_OLY_2028_001,VEN_STADIUM_12,ZONE_GATE_A1,2026-08-09 10:15,7203
EVT_OLY_2028_001,VEN_STADIUM_12,ZONE_GATE_A1,2026-08-09 10:20,7204
EVT_OLY_2028_001,VEN_STADIUM_12,ZONE_GATE_A1,2026-08-09 10:25,7205
EVT_OLY_2028_001,VEN_STADIUM_12,ZONE_GATE_A1,2026-08-09 10:30,7206
EVT_OLY_2028_001,VEN_STADIUM_12,ZONE_GATE_A1,2026-08-09 10:35,7207
EVT_OLY_2028_001,VEN_STADIUM_12,ZONE_GATE_A1,2026-08-09 10:40,7208
EVT_OLY_2028_001,VEN_STADIUM_12,ZONE_GATE_A1,2026-08-09 10:45,7209
EVT_OLY_2028_001,VEN_STADIUM_12,ZONE_GATE_A1,2026-08-09 10:50,7210
EVT_OLY_2028_001,VEN_STADIUM_12,ZONE_GATE_A1,2026-08-09 10:55,7211
EVT_OLY_2028_001,VEN_STADIUM_12,ZONE_GATE_A1,2026-08-09 11:00,7212
EVT_OLY_2028_001,VEN_STADIUM_12,ZONE_GATE_A1,2026-08-09 11:05,7213
EVT_OLY_2028_001,VEN_STADIUM_12,ZONE_GATE_A1,2026-08-09 11:10,7214
EVT_OLY_2028_001,VEN_STADIUM_12,ZONE_GATE_A1,2026-08-09 11:15,7215
EVT_OLY_2028_001,VEN_STADIUM_12,ZONE_GATE_A1,2026-08-09 11:20,7216
EVT_OLY_2028_001,VEN_STADIUM_12,ZONE_GATE_A1,2026-08-09 11:25,7217
EVT_OLY_2028_001,VEN_STADIUM_12,ZONE_GATE_A1,2026-08-09 11:30,7218
EVT_OLY_2028_001,VEN_STADIUM_12,ZONE_GATE_A1,2026-08-09 11:35,7219
EVT_OLY_2028_001,VEN_STADIUM_12,ZONE_GATE_A1,2026-08-09 11:40,7220
EVT_OLY_2028_001,VEN_STADIUM_12,ZONE_GATE_A1,2026-08-09 11:45,7221
EVT_OLY_2028_001,VEN_STADIUM_12,ZONE_GATE_A1,2026-08-09 11:50,7222
EVT_OLY_2028_001,VEN_STADIUM_12,ZONE_GATE_A1,2026-08-09 11:55,7223
EVT_OLY_2028_001,VEN_STADIUM_12,ZONE_GATE_A1,2026-08-09 12:00,7224
EVT_OLY_2028_001,VEN_STADIUM_12,ZONE_GATE_A1,2026-08-09 12:05,7225
EVT_OLY_2028_001,VEN_STADIUM_12,ZONE_GATE_A1,2026-08-09 12:10,7226
EVT_OLY_2028_001,VEN_STADIUM_12,ZONE_GATE_A1,2026-08-09 12:15,7227
EVT_OLY_2028_001,VEN_STADIUM_12,ZONE_GATE_A1,2026-08-09 12:20,7228
EVT_OLY_2028_001,VEN_STADIUM_12,ZONE_GATE_A1,2026-08-09 12:25,7229
EVT_OLY_2028_001,VEN_STADIUM_12,ZONE_GATE_A1,2026-08-09 12:30,7230
EVT_OLY_2028_001,VEN_STADIUM_12,ZONE_GATE_A1,2026-08-09 12:35,7231
EVT_OLY_2028_001,VEN_STADIUM_12,ZONE_GATE_A1,2026-08-09 12:40,7232
EVT_OLY_2028_001,VEN_STADIUM_12,ZONE_GATE_A1,2026-08-09 12:45,7233
EVT_OLY_2028_001,VEN_STADIUM_12,ZONE_GATE_A1,2026-08-09 12:50,7234
EVT_OLY_2028_001,VEN_STADIUM_12,ZONE_GATE_A1,2026-08-09 12:55,7235
EVT_OLY_2028_001,VEN_STADIUM_12,ZONE_GATE_A1,2026-08-09 13:00,7236
EVT_OLY_2028_001,VEN_STADIUM_12,ZONE_GATE_A1,2026-08-09 13:05,7237
EVT_OLY_2028_001,VEN_STADIUM_12,ZONE_GATE_A1,2026-08-09 13:10,7238
EVT_OLY_2028_001,VEN_STADIUM_12,ZONE_GATE_A1,2026-08-09 13:15,7239
EVT_OLY_2028_001,VEN_STADIUM_12,ZONE_GATE_A1,2026-08-09 13:20,7240
EVT_OLY_2028_001,VEN_STADIUM_12,ZONE_GATE_A1,2026-08-09 13:25,7241
EVT_OLY_2028_001,VEN_STADIUM_12,ZONE_GATE_A1,2026-08-09 13:30,7242
EVT_OLY_2028_001,VEN_STADIUM_12,ZONE_GATE_A1,2026-08-09 13:35,7243
EVT_OLY_2028_001,VEN_STADIUM_12,ZONE_GATE_A1,2026-08-09 13:40,7244
EVT_OLY_2028_001,VEN_STADIUM_12,ZONE_GATE_A1,2026-08-09 13:45,7245
EVT_OLY_2028_001,VEN_STADIUM_12,ZONE_GATE_A1,2026-08-09 13:50,7246
EVT_OLY_2028_001,VEN_STADIUM_12,ZONE_GATE_A1,2026-08-09 13:55,7247
EVT_OLY_2028_001,VEN_STADIUM_12,ZONE_GATE_A1,2026-08-09 14:00,7248
EVT_OLY_2028_001,VEN_STADIUM_12,ZONE_GATE_A1,2026-08-09 14:05,7249
EVT_OLY_2028_001,VEN_STADIUM_12,ZONE_GATE_A1,2026-08-09 14:10,7250
EVT_OLY_2028_001,VEN_STADIUM_12,ZONE_GATE_A1,2026-08-09 14:15,7251
EVT_OLY_2028_001,VEN_STADIUM_12,ZONE_GATE_A1,2026-08-09 14:20,7252
EVT_OLY_2028_001,VEN_STADIUM_12,ZONE_GATE_A1,2026-08-09 14:25,7253
EVT_OLY_2028_001,VEN_STADIUM_12,ZONE_GATE_A1,2026-08-09 14:30,7254
EVT_OLY_2028_001,VEN_STADIUM_12,ZONE_GATE_A1,2026-08-09 14:35,7255
EVT_OLY_2028_001,VEN_STADIUM_12,ZONE_GATE_A1,2026-08-09 14:40,7256
EVT_OLY_2028_001,VEN_STADIUM_12,ZONE_GATE_A1,2026-08-09 14:45,7257
EVT_OLY_2028_001,VEN_STADIUM_12,ZONE_GATE_A1,2026-08-09 14:50,7258
EVT_OLY_2028_001,VEN_STADIUM_12,ZONE_GATE_A1,2026-08-09 14:55,7259
EVT_OLY_2028_001,VEN_STADIUM_12,ZONE_GATE_A1,2026-08-09 15:00,7260
EVT_OLY_2028_001,VEN_STADIUM_12,ZONE_GATE_A1,2026-08-09 15:05,7261
EVT_OLY_2028_001,VEN_STADIUM_12,ZONE_GATE_A1,2026-08-09 15:10,7262
EVT_OLY_2028_001,VEN_STADIUM_12,ZONE_GATE_A1,2026-08-09 15:15,7263
EVT_OLY_2028_001,VEN_STADIUM_12,ZONE_GATE_A1,2026-08-09 15:20,7264
EVT_OLY_2028_001,VEN_STADIUM_12,ZONE_GATE_A1,2026-08-09 15:25,7265
EVT_OLY_2028_001,VEN_STADIUM_12,ZONE_GATE_A1,2026-08-09 15:30,7266
EVT_OLY_2028_001,VEN_STADIUM_12,ZONE_GATE_A1,2026-08-09 15:35,7267
EVT_OLY_2028_001,VEN_STADIUM_12,ZONE_GATE_A1,2026-08-09 15:40,7268
EVT_OLY_2028_001,VEN_STADIUM_12,ZONE_GATE_A1,2026-08-09 15:45,7269
EVT_OLY_2028_001,VEN_STADIUM_12,ZONE_GATE_A1,2026-08-09 15:50,7270
EVT_OLY_2028_001,VEN_STADIUM_12,ZONE_GATE_A1,2026-08-09 15:55,7271
EVT_OLY_2028_001,VEN_STADIUM_12,ZONE_GATE_A1,2026-08-09 16:00,7272
EVT_OLY_2028_001,VEN_STADIUM_12,ZONE_GATE_A1,2026-08-09 16:05,7273
EVT_OLY_2028_001,VEN_STADIUM_12,ZONE_GATE_A1,2026-08-09 16:10,7274
EVT_OLY_2028_001,VEN_STADIUM_12,ZONE_GATE_A1,2026-08-09 16:15,7275
EVT_OLY_2028_001,VEN_STADIUM_12,ZONE_GATE_A1,2026-08-09 16:20,7276
EVT_OLY_2028_001,VEN_STADIUM_12,ZONE_GATE_A1,2026-08-09 16:25,7277
EVT_OLY_2028_001,VEN_STADIUM_12,ZONE_GATE_A1,2026-08-09 16:30,7278
EVT_OLY_2028_001,VEN_STADIUM_12,ZONE_GATE_A1,2026-08-09 16:35,7279
EVT_OLY_2028_001,VEN_STADIUM_12,ZONE_GATE_A1,2026-08-09 16:40,7280
EVT_OLY_2028_001,VEN_STADIUM_12,ZONE_GATE_A1,2026-08-09 16:45,7281
EVT_OLY_2028_001,VEN_STADIUM_12,ZONE_GATE_A1,2026-08-09 16:50,7282
EVT_OLY_2028_001,VEN_STADIUM_12,ZONE_GATE_A1,2026-08-09 16:55,7283
EVT_OLY_2028_001,VEN_STADIUM_12,ZONE_GATE_A1,2026-08-09 17:00,7284
EVT_OLY_2028_001,VEN_STADIUM_12,ZONE_GATE_A1,2026-08-09 17:05,7285
EVT_OLY_2028_001,VEN_STADIUM_12,ZONE_GATE_A1,2026-08-09 17:10,7286
EVT_OLY_2028_001,VEN_STADIUM_12,ZONE_GATE_A1,2026-08-09 17:15,7287
EVT_OLY_2028_001,VEN_STADIUM_12,ZONE_GATE_A1,2026-08-09 17:20,7288
EVT_OLY_2028_001,VEN_STADIUM_12,ZONE_GATE_A1,2026-08-09 17:25,7289
EVT_OLY_2028_001,VEN_STADIUM_12,ZONE_GATE_A1,2026-08-09 17:30,7290
EVT_OLY_2028_001,VEN_STADIUM_12,ZONE_GATE_A1,2026-08-09 17:35,7291
EVT_OLY_2028_001,VEN_STADIUM_12,ZONE_GATE_A1,2026-08-09 17:40,7292
EVT_OLY_2028_001,VEN_STADIUM_12,ZONE_GATE_A1,2026-08-09 17:45,7293
EVT_OLY_2028_001,VEN_STADIUM_12,ZONE_GATE_A1,2026-08-09 17:50,7294
EVT_OLY_2028_001,VEN_STADIUM_12,ZONE_GATE_A1,2026-08-09 17:55,7295
EVT_OLY_2028_001,VEN_STADIUM_12,ZONE_GATE_A1,2026-08-09 18:00,7296
EVT_OLY_2028_001,VEN_STADIUM_12,ZONE_GATE_A1,2026-08-09 18:05,7297
EVT_OLY_2028_001,VEN_STADIUM_12,ZONE_GATE_A1,2026-08-09 18:10,7298
EVT_OLY_2028_001,VEN_STADIUM_12,ZONE_GATE_A1,2026-08-09 18:15,7299
EVT_OLY_2028_001,VEN_STADIUM_12,ZONE_GATE_A1,2026-08-09 18:20,7300
EVT_OLY_2028_001,VEN_STADIUM_12,ZONE_GATE_A1,2026-08-09 18:25,7301
EVT_OLY_2028_001,VEN_STADIUM_12,ZONE_GATE_A1,2026-08-09 18:30,7302
EVT_OLY_2028_001,VEN_STADIUM_12,ZONE_GATE_A1,2026-08-09 18:35,7303
EVT_OLY_2028_001,VEN_STADIUM_12,ZONE_GATE_A1,2026-08-09 18:40,7304
EVT_OLY_2028_001,VEN_STADIUM_12,ZONE_GATE_A1,2026-08-09 18:45,7305
EVT_OLY_2028_001,VEN_STADIUM_12,ZONE_GATE_A1,2026-08-09 18:50,7306
EVT_OLY_2028_001,VEN_STADIUM_12,ZONE_GATE_A1,2026-08-09 18:55,7307
EVT_OLY_2028_001,VEN_STADIUM_12,ZONE_GATE_A1,2026-08-09 19:00,7308
EVT_OLY_2028_001,VEN_STADIUM_12,ZONE_GATE_A1,2026-08-09 19:05,7309
EVT_OLY_2028_001,VEN_STADIUM_12,ZONE_GATE_A1,2026-08-09 19:10,7310
EVT_OLY_2028_001,VEN_STADIUM_12,ZONE_GATE_A1,2026-08-09 19:15,7311
EVT_OLY_2028_001,VEN_STADIUM_12,ZONE_GATE_A1,2026-08-09 19:20,7312
EVT_OLY_2028_001,VEN_STADIUM_12,ZONE_GATE_A1,2026-08-09 19:25,7313
EVT_OLY_2028_001,VEN_STADIUM_12,ZONE_GATE_A1,2026-08-09 19:30,7314
EVT_OLY_2028_001,VEN_STADIUM_12,ZONE_GATE_A1,2026-08-09 19:35,7315
EVT_OLY_2028_001,VEN_STADIUM_12,ZONE_GATE_A1,2026-08-09 19:40,7316
EVT_OLY_2028_001,VEN_STADIUM_12,ZONE_GATE_A1,2026-08-09 19:45,7317
EVT_OLY_2028_001,VEN_STADIUM_12,ZONE_GATE_A1,2026-08-09 19:50,7318
EVT_OLY_2028_001,VEN_STADIUM_12,ZONE_GATE_A1,2026-08-09 19:55,7319
EVT_OLY_2028_001,VEN_STADIUM_12,ZONE_GATE_A1,2026-08-09 20:00,7320
EVT_OLY_2028_001,VEN_STADIUM_12,ZONE_GATE_A1,2026-08-09 20:05,7321
EVT_OLY_2028_001,VEN_STADIUM_12,ZONE_GATE_A1,2026-08-09 20:10,7322
EVT_OLY_2028_001,VEN_STADIUM_12,ZONE_GATE_A1,2026-08-09 20:15,7323
EVT_OLY_2028_001,VEN_STADIUM_12,ZONE_GATE_A1,2026-08-09 20:20,7324
EVT_OLY_2028_001,VEN_STADIUM_12,ZONE_GATE_A1,2026-08-09 20:25,7325
EVT_OLY_2028_001,VEN_STADIUM_12,ZONE_GATE_A1,2026-08-09 20:30,7326
EVT_OLY_2028_001,VEN_STADIUM_12,ZONE_GATE_A1,2026-08-09 20:35,7327
EVT_OLY_2028_001,VEN_STADIUM_12,ZONE_GATE_A1,2026-08-09 20:40,7328
EVT_OLY_2028_001,VEN_STADIUM_12,ZONE_GATE_A1,2026-08-09 20:45,7329
EVT_OLY_2028_001,VEN_STADIUM_12,ZONE_GATE_A1,2026-08-09 20:50,7330
EVT_OLY_2028_001,VEN_STADIUM_12,ZONE_GATE_A1,2026-08-09 20:55,7331
EVT_OLY_2028_001,VEN_STADIUM_12,ZONE_GATE_A1,2026-08-09 21:00,7332
EVT_OLY_2028_001,VEN_STADIUM_12,ZONE_GATE_A1,2026-08-09 21:05,7333
EVT_OLY_2028_001,VEN_STADIUM_12,ZONE_GATE_A1,2026-08-09 21:10,7334
EVT_OLY_2028_001,VEN_STADIUM_12,ZONE_GATE_A1,2026-08-09 21:15,7335
EVT_OLY_2028_001,VEN_STADIUM_12,ZONE_GATE_A1,2026-08-09 21:20,7336
EVT_OLY_2028_001,VEN_STADIUM_12,ZONE_GATE_A1,2026-08-09 21:25,7337
EVT_OLY_2028_001,VEN_STADIUM_12,ZONE_GATE_A1,2026-08-09 21:30,7338
EVT_OLY_2028_001,VEN_STADIUM_12,ZONE_GATE_A1,2026-08-09 21:35,7339
EVT_OLY_2028_001,VEN_STADIUM_12,ZONE_GATE_A1,2026-08-09 21:40,7340
EVT_OLY_2028_001,VEN_STADIUM_12,ZONE_GATE_A1,2026-08-09 21:45,7341
EVT_OLY_2028_001,VEN_STADIUM_12,ZONE_GATE_A1,2026-08-09 21:50,7342
EVT_OLY_2028_001,VEN_STADIUM_12,ZONE_GATE_A1,2026-08-09 21:55,7343
EVT_OLY_2028_001,VEN_STADIUM_12,ZONE_GATE_A1,2026-08-09 22:00,7344
EVT_OLY_2028_001,VEN_STADIUM_12,ZONE_GATE_A1,2026-08-09 22:05,7345
EVT_OLY_2028_001,VEN_STADIUM_12,ZONE_GATE_A1,2026-08-09 22:10,7346
EVT_OLY_2028_001,VEN_STADIUM_12,ZONE_GATE_A1,2026-08-09 22:15,7347
EVT_OLY_2028_001,VEN_STADIUM_12,ZONE_GATE_A1,2026-08-09 22:20,7348
EVT_OLY_2028_001,VEN_STADIUM_12,ZONE_GATE_A1,2026-08-09 22:25,7349
EVT_OLY_2028_001,VEN_STADIUM_12,ZONE_GATE_A1,2026-08-09 22:30,7350
EVT_OLY_2028_001,VEN_STADIUM_12,ZONE_GATE_A1,2026-08-09 22:35,7351
EVT_OLY_2028_001,VEN_STADIUM_12,ZONE_GATE_A1,2026-08-09 22:40,7352
EVT_OLY_2028_001,VEN_STADIUM_12,ZONE_GATE_A1,2026-08-09 22:45,7353
EVT_OLY_2028_001,VEN_STADIUM_12,ZONE_GATE_A1,2026-08-09 22:50,7354
EVT_OLY_2028_001,VEN_STADIUM_12,ZONE_GATE_A1,2026-08-09 22:55,7355
EVT_OLY_2028_001,VEN_STADIUM_12,ZONE_GATE_A1,2026-08-09 23:00,7356
EVT_OLY_2028_001,VEN_STADIUM_12,ZONE_GATE_A1,2026-08-09 23:05,7357
EVT_OLY_2028_001,VEN_STADIUM_12,ZONE_GATE_A1,2026-08-09 23:10,7358
EVT_OLY_2028_001,VEN_STADIUM_12,ZONE_GATE_A1,2026-08-09 23:15,7359
EVT_OLY_2028_001,VEN_STADIUM_12,ZONE_GATE_A1,2026-08-09 23:20,7360
EVT_OLY_2028_001,VEN_STADIUM_12,ZONE_GATE_A1,2026-08-09 23:25,7361
EVT_OLY_2028_001,VEN_STADIUM_12,ZONE_GATE_A1,2026-08-09 23:30,7362
EVT_OLY_2028_001,VEN_STADIUM_12,ZONE_GATE_A1,2026-08-09 23:35,7363
EVT_OLY_2028_001,VEN_STADIUM_12,ZONE_GATE_A1,2026-08-09 23:40,7364
EVT_OLY_2028_001,VEN_STADIUM_12,ZONE_GATE_A1,2026-08-09 23:45,7365
EVT_OLY_2028_001,VEN_STADIUM_12,ZONE_GATE_A1,2026-08-09 23:50,7366
EVT_OLY_2028_001,VEN_STADIUM_12,ZONE_GATE_A1,2026-08-09 23:55,7367
EVT_OLY_2028_001,VEN_STADIUM_12,ZONE_GATE_A1,2026-08-10 00:00,7368
EVT_OLY_2028_001,VEN_STADIUM_12,ZONE_GATE_A1,2026-08-10 00:05,7369
EVT_OLY_2028_001,VEN_STADIUM_12,ZONE_GATE_A1,2026-08-10 00:10,7370
EVT_OLY_2028_001,VEN_STADIUM_12,ZONE_GATE_A1,2026-08-10 00:15,7371
EVT_OLY_2028_001,VEN_STADIUM_12,ZONE_GATE_A1,2026-08-10 00:20,7372
EVT_OLY_2028_001,VEN_STADIUM_12,ZONE_GATE_A1,2026-08-10 00:25,7373
EVT_OLY_2028_001,VEN_STADIUM_12,ZONE_GATE_A1,2026-08-10 00:30,7374
EVT_OLY_2028_001,VEN_STADIUM_12,ZONE_GATE_A1,2026-08-10 00:35,7375
EVT_OLY_2028_001,VEN_STADIUM_12,ZONE_GATE_A1,2026-08-10 00:40,7376
EVT_OLY_2028_001,VEN_STADIUM_12,ZONE_GATE_A1,2026-08-10 00:45,7377
EVT_OLY_2028_001,VEN_STADIUM_12,ZONE_GATE_A1,2026-08-10 00:50,7378
EVT_OLY_2028_001,VEN_STADIUM_12,ZONE_GATE_A1,2026-08-10 00:55,7379
EVT_OLY_2028_001,VEN_STADIUM_12,ZONE_GATE_A1,2026-08-10 01:00,7380
EVT_OLY_2028_001,VEN_STADIUM_12,ZONE_GATE_A1,2026-08-10 01:05,7381
EVT_OLY_2028_001,VEN_STADIUM_12,ZONE_GATE_A1,2026-08-10 01:10,7382
EVT_OLY_2028_001,VEN_STADIUM_12,ZONE_GATE_A1,2026-08-10 01:15,7383
EVT_OLY_2028_001,VEN_STADIUM_12,ZONE_GATE_A1,2026-08-10 01:20,7384
EVT_OLY_2028_001,VEN_STADIUM_12,ZONE_GATE_A1,2026-08-10 01:25,7385
EVT_OLY_2028_001,VEN_STADIUM_12,ZONE_GATE_A1,2026-08-10 01:30,7386
EVT_OLY_2028_001,VEN_STADIUM_12,ZONE_GATE_A1,2026-08-10 01:35,7387
EVT_OLY_2028_001,VEN_STADIUM_12,ZONE_GATE_A1,2026-08-10 01:40,7388
EVT_OLY_2028_001,VEN_STADIUM_12,ZONE_GATE_A1,2026-08-10 01:45,7389
EVT_OLY_2028_001,VEN_STADIUM_12,ZONE_GATE_A1,2026-08-10 01:50,7390
EVT_OLY_2028_001,VEN_STADIUM_12,ZONE_GATE_A1,2026-08-10 01:55,7391
EVT_OLY_2028_001,VEN_STADIUM_12,ZONE_GATE_A1,2026-08-10 02:00,7392
EVT_OLY_2028_001,VEN_STADIUM_12,ZONE_GATE_A1,2026-08-10 02:05,7393
EVT_OLY_2028_001,VEN_STADIUM_12,ZONE_GATE_A1,2026-08-10 02:10,7394
EVT_OLY_2028_001,VEN_STADIUM_12,ZONE_GATE_A1,2026-08-10 02:15,7395
EVT_OLY_2028_001,VEN_STADIUM_12,ZONE_GATE_A1,2026-08-10 02:20,7396
EVT_OLY_2028_001,VEN_STADIUM_12,ZONE_GATE_A1,2026-08-10 02:25,7397
EVT_OLY_2028_001,VEN_STADIUM_12,ZONE_GATE_A1,2026-08-10 02:30,7398
EVT_OLY_2028_001,VEN_STADIUM_12,ZONE_GATE_A1,2026-08-10 02:35,7399
EVT_OLY_2028_001,VEN_STADIUM_12,ZONE_GATE_A1,2026-08-10 02:40,7400
EVT_OLY_2028_001,VEN_STADIUM_12,ZONE_GATE_A1,2026-08-10 02:45,7401
EVT_OLY_2028_001,VEN_STADIUM_12,ZONE_GATE_A1,2026-08-10 02:50,7402
EVT_OLY_2028_001,VEN_STADIUM_12,ZONE_GATE_A1,2026-08-10 02:55,7403
EVT_OLY_2028_001,VEN_STADIUM_12,ZONE_GATE_A1,2026-08-10 03:00,7404
EVT_OLY_2028_001,VEN_STADIUM_12,ZONE_GATE_A1,2026-08-10 03:05,7405
EVT_OLY_2028_001,VEN_STADIUM_12,ZONE_GATE_A1,2026-08-10 03:10,7406
EVT_OLY_2028_001,VEN_STADIUM_12,ZONE_GATE_A1,2026-08-10 03:15,7407
EVT_OLY_2028_001,VEN_STADIUM_12,ZONE_GATE_A1,2026-08-10 03:20,7408
EVT_OLY_2028_001,VEN_STADIUM_12,ZONE_GATE_A1,2026-08-10 03:25,7409
EVT_OLY_2028_001,VEN_STADIUM_12,ZONE_GATE_A1,2026-08-10 03:30,7410
EVT_OLY_2028_001,VEN_STADIUM_12,ZONE_GATE_A1,2026-08-10 03:35,7411
EVT_OLY_2028_001,VEN_STADIUM_12,ZONE_GATE_A1,2026-08-10 03:40,7412
EVT_OLY_2028_001,VEN_STADIUM_12,ZONE_GATE_A1,2026-08-10 03:45,7413
EVT_OLY_2028_001,VEN_STADIUM_12,ZONE_GATE_A1,2026-08-10 03:50,7414
EVT_OLY_2028_001,VEN_STADIUM_12,ZONE_GATE_A1,2026-08-10 03:55,7415
EVT_OLY_2028_001,VEN_STADIUM_12,ZONE_GATE_A1,2026-08-10 04:00,7416
EVT_OLY_2028_001,VEN_STADIUM_12,ZONE_GATE_A1,2026-08-10 04:05,7417
EVT_OLY_2028_001,VEN_STADIUM_12,ZONE_GATE_A1,2026-08-10 04:10,7418
EVT_OLY_2028_001,VEN_STADIUM_12,ZONE_GATE_A1,2026-08-10 04:15,7419
EVT_OLY_2028_001,VEN_STADIUM_12,ZONE_GATE_A1,2026-08-10 04:20,7420
EVT_OLY_2028_001,VEN_STADIUM_12,ZONE_GATE_A1,2026-08-10 04:25,7421
EVT_OLY_2028_001,VEN_STADIUM_12,ZONE_GATE_A1,2026-08-10 04:30,7422
EVT_OLY_2028_001,VEN_STADIUM_12,ZONE_GATE_A1,2026-08-10 04:35,7423
EVT_OLY_2028_001,VEN_STADIUM_12,ZONE_GATE_A1,2026-08-10 04:40,7424
EVT_OLY_2028_001,VEN_STADIUM_12,ZONE_GATE_A1,2026-08-10 04:45,7425
EVT_OLY_2028_001,VEN_STADIUM_12,ZONE_GATE_A1,2026-08-10 04:50,7426
EVT_OLY_2028_001,VEN_STADIUM_12,ZONE_GATE_A1,2026-08-10 04:55,7427
EVT_OLY_2028_001,VEN_STADIUM_12,ZONE_GATE_A1,2026-08-10 05:00,7428
EVT_OLY_2028_001,VEN_STADIUM_12,ZONE_GATE_A1,2026-08-10 05:05,7429
EVT_OLY_2028_001,VEN_STADIUM_12,ZONE_GATE_A1,2026-08-10 05:10,7430
EVT_OLY_2028_001,VEN_STADIUM_12,ZONE_GATE_A1,2026-08-10 05:15,7431
EVT_OLY_2028_001,VEN_STADIUM_12,ZONE_GATE_A1,2026-08-10 05:20,7432
EVT_OLY_2028_001,VEN_STADIUM_12,ZONE_GATE_A1,2026-08-10 05:25,7433
EVT_OLY_2028_001,VEN_STADIUM_12,ZONE_GATE_A1,2026-08-10 05:30,7434
EVT_OLY_2028_001,VEN_STADIUM_12,ZONE_GATE_A1,2026-08-10 05:35,7435
EVT_OLY_2028_001,VEN_STADIUM_12,ZONE_GATE_A1,2026-08-10 05:40,7436
EVT_OLY_2028_001,VEN_STADIUM_12,ZONE_GATE_A1,2026-08-10 05:45,7437
EVT_OLY_2028_001,VEN_STADIUM_12,ZONE_GATE_A1,2026-08-10 05:50,7438
EVT_OLY_2028_001,VEN_STADIUM_12,ZONE_GATE_A1,2026-08-10 05:55,7439
EVT_OLY_2028_001,VEN_STADIUM_12,ZONE_GATE_A1,2026-08-10 06:00,7440
EVT_OLY_2028_001,VEN_STADIUM_12,ZONE_GATE_A1,2026-08-10 06:05,7441
EVT_OLY_2028_001,VEN_STADIUM_12,ZONE_GATE_A1,2026-08-10 06:10,7442
EVT_OLY_2028_001,VEN_STADIUM_12,ZONE_GATE_A1,2026-08-10 06:15,7443
EVT_OLY_2028_001,VEN_STADIUM_12,ZONE_GATE_A1,2026-08-10 06:20,7444
EVT_OLY_2028_001,VEN_STADIUM_12,ZONE_GATE_A1,2026-08-10 06:25,7445
EVT_OLY_2028_001,VEN_STADIUM_12,ZONE_GATE_A1,2026-08-10 06:30,7446
EVT_OLY_2028_001,VEN_STADIUM_12,ZONE_GATE_A1,2026-08-10 06:35,7447
EVT_OLY_2028_001,VEN_STADIUM_12,ZONE_GATE_A1,2026-08-10 06:40,7448
EVT_OLY_2028_001,VEN_STADIUM_12,ZONE_GATE_A1,2026-08-10 06:45,7449
EVT_OLY_2028_001,VEN_STADIUM_12,ZONE_GATE_A1,2026-08-10 06:50,7450
EVT_OLY_2028_001,VEN_STADIUM_12,ZONE_GATE_A1,2026-08-10 06:55,7451
EVT_OLY_2028_001,VEN_STADIUM_12,ZONE_GATE_A1,2026-08-10 07:00,7452
EVT_OLY_2028_001,VEN_STADIUM_12,ZONE_GATE_A1,2026-08-10 07:05,7453
EVT_OLY_2028_001,VEN_STADIUM_12,ZONE_GATE_A1,2026-08-10 07:10,7454
EVT_OLY_2028_001,VEN_STADIUM_12,ZONE_GATE_A1,2026-08-10 07:15,7455
EVT_OLY_2028_001,VEN_STADIUM_12,ZONE_GATE_A1,2026-08-10 07:20,7456
EVT_OLY_2028_001,VEN_STADIUM_12,ZONE_GATE_A1,2026-08-10 07:25,7457
EVT_OLY_2028_001,VEN_STADIUM_12,ZONE_GATE_A1,2026-08-10 07:30,7458
EVT_OLY_2028_001,VEN_STADIUM_12,ZONE_GATE_A1,2026-08-10 07:35,7459
EVT_OLY_2028_001,VEN_STADIUM_12,ZONE_GATE_A1,2026-08-10 07:40,7460
EVT_OLY_2028_001,VEN_STADIUM_12,ZONE_GATE_A1,2026-08-10 07:45,7461
EVT_OLY_2028_001,VEN_STADIUM_12,ZONE_GATE_A1,2026-08-10 07:50,7462
EVT_OLY_2028_001,VEN_STADIUM_12,ZONE_GATE_A1,2026-08-10 07:55,7463
EVT_OLY_2028_001,VEN_STADIUM_12,ZONE_GATE_A1,2026-08-10 08:00,7464
EVT_OLY_2028_001,VEN_STADIUM_12,ZONE_GATE_A1,2026-08-10 08:05,7465
EVT_OLY_2028_001,VEN_STADIUM_12,ZONE_GATE_A1,2026-08-10 08:10,7466
EVT_OLY_2028_001,VEN_STADIUM_12,ZONE_GATE_A1,2026-08-10 08:15,7467
EVT_OLY_2028_001,VEN_STADIUM_12,ZONE_GATE_A1,2026-08-10 08:20,7468
EVT_OLY_2028_001,VEN_STADIUM_12,ZONE_GATE_A1,2026-08-10 08:25,7469
EVT_OLY_2028_001,VEN_STADIUM_12,ZONE_GATE_A1,2026-08-10 08:30,7470
EVT_OLY_2028_001,VEN_STADIUM_12,ZONE_GATE_A1,2026-08-10 08:35,7471
EVT_OLY_2028_001,VEN_STADIUM_12,ZONE_GATE_A1,2026-08-10 08:40,7472
EVT_OLY_2028_001,VEN_STADIUM_12,ZONE_GATE_A1,2026-08-10 08:45,7473
EVT_OLY_2028_001,VEN_STADIUM_12,ZONE_GATE_A1,2026-08-10 08:50,7474
EVT_OLY_2028_001,VEN_STADIUM_12,ZONE_GATE_A1,2026-08-10 08:55,7475
EVT_OLY_2028_001,VEN_STADIUM_12,ZONE_GATE_A1,2026-08-10 09:00,7476
EVT_OLY_2028_001,VEN_STADIUM_12,ZONE_GATE_A1,2026-08-10 09:05,7477
EVT_OLY_2028_001,VEN_STADIUM_12,ZONE_GATE_A1,2026-08-10 09:10,7478
EVT_OLY_2028_001,VEN_STADIUM_12,ZONE_GATE_A1,2026-08-10 09:15,7479
EVT_OLY_2028_001,VEN_STADIUM_12,ZONE_GATE_A1,2026-08-10 09:20,7480
EVT_OLY_2028_001,VEN_STADIUM_12,ZONE_GATE_A1,2026-08-10 09:25,7481
EVT_OLY_2028_001,VEN_STADIUM_12,ZONE_GATE_A1,2026-08-10 09:30,7482
EVT_OLY_2028_001,VEN_STADIUM_12,ZONE_GATE_A1,2026-08-10 09:35,7483
EVT_OLY_2028_001,VEN_STADIUM_12,ZONE_GATE_A1,2026-08-10 09:40,7484
EVT_OLY_2028_001,VEN_STADIUM_12,ZONE_GATE_A1,2026-08-10 09:45,7485
EVT_OLY_2028_001,VEN_STADIUM_12,ZONE_GATE_A1,2026-08-10 09:50,7486
EVT_OLY_2028_001,VEN_STADIUM_12,ZONE_GATE_A1,2026-08-10 09:55,7487
EVT_OLY_2028_001,VEN_STADIUM_12,ZONE_GATE_A1,2026-08-10 10:00,7488
EVT_OLY_2028_001,VEN_STADIUM_12,ZONE_GATE_A1,2026-08-10 10:05,7489
EVT_OLY_2028_001,VEN_STADIUM_12,ZONE_GATE_A1,2026-08-10 10:10,7490
EVT_OLY_2028_001,VEN_STADIUM_12,ZONE_GATE_A1,2026-08-10 10:15,7491
EVT_OLY_2028_001,VEN_STADIUM_12,ZONE_GATE_A1,2026-08-10 10:20,7492
EVT_OLY_2028_001,VEN_STADIUM_12,ZONE_GATE_A1,2026-08-10 10:25,7493
EVT_OLY_2028_001,VEN_STADIUM_12,ZONE_GATE_A1,2026-08-10 10:30,7494
EVT_OLY_2028_001,VEN_STADIUM_12,ZONE_GATE_A1,2026-08-10 10:35,7495
EVT_OLY_2028_001,VEN_STADIUM_12,ZONE_GATE_A1,2026-08-10 10:40,7496
EVT_OLY_2028_001,VEN_STADIUM_12,ZONE_GATE_A1,2026-08-10 10:45,7497
EVT_OLY_2028_001,VEN_STADIUM_12,ZONE_GATE_A1,2026-08-10 10:50,7498
EVT_OLY_2028_001,VEN_STADIUM_12,ZONE_GATE_A1,2026-08-10 10:55,7499
EVT_OLY_2028_001,VEN_STADIUM_12,ZONE_GATE_A1,2026-08-10 11:00,7500
EVT_OLY_2028_001,VEN_STADIUM_12,ZONE_GATE_A1,2026-08-10 11:05,7501
EVT_OLY_2028_001,VEN_STADIUM_12,ZONE_GATE_A1,2026-08-10 11:10,7502
EVT_OLY_2028_001,VEN_STADIUM_12,ZONE_GATE_A1,2026-08-10 11:15,7503
EVT_OLY_2028_001,VEN_STADIUM_12,ZONE_GATE_A1,2026-08-10 11:20,7504
EVT_OLY_2028_001,VEN_STADIUM_12,ZONE_GATE_A1,2026-08-10 11:25,7505
EVT_OLY_2028_001,VEN_STADIUM_12,ZONE_GATE_A1,2026-08-10 11:30,7506
EVT_OLY_2028_001,VEN_STADIUM_12,ZONE_GATE_A1,2026-08-10 11:35,7507
EVT_OLY_2028_001,VEN_STADIUM_12,ZONE_GATE_A1,2026-08-10 11:40,7508
EVT_OLY_2028_001,VEN_STADIUM_12,ZONE_GATE_A1,2026-08-10 11:45,7509
EVT_OLY_2028_001,VEN_STADIUM_12,ZONE_GATE_A1,2026-08-10 11:50,7510
EVT_OLY_2028_001,VEN_STADIUM_12,ZONE_GATE_A1,2026-08-10 11:55,7511
EVT_OLY_2028_001,VEN_STADIUM_12,ZONE_GATE_A1,2026-08-10 12:00,7512
EVT_OLY_2028_001,VEN_STADIUM_12,ZONE_GATE_A1,2026-08-10 12:05,7513
EVT_OLY_2028_001,VEN_STADIUM_12,ZONE_GATE_A1,2026-08-10 12:10,7514
EVT_OLY_2028_001,VEN_STADIUM_12,ZONE_GATE_A1,2026-08-10 12:15,7515
EVT_OLY_2028_001,VEN_STADIUM_12,ZONE_GATE_A1,2026-08-10 12:20,7516
EVT_OLY_2028_001,VEN_STADIUM_12,ZONE_GATE_A1,2026-08-10 12:25,7517
EVT_OLY_2028_001,VEN_STADIUM_12,ZONE_GATE_A1,2026-08-10 12:30,7518
EVT_OLY_2028_001,VEN_STADIUM_12,ZONE_GATE_A1,2026-08-10 12:35,7519
EVT_OLY_2028_001,VEN_STADIUM_12,ZONE_GATE_A1,2026-08-10 12:40,7520
EVT_OLY_2028_001,VEN_STADIUM_12,ZONE_GATE_A1,2026-08-10 12:45,7521
EVT_OLY_2028_001,VEN_STADIUM_12,ZONE_GATE_A1,2026-08-10 12:50,7522
EVT_OLY_2028_001,VEN_STADIUM_12,ZONE_GATE_A1,2026-08-10 12:55,7523
EVT_OLY_2028_001,VEN_STADIUM_12,ZONE_GATE_A1,2026-08-10 13:00,7524
EVT_OLY_2028_001,VEN_STADIUM_12,ZONE_GATE_A1,2026-08-10 13:05,7525
EVT_OLY_2028_001,VEN_STADIUM_12,ZONE_GATE_A1,2026-08-10 13:10,7526
EVT_OLY_2028_001,VEN_STADIUM_12,ZONE_GATE_A1,2026-08-10 13:15,7527
EVT_OLY_2028_001,VEN_STADIUM_12,ZONE_GATE_A1,2026-08-10 13:20,7528
EVT_OLY_2028_001,VEN_STADIUM_12,ZONE_GATE_A1,2026-08-10 13:25,7529
EVT_OLY_2028_001,VEN_STADIUM_12,ZONE_GATE_A1,2026-08-10 13:30,7530
EVT_OLY_2028_001,VEN_STADIUM_12,ZONE_GATE_A1,2026-08-10 13:35,7531
EVT_OLY_2028_001,VEN_STADIUM_12,ZONE_GATE_A1,2026-08-10 13:40,7532
EVT_OLY_2028_001,VEN_STADIUM_12,ZONE_GATE_A1,2026-08-10 13:45,7533
EVT_OLY_2028_001,VEN_STADIUM_12,ZONE_GATE_A1,2026-08-10 13:50,7534
EVT_OLY_2028_001,VEN_STADIUM_12,ZONE_GATE_A1,2026-08-10 13:55,7535
EVT_OLY_2028_001,VEN_STADIUM_12,ZONE_GATE_A1,2026-08-10 14:00,7536
EVT_OLY_2028_001,VEN_STADIUM_12,ZONE_GATE_A1,2026-08-10 14:05,7537
EVT_OLY_2028_001,VEN_STADIUM_12,ZONE_GATE_A1,2026-08-10 14:10,7538
EVT_OLY_2028_001,VEN_STADIUM_12,ZONE_GATE_A1,2026-08-10 14:15,7539
EVT_OLY_2028_001,VEN_STADIUM_12,ZONE_GATE_A1,2026-08-10 14:20,7540
EVT_OLY_2028_001,VEN_STADIUM_12,ZONE_GATE_A1,2026-08-10 14:25,7541
EVT_OLY_2028_001,VEN_STADIUM_12,ZONE_GATE_A1,2026-08-10 14:30,7542
EVT_OLY_2028_001,VEN_STADIUM_12,ZONE_GATE_A1,2026-08-10 14:35,7543
EVT_OLY_2028_001,VEN_STADIUM_12,ZONE_GATE_A1,2026-08-10 14:40,7544
EVT_OLY_2028_001,VEN_STADIUM_12,ZONE_GATE_A1,2026-08-10 14:45,7545
EVT_OLY_2028_001,VEN_STADIUM_12,ZONE_GATE_A1,2026-08-10 14:50,7546
EVT_OLY_2028_001,VEN_STADIUM_12,ZONE_GATE_A1,2026-08-10 14:55,7547
EVT_OLY_2028_001,VEN_STADIUM_12,ZONE_GATE_A1,2026-08-10 15:00,7548
EVT_OLY_2028_001,VEN_STADIUM_12,ZONE_GATE_A1,2026-08-10 15:05,7549
EVT_OLY_2028_001,VEN_STADIUM_12,ZONE_GATE_A1,2026-08-10 15:10,7550
EVT_OLY_2028_001,VEN_STADIUM_12,ZONE_GATE_A1,2026-08-10 15:15,7551
EVT_OLY_2028_001,VEN_STADIUM_12,ZONE_GATE_A1,2026-08-10 15:20,7552
EVT_OLY_2028_001,VEN_STADIUM_12,ZONE_GATE_A1,2026-08-10 15:25,7553
EVT_OLY_2028_001,VEN_STADIUM_12,ZONE_GATE_A1,2026-08-10 15:30,7554
EVT_OLY_2028_001,VEN_STADIUM_12,ZONE_GATE_A1,2026-08-10 15:35,7555
EVT_OLY_2028_001,VEN_STADIUM_12,ZONE_GATE_A1,2026-08-10 15:40,7556
EVT_OLY_2028_001,VEN_STADIUM_12,ZONE_GATE_A1,2026-08-10 15:45,7557
EVT_OLY_2028_001,VEN_STADIUM_12,ZONE_GATE_A1,2026-08-10 15:50,7558
EVT_OLY_2028_001,VEN_STADIUM_12,ZONE_GATE_A1,2026-08-10 15:55,7559
EVT_OLY_2028_001,VEN_STADIUM_12,ZONE_GATE_A1,2026-08-10 16:00,7560
EVT_OLY_2028_001,VEN_STADIUM_12,ZONE_GATE_A1,2026-08-10 16:05,7561
EVT_OLY_2028_001,VEN_STADIUM_12,ZONE_GATE_A1,2026-08-10 16:10,7562
EVT_OLY_2028_001,VEN_STADIUM_12,ZONE_GATE_A1,2026-08-10 16:15,7563
EVT_OLY_2028_001,VEN_STADIUM_12,ZONE_GATE_A1,2026-08-10 16:20,7564
EVT_OLY_2028_001,VEN_STADIUM_12,ZONE_GATE_A1,2026-08-10 16:25,7565
EVT_OLY_2028_001,VEN_STADIUM_12,ZONE_GATE_A1,2026-08-10 16:30,7566
EVT_OLY_2028_001,VEN_STADIUM_12,ZONE_GATE_A1,2026-08-10 16:35,7567
EVT_OLY_2028_001,VEN_STADIUM_12,ZONE_GATE_A1,2026-08-10 16:40,7568
EVT_OLY_2028_001,VEN_STADIUM_12,ZONE_GATE_A1,2026-08-10 16:45,7569
EVT_OLY_2028_001,VEN_STADIUM_12,ZONE_GATE_A1,2026-08-10 16:50,7570
EVT_OLY_2028_001,VEN_STADIUM_12,ZONE_GATE_A1,2026-08-10 16:55,7571
EVT_OLY_2028_001,VEN_STADIUM_12,ZONE_GATE_A1,2026-08-10 17:00,7572
EVT_OLY_2028_001,VEN_STADIUM_12,ZONE_GATE_A1,2026-08-10 17:05,7573
EVT_OLY_2028_001,VEN_STADIUM_12,ZONE_GATE_A1,2026-08-10 17:10,7574
EVT_OLY_2028_001,VEN_STADIUM_12,ZONE_GATE_A1,2026-08-10 17:15,7575
EVT_OLY_2028_001,VEN_STADIUM_12,ZONE_GATE_A1,2026-08-10 17:20,7576
EVT_OLY_2028_001,VEN_STADIUM_12,ZONE_GATE_A1,2026-08-10 17:25,7577
EVT_OLY_2028_001,VEN_STADIUM_12,ZONE_GATE_A1,2026-08-10 17:30,7578
EVT_OLY_2028_001,VEN_STADIUM_12,ZONE_GATE_A1,2026-08-10 17:35,7579
EVT_OLY_2028_001,VEN_STADIUM_12,ZONE_GATE_A1,2026-08-10 17:40,7580
EVT_OLY_2028_001,VEN_STADIUM_12,ZONE_GATE_A1,2026-08-10 17:45,7581
EVT_OLY_2028_001,VEN_STADIUM_12,ZONE_GATE_A1,2026-08-10 17:50,7582
EVT_OLY_2028_001,VEN_STADIUM_12,ZONE_GATE_A1,2026-08-10 17:55,7583
EVT_OLY_2028_001,VEN_STADIUM_12,ZONE_GATE_A1,2026-08-10 18:00,7584
EVT_OLY_2028_001,VEN_STADIUM_12,ZONE_GATE_A1,2026-08-10 18:05,7585
EVT_OLY_2028_001,VEN_STADIUM_12,ZONE_GATE_A1,2026-08-10 18:10,7586
EVT_OLY_2028_001,VEN_STADIUM_12,ZONE_GATE_A1,2026-08-10 18:15,7587
EVT_OLY_2028_001,VEN_STADIUM_12,ZONE_GATE_A1,2026-08-10 18:20,7588
EVT_OLY_2028_001,VEN_STADIUM_12,ZONE_GATE_A1,2026-08-10 18:25,7589
EVT_OLY_2028_001,VEN_STADIUM_12,ZONE_GATE_A1,2026-08-10 18:30,7590
EVT_OLY_2028_001,VEN_STADIUM_12,ZONE_GATE_A1,2026-08-10 18:35,7591
EVT_OLY_2028_001,VEN_STADIUM_12,ZONE_GATE_A1,2026-08-10 18:40,7592
EVT_OLY_2028_001,VEN_STADIUM_12,ZONE_GATE_A1,2026-08-10 18:45,7593
EVT_OLY_2028_001,VEN_STADIUM_12,ZONE_GATE_A1,2026-08-10 18:50,7594
EVT_OLY_2028_001,VEN_STADIUM_12,ZONE_GATE_A1,2026-08-10 18:55,7595
EVT_OLY_2028_001,VEN_STADIUM_12,ZONE_GATE_A1,2026-08-10 19:00,7596
EVT_OLY_2028_001,VEN_STADIUM_12,ZONE_GATE_A1,2026-08-10 19:05,7597
EVT_OLY_2028_001,VEN_STADIUM_12,ZONE_GATE_A1,2026-08-10 19:10,7598
EVT_OLY_2028_001,VEN_STADIUM_12,ZONE_GATE_A1,2026-08-10 19:15,7599
EVT_OLY_2028_001,VEN_STADIUM_12,ZONE_GATE_A1,2026-08-10 19:20,7600
EVT_OLY_2028_001,VEN_STADIUM_12,ZONE_GATE_A1,2026-08-10 19:25,7601
EVT_OLY_2028_001,VEN_STADIUM_12,ZONE_GATE_A1,2026-08-10 19:30,7602
EVT_OLY_2028_001,VEN_STADIUM_12,ZONE_GATE_A1,2026-08-10 19:35,7603
EVT_OLY_2028_001,VEN_STADIUM_12,ZONE_GATE_A1,2026-08-10 19:40,7604
EVT_OLY_2028_001,VEN_STADIUM_12,ZONE_GATE_A1,2026-08-10 19:45,7605
EVT_OLY_2028_001,VEN_STADIUM_12,ZONE_GATE_A1,2026-08-10 19:50,7606
EVT_OLY_2028_001,VEN_STADIUM_12,ZONE_GATE_A1,2026-08-10 19:55,7607
EVT_OLY_2028_001,VEN_STADIUM_12,ZONE_GATE_A1,2026-08-10 20:00,7608
EVT_OLY_2028_001,VEN_STADIUM_12,ZONE_GATE_A1,2026-08-10 20:05,7609
EVT_OLY_2028_001,VEN_STADIUM_12,ZONE_GATE_A1,2026-08-10 20:10,7610
EVT_OLY_2028_001,VEN_STADIUM_12,ZONE_GATE_A1,2026-08-10 20:15,7611
EVT_OLY_2028_001,VEN_STADIUM_12,ZONE_GATE_A1,2026-08-10 20:20,7612
EVT_OLY_2028_001,VEN_STADIUM_12,ZONE_GATE_A1,2026-08-10 20:25,7613
EVT_OLY_2028_001,VEN_STADIUM_12,ZONE_GATE_A1,2026-08-10 20:30,7614
EVT_OLY_2028_001,VEN_STADIUM_12,ZONE_GATE_A1,2026-08-10 20:35,7615
EVT_OLY_2028_001,VEN_STADIUM_12,ZONE_GATE_A1,2026-08-10 20:40,7616
EVT_OLY_2028_001,VEN_STADIUM_12,ZONE_GATE_A1,2026-08-10 20:45,7617
EVT_OLY_2028_001,VEN_STADIUM_12,ZONE_GATE_A1,2026-08-10 20:50,7618
EVT_OLY_2028_001,VEN_STADIUM_12,ZONE_GATE_A1,2026-08-10 20:55,7619
EVT_OLY_2028_001,VEN_STADIUM_12,ZONE_GATE_A1,2026-08-10 21:00,7620
EVT_OLY_2028_001,VEN_STADIUM_12,ZONE_GATE_A1,2026-08-10 21:05,7621
EVT_OLY_2028_001,VEN_STADIUM_12,ZONE_GATE_A1,2026-08-10 21:10,7622
EVT_OLY_2028_001,VEN_STADIUM_12,ZONE_GATE_A1,2026-08-10 21:15,7623
EVT_OLY_2028_001,VEN_STADIUM_12,ZONE_GATE_A1,2026-08-10 21:20,7624
EVT_OLY_2028_001,VEN_STADIUM_12,ZONE_GATE_A1,2026-08-10 21:25,7625
EVT_OLY_2028_001,VEN_STADIUM_12,ZONE_GATE_A1,2026-08-10 21:30,7626
EVT_OLY_2028_001,VEN_STADIUM_12,ZONE_GATE_A1,2026-08-10 21:35,7627
EVT_OLY_2028_001,VEN_STADIUM_12,ZONE_GATE_A1,2026-08-10 21:40,7628
EVT_OLY_2028_001,VEN_STADIUM_12,ZONE_GATE_A1,2026-08-10 21:45,7629
EVT_OLY_2028_001,VEN_STADIUM_12,ZONE_GATE_A1,2026-08-10 21:50,7630
EVT_OLY_2028_001,VEN_STADIUM_12,ZONE_GATE_A1,2026-08-10 21:55,7631
EVT_OLY_2028_001,VEN_STADIUM_12,ZONE_GATE_A1,2026-08-10 22:00,7632
EVT_OLY_2028_001,VEN_STADIUM_12,ZONE_GATE_A1,2026-08-10 22:05,7633
EVT_OLY_2028_001,VEN_STADIUM_12,ZONE_GATE_A1,2026-08-10 22:10,7634
EVT_OLY_2028_001,VEN_STADIUM_12,ZONE_GATE_A1,2026-08-10 22:15,7635
EVT_OLY_2028_001,VEN_STADIUM_12,ZONE_GATE_A1,2026-08-10 22:20,7636
EVT_OLY_2028_001,VEN_STADIUM_12,ZONE_GATE_A1,2026-08-10 22:25,7637
EVT_OLY_2028_001,VEN_STADIUM_12,ZONE_GATE_A1,2026-08-10 22:30,7638
EVT_OLY_2028_001,VEN_STADIUM_12,ZONE_GATE_A1,2026-08-10 22:35,7639
EVT_OLY_2028_001,VEN_STADIUM_12,ZONE_GATE_A1,2026-08-10 22:40,7640
EVT_OLY_2028_001,VEN_STADIUM_12,ZONE_GATE_A1,2026-08-10 22:45,7641
EVT_OLY_2028_001,VEN_STADIUM_12,ZONE_GATE_A1,2026-08-10 22:50,7642
EVT_OLY_2028_001,VEN_STADIUM_12,ZONE_GATE_A1,2026-08-10 22:55,7643
EVT_OLY_2028_001,VEN_STADIUM_12,ZONE_GATE_A1,2026-08-10 23:00,7644
EVT_OLY_2028_001,VEN_STADIUM_12,ZONE_GATE_A1,2026-08-10 23:05,7645
EVT_OLY_2028_001,VEN_STADIUM_12,ZONE_GATE_A1,2026-08-10 23:10,7646
EVT_OLY_2028_001,VEN_STADIUM_12,ZONE_GATE_A1,2026-08-10 23:15,7647
EVT_OLY_2028_001,VEN_STADIUM_12,ZONE_GATE_A1,2026-08-10 23:20,7648
EVT_OLY_2028_001,VEN_STADIUM_12,ZONE_GATE_A1,2026-08-10 23:25,7649
EVT_OLY_2028_001,VEN_STADIUM_12,ZONE_GATE_A1,2026-08-10 23:30,7650
EVT_OLY_2028_001,VEN_STADIUM_12,ZONE_GATE_A1,2026-08-10 23:35,7651
EVT_OLY_2028_001,VEN_STADIUM_12,ZONE_GATE_A1,2026-08-10 23:40,7652
EVT_OLY_2028_001,VEN_STADIUM_12,ZONE_GATE_A1,2026-08-10 23:45,7653
EVT_OLY_2028_001,VEN_STADIUM_12,ZONE_GATE_A1,2026-08-10 23:50,7654
EVT_OLY_2028_001,VEN_STADIUM_12,ZONE_GATE_A1,2026-08-10 23:55,7655
EVT_OLY_2028_001,VEN_STADIUM_12,ZONE_GATE_A1,2026-08-11 00:00,7656
EVT_OLY_2028_001,VEN_STADIUM_12,ZONE_GATE_A1,2026-08-11 00:05,7657
EVT_OLY_2028_001,VEN_STADIUM_12,ZONE_GATE_A1,2026-08-11 00:10,7658
EVT_OLY_2028_001,VEN_STADIUM_12,ZONE_GATE_A1,2026-08-11 00:15,7659
EVT_OLY_2028_001,VEN_STADIUM_12,ZONE_GATE_A1,2026-08-11 00:20,7660
EVT_OLY_2028_001,VEN_STADIUM_12,ZONE_GATE_A1,2026-08-11 00:25,7661
EVT_OLY_2028_001,VEN_STADIUM_12,ZONE_GATE_A1,2026-08-11 00:30,7662
EVT_OLY_2028_001,VEN_STADIUM_12,ZONE_GATE_A1,2026-08-11 00:35,7663
EVT_OLY_2028_001,VEN_STADIUM_12,ZONE_GATE_A1,2026-08-11 00:40,7664
EVT_OLY_2028_001,VEN_STADIUM_12,ZONE_GATE_A1,2026-08-11 00:45,7665
EVT_OLY_2028_001,VEN_STADIUM_12,ZONE_GATE_A1,2026-08-11 00:50,7666
EVT_OLY_2028_001,VEN_STADIUM_12,ZONE_GATE_A1,2026-08-11 00:55,7667
EVT_OLY_2028_001,VEN_STADIUM_12,ZONE_GATE_A1,2026-08-11 01:00,7668
EVT_OLY_2028_001,VEN_STADIUM_12,ZONE_GATE_A1,2026-08-11 01:05,7669
EVT_OLY_2028_001,VEN_STADIUM_12,ZONE_GATE_A1,2026-08-11 01:10,7670
EVT_OLY_2028_001,VEN_STADIUM_12,ZONE_GATE_A1,2026-08-11 01:15,7671
EVT_OLY_2028_001,VEN_STADIUM_12,ZONE_GATE_A1,2026-08-11 01:20,7672
EVT_OLY_2028_001,VEN_STADIUM_12,ZONE_GATE_A1,2026-08-11 01:25,7673
EVT_OLY_2028_001,VEN_STADIUM_12,ZONE_GATE_A1,2026-08-11 01:30,7674
EVT_OLY_2028_001,VEN_STADIUM_12,ZONE_GATE_A1,2026-08-11 01:35,7675
EVT_OLY_2028_001,VEN_STADIUM_12,ZONE_GATE_A1,2026-08-11 01:40,7676
EVT_OLY_2028_001,VEN_STADIUM_12,ZONE_GATE_A1,2026-08-11 01:45,7677
EVT_OLY_2028_001,VEN_STADIUM_12,ZONE_GATE_A1,2026-08-11 01:50,7678
EVT_OLY_2028_001,VEN_STADIUM_12,ZONE_GATE_A1,2026-08-11 01:55,7679
EVT_OLY_2028_001,VEN_STADIUM_12,ZONE_GATE_A1,2026-08-11 02:00,7680
EVT_OLY_2028_001,VEN_STADIUM_12,ZONE_GATE_A1,2026-08-11 02:05,7681
EVT_OLY_2028_001,VEN_STADIUM_12,ZONE_GATE_A1,2026-08-11 02:10,7682
EVT_OLY_2028_001,VEN_STADIUM_12,ZONE_GATE_A1,2026-08-11 02:15,7683
EVT_OLY_2028_001,VEN_STADIUM_12,ZONE_GATE_A1,2026-08-11 02:20,7684
EVT_OLY_2028_001,VEN_STADIUM_12,ZONE_GATE_A1,2026-08-11 02:25,7685
EVT_OLY_2028_001,VEN_STADIUM_12,ZONE_GATE_A1,2026-08-11 02:30,7686
EVT_OLY_2028_001,VEN_STADIUM_12,ZONE_GATE_A1,2026-08-11 02:35,7687
EVT_OLY_2028_001,VEN_STADIUM_12,ZONE_GATE_A1,2026-08-11 02:40,7688
EVT_OLY_2028_001,VEN_STADIUM_12,ZONE_GATE_A1,2026-08-11 02:45,7689
EVT_OLY_2028_001,VEN_STADIUM_12,ZONE_GATE_A1,2026-08-11 02:50,7690
EVT_OLY_2028_001,VEN_STADIUM_12,ZONE_GATE_A1,2026-08-11 02:55,7691
EVT_OLY_2028_001,VEN_STADIUM_12,ZONE_GATE_A1,2026-08-11 03:00,7692
EVT_OLY_2028_001,VEN_STADIUM_12,ZONE_GATE_A1,2026-08-11 03:05,7693
EVT_OLY_2028_001,VEN_STADIUM_12,ZONE_GATE_A1,2026-08-11 03:10,7694
EVT_OLY_2028_001,VEN_STADIUM_12,ZONE_GATE_A1,2026-08-11 03:15,7695
EVT_OLY_2028_001,VEN_STADIUM_12,ZONE_GATE_A1,2026-08-11 03:20,7696
EVT_OLY_2028_001,VEN_STADIUM_12,ZONE_GATE_A1,2026-08-11 03:25,7697
EVT_OLY_2028_001,VEN_STADIUM_12,ZONE_GATE_A1,2026-08-11 03:30,7698
EVT_OLY_2028_001,VEN_STADIUM_12,ZONE_GATE_A1,2026-08-11 03:35,7699
EVT_OLY_2028_001,VEN_STADIUM_12,ZONE_GATE_A1,2026-08-11 03:40,7700
EVT_OLY_2028_001,VEN_STADIUM_12,ZONE_GATE_A1,2026-08-11 03:45,7701
EVT_OLY_2028_001,VEN_STADIUM_12,ZONE_GATE_A1,2026-08-11 03:50,7702
EVT_OLY_2028_001,VEN_STADIUM_12,ZONE_GATE_A1,2026-08-11 03:55,7703
EVT_OLY_2028_001,VEN_STADIUM_12,ZONE_GATE_A1,2026-08-11 04:00,7704
EVT_OLY_2028_001,VEN_STADIUM_12,ZONE_GATE_A1,2026-08-11 04:05,7705
EVT_OLY_2028_001,VEN_STADIUM_12,ZONE_GATE_A1,2026-08-11 04:10,7706
EVT_OLY_2028_001,VEN_STADIUM_12,ZONE_GATE_A1,2026-08-11 04:15,7707
EVT_OLY_2028_001,VEN_STADIUM_12,ZONE_GATE_A1,2026-08-11 04:20,7708
EVT_OLY_2028_001,VEN_STADIUM_12,ZONE_GATE_A1,2026-08-11 04:25,7709
EVT_OLY_2028_001,VEN_STADIUM_12,ZONE_GATE_A1,2026-08-11 04:30,7710
EVT_OLY_2028_001,VEN_STADIUM_12,ZONE_GATE_A1,2026-08-11 04:35,7711
EVT_OLY_2028_001,VEN_STADIUM_12,ZONE_GATE_A1,2026-08-11 04:40,7712
EVT_OLY_2028_001,VEN_STADIUM_12,ZONE_GATE_A1,2026-08-11 04:45,7713
EVT_OLY_2028_001,VEN_STADIUM_12,ZONE_GATE_A1,2026-08-11 04:50,7714
EVT_OLY_2028_001,VEN_STADIUM_12,ZONE_GATE_A1,2026-08-11 04:55,7715
EVT_OLY_2028_001,VEN_STADIUM_12,ZONE_GATE_A1,2026-08-11 05:00,7716
EVT_OLY_2028_001,VEN_STADIUM_12,ZONE_GATE_A1,2026-08-11 05:05,7717
EVT_OLY_2028_001,VEN_STADIUM_12,ZONE_GATE_A1,2026-08-11 05:10,7718
EVT_OLY_2028_001,VEN_STADIUM_12,ZONE_GATE_A1,2026-08-11 05:15,7719
EVT_OLY_2028_001,VEN_STADIUM_12,ZONE_GATE_A1,2026-08-11 05:20,7720
EVT_OLY_2028_001,VEN_STADIUM_12,ZONE_GATE_A1,2026-08-11 05:25,7721
EVT_OLY_2028_001,VEN_STADIUM_12,ZONE_GATE_A1,2026-08-11 05:30,7722
EVT_OLY_2028_001,VEN_STADIUM_12,ZONE_GATE_A1,2026-08-11 05:35,7723
EVT_OLY_2028_001,VEN_STADIUM_12,ZONE_GATE_A1,2026-08-11 05:40,7724
EVT_OLY_2028_001,VEN_STADIUM_12,ZONE_GATE_A1,2026-08-11 05:45,7725
EVT_OLY_2028_001,VEN_STADIUM_12,ZONE_GATE_A1,2026-08-11 05:50,7726
EVT_OLY_2028_001,VEN_STADIUM_12,ZONE_GATE_A1,2026-08-11 05:55,7727
EVT_OLY_2028_001,VEN_STADIUM_12,ZONE_GATE_A1,2026-08-11 06:00,7728
EVT_OLY_2028_001,VEN_STADIUM_12,ZONE_GATE_A1,2026-08-11 06:05,7729
EVT_OLY_2028_001,VEN_STADIUM_12,ZONE_GATE_A1,2026-08-11 06:10,7730
EVT_OLY_2028_001,VEN_STADIUM_12,ZONE_GATE_A1,2026-08-11 06:15,7731
EVT_OLY_2028_001,VEN_STADIUM_12,ZONE_GATE_A1,2026-08-11 06:20,7732
EVT_OLY_2028_001,VEN_STADIUM_12,ZONE_GATE_A1,2026-08-11 06:25,7733
EVT_OLY_2028_001,VEN_STADIUM_12,ZONE_GATE_A1,2026-08-11 06:30,7734
EVT_OLY_2028_001,VEN_STADIUM_12,ZONE_GATE_A1,2026-08-11 06:35,7735
EVT_OLY_2028_001,VEN_STADIUM_12,ZONE_GATE_A1,2026-08-11 06:40,7736
EVT_OLY_2028_001,VEN_STADIUM_12,ZONE_GATE_A1,2026-08-11 06:45,7737
EVT_OLY_2028_001,VEN_STADIUM_12,ZONE_GATE_A1,2026-08-11 06:50,7738
EVT_OLY_2028_001,VEN_STADIUM_12,ZONE_GATE_A1,2026-08-11 06:55,7739
EVT_OLY_2028_001,VEN_STADIUM_12,ZONE_GATE_A1,2026-08-11 07:00,7740
EVT_OLY_2028_001,VEN_STADIUM_12,ZONE_GATE_A1,2026-08-11 07:05,7741
EVT_OLY_2028_001,VEN_STADIUM_12,ZONE_GATE_A1,2026-08-11 07:10,7742
EVT_OLY_2028_001,VEN_STADIUM_12,ZONE_GATE_A1,2026-08-11 07:15,7743
EVT_OLY_2028_001,VEN_STADIUM_12,ZONE_GATE_A1,2026-08-11 07:20,7744
EVT_OLY_2028_001,VEN_STADIUM_12,ZONE_GATE_A1,2026-08-11 07:25,7745
EVT_OLY_2028_001,VEN_STADIUM_12,ZONE_GATE_A1,2026-08-11 07:30,7746
EVT_OLY_2028_001,VEN_STADIUM_12,ZONE_GATE_A1,2026-08-11 07:35,7747
EVT_OLY_2028_001,VEN_STADIUM_12,ZONE_GATE_A1,2026-08-11 07:40,7748
EVT_OLY_2028_001,VEN_STADIUM_12,ZONE_GATE_A1,2026-08-11 07:45,7749
EVT_OLY_2028_001,VEN_STADIUM_12,ZONE_GATE_A1,2026-08-11 07:50,7750
EVT_OLY_2028_001,VEN_STADIUM_12,ZONE_GATE_A1,2026-08-11 07:55,7751
EVT_OLY_2028_001,VEN_STADIUM_12,ZONE_GATE_A1,2026-08-11 08:00,7752
EVT_OLY_2028_001,VEN_STADIUM_12,ZONE_GATE_A1,2026-08-11 08:05,7753
EVT_OLY_2028_001,VEN_STADIUM_12,ZONE_GATE_A1,2026-08-11 08:10,7754
EVT_OLY_2028_001,VEN_STADIUM_12,ZONE_GATE_A1,2026-08-11 08:15,7755
EVT_OLY_2028_001,VEN_STADIUM_12,ZONE_GATE_A1,2026-08-11 08:20,7756
EVT_OLY_2028_001,VEN_STADIUM_12,ZONE_GATE_A1,2026-08-11 08:25,7757
EVT_OLY_2028_001,VEN_STADIUM_12,ZONE_GATE_A1,2026-08-11 08:30,7758
EVT_OLY_2028_001,VEN_STADIUM_12,ZONE_GATE_A1,2026-08-11 08:35,7759
EVT_OLY_2028_001,VEN_STADIUM_12,ZONE_GATE_A1,2026-08-11 08:40,7760
EVT_OLY_2028_001,VEN_STADIUM_12,ZONE_GATE_A1,2026-08-11 08:45,7761
EVT_OLY_2028_001,VEN_STADIUM_12,ZONE_GATE_A1,2026-08-11 08:50,7762
EVT_OLY_2028_001,VEN_STADIUM_12,ZONE_GATE_A1,2026-08-11 08:55,7763
EVT_OLY_2028_001,VEN_STADIUM_12,ZONE_GATE_A1,2026-08-11 09:00,7764
EVT_OLY_2028_001,VEN_STADIUM_12,ZONE_GATE_A1,2026-08-11 09:05,7765
EVT_OLY_2028_001,VEN_STADIUM_12,ZONE_GATE_A1,2026-08-11 09:10,7766
EVT_OLY_2028_001,VEN_STADIUM_12,ZONE_GATE_A1,2026-08-11 09:15,7767
EVT_OLY_2028_001,VEN_STADIUM_12,ZONE_GATE_A1,2026-08-11 09:20,7768
EVT_OLY_2028_001,VEN_STADIUM_12,ZONE_GATE_A1,2026-08-11 09:25,7769
EVT_OLY_2028_001,VEN_STADIUM_12,ZONE_GATE_A1,2026-08-11 09:30,7770
EVT_OLY_2028_001,VEN_STADIUM_12,ZONE_GATE_A1,2026-08-11 09:35,7771
EVT_OLY_2028_001,VEN_STADIUM_12,ZONE_GATE_A1,2026-08-11 09:40,7772
EVT_OLY_2028_001,VEN_STADIUM_12,ZONE_GATE_A1,2026-08-11 09:45,7773
EVT_OLY_2028_001,VEN_STADIUM_12,ZONE_GATE_A1,2026-08-11 09:50,7774
EVT_OLY_2028_001,VEN_STADIUM_12,ZONE_GATE_A1,2026-08-11 09:55,7775
EVT_OLY_2028_001,VEN_STADIUM_12,ZONE_GATE_A1,2026-08-11 10:00,7776
EVT_OLY_2028_001,VEN_STADIUM_12,ZONE_GATE_A1,2026-08-11 10:05,7777
EVT_OLY_2028_001,VEN_STADIUM_12,ZONE_GATE_A1,2026-08-11 10:10,7778
EVT_OLY_2028_001,VEN_STADIUM_12,ZONE_GATE_A1,2026-08-11 10:15,7779
EVT_OLY_2028_001,VEN_STADIUM_12,ZONE_GATE_A1,2026-08-11 10:20,7780
EVT_OLY_2028_001,VEN_STADIUM_12,ZONE_GATE_A1,2026-08-11 10:25,7781
EVT_OLY_2028_001,VEN_STADIUM_12,ZONE_GATE_A1,2026-08-11 10:30,7782
EVT_OLY_2028_001,VEN_STADIUM_12,ZONE_GATE_A1,2026-08-11 10:35,7783
EVT_OLY_2028_001,VEN_STADIUM_12,ZONE_GATE_A1,2026-08-11 10:40,7784
EVT_OLY_2028_001,VEN_STADIUM_12,ZONE_GATE_A1,2026-08-11 10:45,7785
EVT_OLY_2028_001,VEN_STADIUM_12,ZONE_GATE_A1,2026-08-11 10:50,7786
EVT_OLY_2028_001,VEN_STADIUM_12,ZONE_GATE_A1,2026-08-11 10:55,7787
EVT_OLY_2028_001,VEN_STADIUM_12,ZONE_GATE_A1,2026-08-11 11:00,7788
EVT_OLY_2028_001,VEN_STADIUM_12,ZONE_GATE_A1,2026-08-11 11:05,7789
EVT_OLY_2028_001,VEN_STADIUM_12,ZONE_GATE_A1,2026-08-11 11:10,7790
EVT_OLY_2028_001,VEN_STADIUM_12,ZONE_GATE_A1,2026-08-11 11:15,7791
EVT_OLY_2028_001,VEN_STADIUM_12,ZONE_GATE_A1,2026-08-11 11:20,7792
EVT_OLY_2028_001,VEN_STADIUM_12,ZONE_GATE_A1,2026-08-11 11:25,7793
EVT_OLY_2028_001,VEN_STADIUM_12,ZONE_GATE_A1,2026-08-11 11:30,7794
EVT_OLY_2028_001,VEN_STADIUM_12,ZONE_GATE_A1,2026-08-11 11:35,7795
EVT_OLY_2028_001,VEN_STADIUM_12,ZONE_GATE_A1,2026-08-11 11:40,7796
EVT_OLY_2028_001,VEN_STADIUM_12,ZONE_GATE_A1,2026-08-11 11:45,7797
EVT_OLY_2028_001,VEN_STADIUM_12,ZONE_GATE_A1,2026-08-11 11:50,7798
EVT_OLY_2028_001,VEN_STADIUM_12,ZONE_GATE_A1,2026-08-11 11:55,7799
EVT_OLY_2028_001,VEN_STADIUM_12,ZONE_GATE_A1,2026-08-11 12:00,7800
EVT_OLY_2028_001,VEN_STADIUM_12,ZONE_GATE_A1,2026-08-11 12:05,7801
EVT_OLY_2028_001,VEN_STADIUM_12,ZONE_GATE_A1,2026-08-11 12:10,7802
EVT_OLY_2028_001,VEN_STADIUM_12,ZONE_GATE_A1,2026-08-11 12:15,7803
EVT_OLY_2028_001,VEN_STADIUM_12,ZONE_GATE_A1,2026-08-11 12:20,7804
EVT_OLY_2028_001,VEN_STADIUM_12,ZONE_GATE_A1,2026-08-11 12:25,7805
EVT_OLY_2028_001,VEN_STADIUM_12,ZONE_GATE_A1,2026-08-11 12:30,7806
EVT_OLY_2028_001,VEN_STADIUM_12,ZONE_GATE_A1,2026-08-11 12:35,7807
EVT_OLY_2028_001,VEN_STADIUM_12,ZONE_GATE_A1,2026-08-11 12:40,7808
EVT_OLY_2028_001,VEN_STADIUM_12,ZONE_GATE_A1,2026-08-11 12:45,7809
EVT_OLY_2028_001,VEN_STADIUM_12,ZONE_GATE_A1,2026-08-11 12:50,7810
EVT_OLY_2028_001,VEN_STADIUM_12,ZONE_GATE_A1,2026-08-11 12:55,7811
EVT_OLY_2028_001,VEN_STADIUM_12,ZONE_GATE_A1,2026-08-11 13:00,7812
EVT_OLY_2028_001,VEN_STADIUM_12,ZONE_GATE_A1,2026-08-11 13:05,7813
EVT_OLY_2028_001,VEN_STADIUM_12,ZONE_GATE_A1,2026-08-11 13:10,7814
EVT_OLY_2028_001,VEN_STADIUM_12,ZONE_GATE_A1,2026-08-11 13:15,7815
EVT_OLY_2028_001,VEN_STADIUM_12,ZONE_GATE_A1,2026-08-11 13:20,7816
EVT_OLY_2028_001,VEN_STADIUM_12,ZONE_GATE_A1,2026-08-11 13:25,7817
EVT_OLY_2028_001,VEN_STADIUM_12,ZONE_GATE_A1,2026-08-11 13:30,7818
EVT_OLY_2028_001,VEN_STADIUM_12,ZONE_GATE_A1,2026-08-11 13:35,7819
EVT_OLY_2028_001,VEN_STADIUM_12,ZONE_GATE_A1,2026-08-11 13:40,7820
EVT_OLY_2028_001,VEN_STADIUM_12,ZONE_GATE_A1,2026-08-11 13:45,7821
EVT_OLY_2028_001,VEN_STADIUM_12,ZONE_GATE_A1,2026-08-11 13:50,7822
EVT_OLY_2028_001,VEN_STADIUM_12,ZONE_GATE_A1,2026-08-11 13:55,7823
EVT_OLY_2028_001,VEN_STADIUM_12,ZONE_GATE_A1,2026-08-11 14:00,7824
EVT_OLY_2028_001,VEN_STADIUM_12,ZONE_GATE_A1,2026-08-11 14:05,7825
EVT_OLY_2028_001,VEN_STADIUM_12,ZONE_GATE_A1,2026-08-11 14:10,7826
EVT_OLY_2028_001,VEN_STADIUM_12,ZONE_GATE_A1,2026-08-11 14:15,7827
EVT_OLY_2028_001,VEN_STADIUM_12,ZONE_GATE_A1,2026-08-11 14:20,7828
EVT_OLY_2028_001,VEN_STADIUM_12,ZONE_GATE_A1,2026-08-11 14:25,7829
EVT_OLY_2028_001,VEN_STADIUM_12,ZONE_GATE_A1,2026-08-11 14:30,7830
EVT_OLY_2028_001,VEN_STADIUM_12,ZONE_GATE_A1,2026-08-11 14:35,7831
EVT_OLY_2028_001,VEN_STADIUM_12,ZONE_GATE_A1,2026-08-11 14:40,7832
EVT_OLY_2028_001,VEN_STADIUM_12,ZONE_GATE_A1,2026-08-11 14:45,7833
EVT_OLY_2028_001,VEN_STADIUM_12,ZONE_GATE_A1,2026-08-11 14:50,7834
EVT_OLY_2028_001,VEN_STADIUM_12,ZONE_GATE_A1,2026-08-11 14:55,7835
EVT_OLY_2028_001,VEN_STADIUM_12,ZONE_GATE_A1,2026-08-11 15:00,7836
EVT_OLY_2028_001,VEN_STADIUM_12,ZONE_GATE_A1,2026-08-11 15:05,7837
EVT_OLY_2028_001,VEN_STADIUM_12,ZONE_GATE_A1,2026-08-11 15:10,7838
EVT_OLY_2028_001,VEN_STADIUM_12,ZONE_GATE_A1,2026-08-11 15:15,7839
EVT_OLY_2028_001,VEN_STADIUM_12,ZONE_GATE_A1,2026-08-11 15:20,7840
EVT_OLY_2028_001,VEN_STADIUM_12,ZONE_GATE_A1,2026-08-11 15:25,7841
EVT_OLY_2028_001,VEN_STADIUM_12,ZONE_GATE_A1,2026-08-11 15:30,7842
EVT_OLY_2028_001,VEN_STADIUM_12,ZONE_GATE_A1,2026-08-11 15:35,7843
EVT_OLY_2028_001,VEN_STADIUM_12,ZONE_GATE_A1,2026-08-11 15:40,7844
EVT_OLY_2028_001,VEN_STADIUM_12,ZONE_GATE_A1,2026-08-11 15:45,7845
EVT_OLY_2028_001,VEN_STADIUM_12,ZONE_GATE_A1,2026-08-11 15:50,7846
EVT_OLY_2028_001,VEN_STADIUM_12,ZONE_GATE_A1,2026-08-11 15:55,7847
EVT_OLY_2028_001,VEN_STADIUM_12,ZONE_GATE_A1,2026-08-11 16:00,7848
EVT_OLY_2028_001,VEN_STADIUM_12,ZONE_GATE_A1,2026-08-11 16:05,7849
EVT_OLY_2028_001,VEN_STADIUM_12,ZONE_GATE_A1,2026-08-11 16:10,7850
EVT_OLY_2028_001,VEN_STADIUM_12,ZONE_GATE_A1,2026-08-11 16:15,7851
EVT_OLY_2028_001,VEN_STADIUM_12,ZONE_GATE_A1,2026-08-11 16:20,7852
EVT_OLY_2028_001,VEN_STADIUM_12,ZONE_GATE_A1,2026-08-11 16:25,7853
EVT_OLY_2028_001,VEN_STADIUM_12,ZONE_GATE_A1,2026-08-11 16:30,7854
EVT_OLY_2028_001,VEN_STADIUM_12,ZONE_GATE_A1,2026-08-11 16:35,7855
EVT_OLY_2028_001,VEN_STADIUM_12,ZONE_GATE_A1,2026-08-11 16:40,7856
EVT_OLY_2028_001,VEN_STADIUM_12,ZONE_GATE_A1,2026-08-11 16:45,7857
EVT_OLY_2028_001,VEN_STADIUM_12,ZONE_GATE_A1,2026-08-11 16:50,7858
EVT_OLY_2028_001,VEN_STADIUM_12,ZONE_GATE_A1,2026-08-11 16:55,7859
EVT_OLY_2028_001,VEN_STADIUM_12,ZONE_GATE_A1,2026-08-11 17:00,7860
EVT_OLY_2028_001,VEN_STADIUM_12,ZONE_GATE_A1,2026-08-11 17:05,7861
EVT_OLY_2028_001,VEN_STADIUM_12,ZONE_GATE_A1,2026-08-11 17:10,7862
EVT_OLY_2028_001,VEN_STADIUM_12,ZONE_GATE_A1,2026-08-11 17:15,7863
EVT_OLY_2028_001,VEN_STADIUM_12,ZONE_GATE_A1,2026-08-11 17:20,7864
EVT_OLY_2028_001,VEN_STADIUM_12,ZONE_GATE_A1,2026-08-11 17:25,7865
EVT_OLY_2028_001,VEN_STADIUM_12,ZONE_GATE_A1,2026-08-11 17:30,7866
EVT_OLY_2028_001,VEN_STADIUM_12,ZONE_GATE_A1,2026-08-11 17:35,7867
EVT_OLY_2028_001,VEN_STADIUM_12,ZONE_GATE_A1,2026-08-11 17:40,7868
EVT_OLY_2028_001,VEN_STADIUM_12,ZONE_GATE_A1,2026-08-11 17:45,7869
EVT_OLY_2028_001,VEN_STADIUM_12,ZONE_GATE_A1,2026-08-11 17:50,7870
EVT_OLY_2028_001,VEN_STADIUM_12,ZONE_GATE_A1,2026-08-11 17:55,7871
EVT_OLY_2028_001,VEN_STADIUM_12,ZONE_GATE_A1,2026-08-11 18:00,7872
EVT_OLY_2028_001,VEN_STADIUM_12,ZONE_GATE_A1,2026-08-11 18:05,7873
EVT_OLY_2028_001,VEN_STADIUM_12,ZONE_GATE_A1,2026-08-11 18:10,7874
EVT_OLY_2028_001,VEN_STADIUM_12,ZONE_GATE_A1,2026-08-11 18:15,7875
EVT_OLY_2028_001,VEN_STADIUM_12,ZONE_GATE_A1,2026-08-11 18:20,7876
EVT_OLY_2028_001,VEN_STADIUM_12,ZONE_GATE_A1,2026-08-11 18:25,7877
EVT_OLY_2028_001,VEN_STADIUM_12,ZONE_GATE_A1,2026-08-11 18:30,7878
EVT_OLY_2028_001,VEN_STADIUM_12,ZONE_GATE_A1,2026-08-11 18:35,7879
EVT_OLY_2028_001,VEN_STADIUM_12,ZONE_GATE_A1,2026-08-11 18:40,7880
EVT_OLY_2028_001,VEN_STADIUM_12,ZONE_GATE_A1,2026-08-11 18:45,7881
EVT_OLY_2028_001,VEN_STADIUM_12,ZONE_GATE_A1,2026-08-11 18:50,7882
EVT_OLY_2028_001,VEN_STADIUM_12,ZONE_GATE_A1,2026-08-11 18:55,7883
EVT_OLY_2028_001,VEN_STADIUM_12,ZONE_GATE_A1,2026-08-11 19:00,7884
EVT_OLY_2028_001,VEN_STADIUM_12,ZONE_GATE_A1,2026-08-11 19:05,7885
EVT_OLY_2028_001,VEN_STADIUM_12,ZONE_GATE_A1,2026-08-11 19:10,7886
EVT_OLY_2028_001,VEN_STADIUM_12,ZONE_GATE_A1,2026-08-11 19:15,7887
EVT_OLY_2028_001,VEN_STADIUM_12,ZONE_GATE_A1,2026-08-11 19:20,7888
EVT_OLY_2028_001,VEN_STADIUM_12,ZONE_GATE_A1,2026-08-11 19:25,7889
EVT_OLY_2028_001,VEN_STADIUM_12,ZONE_GATE_A1,2026-08-11 19:30,7890
EVT_OLY_2028_001,VEN_STADIUM_12,ZONE_GATE_A1,2026-08-11 19:35,7891
EVT_OLY_2028_001,VEN_STADIUM_12,ZONE_GATE_A1,2026-08-11 19:40,7892
EVT_OLY_2028_001,VEN_STADIUM_12,ZONE_GATE_A1,2026-08-11 19:45,7893
EVT_OLY_2028_001,VEN_STADIUM_12,ZONE_GATE_A1,2026-08-11 19:50,7894
EVT_OLY_2028_001,VEN_STADIUM_12,ZONE_GATE_A1,2026-08-11 19:55,7895
EVT_OLY_2028_001,VEN_STADIUM_12,ZONE_GATE_A1,2026-08-11 20:00,7896
EVT_OLY_2028_001,VEN_STADIUM_12,ZONE_GATE_A1,2026-08-11 20:05,7897
EVT_OLY_2028_001,VEN_STADIUM_12,ZONE_GATE_A1,2026-08-11 20:10,7898
EVT_OLY_2028_001,VEN_STADIUM_12,ZONE_GATE_A1,2026-08-11 20:15,7899
EVT_OLY_2028_001,VEN_STADIUM_12,ZONE_GATE_A1,2026-08-11 20:20,7900
EVT_OLY_2028_001,VEN_STADIUM_12,ZONE_GATE_A1,2026-08-11 20:25,7901
EVT_OLY_2028_001,VEN_STADIUM_12,ZONE_GATE_A1,2026-08-11 20:30,7902
EVT_OLY_2028_001,VEN_STADIUM_12,ZONE_GATE_A1,2026-08-11 20:35,7903
EVT_OLY_2028_001,VEN_STADIUM_12,ZONE_GATE_A1,2026-08-11 20:40,7904
EVT_OLY_2028_001,VEN_STADIUM_12,ZONE_GATE_A1,2026-08-11 20:45,7905
EVT_OLY_2028_001,VEN_STADIUM_12,ZONE_GATE_A1,2026-08-11 20:50,7906
EVT_OLY_2028_001,VEN_STADIUM_12,ZONE_GATE_A1,2026-08-11 20:55,7907
EVT_OLY_2028_001,VEN_STADIUM_12,ZONE_GATE_A1,2026-08-11 21:00,7908
EVT_OLY_2028_001,VEN_STADIUM_12,ZONE_GATE_A1,2026-08-11 21:05,7909
EVT_OLY_2028_001,VEN_STADIUM_12,ZONE_GATE_A1,2026-08-11 21:10,7910
EVT_OLY_2028_001,VEN_STADIUM_12,ZONE_GATE_A1,2026-08-11 21:15,7911
EVT_OLY_2028_001,VEN_STADIUM_12,ZONE_GATE_A1,2026-08-11 21:20,7912
EVT_OLY_2028_001,VEN_STADIUM_12,ZONE_GATE_A1,2026-08-11 21:25,7913
EVT_OLY_2028_001,VEN_STADIUM_12,ZONE_GATE_A1,2026-08-11 21:30,7914
EVT_OLY_2028_001,VEN_STADIUM_12,ZONE_GATE_A1,2026-08-11 21:35,7915
EVT_OLY_2028_001,VEN_STADIUM_12,ZONE_GATE_A1,2026-08-11 21:40,7916
EVT_OLY_2028_001,VEN_STADIUM_12,ZONE_GATE_A1,2026-08-11 21:45,7917
EVT_OLY_2028_001,VEN_STADIUM_12,ZONE_GATE_A1,2026-08-11 21:50,7918
EVT_OLY_2028_001,VEN_STADIUM_12,ZONE_GATE_A1,2026-08-11 21:55,7919
EVT_OLY_2028_001,VEN_STADIUM_12,ZONE_GATE_A1,2026-08-11 22:00,7920
EVT_OLY_2028_001,VEN_STADIUM_12,ZONE_GATE_A1,2026-08-11 22:05,7921
EVT_OLY_2028_001,VEN_STADIUM_12,ZONE_GATE_A1,2026-08-11 22:10,7922
EVT_OLY_2028_001,VEN_STADIUM_12,ZONE_GATE_A1,2026-08-11 22:15,7923
EVT_OLY_2028_001,VEN_STADIUM_12,ZONE_GATE_A1,2026-08-11 22:20,7924
EVT_OLY_2028_001,VEN_STADIUM_12,ZONE_GATE_A1,2026-08-11 22:25,7925
EVT_OLY_2028_001,VEN_STADIUM_12,ZONE_GATE_A1,2026-08-11 22:30,7926
EVT_OLY_2028_001,VEN_STADIUM_12,ZONE_GATE_A1,2026-08-11 22:35,7927
EVT_OLY_2028_001,VEN_STADIUM_12,ZONE_GATE_A1,2026-08-11 22:40,7928
EVT_OLY_2028_001,VEN_STADIUM_12,ZONE_GATE_A1,2026-08-11 22:45,7929
EVT_OLY_2028_001,VEN_STADIUM_12,ZONE_GATE_A1,2026-08-11 22:50,7930
EVT_OLY_2028_001,VEN_STADIUM_12,ZONE_GATE_A1,2026-08-11 22:55,7931
EVT_OLY_2028_001,VEN_STADIUM_12,ZONE_GATE_A1,2026-08-11 23:00,7932
EVT_OLY_2028_001,VEN_STADIUM_12,ZONE_GATE_A1,2026-08-11 23:05,7933
EVT_OLY_2028_001,VEN_STADIUM_12,ZONE_GATE_A1,2026-08-11 23:10,7934
EVT_OLY_2028_001,VEN_STADIUM_12,ZONE_GATE_A1,2026-08-11 23:15,7935
EVT_OLY_2028_001,VEN_STADIUM_12,ZONE_GATE_A1,2026-08-11 23:20,7936
EVT_OLY_2028_001,VEN_STADIUM_12,ZONE_GATE_A1,2026-08-11 23:25,7937
EVT_OLY_2028_001,VEN_STADIUM_12,ZONE_GATE_A1,2026-08-11 23:30,7938
EVT_OLY_2028_001,VEN_STADIUM_12,ZONE_GATE_A1,2026-08-11 23:35,7939
EVT_OLY_2028_001,VEN_STADIUM_12,ZONE_GATE_A1,2026-08-11 23:40,7940
EVT_OLY_2028_001,VEN_STADIUM_12,ZONE_GATE_A1,2026-08-11 23:45,7941
EVT_OLY_2028_001,VEN_STADIUM_12,ZONE_GATE_A1,2026-08-11 23:50,7942
EVT_OLY_2028_001,VEN_STADIUM_12,ZONE_GATE_A1,2026-08-11 23:55,7943
EVT_OLY_2028_001,VEN_STADIUM_12,ZONE_GATE_A1,2026-08-12 00:00,7944
EVT_OLY_2028_001,VEN_STADIUM_12,ZONE_GATE_A1,2026-08-12 00:05,7945
EVT_OLY_2028_001,VEN_STADIUM_12,ZONE_GATE_A1,2026-08-12 00:10,7946
EVT_OLY_2028_001,VEN_STADIUM_12,ZONE_GATE_A1,2026-08-12 00:15,7947
EVT_OLY_2028_001,VEN_STADIUM_12,ZONE_GATE_A1,2026-08-12 00:20,7948
EVT_OLY_2028_001,VEN_STADIUM_12,ZONE_GATE_A1,2026-08-12 00:25,7949
EVT_OLY_2028_001,VEN_STADIUM_12,ZONE_GATE_A1,2026-08-12 00:30,7950
EVT_OLY_2028_001,VEN_STADIUM_12,ZONE_GATE_A1,2026-08-12 00:35,7951
EVT_OLY_2028_001,VEN_STADIUM_12,ZONE_GATE_A1,2026-08-12 00:40,7952
EVT_OLY_2028_001,VEN_STADIUM_12,ZONE_GATE_A1,2026-08-12 00:45,7953
EVT_OLY_2028_001,VEN_STADIUM_12,ZONE_GATE_A1,2026-08-12 00:50,7954
EVT_OLY_2028_001,VEN_STADIUM_12,ZONE_GATE_A1,2026-08-12 00:55,7955
EVT_OLY_2028_001,VEN_STADIUM_12,ZONE_GATE_A1,2026-08-12 01:00,7956
EVT_OLY_2028_001,VEN_STADIUM_12,ZONE_GATE_A1,2026-08-12 01:05,7957
EVT_OLY_2028_001,VEN_STADIUM_12,ZONE_GATE_A1,2026-08-12 01:10,7958
EVT_OLY_2028_001,VEN_STADIUM_12,ZONE_GATE_A1,2026-08-12 01:15,7959
EVT_OLY_2028_001,VEN_STADIUM_12,ZONE_GATE_A1,2026-08-12 01:20,7960
EVT_OLY_2028_001,VEN_STADIUM_12,ZONE_GATE_A1,2026-08-12 01:25,7961
EVT_OLY_2028_001,VEN_STADIUM_12,ZONE_GATE_A1,2026-08-12 01:30,7962
EVT_OLY_2028_001,VEN_STADIUM_12,ZONE_GATE_A1,2026-08-12 01:35,7963
EVT_OLY_2028_001,VEN_STADIUM_12,ZONE_GATE_A1,2026-08-12 01:40,7964
EVT_OLY_2028_001,VEN_STADIUM_12,ZONE_GATE_A1,2026-08-12 01:45,7965
EVT_OLY_2028_001,VEN_STADIUM_12,ZONE_GATE_A1,2026-08-12 01:50,7966
EVT_OLY_2028_001,VEN_STADIUM_12,ZONE_GATE_A1,2026-08-12 01:55,7967
EVT_OLY_2028_001,VEN_STADIUM_12,ZONE_GATE_A1,2026-08-12 02:00,7968
EVT_OLY_2028_001,VEN_STADIUM_12,ZONE_GATE_A1,2026-08-12 02:05,7969
EVT_OLY_2028_001,VEN_STADIUM_12,ZONE_GATE_A1,2026-08-12 02:10,7970
EVT_OLY_2028_001,VEN_STADIUM_12,ZONE_GATE_A1,2026-08-12 02:15,7971
EVT_OLY_2028_001,VEN_STADIUM_12,ZONE_GATE_A1,2026-08-12 02:20,7972
EVT_OLY_2028_001,VEN_STADIUM_12,ZONE_GATE_A1,2026-08-12 02:25,7973
EVT_OLY_2028_001,VEN_STADIUM_12,ZONE_GATE_A1,2026-08-12 02:30,7974
EVT_OLY_2028_001,VEN_STADIUM_12,ZONE_GATE_A1,2026-08-12 02:35,7975
EVT_OLY_2028_001,VEN_STADIUM_12,ZONE_GATE_A1,2026-08-12 02:40,7976
EVT_OLY_2028_001,VEN_STADIUM_12,ZONE_GATE_A1,2026-08-12 02:45,7977
EVT_OLY_2028_001,VEN_STADIUM_12,ZONE_GATE_A1,2026-08-12 02:50,7978
EVT_OLY_2028_001,VEN_STADIUM_12,ZONE_GATE_A1,2026-08-12 02:55,7979
EVT_OLY_2028_001,VEN_STADIUM_12,ZONE_GATE_A1,2026-08-12 03:00,7980
EVT_OLY_2028_001,VEN_STADIUM_12,ZONE_GATE_A1,2026-08-12 03:05,7981
EVT_OLY_2028_001,VEN_STADIUM_12,ZONE_GATE_A1,2026-08-12 03:10,7982
EVT_OLY_2028_001,VEN_STADIUM_12,ZONE_GATE_A1,2026-08-12 03:15,7983
EVT_OLY_2028_001,VEN_STADIUM_12,ZONE_GATE_A1,2026-08-12 03:20,7984
EVT_OLY_2028_001,VEN_STADIUM_12,ZONE_GATE_A1,2026-08-12 03:25,7985
EVT_OLY_2028_001,VEN_STADIUM_12,ZONE_GATE_A1,2026-08-12 03:30,7986
EVT_OLY_2028_001,VEN_STADIUM_12,ZONE_GATE_A1,2026-08-12 03:35,7987
EVT_OLY_2028_001,VEN_STADIUM_12,ZONE_GATE_A1,2026-08-12 03:40,7988
EVT_OLY_2028_001,VEN_STADIUM_12,ZONE_GATE_A1,2026-08-12 03:45,7989
EVT_OLY_2028_001,VEN_STADIUM_12,ZONE_GATE_A1,2026-08-12 03:50,7990
EVT_OLY_2028_001,VEN_STADIUM_12,ZONE_GATE_A1,2026-08-12 03:55,7991
EVT_OLY_2028_001,VEN_STADIUM_12,ZONE_GATE_A1,2026-08-12 04:00,7992
EVT_OLY_2028_001,VEN_STADIUM_12,ZONE_GATE_A1,2026-08-12 04:05,7993
EVT_OLY_2028_001,VEN_STADIUM_12,ZONE_GATE_A1,2026-08-12 04:10,7994
EVT_OLY_2028_001,VEN_STADIUM_12,ZONE_GATE_A1,2026-08-12 04:15,7995
EVT_OLY_2028_001,VEN_STADIUM_12,ZONE_GATE_A1,2026-08-12 04:20,7996
EVT_OLY_2028_001,VEN_STADIUM_12,ZONE_GATE_A1,2026-08-12 04:25,7997
EVT_OLY_2028_001,VEN_STADIUM_12,ZONE_GATE_A1,2026-08-12 04:30,7998
EVT_OLY_2028_001,VEN_STADIUM_12,ZONE_GATE_A1,2026-08-12 04:35,7999
EVT_OLY_2028_001,VEN_STADIUM_12,ZONE_GATE_A1,2026-08-12 04:40,8000
EVT_OLY_2028_001,VEN_STADIUM_12,ZONE_GATE_A1,2026-08-12 04:45,8001
EVT_OLY_2028_001,VEN_STADIUM_12,ZONE_GATE_A1,2026-08-12 04:50,8002
EVT_OLY_2028_001,VEN_STADIUM_12,ZONE_GATE_A1,2026-08-12 04:55,8003
EVT_OLY_2028_001,VEN_STADIUM_12,ZONE_GATE_A1,2026-08-12 05:00,8004
EVT_OLY_2028_001,VEN_STADIUM_12,ZONE_GATE_A1,2026-08-12 05:05,8005
EVT_OLY_2028_001,VEN_STADIUM_12,ZONE_GATE_A1,2026-08-12 05:10,8006
EVT_OLY_2028_001,VEN_STADIUM_12,ZONE_GATE_A1,2026-08-12 05:15,8007
EVT_OLY_2028_001,VEN_STADIUM_12,ZONE_GATE_A1,2026-08-12 05:20,8008
EVT_OLY_2028_001,VEN_STADIUM_12,ZONE_GATE_A1,2026-08-12 05:25,8009
EVT_OLY_2028_001,VEN_STADIUM_12,ZONE_GATE_A1,2026-08-12 05:30,8010
EVT_OLY_2028_001,VEN_STADIUM_12,ZONE_GATE_A1,2026-08-12 05:35,8011
EVT_OLY_2028_001,VEN_STADIUM_12,ZONE_GATE_A1,2026-08-12 05:40,8012
EVT_OLY_2028_001,VEN_STADIUM_12,ZONE_GATE_A1,2026-08-12 05:45,8013
EVT_OLY_2028_001,VEN_STADIUM_12,ZONE_GATE_A1,2026-08-12 05:50,8014
EVT_OLY_2028_001,VEN_STADIUM_12,ZONE_GATE_A1,2026-08-12 05:55,8015
EVT_OLY_2028_001,VEN_STADIUM_12,ZONE_GATE_A1,2026-08-12 06:00,8016
EVT_OLY_2028_001,VEN_STADIUM_12,ZONE_GATE_A1,2026-08-12 06:05,8017
EVT_OLY_2028_001,VEN_STADIUM_12,ZONE_GATE_A1,2026-08-12 06:10,8018
EVT_OLY_2028_001,VEN_STADIUM_12,ZONE_GATE_A1,2026-08-12 06:15,8019
EVT_OLY_2028_001,VEN_STADIUM_12,ZONE_GATE_A1,2026-08-12 06:20,8020
EVT_OLY_2028_001,VEN_STADIUM_12,ZONE_GATE_A1,2026-08-12 06:25,8021
EVT_OLY_2028_001,VEN_STADIUM_12,ZONE_GATE_A1,2026-08-12 06:30,8022
EVT_OLY_2028_001,VEN_STADIUM_12,ZONE_GATE_A1,2026-08-12 06:35,8023
EVT_OLY_2028_001,VEN_STADIUM_12,ZONE_GATE_A1,2026-08-12 06:40,8024
EVT_OLY_2028_001,VEN_STADIUM_12,ZONE_GATE_A1,2026-08-12 06:45,8025
EVT_OLY_2028_001,VEN_STADIUM_12,ZONE_GATE_A1,2026-08-12 06:50,8026
EVT_OLY_2028_001,VEN_STADIUM_12,ZONE_GATE_A1,2026-08-12 06:55,8027
EVT_OLY_2028_001,VEN_STADIUM_12,ZONE_GATE_A1,2026-08-12 07:00,8028
EVT_OLY_2028_001,VEN_STADIUM_12,ZONE_GATE_A1,2026-08-12 07:05,8029
EVT_OLY_2028_001,VEN_STADIUM_12,ZONE_GATE_A1,2026-08-12 07:10,8030
EVT_OLY_2028_001,VEN_STADIUM_12,ZONE_GATE_A1,2026-08-12 07:15,8031
EVT_OLY_2028_001,VEN_STADIUM_12,ZONE_GATE_A1,2026-08-12 07:20,8032
EVT_OLY_2028_001,VEN_STADIUM_12,ZONE_GATE_A1,2026-08-12 07:25,8033
EVT_OLY_2028_001,VEN_STADIUM_12,ZONE_GATE_A1,2026-08-12 07:30,8034
EVT_OLY_2028_001,VEN_STADIUM_12,ZONE_GATE_A1,2026-08-12 07:35,8035
EVT_OLY_2028_001,VEN_STADIUM_12,ZONE_GATE_A1,2026-08-12 07:40,8036
EVT_OLY_2028_001,VEN_STADIUM_12,ZONE_GATE_A1,2026-08-12 07:45,8037
EVT_OLY_2028_001,VEN_STADIUM_12,ZONE_GATE_A1,2026-08-12 07:50,8038
EVT_OLY_2028_001,VEN_STADIUM_12,ZONE_GATE_A1,2026-08-12 07:55,8039
EVT_OLY_2028_001,VEN_STADIUM_12,ZONE_GATE_A1,2026-08-12 08:00,8040
EVT_OLY_2028_001,VEN_STADIUM_12,ZONE_GATE_A1,2026-08-12 08:05,8041
EVT_OLY_2028_001,VEN_STADIUM_12,ZONE_GATE_A1,2026-08-12 08:10,8042
EVT_OLY_2028_001,VEN_STADIUM_12,ZONE_GATE_A1,2026-08-12 08:15,8043
EVT_OLY_2028_001,VEN_STADIUM_12,ZONE_GATE_A1,2026-08-12 08:20,8044
EVT_OLY_2028_001,VEN_STADIUM_12,ZONE_GATE_A1,2026-08-12 08:25,8045
EVT_OLY_2028_001,VEN_STADIUM_12,ZONE_GATE_A1,2026-08-12 08:30,8046
EVT_OLY_2028_001,VEN_STADIUM_12,ZONE_GATE_A1,2026-08-12 08:35,8047
EVT_OLY_2028_001,VEN_STADIUM_12,ZONE_GATE_A1,2026-08-12 08:40,8048
EVT_OLY_2028_001,VEN_STADIUM_12,ZONE_GATE_A1,2026-08-12 08:45,8049
EVT_OLY_2028_001,VEN_STADIUM_12,ZONE_GATE_A1,2026-08-12 08:50,8050
EVT_OLY_2028_001,VEN_STADIUM_12,ZONE_GATE_A1,2026-08-12 08:55,8051
EVT_OLY_2028_001,VEN_STADIUM_12,ZONE_GATE_A1,2026-08-12 09:00,8052
EVT_OLY_2028_001,VEN_STADIUM_12,ZONE_GATE_A1,2026-08-12 09:05,8053
EVT_OLY_2028_001,VEN_STADIUM_12,ZONE_GATE_A1,2026-08-12 09:10,8054
EVT_OLY_2028_001,VEN_STADIUM_12,ZONE_GATE_A1,2026-08-12 09:15,8055
EVT_OLY_2028_001,VEN_STADIUM_12,ZONE_GATE_A1,2026-08-12 09:20,8056
EVT_OLY_2028_001,VEN_STADIUM_12,ZONE_GATE_A1,2026-08-12 09:25,8057
EVT_OLY_2028_001,VEN_STADIUM_12,ZONE_GATE_A1,2026-08-12 09:30,8058
EVT_OLY_2028_001,VEN_STADIUM_12,ZONE_GATE_A1,2026-08-12 09:35,8059
EVT_OLY_2028_001,VEN_STADIUM_12,ZONE_GATE_A1,2026-08-12 09:40,8060
EVT_OLY_2028_001,VEN_STADIUM_12,ZONE_GATE_A1,2026-08-12 09:45,8061
EVT_OLY_2028_001,VEN_STADIUM_12,ZONE_GATE_A1,2026-08-12 09:50,8062
EVT_OLY_2028_001,VEN_STADIUM_12,ZONE_GATE_A1,2026-08-12 09:55,8063
EVT_OLY_2028_001,VEN_STADIUM_12,ZONE_GATE_A1,2026-08-12 10:00,8064
EVT_OLY_2028_001,VEN_STADIUM_12,ZONE_GATE_A1,2026-08-12 10:05,8065
EVT_OLY_2028_001,VEN_STADIUM_12,ZONE_GATE_A1,2026-08-12 10:10,8066
EVT_OLY_2028_001,VEN_STADIUM_12,ZONE_GATE_A1,2026-08-12 10:15,8067
EVT_OLY_2028_001,VEN_STADIUM_12,ZONE_GATE_A1,2026-08-12 10:20,8068
EVT_OLY_2028_001,VEN_STADIUM_12,ZONE_GATE_A1,2026-08-12 10:25,8069
EVT_OLY_2028_001,VEN_STADIUM_12,ZONE_GATE_A1,2026-08-12 10:30,8070
EVT_OLY_2028_001,VEN_STADIUM_12,ZONE_GATE_A1,2026-08-12 10:35,8071
EVT_OLY_2028_001,VEN_STADIUM_12,ZONE_GATE_A1,2026-08-12 10:40,8072
EVT_OLY_2028_001,VEN_STADIUM_12,ZONE_GATE_A1,2026-08-12 10:45,8073
EVT_OLY_2028_001,VEN_STADIUM_12,ZONE_GATE_A1,2026-08-12 10:50,8074
EVT_OLY_2028_001,VEN_STADIUM_12,ZONE_GATE_A1,2026-08-12 10:55,8075
EVT_OLY_2028_001,VEN_STADIUM_12,ZONE_GATE_A1,2026-08-12 11:00,8076
EVT_OLY_2028_001,VEN_STADIUM_12,ZONE_GATE_A1,2026-08-12 11:05,8077
EVT_OLY_2028_001,VEN_STADIUM_12,ZONE_GATE_A1,2026-08-12 11:10,8078
EVT_OLY_2028_001,VEN_STADIUM_12,ZONE_GATE_A1,2026-08-12 11:15,8079
EVT_OLY_2028_001,VEN_STADIUM_12,ZONE_GATE_A1,2026-08-12 11:20,8080
EVT_OLY_2028_001,VEN_STADIUM_12,ZONE_GATE_A1,2026-08-12 11:25,8081
EVT_OLY_2028_001,VEN_STADIUM_12,ZONE_GATE_A1,2026-08-12 11:30,8082
EVT_OLY_2028_001,VEN_STADIUM_12,ZONE_GATE_A1,2026-08-12 11:35,8083
EVT_OLY_2028_001,VEN_STADIUM_12,ZONE_GATE_A1,2026-08-12 11:40,8084
EVT_OLY_2028_001,VEN_STADIUM_12,ZONE_GATE_A1,2026-08-12 11:45,8085
EVT_OLY_2028_001,VEN_STADIUM_12,ZONE_GATE_A1,2026-08-12 11:50,8086
EVT_OLY_2028_001,VEN_STADIUM_12,ZONE_GATE_A1,2026-08-12 11:55,8087
EVT_OLY_2028_001,VEN_STADIUM_12,ZONE_GATE_A1,2026-08-12 12:00,8088
EVT_OLY_2028_001,VEN_STADIUM_12,ZONE_GATE_A1,2026-08-12 12:05,8089
EVT_OLY_2028_001,VEN_STADIUM_12,ZONE_GATE_A1,2026-08-12 12:10,8090
EVT_OLY_2028_001,VEN_STADIUM_12,ZONE_GATE_A1,2026-08-12 12:15,8091
EVT_OLY_2028_001,VEN_STADIUM_12,ZONE_GATE_A1,2026-08-12 12:20,8092
EVT_OLY_2028_001,VEN_STADIUM_12,ZONE_GATE_A1,2026-08-12 12:25,8093
EVT_OLY_2028_001,VEN_STADIUM_12,ZONE_GATE_A1,2026-08-12 12:30,8094
EVT_OLY_2028_001,VEN_STADIUM_12,ZONE_GATE_A1,2026-08-12 12:35,8095
EVT_OLY_2028_001,VEN_STADIUM_12,ZONE_GATE_A1,2026-08-12 12:40,8096
EVT_OLY_2028_001,VEN_STADIUM_12,ZONE_GATE_A1,2026-08-12 12:45,8097
EVT_OLY_2028_001,VEN_STADIUM_12,ZONE_GATE_A1,2026-08-12 12:50,8098
EVT_OLY_2028_001,VEN_STADIUM_12,ZONE_GATE_A1,2026-08-12 12:55,8099
EVT_OLY_2028_001,VEN_STADIUM_12,ZONE_GATE_A1,2026-08-12 13:00,8100
EVT_OLY_2028_001,VEN_STADIUM_12,ZONE_GATE_A1,2026-08-12 13:05,8101
EVT_OLY_2028_001,VEN_STADIUM_12,ZONE_GATE_A1,2026-08-12 13:10,8102
EVT_OLY_2028_001,VEN_STADIUM_12,ZONE_GATE_A1,2026-08-12 13:15,8103
EVT_OLY_2028_001,VEN_STADIUM_12,ZONE_GATE_A1,2026-08-12 13:20,8104
EVT_OLY_2028_001,VEN_STADIUM_12,ZONE_GATE_A1,2026-08-12 13:25,8105
EVT_OLY_2028_001,VEN_STADIUM_12,ZONE_GATE_A1,2026-08-12 13:30,8106
EVT_OLY_2028_001,VEN_STADIUM_12,ZONE_GATE_A1,2026-08-12 13:35,8107
EVT_OLY_2028_001,VEN_STADIUM_12,ZONE_GATE_A1,2026-08-12 13:40,8108
EVT_OLY_2028_001,VEN_STADIUM_12,ZONE_GATE_A1,2026-08-12 13:45,8109
EVT_OLY_2028_001,VEN_STADIUM_12,ZONE_GATE_A1,2026-08-12 13:50,8110
EVT_OLY_2028_001,VEN_STADIUM_12,ZONE_GATE_A1,2026-08-12 13:55,8111
EVT_OLY_2028_001,VEN_STADIUM_12,ZONE_GATE_A1,2026-08-12 14:00,8112
EVT_OLY_2028_001,VEN_STADIUM_12,ZONE_GATE_A1,2026-08-12 14:05,8113
EVT_OLY_2028_001,VEN_STADIUM_12,ZONE_GATE_A1,2026-08-12 14:10,8114
EVT_OLY_2028_001,VEN_STADIUM_12,ZONE_GATE_A1,2026-08-12 14:15,8115
EVT_OLY_2028_001,VEN_STADIUM_12,ZONE_GATE_A1,2026-08-12 14:20,8116
EVT_OLY_2028_001,VEN_STADIUM_12,ZONE_GATE_A1,2026-08-12 14:25,8117
EVT_OLY_2028_001,VEN_STADIUM_12,ZONE_GATE_A1,2026-08-12 14:30,8118
EVT_OLY_2028_001,VEN_STADIUM_12,ZONE_GATE_A1,2026-08-12 14:35,8119
EVT_OLY_2028_001,VEN_STADIUM_12,ZONE_GATE_A1,2026-08-12 14:40,8120
EVT_OLY_2028_001,VEN_STADIUM_12,ZONE_GATE_A1,2026-08-12 14:45,8121
EVT_OLY_2028_001,VEN_STADIUM_12,ZONE_GATE_A1,2026-08-12 14:50,8122
EVT_OLY_2028_001,VEN_STADIUM_12,ZONE_GATE_A1,2026-08-12 14:55,8123
EVT_OLY_2028_001,VEN_STADIUM_12,ZONE_GATE_A1,2026-08-12 15:00,8124
EVT_OLY_2028_001,VEN_STADIUM_12,ZONE_GATE_A1,2026-08-12 15:05,8125
EVT_OLY_2028_001,VEN_STADIUM_12,ZONE_GATE_A1,2026-08-12 15:10,8126
EVT_OLY_2028_001,VEN_STADIUM_12,ZONE_GATE_A1,2026-08-12 15:15,8127
EVT_OLY_2028_001,VEN_STADIUM_12,ZONE_GATE_A1,2026-08-12 15:20,8128
EVT_OLY_2028_001,VEN_STADIUM_12,ZONE_GATE_A1,2026-08-12 15:25,8129
EVT_OLY_2028_001,VEN_STADIUM_12,ZONE_GATE_A1,2026-08-12 15:30,8130
EVT_OLY_2028_001,VEN_STADIUM_12,ZONE_GATE_A1,2026-08-12 15:35,8131
EVT_OLY_2028_001,VEN_STADIUM_12,ZONE_GATE_A1,2026-08-12 15:40,8132
EVT_OLY_2028_001,VEN_STADIUM_12,ZONE_GATE_A1,2026-08-12 15:45,8133
EVT_OLY_2028_001,VEN_STADIUM_12,ZONE_GATE_A1,2026-08-12 15:50,8134
EVT_OLY_2028_001,VEN_STADIUM_12,ZONE_GATE_A1,2026-08-12 15:55,8135
EVT_OLY_2028_001,VEN_STADIUM_12,ZONE_GATE_A1,2026-08-12 16:00,8136
EVT_OLY_2028_001,VEN_STADIUM_12,ZONE_GATE_A1,2026-08-12 16:05,8137
EVT_OLY_2028_001,VEN_STADIUM_12,ZONE_GATE_A1,2026-08-12 16:10,8138
EVT_OLY_2028_001,VEN_STADIUM_12,ZONE_GATE_A1,2026-08-12 16:15,8139
EVT_OLY_2028_001,VEN_STADIUM_12,ZONE_GATE_A1,2026-08-12 16:20,8140
EVT_OLY_2028_001,VEN_STADIUM_12,ZONE_GATE_A1,2026-08-12 16:25,8141
EVT_OLY_2028_001,VEN_STADIUM_12,ZONE_GATE_A1,2026-08-12 16:30,8142
EVT_OLY_2028_001,VEN_STADIUM_12,ZONE_GATE_A1,2026-08-12 16:35,8143
EVT_OLY_2028_001,VEN_STADIUM_12,ZONE_GATE_A1,2026-08-12 16:40,8144
EVT_OLY_2028_001,VEN_STADIUM_12,ZONE_GATE_A1,2026-08-12 16:45,8145
EVT_OLY_2028_001,VEN_STADIUM_12,ZONE_GATE_A1,2026-08-12 16:50,8146
EVT_OLY_2028_001,VEN_STADIUM_12,ZONE_GATE_A1,2026-08-12 16:55,8147
EVT_OLY_2028_001,VEN_STADIUM_12,ZONE_GATE_A1,2026-08-12 17:00,8148
EVT_OLY_2028_001,VEN_STADIUM_12,ZONE_GATE_A1,2026-08-12 17:05,8149
EVT_OLY_2028_001,VEN_STADIUM_12,ZONE_GATE_A1,2026-08-12 17:10,8150
EVT_OLY_2028_001,VEN_STADIUM_12,ZONE_GATE_A1,2026-08-12 17:15,8151
EVT_OLY_2028_001,VEN_STADIUM_12,ZONE_GATE_A1,2026-08-12 17:20,8152
EVT_OLY_2028_001,VEN_STADIUM_12,ZONE_GATE_A1,2026-08-12 17:25,8153
EVT_OLY_2028_001,VEN_STADIUM_12,ZONE_GATE_A1,2026-08-12 17:30,8154
EVT_OLY_2028_001,VEN_STADIUM_12,ZONE_GATE_A1,2026-08-12 17:35,8155
EVT_OLY_2028_001,VEN_STADIUM_12,ZONE_GATE_A1,2026-08-12 17:40,8156
EVT_OLY_2028_001,VEN_STADIUM_12,ZONE_GATE_A1,2026-08-12 17:45,8157
EVT_OLY_2028_001,VEN_STADIUM_12,ZONE_GATE_A1,2026-08-12 17:50,8158
EVT_OLY_2028_001,VEN_STADIUM_12,ZONE_GATE_A1,2026-08-12 17:55,8159
EVT_OLY_2028_001,VEN_STADIUM_12,ZONE_GATE_A1,2026-08-12 18:00,8160
EVT_OLY_2028_001,VEN_STADIUM_12,ZONE_GATE_A1,2026-08-12 18:05,8161
EVT_OLY_2028_001,VEN_STADIUM_12,ZONE_GATE_A1,2026-08-12 18:10,8162
EVT_OLY_2028_001,VEN_STADIUM_12,ZONE_GATE_A1,2026-08-12 18:15,8163
EVT_OLY_2028_001,VEN_STADIUM_12,ZONE_GATE_A1,2026-08-12 18:20,8164
EVT_OLY_2028_001,VEN_STADIUM_12,ZONE_GATE_A1,2026-08-12 18:25,8165
EVT_OLY_2028_001,VEN_STADIUM_12,ZONE_GATE_A1,2026-08-12 18:30,8166
EVT_OLY_2028_001,VEN_STADIUM_12,ZONE_GATE_A1,2026-08-12 18:35,8167
EVT_OLY_2028_001,VEN_STADIUM_12,ZONE_GATE_A1,2026-08-12 18:40,8168
EVT_OLY_2028_001,VEN_STADIUM_12,ZONE_GATE_A1,2026-08-12 18:45,8169
EVT_OLY_2028_001,VEN_STADIUM_12,ZONE_GATE_A1,2026-08-12 18:50,8170
EVT_OLY_2028_001,VEN_STADIUM_12,ZONE_GATE_A1,2026-08-12 18:55,8171
EVT_OLY_2028_001,VEN_STADIUM_12,ZONE_GATE_A1,2026-08-12 19:00,8172
EVT_OLY_2028_001,VEN_STADIUM_12,ZONE_GATE_A1,2026-08-12 19:05,8173
EVT_OLY_2028_001,VEN_STADIUM_12,ZONE_GATE_A1,2026-08-12 19:10,8174
EVT_OLY_2028_001,VEN_STADIUM_12,ZONE_GATE_A1,2026-08-12 19:15,8175
EVT_OLY_2028_001,VEN_STADIUM_12,ZONE_GATE_A1,2026-08-12 19:20,8176
EVT_OLY_2028_001,VEN_STADIUM_12,ZONE_GATE_A1,2026-08-12 19:25,8177
EVT_OLY_2028_001,VEN_STADIUM_12,ZONE_GATE_A1,2026-08-12 19:30,8178
EVT_OLY_2028_001,VEN_STADIUM_12,ZONE_GATE_A1,2026-08-12 19:35,8179
EVT_OLY_2028_001,VEN_STADIUM_12,ZONE_GATE_A1,2026-08-12 19:40,8180
EVT_OLY_2028_001,VEN_STADIUM_12,ZONE_GATE_A1,2026-08-12 19:45,8181
EVT_OLY_2028_001,VEN_STADIUM_12,ZONE_GATE_A1,2026-08-12 19:50,8182
EVT_OLY_2028_001,VEN_STADIUM_12,ZONE_GATE_A1,2026-08-12 19:55,8183
EVT_OLY_2028_001,VEN_STADIUM_12,ZONE_GATE_A1,2026-08-12 20:00,8184
EVT_OLY_2028_001,VEN_STADIUM_12,ZONE_GATE_A1,2026-08-12 20:05,8185
EVT_OLY_2028_001,VEN_STADIUM_12,ZONE_GATE_A1,2026-08-12 20:10,8186
EVT_OLY_2028_001,VEN_STADIUM_12,ZONE_GATE_A1,2026-08-12 20:15,8187
EVT_OLY_2028_001,VEN_STADIUM_12,ZONE_GATE_A1,2026-08-12 20:20,8188
EVT_OLY_2028_001,VEN_STADIUM_12,ZONE_GATE_A1,2026-08-12 20:25,8189
EVT_OLY_2028_001,VEN_STADIUM_12,ZONE_GATE_A1,2026-08-12 20:30,8190
EVT_OLY_2028_001,VEN_STADIUM_12,ZONE_GATE_A1,2026-08-12 20:35,8191
EVT_OLY_2028_001,VEN_STADIUM_12,ZONE_GATE_A1,2026-08-12 20:40,8192
EVT_OLY_2028_001,VEN_STADIUM_12,ZONE_GATE_A1,2026-08-12 20:45,8193
EVT_OLY_2028_001,VEN_STADIUM_12,ZONE_GATE_A1,2026-08-12 20:50,8194
EVT_OLY_2028_001,VEN_STADIUM_12,ZONE_GATE_A1,2026-08-12 20:55,8195
EVT_OLY_2028_001,VEN_STADIUM_12,ZONE_GATE_A1,2026-08-12 21:00,8196
EVT_OLY_2028_001,VEN_STADIUM_12,ZONE_GATE_A1,2026-08-12 21:05,8197
EVT_OLY_2028_001,VEN_STADIUM_12,ZONE_GATE_A1,2026-08-12 21:10,8198
EVT_OLY_2028_001,VEN_STADIUM_12,ZONE_GATE_A1,2026-08-12 21:15,8199
EVT_OLY_2028_001,VEN_STADIUM_12,ZONE_GATE_A1,2026-08-12 21:20,8200
EVT_OLY_2028_001,VEN_STADIUM_12,ZONE_GATE_A1,2026-08-12 21:25,8201
EVT_OLY_2028_001,VEN_STADIUM_12,ZONE_GATE_A1,2026-08-12 21:30,8202
EVT_OLY_2028_001,VEN_STADIUM_12,ZONE_GATE_A1,2026-08-12 21:35,8203
EVT_OLY_2028_001,VEN_STADIUM_12,ZONE_GATE_A1,2026-08-12 21:40,8204
EVT_OLY_2028_001,VEN_STADIUM_12,ZONE_GATE_A1,2026-08-12 21:45,8205
EVT_OLY_2028_001,VEN_STADIUM_12,ZONE_GATE_A1,2026-08-12 21:50,8206
EVT_OLY_2028_001,VEN_STADIUM_12,ZONE_GATE_A1,2026-08-12 21:55,8207
EVT_OLY_2028_001,VEN_STADIUM_12,ZONE_GATE_A1,2026-08-12 22:00,8208
EVT_OLY_2028_001,VEN_STADIUM_12,ZONE_GATE_A1,2026-08-12 22:05,8209
EVT_OLY_2028_001,VEN_STADIUM_12,ZONE_GATE_A1,2026-08-12 22:10,8210
EVT_OLY_2028_001,VEN_STADIUM_12,ZONE_GATE_A1,2026-08-12 22:15,8211
EVT_OLY_2028_001,VEN_STADIUM_12,ZONE_GATE_A1,2026-08-12 22:20,8212
EVT_OLY_2028_001,VEN_STADIUM_12,ZONE_GATE_A1,2026-08-12 22:25,8213
EVT_OLY_2028_001,VEN_STADIUM_12,ZONE_GATE_A1,2026-08-12 22:30,8214
EVT_OLY_2028_001,VEN_STADIUM_12,ZONE_GATE_A1,2026-08-12 22:35,8215
EVT_OLY_2028_001,VEN_STADIUM_12,ZONE_GATE_A1,2026-08-12 22:40,8216
EVT_OLY_2028_001,VEN_STADIUM_12,ZONE_GATE_A1,2026-08-12 22:45,8217
EVT_OLY_2028_001,VEN_STADIUM_12,ZONE_GATE_A1,2026-08-12 22:50,8218
EVT_OLY_2028_001,VEN_STADIUM_12,ZONE_GATE_A1,2026-08-12 22:55,8219
EVT_OLY_2028_001,VEN_STADIUM_12,ZONE_GATE_A1,2026-08-12 23:00,8220
EVT_OLY_2028_001,VEN_STADIUM_12,ZONE_GATE_A1,2026-08-12 23:05,8221
EVT_OLY_2028_001,VEN_STADIUM_12,ZONE_GATE_A1,2026-08-12 23:10,8222
EVT_OLY_2028_001,VEN_STADIUM_12,ZONE_GATE_A1,2026-08-12 23:15,8223
EVT_OLY_2028_001,VEN_STADIUM_12,ZONE_GATE_A1,2026-08-12 23:20,8224
EVT_OLY_2028_001,VEN_STADIUM_12,ZONE_GATE_A1,2026-08-12 23:25,8225
EVT_OLY_2028_001,VEN_STADIUM_12,ZONE_GATE_A1,2026-08-12 23:30,8226
EVT_OLY_2028_001,VEN_STADIUM_12,ZONE_GATE_A1,2026-08-12 23:35,8227
EVT_OLY_2028_001,VEN_STADIUM_12,ZONE_GATE_A1,2026-08-12 23:40,8228
EVT_OLY_2028_001,VEN_STADIUM_12,ZONE_GATE_A1,2026-08-12 23:45,8229
EVT_OLY_2028_001,VEN_STADIUM_12,ZONE_GATE_A1,2026-08-12 23:50,8230
EVT_OLY_2028_001,VEN_STADIUM_12,ZONE_GATE_A1,2026-08-12 23:55,8231
EVT_OLY_2028_001,VEN_STADIUM_12,ZONE_GATE_A1,2026-08-13 00:00,8232
EVT_OLY_2028_001,VEN_STADIUM_12,ZONE_GATE_A1,2026-08-13 00:05,8233
EVT_OLY_2028_001,VEN_STADIUM_12,ZONE_GATE_A1,2026-08-13 00:10,8234
EVT_OLY_2028_001,VEN_STADIUM_12,ZONE_GATE_A1,2026-08-13 00:15,8235
EVT_OLY_2028_001,VEN_STADIUM_12,ZONE_GATE_A1,2026-08-13 00:20,8236
EVT_OLY_2028_001,VEN_STADIUM_12,ZONE_GATE_A1,2026-08-13 00:25,8237
EVT_OLY_2028_001,VEN_STADIUM_12,ZONE_GATE_A1,2026-08-13 00:30,8238
EVT_OLY_2028_001,VEN_STADIUM_12,ZONE_GATE_A1,2026-08-13 00:35,8239
EVT_OLY_2028_001,VEN_STADIUM_12,ZONE_GATE_A1,2026-08-13 00:40,8240
EVT_OLY_2028_001,VEN_STADIUM_12,ZONE_GATE_A1,2026-08-13 00:45,8241
EVT_OLY_2028_001,VEN_STADIUM_12,ZONE_GATE_A1,2026-08-13 00:50,8242
EVT_OLY_2028_001,VEN_STADIUM_12,ZONE_GATE_A1,2026-08-13 00:55,8243
EVT_OLY_2028_001,VEN_STADIUM_12,ZONE_GATE_A1,2026-08-13 01:00,8244
EVT_OLY_2028_001,VEN_STADIUM_12,ZONE_GATE_A1,2026-08-13 01:05,8245
EVT_OLY_2028_001,VEN_STADIUM_12,ZONE_GATE_A1,2026-08-13 01:10,8246
EVT_OLY_2028_001,VEN_STADIUM_12,ZONE_GATE_A1,2026-08-13 01:15,8247
EVT_OLY_2028_001,VEN_STADIUM_12,ZONE_GATE_A1,2026-08-13 01:20,8248
EVT_OLY_2028_001,VEN_STADIUM_12,ZONE_GATE_A1,2026-08-13 01:25,8249
EVT_OLY_2028_001,VEN_STADIUM_12,ZONE_GATE_A1,2026-08-13 01:30,8250
EVT_OLY_2028_001,VEN_STADIUM_12,ZONE_GATE_A1,2026-08-13 01:35,8251
EVT_OLY_2028_001,VEN_STADIUM_12,ZONE_GATE_A1,2026-08-13 01:40,8252
EVT_OLY_2028_001,VEN_STADIUM_12,ZONE_GATE_A1,2026-08-13 01:45,8253
EVT_OLY_2028_001,VEN_STADIUM_12,ZONE_GATE_A1,2026-08-13 01:50,8254
EVT_OLY_2028_001,VEN_STADIUM_12,ZONE_GATE_A1,2026-08-13 01:55,8255
EVT_OLY_2028_001,VEN_STADIUM_12,ZONE_GATE_A1,2026-08-13 02:00,8256
EVT_OLY_2028_001,VEN_STADIUM_12,ZONE_GATE_A1,2026-08-13 02:05,8257
EVT_OLY_2028_001,VEN_STADIUM_12,ZONE_GATE_A1,2026-08-13 02:10,8258
EVT_OLY_2028_001,VEN_STADIUM_12,ZONE_GATE_A1,2026-08-13 02:15,8259
EVT_OLY_2028_001,VEN_STADIUM_12,ZONE_GATE_A1,2026-08-13 02:20,8260
EVT_OLY_2028_001,VEN_STADIUM_12,ZONE_GATE_A1,2026-08-13 02:25,8261
EVT_OLY_2028_001,VEN_STADIUM_12,ZONE_GATE_A1,2026-08-13 02:30,8262
EVT_OLY_2028_001,VEN_STADIUM_12,ZONE_GATE_A1,2026-08-13 02:35,8263
EVT_OLY_2028_001,VEN_STADIUM_12,ZONE_GATE_A1,2026-08-13 02:40,8264
EVT_OLY_2028_001,VEN_STADIUM_12,ZONE_GATE_A1,2026-08-13 02:45,8265
EVT_OLY_2028_001,VEN_STADIUM_12,ZONE_GATE_A1,2026-08-13 02:50,8266
EVT_OLY_2028_001,VEN_STADIUM_12,ZONE_GATE_A1,2026-08-13 02:55,8267
EVT_OLY_2028_001,VEN_STADIUM_12,ZONE_GATE_A1,2026-08-13 03:00,8268
EVT_OLY_2028_001,VEN_STADIUM_12,ZONE_GATE_A1,2026-08-13 03:05,8269
EVT_OLY_2028_001,VEN_STADIUM_12,ZONE_GATE_A1,2026-08-13 03:10,8270
EVT_OLY_2028_001,VEN_STADIUM_12,ZONE_GATE_A1,2026-08-13 03:15,8271
EVT_OLY_2028_001,VEN_STADIUM_12,ZONE_GATE_A1,2026-08-13 03:20,8272
EVT_OLY_2028_001,VEN_STADIUM_12,ZONE_GATE_A1,2026-08-13 03:25,8273
EVT_OLY_2028_001,VEN_STADIUM_12,ZONE_GATE_A1,2026-08-13 03:30,8274
EVT_OLY_2028_001,VEN_STADIUM_12,ZONE_GATE_A1,2026-08-13 03:35,8275
EVT_OLY_2028_001,VEN_STADIUM_12,ZONE_GATE_A1,2026-08-13 03:40,8276
EVT_OLY_2028_001,VEN_STADIUM_12,ZONE_GATE_A1,2026-08-13 03:45,8277
EVT_OLY_2028_001,VEN_STADIUM_12,ZONE_GATE_A1,2026-08-13 03:50,8278
EVT_OLY_2028_001,VEN_STADIUM_12,ZONE_GATE_A1,2026-08-13 03:55,8279
EVT_OLY_2028_001,VEN_STADIUM_12,ZONE_GATE_A1,2026-08-13 04:00,8280
EVT_OLY_2028_001,VEN_STADIUM_12,ZONE_GATE_A1,2026-08-13 04:05,8281
EVT_OLY_2028_001,VEN_STADIUM_12,ZONE_GATE_A1,2026-08-13 04:10,8282
EVT_OLY_2028_001,VEN_STADIUM_12,ZONE_GATE_A1,2026-08-13 04:15,8283
EVT_OLY_2028_001,VEN_STADIUM_12,ZONE_GATE_A1,2026-08-13 04:20,8284
EVT_OLY_2028_001,VEN_STADIUM_12,ZONE_GATE_A1,2026-08-13 04:25,8285
EVT_OLY_2028_001,VEN_STADIUM_12,ZONE_GATE_A1,2026-08-13 04:30,8286
EVT_OLY_2028_001,VEN_STADIUM_12,ZONE_GATE_A1,2026-08-13 04:35,8287
EVT_OLY_2028_001,VEN_STADIUM_12,ZONE_GATE_A1,2026-08-13 04:40,8288
EVT_OLY_2028_001,VEN_STADIUM_12,ZONE_GATE_A1,2026-08-13 04:45,8289
EVT_OLY_2028_001,VEN_STADIUM_12,ZONE_GATE_A1,2026-08-13 04:50,8290
EVT_OLY_2028_001,VEN_STADIUM_12,ZONE_GATE_A1,2026-08-13 04:55,8291
EVT_OLY_2028_001,VEN_STADIUM_12,ZONE_GATE_A1,2026-08-13 05:00,8292
EVT_OLY_2028_001,VEN_STADIUM_12,ZONE_GATE_A1,2026-08-13 05:05,8293
EVT_OLY_2028_001,VEN_STADIUM_12,ZONE_GATE_A1,2026-08-13 05:10,8294
EVT_OLY_2028_001,VEN_STADIUM_12,ZONE_GATE_A1,2026-08-13 05:15,8295
EVT_OLY_2028_001,VEN_STADIUM_12,ZONE_GATE_A1,2026-08-13 05:20,8296
EVT_OLY_2028_001,VEN_STADIUM_12,ZONE_GATE_A1,2026-08-13 05:25,8297
EVT_OLY_2028_001,VEN_STADIUM_12,ZONE_GATE_A1,2026-08-13 05:30,8298
EVT_OLY_2028_001,VEN_STADIUM_12,ZONE_GATE_A1,2026-08-13 05:35,8299
EVT_OLY_2028_001,VEN_STADIUM_12,ZONE_GATE_A1,2026-08-13 05:40,8300
EVT_OLY_2028_001,VEN_STADIUM_12,ZONE_GATE_A1,2026-08-13 05:45,8301
EVT_OLY_2028_001,VEN_STADIUM_12,ZONE_GATE_A1,2026-08-13 05:50,8302
EVT_OLY_2028_001,VEN_STADIUM_12,ZONE_GATE_A1,2026-08-13 05:55,8303
EVT_OLY_2028_001,VEN_STADIUM_12,ZONE_GATE_A1,2026-08-13 06:00,8304
EVT_OLY_2028_001,VEN_STADIUM_12,ZONE_GATE_A1,2026-08-13 06:05,8305
EVT_OLY_2028_001,VEN_STADIUM_12,ZONE_GATE_A1,2026-08-13 06:10,8306
EVT_OLY_2028_001,VEN_STADIUM_12,ZONE_GATE_A1,2026-08-13 06:15,8307
EVT_OLY_2028_001,VEN_STADIUM_12,ZONE_GATE_A1,2026-08-13 06:20,8308
EVT_OLY_2028_001,VEN_STADIUM_12,ZONE_GATE_A1,2026-08-13 06:25,8309
EVT_OLY_2028_001,VEN_STADIUM_12,ZONE_GATE_A1,2026-08-13 06:30,8310
EVT_OLY_2028_001,VEN_STADIUM_12,ZONE_GATE_A1,2026-08-13 06:35,8311
EVT_OLY_2028_001,VEN_STADIUM_12,ZONE_GATE_A1,2026-08-13 06:40,8312
EVT_OLY_2028_001,VEN_STADIUM_12,ZONE_GATE_A1,2026-08-13 06:45,8313
EVT_OLY_2028_001,VEN_STADIUM_12,ZONE_GATE_A1,2026-08-13 06:50,8314
EVT_OLY_2028_001,VEN_STADIUM_12,ZONE_GATE_A1,2026-08-13 06:55,8315
EVT_OLY_2028_001,VEN_STADIUM_12,ZONE_GATE_A1,2026-08-13 07:00,8316
EVT_OLY_2028_001,VEN_STADIUM_12,ZONE_GATE_A1,2026-08-13 07:05,8317
EVT_OLY_2028_001,VEN_STADIUM_12,ZONE_GATE_A1,2026-08-13 07:10,8318
EVT_OLY_2028_001,VEN_STADIUM_12,ZONE_GATE_A1,2026-08-13 07:15,8319
EVT_OLY_2028_001,VEN_STADIUM_12,ZONE_GATE_A1,2026-08-13 07:20,8320
EVT_OLY_2028_001,VEN_STADIUM_12,ZONE_GATE_A1,2026-08-13 07:25,8321
EVT_OLY_2028_001,VEN_STADIUM_12,ZONE_GATE_A1,2026-08-13 07:30,8322
EVT_OLY_2028_001,VEN_STADIUM_12,ZONE_GATE_A1,2026-08-13 07:35,8323
EVT_OLY_2028_001,VEN_STADIUM_12,ZONE_GATE_A1,2026-08-13 07:40,8324
EVT_OLY_2028_001,VEN_STADIUM_12,ZONE_GATE_A1,2026-08-13 07:45,8325
EVT_OLY_2028_001,VEN_STADIUM_12,ZONE_GATE_A1,2026-08-13 07:50,8326
EVT_OLY_2028_001,VEN_STADIUM_12,ZONE_GATE_A1,2026-08-13 07:55,8327
EVT_OLY_2028_001,VEN_STADIUM_12,ZONE_GATE_A1,2026-08-13 08:00,8328
EVT_OLY_2028_001,VEN_STADIUM_12,ZONE_GATE_A1,2026-08-13 08:05,8329
EVT_OLY_2028_001,VEN_STADIUM_12,ZONE_GATE_A1,2026-08-13 08:10,8330
EVT_OLY_2028_001,VEN_STADIUM_12,ZONE_GATE_A1,2026-08-13 08:15,8331
EVT_OLY_2028_001,VEN_STADIUM_12,ZONE_GATE_A1,2026-08-13 08:20,8332
EVT_OLY_2028_001,VEN_STADIUM_12,ZONE_GATE_A1,2026-08-13 08:25,8333
EVT_OLY_2028_001,VEN_STADIUM_12,ZONE_GATE_A1,2026-08-13 08:30,8334
EVT_OLY_2028_001,VEN_STADIUM_12,ZONE_GATE_A1,2026-08-13 08:35,8335
EVT_OLY_2028_001,VEN_STADIUM_12,ZONE_GATE_A1,2026-08-13 08:40,8336
EVT_OLY_2028_001,VEN_STADIUM_12,ZONE_GATE_A1,2026-08-13 08:45,8337
EVT_OLY_2028_001,VEN_STADIUM_12,ZONE_GATE_A1,2026-08-13 08:50,8338
EVT_OLY_2028_001,VEN_STADIUM_12,ZONE_GATE_A1,2026-08-13 08:55,8339
EVT_OLY_2028_001,VEN_STADIUM_12,ZONE_GATE_A1,2026-08-13 09:00,8340
EVT_OLY_2028_001,VEN_STADIUM_12,ZONE_GATE_A1,2026-08-13 09:05,8341
EVT_OLY_2028_001,VEN_STADIUM_12,ZONE_GATE_A1,2026-08-13 09:10,8342
EVT_OLY_2028_001,VEN_STADIUM_12,ZONE_GATE_A1,2026-08-13 09:15,8343
EVT_OLY_2028_001,VEN_STADIUM_12,ZONE_GATE_A1,2026-08-13 09:20,8344
EVT_OLY_2028_001,VEN_STADIUM_12,ZONE_GATE_A1,2026-08-13 09:25,8345
EVT_OLY_2028_001,VEN_STADIUM_12,ZONE_GATE_A1,2026-08-13 09:30,8346
EVT_OLY_2028_001,VEN_STADIUM_12,ZONE_GATE_A1,2026-08-13 09:35,8347
EVT_OLY_2028_001,VEN_STADIUM_12,ZONE_GATE_A1,2026-08-13 09:40,8348
EVT_OLY_2028_001,VEN_STADIUM_12,ZONE_GATE_A1,2026-08-13 09:45,8349
EVT_OLY_2028_001,VEN_STADIUM_12,ZONE_GATE_A1,2026-08-13 09:50,8350
EVT_OLY_2028_001,VEN_STADIUM_12,ZONE_GATE_A1,2026-08-13 09:55,8351
EVT_OLY_2028_001,VEN_STADIUM_12,ZONE_GATE_A1,2026-08-13 10:00,8352
EVT_OLY_2028_001,VEN_STADIUM_12,ZONE_GATE_A1,2026-08-13 10:05,8353
EVT_OLY_2028_001,VEN_STADIUM_12,ZONE_GATE_A1,2026-08-13 10:10,8354
EVT_OLY_2028_001,VEN_STADIUM_12,ZONE_GATE_A1,2026-08-13 10:15,8355
EVT_OLY_2028_001,VEN_STADIUM_12,ZONE_GATE_A1,2026-08-13 10:20,8356
EVT_OLY_2028_001,VEN_STADIUM_12,ZONE_GATE_A1,2026-08-13 10:25,8357
EVT_OLY_2028_001,VEN_STADIUM_12,ZONE_GATE_A1,2026-08-13 10:30,8358
EVT_OLY_2028_001,VEN_STADIUM_12,ZONE_GATE_A1,2026-08-13 10:35,8359
EVT_OLY_2028_001,VEN_STADIUM_12,ZONE_GATE_A1,2026-08-13 10:40,8360
EVT_OLY_2028_001,VEN_STADIUM_12,ZONE_GATE_A1,2026-08-13 10:45,8361
EVT_OLY_2028_001,VEN_STADIUM_12,ZONE_GATE_A1,2026-08-13 10:50,8362
EVT_OLY_2028_001,VEN_STADIUM_12,ZONE_GATE_A1,2026-08-13 10:55,8363
EVT_OLY_2028_001,VEN_STADIUM_12,ZONE_GATE_A1,2026-08-13 11:00,8364
EVT_OLY_2028_001,VEN_STADIUM_12,ZONE_GATE_A1,2026-08-13 11:05,8365
EVT_OLY_2028_001,VEN_STADIUM_12,ZONE_GATE_A1,2026-08-13 11:10,8366
EVT_OLY_2028_001,VEN_STADIUM_12,ZONE_GATE_A1,2026-08-13 11:15,8367
EVT_OLY_2028_001,VEN_STADIUM_12,ZONE_GATE_A1,2026-08-13 11:20,8368
EVT_OLY_2028_001,VEN_STADIUM_12,ZONE_GATE_A1,2026-08-13 11:25,8369
EVT_OLY_2028_001,VEN_STADIUM_12,ZONE_GATE_A1,2026-08-13 11:30,8370
EVT_OLY_2028_001,VEN_STADIUM_12,ZONE_GATE_A1,2026-08-13 11:35,8371
EVT_OLY_2028_001,VEN_STADIUM_12,ZONE_GATE_A1,2026-08-13 11:40,8372
EVT_OLY_2028_001,VEN_STADIUM_12,ZONE_GATE_A1,2026-08-13 11:45,8373
EVT_OLY_2028_001,VEN_STADIUM_12,ZONE_GATE_A1,2026-08-13 11:50,8374
EVT_OLY_2028_001,VEN_STADIUM_12,ZONE_GATE_A1,2026-08-13 11:55,8375
EVT_OLY_2028_001,VEN_STADIUM_12,ZONE_GATE_A1,2026-08-13 12:00,8376
EVT_OLY_2028_001,VEN_STADIUM_12,ZONE_GATE_A1,2026-08-13 12:05,8377
EVT_OLY_2028_001,VEN_STADIUM_12,ZONE_GATE_A1,2026-08-13 12:10,8378
EVT_OLY_2028_001,VEN_STADIUM_12,ZONE_GATE_A1,2026-08-13 12:15,8379
EVT_OLY_2028_001,VEN_STADIUM_12,ZONE_GATE_A1,2026-08-13 12:20,8380
EVT_OLY_2028_001,VEN_STADIUM_12,ZONE_GATE_A1,2026-08-13 12:25,8381
EVT_OLY_2028_001,VEN_STADIUM_12,ZONE_GATE_A1,2026-08-13 12:30,8382
EVT_OLY_2028_001,VEN_STADIUM_12,ZONE_GATE_A1,2026-08-13 12:35,8383
EVT_OLY_2028_001,VEN_STADIUM_12,ZONE_GATE_A1,2026-08-13 12:40,8384
EVT_OLY_2028_001,VEN_STADIUM_12,ZONE_GATE_A1,2026-08-13 12:45,8385
EVT_OLY_2028_001,VEN_STADIUM_12,ZONE_GATE_A1,2026-08-13 12:50,8386
EVT_OLY_2028_001,VEN_STADIUM_12,ZONE_GATE_A1,2026-08-13 12:55,8387
EVT_OLY_2028_001,VEN_STADIUM_12,ZONE_GATE_A1,2026-08-13 13:00,8388
EVT_OLY_2028_001,VEN_STADIUM_12,ZONE_GATE_A1,2026-08-13 13:05,8389
EVT_OLY_2028_001,VEN_STADIUM_12,ZONE_GATE_A1,2026-08-13 13:10,8390
EVT_OLY_2028_001,VEN_STADIUM_12,ZONE_GATE_A1,2026-08-13 13:15,8391
EVT_OLY_2028_001,VEN_STADIUM_12,ZONE_GATE_A1,2026-08-13 13:20,8392
EVT_OLY_2028_001,VEN_STADIUM_12,ZONE_GATE_A1,2026-08-13 13:25,8393
EVT_OLY_2028_001,VEN_STADIUM_12,ZONE_GATE_A1,2026-08-13 13:30,8394
EVT_OLY_2028_001,VEN_STADIUM_12,ZONE_GATE_A1,2026-08-13 13:35,8395
EVT_OLY_2028_001,VEN_STADIUM_12,ZONE_GATE_A1,2026-08-13 13:40,8396
EVT_OLY_2028_001,VEN_STADIUM_12,ZONE_GATE_A1,2026-08-13 13:45,8397
EVT_OLY_2028_001,VEN_STADIUM_12,ZONE_GATE_A1,2026-08-13 13:50,8398
EVT_OLY_2028_001,VEN_STADIUM_12,ZONE_GATE_A1,2026-08-13 13:55,8399
EVT_OLY_2028_001,VEN_STADIUM_12,ZONE_GATE_A1,2026-08-13 14:00,8400
EVT_OLY_2028_001,VEN_STADIUM_12,ZONE_GATE_A1,2026-08-13 14:05,8401
EVT_OLY_2028_001,VEN_STADIUM_12,ZONE_GATE_A1,2026-08-13 14:10,8402
EVT_OLY_2028_001,VEN_STADIUM_12,ZONE_GATE_A1,2026-08-13 14:15,8403
EVT_OLY_2028_001,VEN_STADIUM_12,ZONE_GATE_A1,2026-08-13 14:20,8404
EVT_OLY_2028_001,VEN_STADIUM_12,ZONE_GATE_A1,2026-08-13 14:25,8405
EVT_OLY_2028_001,VEN_STADIUM_12,ZONE_GATE_A1,2026-08-13 14:30,8406
EVT_OLY_2028_001,VEN_STADIUM_12,ZONE_GATE_A1,2026-08-13 14:35,8407
EVT_OLY_2028_001,VEN_STADIUM_12,ZONE_GATE_A1,2026-08-13 14:40,8408
EVT_OLY_2028_001,VEN_STADIUM_12,ZONE_GATE_A1,2026-08-13 14:45,8409
EVT_OLY_2028_001,VEN_STADIUM_12,ZONE_GATE_A1,2026-08-13 14:50,8410
EVT_OLY_2028_001,VEN_STADIUM_12,ZONE_GATE_A1,2026-08-13 14:55,8411
EVT_OLY_2028_001,VEN_STADIUM_12,ZONE_GATE_A1,2026-08-13 15:00,8412
EVT_OLY_2028_001,VEN_STADIUM_12,ZONE_GATE_A1,2026-08-13 15:05,8413
EVT_OLY_2028_001,VEN_STADIUM_12,ZONE_GATE_A1,2026-08-13 15:10,8414
EVT_OLY_2028_001,VEN_STADIUM_12,ZONE_GATE_A1,2026-08-13 15:15,8415
EVT_OLY_2028_001,VEN_STADIUM_12,ZONE_GATE_A1,2026-08-13 15:20,8416
EVT_OLY_2028_001,VEN_STADIUM_12,ZONE_GATE_A1,2026-08-13 15:25,8417
EVT_OLY_2028_001,VEN_STADIUM_12,ZONE_GATE_A1,2026-08-13 15:30,8418
EVT_OLY_2028_001,VEN_STADIUM_12,ZONE_GATE_A1,2026-08-13 15:35,8419
EVT_OLY_2028_001,VEN_STADIUM_12,ZONE_GATE_A1,2026-08-13 15:40,8420
EVT_OLY_2028_001,VEN_STADIUM_12,ZONE_GATE_A1,2026-08-13 15:45,8421
EVT_OLY_2028_001,VEN_STADIUM_12,ZONE_GATE_A1,2026-08-13 15:50,8422
EVT_OLY_2028_001,VEN_STADIUM_12,ZONE_GATE_A1,2026-08-13 15:55,8423
EVT_OLY_2028_001,VEN_STADIUM_12,ZONE_GATE_A1,2026-08-13 16:00,8424
EVT_OLY_2028_001,VEN_STADIUM_12,ZONE_GATE_A1,2026-08-13 16:05,8425
EVT_OLY_2028_001,VEN_STADIUM_12,ZONE_GATE_A1,2026-08-13 16:10,8426
EVT_OLY_2028_001,VEN_STADIUM_12,ZONE_GATE_A1,2026-08-13 16:15,8427
EVT_OLY_2028_001,VEN_STADIUM_12,ZONE_GATE_A1,2026-08-13 16:20,8428
EVT_OLY_2028_001,VEN_STADIUM_12,ZONE_GATE_A1,2026-08-13 16:25,8429
EVT_OLY_2028_001,VEN_STADIUM_12,ZONE_GATE_A1,2026-08-13 16:30,8430
EVT_OLY_2028_001,VEN_STADIUM_12,ZONE_GATE_A1,2026-08-13 16:35,8431
EVT_OLY_2028_001,VEN_STADIUM_12,ZONE_GATE_A1,2026-08-13 16:40,8432
EVT_OLY_2028_001,VEN_STADIUM_12,ZONE_GATE_A1,2026-08-13 16:45,8433
EVT_OLY_2028_001,VEN_STADIUM_12,ZONE_GATE_A1,2026-08-13 16:50,8434
EVT_OLY_2028_001,VEN_STADIUM_12,ZONE_GATE_A1,2026-08-13 16:55,8435
EVT_OLY_2028_001,VEN_STADIUM_12,ZONE_GATE_A1,2026-08-13 17:00,8436
EVT_OLY_2028_001,VEN_STADIUM_12,ZONE_GATE_A1,2026-08-13 17:05,8437
EVT_OLY_2028_001,VEN_STADIUM_12,ZONE_GATE_A1,2026-08-13 17:10,8438
EVT_OLY_2028_001,VEN_STADIUM_12,ZONE_GATE_A1,2026-08-13 17:15,8439
EVT_OLY_2028_001,VEN_STADIUM_12,ZONE_GATE_A1,2026-08-13 17:20,8440
EVT_OLY_2028_001,VEN_STADIUM_12,ZONE_GATE_A1,2026-08-13 17:25,8441
EVT_OLY_2028_001,VEN_STADIUM_12,ZONE_GATE_A1,2026-08-13 17:30,8442
EVT_OLY_2028_001,VEN_STADIUM_12,ZONE_GATE_A1,2026-08-13 17:35,8443
EVT_OLY_2028_001,VEN_STADIUM_12,ZONE_GATE_A1,2026-08-13 17:40,8444
EVT_OLY_2028_001,VEN_STADIUM_12,ZONE_GATE_A1,2026-08-13 17:45,8445
EVT_OLY_2028_001,VEN_STADIUM_12,ZONE_GATE_A1,2026-08-13 17:50,8446
EVT_OLY_2028_001,VEN_STADIUM_12,ZONE_GATE_A1,2026-08-13 17:55,8447
EVT_OLY_2028_001,VEN_STADIUM_12,ZONE_GATE_A1,2026-08-13 18:00,8448
EVT_OLY_2028_001,VEN_STADIUM_12,ZONE_GATE_A1,2026-08-13 18:05,8449
EVT_OLY_2028_001,VEN_STADIUM_12,ZONE_GATE_A1,2026-08-13 18:10,8450
EVT_OLY_2028_001,VEN_STADIUM_12,ZONE_GATE_A1,2026-08-13 18:15,8451
EVT_OLY_2028_001,VEN_STADIUM_12,ZONE_GATE_A1,2026-08-13 18:20,8452
EVT_OLY_2028_001,VEN_STADIUM_12,ZONE_GATE_A1,2026-08-13 18:25,8453
EVT_OLY_2028_001,VEN_STADIUM_12,ZONE_GATE_A1,2026-08-13 18:30,8454
EVT_OLY_2028_001,VEN_STADIUM_12,ZONE_GATE_A1,2026-08-13 18:35,8455
EVT_OLY_2028_001,VEN_STADIUM_12,ZONE_GATE_A1,2026-08-13 18:40,8456
EVT_OLY_2028_001,VEN_STADIUM_12,ZONE_GATE_A1,2026-08-13 18:45,8457
EVT_OLY_2028_001,VEN_STADIUM_12,ZONE_GATE_A1,2026-08-13 18:50,8458
EVT_OLY_2028_001,VEN_STADIUM_12,ZONE_GATE_A1,2026-08-13 18:55,8459
EVT_OLY_2028_001,VEN_STADIUM_12,ZONE_GATE_A1,2026-08-13 19:00,8460
EVT_OLY_2028_001,VEN_STADIUM_12,ZONE_GATE_A1,2026-08-13 19:05,8461
EVT_OLY_2028_001,VEN_STADIUM_12,ZONE_GATE_A1,2026-08-13 19:10,8462
EVT_OLY_2028_001,VEN_STADIUM_12,ZONE_GATE_A1,2026-08-13 19:15,8463
EVT_OLY_2028_001,VEN_STADIUM_12,ZONE_GATE_A1,2026-08-13 19:20,8464
EVT_OLY_2028_001,VEN_STADIUM_12,ZONE_GATE_A1,2026-08-13 19:25,8465
EVT_OLY_2028_001,VEN_STADIUM_12,ZONE_GATE_A1,2026-08-13 19:30,8466
EVT_OLY_2028_001,VEN_STADIUM_12,ZONE_GATE_A1,2026-08-13 19:35,8467
EVT_OLY_2028_001,VEN_STADIUM_12,ZONE_GATE_A1,2026-08-13 19:40,8468
EVT_OLY_2028_001,VEN_STADIUM_12,ZONE_GATE_A1,2026-08-13 19:45,8469
EVT_OLY_2028_001,VEN_STADIUM_12,ZONE_GATE_A1,2026-08-13 19:50,8470
EVT_OLY_2028_001,VEN_STADIUM_12,ZONE_GATE_A1,2026-08-13 19:55,8471
EVT_OLY_2028_001,VEN_STADIUM_12,ZONE_GATE_A1,2026-08-13 20:00,8472
EVT_OLY_2028_001,VEN_STADIUM_12,ZONE_GATE_A1,2026-08-13 20:05,8473
EVT_OLY_2028_001,VEN_STADIUM_12,ZONE_GATE_A1,2026-08-13 20:10,8474
EVT_OLY_2028_001,VEN_STADIUM_12,ZONE_GATE_A1,2026-08-13 20:15,8475
EVT_OLY_2028_001,VEN_STADIUM_12,ZONE_GATE_A1,2026-08-13 20:20,8476
EVT_OLY_2028_001,VEN_STADIUM_12,ZONE_GATE_A1,2026-08-13 20:25,8477
EVT_OLY_2028_001,VEN_STADIUM_12,ZONE_GATE_A1,2026-08-13 20:30,8478
EVT_OLY_2028_001,VEN_STADIUM_12,ZONE_GATE_A1,2026-08-13 20:35,8479
EVT_OLY_2028_001,VEN_STADIUM_12,ZONE_GATE_A1,2026-08-13 20:40,8480
EVT_OLY_2028_001,VEN_STADIUM_12,ZONE_GATE_A1,2026-08-13 20:45,8481
EVT_OLY_2028_001,VEN_STADIUM_12,ZONE_GATE_A1,2026-08-13 20:50,8482
EVT_OLY_2028_001,VEN_STADIUM_12,ZONE_GATE_A1,2026-08-13 20:55,8483
EVT_OLY_2028_001,VEN_STADIUM_12,ZONE_GATE_A1,2026-08-13 21:00,8484
EVT_OLY_2028_001,VEN_STADIUM_12,ZONE_GATE_A1,2026-08-13 21:05,8485
EVT_OLY_2028_001,VEN_STADIUM_12,ZONE_GATE_A1,2026-08-13 21:10,8486
EVT_OLY_2028_001,VEN_STADIUM_12,ZONE_GATE_A1,2026-08-13 21:15,8487
EVT_OLY_2028_001,VEN_STADIUM_12,ZONE_GATE_A1,2026-08-13 21:20,8488
EVT_OLY_2028_001,VEN_STADIUM_12,ZONE_GATE_A1,2026-08-13 21:25,8489
EVT_OLY_2028_001,VEN_STADIUM_12,ZONE_GATE_A1,2026-08-13 21:30,8490
EVT_OLY_2028_001,VEN_STADIUM_12,ZONE_GATE_A1,2026-08-13 21:35,8491
EVT_OLY_2028_001,VEN_STADIUM_12,ZONE_GATE_A1,2026-08-13 21:40,8492
EVT_OLY_2028_001,VEN_STADIUM_12,ZONE_GATE_A1,2026-08-13 21:45,8493
EVT_OLY_2028_001,VEN_STADIUM_12,ZONE_GATE_A1,2026-08-13 21:50,8494
EVT_OLY_2028_001,VEN_STADIUM_12,ZONE_GATE_A1,2026-08-13 21:55,8495
EVT_OLY_2028_001,VEN_STADIUM_12,ZONE_GATE_A1,2026-08-13 22:00,8496
EVT_OLY_2028_001,VEN_STADIUM_12,ZONE_GATE_A1,2026-08-13 22:05,8497
EVT_OLY_2028_001,VEN_STADIUM_12,ZONE_GATE_A1,2026-08-13 22:10,8498
EVT_OLY_2028_001,VEN_STADIUM_12,ZONE_GATE_A1,2026-08-13 22:15,8499
EVT_OLY_2028_001,VEN_STADIUM_12,ZONE_GATE_A1,2026-08-13 22:20,8500
EVT_OLY_2028_001,VEN_STADIUM_12,ZONE_GATE_A1,2026-08-13 22:25,8501
EVT_OLY_2028_001,VEN_STADIUM_12,ZONE_GATE_A1,2026-08-13 22:30,8502
EVT_OLY_2028_001,VEN_STADIUM_12,ZONE_GATE_A1,2026-08-13 22:35,8503
EVT_OLY_2028_001,VEN_STADIUM_12,ZONE_GATE_A1,2026-08-13 22:40,8504
EVT_OLY_2028_001,VEN_STADIUM_12,ZONE_GATE_A1,2026-08-13 22:45,8505
EVT_OLY_2028_001,VEN_STADIUM_12,ZONE_GATE_A1,2026-08-13 22:50,8506
EVT_OLY_2028_001,VEN_STADIUM_12,ZONE_GATE_A1,2026-08-13 22:55,8507
EVT_OLY_2028_001,VEN_STADIUM_12,ZONE_GATE_A1,2026-08-13 23:00,8508
EVT_OLY_2028_001,VEN_STADIUM_12,ZONE_GATE_A1,2026-08-13 23:05,8509
EVT_OLY_2028_001,VEN_STADIUM_12,ZONE_GATE_A1,2026-08-13 23:10,8510
EVT_OLY_2028_001,VEN_STADIUM_12,ZONE_GATE_A1,2026-08-13 23:15,8511
EVT_OLY_2028_001,VEN_STADIUM_12,ZONE_GATE_A1,2026-08-13 23:20,8512
EVT_OLY_2028_001,VEN_STADIUM_12,ZONE_GATE_A1,2026-08-13 23:25,8513
EVT_OLY_2028_001,VEN_STADIUM_12,ZONE_GATE_A1,2026-08-13 23:30,8514
EVT_OLY_2028_001,VEN_STADIUM_12,ZONE_GATE_A1,2026-08-13 23:35,8515
EVT_OLY_2028_001,VEN_STADIUM_12,ZONE_GATE_A1,2026-08-13 23:40,8516
EVT_OLY_2028_001,VEN_STADIUM_12,ZONE_GATE_A1,2026-08-13 23:45,8517
EVT_OLY_2028_001,VEN_STADIUM_12,ZONE_GATE_A1,2026-08-13 23:50,8518
EVT_OLY_2028_001,VEN_STADIUM_12,ZONE_GATE_A1,2026-08-13 23:55,8519
EVT_OLY_2028_001,VEN_STADIUM_12,ZONE_GATE_A1,2026-08-14 00:00,8520
EVT_OLY_2028_001,VEN_STADIUM_12,ZONE_GATE_A1,2026-08-14 00:05,8521
EVT_OLY_2028_001,VEN_STADIUM_12,ZONE_GATE_A1,2026-08-14 00:10,8522
EVT_OLY_2028_001,VEN_STADIUM_12,ZONE_GATE_A1,2026-08-14 00:15,8523
EVT_OLY_2028_001,VEN_STADIUM_12,ZONE_GATE_A1,2026-08-14 00:20,8524
EVT_OLY_2028_001,VEN_STADIUM_12,ZONE_GATE_A1,2026-08-14 00:25,8525
EVT_OLY_2028_001,VEN_STADIUM_12,ZONE_GATE_A1,2026-08-14 00:30,8526
EVT_OLY_2028_001,VEN_STADIUM_12,ZONE_GATE_A1,2026-08-14 00:35,8527
EVT_OLY_2028_001,VEN_STADIUM_12,ZONE_GATE_A1,2026-08-14 00:40,8528
EVT_OLY_2028_001,VEN_STADIUM_12,ZONE_GATE_A1,2026-08-14 00:45,8529
EVT_OLY_2028_001,VEN_STADIUM_12,ZONE_GATE_A1,2026-08-14 00:50,8530
EVT_OLY_2028_001,VEN_STADIUM_12,ZONE_GATE_A1,2026-08-14 00:55,8531
EVT_OLY_2028_001,VEN_STADIUM_12,ZONE_GATE_A1,2026-08-14 01:00,8532
EVT_OLY_2028_001,VEN_STADIUM_12,ZONE_GATE_A1,2026-08-14 01:05,8533
EVT_OLY_2028_001,VEN_STADIUM_12,ZONE_GATE_A1,2026-08-14 01:10,8534
EVT_OLY_2028_001,VEN_STADIUM_12,ZONE_GATE_A1,2026-08-14 01:15,8535
EVT_OLY_2028_001,VEN_STADIUM_12,ZONE_GATE_A1,2026-08-14 01:20,8536
EVT_OLY_2028_001,VEN_STADIUM_12,ZONE_GATE_A1,2026-08-14 01:25,8537
EVT_OLY_2028_001,VEN_STADIUM_12,ZONE_GATE_A1,2026-08-14 01:30,8538
EVT_OLY_2028_001,VEN_STADIUM_12,ZONE_GATE_A1,2026-08-14 01:35,8539
EVT_OLY_2028_001,VEN_STADIUM_12,ZONE_GATE_A1,2026-08-14 01:40,8540
EVT_OLY_2028_001,VEN_STADIUM_12,ZONE_GATE_A1,2026-08-14 01:45,8541
EVT_OLY_2028_001,VEN_STADIUM_12,ZONE_GATE_A1,2026-08-14 01:50,8542
EVT_OLY_2028_001,VEN_STADIUM_12,ZONE_GATE_A1,2026-08-14 01:55,8543
EVT_OLY_2028_001,VEN_STADIUM_12,ZONE_GATE_A1,2026-08-14 02:00,8544
EVT_OLY_2028_001,VEN_STADIUM_12,ZONE_GATE_A1,2026-08-14 02:05,8545
EVT_OLY_2028_001,VEN_STADIUM_12,ZONE_GATE_A1,2026-08-14 02:10,8546
EVT_OLY_2028_001,VEN_STADIUM_12,ZONE_GATE_A1,2026-08-14 02:15,8547
EVT_OLY_2028_001,VEN_STADIUM_12,ZONE_GATE_A1,2026-08-14 02:20,8548
EVT_OLY_2028_001,VEN_STADIUM_12,ZONE_GATE_A1,2026-08-14 02:25,8549
EVT_OLY_2028_001,VEN_STADIUM_12,ZONE_GATE_A1,2026-08-14 02:30,8550
EVT_OLY_2028_001,VEN_STADIUM_12,ZONE_GATE_A1,2026-08-14 02:35,8551
EVT_OLY_2028_001,VEN_STADIUM_12,ZONE_GATE_A1,2026-08-14 02:40,8552
EVT_OLY_2028_001,VEN_STADIUM_12,ZONE_GATE_A1,2026-08-14 02:45,8553
EVT_OLY_2028_001,VEN_STADIUM_12,ZONE_GATE_A1,2026-08-14 02:50,8554
EVT_OLY_2028_001,VEN_STADIUM_12,ZONE_GATE_A1,2026-08-14 02:55,8555
EVT_OLY_2028_001,VEN_STADIUM_12,ZONE_GATE_A1,2026-08-14 03:00,8556
EVT_OLY_2028_001,VEN_STADIUM_12,ZONE_GATE_A1,2026-08-14 03:05,8557
EVT_OLY_2028_001,VEN_STADIUM_12,ZONE_GATE_A1,2026-08-14 03:10,8558
EVT_OLY_2028_001,VEN_STADIUM_12,ZONE_GATE_A1,2026-08-14 03:15,8559
EVT_OLY_2028_001,VEN_STADIUM_12,ZONE_GATE_A1,2026-08-14 03:20,8560
EVT_OLY_2028_001,VEN_STADIUM_12,ZONE_GATE_A1,2026-08-14 03:25,8561
EVT_OLY_2028_001,VEN_STADIUM_12,ZONE_GATE_A1,2026-08-14 03:30,8562
EVT_OLY_2028_001,VEN_STADIUM_12,ZONE_GATE_A1,2026-08-14 03:35,8563
EVT_OLY_2028_001,VEN_STADIUM_12,ZONE_GATE_A1,2026-08-14 03:40,8564
EVT_OLY_2028_001,VEN_STADIUM_12,ZONE_GATE_A1,2026-08-14 03:45,8565
EVT_OLY_2028_001,VEN_STADIUM_12,ZONE_GATE_A1,2026-08-14 03:50,8566
EVT_OLY_2028_001,VEN_STADIUM_12,ZONE_GATE_A1,2026-08-14 03:55,8567
EVT_OLY_2028_001,VEN_STADIUM_12,ZONE_GATE_A1,2026-08-14 04:00,8568
EVT_OLY_2028_001,VEN_STADIUM_12,ZONE_GATE_A1,2026-08-14 04:05,8569
EVT_OLY_2028_001,VEN_STADIUM_12,ZONE_GATE_A1,2026-08-14 04:10,8570
EVT_OLY_2028_001,VEN_STADIUM_12,ZONE_GATE_A1,2026-08-14 04:15,8571
EVT_OLY_2028_001,VEN_STADIUM_12,ZONE_GATE_A1,2026-08-14 04:20,8572
EVT_OLY_2028_001,VEN_STADIUM_12,ZONE_GATE_A1,2026-08-14 04:25,8573
EVT_OLY_2028_001,VEN_STADIUM_12,ZONE_GATE_A1,2026-08-14 04:30,8574
EVT_OLY_2028_001,VEN_STADIUM_12,ZONE_GATE_A1,2026-08-14 04:35,8575
EVT_OLY_2028_001,VEN_STADIUM_12,ZONE_GATE_A1,2026-08-14 04:40,8576
EVT_OLY_2028_001,VEN_STADIUM_12,ZONE_GATE_A1,2026-08-14 04:45,8577
EVT_OLY_2028_001,VEN_STADIUM_12,ZONE_GATE_A1,2026-08-14 04:50,8578
EVT_OLY_2028_001,VEN_STADIUM_12,ZONE_GATE_A1,2026-08-14 04:55,8579
EVT_OLY_2028_001,VEN_STADIUM_12,ZONE_GATE_A1,2026-08-14 05:00,8580
EVT_OLY_2028_001,VEN_STADIUM_12,ZONE_GATE_A1,2026-08-14 05:05,8581
EVT_OLY_2028_001,VEN_STADIUM_12,ZONE_GATE_A1,2026-08-14 05:10,8582
EVT_OLY_2028_001,VEN_STADIUM_12,ZONE_GATE_A1,2026-08-14 05:15,8583
EVT_OLY_2028_001,VEN_STADIUM_12,ZONE_GATE_A1,2026-08-14 05:20,8584
EVT_OLY_2028_001,VEN_STADIUM_12,ZONE_GATE_A1,2026-08-14 05:25,8585
EVT_OLY_2028_001,VEN_STADIUM_12,ZONE_GATE_A1,2026-08-14 05:30,8586
EVT_OLY_2028_001,VEN_STADIUM_12,ZONE_GATE_A1,2026-08-14 05:35,8587
EVT_OLY_2028_001,VEN_STADIUM_12,ZONE_GATE_A1,2026-08-14 05:40,8588
EVT_OLY_2028_001,VEN_STADIUM_12,ZONE_GATE_A1,2026-08-14 05:45,8589
EVT_OLY_2028_001,VEN_STADIUM_12,ZONE_GATE_A1,2026-08-14 05:50,8590
EVT_OLY_2028_001,VEN_STADIUM_12,ZONE_GATE_A1,2026-08-14 05:55,8591
EVT_OLY_2028_001,VEN_STADIUM_12,ZONE_GATE_A1,2026-08-14 06:00,8592
EVT_OLY_2028_001,VEN_STADIUM_12,ZONE_GATE_A1,2026-08-14 06:05,8593
EVT_OLY_2028_001,VEN_STADIUM_12,ZONE_GATE_A1,2026-08-14 06:10,8594
EVT_OLY_2028_001,VEN_STADIUM_12,ZONE_GATE_A1,2026-08-14 06:15,8595
EVT_OLY_2028_001,VEN_STADIUM_12,ZONE_GATE_A1,2026-08-14 06:20,8596
EVT_OLY_2028_001,VEN_STADIUM_12,ZONE_GATE_A1,2026-08-14 06:25,8597
EVT_OLY_2028_001,VEN_STADIUM_12,ZONE_GATE_A1,2026-08-14 06:30,8598
EVT_OLY_2028_001,VEN_STADIUM_12,ZONE_GATE_A1,2026-08-14 06:35,8599
EVT_OLY_2028_001,VEN_STADIUM_12,ZONE_GATE_A1,2026-08-14 06:40,8600
EVT_OLY_2028_001,VEN_STADIUM_12,ZONE_GATE_A1,2026-08-14 06:45,8601
EVT_OLY_2028_001,VEN_STADIUM_12,ZONE_GATE_A1,2026-08-14 06:50,8602
EVT_OLY_2028_001,VEN_STADIUM_12,ZONE_GATE_A1,2026-08-14 06:55,8603
EVT_OLY_2028_001,VEN_STADIUM_12,ZONE_GATE_A1,2026-08-14 07:00,8604
EVT_OLY_2028_001,VEN_STADIUM_12,ZONE_GATE_A1,2026-08-14 07:05,8605
EVT_OLY_2028_001,VEN_STADIUM_12,ZONE_GATE_A1,2026-08-14 07:10,8606
EVT_OLY_2028_001,VEN_STADIUM_12,ZONE_GATE_A1,2026-08-14 07:15,8607
EVT_OLY_2028_001,VEN_STADIUM_12,ZONE_GATE_A1,2026-08-14 07:20,8608
EVT_OLY_2028_001,VEN_STADIUM_12,ZONE_GATE_A1,2026-08-14 07:25,8609
EVT_OLY_2028_001,VEN_STADIUM_12,ZONE_GATE_A1,2026-08-14 07:30,8610
EVT_OLY_2028_001,VEN_STADIUM_12,ZONE_GATE_A1,2026-08-14 07:35,8611
EVT_OLY_2028_001,VEN_STADIUM_12,ZONE_GATE_A1,2026-08-14 07:40,8612
EVT_OLY_2028_001,VEN_STADIUM_12,ZONE_GATE_A1,2026-08-14 07:45,8613
EVT_OLY_2028_001,VEN_STADIUM_12,ZONE_GATE_A1,2026-08-14 07:50,8614
EVT_OLY_2028_001,VEN_STADIUM_12,ZONE_GATE_A1,2026-08-14 07:55,8615
EVT_OLY_2028_001,VEN_STADIUM_12,ZONE_GATE_A1,2026-08-14 08:00,8616
EVT_OLY_2028_001,VEN_STADIUM_12,ZONE_GATE_A1,2026-08-14 08:05,8617
EVT_OLY_2028_001,VEN_STADIUM_12,ZONE_GATE_A1,2026-08-14 08:10,8618
EVT_OLY_2028_001,VEN_STADIUM_12,ZONE_GATE_A1,2026-08-14 08:15,8619
EVT_OLY_2028_001,VEN_STADIUM_12,ZONE_GATE_A1,2026-08-14 08:20,8620
EVT_OLY_2028_001,VEN_STADIUM_12,ZONE_GATE_A1,2026-08-14 08:25,8621
EVT_OLY_2028_001,VEN_STADIUM_12,ZONE_GATE_A1,2026-08-14 08:30,8622
EVT_OLY_2028_001,VEN_STADIUM_12,ZONE_GATE_A1,2026-08-14 08:35,8623
EVT_OLY_2028_001,VEN_STADIUM_12,ZONE_GATE_A1,2026-08-14 08:40,8624
EVT_OLY_2028_001,VEN_STADIUM_12,ZONE_GATE_A1,2026-08-14 08:45,8625
EVT_OLY_2028_001,VEN_STADIUM_12,ZONE_GATE_A1,2026-08-14 08:50,8626
EVT_OLY_2028_001,VEN_STADIUM_12,ZONE_GATE_A1,2026-08-14 08:55,8627
EVT_OLY_2028_001,VEN_STADIUM_12,ZONE_GATE_A1,2026-08-14 09:00,8628
EVT_OLY_2028_001,VEN_STADIUM_12,ZONE_GATE_A1,2026-08-14 09:05,8629
EVT_OLY_2028_001,VEN_STADIUM_12,ZONE_GATE_A1,2026-08-14 09:10,8630
EVT_OLY_2028_001,VEN_STADIUM_12,ZONE_GATE_A1,2026-08-14 09:15,8631
EVT_OLY_2028_001,VEN_STADIUM_12,ZONE_GATE_A1,2026-08-14 09:20,8632
EVT_OLY_2028_001,VEN_STADIUM_12,ZONE_GATE_A1,2026-08-14 09:25,8633
EVT_OLY_2028_001,VEN_STADIUM_12,ZONE_GATE_A1,2026-08-14 09:30,8634
EVT_OLY_2028_001,VEN_STADIUM_12,ZONE_GATE_A1,2026-08-14 09:35,8635
EVT_OLY_2028_001,VEN_STADIUM_12,ZONE_GATE_A1,2026-08-14 09:40,8636
EVT_OLY_2028_001,VEN_STADIUM_12,ZONE_GATE_A1,2026-08-14 09:45,8637
EVT_OLY_2028_001,VEN_STADIUM_12,ZONE_GATE_A1,2026-08-14 09:50,8638
EVT_OLY_2028_001,VEN_STADIUM_12,ZONE_GATE_A1,2026-08-14 09:55,8639
EVT_OLY_2028_001,VEN_STADIUM_12,ZONE_GATE_A1,2026-08-14 10:00,8640
EVT_OLY_2028_001,VEN_STADIUM_12,ZONE_GATE_A1,2026-08-14 10:05,8641
EVT_OLY_2028_001,VEN_STADIUM_12,ZONE_GATE_A1,2026-08-14 10:10,8642
EVT_OLY_2028_001,VEN_STADIUM_12,ZONE_GATE_A1,2026-08-14 10:15,8643
EVT_OLY_2028_001,VEN_STADIUM_12,ZONE_GATE_A1,2026-08-14 10:20,8644
EVT_OLY_2028_001,VEN_STADIUM_12,ZONE_GATE_A1,2026-08-14 10:25,8645
EVT_OLY_2028_001,VEN_STADIUM_12,ZONE_GATE_A1,2026-08-14 10:30,8646
EVT_OLY_2028_001,VEN_STADIUM_12,ZONE_GATE_A1,2026-08-14 10:35,8647
EVT_OLY_2028_001,VEN_STADIUM_12,ZONE_GATE_A1,2026-08-14 10:40,8648
EVT_OLY_2028_001,VEN_STADIUM_12,ZONE_GATE_A1,2026-08-14 10:45,8649
EVT_OLY_2028_001,VEN_STADIUM_12,ZONE_GATE_A1,2026-08-14 10:50,8650
EVT_OLY_2028_001,VEN_STADIUM_12,ZONE_GATE_A1,2026-08-14 10:55,8651
EVT_OLY_2028_001,VEN_STADIUM_12,ZONE_GATE_A1,2026-08-14 11:00,8652
EVT_OLY_2028_001,VEN_STADIUM_12,ZONE_GATE_A1,2026-08-14 11:05,8653
EVT_OLY_2028_001,VEN_STADIUM_12,ZONE_GATE_A1,2026-08-14 11:10,8654
EVT_OLY_2028_001,VEN_STADIUM_12,ZONE_GATE_A1,2026-08-14 11:15,8655
EVT_OLY_2028_001,VEN_STADIUM_12,ZONE_GATE_A1,2026-08-14 11:20,8656
EVT_OLY_2028_001,VEN_STADIUM_12,ZONE_GATE_A1,2026-08-14 11:25,8657
EVT_OLY_2028_001,VEN_STADIUM_12,ZONE_GATE_A1,2026-08-14 11:30,8658
EVT_OLY_2028_001,VEN_STADIUM_12,ZONE_GATE_A1,2026-08-14 11:35,8659
EVT_OLY_2028_001,VEN_STADIUM_12,ZONE_GATE_A1,2026-08-14 11:40,8660
EVT_OLY_2028_001,VEN_STADIUM_12,ZONE_GATE_A1,2026-08-14 11:45,8661
EVT_OLY_2028_001,VEN_STADIUM_12,ZONE_GATE_A1,2026-08-14 11:50,8662
EVT_OLY_2028_001,VEN_STADIUM_12,ZONE_GATE_A1,2026-08-14 11:55,8663
EVT_OLY_2028_001,VEN_STADIUM_12,ZONE_GATE_A1,2026-08-14 12:00,8664
EVT_OLY_2028_001,VEN_STADIUM_12,ZONE_GATE_A1,2026-08-14 12:05,8665
EVT_OLY_2028_001,VEN_STADIUM_12,ZONE_GATE_A1,2026-08-14 12:10,8666
EVT_OLY_2028_001,VEN_STADIUM_12,ZONE_GATE_A1,2026-08-14 12:15,8667
EVT_OLY_2028_001,VEN_STADIUM_12,ZONE_GATE_A1,2026-08-14 12:20,8668
EVT_OLY_2028_001,VEN_STADIUM_12,ZONE_GATE_A1,2026-08-14 12:25,8669
EVT_OLY_2028_001,VEN_STADIUM_12,ZONE_GATE_A1,2026-08-14 12:30,8670
EVT_OLY_2028_001,VEN_STADIUM_12,ZONE_GATE_A1,2026-08-14 12:35,8671
EVT_OLY_2028_001,VEN_STADIUM_12,ZONE_GATE_A1,2026-08-14 12:40,8672
EVT_OLY_2028_001,VEN_STADIUM_12,ZONE_GATE_A1,2026-08-14 12:45,8673
EVT_OLY_2028_001,VEN_STADIUM_12,ZONE_GATE_A1,2026-08-14 12:50,8674
EVT_OLY_2028_001,VEN_STADIUM_12,ZONE_GATE_A1,2026-08-14 12:55,8675
EVT_OLY_2028_001,VEN_STADIUM_12,ZONE_GATE_A1,2026-08-14 13:00,8676
EVT_OLY_2028_001,VEN_STADIUM_12,ZONE_GATE_A1,2026-08-14 13:05,8677
EVT_OLY_2028_001,VEN_STADIUM_12,ZONE_GATE_A1,2026-08-14 13:10,8678
EVT_OLY_2028_001,VEN_STADIUM_12,ZONE_GATE_A1,2026-08-14 13:15,8679
EVT_OLY_2028_001,VEN_STADIUM_12,ZONE_GATE_A1,2026-08-14 13:20,8680
EVT_OLY_2028_001,VEN_STADIUM_12,ZONE_GATE_A1,2026-08-14 13:25,8681
EVT_OLY_2028_001,VEN_STADIUM_12,ZONE_GATE_A1,2026-08-14 13:30,8682
EVT_OLY_2028_001,VEN_STADIUM_12,ZONE_GATE_A1,2026-08-14 13:35,8683
EVT_OLY_2028_001,VEN_STADIUM_12,ZONE_GATE_A1,2026-08-14 13:40,8684
EVT_OLY_2028_001,VEN_STADIUM_12,ZONE_GATE_A1,2026-08-14 13:45,8685
EVT_OLY_2028_001,VEN_STADIUM_12,ZONE_GATE_A1,2026-08-14 13:50,8686
EVT_OLY_2028_001,VEN_STADIUM_12,ZONE_GATE_A1,2026-08-14 13:55,8687
EVT_OLY_2028_001,VEN_STADIUM_12,ZONE_GATE_A1,2026-08-14 14:00,8688
EVT_OLY_2028_001,VEN_STADIUM_12,ZONE_GATE_A1,2026-08-14 14:05,8689
EVT_OLY_2028_001,VEN_STADIUM_12,ZONE_GATE_A1,2026-08-14 14:10,8690
EVT_OLY_2028_001,VEN_STADIUM_12,ZONE_GATE_A1,2026-08-14 14:15,8691
EVT_OLY_2028_001,VEN_STADIUM_12,ZONE_GATE_A1,2026-08-14 14:20,8692
EVT_OLY_2028_001,VEN_STADIUM_12,ZONE_GATE_A1,2026-08-14 14:25,8693
EVT_OLY_2028_001,VEN_STADIUM_12,ZONE_GATE_A1,2026-08-14 14:30,8694
EVT_OLY_2028_001,VEN_STADIUM_12,ZONE_GATE_A1,2026-08-14 14:35,8695
EVT_OLY_2028_001,VEN_STADIUM_12,ZONE_GATE_A1,2026-08-14 14:40,8696
EVT_OLY_2028_001,VEN_STADIUM_12,ZONE_GATE_A1,2026-08-14 14:45,8697
EVT_OLY_2028_001,VEN_STADIUM_12,ZONE_GATE_A1,2026-08-14 14:50,8698
EVT_OLY_2028_001,VEN_STADIUM_12,ZONE_GATE_A1,2026-08-14 14:55,8699
EVT_OLY_2028_001,VEN_STADIUM_12,ZONE_GATE_A1,2026-08-14 15:00,8700
EVT_OLY_2028_001,VEN_STADIUM_12,ZONE_GATE_A1,2026-08-14 15:05,8701
EVT_OLY_2028_001,VEN_STADIUM_12,ZONE_GATE_A1,2026-08-14 15:10,8702
EVT_OLY_2028_001,VEN_STADIUM_12,ZONE_GATE_A1,2026-08-14 15:15,8703
EVT_OLY_2028_001,VEN_STADIUM_12,ZONE_GATE_A1,2026-08-14 15:20,8704
EVT_OLY_2028_001,VEN_STADIUM_12,ZONE_GATE_A1,2026-08-14 15:25,8705
EVT_OLY_2028_001,VEN_STADIUM_12,ZONE_GATE_A1,2026-08-14 15:30,8706
EVT_OLY_2028_001,VEN_STADIUM_12,ZONE_GATE_A1,2026-08-14 15:35,8707
EVT_OLY_2028_001,VEN_STADIUM_12,ZONE_GATE_A1,2026-08-14 15:40,8708
EVT_OLY_2028_001,VEN_STADIUM_12,ZONE_GATE_A1,2026-08-14 15:45,8709
EVT_OLY_2028_001,VEN_STADIUM_12,ZONE_GATE_A1,2026-08-14 15:50,8710
EVT_OLY_2028_001,VEN_STADIUM_12,ZONE_GATE_A1,2026-08-14 15:55,8711
EVT_OLY_2028_001,VEN_STADIUM_12,ZONE_GATE_A1,2026-08-14 16:00,8712
EVT_OLY_2028_001,VEN_STADIUM_12,ZONE_GATE_A1,2026-08-14 16:05,8713
EVT_OLY_2028_001,VEN_STADIUM_12,ZONE_GATE_A1,2026-08-14 16:10,8714
EVT_OLY_2028_001,VEN_STADIUM_12,ZONE_GATE_A1,2026-08-14 16:15,8715
EVT_OLY_2028_001,VEN_STADIUM_12,ZONE_GATE_A1,2026-08-14 16:20,8716
EVT_OLY_2028_001,VEN_STADIUM_12,ZONE_GATE_A1,2026-08-14 16:25,8717
EVT_OLY_2028_001,VEN_STADIUM_12,ZONE_GATE_A1,2026-08-14 16:30,8718
EVT_OLY_2028_001,VEN_STADIUM_12,ZONE_GATE_A1,2026-08-14 16:35,8719
EVT_OLY_2028_001,VEN_STADIUM_12,ZONE_GATE_A1,2026-08-14 16:40,8720
EVT_OLY_2028_001,VEN_STADIUM_12,ZONE_GATE_A1,2026-08-14 16:45,8721
EVT_OLY_2028_001,VEN_STADIUM_12,ZONE_GATE_A1,2026-08-14 16:50,8722
EVT_OLY_2028_001,VEN_STADIUM_12,ZONE_GATE_A1,2026-08-14 16:55,8723
EVT_OLY_2028_001,VEN_STADIUM_12,ZONE_GATE_A1,2026-08-14 17:00,8724
EVT_OLY_2028_001,VEN_STADIUM_12,ZONE_GATE_A1,2026-08-14 17:05,8725
EVT_OLY_2028_001,VEN_STADIUM_12,ZONE_GATE_A1,2026-08-14 17:10,8726
EVT_OLY_2028_001,VEN_STADIUM_12,ZONE_GATE_A1,2026-08-14 17:15,8727
EVT_OLY_2028_001,VEN_STADIUM_12,ZONE_GATE_A1,2026-08-14 17:20,8728
EVT_OLY_2028_001,VEN_STADIUM_12,ZONE_GATE_A1,2026-08-14 17:25,8729
EVT_OLY_2028_001,VEN_STADIUM_12,ZONE_GATE_A1,2026-08-14 17:30,8730
EVT_OLY_2028_001,VEN_STADIUM_12,ZONE_GATE_A1,2026-08-14 17:35,8731
EVT_OLY_2028_001,VEN_STADIUM_12,ZONE_GATE_A1,2026-08-14 17:40,8732
EVT_OLY_2028_001,VEN_STADIUM_12,ZONE_GATE_A1,2026-08-14 17:45,8733
EVT_OLY_2028_001,VEN_STADIUM_12,ZONE_GATE_A1,2026-08-14 17:50,8734
EVT_OLY_2028_001,VEN_STADIUM_12,ZONE_GATE_A1,2026-08-14 17:55,8735
EVT_OLY_2028_001,VEN_STADIUM_12,ZONE_GATE_A1,2026-08-14 18:00,8736
EVT_OLY_2028_001,VEN_STADIUM_12,ZONE_GATE_A1,2026-08-14 18:05,8737
EVT_OLY_2028_001,VEN_STADIUM_12,ZONE_GATE_A1,2026-08-14 18:10,8738
EVT_OLY_2028_001,VEN_STADIUM_12,ZONE_GATE_A1,2026-08-14 18:15,8739
EVT_OLY_2028_001,VEN_STADIUM_12,ZONE_GATE_A1,2026-08-14 18:20,8740
EVT_OLY_2028_001,VEN_STADIUM_12,ZONE_GATE_A1,2026-08-14 18:25,8741
EVT_OLY_2028_001,VEN_STADIUM_12,ZONE_GATE_A1,2026-08-14 18:30,8742
EVT_OLY_2028_001,VEN_STADIUM_12,ZONE_GATE_A1,2026-08-14 18:35,8743
EVT_OLY_2028_001,VEN_STADIUM_12,ZONE_GATE_A1,2026-08-14 18:40,8744
EVT_OLY_2028_001,VEN_STADIUM_12,ZONE_GATE_A1,2026-08-14 18:45,8745
EVT_OLY_2028_001,VEN_STADIUM_12,ZONE_GATE_A1,2026-08-14 18:50,8746
EVT_OLY_2028_001,VEN_STADIUM_12,ZONE_GATE_A1,2026-08-14 18:55,8747
EVT_OLY_2028_001,VEN_STADIUM_12,ZONE_GATE_A1,2026-08-14 19:00,8748
EVT_OLY_2028_001,VEN_STADIUM_12,ZONE_GATE_A1,2026-08-14 19:05,8749
EVT_OLY_2028_001,VEN_STADIUM_12,ZONE_GATE_A1,2026-08-14 19:10,8750
EVT_OLY_2028_001,VEN_STADIUM_12,ZONE_GATE_A1,2026-08-14 19:15,8751
EVT_OLY_2028_001,VEN_STADIUM_12,ZONE_GATE_A1,2026-08-14 19:20,8752
EVT_OLY_2028_001,VEN_STADIUM_12,ZONE_GATE_A1,2026-08-14 19:25,8753
EVT_OLY_2028_001,VEN_STADIUM_12,ZONE_GATE_A1,2026-08-14 19:30,8754
EVT_OLY_2028_001,VEN_STADIUM_12,ZONE_GATE_A1,2026-08-14 19:35,8755
EVT_OLY_2028_001,VEN_STADIUM_12,ZONE_GATE_A1,2026-08-14 19:40,8756
EVT_OLY_2028_001,VEN_STADIUM_12,ZONE_GATE_A1,2026-08-14 19:45,8757
EVT_OLY_2028_001,VEN_STADIUM_12,ZONE_GATE_A1,2026-08-14 19:50,8758
EVT_OLY_2028_001,VEN_STADIUM_12,ZONE_GATE_A1,2026-08-14 19:55,8759
EVT_OLY_2028_001,VEN_STADIUM_12,ZONE_GATE_A1,2026-08-14 20:00,8760
EVT_OLY_2028_001,VEN_STADIUM_12,ZONE_GATE_A1,2026-08-14 20:05,8761
EVT_OLY_2028_001,VEN_STADIUM_12,ZONE_GATE_A1,2026-08-14 20:10,8762
EVT_OLY_2028_001,VEN_STADIUM_12,ZONE_GATE_A1,2026-08-14 20:15,8763
EVT_OLY_2028_001,VEN_STADIUM_12,ZONE_GATE_A1,2026-08-14 20:20,8764
EVT_OLY_2028_001,VEN_STADIUM_12,ZONE_GATE_A1,2026-08-14 20:25,8765
EVT_OLY_2028_001,VEN_STADIUM_12,ZONE_GATE_A1,2026-08-14 20:30,8766
EVT_OLY_2028_001,VEN_STADIUM_12,ZONE_GATE_A1,2026-08-14 20:35,8767
EVT_OLY_2028_001,VEN_STADIUM_12,ZONE_GATE_A1,2026-08-14 20:40,8768
EVT_OLY_2028_001,VEN_STADIUM_12,ZONE_GATE_A1,2026-08-14 20:45,8769
EVT_OLY_2028_001,VEN_STADIUM_12,ZONE_GATE_A1,2026-08-14 20:50,8770
EVT_OLY_2028_001,VEN_STADIUM_12,ZONE_GATE_A1,2026-08-14 20:55,8771
EVT_OLY_2028_001,VEN_STADIUM_12,ZONE_GATE_A1,2026-08-14 21:00,8772
EVT_OLY_2028_001,VEN_STADIUM_12,ZONE_GATE_A1,2026-08-14 21:05,8773
EVT_OLY_2028_001,VEN_STADIUM_12,ZONE_GATE_A1,2026-08-14 21:10,8774
EVT_OLY_2028_001,VEN_STADIUM_12,ZONE_GATE_A1,2026-08-14 21:15,8775
EVT_OLY_2028_001,VEN_STADIUM_12,ZONE_GATE_A1,2026-08-14 21:20,8776
EVT_OLY_2028_001,VEN_STADIUM_12,ZONE_GATE_A1,2026-08-14 21:25,8777
EVT_OLY_2028_001,VEN_STADIUM_12,ZONE_GATE_A1,2026-08-14 21:30,8778
EVT_OLY_2028_001,VEN_STADIUM_12,ZONE_GATE_A1,2026-08-14 21:35,8779
EVT_OLY_2028_001,VEN_STADIUM_12,ZONE_GATE_A1,2026-08-14 21:40,8780
EVT_OLY_2028_001,VEN_STADIUM_12,ZONE_GATE_A1,2026-08-14 21:45,8781
EVT_OLY_2028_001,VEN_STADIUM_12,ZONE_GATE_A1,2026-08-14 21:50,8782
EVT_OLY_2028_001,VEN_STADIUM_12,ZONE_GATE_A1,2026-08-14 21:55,8783
EVT_OLY_2028_001,VEN_STADIUM_12,ZONE_GATE_A1,2026-08-14 22:00,8784
EVT_OLY_2028_001,VEN_STADIUM_12,ZONE_GATE_A1,2026-08-14 22:05,8785
EVT_OLY_2028_001,VEN_STADIUM_12,ZONE_GATE_A1,2026-08-14 22:10,8786
EVT_OLY_2028_001,VEN_STADIUM_12,ZONE_GATE_A1,2026-08-14 22:15,8787
EVT_OLY_2028_001,VEN_STADIUM_12,ZONE_GATE_A1,2026-08-14 22:20,8788
EVT_OLY_2028_001,VEN_STADIUM_12,ZONE_GATE_A1,2026-08-14 22:25,8789
EVT_OLY_2028_001,VEN_STADIUM_12,ZONE_GATE_A1,2026-08-14 22:30,8790
EVT_OLY_2028_001,VEN_STADIUM_12,ZONE_GATE_A1,2026-08-14 22:35,8791
EVT_OLY_2028_001,VEN_STADIUM_12,ZONE_GATE_A1,2026-08-14 22:40,8792
EVT_OLY_2028_001,VEN_STADIUM_12,ZONE_GATE_A1,2026-08-14 22:45,8793
EVT_OLY_2028_001,VEN_STADIUM_12,ZONE_GATE_A1,2026-08-14 22:50,8794
EVT_OLY_2028_001,VEN_STADIUM_12,ZONE_GATE_A1,2026-08-14 22:55,8795
EVT_OLY_2028_001,VEN_STADIUM_12,ZONE_GATE_A1,2026-08-14 23:00,8796
EVT_OLY_2028_001,VEN_STADIUM_12,ZONE_GATE_A1,2026-08-14 23:05,8797
EVT_OLY_2028_001,VEN_STADIUM_12,ZONE_GATE_A1,2026-08-14 23:10,8798
EVT_OLY_2028_001,VEN_STADIUM_12,ZONE_GATE_A1,2026-08-14 23:15,8799
EVT_OLY_2028_001,VEN_STADIUM_12,ZONE_GATE_A1,2026-08-14 23:20,8800
EVT_OLY_2028_001,VEN_STADIUM_12,ZONE_GATE_A1,2026-08-14 23:25,8801
EVT_OLY_2028_001,VEN_STADIUM_12,ZONE_GATE_A1,2026-08-14 23:30,8802
EVT_OLY_2028_001,VEN_STADIUM_12,ZONE_GATE_A1,2026-08-14 23:35,8803
EVT_OLY_2028_001,VEN_STADIUM_12,ZONE_GATE_A1,2026-08-14 23:40,8804
EVT_OLY_2028_001,VEN_STADIUM_12,ZONE_GATE_A1,2026-08-14 23:45,8805
EVT_OLY_2028_001,VEN_STADIUM_12,ZONE_GATE_A1,2026-08-14 23:50,8806
EVT_OLY_2028_001,VEN_STADIUM_12,ZONE_GATE_A1,2026-08-14 23:55,8807
EVT_OLY_2028_001,VEN_STADIUM_12,ZONE_GATE_A1,2026-08-15 00:00,8808
EVT_OLY_2028_001,VEN_STADIUM_12,ZONE_GATE_A1,2026-08-15 00:05,8809
EVT_OLY_2028_001,VEN_STADIUM_12,ZONE_GATE_A1,2026-08-15 00:10,8810
EVT_OLY_2028_001,VEN_STADIUM_12,ZONE_GATE_A1,2026-08-15 00:15,8811
EVT_OLY_2028_001,VEN_STADIUM_12,ZONE_GATE_A1,2026-08-15 00:20,8812
EVT_OLY_2028_001,VEN_STADIUM_12,ZONE_GATE_A1,2026-08-15 00:25,8813
EVT_OLY_2028_001,VEN_STADIUM_12,ZONE_GATE_A1,2026-08-15 00:30,8814
EVT_OLY_2028_001,VEN_STADIUM_12,ZONE_GATE_A1,2026-08-15 00:35,8815
EVT_OLY_2028_001,VEN_STADIUM_12,ZONE_GATE_A1,2026-08-15 00:40,8816
EVT_OLY_2028_001,VEN_STADIUM_12,ZONE_GATE_A1,2026-08-15 00:45,8817
EVT_OLY_2028_001,VEN_STADIUM_12,ZONE_GATE_A1,2026-08-15 00:50,8818
EVT_OLY_2028_001,VEN_STADIUM_12,ZONE_GATE_A1,2026-08-15 00:55,8819
EVT_OLY_2028_001,VEN_STADIUM_12,ZONE_GATE_A1,2026-08-15 01:00,8820
EVT_OLY_2028_001,VEN_STADIUM_12,ZONE_GATE_A1,2026-08-15 01:05,8821
EVT_OLY_2028_001,VEN_STADIUM_12,ZONE_GATE_A1,2026-08-15 01:10,8822
EVT_OLY_2028_001,VEN_STADIUM_12,ZONE_GATE_A1,2026-08-15 01:15,8823
EVT_OLY_2028_001,VEN_STADIUM_12,ZONE_GATE_A1,2026-08-15 01:20,8824
EVT_OLY_2028_001,VEN_STADIUM_12,ZONE_GATE_A1,2026-08-15 01:25,8825
EVT_OLY_2028_001,VEN_STADIUM_12,ZONE_GATE_A1,2026-08-15 01:30,8826
EVT_OLY_2028_001,VEN_STADIUM_12,ZONE_GATE_A1,2026-08-15 01:35,8827
EVT_OLY_2028_001,VEN_STADIUM_12,ZONE_GATE_A1,2026-08-15 01:40,8828
EVT_OLY_2028_001,VEN_STADIUM_12,ZONE_GATE_A1,2026-08-15 01:45,8829
EVT_OLY_2028_001,VEN_STADIUM_12,ZONE_GATE_A1,2026-08-15 01:50,8830
EVT_OLY_2028_001,VEN_STADIUM_12,ZONE_GATE_A1,2026-08-15 01:55,8831
EVT_OLY_2028_001,VEN_STADIUM_12,ZONE_GATE_A1,2026-08-15 02:00,8832
EVT_OLY_2028_001,VEN_STADIUM_12,ZONE_GATE_A1,2026-08-15 02:05,8833
EVT_OLY_2028_001,VEN_STADIUM_12,ZONE_GATE_A1,2026-08-15 02:10,8834
EVT_OLY_2028_001,VEN_STADIUM_12,ZONE_GATE_A1,2026-08-15 02:15,8835
EVT_OLY_2028_001,VEN_STADIUM_12,ZONE_GATE_A1,2026-08-15 02:20,8836
EVT_OLY_2028_001,VEN_STADIUM_12,ZONE_GATE_A1,2026-08-15 02:25,8837
EVT_OLY_2028_001,VEN_STADIUM_12,ZONE_GATE_A1,2026-08-15 02:30,8838
EVT_OLY_2028_001,VEN_STADIUM_12,ZONE_GATE_A1,2026-08-15 02:35,8839
EVT_OLY_2028_001,VEN_STADIUM_12,ZONE_GATE_A1,2026-08-15 02:40,8840
EVT_OLY_2028_001,VEN_STADIUM_12,ZONE_GATE_A1,2026-08-15 02:45,8841
EVT_OLY_2028_001,VEN_STADIUM_12,ZONE_GATE_A1,2026-08-15 02:50,8842
EVT_OLY_2028_001,VEN_STADIUM_12,ZONE_GATE_A1,2026-08-15 02:55,8843
EVT_OLY_2028_001,VEN_STADIUM_12,ZONE_GATE_A1,2026-08-15 03:00,8844
EVT_OLY_2028_001,VEN_STADIUM_12,ZONE_GATE_A1,2026-08-15 03:05,8845
EVT_OLY_2028_001,VEN_STADIUM_12,ZONE_GATE_A1,2026-08-15 03:10,8846
EVT_OLY_2028_001,VEN_STADIUM_12,ZONE_GATE_A1,2026-08-15 03:15,8847
EVT_OLY_2028_001,VEN_STADIUM_12,ZONE_GATE_A1,2026-08-15 03:20,8848
EVT_OLY_2028_001,VEN_STADIUM_12,ZONE_GATE_A1,2026-08-15 03:25,8849
EVT_OLY_2028_001,VEN_STADIUM_12,ZONE_GATE_A1,2026-08-15 03:30,8850
EVT_OLY_2028_001,VEN_STADIUM_12,ZONE_GATE_A1,2026-08-15 03:35,8851
EVT_OLY_2028_001,VEN_STADIUM_12,ZONE_GATE_A1,2026-08-15 03:40,8852
EVT_OLY_2028_001,VEN_STADIUM_12,ZONE_GATE_A1,2026-08-15 03:45,8853
EVT_OLY_2028_001,VEN_STADIUM_12,ZONE_GATE_A1,2026-08-15 03:50,8854
EVT_OLY_2028_001,VEN_STADIUM_12,ZONE_GATE_A1,2026-08-15 03:55,8855
EVT_OLY_2028_001,VEN_STADIUM_12,ZONE_GATE_A1,2026-08-15 04:00,8856
EVT_OLY_2028_001,VEN_STADIUM_12,ZONE_GATE_A1,2026-08-15 04:05,8857
EVT_OLY_2028_001,VEN_STADIUM_12,ZONE_GATE_A1,2026-08-15 04:10,8858
EVT_OLY_2028_001,VEN_STADIUM_12,ZONE_GATE_A1,2026-08-15 04:15,8859
EVT_OLY_2028_001,VEN_STADIUM_12,ZONE_GATE_A1,2026-08-15 04:20,8860
EVT_OLY_2028_001,VEN_STADIUM_12,ZONE_GATE_A1,2026-08-15 04:25,8861
EVT_OLY_2028_001,VEN_STADIUM_12,ZONE_GATE_A1,2026-08-15 04:30,8862
EVT_OLY_2028_001,VEN_STADIUM_12,ZONE_GATE_A1,2026-08-15 04:35,8863
EVT_OLY_2028_001,VEN_STADIUM_12,ZONE_GATE_A1,2026-08-15 04:40,8864
EVT_OLY_2028_001,VEN_STADIUM_12,ZONE_GATE_A1,2026-08-15 04:45,8865
EVT_OLY_2028_001,VEN_STADIUM_12,ZONE_GATE_A1,2026-08-15 04:50,8866
EVT_OLY_2028_001,VEN_STADIUM_12,ZONE_GATE_A1,2026-08-15 04:55,8867
EVT_OLY_2028_001,VEN_STADIUM_12,ZONE_GATE_A1,2026-08-15 05:00,8868
EVT_OLY_2028_001,VEN_STADIUM_12,ZONE_GATE_A1,2026-08-15 05:05,8869
EVT_OLY_2028_001,VEN_STADIUM_12,ZONE_GATE_A1,2026-08-15 05:10,8870
EVT_OLY_2028_001,VEN_STADIUM_12,ZONE_GATE_A1,2026-08-15 05:15,8871
EVT_OLY_2028_001,VEN_STADIUM_12,ZONE_GATE_A1,2026-08-15 05:20,8872
EVT_OLY_2028_001,VEN_STADIUM_12,ZONE_GATE_A1,2026-08-15 05:25,8873
EVT_OLY_2028_001,VEN_STADIUM_12,ZONE_GATE_A1,2026-08-15 05:30,8874
EVT_OLY_2028_001,VEN_STADIUM_12,ZONE_GATE_A1,2026-08-15 05:35,8875
EVT_OLY_2028_001,VEN_STADIUM_12,ZONE_GATE_A1,2026-08-15 05:40,8876
EVT_OLY_2028_001,VEN_STADIUM_12,ZONE_GATE_A1,2026-08-15 05:45,8877
EVT_OLY_2028_001,VEN_STADIUM_12,ZONE_GATE_A1,2026-08-15 05:50,8878
EVT_OLY_2028_001,VEN_STADIUM_12,ZONE_GATE_A1,2026-08-15 05:55,8879
EVT_OLY_2028_001,VEN_STADIUM_12,ZONE_GATE_A1,2026-08-15 06:00,8880
EVT_OLY_2028_001,VEN_STADIUM_12,ZONE_GATE_A1,2026-08-15 06:05,8881
EVT_OLY_2028_001,VEN_STADIUM_12,ZONE_GATE_A1,2026-08-15 06:10,8882
EVT_OLY_2028_001,VEN_STADIUM_12,ZONE_GATE_A1,2026-08-15 06:15,8883
EVT_OLY_2028_001,VEN_STADIUM_12,ZONE_GATE_A1,2026-08-15 06:20,8884
EVT_OLY_2028_001,VEN_STADIUM_12,ZONE_GATE_A1,2026-08-15 06:25,8885
EVT_OLY_2028_001,VEN_STADIUM_12,ZONE_GATE_A1,2026-08-15 06:30,8886
EVT_OLY_2028_001,VEN_STADIUM_12,ZONE_GATE_A1,2026-08-15 06:35,8887
EVT_OLY_2028_001,VEN_STADIUM_12,ZONE_GATE_A1,2026-08-15 06:40,8888
EVT_OLY_2028_001,VEN_STADIUM_12,ZONE_GATE_A1,2026-08-15 06:45,8889
EVT_OLY_2028_001,VEN_STADIUM_12,ZONE_GATE_A1,2026-08-15 06:50,8890
EVT_OLY_2028_001,VEN_STADIUM_12,ZONE_GATE_A1,2026-08-15 06:55,8891
EVT_OLY_2028_001,VEN_STADIUM_12,ZONE_GATE_A1,2026-08-15 07:00,8892
EVT_OLY_2028_001,VEN_STADIUM_12,ZONE_GATE_A1,2026-08-15 07:05,8893
EVT_OLY_2028_001,VEN_STADIUM_12,ZONE_GATE_A1,2026-08-15 07:10,8894
EVT_OLY_2028_001,VEN_STADIUM_12,ZONE_GATE_A1,2026-08-15 07:15,8895
EVT_OLY_2028_001,VEN_STADIUM_12,ZONE_GATE_A1,2026-08-15 07:20,8896
EVT_OLY_2028_001,VEN_STADIUM_12,ZONE_GATE_A1,2026-08-15 07:25,8897
EVT_OLY_2028_001,VEN_STADIUM_12,ZONE_GATE_A1,2026-08-15 07:30,8898
EVT_OLY_2028_001,VEN_STADIUM_12,ZONE_GATE_A1,2026-08-15 07:35,8899
EVT_OLY_2028_001,VEN_STADIUM_12,ZONE_GATE_A1,2026-08-15 07:40,8900
EVT_OLY_2028_001,VEN_STADIUM_12,ZONE_GATE_A1,2026-08-15 07:45,8901
EVT_OLY_2028_001,VEN_STADIUM_12,ZONE_GATE_A1,2026-08-15 07:50,8902
EVT_OLY_2028_001,VEN_STADIUM_12,ZONE_GATE_A1,2026-08-15 07:55,8903
EVT_OLY_2028_001,VEN_STADIUM_12,ZONE_GATE_A1,2026-08-15 08:00,8904
EVT_OLY_2028_001,VEN_STADIUM_12,ZONE_GATE_A1,2026-08-15 08:05,8905
EVT_OLY_2028_001,VEN_STADIUM_12,ZONE_GATE_A1,2026-08-15 08:10,8906
EVT_OLY_2028_001,VEN_STADIUM_12,ZONE_GATE_A1,2026-08-15 08:15,8907
EVT_OLY_2028_001,VEN_STADIUM_12,ZONE_GATE_A1,2026-08-15 08:20,8908
EVT_OLY_2028_001,VEN_STADIUM_12,ZONE_GATE_A1,2026-08-15 08:25,8909
EVT_OLY_2028_001,VEN_STADIUM_12,ZONE_GATE_A1,2026-08-15 08:30,8910
EVT_OLY_2028_001,VEN_STADIUM_12,ZONE_GATE_A1,2026-08-15 08:35,8911
EVT_OLY_2028_001,VEN_STADIUM_12,ZONE_GATE_A1,2026-08-15 08:40,8912
EVT_OLY_2028_001,VEN_STADIUM_12,ZONE_GATE_A1,2026-08-15 08:45,8913
EVT_OLY_2028_001,VEN_STADIUM_12,ZONE_GATE_A1,2026-08-15 08:50,8914
EVT_OLY_2028_001,VEN_STADIUM_12,ZONE_GATE_A1,2026-08-15 08:55,8915
EVT_OLY_2028_001,VEN_STADIUM_12,ZONE_GATE_A1,2026-08-15 09:00,8916
EVT_OLY_2028_001,VEN_STADIUM_12,ZONE_GATE_A1,2026-08-15 09:05,8917
EVT_OLY_2028_001,VEN_STADIUM_12,ZONE_GATE_A1,2026-08-15 09:10,8918
EVT_OLY_2028_001,VEN_STADIUM_12,ZONE_GATE_A1,2026-08-15 09:15,8919
EVT_OLY_2028_001,VEN_STADIUM_12,ZONE_GATE_A1,2026-08-15 09:20,8920
EVT_OLY_2028_001,VEN_STADIUM_12,ZONE_GATE_A1,2026-08-15 09:25,8921
EVT_OLY_2028_001,VEN_STADIUM_12,ZONE_GATE_A1,2026-08-15 09:30,8922
EVT_OLY_2028_001,VEN_STADIUM_12,ZONE_GATE_A1,2026-08-15 09:35,8923
EVT_OLY_2028_001,VEN_STADIUM_12,ZONE_GATE_A1,2026-08-15 09:40,8924
EVT_OLY_2028_001,VEN_STADIUM_12,ZONE_GATE_A1,2026-08-15 09:45,8925
EVT_OLY_2028_001,VEN_STADIUM_12,ZONE_GATE_A1,2026-08-15 09:50,8926
EVT_OLY_2028_001,VEN_STADIUM_12,ZONE_GATE_A1,2026-08-15 09:55,8927
EVT_OLY_2028_001,VEN_STADIUM_12,ZONE_GATE_A1,2026-08-15 10:00,8928
EVT_OLY_2028_001,VEN_STADIUM_12,ZONE_GATE_A1,2026-08-15 10:05,8929
EVT_OLY_2028_001,VEN_STADIUM_12,ZONE_GATE_A1,2026-08-15 10:10,8930
EVT_OLY_2028_001,VEN_STADIUM_12,ZONE_GATE_A1,2026-08-15 10:15,8931
EVT_OLY_2028_001,VEN_STADIUM_12,ZONE_GATE_A1,2026-08-15 10:20,8932
EVT_OLY_2028_001,VEN_STADIUM_12,ZONE_GATE_A1,2026-08-15 10:25,8933
EVT_OLY_2028_001,VEN_STADIUM_12,ZONE_GATE_A1,2026-08-15 10:30,8934
EVT_OLY_2028_001,VEN_STADIUM_12,ZONE_GATE_A1,2026-08-15 10:35,8935
EVT_OLY_2028_001,VEN_STADIUM_12,ZONE_GATE_A1,2026-08-15 10:40,8936
EVT_OLY_2028_001,VEN_STADIUM_12,ZONE_GATE_A1,2026-08-15 10:45,8937
EVT_OLY_2028_001,VEN_STADIUM_12,ZONE_GATE_A1,2026-08-15 10:50,8938
EVT_OLY_2028_001,VEN_STADIUM_12,ZONE_GATE_A1,2026-08-15 10:55,8939
EVT_OLY_2028_001,VEN_STADIUM_12,ZONE_GATE_A1,2026-08-15 11:00,8940
EVT_OLY_2028_001,VEN_STADIUM_12,ZONE_GATE_A1,2026-08-15 11:05,8941
EVT_OLY_2028_001,VEN_STADIUM_12,ZONE_GATE_A1,2026-08-15 11:10,8942
EVT_OLY_2028_001,VEN_STADIUM_12,ZONE_GATE_A1,2026-08-15 11:15,8943
EVT_OLY_2028_001,VEN_STADIUM_12,ZONE_GATE_A1,2026-08-15 11:20,8944
EVT_OLY_2028_001,VEN_STADIUM_12,ZONE_GATE_A1,2026-08-15 11:25,8945
EVT_OLY_2028_001,VEN_STADIUM_12,ZONE_GATE_A1,2026-08-15 11:30,8946
EVT_OLY_2028_001,VEN_STADIUM_12,ZONE_GATE_A1,2026-08-15 11:35,8947
EVT_OLY_2028_001,VEN_STADIUM_12,ZONE_GATE_A1,2026-08-15 11:40,8948
EVT_OLY_2028_001,VEN_STADIUM_12,ZONE_GATE_A1,2026-08-15 11:45,8949
EVT_OLY_2028_001,VEN_STADIUM_12,ZONE_GATE_A1,2026-08-15 11:50,8950
EVT_OLY_2028_001,VEN_STADIUM_12,ZONE_GATE_A1,2026-08-15 11:55,8951
EVT_OLY_2028_001,VEN_STADIUM_12,ZONE_GATE_A1,2026-08-15 12:00,8952
EVT_OLY_2028_001,VEN_STADIUM_12,ZONE_GATE_A1,2026-08-15 12:05,8953
EVT_OLY_2028_001,VEN_STADIUM_12,ZONE_GATE_A1,2026-08-15 12:10,8954
EVT_OLY_2028_001,VEN_STADIUM_12,ZONE_GATE_A1,2026-08-15 12:15,8955
EVT_OLY_2028_001,VEN_STADIUM_12,ZONE_GATE_A1,2026-08-15 12:20,8956
EVT_OLY_2028_001,VEN_STADIUM_12,ZONE_GATE_A1,2026-08-15 12:25,8957
EVT_OLY_2028_001,VEN_STADIUM_12,ZONE_GATE_A1,2026-08-15 12:30,8958
EVT_OLY_2028_001,VEN_STADIUM_12,ZONE_GATE_A1,2026-08-15 12:35,8959
EVT_OLY_2028_001,VEN_STADIUM_12,ZONE_GATE_A1,2026-08-15 12:40,8960
EVT_OLY_2028_001,VEN_STADIUM_12,ZONE_GATE_A1,2026-08-15 12:45,8961
EVT_OLY_2028_001,VEN_STADIUM_12,ZONE_GATE_A1,2026-08-15 12:50,8962
EVT_OLY_2028_001,VEN_STADIUM_12,ZONE_GATE_A1,2026-08-15 12:55,8963
EVT_OLY_2028_001,VEN_STADIUM_12,ZONE_GATE_A1,2026-08-15 13:00,8964
EVT_OLY_2028_001,VEN_STADIUM_12,ZONE_GATE_A1,2026-08-15 13:05,8965
EVT_OLY_2028_001,VEN_STADIUM_12,ZONE_GATE_A1,2026-08-15 13:10,8966
EVT_OLY_2028_001,VEN_STADIUM_12,ZONE_GATE_A1,2026-08-15 13:15,8967
EVT_OLY_2028_001,VEN_STADIUM_12,ZONE_GATE_A1,2026-08-15 13:20,8968
EVT_OLY_2028_001,VEN_STADIUM_12,ZONE_GATE_A1,2026-08-15 13:25,8969
EVT_OLY_2028_001,VEN_STADIUM_12,ZONE_GATE_A1,2026-08-15 13:30,8970
EVT_OLY_2028_001,VEN_STADIUM_12,ZONE_GATE_A1,2026-08-15 13:35,8971
EVT_OLY_2028_001,VEN_STADIUM_12,ZONE_GATE_A1,2026-08-15 13:40,8972
EVT_OLY_2028_001,VEN_STADIUM_12,ZONE_GATE_A1,2026-08-15 13:45,8973
EVT_OLY_2028_001,VEN_STADIUM_12,ZONE_GATE_A1,2026-08-15 13:50,8974
EVT_OLY_2028_001,VEN_STADIUM_12,ZONE_GATE_A1,2026-08-15 13:55,8975
EVT_OLY_2028_001,VEN_STADIUM_12,ZONE_GATE_A1,2026-08-15 14:00,8976
EVT_OLY_2028_001,VEN_STADIUM_12,ZONE_GATE_A1,2026-08-15 14:05,8977
EVT_OLY_2028_001,VEN_STADIUM_12,ZONE_GATE_A1,2026-08-15 14:10,8978
EVT_OLY_2028_001,VEN_STADIUM_12,ZONE_GATE_A1,2026-08-15 14:15,8979
EVT_OLY_2028_001,VEN_STADIUM_12,ZONE_GATE_A1,2026-08-15 14:20,8980
EVT_OLY_2028_001,VEN_STADIUM_12,ZONE_GATE_A1,2026-08-15 14:25,8981
EVT_OLY_2028_001,VEN_STADIUM_12,ZONE_GATE_A1,2026-08-15 14:30,8982
EVT_OLY_2028_001,VEN_STADIUM_12,ZONE_GATE_A1,2026-08-15 14:35,8983
EVT_OLY_2028_001,VEN_STADIUM_12,ZONE_GATE_A1,2026-08-15 14:40,8984
EVT_OLY_2028_001,VEN_STADIUM_12,ZONE_GATE_A1,2026-08-15 14:45,8985
EVT_OLY_2028_001,VEN_STADIUM_12,ZONE_GATE_A1,2026-08-15 14:50,8986
EVT_OLY_2028_001,VEN_STADIUM_12,ZONE_GATE_A1,2026-08-15 14:55,8987
EVT_OLY_2028_001,VEN_STADIUM_12,ZONE_GATE_A1,2026-08-15 15:00,8988
EVT_OLY_2028_001,VEN_STADIUM_12,ZONE_GATE_A1,2026-08-15 15:05,8989
EVT_OLY_2028_001,VEN_STADIUM_12,ZONE_GATE_A1,2026-08-15 15:10,8990
EVT_OLY_2028_001,VEN_STADIUM_12,ZONE_GATE_A1,2026-08-15 15:15,8991
EVT_OLY_2028_001,VEN_STADIUM_12,ZONE_GATE_A1,2026-08-15 15:20,8992
EVT_OLY_2028_001,VEN_STADIUM_12,ZONE_GATE_A1,2026-08-15 15:25,8993
EVT_OLY_2028_001,VEN_STADIUM_12,ZONE_GATE_A1,2026-08-15 15:30,8994
EVT_OLY_2028_001,VEN_STADIUM_12,ZONE_GATE_A1,2026-08-15 15:35,8995
EVT_OLY_2028_001,VEN_STADIUM_12,ZONE_GATE_A1,2026-08-15 15:40,8996
EVT_OLY_2028_001,VEN_STADIUM_12,ZONE_GATE_A1,2026-08-15 15:45,8997
EVT_OLY_2028_001,VEN_STADIUM_12,ZONE_GATE_A1,2026-08-15 15:50,8998
EVT_OLY_2028_001,VEN_STADIUM_12,ZONE_GATE_A1,2026-08-15 15:55,8999
EVT_OLY_2028_001,VEN_STADIUM_12,ZONE_GATE_A1,2026-08-15 16:00,9000
EVT_OLY_2028_001,VEN_STADIUM_12,ZONE_GATE_A1,2026-08-15 16:05,9001
EVT_OLY_2028_001,VEN_STADIUM_12,ZONE_GATE_A1,2026-08-15 16:10,9002
EVT_OLY_2028_001,VEN_STADIUM_12,ZONE_GATE_A1,2026-08-15 16:15,9003
EVT_OLY_2028_001,VEN_STADIUM_12,ZONE_GATE_A1,2026-08-15 16:20,9004
EVT_OLY_2028_001,VEN_STADIUM_12,ZONE_GATE_A1,2026-08-15 16:25,9005
EVT_OLY_2028_001,VEN_STADIUM_12,ZONE_GATE_A1,2026-08-15 16:30,9006
EVT_OLY_2028_001,VEN_STADIUM_12,ZONE_GATE_A1,2026-08-15 16:35,9007
EVT_OLY_2028_001,VEN_STADIUM_12,ZONE_GATE_A1,2026-08-15 16:40,9008
EVT_OLY_2028_001,VEN_STADIUM_12,ZONE_GATE_A1,2026-08-15 16:45,9009
EVT_OLY_2028_001,VEN_STADIUM_12,ZONE_GATE_A1,2026-08-15 16:50,9010
EVT_OLY_2028_001,VEN_STADIUM_12,ZONE_GATE_A1,2026-08-15 16:55,9011
EVT_OLY_2028_001,VEN_STADIUM_12,ZONE_GATE_A1,2026-08-15 17:00,9012
EVT_OLY_2028_001,VEN_STADIUM_12,ZONE_GATE_A1,2026-08-15 17:05,9013
EVT_OLY_2028_001,VEN_STADIUM_12,ZONE_GATE_A1,2026-08-15 17:10,9014
EVT_OLY_2028_001,VEN_STADIUM_12,ZONE_GATE_A1,2026-08-15 17:15,9015
EVT_OLY_2028_001,VEN_STADIUM_12,ZONE_GATE_A1,2026-08-15 17:20,9016
EVT_OLY_2028_001,VEN_STADIUM_12,ZONE_GATE_A1,2026-08-15 17:25,9017
EVT_OLY_2028_001,VEN_STADIUM_12,ZONE_GATE_A1,2026-08-15 17:30,9018
EVT_OLY_2028_001,VEN_STADIUM_12,ZONE_GATE_A1,2026-08-15 17:35,9019
EVT_OLY_2028_001,VEN_STADIUM_12,ZONE_GATE_A1,2026-08-15 17:40,9020
EVT_OLY_2028_001,VEN_STADIUM_12,ZONE_GATE_A1,2026-08-15 17:45,9021
EVT_OLY_2028_001,VEN_STADIUM_12,ZONE_GATE_A1,2026-08-15 17:50,9022
EVT_OLY_2028_001,VEN_STADIUM_12,ZONE_GATE_A1,2026-08-15 17:55,9023
EVT_OLY_2028_001,VEN_STADIUM_12,ZONE_GATE_A1,2026-08-15 18:00,9024
EVT_OLY_2028_001,VEN_STADIUM_12,ZONE_GATE_A1,2026-08-15 18:05,9025
EVT_OLY_2028_001,VEN_STADIUM_12,ZONE_GATE_A1,2026-08-15 18:10,9026
EVT_OLY_2028_001,VEN_STADIUM_12,ZONE_GATE_A1,2026-08-15 18:15,9027
EVT_OLY_2028_001,VEN_STADIUM_12,ZONE_GATE_A1,2026-08-15 18:20,9028
EVT_OLY_2028_001,VEN_STADIUM_12,ZONE_GATE_A1,2026-08-15 18:25,9029
EVT_OLY_2028_001,VEN_STADIUM_12,ZONE_GATE_A1,2026-08-15 18:30,9030
EVT_OLY_2028_001,VEN_STADIUM_12,ZONE_GATE_A1,2026-08-15 18:35,9031
EVT_OLY_2028_001,VEN_STADIUM_12,ZONE_GATE_A1,2026-08-15 18:40,9032
EVT_OLY_2028_001,VEN_STADIUM_12,ZONE_GATE_A1,2026-08-15 18:45,9033
EVT_OLY_2028_001,VEN_STADIUM_12,ZONE_GATE_A1,2026-08-15 18:50,9034
EVT_OLY_2028_001,VEN_STADIUM_12,ZONE_GATE_A1,2026-08-15 18:55,9035
EVT_OLY_2028_001,VEN_STADIUM_12,ZONE_GATE_A1,2026-08-15 19:00,9036
EVT_OLY_2028_001,VEN_STADIUM_12,ZONE_GATE_A1,2026-08-15 19:05,9037
EVT_OLY_2028_001,VEN_STADIUM_12,ZONE_GATE_A1,2026-08-15 19:10,9038
EVT_OLY_2028_001,VEN_STADIUM_12,ZONE_GATE_A1,2026-08-15 19:15,9039
EVT_OLY_2028_001,VEN_STADIUM_12,ZONE_GATE_A1,2026-08-15 19:20,9040
EVT_OLY_2028_001,VEN_STADIUM_12,ZONE_GATE_A1,2026-08-15 19:25,9041
EVT_OLY_2028_001,VEN_STADIUM_12,ZONE_GATE_A1,2026-08-15 19:30,9042
EVT_OLY_2028_001,VEN_STADIUM_12,ZONE_GATE_A1,2026-08-15 19:35,9043
EVT_OLY_2028_001,VEN_STADIUM_12,ZONE_GATE_A1,2026-08-15 19:40,9044
EVT_OLY_2028_001,VEN_STADIUM_12,ZONE_GATE_A1,2026-08-15 19:45,9045
EVT_OLY_2028_001,VEN_STADIUM_12,ZONE_GATE_A1,2026-08-15 19:50,9046
EVT_OLY_2028_001,VEN_STADIUM_12,ZONE_GATE_A1,2026-08-15 19:55,9047
EVT_OLY_2028_001,VEN_STADIUM_12,ZONE_GATE_A1,2026-08-15 20:00,9048
EVT_OLY_2028_001,VEN_STADIUM_12,ZONE_GATE_A1,2026-08-15 20:05,9049
EVT_OLY_2028_001,VEN_STADIUM_12,ZONE_GATE_A1,2026-08-15 20:10,9050
EVT_OLY_2028_001,VEN_STADIUM_12,ZONE_GATE_A1,2026-08-15 20:15,9051
EVT_OLY_2028_001,VEN_STADIUM_12,ZONE_GATE_A1,2026-08-15 20:20,9052
EVT_OLY_2028_001,VEN_STADIUM_12,ZONE_GATE_A1,2026-08-15 20:25,9053
EVT_OLY_2028_001,VEN_STADIUM_12,ZONE_GATE_A1,2026-08-15 20:30,9054
EVT_OLY_2028_001,VEN_STADIUM_12,ZONE_GATE_A1,2026-08-15 20:35,9055
EVT_OLY_2028_001,VEN_STADIUM_12,ZONE_GATE_A1,2026-08-15 20:40,9056
EVT_OLY_2028_001,VEN_STADIUM_12,ZONE_GATE_A1,2026-08-15 20:45,9057
EVT_OLY_2028_001,VEN_STADIUM_12,ZONE_GATE_A1,2026-08-15 20:50,9058
EVT_OLY_2028_001,VEN_STADIUM_12,ZONE_GATE_A1,2026-08-15 20:55,9059
EVT_OLY_2028_001,VEN_STADIUM_12,ZONE_GATE_A1,2026-08-15 21:00,9060
EVT_OLY_2028_001,VEN_STADIUM_12,ZONE_GATE_A1,2026-08-15 21:05,9061
EVT_OLY_2028_001,VEN_STADIUM_12,ZONE_GATE_A1,2026-08-15 21:10,9062
EVT_OLY_2028_001,VEN_STADIUM_12,ZONE_GATE_A1,2026-08-15 21:15,9063
EVT_OLY_2028_001,VEN_STADIUM_12,ZONE_GATE_A1,2026-08-15 21:20,9064
EVT_OLY_2028_001,VEN_STADIUM_12,ZONE_GATE_A1,2026-08-15 21:25,9065
EVT_OLY_2028_001,VEN_STADIUM_12,ZONE_GATE_A1,2026-08-15 21:30,9066
EVT_OLY_2028_001,VEN_STADIUM_12,ZONE_GATE_A1,2026-08-15 21:35,9067
EVT_OLY_2028_001,VEN_STADIUM_12,ZONE_GATE_A1,2026-08-15 21:40,9068
EVT_OLY_2028_001,VEN_STADIUM_12,ZONE_GATE_A1,2026-08-15 21:45,9069
EVT_OLY_2028_001,VEN_STADIUM_12,ZONE_GATE_A1,2026-08-15 21:50,9070
EVT_OLY_2028_001,VEN_STADIUM_12,ZONE_GATE_A1,2026-08-15 21:55,9071
EVT_OLY_2028_001,VEN_STADIUM_12,ZONE_GATE_A1,2026-08-15 22:00,9072
EVT_OLY_2028_001,VEN_STADIUM_12,ZONE_GATE_A1,2026-08-15 22:05,9073
EVT_OLY_2028_001,VEN_STADIUM_12,ZONE_GATE_A1,2026-08-15 22:10,9074
EVT_OLY_2028_001,VEN_STADIUM_12,ZONE_GATE_A1,2026-08-15 22:15,9075
EVT_OLY_2028_001,VEN_STADIUM_12,ZONE_GATE_A1,2026-08-15 22:20,9076
EVT_OLY_2028_001,VEN_STADIUM_12,ZONE_GATE_A1,2026-08-15 22:25,9077
EVT_OLY_2028_001,VEN_STADIUM_12,ZONE_GATE_A1,2026-08-15 22:30,9078
EVT_OLY_2028_001,VEN_STADIUM_12,ZONE_GATE_A1,2026-08-15 22:35,9079
EVT_OLY_2028_001,VEN_STADIUM_12,ZONE_GATE_A1,2026-08-15 22:40,9080
EVT_OLY_2028_001,VEN_STADIUM_12,ZONE_GATE_A1,2026-08-15 22:45,9081
EVT_OLY_2028_001,VEN_STADIUM_12,ZONE_GATE_A1,2026-08-15 22:50,9082
EVT_OLY_2028_001,VEN_STADIUM_12,ZONE_GATE_A1,2026-08-15 22:55,9083
EVT_OLY_2028_001,VEN_STADIUM_12,ZONE_GATE_A1,2026-08-15 23:00,9084
EVT_OLY_2028_001,VEN_STADIUM_12,ZONE_GATE_A1,2026-08-15 23:05,9085
EVT_OLY_2028_001,VEN_STADIUM_12,ZONE_GATE_A1,2026-08-15 23:10,9086
EVT_OLY_2028_001,VEN_STADIUM_12,ZONE_GATE_A1,2026-08-15 23:15,9087
EVT_OLY_2028_001,VEN_STADIUM_12,ZONE_GATE_A1,2026-08-15 23:20,9088
EVT_OLY_2028_001,VEN_STADIUM_12,ZONE_GATE_A1,2026-08-15 23:25,9089
EVT_OLY_2028_001,VEN_STADIUM_12,ZONE_GATE_A1,2026-08-15 23:30,9090
EVT_OLY_2028_001,VEN_STADIUM_12,ZONE_GATE_A1,2026-08-15 23:35,9091
EVT_OLY_2028_001,VEN_STADIUM_12,ZONE_GATE_A1,2026-08-15 23:40,9092
EVT_OLY_2028_001,VEN_STADIUM_12,ZONE_GATE_A1,2026-08-15 23:45,9093
EVT_OLY_2028_001,VEN_STADIUM_12,ZONE_GATE_A1,2026-08-15 23:50,9094
EVT_OLY_2028_001,VEN_STADIUM_12,ZONE_GATE_A1,2026-08-15 23:55,9095
EVT_OLY_2028_001,VEN_STADIUM_12,ZONE_GATE_A1,2026-08-16 00:00,9096
EVT_OLY_2028_001,VEN_STADIUM_12,ZONE_GATE_A1,2026-08-16 00:05,9097
EVT_OLY_2028_001,VEN_STADIUM_12,ZONE_GATE_A1,2026-08-16 00:10,9098
EVT_OLY_2028_001,VEN_STADIUM_12,ZONE_GATE_A1,2026-08-16 00:15,9099
EVT_OLY_2028_001,VEN_STADIUM_12,ZONE_GATE_A1,2026-08-16 00:20,9100
EVT_OLY_2028_001,VEN_STADIUM_12,ZONE_GATE_A1,2026-08-16 00:25,9101
EVT_OLY_2028_001,VEN_STADIUM_12,ZONE_GATE_A1,2026-08-16 00:30,9102
EVT_OLY_2028_001,VEN_STADIUM_12,ZONE_GATE_A1,2026-08-16 00:35,9103
EVT_OLY_2028_001,VEN_STADIUM_12,ZONE_GATE_A1,2026-08-16 00:40,9104
EVT_OLY_2028_001,VEN_STADIUM_12,ZONE_GATE_A1,2026-08-16 00:45,9105
EVT_OLY_2028_001,VEN_STADIUM_12,ZONE_GATE_A1,2026-08-16 00:50,9106
EVT_OLY_2028_001,VEN_STADIUM_12,ZONE_GATE_A1,2026-08-16 00:55,9107
EVT_OLY_2028_001,VEN_STADIUM_12,ZONE_GATE_A1,2026-08-16 01:00,9108
EVT_OLY_2028_001,VEN_STADIUM_12,ZONE_GATE_A1,2026-08-16 01:05,9109
EVT_OLY_2028_001,VEN_STADIUM_12,ZONE_GATE_A1,2026-08-16 01:10,9110
EVT_OLY_2028_001,VEN_STADIUM_12,ZONE_GATE_A1,2026-08-16 01:15,9111
EVT_OLY_2028_001,VEN_STADIUM_12,ZONE_GATE_A1,2026-08-16 01:20,9112
EVT_OLY_2028_001,VEN_STADIUM_12,ZONE_GATE_A1,2026-08-16 01:25,9113
EVT_OLY_2028_001,VEN_STADIUM_12,ZONE_GATE_A1,2026-08-16 01:30,9114
EVT_OLY_2028_001,VEN_STADIUM_12,ZONE_GATE_A1,2026-08-16 01:35,9115
EVT_OLY_2028_001,VEN_STADIUM_12,ZONE_GATE_A1,2026-08-16 01:40,9116
EVT_OLY_2028_001,VEN_STADIUM_12,ZONE_GATE_A1,2026-08-16 01:45,9117
EVT_OLY_2028_001,VEN_STADIUM_12,ZONE_GATE_A1,2026-08-16 01:50,9118
EVT_OLY_2028_001,VEN_STADIUM_12,ZONE_GATE_A1,2026-08-16 01:55,9119
EVT_OLY_2028_001,VEN_STADIUM_12,ZONE_GATE_A1,2026-08-16 02:00,9120
EVT_OLY_2028_001,VEN_STADIUM_12,ZONE_GATE_A1,2026-08-16 02:05,9121
EVT_OLY_2028_001,VEN_STADIUM_12,ZONE_GATE_A1,2026-08-16 02:10,9122
EVT_OLY_2028_001,VEN_STADIUM_12,ZONE_GATE_A1,2026-08-16 02:15,9123
EVT_OLY_2028_001,VEN_STADIUM_12,ZONE_GATE_A1,2026-08-16 02:20,9124
EVT_OLY_2028_001,VEN_STADIUM_12,ZONE_GATE_A1,2026-08-16 02:25,9125
EVT_OLY_2028_001,VEN_STADIUM_12,ZONE_GATE_A1,2026-08-16 02:30,9126
EVT_OLY_2028_001,VEN_STADIUM_12,ZONE_GATE_A1,2026-08-16 02:35,9127
EVT_OLY_2028_001,VEN_STADIUM_12,ZONE_GATE_A1,2026-08-16 02:40,9128
EVT_OLY_2028_001,VEN_STADIUM_12,ZONE_GATE_A1,2026-08-16 02:45,9129
EVT_OLY_2028_001,VEN_STADIUM_12,ZONE_GATE_A1,2026-08-16 02:50,9130
EVT_OLY_2028_001,VEN_STADIUM_12,ZONE_GATE_A1,2026-08-16 02:55,9131
EVT_OLY_2028_001,VEN_STADIUM_12,ZONE_GATE_A1,2026-08-16 03:00,9132
EVT_OLY_2028_001,VEN_STADIUM_12,ZONE_GATE_A1,2026-08-16 03:05,9133
EVT_OLY_2028_001,VEN_STADIUM_12,ZONE_GATE_A1,2026-08-16 03:10,9134
EVT_OLY_2028_001,VEN_STADIUM_12,ZONE_GATE_A1,2026-08-16 03:15,9135
EVT_OLY_2028_001,VEN_STADIUM_12,ZONE_GATE_A1,2026-08-16 03:20,9136
EVT_OLY_2028_001,VEN_STADIUM_12,ZONE_GATE_A1,2026-08-16 03:25,9137
EVT_OLY_2028_001,VEN_STADIUM_12,ZONE_GATE_A1,2026-08-16 03:30,9138
EVT_OLY_2028_001,VEN_STADIUM_12,ZONE_GATE_A1,2026-08-16 03:35,9139
EVT_OLY_2028_001,VEN_STADIUM_12,ZONE_GATE_A1,2026-08-16 03:40,9140
EVT_OLY_2028_001,VEN_STADIUM_12,ZONE_GATE_A1,2026-08-16 03:45,9141
EVT_OLY_2028_001,VEN_STADIUM_12,ZONE_GATE_A1,2026-08-16 03:50,9142
EVT_OLY_2028_001,VEN_STADIUM_12,ZONE_GATE_A1,2026-08-16 03:55,9143
EVT_OLY_2028_001,VEN_STADIUM_12,ZONE_GATE_A1,2026-08-16 04:00,9144
EVT_OLY_2028_001,VEN_STADIUM_12,ZONE_GATE_A1,2026-08-16 04:05,9145
EVT_OLY_2028_001,VEN_STADIUM_12,ZONE_GATE_A1,2026-08-16 04:10,9146
EVT_OLY_2028_001,VEN_STADIUM_12,ZONE_GATE_A1,2026-08-16 04:15,9147
EVT_OLY_2028_001,VEN_STADIUM_12,ZONE_GATE_A1,2026-08-16 04:20,9148
EVT_OLY_2028_001,VEN_STADIUM_12,ZONE_GATE_A1,2026-08-16 04:25,9149
EVT_OLY_2028_001,VEN_STADIUM_12,ZONE_GATE_A1,2026-08-16 04:30,9150
EVT_OLY_2028_001,VEN_STADIUM_12,ZONE_GATE_A1,2026-08-16 04:35,9151
EVT_OLY_2028_001,VEN_STADIUM_12,ZONE_GATE_A1,2026-08-16 04:40,9152
EVT_OLY_2028_001,VEN_STADIUM_12,ZONE_GATE_A1,2026-08-16 04:45,9153
EVT_OLY_2028_001,VEN_STADIUM_12,ZONE_GATE_A1,2026-08-16 04:50,9154
EVT_OLY_2028_001,VEN_STADIUM_12,ZONE_GATE_A1,2026-08-16 04:55,9155
EVT_OLY_2028_001,VEN_STADIUM_12,ZONE_GATE_A1,2026-08-16 05:00,9156
EVT_OLY_2028_001,VEN_STADIUM_12,ZONE_GATE_A1,2026-08-16 05:05,9157
EVT_OLY_2028_001,VEN_STADIUM_12,ZONE_GATE_A1,2026-08-16 05:10,9158
EVT_OLY_2028_001,VEN_STADIUM_12,ZONE_GATE_A1,2026-08-16 05:15,9159
EVT_OLY_2028_001,VEN_STADIUM_12,ZONE_GATE_A1,2026-08-16 05:20,9160
EVT_OLY_2028_001,VEN_STADIUM_12,ZONE_GATE_A1,2026-08-16 05:25,9161
EVT_OLY_2028_001,VEN_STADIUM_12,ZONE_GATE_A1,2026-08-16 05:30,9162
EVT_OLY_2028_001,VEN_STADIUM_12,ZONE_GATE_A1,2026-08-16 05:35,9163
EVT_OLY_2028_001,VEN_STADIUM_12,ZONE_GATE_A1,2026-08-16 05:40,9164
EVT_OLY_2028_001,VEN_STADIUM_12,ZONE_GATE_A1,2026-08-16 05:45,9165
EVT_OLY_2028_001,VEN_STADIUM_12,ZONE_GATE_A1,2026-08-16 05:50,9166
EVT_OLY_2028_001,VEN_STADIUM_12,ZONE_GATE_A1,2026-08-16 05:55,9167
EVT_OLY_2028_001,VEN_STADIUM_12,ZONE_GATE_A1,2026-08-16 06:00,9168
EVT_OLY_2028_001,VEN_STADIUM_12,ZONE_GATE_A1,2026-08-16 06:05,9169
EVT_OLY_2028_001,VEN_STADIUM_12,ZONE_GATE_A1,2026-08-16 06:10,9170
EVT_OLY_2028_001,VEN_STADIUM_12,ZONE_GATE_A1,2026-08-16 06:15,9171
EVT_OLY_2028_001,VEN_STADIUM_12,ZONE_GATE_A1,2026-08-16 06:20,9172
EVT_OLY_2028_001,VEN_STADIUM_12,ZONE_GATE_A1,2026-08-16 06:25,9173
EVT_OLY_2028_001,VEN_STADIUM_12,ZONE_GATE_A1,2026-08-16 06:30,9174
EVT_OLY_2028_001,VEN_STADIUM_12,ZONE_GATE_A1,2026-08-16 06:35,9175
EVT_OLY_2028_001,VEN_STADIUM_12,ZONE_GATE_A1,2026-08-16 06:40,9176
EVT_OLY_2028_001,VEN_STADIUM_12,ZONE_GATE_A1,2026-08-16 06:45,9177
EVT_OLY_2028_001,VEN_STADIUM_12,ZONE_GATE_A1,2026-08-16 06:50,9178
EVT_OLY_2028_001,VEN_STADIUM_12,ZONE_GATE_A1,2026-08-16 06:55,9179
EVT_OLY_2028_001,VEN_STADIUM_12,ZONE_GATE_A1,2026-08-16 07:00,9180
EVT_OLY_2028_001,VEN_STADIUM_12,ZONE_GATE_A1,2026-08-16 07:05,9181
EVT_OLY_2028_001,VEN_STADIUM_12,ZONE_GATE_A1,2026-08-16 07:10,9182
EVT_OLY_2028_001,VEN_STADIUM_12,ZONE_GATE_A1,2026-08-16 07:15,9183
EVT_OLY_2028_001,VEN_STADIUM_12,ZONE_GATE_A1,2026-08-16 07:20,9184
EVT_OLY_2028_001,VEN_STADIUM_12,ZONE_GATE_A1,2026-08-16 07:25,9185
EVT_OLY_2028_001,VEN_STADIUM_12,ZONE_GATE_A1,2026-08-16 07:30,9186
EVT_OLY_2028_001,VEN_STADIUM_12,ZONE_GATE_A1,2026-08-16 07:35,9187
EVT_OLY_2028_001,VEN_STADIUM_12,ZONE_GATE_A1,2026-08-16 07:40,9188
EVT_OLY_2028_001,VEN_STADIUM_12,ZONE_GATE_A1,2026-08-16 07:45,9189
EVT_OLY_2028_001,VEN_STADIUM_12,ZONE_GATE_A1,2026-08-16 07:50,9190
EVT_OLY_2028_001,VEN_STADIUM_12,ZONE_GATE_A1,2026-08-16 07:55,9191
EVT_OLY_2028_001,VEN_STADIUM_12,ZONE_GATE_A1,2026-08-16 08:00,9192
EVT_OLY_2028_001,VEN_STADIUM_12,ZONE_GATE_A1,2026-08-16 08:05,9193
EVT_OLY_2028_001,VEN_STADIUM_12,ZONE_GATE_A1,2026-08-16 08:10,9194
EVT_OLY_2028_001,VEN_STADIUM_12,ZONE_GATE_A1,2026-08-16 08:15,9195
EVT_OLY_2028_001,VEN_STADIUM_12,ZONE_GATE_A1,2026-08-16 08:20,9196
EVT_OLY_2028_001,VEN_STADIUM_12,ZONE_GATE_A1,2026-08-16 08:25,9197
EVT_OLY_2028_001,VEN_STADIUM_12,ZONE_GATE_A1,2026-08-16 08:30,9198
EVT_OLY_2028_001,VEN_STADIUM_12,ZONE_GATE_A1,2026-08-16 08:35,9199
EVT_OLY_2028_001,VEN_STADIUM_12,ZONE_GATE_A1,2026-08-16 08:40,9200
EVT_OLY_2028_001,VEN_STADIUM_12,ZONE_GATE_A1,2026-08-16 08:45,9201
EVT_OLY_2028_001,VEN_STADIUM_12,ZONE_GATE_A1,2026-08-16 08:50,9202
EVT_OLY_2028_001,VEN_STADIUM_12,ZONE_GATE_A1,2026-08-16 08:55,9203
EVT_OLY_2028_001,VEN_STADIUM_12,ZONE_GATE_A1,2026-08-16 09:00,9204
EVT_OLY_2028_001,VEN_STADIUM_12,ZONE_GATE_A1,2026-08-16 09:05,9205
EVT_OLY_2028_001,VEN_STADIUM_12,ZONE_GATE_A1,2026-08-16 09:10,9206
EVT_OLY_2028_001,VEN_STADIUM_12,ZONE_GATE_A1,2026-08-16 09:15,9207
EVT_OLY_2028_001,VEN_STADIUM_12,ZONE_GATE_A1,2026-08-16 09:20,9208
EVT_OLY_2028_001,VEN_STADIUM_12,ZONE_GATE_A1,2026-08-16 09:25,9209
EVT_OLY_2028_001,VEN_STADIUM_12,ZONE_GATE_A1,2026-08-16 09:30,9210
EVT_OLY_2028_001,VEN_STADIUM_12,ZONE_GATE_A1,2026-08-16 09:35,9211
EVT_OLY_2028_001,VEN_STADIUM_12,ZONE_GATE_A1,2026-08-16 09:40,9212
EVT_OLY_2028_001,VEN_STADIUM_12,ZONE_GATE_A1,2026-08-16 09:45,9213
EVT_OLY_2028_001,VEN_STADIUM_12,ZONE_GATE_A1,2026-08-16 09:50,9214
EVT_OLY_2028_001,VEN_STADIUM_12,ZONE_GATE_A1,2026-08-16 09:55,9215
EVT_OLY_2028_001,VEN_STADIUM_12,ZONE_GATE_A1,2026-08-16 10:00,9216
EVT_OLY_2028_001,VEN_STADIUM_12,ZONE_GATE_A1,2026-08-16 10:05,9217
EVT_OLY_2028_001,VEN_STADIUM_12,ZONE_GATE_A1,2026-08-16 10:10,9218
EVT_OLY_2028_001,VEN_STADIUM_12,ZONE_GATE_A1,2026-08-16 10:15,9219
EVT_OLY_2028_001,VEN_STADIUM_12,ZONE_GATE_A1,2026-08-16 10:20,9220
EVT_OLY_2028_001,VEN_STADIUM_12,ZONE_GATE_A1,2026-08-16 10:25,9221
EVT_OLY_2028_001,VEN_STADIUM_12,ZONE_GATE_A1,2026-08-16 10:30,9222
EVT_OLY_2028_001,VEN_STADIUM_12,ZONE_GATE_A1,2026-08-16 10:35,9223
EVT_OLY_2028_001,VEN_STADIUM_12,ZONE_GATE_A1,2026-08-16 10:40,9224
EVT_OLY_2028_001,VEN_STADIUM_12,ZONE_GATE_A1,2026-08-16 10:45,9225
EVT_OLY_2028_001,VEN_STADIUM_12,ZONE_GATE_A1,2026-08-16 10:50,9226
EVT_OLY_2028_001,VEN_STADIUM_12,ZONE_GATE_A1,2026-08-16 10:55,9227
EVT_OLY_2028_001,VEN_STADIUM_12,ZONE_GATE_A1,2026-08-16 11:00,9228
EVT_OLY_2028_001,VEN_STADIUM_12,ZONE_GATE_A1,2026-08-16 11:05,9229
EVT_OLY_2028_001,VEN_STADIUM_12,ZONE_GATE_A1,2026-08-16 11:10,9230
EVT_OLY_2028_001,VEN_STADIUM_12,ZONE_GATE_A1,2026-08-16 11:15,9231
EVT_OLY_2028_001,VEN_STADIUM_12,ZONE_GATE_A1,2026-08-16 11:20,9232
EVT_OLY_2028_001,VEN_STADIUM_12,ZONE_GATE_A1,2026-08-16 11:25,9233
EVT_OLY_2028_001,VEN_STADIUM_12,ZONE_GATE_A1,2026-08-16 11:30,9234
EVT_OLY_2028_001,VEN_STADIUM_12,ZONE_GATE_A1,2026-08-16 11:35,9235
EVT_OLY_2028_001,VEN_STADIUM_12,ZONE_GATE_A1,2026-08-16 11:40,9236
EVT_OLY_2028_001,VEN_STADIUM_12,ZONE_GATE_A1,2026-08-16 11:45,9237
EVT_OLY_2028_001,VEN_STADIUM_12,ZONE_GATE_A1,2026-08-16 11:50,9238
EVT_OLY_2028_001,VEN_STADIUM_12,ZONE_GATE_A1,2026-08-16 11:55,9239
EVT_OLY_2028_001,VEN_STADIUM_12,ZONE_GATE_A1,2026-08-16 12:00,9240
EVT_OLY_2028_001,VEN_STADIUM_12,ZONE_GATE_A1,2026-08-16 12:05,9241
EVT_OLY_2028_001,VEN_STADIUM_12,ZONE_GATE_A1,2026-08-16 12:10,9242
EVT_OLY_2028_001,VEN_STADIUM_12,ZONE_GATE_A1,2026-08-16 12:15,9243
EVT_OLY_2028_001,VEN_STADIUM_12,ZONE_GATE_A1,2026-08-16 12:20,9244
EVT_OLY_2028_001,VEN_STADIUM_12,ZONE_GATE_A1,2026-08-16 12:25,9245
EVT_OLY_2028_001,VEN_STADIUM_12,ZONE_GATE_A1,2026-08-16 12:30,9246
EVT_OLY_2028_001,VEN_STADIUM_12,ZONE_GATE_A1,2026-08-16 12:35,9247
EVT_OLY_2028_001,VEN_STADIUM_12,ZONE_GATE_A1,2026-08-16 12:40,9248
EVT_OLY_2028_001,VEN_STADIUM_12,ZONE_GATE_A1,2026-08-16 12:45,9249
EVT_OLY_2028_001,VEN_STADIUM_12,ZONE_GATE_A1,2026-08-16 12:50,9250
EVT_OLY_2028_001,VEN_STADIUM_12,ZONE_GATE_A1,2026-08-16 12:55,9251
EVT_OLY_2028_001,VEN_STADIUM_12,ZONE_GATE_A1,2026-08-16 13:00,9252
EVT_OLY_2028_001,VEN_STADIUM_12,ZONE_GATE_A1,2026-08-16 13:05,9253
EVT_OLY_2028_001,VEN_STADIUM_12,ZONE_GATE_A1,2026-08-16 13:10,9254
EVT_OLY_2028_001,VEN_STADIUM_12,ZONE_GATE_A1,2026-08-16 13:15,9255
EVT_OLY_2028_001,VEN_STADIUM_12,ZONE_GATE_A1,2026-08-16 13:20,9256
EVT_OLY_2028_001,VEN_STADIUM_12,ZONE_GATE_A1,2026-08-16 13:25,9257
EVT_OLY_2028_001,VEN_STADIUM_12,ZONE_GATE_A1,2026-08-16 13:30,9258
EVT_OLY_2028_001,VEN_STADIUM_12,ZONE_GATE_A1,2026-08-16 13:35,9259
EVT_OLY_2028_001,VEN_STADIUM_12,ZONE_GATE_A1,2026-08-16 13:40,9260
EVT_OLY_2028_001,VEN_STADIUM_12,ZONE_GATE_A1,2026-08-16 13:45,9261
EVT_OLY_2028_001,VEN_STADIUM_12,ZONE_GATE_A1,2026-08-16 13:50,9262
EVT_OLY_2028_001,VEN_STADIUM_12,ZONE_GATE_A1,2026-08-16 13:55,9263
EVT_OLY_2028_001,VEN_STADIUM_12,ZONE_GATE_A1,2026-08-16 14:00,9264
EVT_OLY_2028_001,VEN_STADIUM_12,ZONE_GATE_A1,2026-08-16 14:05,9265
EVT_OLY_2028_001,VEN_STADIUM_12,ZONE_GATE_A1,2026-08-16 14:10,9266
EVT_OLY_2028_001,VEN_STADIUM_12,ZONE_GATE_A1,2026-08-16 14:15,9267
EVT_OLY_2028_001,VEN_STADIUM_12,ZONE_GATE_A1,2026-08-16 14:20,9268
EVT_OLY_2028_001,VEN_STADIUM_12,ZONE_GATE_A1,2026-08-16 14:25,9269
EVT_OLY_2028_001,VEN_STADIUM_12,ZONE_GATE_A1,2026-08-16 14:30,9270
EVT_OLY_2028_001,VEN_STADIUM_12,ZONE_GATE_A1,2026-08-16 14:35,9271
EVT_OLY_2028_001,VEN_STADIUM_12,ZONE_GATE_A1,2026-08-16 14:40,9272
EVT_OLY_2028_001,VEN_STADIUM_12,ZONE_GATE_A1,2026-08-16 14:45,9273
EVT_OLY_2028_001,VEN_STADIUM_12,ZONE_GATE_A1,2026-08-16 14:50,9274
EVT_OLY_2028_001,VEN_STADIUM_12,ZONE_GATE_A1,2026-08-16 14:55,9275
EVT_OLY_2028_001,VEN_STADIUM_12,ZONE_GATE_A1,2026-08-16 15:00,9276
EVT_OLY_2028_001,VEN_STADIUM_12,ZONE_GATE_A1,2026-08-16 15:05,9277
EVT_OLY_2028_001,VEN_STADIUM_12,ZONE_GATE_A1,2026-08-16 15:10,9278
EVT_OLY_2028_001,VEN_STADIUM_12,ZONE_GATE_A1,2026-08-16 15:15,9279
EVT_OLY_2028_001,VEN_STADIUM_12,ZONE_GATE_A1,2026-08-16 15:20,9280
EVT_OLY_2028_001,VEN_STADIUM_12,ZONE_GATE_A1,2026-08-16 15:25,9281
EVT_OLY_2028_001,VEN_STADIUM_12,ZONE_GATE_A1,2026-08-16 15:30,9282
EVT_OLY_2028_001,VEN_STADIUM_12,ZONE_GATE_A1,2026-08-16 15:35,9283
EVT_OLY_2028_001,VEN_STADIUM_12,ZONE_GATE_A1,2026-08-16 15:40,9284
EVT_OLY_2028_001,VEN_STADIUM_12,ZONE_GATE_A1,2026-08-16 15:45,9285
EVT_OLY_2028_001,VEN_STADIUM_12,ZONE_GATE_A1,2026-08-16 15:50,9286
EVT_OLY_2028_001,VEN_STADIUM_12,ZONE_GATE_A1,2026-08-16 15:55,9287
EVT_OLY_2028_001,VEN_STADIUM_12,ZONE_GATE_A1,2026-08-16 16:00,9288
EVT_OLY_2028_001,VEN_STADIUM_12,ZONE_GATE_A1,2026-08-16 16:05,9289
EVT_OLY_2028_001,VEN_STADIUM_12,ZONE_GATE_A1,2026-08-16 16:10,9290
EVT_OLY_2028_001,VEN_STADIUM_12,ZONE_GATE_A1,2026-08-16 16:15,9291
EVT_OLY_2028_001,VEN_STADIUM_12,ZONE_GATE_A1,2026-08-16 16:20,9292
EVT_OLY_2028_001,VEN_STADIUM_12,ZONE_GATE_A1,2026-08-16 16:25,9293
EVT_OLY_2028_001,VEN_STADIUM_12,ZONE_GATE_A1,2026-08-16 16:30,9294
EVT_OLY_2028_001,VEN_STADIUM_12,ZONE_GATE_A1,2026-08-16 16:35,9295
EVT_OLY_2028_001,VEN_STADIUM_12,ZONE_GATE_A1,2026-08-16 16:40,9296
EVT_OLY_2028_001,VEN_STADIUM_12,ZONE_GATE_A1,2026-08-16 16:45,9297
EVT_OLY_2028_001,VEN_STADIUM_12,ZONE_GATE_A1,2026-08-16 16:50,9298
EVT_OLY_2028_001,VEN_STADIUM_12,ZONE_GATE_A1,2026-08-16 16:55,9299
EVT_OLY_2028_001,VEN_STADIUM_12,ZONE_GATE_A1,2026-08-16 17:00,9300
EVT_OLY_2028_001,VEN_STADIUM_12,ZONE_GATE_A1,2026-08-16 17:05,9301
EVT_OLY_2028_001,VEN_STADIUM_12,ZONE_GATE_A1,2026-08-16 17:10,9302
EVT_OLY_2028_001,VEN_STADIUM_12,ZONE_GATE_A1,2026-08-16 17:15,9303
EVT_OLY_2028_001,VEN_STADIUM_12,ZONE_GATE_A1,2026-08-16 17:20,9304
EVT_OLY_2028_001,VEN_STADIUM_12,ZONE_GATE_A1,2026-08-16 17:25,9305
EVT_OLY_2028_001,VEN_STADIUM_12,ZONE_GATE_A1,2026-08-16 17:30,9306
EVT_OLY_2028_001,VEN_STADIUM_12,ZONE_GATE_A1,2026-08-16 17:35,9307
EVT_OLY_2028_001,VEN_STADIUM_12,ZONE_GATE_A1,2026-08-16 17:40,9308
EVT_OLY_2028_001,VEN_STADIUM_12,ZONE_GATE_A1,2026-08-16 17:45,9309
EVT_OLY_2028_001,VEN_STADIUM_12,ZONE_GATE_A1,2026-08-16 17:50,9310
EVT_OLY_2028_001,VEN_STADIUM_12,ZONE_GATE_A1,2026-08-16 17:55,9311
EVT_OLY_2028_001,VEN_STADIUM_12,ZONE_GATE_A1,2026-08-16 18:00,9312
EVT_OLY_2028_001,VEN_STADIUM_12,ZONE_GATE_A1,2026-08-16 18:05,9313
EVT_OLY_2028_001,VEN_STADIUM_12,ZONE_GATE_A1,2026-08-16 18:10,9314
EVT_OLY_2028_001,VEN_STADIUM_12,ZONE_GATE_A1,2026-08-16 18:15,9315
EVT_OLY_2028_001,VEN_STADIUM_12,ZONE_GATE_A1,2026-08-16 18:20,9316
EVT_OLY_2028_001,VEN_STADIUM_12,ZONE_GATE_A1,2026-08-16 18:25,9317
EVT_OLY_2028_001,VEN_STADIUM_12,ZONE_GATE_A1,2026-08-16 18:30,9318
EVT_OLY_2028_001,VEN_STADIUM_12,ZONE_GATE_A1,2026-08-16 18:35,9319
EVT_OLY_2028_001,VEN_STADIUM_12,ZONE_GATE_A1,2026-08-16 18:40,9320
EVT_OLY_2028_001,VEN_STADIUM_12,ZONE_GATE_A1,2026-08-16 18:45,9321
EVT_OLY_2028_001,VEN_STADIUM_12,ZONE_GATE_A1,2026-08-16 18:50,9322
EVT_OLY_2028_001,VEN_STADIUM_12,ZONE_GATE_A1,2026-08-16 18:55,9323
EVT_OLY_2028_001,VEN_STADIUM_12,ZONE_GATE_A1,2026-08-16 19:00,9324
EVT_OLY_2028_001,VEN_STADIUM_12,ZONE_GATE_A1,2026-08-16 19:05,9325
EVT_OLY_2028_001,VEN_STADIUM_12,ZONE_GATE_A1,2026-08-16 19:10,9326
EVT_OLY_2028_001,VEN_STADIUM_12,ZONE_GATE_A1,2026-08-16 19:15,9327
EVT_OLY_2028_001,VEN_STADIUM_12,ZONE_GATE_A1,2026-08-16 19:20,9328
EVT_OLY_2028_001,VEN_STADIUM_12,ZONE_GATE_A1,2026-08-16 19:25,9329
EVT_OLY_2028_001,VEN_STADIUM_12,ZONE_GATE_A1,2026-08-16 19:30,9330
EVT_OLY_2028_001,VEN_STADIUM_12,ZONE_GATE_A1,2026-08-16 19:35,9331
EVT_OLY_2028_001,VEN_STADIUM_12,ZONE_GATE_A1,2026-08-16 19:40,9332
EVT_OLY_2028_001,VEN_STADIUM_12,ZONE_GATE_A1,2026-08-16 19:45,9333
EVT_OLY_2028_001,VEN_STADIUM_12,ZONE_GATE_A1,2026-08-16 19:50,9334
EVT_OLY_2028_001,VEN_STADIUM_12,ZONE_GATE_A1,2026-08-16 19:55,9335
EVT_OLY_2028_001,VEN_STADIUM_12,ZONE_GATE_A1,2026-08-16 20:00,9336
EVT_OLY_2028_001,VEN_STADIUM_12,ZONE_GATE_A1,2026-08-16 20:05,9337
EVT_OLY_2028_001,VEN_STADIUM_12,ZONE_GATE_A1,2026-08-16 20:10,9338
EVT_OLY_2028_001,VEN_STADIUM_12,ZONE_GATE_A1,2026-08-16 20:15,9339
EVT_OLY_2028_001,VEN_STADIUM_12,ZONE_GATE_A1,2026-08-16 20:20,9340
EVT_OLY_2028_001,VEN_STADIUM_12,ZONE_GATE_A1,2026-08-16 20:25,9341
EVT_OLY_2028_001,VEN_STADIUM_12,ZONE_GATE_A1,2026-08-16 20:30,9342
EVT_OLY_2028_001,VEN_STADIUM_12,ZONE_GATE_A1,2026-08-16 20:35,9343
EVT_OLY_2028_001,VEN_STADIUM_12,ZONE_GATE_A1,2026-08-16 20:40,9344
EVT_OLY_2028_001,VEN_STADIUM_12,ZONE_GATE_A1,2026-08-16 20:45,9345
EVT_OLY_2028_001,VEN_STADIUM_12,ZONE_GATE_A1,2026-08-16 20:50,9346
EVT_OLY_2028_001,VEN_STADIUM_12,ZONE_GATE_A1,2026-08-16 20:55,9347
EVT_OLY_2028_001,VEN_STADIUM_12,ZONE_GATE_A1,2026-08-16 21:00,9348
EVT_OLY_2028_001,VEN_STADIUM_12,ZONE_GATE_A1,2026-08-16 21:05,9349
EVT_OLY_2028_001,VEN_STADIUM_12,ZONE_GATE_A1,2026-08-16 21:10,9350
EVT_OLY_2028_001,VEN_STADIUM_12,ZONE_GATE_A1,2026-08-16 21:15,9351
EVT_OLY_2028_001,VEN_STADIUM_12,ZONE_GATE_A1,2026-08-16 21:20,9352
EVT_OLY_2028_001,VEN_STADIUM_12,ZONE_GATE_A1,2026-08-16 21:25,9353
EVT_OLY_2028_001,VEN_STADIUM_12,ZONE_GATE_A1,2026-08-16 21:30,9354
EVT_OLY_2028_001,VEN_STADIUM_12,ZONE_GATE_A1,2026-08-16 21:35,9355
EVT_OLY_2028_001,VEN_STADIUM_12,ZONE_GATE_A1,2026-08-16 21:40,9356
EVT_OLY_2028_001,VEN_STADIUM_12,ZONE_GATE_A1,2026-08-16 21:45,9357
EVT_OLY_2028_001,VEN_STADIUM_12,ZONE_GATE_A1,2026-08-16 21:50,9358
EVT_OLY_2028_001,VEN_STADIUM_12,ZONE_GATE_A1,2026-08-16 21:55,9359
EVT_OLY_2028_001,VEN_STADIUM_12,ZONE_GATE_A1,2026-08-16 22:00,9360
EVT_OLY_2028_001,VEN_STADIUM_12,ZONE_GATE_A1,2026-08-16 22:05,9361
EVT_OLY_2028_001,VEN_STADIUM_12,ZONE_GATE_A1,2026-08-16 22:10,9362
EVT_OLY_2028_001,VEN_STADIUM_12,ZONE_GATE_A1,2026-08-16 22:15,9363
EVT_OLY_2028_001,VEN_STADIUM_12,ZONE_GATE_A1,2026-08-16 22:20,9364
EVT_OLY_2028_001,VEN_STADIUM_12,ZONE_GATE_A1,2026-08-16 22:25,9365
EVT_OLY_2028_001,VEN_STADIUM_12,ZONE_GATE_A1,2026-08-16 22:30,9366
EVT_OLY_2028_001,VEN_STADIUM_12,ZONE_GATE_A1,2026-08-16 22:35,9367
EVT_OLY_2028_001,VEN_STADIUM_12,ZONE_GATE_A1,2026-08-16 22:40,9368
EVT_OLY_2028_001,VEN_STADIUM_12,ZONE_GATE_A1,2026-08-16 22:45,9369
EVT_OLY_2028_001,VEN_STADIUM_12,ZONE_GATE_A1,2026-08-16 22:50,9370
EVT_OLY_2028_001,VEN_STADIUM_12,ZONE_GATE_A1,2026-08-16 22:55,9371
EVT_OLY_2028_001,VEN_STADIUM_12,ZONE_GATE_A1,2026-08-16 23:00,9372
EVT_OLY_2028_001,VEN_STADIUM_12,ZONE_GATE_A1,2026-08-16 23:05,9373
EVT_OLY_2028_001,VEN_STADIUM_12,ZONE_GATE_A1,2026-08-16 23:10,9374
EVT_OLY_2028_001,VEN_STADIUM_12,ZONE_GATE_A1,2026-08-16 23:15,9375
EVT_OLY_2028_001,VEN_STADIUM_12,ZONE_GATE_A1,2026-08-16 23:20,9376
EVT_OLY_2028_001,VEN_STADIUM_12,ZONE_GATE_A1,2026-08-16 23:25,9377
EVT_OLY_2028_001,VEN_STADIUM_12,ZONE_GATE_A1,2026-08-16 23:30,9378
EVT_OLY_2028_001,VEN_STADIUM_12,ZONE_GATE_A1,2026-08-16 23:35,9379
EVT_OLY_2028_001,VEN_STADIUM_12,ZONE_GATE_A1,2026-08-16 23:40,9380
EVT_OLY_2028_001,VEN_STADIUM_12,ZONE_GATE_A1,2026-08-16 23:45,9381
EVT_OLY_2028_001,VEN_STADIUM_12,ZONE_GATE_A1,2026-08-16 23:50,9382
EVT_OLY_2028_001,VEN_STADIUM_12,ZONE_GATE_A1,2026-08-16 23:55,9383
EVT_OLY_2028_001,VEN_STADIUM_12,ZONE_GATE_A1,2026-08-17 00:00,9384
EVT_OLY_2028_001,VEN_STADIUM_12,ZONE_GATE_A1,2026-08-17 00:05,9385
EVT_OLY_2028_001,VEN_STADIUM_12,ZONE_GATE_A1,2026-08-17 00:10,9386
EVT_OLY_2028_001,VEN_STADIUM_12,ZONE_GATE_A1,2026-08-17 00:15,9387
EVT_OLY_2028_001,VEN_STADIUM_12,ZONE_GATE_A1,2026-08-17 00:20,9388
EVT_OLY_2028_001,VEN_STADIUM_12,ZONE_GATE_A1,2026-08-17 00:25,9389
EVT_OLY_2028_001,VEN_STADIUM_12,ZONE_GATE_A1,2026-08-17 00:30,9390
EVT_OLY_2028_001,VEN_STADIUM_12,ZONE_GATE_A1,2026-08-17 00:35,9391
EVT_OLY_2028_001,VEN_STADIUM_12,ZONE_GATE_A1,2026-08-17 00:40,9392
EVT_OLY_2028_001,VEN_STADIUM_12,ZONE_GATE_A1,2026-08-17 00:45,9393
EVT_OLY_2028_001,VEN_STADIUM_12,ZONE_GATE_A1,2026-08-17 00:50,9394
EVT_OLY_2028_001,VEN_STADIUM_12,ZONE_GATE_A1,2026-08-17 00:55,9395
EVT_OLY_2028_001,VEN_STADIUM_12,ZONE_GATE_A1,2026-08-17 01:00,9396
EVT_OLY_2028_001,VEN_STADIUM_12,ZONE_GATE_A1,2026-08-17 01:05,9397
EVT_OLY_2028_001,VEN_STADIUM_12,ZONE_GATE_A1,2026-08-17 01:10,9398
EVT_OLY_2028_001,VEN_STADIUM_12,ZONE_GATE_A1,2026-08-17 01:15,9399
EVT_OLY_2028_001,VEN_STADIUM_12,ZONE_GATE_A1,2026-08-17 01:20,9400
EVT_OLY_2028_001,VEN_STADIUM_12,ZONE_GATE_A1,2026-08-17 01:25,9401
EVT_OLY_2028_001,VEN_STADIUM_12,ZONE_GATE_A1,2026-08-17 01:30,9402
EVT_OLY_2028_001,VEN_STADIUM_12,ZONE_GATE_A1,2026-08-17 01:35,9403
EVT_OLY_2028_001,VEN_STADIUM_12,ZONE_GATE_A1,2026-08-17 01:40,9404
EVT_OLY_2028_001,VEN_STADIUM_12,ZONE_GATE_A1,2026-08-17 01:45,9405
EVT_OLY_2028_001,VEN_STADIUM_12,ZONE_GATE_A1,2026-08-17 01:50,9406
EVT_OLY_2028_001,VEN_STADIUM_12,ZONE_GATE_A1,2026-08-17 01:55,9407
EVT_OLY_2028_001,VEN_STADIUM_12,ZONE_GATE_A1,2026-08-17 02:00,9408
EVT_OLY_2028_001,VEN_STADIUM_12,ZONE_GATE_A1,2026-08-17 02:05,9409
EVT_OLY_2028_001,VEN_STADIUM_12,ZONE_GATE_A1,2026-08-17 02:10,9410
EVT_OLY_2028_001,VEN_STADIUM_12,ZONE_GATE_A1,2026-08-17 02:15,9411
EVT_OLY_2028_001,VEN_STADIUM_12,ZONE_GATE_A1,2026-08-17 02:20,9412
EVT_OLY_2028_001,VEN_STADIUM_12,ZONE_GATE_A1,2026-08-17 02:25,9413
EVT_OLY_2028_001,VEN_STADIUM_12,ZONE_GATE_A1,2026-08-17 02:30,9414
EVT_OLY_2028_001,VEN_STADIUM_12,ZONE_GATE_A1,2026-08-17 02:35,9415
EVT_OLY_2028_001,VEN_STADIUM_12,ZONE_GATE_A1,2026-08-17 02:40,9416
EVT_OLY_2028_001,VEN_STADIUM_12,ZONE_GATE_A1,2026-08-17 02:45,9417
EVT_OLY_2028_001,VEN_STADIUM_12,ZONE_GATE_A1,2026-08-17 02:50,9418
EVT_OLY_2028_001,VEN_STADIUM_12,ZONE_GATE_A1,2026-08-17 02:55,9419
EVT_OLY_2028_001,VEN_STADIUM_12,ZONE_GATE_A1,2026-08-17 03:00,9420
EVT_OLY_2028_001,VEN_STADIUM_12,ZONE_GATE_A1,2026-08-17 03:05,9421
EVT_OLY_2028_001,VEN_STADIUM_12,ZONE_GATE_A1,2026-08-17 03:10,9422
EVT_OLY_2028_001,VEN_STADIUM_12,ZONE_GATE_A1,2026-08-17 03:15,9423
EVT_OLY_2028_001,VEN_STADIUM_12,ZONE_GATE_A1,2026-08-17 03:20,9424
EVT_OLY_2028_001,VEN_STADIUM_12,ZONE_GATE_A1,2026-08-17 03:25,9425
EVT_OLY_2028_001,VEN_STADIUM_12,ZONE_GATE_A1,2026-08-17 03:30,9426
EVT_OLY_2028_001,VEN_STADIUM_12,ZONE_GATE_A1,2026-08-17 03:35,9427
EVT_OLY_2028_001,VEN_STADIUM_12,ZONE_GATE_A1,2026-08-17 03:40,9428
EVT_OLY_2028_001,VEN_STADIUM_12,ZONE_GATE_A1,2026-08-17 03:45,9429
EVT_OLY_2028_001,VEN_STADIUM_12,ZONE_GATE_A1,2026-08-17 03:50,9430
EVT_OLY_2028_001,VEN_STADIUM_12,ZONE_GATE_A1,2026-08-17 03:55,9431
EVT_OLY_2028_001,VEN_STADIUM_12,ZONE_GATE_A1,2026-08-17 04:00,9432
EVT_OLY_2028_001,VEN_STADIUM_12,ZONE_GATE_A1,2026-08-17 04:05,9433
EVT_OLY_2028_001,VEN_STADIUM_12,ZONE_GATE_A1,2026-08-17 04:10,9434
EVT_OLY_2028_001,VEN_STADIUM_12,ZONE_GATE_A1,2026-08-17 04:15,9435
EVT_OLY_2028_001,VEN_STADIUM_12,ZONE_GATE_A1,2026-08-17 04:20,9436
EVT_OLY_2028_001,VEN_STADIUM_12,ZONE_GATE_A1,2026-08-17 04:25,9437
EVT_OLY_2028_001,VEN_STADIUM_12,ZONE_GATE_A1,2026-08-17 04:30,9438
EVT_OLY_2028_001,VEN_STADIUM_12,ZONE_GATE_A1,2026-08-17 04:35,9439
EVT_OLY_2028_001,VEN_STADIUM_12,ZONE_GATE_A1,2026-08-17 04:40,9440
EVT_OLY_2028_001,VEN_STADIUM_12,ZONE_GATE_A1,2026-08-17 04:45,9441
EVT_OLY_2028_001,VEN_STADIUM_12,ZONE_GATE_A1,2026-08-17 04:50,9442
EVT_OLY_2028_001,VEN_STADIUM_12,ZONE_GATE_A1,2026-08-17 04:55,9443
EVT_OLY_2028_001,VEN_STADIUM_12,ZONE_GATE_A1,2026-08-17 05:00,9444
EVT_OLY_2028_001,VEN_STADIUM_12,ZONE_GATE_A1,2026-08-17 05:05,9445
EVT_OLY_2028_001,VEN_STADIUM_12,ZONE_GATE_A1,2026-08-17 05:10,9446
EVT_OLY_2028_001,VEN_STADIUM_12,ZONE_GATE_A1,2026-08-17 05:15,9447
EVT_OLY_2028_001,VEN_STADIUM_12,ZONE_GATE_A1,2026-08-17 05:20,9448
EVT_OLY_2028_001,VEN_STADIUM_12,ZONE_GATE_A1,2026-08-17 05:25,9449
EVT_OLY_2028_001,VEN_STADIUM_12,ZONE_GATE_A1,2026-08-17 05:30,9450
EVT_OLY_2028_001,VEN_STADIUM_12,ZONE_GATE_A1,2026-08-17 05:35,9451
EVT_OLY_2028_001,VEN_STADIUM_12,ZONE_GATE_A1,2026-08-17 05:40,9452
EVT_OLY_2028_001,VEN_STADIUM_12,ZONE_GATE_A1,2026-08-17 05:45,9453
EVT_OLY_2028_001,VEN_STADIUM_12,ZONE_GATE_A1,2026-08-17 05:50,9454
EVT_OLY_2028_001,VEN_STADIUM_12,ZONE_GATE_A1,2026-08-17 05:55,9455
EVT_OLY_2028_001,VEN_STADIUM_12,ZONE_GATE_A1,2026-08-17 06:00,9456
EVT_OLY_2028_001,VEN_STADIUM_12,ZONE_GATE_A1,2026-08-17 06:05,9457
EVT_OLY_2028_001,VEN_STADIUM_12,ZONE_GATE_A1,2026-08-17 06:10,9458
EVT_OLY_2028_001,VEN_STADIUM_12,ZONE_GATE_A1,2026-08-17 06:15,9459
EVT_OLY_2028_001,VEN_STADIUM_12,ZONE_GATE_A1,2026-08-17 06:20,9460
EVT_OLY_2028_001,VEN_STADIUM_12,ZONE_GATE_A1,2026-08-17 06:25,9461
EVT_OLY_2028_001,VEN_STADIUM_12,ZONE_GATE_A1,2026-08-17 06:30,9462
EVT_OLY_2028_001,VEN_STADIUM_12,ZONE_GATE_A1,2026-08-17 06:35,9463
EVT_OLY_2028_001,VEN_STADIUM_12,ZONE_GATE_A1,2026-08-17 06:40,9464
EVT_OLY_2028_001,VEN_STADIUM_12,ZONE_GATE_A1,2026-08-17 06:45,9465
EVT_OLY_2028_001,VEN_STADIUM_12,ZONE_GATE_A1,2026-08-17 06:50,9466
EVT_OLY_2028_001,VEN_STADIUM_12,ZONE_GATE_A1,2026-08-17 06:55,9467
EVT_OLY_2028_001,VEN_STADIUM_12,ZONE_GATE_A1,2026-08-17 07:00,9468
EVT_OLY_2028_001,VEN_STADIUM_12,ZONE_GATE_A1,2026-08-17 07:05,9469
EVT_OLY_2028_001,VEN_STADIUM_12,ZONE_GATE_A1,2026-08-17 07:10,9470
EVT_OLY_2028_001,VEN_STADIUM_12,ZONE_GATE_A1,2026-08-17 07:15,9471
EVT_OLY_2028_001,VEN_STADIUM_12,ZONE_GATE_A1,2026-08-17 07:20,9472
EVT_OLY_2028_001,VEN_STADIUM_12,ZONE_GATE_A1,2026-08-17 07:25,9473
EVT_OLY_2028_001,VEN_STADIUM_12,ZONE_GATE_A1,2026-08-17 07:30,9474
EVT_OLY_2028_001,VEN_STADIUM_12,ZONE_GATE_A1,2026-08-17 07:35,9475
EVT_OLY_2028_001,VEN_STADIUM_12,ZONE_GATE_A1,2026-08-17 07:40,9476
EVT_OLY_2028_001,VEN_STADIUM_12,ZONE_GATE_A1,2026-08-17 07:45,9477
EVT_OLY_2028_001,VEN_STADIUM_12,ZONE_GATE_A1,2026-08-17 07:50,9478
EVT_OLY_2028_001,VEN_STADIUM_12,ZONE_GATE_A1,2026-08-17 07:55,9479
EVT_OLY_2028_001,VEN_STADIUM_12,ZONE_GATE_A1,2026-08-17 08:00,9480
EVT_OLY_2028_001,VEN_STADIUM_12,ZONE_GATE_A1,2026-08-17 08:05,9481
EVT_OLY_2028_001,VEN_STADIUM_12,ZONE_GATE_A1,2026-08-17 08:10,9482
EVT_OLY_2028_001,VEN_STADIUM_12,ZONE_GATE_A1,2026-08-17 08:15,9483
EVT_OLY_2028_001,VEN_STADIUM_12,ZONE_GATE_A1,2026-08-17 08:20,9484
EVT_OLY_2028_001,VEN_STADIUM_12,ZONE_GATE_A1,2026-08-17 08:25,9485
EVT_OLY_2028_001,VEN_STADIUM_12,ZONE_GATE_A1,2026-08-17 08:30,9486
EVT_OLY_2028_001,VEN_STADIUM_12,ZONE_GATE_A1,2026-08-17 08:35,9487
EVT_OLY_2028_001,VEN_STADIUM_12,ZONE_GATE_A1,2026-08-17 08:40,9488
EVT_OLY_2028_001,VEN_STADIUM_12,ZONE_GATE_A1,2026-08-17 08:45,9489
EVT_OLY_2028_001,VEN_STADIUM_12,ZONE_GATE_A1,2026-08-17 08:50,9490
EVT_OLY_2028_001,VEN_STADIUM_12,ZONE_GATE_A1,2026-08-17 08:55,9491
EVT_OLY_2028_001,VEN_STADIUM_12,ZONE_GATE_A1,2026-08-17 09:00,9492
EVT_OLY_2028_001,VEN_STADIUM_12,ZONE_GATE_A1,2026-08-17 09:05,9493
EVT_OLY_2028_001,VEN_STADIUM_12,ZONE_GATE_A1,2026-08-17 09:10,9494
EVT_OLY_2028_001,VEN_STADIUM_12,ZONE_GATE_A1,2026-08-17 09:15,9495
EVT_OLY_2028_001,VEN_STADIUM_12,ZONE_GATE_A1,2026-08-17 09:20,9496
EVT_OLY_2028_001,VEN_STADIUM_12,ZONE_GATE_A1,2026-08-17 09:25,9497
EVT_OLY_2028_001,VEN_STADIUM_12,ZONE_GATE_A1,2026-08-17 09:30,9498
EVT_OLY_2028_001,VEN_STADIUM_12,ZONE_GATE_A1,2026-08-17 09:35,9499
EVT_OLY_2028_001,VEN_STADIUM_12,ZONE_GATE_A1,2026-08-17 09:40,9500
EVT_OLY_2028_001,VEN_STADIUM_12,ZONE_GATE_A1,2026-08-17 09:45,9501
EVT_OLY_2028_001,VEN_STADIUM_12,ZONE_GATE_A1,2026-08-17 09:50,9502
EVT_OLY_2028_001,VEN_STADIUM_12,ZONE_GATE_A1,2026-08-17 09:55,9503
EVT_OLY_2028_001,VEN_STADIUM_12,ZONE_GATE_A1,2026-08-17 10:00,9504
EVT_OLY_2028_001,VEN_STADIUM_12,ZONE_GATE_A1,2026-08-17 10:05,9505
EVT_OLY_2028_001,VEN_STADIUM_12,ZONE_GATE_A1,2026-08-17 10:10,9506
EVT_OLY_2028_001,VEN_STADIUM_12,ZONE_GATE_A1,2026-08-17 10:15,9507
EVT_OLY_2028_001,VEN_STADIUM_12,ZONE_GATE_A1,2026-08-17 10:20,9508
EVT_OLY_2028_001,VEN_STADIUM_12,ZONE_GATE_A1,2026-08-17 10:25,9509
EVT_OLY_2028_001,VEN_STADIUM_12,ZONE_GATE_A1,2026-08-17 10:30,9510
EVT_OLY_2028_001,VEN_STADIUM_12,ZONE_GATE_A1,2026-08-17 10:35,9511
EVT_OLY_2028_001,VEN_STADIUM_12,ZONE_GATE_A1,2026-08-17 10:40,9512
EVT_OLY_2028_001,VEN_STADIUM_12,ZONE_GATE_A1,2026-08-17 10:45,9513
EVT_OLY_2028_001,VEN_STADIUM_12,ZONE_GATE_A1,2026-08-17 10:50,9514
EVT_OLY_2028_001,VEN_STADIUM_12,ZONE_GATE_A1,2026-08-17 10:55,9515
EVT_OLY_2028_001,VEN_STADIUM_12,ZONE_GATE_A1,2026-08-17 11:00,9516
EVT_OLY_2028_001,VEN_STADIUM_12,ZONE_GATE_A1,2026-08-17 11:05,9517
EVT_OLY_2028_001,VEN_STADIUM_12,ZONE_GATE_A1,2026-08-17 11:10,9518
EVT_OLY_2028_001,VEN_STADIUM_12,ZONE_GATE_A1,2026-08-17 11:15,9519
EVT_OLY_2028_001,VEN_STADIUM_12,ZONE_GATE_A1,2026-08-17 11:20,9520
EVT_OLY_2028_001,VEN_STADIUM_12,ZONE_GATE_A1,2026-08-17 11:25,9521
EVT_OLY_2028_001,VEN_STADIUM_12,ZONE_GATE_A1,2026-08-17 11:30,9522
EVT_OLY_2028_001,VEN_STADIUM_12,ZONE_GATE_A1,2026-08-17 11:35,9523
EVT_OLY_2028_001,VEN_STADIUM_12,ZONE_GATE_A1,2026-08-17 11:40,9524
EVT_OLY_2028_001,VEN_STADIUM_12,ZONE_GATE_A1,2026-08-17 11:45,9525
EVT_OLY_2028_001,VEN_STADIUM_12,ZONE_GATE_A1,2026-08-17 11:50,9526
EVT_OLY_2028_001,VEN_STADIUM_12,ZONE_GATE_A1,2026-08-17 11:55,9527
EVT_OLY_2028_001,VEN_STADIUM_12,ZONE_GATE_A1,2026-08-17 12:00,9528
EVT_OLY_2028_001,VEN_STADIUM_12,ZONE_GATE_A1,2026-08-17 12:05,9529
EVT_OLY_2028_001,VEN_STADIUM_12,ZONE_GATE_A1,2026-08-17 12:10,9530
EVT_OLY_2028_001,VEN_STADIUM_12,ZONE_GATE_A1,2026-08-17 12:15,9531
EVT_OLY_2028_001,VEN_STADIUM_12,ZONE_GATE_A1,2026-08-17 12:20,9532
EVT_OLY_2028_001,VEN_STADIUM_12,ZONE_GATE_A1,2026-08-17 12:25,9533
EVT_OLY_2028_001,VEN_STADIUM_12,ZONE_GATE_A1,2026-08-17 12:30,9534
EVT_OLY_2028_001,VEN_STADIUM_12,ZONE_GATE_A1,2026-08-17 12:35,9535
EVT_OLY_2028_001,VEN_STADIUM_12,ZONE_GATE_A1,2026-08-17 12:40,9536
EVT_OLY_2028_001,VEN_STADIUM_12,ZONE_GATE_A1,2026-08-17 12:45,9537
EVT_OLY_2028_001,VEN_STADIUM_12,ZONE_GATE_A1,2026-08-17 12:50,9538
EVT_OLY_2028_001,VEN_STADIUM_12,ZONE_GATE_A1,2026-08-17 12:55,9539
EVT_OLY_2028_001,VEN_STADIUM_12,ZONE_GATE_A1,2026-08-17 13:00,9540
EVT_OLY_2028_001,VEN_STADIUM_12,ZONE_GATE_A1,2026-08-17 13:05,9541
EVT_OLY_2028_001,VEN_STADIUM_12,ZONE_GATE_A1,2026-08-17 13:10,9542
EVT_OLY_2028_001,VEN_STADIUM_12,ZONE_GATE_A1,2026-08-17 13:15,9543
EVT_OLY_2028_001,VEN_STADIUM_12,ZONE_GATE_A1,2026-08-17 13:20,9544
EVT_OLY_2028_001,VEN_STADIUM_12,ZONE_GATE_A1,2026-08-17 13:25,9545
EVT_OLY_2028_001,VEN_STADIUM_12,ZONE_GATE_A1,2026-08-17 13:30,9546
EVT_OLY_2028_001,VEN_STADIUM_12,ZONE_GATE_A1,2026-08-17 13:35,9547
EVT_OLY_2028_001,VEN_STADIUM_12,ZONE_GATE_A1,2026-08-17 13:40,9548
EVT_OLY_2028_001,VEN_STADIUM_12,ZONE_GATE_A1,2026-08-17 13:45,9549
EVT_OLY_2028_001,VEN_STADIUM_12,ZONE_GATE_A1,2026-08-17 13:50,9550
EVT_OLY_2028_001,VEN_STADIUM_12,ZONE_GATE_A1,2026-08-17 13:55,9551
EVT_OLY_2028_001,VEN_STADIUM_12,ZONE_GATE_A1,2026-08-17 14:00,9552
EVT_OLY_2028_001,VEN_STADIUM_12,ZONE_GATE_A1,2026-08-17 14:05,9553
EVT_OLY_2028_001,VEN_STADIUM_12,ZONE_GATE_A1,2026-08-17 14:10,9554
EVT_OLY_2028_001,VEN_STADIUM_12,ZONE_GATE_A1,2026-08-17 14:15,9555
EVT_OLY_2028_001,VEN_STADIUM_12,ZONE_GATE_A1,2026-08-17 14:20,9556
EVT_OLY_2028_001,VEN_STADIUM_12,ZONE_GATE_A1,2026-08-17 14:25,9557
EVT_OLY_2028_001,VEN_STADIUM_12,ZONE_GATE_A1,2026-08-17 14:30,9558
EVT_OLY_2028_001,VEN_STADIUM_12,ZONE_GATE_A1,2026-08-17 14:35,9559
EVT_OLY_2028_001,VEN_STADIUM_12,ZONE_GATE_A1,2026-08-17 14:40,9560
EVT_OLY_2028_001,VEN_STADIUM_12,ZONE_GATE_A1,2026-08-17 14:45,9561
EVT_OLY_2028_001,VEN_STADIUM_12,ZONE_GATE_A1,2026-08-17 14:50,9562
EVT_OLY_2028_001,VEN_STADIUM_12,ZONE_GATE_A1,2026-08-17 14:55,9563
EVT_OLY_2028_001,VEN_STADIUM_12,ZONE_GATE_A1,2026-08-17 15:00,9564
EVT_OLY_2028_001,VEN_STADIUM_12,ZONE_GATE_A1,2026-08-17 15:05,9565
EVT_OLY_2028_001,VEN_STADIUM_12,ZONE_GATE_A1,2026-08-17 15:10,9566
EVT_OLY_2028_001,VEN_STADIUM_12,ZONE_GATE_A1,2026-08-17 15:15,9567
EVT_OLY_2028_001,VEN_STADIUM_12,ZONE_GATE_A1,2026-08-17 15:20,9568
EVT_OLY_2028_001,VEN_STADIUM_12,ZONE_GATE_A1,2026-08-17 15:25,9569
EVT_OLY_2028_001,VEN_STADIUM_12,ZONE_GATE_A1,2026-08-17 15:30,9570
EVT_OLY_2028_001,VEN_STADIUM_12,ZONE_GATE_A1,2026-08-17 15:35,9571
EVT_OLY_2028_001,VEN_STADIUM_12,ZONE_GATE_A1,2026-08-17 15:40,9572
EVT_OLY_2028_001,VEN_STADIUM_12,ZONE_GATE_A1,2026-08-17 15:45,9573
EVT_OLY_2028_001,VEN_STADIUM_12,ZONE_GATE_A1,2026-08-17 15:50,9574
EVT_OLY_2028_001,VEN_STADIUM_12,ZONE_GATE_A1,2026-08-17 15:55,9575
EVT_OLY_2028_001,VEN_STADIUM_12,ZONE_GATE_A1,2026-08-17 16:00,9576
EVT_OLY_2028_001,VEN_STADIUM_12,ZONE_GATE_A1,2026-08-17 16:05,9577
EVT_OLY_2028_001,VEN_STADIUM_12,ZONE_GATE_A1,2026-08-17 16:10,9578
EVT_OLY_2028_001,VEN_STADIUM_12,ZONE_GATE_A1,2026-08-17 16:15,9579
EVT_OLY_2028_001,VEN_STADIUM_12,ZONE_GATE_A1,2026-08-17 16:20,9580
EVT_OLY_2028_001,VEN_STADIUM_12,ZONE_GATE_A1,2026-08-17 16:25,9581
EVT_OLY_2028_001,VEN_STADIUM_12,ZONE_GATE_A1,2026-08-17 16:30,9582
EVT_OLY_2028_001,VEN_STADIUM_12,ZONE_GATE_A1,2026-08-17 16:35,9583
EVT_OLY_2028_001,VEN_STADIUM_12,ZONE_GATE_A1,2026-08-17 16:40,9584
EVT_OLY_2028_001,VEN_STADIUM_12,ZONE_GATE_A1,2026-08-17 16:45,9585
EVT_OLY_2028_001,VEN_STADIUM_12,ZONE_GATE_A1,2026-08-17 16:50,9586
EVT_OLY_2028_001,VEN_STADIUM_12,ZONE_GATE_A1,2026-08-17 16:55,9587
EVT_OLY_2028_001,VEN_STADIUM_12,ZONE_GATE_A1,2026-08-17 17:00,9588
EVT_OLY_2028_001,VEN_STADIUM_12,ZONE_GATE_A1,2026-08-17 17:05,9589
EVT_OLY_2028_001,VEN_STADIUM_12,ZONE_GATE_A1,2026-08-17 17:10,9590
EVT_OLY_2028_001,VEN_STADIUM_12,ZONE_GATE_A1,2026-08-17 17:15,9591
EVT_OLY_2028_001,VEN_STADIUM_12,ZONE_GATE_A1,2026-08-17 17:20,9592
EVT_OLY_2028_001,VEN_STADIUM_12,ZONE_GATE_A1,2026-08-17 17:25,9593
EVT_OLY_2028_001,VEN_STADIUM_12,ZONE_GATE_A1,2026-08-17 17:30,9594
EVT_OLY_2028_001,VEN_STADIUM_12,ZONE_GATE_A1,2026-08-17 17:35,9595
EVT_OLY_2028_001,VEN_STADIUM_12,ZONE_GATE_A1,2026-08-17 17:40,9596
EVT_OLY_2028_001,VEN_STADIUM_12,ZONE_GATE_A1,2026-08-17 17:45,9597
EVT_OLY_2028_001,VEN_STADIUM_12,ZONE_GATE_A1,2026-08-17 17:50,9598
EVT_OLY_2028_001,VEN_STADIUM_12,ZONE_GATE_A1,2026-08-17 17:55,9599
EVT_OLY_2028_001,VEN_STADIUM_12,ZONE_GATE_A1,2026-08-17 18:00,9600
EVT_OLY_2028_001,VEN_STADIUM_12,ZONE_GATE_A1,2026-08-17 18:05,9601
EVT_OLY_2028_001,VEN_STADIUM_12,ZONE_GATE_A1,2026-08-17 18:10,9602
EVT_OLY_2028_001,VEN_STADIUM_12,ZONE_GATE_A1,2026-08-17 18:15,9603
EVT_OLY_2028_001,VEN_STADIUM_12,ZONE_GATE_A1,2026-08-17 18:20,9604
EVT_OLY_2028_001,VEN_STADIUM_12,ZONE_GATE_A1,2026-08-17 18:25,9605
EVT_OLY_2028_001,VEN_STADIUM_12,ZONE_GATE_A1,2026-08-17 18:30,9606
EVT_OLY_2028_001,VEN_STADIUM_12,ZONE_GATE_A1,2026-08-17 18:35,9607
EVT_OLY_2028_001,VEN_STADIUM_12,ZONE_GATE_A1,2026-08-17 18:40,9608
EVT_OLY_2028_001,VEN_STADIUM_12,ZONE_GATE_A1,2026-08-17 18:45,9609
EVT_OLY_2028_001,VEN_STADIUM_12,ZONE_GATE_A1,2026-08-17 18:50,9610
EVT_OLY_2028_001,VEN_STADIUM_12,ZONE_GATE_A1,2026-08-17 18:55,9611
EVT_OLY_2028_001,VEN_STADIUM_12,ZONE_GATE_A1,2026-08-17 19:00,9612
EVT_OLY_2028_001,VEN_STADIUM_12,ZONE_GATE_A1,2026-08-17 19:05,9613
EVT_OLY_2028_001,VEN_STADIUM_12,ZONE_GATE_A1,2026-08-17 19:10,9614
EVT_OLY_2028_001,VEN_STADIUM_12,ZONE_GATE_A1,2026-08-17 19:15,9615
EVT_OLY_2028_001,VEN_STADIUM_12,ZONE_GATE_A1,2026-08-17 19:20,9616
EVT_OLY_2028_001,VEN_STADIUM_12,ZONE_GATE_A1,2026-08-17 19:25,9617
EVT_OLY_2028_001,VEN_STADIUM_12,ZONE_GATE_A1,2026-08-17 19:30,9618
EVT_OLY_2028_001,VEN_STADIUM_12,ZONE_GATE_A1,2026-08-17 19:35,9619
EVT_OLY_2028_001,VEN_STADIUM_12,ZONE_GATE_A1,2026-08-17 19:40,9620
EVT_OLY_2028_001,VEN_STADIUM_12,ZONE_GATE_A1,2026-08-17 19:45,9621
EVT_OLY_2028_001,VEN_STADIUM_12,ZONE_GATE_A1,2026-08-17 19:50,9622
EVT_OLY_2028_001,VEN_STADIUM_12,ZONE_GATE_A1,2026-08-17 19:55,9623
EVT_OLY_2028_001,VEN_STADIUM_12,ZONE_GATE_A1,2026-08-17 20:00,9624
EVT_OLY_2028_001,VEN_STADIUM_12,ZONE_GATE_A1,2026-08-17 20:05,9625
EVT_OLY_2028_001,VEN_STADIUM_12,ZONE_GATE_A1,2026-08-17 20:10,9626
EVT_OLY_2028_001,VEN_STADIUM_12,ZONE_GATE_A1,2026-08-17 20:15,9627
EVT_OLY_2028_001,VEN_STADIUM_12,ZONE_GATE_A1,2026-08-17 20:20,9628
EVT_OLY_2028_001,VEN_STADIUM_12,ZONE_GATE_A1,2026-08-17 20:25,9629
EVT_OLY_2028_001,VEN_STADIUM_12,ZONE_GATE_A1,2026-08-17 20:30,9630
EVT_OLY_2028_001,VEN_STADIUM_12,ZONE_GATE_A1,2026-08-17 20:35,9631
EVT_OLY_2028_001,VEN_STADIUM_12,ZONE_GATE_A1,2026-08-17 20:40,9632
EVT_OLY_2028_001,VEN_STADIUM_12,ZONE_GATE_A1,2026-08-17 20:45,9633
EVT_OLY_2028_001,VEN_STADIUM_12,ZONE_GATE_A1,2026-08-17 20:50,9634
EVT_OLY_2028_001,VEN_STADIUM_12,ZONE_GATE_A1,2026-08-17 20:55,9635
EVT_OLY_2028_001,VEN_STADIUM_12,ZONE_GATE_A1,2026-08-17 21:00,9636
EVT_OLY_2028_001,VEN_STADIUM_12,ZONE_GATE_A1,2026-08-17 21:05,9637
EVT_OLY_2028_001,VEN_STADIUM_12,ZONE_GATE_A1,2026-08-17 21:10,9638
EVT_OLY_2028_001,VEN_STADIUM_12,ZONE_GATE_A1,2026-08-17 21:15,9639
EVT_OLY_2028_001,VEN_STADIUM_12,ZONE_GATE_A1,2026-08-17 21:20,9640
EVT_OLY_2028_001,VEN_STADIUM_12,ZONE_GATE_A1,2026-08-17 21:25,9641
EVT_OLY_2028_001,VEN_STADIUM_12,ZONE_GATE_A1,2026-08-17 21:30,9642
EVT_OLY_2028_001,VEN_STADIUM_12,ZONE_GATE_A1,2026-08-17 21:35,9643
EVT_OLY_2028_001,VEN_STADIUM_12,ZONE_GATE_A1,2026-08-17 21:40,9644
EVT_OLY_2028_001,VEN_STADIUM_12,ZONE_GATE_A1,2026-08-17 21:45,9645
EVT_OLY_2028_001,VEN_STADIUM_12,ZONE_GATE_A1,2026-08-17 21:50,9646
EVT_OLY_2028_001,VEN_STADIUM_12,ZONE_GATE_A1,2026-08-17 21:55,9647
EVT_OLY_2028_001,VEN_STADIUM_12,ZONE_GATE_A1,2026-08-17 22:00,9648
EVT_OLY_2028_001,VEN_STADIUM_12,ZONE_GATE_A1,2026-08-17 22:05,9649
EVT_OLY_2028_001,VEN_STADIUM_12,ZONE_GATE_A1,2026-08-17 22:10,9650
EVT_OLY_2028_001,VEN_STADIUM_12,ZONE_GATE_A1,2026-08-17 22:15,9651
EVT_OLY_2028_001,VEN_STADIUM_12,ZONE_GATE_A1,2026-08-17 22:20,9652
EVT_OLY_2028_001,VEN_STADIUM_12,ZONE_GATE_A1,2026-08-17 22:25,9653
EVT_OLY_2028_001,VEN_STADIUM_12,ZONE_GATE_A1,2026-08-17 22:30,9654
EVT_OLY_2028_001,VEN_STADIUM_12,ZONE_GATE_A1,2026-08-17 22:35,9655
EVT_OLY_2028_001,VEN_STADIUM_12,ZONE_GATE_A1,2026-08-17 22:40,9656
EVT_OLY_2028_001,VEN_STADIUM_12,ZONE_GATE_A1,2026-08-17 22:45,9657
EVT_OLY_2028_001,VEN_STADIUM_12,ZONE_GATE_A1,2026-08-17 22:50,9658
EVT_OLY_2028_001,VEN_STADIUM_12,ZONE_GATE_A1,2026-08-17 22:55,9659
EVT_OLY_2028_001,VEN_STADIUM_12,ZONE_GATE_A1,2026-08-17 23:00,9660
EVT_OLY_2028_001,VEN_STADIUM_12,ZONE_GATE_A1,2026-08-17 23:05,9661
EVT_OLY_2028_001,VEN_STADIUM_12,ZONE_GATE_A1,2026-08-17 23:10,9662
EVT_OLY_2028_001,VEN_STADIUM_12,ZONE_GATE_A1,2026-08-17 23:15,9663
EVT_OLY_2028_001,VEN_STADIUM_12,ZONE_GATE_A1,2026-08-17 23:20,9664
EVT_OLY_2028_001,VEN_STADIUM_12,ZONE_GATE_A1,2026-08-17 23:25,9665
EVT_OLY_2028_001,VEN_STADIUM_12,ZONE_GATE_A1,2026-08-17 23:30,9666
EVT_OLY_2028_001,VEN_STADIUM_12,ZONE_GATE_A1,2026-08-17 23:35,9667
EVT_OLY_2028_001,VEN_STADIUM_12,ZONE_GATE_A1,2026-08-17 23:40,9668
EVT_OLY_2028_001,VEN_STADIUM_12,ZONE_GATE_A1,2026-08-17 23:45,9669
EVT_OLY_2028_001,VEN_STADIUM_12,ZONE_GATE_A1,2026-08-17 23:50,9670
EVT_OLY_2028_001,VEN_STADIUM_12,ZONE_GATE_A1,2026-08-17 23:55,9671
EVT_OLY_2028_001,VEN_STADIUM_12,ZONE_GATE_A1,2026-08-18 00:00,9672
EVT_OLY_2028_001,VEN_STADIUM_12,ZONE_GATE_A1,2026-08-18 00:05,9673
EVT_OLY_2028_001,VEN_STADIUM_12,ZONE_GATE_A1,2026-08-18 00:10,9674
EVT_OLY_2028_001,VEN_STADIUM_12,ZONE_GATE_A1,2026-08-18 00:15,9675
EVT_OLY_2028_001,VEN_STADIUM_12,ZONE_GATE_A1,2026-08-18 00:20,9676
EVT_OLY_2028_001,VEN_STADIUM_12,ZONE_GATE_A1,2026-08-18 00:25,9677
EVT_OLY_2028_001,VEN_STADIUM_12,ZONE_GATE_A1,2026-08-18 00:30,9678
EVT_OLY_2028_001,VEN_STADIUM_12,ZONE_GATE_A1,2026-08-18 00:35,9679
EVT_OLY_2028_001,VEN_STADIUM_12,ZONE_GATE_A1,2026-08-18 00:40,9680
EVT_OLY_2028_001,VEN_STADIUM_12,ZONE_GATE_A1,2026-08-18 00:45,9681
EVT_OLY_2028_001,VEN_STADIUM_12,ZONE_GATE_A1,2026-08-18 00:50,9682
EVT_OLY_2028_001,VEN_STADIUM_12,ZONE_GATE_A1,2026-08-18 00:55,9683
EVT_OLY_2028_001,VEN_STADIUM_12,ZONE_GATE_A1,2026-08-18 01:00,9684
EVT_OLY_2028_001,VEN_STADIUM_12,ZONE_GATE_A1,2026-08-18 01:05,9685
EVT_OLY_2028_001,VEN_STADIUM_12,ZONE_GATE_A1,2026-08-18 01:10,9686
EVT_OLY_2028_001,VEN_STADIUM_12,ZONE_GATE_A1,2026-08-18 01:15,9687
EVT_OLY_2028_001,VEN_STADIUM_12,ZONE_GATE_A1,2026-08-18 01:20,9688
EVT_OLY_2028_001,VEN_STADIUM_12,ZONE_GATE_A1,2026-08-18 01:25,9689
EVT_OLY_2028_001,VEN_STADIUM_12,ZONE_GATE_A1,2026-08-18 01:30,9690
EVT_OLY_2028_001,VEN_STADIUM_12,ZONE_GATE_A1,2026-08-18 01:35,9691
EVT_OLY_2028_001,VEN_STADIUM_12,ZONE_GATE_A1,2026-08-18 01:40,9692
EVT_OLY_2028_001,VEN_STADIUM_12,ZONE_GATE_A1,2026-08-18 01:45,9693
EVT_OLY_2028_001,VEN_STADIUM_12,ZONE_GATE_A1,2026-08-18 01:50,9694
EVT_OLY_2028_001,VEN_STADIUM_12,ZONE_GATE_A1,2026-08-18 01:55,9695
EVT_OLY_2028_001,VEN_STADIUM_12,ZONE_GATE_A1,2026-08-18 02:00,9696
EVT_OLY_2028_001,VEN_STADIUM_12,ZONE_GATE_A1,2026-08-18 02:05,9697
EVT_OLY_2028_001,VEN_STADIUM_12,ZONE_GATE_A1,2026-08-18 02:10,9698
EVT_OLY_2028_001,VEN_STADIUM_12,ZONE_GATE_A1,2026-08-18 02:15,9699
EVT_OLY_2028_001,VEN_STADIUM_12,ZONE_GATE_A1,2026-08-18 02:20,9700
EVT_OLY_2028_001,VEN_STADIUM_12,ZONE_GATE_A1,2026-08-18 02:25,9701
EVT_OLY_2028_001,VEN_STADIUM_12,ZONE_GATE_A1,2026-08-18 02:30,9702
EVT_OLY_2028_001,VEN_STADIUM_12,ZONE_GATE_A1,2026-08-18 02:35,9703
EVT_OLY_2028_001,VEN_STADIUM_12,ZONE_GATE_A1,2026-08-18 02:40,9704
EVT_OLY_2028_001,VEN_STADIUM_12,ZONE_GATE_A1,2026-08-18 02:45,9705
EVT_OLY_2028_001,VEN_STADIUM_12,ZONE_GATE_A1,2026-08-18 02:50,9706
EVT_OLY_2028_001,VEN_STADIUM_12,ZONE_GATE_A1,2026-08-18 02:55,9707
EVT_OLY_2028_001,VEN_STADIUM_12,ZONE_GATE_A1,2026-08-18 03:00,9708
EVT_OLY_2028_001,VEN_STADIUM_12,ZONE_GATE_A1,2026-08-18 03:05,9709
EVT_OLY_2028_001,VEN_STADIUM_12,ZONE_GATE_A1,2026-08-18 03:10,9710
EVT_OLY_2028_001,VEN_STADIUM_12,ZONE_GATE_A1,2026-08-18 03:15,9711
EVT_OLY_2028_001,VEN_STADIUM_12,ZONE_GATE_A1,2026-08-18 03:20,9712
EVT_OLY_2028_001,VEN_STADIUM_12,ZONE_GATE_A1,2026-08-18 03:25,9713
EVT_OLY_2028_001,VEN_STADIUM_12,ZONE_GATE_A1,2026-08-18 03:30,9714
EVT_OLY_2028_001,VEN_STADIUM_12,ZONE_GATE_A1,2026-08-18 03:35,9715
EVT_OLY_2028_001,VEN_STADIUM_12,ZONE_GATE_A1,2026-08-18 03:40,9716
EVT_OLY_2028_001,VEN_STADIUM_12,ZONE_GATE_A1,2026-08-18 03:45,9717
EVT_OLY_2028_001,VEN_STADIUM_12,ZONE_GATE_A1,2026-08-18 03:50,9718
EVT_OLY_2028_001,VEN_STADIUM_12,ZONE_GATE_A1,2026-08-18 03:55,9719
EVT_OLY_2028_001,VEN_STADIUM_12,ZONE_GATE_A1,2026-08-18 04:00,9720
EVT_OLY_2028_001,VEN_STADIUM_12,ZONE_GATE_A1,2026-08-18 04:05,9721
EVT_OLY_2028_001,VEN_STADIUM_12,ZONE_GATE_A1,2026-08-18 04:10,9722
EVT_OLY_2028_001,VEN_STADIUM_12,ZONE_GATE_A1,2026-08-18 04:15,9723
EVT_OLY_2028_001,VEN_STADIUM_12,ZONE_GATE_A1,2026-08-18 04:20,9724
EVT_OLY_2028_001,VEN_STADIUM_12,ZONE_GATE_A1,2026-08-18 04:25,9725
EVT_OLY_2028_001,VEN_STADIUM_12,ZONE_GATE_A1,2026-08-18 04:30,9726
EVT_OLY_2028_001,VEN_STADIUM_12,ZONE_GATE_A1,2026-08-18 04:35,9727
EVT_OLY_2028_001,VEN_STADIUM_12,ZONE_GATE_A1,2026-08-18 04:40,9728
EVT_OLY_2028_001,VEN_STADIUM_12,ZONE_GATE_A1,2026-08-18 04:45,9729
EVT_OLY_2028_001,VEN_STADIUM_12,ZONE_GATE_A1,2026-08-18 04:50,9730
EVT_OLY_2028_001,VEN_STADIUM_12,ZONE_GATE_A1,2026-08-18 04:55,9731
EVT_OLY_2028_001,VEN_STADIUM_12,ZONE_GATE_A1,2026-08-18 05:00,9732
EVT_OLY_2028_001,VEN_STADIUM_12,ZONE_GATE_A1,2026-08-18 05:05,9733
EVT_OLY_2028_001,VEN_STADIUM_12,ZONE_GATE_A1,2026-08-18 05:10,9734
EVT_OLY_2028_001,VEN_STADIUM_12,ZONE_GATE_A1,2026-08-18 05:15,9735
EVT_OLY_2028_001,VEN_STADIUM_12,ZONE_GATE_A1,2026-08-18 05:20,9736
EVT_OLY_2028_001,VEN_STADIUM_12,ZONE_GATE_A1,2026-08-18 05:25,9737
EVT_OLY_2028_001,VEN_STADIUM_12,ZONE_GATE_A1,2026-08-18 05:30,9738
EVT_OLY_2028_001,VEN_STADIUM_12,ZONE_GATE_A1,2026-08-18 05:35,9739
EVT_OLY_2028_001,VEN_STADIUM_12,ZONE_GATE_A1,2026-08-18 05:40,9740
EVT_OLY_2028_001,VEN_STADIUM_12,ZONE_GATE_A1,2026-08-18 05:45,9741
EVT_OLY_2028_001,VEN_STADIUM_12,ZONE_GATE_A1,2026-08-18 05:50,9742
EVT_OLY_2028_001,VEN_STADIUM_12,ZONE_GATE_A1,2026-08-18 05:55,9743
EVT_OLY_2028_001,VEN_STADIUM_12,ZONE_GATE_A1,2026-08-18 06:00,9744
EVT_OLY_2028_001,VEN_STADIUM_12,ZONE_GATE_A1,2026-08-18 06:05,9745
EVT_OLY_2028_001,VEN_STADIUM_12,ZONE_GATE_A1,2026-08-18 06:10,9746
EVT_OLY_2028_001,VEN_STADIUM_12,ZONE_GATE_A1,2026-08-18 06:15,9747
EVT_OLY_2028_001,VEN_STADIUM_12,ZONE_GATE_A1,2026-08-18 06:20,9748
EVT_OLY_2028_001,VEN_STADIUM_12,ZONE_GATE_A1,2026-08-18 06:25,9749
EVT_OLY_2028_001,VEN_STADIUM_12,ZONE_GATE_A1,2026-08-18 06:30,9750
EVT_OLY_2028_001,VEN_STADIUM_12,ZONE_GATE_A1,2026-08-18 06:35,9751
EVT_OLY_2028_001,VEN_STADIUM_12,ZONE_GATE_A1,2026-08-18 06:40,9752
EVT_OLY_2028_001,VEN_STADIUM_12,ZONE_GATE_A1,2026-08-18 06:45,9753
EVT_OLY_2028_001,VEN_STADIUM_12,ZONE_GATE_A1,2026-08-18 06:50,9754
EVT_OLY_2028_001,VEN_STADIUM_12,ZONE_GATE_A1,2026-08-18 06:55,9755
EVT_OLY_2028_001,VEN_STADIUM_12,ZONE_GATE_A1,2026-08-18 07:00,9756
EVT_OLY_2028_001,VEN_STADIUM_12,ZONE_GATE_A1,2026-08-18 07:05,9757
EVT_OLY_2028_001,VEN_STADIUM_12,ZONE_GATE_A1,2026-08-18 07:10,9758
EVT_OLY_2028_001,VEN_STADIUM_12,ZONE_GATE_A1,2026-08-18 07:15,9759
EVT_OLY_2028_001,VEN_STADIUM_12,ZONE_GATE_A1,2026-08-18 07:20,9760
EVT_OLY_2028_001,VEN_STADIUM_12,ZONE_GATE_A1,2026-08-18 07:25,9761
EVT_OLY_2028_001,VEN_STADIUM_12,ZONE_GATE_A1,2026-08-18 07:30,9762
EVT_OLY_2028_001,VEN_STADIUM_12,ZONE_GATE_A1,2026-08-18 07:35,9763
EVT_OLY_2028_001,VEN_STADIUM_12,ZONE_GATE_A1,2026-08-18 07:40,9764
EVT_OLY_2028_001,VEN_STADIUM_12,ZONE_GATE_A1,2026-08-18 07:45,9765
EVT_OLY_2028_001,VEN_STADIUM_12,ZONE_GATE_A1,2026-08-18 07:50,9766
EVT_OLY_2028_001,VEN_STADIUM_12,ZONE_GATE_A1,2026-08-18 07:55,9767
EVT_OLY_2028_001,VEN_STADIUM_12,ZONE_GATE_A1,2026-08-18 08:00,9768
EVT_OLY_2028_001,VEN_STADIUM_12,ZONE_GATE_A1,2026-08-18 08:05,9769
EVT_OLY_2028_001,VEN_STADIUM_12,ZONE_GATE_A1,2026-08-18 08:10,9770
EVT_OLY_2028_001,VEN_STADIUM_12,ZONE_GATE_A1,2026-08-18 08:15,9771
EVT_OLY_2028_001,VEN_STADIUM_12,ZONE_GATE_A1,2026-08-18 08:20,9772
EVT_OLY_2028_001,VEN_STADIUM_12,ZONE_GATE_A1,2026-08-18 08:25,9773
EVT_OLY_2028_001,VEN_STADIUM_12,ZONE_GATE_A1,2026-08-18 08:30,9774
EVT_OLY_2028_001,VEN_STADIUM_12,ZONE_GATE_A1,2026-08-18 08:35,9775
EVT_OLY_2028_001,VEN_STADIUM_12,ZONE_GATE_A1,2026-08-18 08:40,9776
EVT_OLY_2028_001,VEN_STADIUM_12,ZONE_GATE_A1,2026-08-18 08:45,9777
EVT_OLY_2028_001,VEN_STADIUM_12,ZONE_GATE_A1,2026-08-18 08:50,9778
EVT_OLY_2028_001,VEN_STADIUM_12,ZONE_GATE_A1,2026-08-18 08:55,9779
EVT_OLY_2028_001,VEN_STADIUM_12,ZONE_GATE_A1,2026-08-18 09:00,9780
EVT_OLY_2028_001,VEN_STADIUM_12,ZONE_GATE_A1,2026-08-18 09:05,9781
EVT_OLY_2028_001,VEN_STADIUM_12,ZONE_GATE_A1,2026-08-18 09:10,9782
EVT_OLY_2028_001,VEN_STADIUM_12,ZONE_GATE_A1,2026-08-18 09:15,9783
EVT_OLY_2028_001,VEN_STADIUM_12,ZONE_GATE_A1,2026-08-18 09:20,9784
EVT_OLY_2028_001,VEN_STADIUM_12,ZONE_GATE_A1,2026-08-18 09:25,9785
EVT_OLY_2028_001,VEN_STADIUM_12,ZONE_GATE_A1,2026-08-18 09:30,9786
EVT_OLY_2028_001,VEN_STADIUM_12,ZONE_GATE_A1,2026-08-18 09:35,9787
EVT_OLY_2028_001,VEN_STADIUM_12,ZONE_GATE_A1,2026-08-18 09:40,9788
EVT_OLY_2028_001,VEN_STADIUM_12,ZONE_GATE_A1,2026-08-18 09:45,9789
EVT_OLY_2028_001,VEN_STADIUM_12,ZONE_GATE_A1,2026-08-18 09:50,9790
EVT_OLY_2028_001,VEN_STADIUM_12,ZONE_GATE_A1,2026-08-18 09:55,9791
EVT_OLY_2028_001,VEN_STADIUM_12,ZONE_GATE_A1,2026-08-18 10:00,9792
EVT_OLY_2028_001,VEN_STADIUM_12,ZONE_GATE_A1,2026-08-18 10:05,9793
EVT_OLY_2028_001,VEN_STADIUM_12,ZONE_GATE_A1,2026-08-18 10:10,9794
EVT_OLY_2028_001,VEN_STADIUM_12,ZONE_GATE_A1,2026-08-18 10:15,9795
EVT_OLY_2028_001,VEN_STADIUM_12,ZONE_GATE_A1,2026-08-18 10:20,9796
EVT_OLY_2028_001,VEN_STADIUM_12,ZONE_GATE_A1,2026-08-18 10:25,9797
EVT_OLY_2028_001,VEN_STADIUM_12,ZONE_GATE_A1,2026-08-18 10:30,9798
EVT_OLY_2028_001,VEN_STADIUM_12,ZONE_GATE_A1,2026-08-18 10:35,9799
EVT_OLY_2028_001,VEN_STADIUM_12,ZONE_GATE_A1,2026-08-18 10:40,9800
EVT_OLY_2028_001,VEN_STADIUM_12,ZONE_GATE_A1,2026-08-18 10:45,9801
EVT_OLY_2028_001,VEN_STADIUM_12,ZONE_GATE_A1,2026-08-18 10:50,9802
EVT_OLY_2028_001,VEN_STADIUM_12,ZONE_GATE_A1,2026-08-18 10:55,9803
EVT_OLY_2028_001,VEN_STADIUM_12,ZONE_GATE_A1,2026-08-18 11:00,9804
EVT_OLY_2028_001,VEN_STADIUM_12,ZONE_GATE_A1,2026-08-18 11:05,9805
EVT_OLY_2028_001,VEN_STADIUM_12,ZONE_GATE_A1,2026-08-18 11:10,9806
EVT_OLY_2028_001,VEN_STADIUM_12,ZONE_GATE_A1,2026-08-18 11:15,9807
EVT_OLY_2028_001,VEN_STADIUM_12,ZONE_GATE_A1,2026-08-18 11:20,9808
EVT_OLY_2028_001,VEN_STADIUM_12,ZONE_GATE_A1,2026-08-18 11:25,9809
EVT_OLY_2028_001,VEN_STADIUM_12,ZONE_GATE_A1,2026-08-18 11:30,9810
EVT_OLY_2028_001,VEN_STADIUM_12,ZONE_GATE_A1,2026-08-18 11:35,9811
EVT_OLY_2028_001,VEN_STADIUM_12,ZONE_GATE_A1,2026-08-18 11:40,9812
EVT_OLY_2028_001,VEN_STADIUM_12,ZONE_GATE_A1,2026-08-18 11:45,9813
EVT_OLY_2028_001,VEN_STADIUM_12,ZONE_GATE_A1,2026-08-18 11:50,9814
EVT_OLY_2028_001,VEN_STADIUM_12,ZONE_GATE_A1,2026-08-18 11:55,9815
EVT_OLY_2028_001,VEN_STADIUM_12,ZONE_GATE_A1,2026-08-18 12:00,9816
EVT_OLY_2028_001,VEN_STADIUM_12,ZONE_GATE_A1,2026-08-18 12:05,9817
EVT_OLY_2028_001,VEN_STADIUM_12,ZONE_GATE_A1,2026-08-18 12:10,9818
EVT_OLY_2028_001,VEN_STADIUM_12,ZONE_GATE_A1,2026-08-18 12:15,9819
EVT_OLY_2028_001,VEN_STADIUM_12,ZONE_GATE_A1,2026-08-18 12:20,9820
EVT_OLY_2028_001,VEN_STADIUM_12,ZONE_GATE_A1,2026-08-18 12:25,9821
EVT_OLY_2028_001,VEN_STADIUM_12,ZONE_GATE_A1,2026-08-18 12:30,9822
EVT_OLY_2028_001,VEN_STADIUM_12,ZONE_GATE_A1,2026-08-18 12:35,9823
EVT_OLY_2028_001,VEN_STADIUM_12,ZONE_GATE_A1,2026-08-18 12:40,9824
EVT_OLY_2028_001,VEN_STADIUM_12,ZONE_GATE_A1,2026-08-18 12:45,9825
EVT_OLY_2028_001,VEN_STADIUM_12,ZONE_GATE_A1,2026-08-18 12:50,9826
EVT_OLY_2028_001,VEN_STADIUM_12,ZONE_GATE_A1,2026-08-18 12:55,9827
EVT_OLY_2028_001,VEN_STADIUM_12,ZONE_GATE_A1,2026-08-18 13:00,9828
EVT_OLY_2028_001,VEN_STADIUM_12,ZONE_GATE_A1,2026-08-18 13:05,9829
EVT_OLY_2028_001,VEN_STADIUM_12,ZONE_GATE_A1,2026-08-18 13:10,9830
EVT_OLY_2028_001,VEN_STADIUM_12,ZONE_GATE_A1,2026-08-18 13:15,9831
EVT_OLY_2028_001,VEN_STADIUM_12,ZONE_GATE_A1,2026-08-18 13:20,9832
EVT_OLY_2028_001,VEN_STADIUM_12,ZONE_GATE_A1,2026-08-18 13:25,9833
EVT_OLY_2028_001,VEN_STADIUM_12,ZONE_GATE_A1,2026-08-18 13:30,9834
EVT_OLY_2028_001,VEN_STADIUM_12,ZONE_GATE_A1,2026-08-18 13:35,9835
EVT_OLY_2028_001,VEN_STADIUM_12,ZONE_GATE_A1,2026-08-18 13:40,9836
EVT_OLY_2028_001,VEN_STADIUM_12,ZONE_GATE_A1,2026-08-18 13:45,9837
EVT_OLY_2028_001,VEN_STADIUM_12,ZONE_GATE_A1,2026-08-18 13:50,9838
EVT_OLY_2028_001,VEN_STADIUM_12,ZONE_GATE_A1,2026-08-18 13:55,9839
EVT_OLY_2028_001,VEN_STADIUM_12,ZONE_GATE_A1,2026-08-18 14:00,9840
EVT_OLY_2028_001,VEN_STADIUM_12,ZONE_GATE_A1,2026-08-18 14:05,9841
EVT_OLY_2028_001,VEN_STADIUM_12,ZONE_GATE_A1,2026-08-18 14:10,9842
EVT_OLY_2028_001,VEN_STADIUM_12,ZONE_GATE_A1,2026-08-18 14:15,9843
EVT_OLY_2028_001,VEN_STADIUM_12,ZONE_GATE_A1,2026-08-18 14:20,9844
EVT_OLY_2028_001,VEN_STADIUM_12,ZONE_GATE_A1,2026-08-18 14:25,9845
EVT_OLY_2028_001,VEN_STADIUM_12,ZONE_GATE_A1,2026-08-18 14:30,9846
EVT_OLY_2028_001,VEN_STADIUM_12,ZONE_GATE_A1,2026-08-18 14:35,9847
EVT_OLY_2028_001,VEN_STADIUM_12,ZONE_GATE_A1,2026-08-18 14:40,9848
EVT_OLY_2028_001,VEN_STADIUM_12,ZONE_GATE_A1,2026-08-18 14:45,9849
EVT_OLY_2028_001,VEN_STADIUM_12,ZONE_GATE_A1,2026-08-18 14:50,9850
EVT_OLY_2028_001,VEN_STADIUM_12,ZONE_GATE_A1,2026-08-18 14:55,9851
EVT_OLY_2028_001,VEN_STADIUM_12,ZONE_GATE_A1,2026-08-18 15:00,9852
EVT_OLY_2028_001,VEN_STADIUM_12,ZONE_GATE_A1,2026-08-18 15:05,9853
EVT_OLY_2028_001,VEN_STADIUM_12,ZONE_GATE_A1,2026-08-18 15:10,9854
EVT_OLY_2028_001,VEN_STADIUM_12,ZONE_GATE_A1,2026-08-18 15:15,9855
EVT_OLY_2028_001,VEN_STADIUM_12,ZONE_GATE_A1,2026-08-18 15:20,9856
EVT_OLY_2028_001,VEN_STADIUM_12,ZONE_GATE_A1,2026-08-18 15:25,9857
EVT_OLY_2028_001,VEN_STADIUM_12,ZONE_GATE_A1,2026-08-18 15:30,9858
EVT_OLY_2028_001,VEN_STADIUM_12,ZONE_GATE_A1,2026-08-18 15:35,9859
EVT_OLY_2028_001,VEN_STADIUM_12,ZONE_GATE_A1,2026-08-18 15:40,9860
EVT_OLY_2028_001,VEN_STADIUM_12,ZONE_GATE_A1,2026-08-18 15:45,9861
EVT_OLY_2028_001,VEN_STADIUM_12,ZONE_GATE_A1,2026-08-18 15:50,9862
EVT_OLY_2028_001,VEN_STADIUM_12,ZONE_GATE_A1,2026-08-18 15:55,9863
EVT_OLY_2028_001,VEN_STADIUM_12,ZONE_GATE_A1,2026-08-18 16:00,9864
EVT_OLY_2028_001,VEN_STADIUM_12,ZONE_GATE_A1,2026-08-18 16:05,9865
EVT_OLY_2028_001,VEN_STADIUM_12,ZONE_GATE_A1,2026-08-18 16:10,9866
EVT_OLY_2028_001,VEN_STADIUM_12,ZONE_GATE_A1,2026-08-18 16:15,9867
EVT_OLY_2028_001,VEN_STADIUM_12,ZONE_GATE_A1,2026-08-18 16:20,9868
EVT_OLY_2028_001,VEN_STADIUM_12,ZONE_GATE_A1,2026-08-18 16:25,9869
EVT_OLY_2028_001,VEN_STADIUM_12,ZONE_GATE_A1,2026-08-18 16:30,9870
EVT_OLY_2028_001,VEN_STADIUM_12,ZONE_GATE_A1,2026-08-18 16:35,9871
EVT_OLY_2028_001,VEN_STADIUM_12,ZONE_GATE_A1,2026-08-18 16:40,9872
EVT_OLY_2028_001,VEN_STADIUM_12,ZONE_GATE_A1,2026-08-18 16:45,9873
EVT_OLY_2028_001,VEN_STADIUM_12,ZONE_GATE_A1,2026-08-18 16:50,9874
EVT_OLY_2028_001,VEN_STADIUM_12,ZONE_GATE_A1,2026-08-18 16:55,9875
EVT_OLY_2028_001,VEN_STADIUM_12,ZONE_GATE_A1,2026-08-18 17:00,9876
EVT_OLY_2028_001,VEN_STADIUM_12,ZONE_GATE_A1,2026-08-18 17:05,9877
EVT_OLY_2028_001,VEN_STADIUM_12,ZONE_GATE_A1,2026-08-18 17:10,9878
EVT_OLY_2028_001,VEN_STADIUM_12,ZONE_GATE_A1,2026-08-18 17:15,9879
EVT_OLY_2028_001,VEN_STADIUM_12,ZONE_GATE_A1,2026-08-18 17:20,9880
EVT_OLY_2028_001,VEN_STADIUM_12,ZONE_GATE_A1,2026-08-18 17:25,9881
EVT_OLY_2028_001,VEN_STADIUM_12,ZONE_GATE_A1,2026-08-18 17:30,9882
EVT_OLY_2028_001,VEN_STADIUM_12,ZONE_GATE_A1,2026-08-18 17:35,9883
EVT_OLY_2028_001,VEN_STADIUM_12,ZONE_GATE_A1,2026-08-18 17:40,9884
EVT_OLY_2028_001,VEN_STADIUM_12,ZONE_GATE_A1,2026-08-18 17:45,9885
EVT_OLY_2028_001,VEN_STADIUM_12,ZONE_GATE_A1,2026-08-18 17:50,9886
EVT_OLY_2028_001,VEN_STADIUM_12,ZONE_GATE_A1,2026-08-18 17:55,9887
EVT_OLY_2028_001,VEN_STADIUM_12,ZONE_GATE_A1,2026-08-18 18:00,9888
EVT_OLY_2028_001,VEN_STADIUM_12,ZONE_GATE_A1,2026-08-18 18:05,9889
EVT_OLY_2028_001,VEN_STADIUM_12,ZONE_GATE_A1,2026-08-18 18:10,9890
EVT_OLY_2028_001,VEN_STADIUM_12,ZONE_GATE_A1,2026-08-18 18:15,9891
EVT_OLY_2028_001,VEN_STADIUM_12,ZONE_GATE_A1,2026-08-18 18:20,9892
EVT_OLY_2028_001,VEN_STADIUM_12,ZONE_GATE_A1,2026-08-18 18:25,9893
EVT_OLY_2028_001,VEN_STADIUM_12,ZONE_GATE_A1,2026-08-18 18:30,9894
EVT_OLY_2028_001,VEN_STADIUM_12,ZONE_GATE_A1,2026-08-18 18:35,9895
EVT_OLY_2028_001,VEN_STADIUM_12,ZONE_GATE_A1,2026-08-18 18:40,9896
EVT_OLY_2028_001,VEN_STADIUM_12,ZONE_GATE_A1,2026-08-18 18:45,9897
EVT_OLY_2028_001,VEN_STADIUM_12,ZONE_GATE_A1,2026-08-18 18:50,9898
EVT_OLY_2028_001,VEN_STADIUM_12,ZONE_GATE_A1,2026-08-18 18:55,9899
EVT_OLY_2028_001,VEN_STADIUM_12,ZONE_GATE_A1,2026-08-18 19:00,9900
EVT_OLY_2028_001,VEN_STADIUM_12,ZONE_GATE_A1,2026-08-18 19:05,9901
EVT_OLY_2028_001,VEN_STADIUM_12,ZONE_GATE_A1,2026-08-18 19:10,9902
EVT_OLY_2028_001,VEN_STADIUM_12,ZONE_GATE_A1,2026-08-18 19:15,9903
EVT_OLY_2028_001,VEN_STADIUM_12,ZONE_GATE_A1,2026-08-18 19:20,9904
EVT_OLY_2028_001,VEN_STADIUM_12,ZONE_GATE_A1,2026-08-18 19:25,9905
EVT_OLY_2028_001,VEN_STADIUM_12,ZONE_GATE_A1,2026-08-18 19:30,9906
EVT_OLY_2028_001,VEN_STADIUM_12,ZONE_GATE_A1,2026-08-18 19:35,9907
EVT_OLY_2028_001,VEN_STADIUM_12,ZONE_GATE_A1,2026-08-18 19:40,9908
EVT_OLY_2028_001,VEN_STADIUM_12,ZONE_GATE_A1,2026-08-18 19:45,9909
EVT_OLY_2028_001,VEN_STADIUM_12,ZONE_GATE_A1,2026-08-18 19:50,9910
EVT_OLY_2028_001,VEN_STADIUM_12,ZONE_GATE_A1,2026-08-18 19:55,9911
EVT_OLY_2028_001,VEN_STADIUM_12,ZONE_GATE_A1,2026-08-18 20:00,9912
EVT_OLY_2028_001,VEN_STADIUM_12,ZONE_GATE_A1,2026-08-18 20:05,9913
EVT_OLY_2028_001,VEN_STADIUM_12,ZONE_GATE_A1,2026-08-18 20:10,9914
EVT_OLY_2028_001,VEN_STADIUM_12,ZONE_GATE_A1,2026-08-18 20:15,9915
EVT_OLY_2028_001,VEN_STADIUM_12,ZONE_GATE_A1,2026-08-18 20:20,9916
EVT_OLY_2028_001,VEN_STADIUM_12,ZONE_GATE_A1,2026-08-18 20:25,9917
EVT_OLY_2028_001,VEN_STADIUM_12,ZONE_GATE_A1,2026-08-18 20:30,9918
EVT_OLY_2028_001,VEN_STADIUM_12,ZONE_GATE_A1,2026-08-18 20:35,9919
EVT_OLY_2028_001,VEN_STADIUM_12,ZONE_GATE_A1,2026-08-18 20:40,9920
EVT_OLY_2028_001,VEN_STADIUM_12,ZONE_GATE_A1,2026-08-18 20:45,9921
EVT_OLY_2028_001,VEN_STADIUM_12,ZONE_GATE_A1,2026-08-18 20:50,9922
EVT_OLY_2028_001,VEN_STADIUM_12,ZONE_GATE_A1,2026-08-18 20:55,9923
EVT_OLY_2028_001,VEN_STADIUM_12,ZONE_GATE_A1,2026-08-18 21:00,9924
EVT_OLY_2028_001,VEN_STADIUM_12,ZONE_GATE_A1,2026-08-18 21:05,9925
EVT_OLY_2028_001,VEN_STADIUM_12,ZONE_GATE_A1,2026-08-18 21:10,9926
EVT_OLY_2028_001,VEN_STADIUM_12,ZONE_GATE_A1,2026-08-18 21:15,9927
EVT_OLY_2028_001,VEN_STADIUM_12,ZONE_GATE_A1,2026-08-18 21:20,9928
EVT_OLY_2028_001,VEN_STADIUM_12,ZONE_GATE_A1,2026-08-18 21:25,9929
EVT_OLY_2028_001,VEN_STADIUM_12,ZONE_GATE_A1,2026-08-18 21:30,9930
EVT_OLY_2028_001,VEN_STADIUM_12,ZONE_GATE_A1,2026-08-18 21:35,9931
EVT_OLY_2028_001,VEN_STADIUM_12,ZONE_GATE_A1,2026-08-18 21:40,9932
EVT_OLY_2028_001,VEN_STADIUM_12,ZONE_GATE_A1,2026-08-18 21:45,9933
EVT_OLY_2028_001,VEN_STADIUM_12,ZONE_GATE_A1,2026-08-18 21:50,9934
EVT_OLY_2028_001,VEN_STADIUM_12,ZONE_GATE_A1,2026-08-18 21:55,9935
EVT_OLY_2028_001,VEN_STADIUM_12,ZONE_GATE_A1,2026-08-18 22:00,9936
EVT_OLY_2028_001,VEN_STADIUM_12,ZONE_GATE_A1,2026-08-18 22:05,9937
EVT_OLY_2028_001,VEN_STADIUM_12,ZONE_GATE_A1,2026-08-18 22:10,9938
EVT_OLY_2028_001,VEN_STADIUM_12,ZONE_GATE_A1,2026-08-18 22:15,9939
EVT_OLY_2028_001,VEN_STADIUM_12,ZONE_GATE_A1,2026-08-18 22:20,9940
EVT_OLY_2028_001,VEN_STADIUM_12,ZONE_GATE_A1,2026-08-18 22:25,9941
EVT_OLY_2028_001,VEN_STADIUM_12,ZONE_GATE_A1,2026-08-18 22:30,9942
EVT_OLY_2028_001,VEN_STADIUM_12,ZONE_GATE_A1,2026-08-18 22:35,9943
EVT_OLY_2028_001,VEN_STADIUM_12,ZONE_GATE_A1,2026-08-18 22:40,9944
EVT_OLY_2028_001,VEN_STADIUM_12,ZONE_GATE_A1,2026-08-18 22:45,9945
EVT_OLY_2028_001,VEN_STADIUM_12,ZONE_GATE_A1,2026-08-18 22:50,9946
EVT_OLY_2028_001,VEN_STADIUM_12,ZONE_GATE_A1,2026-08-18 22:55,9947
EVT_OLY_2028_001,VEN_STADIUM_12,ZONE_GATE_A1,2026-08-18 23:00,9948
EVT_OLY_2028_001,VEN_STADIUM_12,ZONE_GATE_A1,2026-08-18 23:05,9949
EVT_OLY_2028_001,VEN_STADIUM_12,ZONE_GATE_A1,2026-08-18 23:10,9950
EVT_OLY_2028_001,VEN_STADIUM_12,ZONE_GATE_A1,2026-08-18 23:15,9951
EVT_OLY_2028_001,VEN_STADIUM_12,ZONE_GATE_A1,2026-08-18 23:20,9952
EVT_OLY_2028_001,VEN_STADIUM_12,ZONE_GATE_A1,2026-08-18 23:25,9953
EVT_OLY_2028_001,VEN_STADIUM_12,ZONE_GATE_A1,2026-08-18 23:30,9954
EVT_OLY_2028_001,VEN_STADIUM_12,ZONE_GATE_A1,2026-08-18 23:35,9955
EVT_OLY_2028_001,VEN_STADIUM_12,ZONE_GATE_A1,2026-08-18 23:40,9956
EVT_OLY_2028_001,VEN_STADIUM_12,ZONE_GATE_A1,2026-08-18 23:45,9957
EVT_OLY_2028_001,VEN_STADIUM_12,ZONE_GATE_A1,2026-08-18 23:50,9958
EVT_OLY_2028_001,VEN_STADIUM_12,ZONE_GATE_A1,2026-08-18 23:55,9959
EVT_OLY_2028_001,VEN_STADIUM_12,ZONE_GATE_A1,2026-08-19 00:00,9960
EVT_OLY_2028_001,VEN_STADIUM_12,ZONE_GATE_A1,2026-08-19 00:05,9961
EVT_OLY_2028_001,VEN_STADIUM_12,ZONE_GATE_A1,2026-08-19 00:10,9962
EVT_OLY_2028_001,VEN_STADIUM_12,ZONE_GATE_A1,2026-08-19 00:15,9963
EVT_OLY_2028_001,VEN_STADIUM_12,ZONE_GATE_A1,2026-08-19 00:20,9964
EVT_OLY_2028_001,VEN_STADIUM_12,ZONE_GATE_A1,2026-08-19 00:25,9965
EVT_OLY_2028_001,VEN_STADIUM_12,ZONE_GATE_A1,2026-08-19 00:30,9966
EVT_OLY_2028_001,VEN_STADIUM_12,ZONE_GATE_A1,2026-08-19 00:35,9967
EVT_OLY_2028_001,VEN_STADIUM_12,ZONE_GATE_A1,2026-08-19 00:40,9968
EVT_OLY_2028_001,VEN_STADIUM_12,ZONE_GATE_A1,2026-08-19 00:45,9969
EVT_OLY_2028_001,VEN_STADIUM_12,ZONE_GATE_A1,2026-08-19 00:50,9970
EVT_OLY_2028_001,VEN_STADIUM_12,ZONE_GATE_A1,2026-08-19 00:55,9971
EVT_OLY_2028_001,VEN_STADIUM_12,ZONE_GATE_A1,2026-08-19 01:00,9972
EVT_OLY_2028_001,VEN_STADIUM_12,ZONE_GATE_A1,2026-08-19 01:05,9973
EVT_OLY_2028_001,VEN_STADIUM_12,ZONE_GATE_A1,2026-08-19 01:10,9974
EVT_OLY_2028_001,VEN_STADIUM_12,ZONE_GATE_A1,2026-08-19 01:15,9975
EVT_OLY_2028_001,VEN_STADIUM_12,ZONE_GATE_A1,2026-08-19 01:20,9976
EVT_OLY_2028_001,VEN_STADIUM_12,ZONE_GATE_A1,2026-08-19 01:25,9977
EVT_OLY_2028_001,VEN_STADIUM_12,ZONE_GATE_A1,2026-08-19 01:30,9978
EVT_OLY_2028_001,VEN_STADIUM_12,ZONE_GATE_A1,2026-08-19 01:35,9979
EVT_OLY_2028_001,VEN_STADIUM_12,ZONE_GATE_A1,2026-08-19 01:40,9980
EVT_OLY_2028_001,VEN_STADIUM_12,ZONE_GATE_A1,2026-08-19 01:45,9981
EVT_OLY_2028_001,VEN_STADIUM_12,ZONE_GATE_A1,2026-08-19 01:50,9982
EVT_OLY_2028_001,VEN_STADIUM_12,ZONE_GATE_A1,2026-08-19 01:55,9983
EVT_OLY_2028_001,VEN_STADIUM_12,ZONE_GATE_A1,2026-08-19 02:00,9984
EVT_OLY_2028_001,VEN_STADIUM_12,ZONE_GATE_A1,2026-08-19 02:05,9985
EVT_OLY_2028_001,VEN_STADIUM_12,ZONE_GATE_A1,2026-08-19 02:10,9986
EVT_OLY_2028_001,VEN_STADIUM_12,ZONE_GATE_A1,2026-08-19 02:15,9987
EVT_OLY_2028_001,VEN_STADIUM_12,ZONE_GATE_A1,2026-08-19 02:20,9988
EVT_OLY_2028_001,VEN_STADIUM_12,ZONE_GATE_A1,2026-08-19 02:25,9989
EVT_OLY_2028_001,VEN_STADIUM_12,ZONE_GATE_A1,2026-08-19 02:30,9990
EVT_OLY_2028_001,VEN_STADIUM_12,ZONE_GATE_A1,2026-08-19 02:35,9991
EVT_OLY_2028_001,VEN_STADIUM_12,ZONE_GATE_A1,2026-08-19 02:40,9992
EVT_OLY_2028_001,VEN_STADIUM_12,ZONE_GATE_A1,2026-08-19 02:45,9993
EVT_OLY_2028_001,VEN_STADIUM_12,ZONE_GATE_A1,2026-08-19 02:50,9994
EVT_OLY_2028_001,VEN_STADIUM_12,ZONE_GATE_A1,2026-08-19 02:55,9995
EVT_OLY_2028_001,VEN_STADIUM_12,ZONE_GATE_A1,2026-08-19 03:00,9996
EVT_OLY_2028_001,VEN_STADIUM_12,ZONE_GATE_A1,2026-08-19 03:05,9997
EVT_OLY_2028_001,VEN_STADIUM_12,ZONE_GATE_A1,2026-08-19 03:10,9998
EVT_OLY_2028_001,VEN_STADIUM_12,ZONE_GATE_A1,2026-08-19 03:15,9999
