zone_id,area_category,max_capacity,fixed_seating,bottleneck_prone,queue_prone,zone_priority
ZONE_00001,4,2722,1,0,0,5
ZONE_00002,6,2305,0,0,1,3
ZONE_00003,3,1537,0,0,0,4
ZONE_00004,1,1551,0,1,1,5
ZONE_00005,5,2069,0,0,1,1
ZONE_00006,5,1437,1,0,0,4
ZONE_00007,0,660,0,1,1,1
ZONE_00008,4,2453,1,0,1,4
ZONE_00009,3,508,0,0,1,2
ZONE_00010,1,2425,0,1,1,4
ZONE_00011,7,644,1,1,1,4
ZONE_00012,4,2303,0,0,0,5
ZONE_00013,8,2007,1,1,0,3
ZONE_00014,4,606,0,1,0,4
ZONE_00015,4,1353,0,1,0,4
ZONE_00016,1,1964,0,0,0,5
ZONE_00017,6,1393,1,1,0,2
ZONE_00018,9,2860,1,1,1,3
ZONE_00019,7,1630,0,1,0,2
ZONE_00020,3,1184,1,0,1,5
ZONE_00021,3,2166,0,0,1,5
ZONE_00022,6,2339,1,0,0,4
ZONE_00023,1,2058,0,0,0,4
ZONE_00024,6,632,1,0,0,3
ZONE_00025,4,2750,0,1,0,4
ZONE_00026,6,2158,1,1,1,3
ZONE_00027,1,655,1,0,1,4
ZONE_00028,8,1617,0,1,0,3
ZONE_00029,7,1759,0,0,1,3
ZONE_00030,5,1114,0,1,0,4
ZONE_00031,9,1423,1,1,1,3
ZONE_00032,3,1782,1,0,1,2
ZONE_00033,7,1128,0,0,1,2
ZONE_00034,2,2213,0,1,1,2
ZONE_00035,1,620,0,1,1,3
ZONE_00036,0,2811,0,0,1,3
ZONE_00037,3,826,1,0,0,4
ZONE_00038,7,683,0,1,0,1
ZONE_00039,9,2229,1,0,1,5
ZONE_00040,0,2833,1,0,0,5
ZONE_00041,1,1447,1,1,0,5
ZONE_00042,5,2701,1,0,1,2
ZONE_00043,0,2268,1,1,1,2
ZONE_00044,8,1383,0,0,0,4
ZONE_00045,2,920,1,1,0,4
ZONE_00046,1,716,0,0,0,1
ZONE_00047,2,2705,1,1,1,1
ZONE_00048,3,1129,1,0,1,2
ZONE_00049,6,2596,1,0,1,1
ZONE_00050,2,1767,1,1,0,2
ZONE_00051,1,2144,0,0,0,1
ZONE_00052,5,1843,1,1,0,5
ZONE_00053,3,718,0,1,1,2
ZONE_00054,3,2795,1,1,0,3
ZONE_00055,9,1465,1,0,1,2
ZONE_00056,8,2309,1,1,1,1
ZONE_00057,4,2383,1,1,1,2
ZONE_00058,6,527,1,1,0,3
ZONE_00059,8,1330,1,0,0,3
ZONE_00060,1,2218,1,0,0,3
ZONE_00061,6,2122,1,0,1,5
ZONE_00062,2,540,1,0,1,1
ZONE_00063,9,833,0,1,0,5
ZONE_00064,7,2704,0,0,1,1
ZONE_00065,5,706,0,1,0,2
ZONE_00066,2,2730,1,0,0,1
ZONE_00067,8,2723,1,0,1,1
ZONE_00068,6,2653,1,1,0,5
ZONE_00069,0,1384,0,1,0,4
ZONE_00070,5,826,0,1,0,1
ZONE_00071,6,2520,0,0,1,5
ZONE_00072,8,1417,1,0,0,1
ZONE_00073,6,1218,0,1,1,4
ZONE_00074,2,2580,1,0,1,5
ZONE_00075,6,1927,1,0,0,3
ZONE_00076,2,1387,0,1,1,4
ZONE_00077,1,956,0,1,0,4
ZONE_00078,5,2364,0,0,1,3
ZONE_00079,4,825,0,1,0,2
ZONE_00080,1,1632,0,0,0,4
ZONE_00081,6,2519,1,1,1,4
ZONE_00082,6,1857,1,0,1,2
ZONE_00083,5,1822,0,1,0,4
ZONE_00084,6,1398,1,0,0,1
ZONE_00085,4,1430,0,1,1,4
ZONE_00086,0,1956,0,1,1,1
ZONE_00087,4,2692,0,1,0,1
ZONE_00088,3,1812,0,1,1,5
ZONE_00089,1,759,0,1,0,3
ZONE_00090,5,1147,0,0,1,3
ZONE_00091,2,516,0,1,0,2
ZONE_00092,9,2434,1,0,1,3
ZONE_00093,7,888,1,1,1,3
ZONE_00094,7,1559,0,1,0,2
ZONE_00095,0,1892,1,1,1,2
ZONE_00096,8,1235,0,1,1,1
ZONE_00097,6,2075,0,1,1,5
ZONE_00098,7,793,1,0,0,2
ZONE_00099,4,1135,0,0,0,3
ZONE_00100,0,1999,1,0,0,3
ZONE_00101,5,926,0,1,1,2
ZONE_00102,2,1906,1,1,1,1
ZONE_00103,1,1215,0,1,1,4
ZONE_00104,1,2528,1,0,1,4
ZONE_00105,4,2710,0,0,1,5
ZONE_00106,5,2154,0,0,0,1
ZONE_00107,9,721,0,1,1,1
ZONE_00108,0,2153,0,0,1,4
ZONE_00109,4,2023,0,0,0,4
ZONE_00110,7,564,0,1,1,5
ZONE_00111,2,1368,0,0,0,4
ZONE_00112,7,2414,1,0,0,1
ZONE_00113,9,2398,1,1,0,5
ZONE_00114,9,1791,1,1,1,5
ZONE_00115,7,2773,0,0,0,5
ZONE_00116,9,1252,0,1,1,2
ZONE_00117,9,516,1,0,0,1
ZONE_00118,0,2551,1,0,1,4
ZONE_00119,1,2743,0,0,1,2
ZONE_00120,3,854,1,1,1,5
ZONE_00121,9,908,0,0,0,4
ZONE_00122,2,2199,1,1,0,4
ZONE_00123,2,1417,1,1,1,4
ZONE_00124,6,2699,1,1,1,1
ZONE_00125,3,2107,1,1,1,5
ZONE_00126,7,816,0,0,1,4
ZONE_00127,4,2444,1,0,1,3
ZONE_00128,6,974,0,0,0,2
ZONE_00129,7,1925,1,1,1,2
ZONE_00130,3,1877,1,1,0,5
ZONE_00131,7,964,1,0,0,5
ZONE_00132,2,1174,1,0,1,5
ZONE_00133,7,2139,1,0,0,4
ZONE_00134,4,1658,0,0,0,2
ZONE_00135,8,1442,1,0,0,1
ZONE_00136,7,628,0,1,0,2
ZONE_00137,6,662,0,1,0,2
ZONE_00138,8,2017,1,1,0,5
ZONE_00139,7,886,1,1,1,1
ZONE_00140,6,983,0,1,1,3
ZONE_00141,6,754,1,1,0,3
ZONE_00142,3,1451,1,0,1,2
ZONE_00143,3,2303,0,1,0,3
ZONE_00144,8,2426,1,0,1,2
ZONE_00145,9,2849,0,1,0,2
ZONE_00146,4,1513,0,0,1,5
ZONE_00147,2,2785,0,0,0,3
ZONE_00148,0,2199,0,0,0,4
ZONE_00149,3,2480,1,0,0,1
ZONE_00150,9,2690,1,1,1,3
ZONE_00151,6,1805,0,0,0,4
ZONE_00152,8,877,1,0,0,3
ZONE_00153,6,2680,1,0,1,4
ZONE_00154,6,645,1,1,0,5
ZONE_00155,3,1393,1,0,0,2
ZONE_00156,9,1053,1,1,0,4
ZONE_00157,6,1563,1,1,1,2
ZONE_00158,3,2109,1,0,1,5
ZONE_00159,7,1374,1,0,0,3
ZONE_00160,5,577,1,1,0,2
ZONE_00161,4,1908,1,1,1,1
ZONE_00162,3,1113,1,1,0,4
ZONE_00163,0,1672,0,1,0,4
ZONE_00164,8,654,0,1,1,2
ZONE_00165,8,2128,0,1,0,5
ZONE_00166,7,2456,0,1,0,5
ZONE_00167,0,1678,1,0,1,2
ZONE_00168,5,889,0,0,0,4
ZONE_00169,6,609,0,1,1,1
ZONE_00170,5,2507,1,1,0,1
ZONE_00171,8,2695,1,0,0,2
ZONE_00172,9,2456,0,0,0,2
ZONE_00173,1,2733,1,1,1,3
ZONE_00174,5,2102,1,0,0,5
ZONE_00175,1,2340,0,1,0,5
ZONE_00176,8,1613,1,0,0,5
ZONE_00177,2,2137,0,1,0,5
ZONE_00178,4,1362,0,1,0,5
ZONE_00179,2,2327,1,1,1,4
ZONE_00180,0,576,0,0,1,3
ZONE_00181,0,2500,0,1,0,2
ZONE_00182,1,950,1,1,1,4
ZONE_00183,8,1440,1,1,1,4
ZONE_00184,4,1159,1,1,0,5
ZONE_00185,8,2417,1,1,1,3
ZONE_00186,2,1664,0,0,1,3
ZONE_00187,5,1637,0,0,0,5
ZONE_00188,9,2704,1,1,0,4
ZONE_00189,3,641,1,0,0,1
ZONE_00190,7,2145,0,1,1,2
ZONE_00191,5,2924,0,1,0,4
ZONE_00192,5,509,0,1,0,1
ZONE_00193,0,2288,1,0,0,3
ZONE_00194,3,1284,0,0,1,3
ZONE_00195,7,2218,0,0,1,5
ZONE_00196,2,2521,1,0,0,3
ZONE_00197,3,1645,1,0,1,2
ZONE_00198,2,2312,1,1,1,4
ZONE_00199,8,1676,0,0,1,5
ZONE_00200,9,914,1,0,1,2
ZONE_00201,1,1610,1,1,1,2
ZONE_00202,0,1849,0,1,1,4
ZONE_00203,9,1401,1,0,0,5
ZONE_00204,3,2943,1,1,0,5
ZONE_00205,7,509,0,1,0,3
ZONE_00206,4,2658,0,0,0,3
ZONE_00207,5,1332,1,0,0,3
ZONE_00208,4,1822,1,1,1,1
ZONE_00209,0,1462,0,1,1,5
ZONE_00210,5,643,0,1,0,3
ZONE_00211,1,2460,0,1,1,3
ZONE_00212,5,1705,1,0,1,1
ZONE_00213,9,2951,0,1,1,2
ZONE_00214,2,1904,0,0,1,2
ZONE_00215,2,532,0,1,0,1
ZONE_00216,1,2964,0,1,1,5
ZONE_00217,9,1727,1,1,0,2
ZONE_00218,9,2426,0,1,1,4
ZONE_00219,8,2828,0,1,0,1
ZONE_00220,3,1658,1,1,1,5
ZONE_00221,3,1462,0,1,1,1
ZONE_00222,6,1148,0,0,0,1
ZONE_00223,4,1768,1,0,0,5
ZONE_00224,6,1005,0,1,1,4
ZONE_00225,1,1558,0,0,0,2
ZONE_00226,5,599,0,0,1,2
ZONE_00227,2,522,1,1,0,4
ZONE_00228,0,1776,0,0,0,2
ZONE_00229,7,1714,0,0,1,1
ZONE_00230,8,2340,0,1,1,4
ZONE_00231,8,1406,1,1,0,4
ZONE_00232,8,1978,0,0,1,2
ZONE_00233,4,1184,1,1,0,4
ZONE_00234,4,2559,0,1,1,2
ZONE_00235,3,2194,1,0,1,2
ZONE_00236,0,2610,1,0,0,5
ZONE_00237,7,1205,1,1,1,2
ZONE_00238,1,708,0,0,0,4
ZONE_00239,9,1753,0,1,0,2
ZONE_00240,4,2553,1,1,0,1
ZONE_00241,5,2974,0,0,1,1
ZONE_00242,0,1877,1,0,0,2
ZONE_00243,4,554,0,0,0,1
ZONE_00244,4,2084,0,1,1,1
ZONE_00245,5,2307,1,0,0,1
ZONE_00246,3,502,1,0,0,2
ZONE_00247,1,2168,1,0,0,4
ZONE_00248,0,2336,0,1,0,2
ZONE_00249,2,1896,0,0,1,1
ZONE_00250,0,957,1,1,1,3
ZONE_00251,4,2507,1,0,0,5
ZONE_00252,7,2561,1,1,0,4
ZONE_00253,0,646,1,1,0,2
ZONE_00254,9,2720,1,0,0,3
ZONE_00255,7,1166,0,0,0,1
ZONE_00256,5,524,1,1,0,2
ZONE_00257,1,2417,0,1,0,3
ZONE_00258,7,2177,0,1,1,1
ZONE_00259,8,2391,1,0,1,3
ZONE_00260,7,2029,0,1,0,5
ZONE_00261,2,1190,0,0,0,3
ZONE_00262,2,1815,1,1,0,1
ZONE_00263,2,2678,1,1,0,2
ZONE_00264,4,1723,0,1,1,1
ZONE_00265,9,2633,1,1,0,2
ZONE_00266,5,1019,1,1,1,2
ZONE_00267,9,1684,0,0,0,2
ZONE_00268,3,969,1,0,1,2
ZONE_00269,4,1529,0,0,1,5
ZONE_00270,1,1506,0,1,0,5
ZONE_00271,7,1488,0,0,0,2
ZONE_00272,9,1126,0,0,1,2
ZONE_00273,0,1794,1,0,1,3
ZONE_00274,3,2539,1,1,0,4
ZONE_00275,3,2530,0,1,1,3
ZONE_00276,4,1580,0,0,1,2
ZONE_00277,7,2218,1,0,1,5
ZONE_00278,7,2651,0,0,1,1
ZONE_00279,4,2200,1,0,1,4
ZONE_00280,7,1520,1,1,0,5
ZONE_00281,5,1126,0,0,0,5
ZONE_00282,7,2804,1,1,0,4
ZONE_00283,5,2436,0,1,1,4
ZONE_00284,1,2619,1,1,0,2
ZONE_00285,9,2619,0,1,1,2
ZONE_00286,3,812,1,0,0,5
ZONE_00287,2,2949,1,0,0,4
ZONE_00288,7,2020,1,0,1,2
ZONE_00289,0,2014,1,0,0,3
ZONE_00290,1,2150,0,1,1,3
ZONE_00291,5,2865,1,1,0,5
ZONE_00292,0,2802,0,0,1,5
ZONE_00293,7,2902,0,0,1,1
ZONE_00294,0,1078,1,0,0,2
ZONE_00295,2,1142,1,0,0,3
ZONE_00296,0,2378,1,0,1,1
ZONE_00297,6,1295,1,0,0,2
ZONE_00298,0,720,1,1,1,3
ZONE_00299,5,522,1,0,1,2
ZONE_00300,0,2961,1,1,0,1
ZONE_00301,7,2395,1,0,0,1
ZONE_00302,9,1431,0,1,0,3
ZONE_00303,8,1532,1,0,1,5
ZONE_00304,6,2600,0,1,1,2
ZONE_00305,8,2274,1,1,1,4
ZONE_00306,5,722,1,0,0,2
ZONE_00307,1,703,0,0,1,1
ZONE_00308,9,2882,0,0,0,4
ZONE_00309,0,1054,0,0,1,3
ZONE_00310,6,1664,0,1,0,3
ZONE_00311,5,2455,0,1,0,3
ZONE_00312,2,2064,0,1,1,5
ZONE_00313,8,2857,0,1,1,5
ZONE_00314,5,775,1,0,1,5
ZONE_00315,2,1820,1,1,1,1
ZONE_00316,1,1227,0,0,0,5
ZONE_00317,2,623,0,0,1,2
ZONE_00318,8,1744,1,1,1,2
ZONE_00319,1,2799,0,1,1,2
ZONE_00320,3,1250,1,0,0,3
ZONE_00321,3,2253,0,1,1,3
ZONE_00322,4,1778,0,0,1,4
ZONE_00323,5,2204,0,1,1,2
ZONE_00324,2,957,0,0,0,2
ZONE_00325,5,1343,0,1,1,4
ZONE_00326,5,1156,0,0,1,1
ZONE_00327,3,1022,0,1,1,3
ZONE_00328,0,1062,1,0,1,4
ZONE_00329,3,1523,1,0,1,3
ZONE_00330,3,2381,0,1,1,1
ZONE_00331,1,1821,0,0,0,1
ZONE_00332,0,819,0,0,0,4
ZONE_00333,4,1368,1,1,0,5
ZONE_00334,6,1798,1,0,0,4
ZONE_00335,1,1785,1,0,0,4
ZONE_00336,5,1192,1,0,1,3
ZONE_00337,7,2539,1,0,0,3
ZONE_00338,1,1775,1,0,1,1
ZONE_00339,3,2106,1,1,1,1
ZONE_00340,3,2012,0,1,0,2
ZONE_00341,2,2052,1,0,1,4
ZONE_00342,8,2255,0,1,1,3
ZONE_00343,5,989,1,1,1,3
ZONE_00344,2,726,1,1,1,4
ZONE_00345,4,1127,1,0,0,5
ZONE_00346,3,1750,0,0,0,3
ZONE_00347,1,990,1,1,1,3
ZONE_00348,4,1056,1,1,0,2
ZONE_00349,5,2709,0,1,1,3
ZONE_00350,9,1767,1,1,0,4
ZONE_00351,7,1774,1,1,1,1
ZONE_00352,4,2539,1,0,1,5
ZONE_00353,4,508,1,0,0,2
ZONE_00354,4,2782,0,1,1,2
ZONE_00355,9,2770,1,1,1,5
ZONE_00356,9,1174,0,1,1,5
ZONE_00357,9,2400,1,1,0,3
ZONE_00358,7,2128,0,1,1,3
ZONE_00359,4,788,1,0,1,4
ZONE_00360,2,2353,1,0,0,1
ZONE_00361,2,2167,1,1,0,5
ZONE_00362,1,2249,0,1,1,1
ZONE_00363,5,1205,1,1,1,5
ZONE_00364,2,2131,0,1,0,4
ZONE_00365,1,2619,1,1,0,5
ZONE_00366,3,1569,1,1,1,5
ZONE_00367,7,2836,0,0,1,3
ZONE_00368,2,2804,0,0,1,5
ZONE_00369,8,756,1,1,1,4
ZONE_00370,0,584,0,1,1,5
ZONE_00371,8,1897,0,1,1,1
ZONE_00372,5,1962,0,1,0,3
ZONE_00373,7,1748,0,1,1,5
ZONE_00374,7,657,0,1,1,5
ZONE_00375,9,2271,0,0,0,3
ZONE_00376,5,2285,1,1,0,2
ZONE_00377,9,1017,1,1,1,1
ZONE_00378,6,2761,1,1,0,5
ZONE_00379,6,625,1,1,1,2
ZONE_00380,8,1456,0,0,1,1
ZONE_00381,6,2576,1,1,1,2
ZONE_00382,3,1304,0,0,1,5
ZONE_00383,8,1151,0,1,1,4
ZONE_00384,9,2815,0,1,0,2
ZONE_00385,8,2218,0,1,1,3
ZONE_00386,1,1607,1,0,1,5
ZONE_00387,8,1132,1,1,1,2
ZONE_00388,1,1380,0,1,0,1
ZONE_00389,2,1043,1,1,1,4
ZONE_00390,2,936,0,1,0,3
ZONE_00391,1,2251,1,0,1,2
ZONE_00392,0,1933,1,1,0,1
ZONE_00393,6,664,1,1,1,3
ZONE_00394,5,1678,1,0,1,5
ZONE_00395,5,2464,0,0,1,1
ZONE_00396,8,2196,1,1,1,3
ZONE_00397,0,1505,1,0,1,1
ZONE_00398,8,2033,1,0,1,5
ZONE_00399,3,1201,0,1,1,4
ZONE_00400,9,2429,1,1,1,1
ZONE_00401,1,2993,1,1,0,3
ZONE_00402,5,2979,1,1,1,5
ZONE_00403,4,1051,1,1,0,3
ZONE_00404,6,1909,0,1,1,3
ZONE_00405,2,2853,0,1,1,1
ZONE_00406,5,2818,1,1,1,4
ZONE_00407,9,1270,0,1,1,5
ZONE_00408,8,2219,1,0,1,1
ZONE_00409,4,1407,0,1,0,2
ZONE_00410,5,2745,0,1,1,4
ZONE_00411,4,919,0,1,0,5
ZONE_00412,0,2178,0,0,0,4
ZONE_00413,9,2730,1,1,0,3
ZONE_00414,9,1561,0,1,1,5
ZONE_00415,0,2015,0,0,0,2
ZONE_00416,8,796,1,0,1,4
ZONE_00417,1,2718,1,0,0,5
ZONE_00418,0,1088,0,1,1,1
ZONE_00419,5,1208,0,0,0,5
ZONE_00420,0,825,1,1,0,2
ZONE_00421,1,2486,0,0,1,4
ZONE_00422,9,1794,0,0,1,1
ZONE_00423,8,2025,0,0,1,1
ZONE_00424,2,1906,1,0,0,5
ZONE_00425,3,2002,0,0,0,2
ZONE_00426,2,2587,0,0,0,2
ZONE_00427,2,2987,1,0,0,5
ZONE_00428,8,2612,1,1,0,2
ZONE_00429,2,2291,1,1,1,2
ZONE_00430,9,2758,0,0,1,5
ZONE_00431,1,1868,0,1,1,1
ZONE_00432,5,1185,1,0,1,5
ZONE_00433,2,2781,0,1,1,5
ZONE_00434,8,2244,0,0,0,2
ZONE_00435,7,642,1,0,1,5
ZONE_00436,9,2542,1,1,0,4
ZONE_00437,0,2323,1,0,0,2
ZONE_00438,8,1393,0,0,0,3
ZONE_00439,5,994,0,0,0,3
ZONE_00440,5,2882,1,0,1,1
ZONE_00441,4,1591,1,0,0,4
ZONE_00442,9,2968,1,1,0,2
ZONE_00443,6,739,1,1,1,2
ZONE_00444,6,2891,1,1,0,5
ZONE_00445,5,2381,1,0,0,1
ZONE_00446,8,2066,1,0,1,3
ZONE_00447,8,1912,0,0,0,1
ZONE_00448,4,2465,0,1,1,5
ZONE_00449,7,879,1,0,1,1
ZONE_00450,9,2188,0,1,0,4
ZONE_00451,0,1869,1,1,1,3
ZONE_00452,1,2615,1,0,1,5
ZONE_00453,8,953,0,1,0,5
ZONE_00454,7,2368,1,1,1,2
ZONE_00455,3,2646,0,0,0,3
ZONE_00456,7,1343,0,0,0,4
ZONE_00457,8,795,0,0,0,4
ZONE_00458,3,2321,0,1,1,5
ZONE_00459,3,2864,0,1,0,4
ZONE_00460,1,1463,1,0,1,5
ZONE_00461,7,1131,1,0,0,2
ZONE_00462,4,759,1,0,0,2
ZONE_00463,7,2823,1,0,1,1
ZONE_00464,4,958,0,0,1,5
ZONE_00465,2,1475,1,1,1,2
ZONE_00466,8,1359,1,1,1,3
ZONE_00467,2,1834,0,1,0,2
ZONE_00468,8,747,1,1,1,5
ZONE_00469,1,1262,0,1,0,4
ZONE_00470,4,1425,1,1,0,2
ZONE_00471,6,1850,0,1,1,4
ZONE_00472,7,1600,1,1,0,1
ZONE_00473,1,2627,1,1,1,5
ZONE_00474,6,2172,1,0,1,3
ZONE_00475,1,2691,1,0,0,3
ZONE_00476,8,1539,0,0,0,2
ZONE_00477,7,1572,0,0,0,1
ZONE_00478,7,2648,1,1,0,4
ZONE_00479,4,1136,1,0,0,5
ZONE_00480,3,1997,1,0,0,4
ZONE_00481,8,1407,1,1,0,3
ZONE_00482,4,845,1,1,0,3
ZONE_00483,4,769,1,1,0,1
ZONE_00484,0,1152,0,1,0,3
ZONE_00485,5,693,1,0,1,4
ZONE_00486,7,2189,0,0,1,5
ZONE_00487,9,1360,0,0,0,1
ZONE_00488,0,890,1,0,0,2
ZONE_00489,3,2395,0,0,1,5
ZONE_00490,1,2334,0,1,0,1
ZONE_00491,1,1634,0,0,0,4
ZONE_00492,9,501,1,1,1,5
ZONE_00493,3,1008,0,1,1,1
ZONE_00494,8,2122,0,0,1,2
ZONE_00495,8,2134,1,1,1,5
ZONE_00496,4,2064,1,1,1,4
ZONE_00497,5,1143,1,0,1,5
ZONE_00498,1,519,1,1,0,5
ZONE_00499,7,2782,1,0,1,3
ZONE_00500,2,2126,0,0,0,3
ZONE_00501,7,2764,0,0,1,3
ZONE_00502,1,2944,0,0,1,4
ZONE_00503,4,2241,0,1,1,4
ZONE_00504,0,2788,0,0,1,1
ZONE_00505,6,805,1,1,1,5
ZONE_00506,6,749,0,1,0,2
ZONE_00507,6,2937,1,1,0,1
ZONE_00508,6,531,0,1,1,1
ZONE_00509,7,2003,1,1,0,5
ZONE_00510,1,1877,0,0,0,3
ZONE_00511,7,1996,1,1,0,1
ZONE_00512,0,1586,0,0,1,2
ZONE_00513,5,901,1,0,1,3
ZONE_00514,5,2546,1,1,1,4
ZONE_00515,2,748,1,1,0,1
ZONE_00516,5,1485,0,1,1,3
ZONE_00517,1,2892,0,1,1,3
ZONE_00518,6,2235,0,0,1,2
ZONE_00519,9,1639,0,0,1,2
ZONE_00520,7,1231,1,1,1,5
ZONE_00521,2,2281,0,0,0,4
ZONE_00522,1,1935,1,1,0,3
ZONE_00523,1,767,1,1,1,3
ZONE_00524,0,2956,1,0,1,1
ZONE_00525,6,978,0,0,0,5
ZONE_00526,3,1198,1,0,1,3
ZONE_00527,8,2285,1,0,0,2
ZONE_00528,8,2690,1,0,0,1
ZONE_00529,1,2358,1,1,0,1
ZONE_00530,1,1860,0,1,1,1
ZONE_00531,8,2862,1,0,1,2
ZONE_00532,2,2917,0,1,0,5
ZONE_00533,8,2344,0,0,1,2
ZONE_00534,6,1353,1,1,1,5
ZONE_00535,6,2336,1,1,0,4
ZONE_00536,4,1416,1,1,0,4
ZONE_00537,0,2524,0,0,0,5
ZONE_00538,7,2899,1,0,0,1
ZONE_00539,1,1646,0,1,1,5
ZONE_00540,1,1687,1,0,0,5
ZONE_00541,4,1828,1,0,1,2
ZONE_00542,9,1904,1,1,1,1
ZONE_00543,2,2504,1,0,0,1
ZONE_00544,3,1155,1,1,0,3
ZONE_00545,3,2584,0,1,0,2
ZONE_00546,7,551,1,1,0,4
ZONE_00547,2,1679,0,0,0,5
ZONE_00548,0,2916,0,0,1,2
ZONE_00549,0,1332,1,1,0,2
ZONE_00550,7,2236,1,0,1,5
ZONE_00551,5,2665,0,1,1,2
ZONE_00552,4,839,0,0,0,3
ZONE_00553,3,1034,1,0,1,5
ZONE_00554,0,559,0,1,1,4
ZONE_00555,0,2271,0,1,0,4
ZONE_00556,1,2190,0,1,0,3
ZONE_00557,9,2034,1,0,0,4
ZONE_00558,4,1501,1,1,0,1
ZONE_00559,1,2103,0,1,0,2
ZONE_00560,5,2499,0,0,1,5
ZONE_00561,0,1986,1,0,0,4
ZONE_00562,3,1559,0,1,0,1
ZONE_00563,3,2080,0,1,1,5
ZONE_00564,9,1625,0,0,1,2
ZONE_00565,4,616,0,1,1,2
ZONE_00566,0,1585,1,1,1,5
ZONE_00567,9,1989,0,1,1,1
ZONE_00568,2,1013,1,1,0,3
ZONE_00569,7,1821,1,0,0,4
ZONE_00570,6,1329,0,1,1,4
ZONE_00571,4,980,0,0,0,2
ZONE_00572,8,2709,0,0,0,4
ZONE_00573,4,1951,1,0,1,1
ZONE_00574,5,757,0,0,1,4
ZONE_00575,2,2310,1,1,0,4
ZONE_00576,1,1928,0,0,1,4
ZONE_00577,8,1356,0,0,0,3
ZONE_00578,0,1522,0,1,0,2
ZONE_00579,5,2627,0,0,0,2
ZONE_00580,3,1315,1,1,0,4
ZONE_00581,6,1383,1,0,1,5
ZONE_00582,0,2102,0,1,0,5
ZONE_00583,1,2126,1,1,0,5
ZONE_00584,5,2349,1,1,1,5
ZONE_00585,6,2611,1,1,1,4
ZONE_00586,4,1031,0,0,1,1
ZONE_00587,7,1062,1,1,0,3
ZONE_00588,6,862,0,1,0,2
ZONE_00589,4,2371,0,1,0,2
ZONE_00590,6,1988,1,1,0,1
ZONE_00591,6,2223,0,1,0,5
ZONE_00592,7,2558,1,0,0,5
ZONE_00593,8,1483,1,1,1,5
ZONE_00594,6,1843,0,1,0,3
ZONE_00595,8,2051,1,1,0,2
ZONE_00596,6,2753,0,1,0,3
ZONE_00597,1,2830,1,0,1,1
ZONE_00598,9,1102,1,1,1,4
ZONE_00599,3,2102,0,1,1,5
ZONE_00600,1,560,0,0,1,3
ZONE_00601,7,1313,1,1,0,3
ZONE_00602,5,1254,0,0,1,1
ZONE_00603,3,1509,1,1,1,2
ZONE_00604,1,1277,0,0,0,5
ZONE_00605,0,1129,0,1,1,1
ZONE_00606,3,636,1,0,1,4
ZONE_00607,1,2095,0,0,1,2
ZONE_00608,5,736,1,0,0,5
ZONE_00609,3,1484,0,0,1,3
ZONE_00610,7,1243,0,1,0,1
ZONE_00611,3,1740,1,0,1,2
ZONE_00612,5,2523,1,1,0,1
ZONE_00613,3,1860,0,1,0,4
ZONE_00614,7,1105,1,1,0,2
ZONE_00615,1,562,0,0,1,3
ZONE_00616,9,2667,0,1,0,1
ZONE_00617,1,2694,1,0,0,3
ZONE_00618,3,1435,0,1,1,1
ZONE_00619,9,2212,0,1,1,5
ZONE_00620,6,1338,1,0,0,5
ZONE_00621,3,1220,1,1,1,2
ZONE_00622,3,1771,1,0,0,1
ZONE_00623,0,1946,0,0,1,5
ZONE_00624,9,2426,0,1,0,4
ZONE_00625,1,2106,1,1,0,2
ZONE_00626,6,904,0,0,1,2
ZONE_00627,2,1974,0,1,0,4
ZONE_00628,1,1204,1,0,1,3
ZONE_00629,8,1269,0,0,0,5
ZONE_00630,3,1771,0,1,0,4
ZONE_00631,6,1638,1,0,0,2
ZONE_00632,9,2675,1,0,1,5
ZONE_00633,8,986,1,0,1,4
ZONE_00634,2,1893,1,1,1,5
ZONE_00635,2,2388,0,1,0,4
ZONE_00636,8,2488,1,0,0,1
ZONE_00637,7,2625,0,1,1,3
ZONE_00638,8,2489,1,1,0,3
ZONE_00639,2,2111,0,0,1,1
ZONE_00640,8,506,0,0,1,2
ZONE_00641,9,2227,0,0,1,3
ZONE_00642,3,1152,1,1,1,2
ZONE_00643,7,2156,1,1,1,1
ZONE_00644,7,1046,1,0,0,4
ZONE_00645,5,2447,0,1,0,2
ZONE_00646,2,1999,0,0,0,4
ZONE_00647,8,2623,1,1,1,5
ZONE_00648,2,662,1,0,0,3
ZONE_00649,2,1748,0,0,1,4
ZONE_00650,1,1891,0,1,1,4
ZONE_00651,0,642,1,0,0,4
ZONE_00652,9,2479,1,0,0,4
ZONE_00653,5,2935,1,1,1,4
ZONE_00654,2,2885,1,1,0,1
ZONE_00655,9,940,0,0,1,3
ZONE_00656,5,1361,0,1,0,1
ZONE_00657,2,1235,1,0,0,5
ZONE_00658,9,2245,0,0,1,1
ZONE_00659,3,990,0,0,0,1
ZONE_00660,3,2529,1,0,0,5
ZONE_00661,4,2055,1,0,0,4
ZONE_00662,7,586,0,1,1,5
ZONE_00663,5,1937,0,1,1,3
ZONE_00664,7,2377,0,1,0,3
ZONE_00665,4,1596,0,1,1,1
ZONE_00666,2,2207,1,1,1,3
ZONE_00667,3,1882,0,0,1,3
ZONE_00668,9,1727,0,1,0,3
ZONE_00669,3,504,0,1,0,4
ZONE_00670,4,2051,0,0,1,5
ZONE_00671,0,1507,1,1,1,4
ZONE_00672,1,2717,0,0,0,3
ZONE_00673,1,991,0,0,0,1
ZONE_00674,8,1426,1,0,0,1
ZONE_00675,1,1830,0,1,1,5
ZONE_00676,7,1887,1,1,1,5
ZONE_00677,2,1301,0,0,0,2
ZONE_00678,3,1027,0,1,1,5
ZONE_00679,0,2299,1,1,1,1
ZONE_00680,7,1093,0,1,1,3
ZONE_00681,4,829,1,0,0,5
ZONE_00682,5,709,0,0,1,2
ZONE_00683,0,2762,1,0,1,1
ZONE_00684,7,886,0,0,1,4
ZONE_00685,4,1731,0,0,0,2
ZONE_00686,8,791,1,1,0,3
ZONE_00687,0,2872,0,0,1,4
ZONE_00688,6,2860,1,1,1,2
ZONE_00689,0,905,1,0,0,5
ZONE_00690,0,2211,0,1,1,3
ZONE_00691,0,1680,0,1,0,3
ZONE_00692,1,1035,0,1,1,3
ZONE_00693,4,2261,0,0,0,4
ZONE_00694,0,2252,0,0,1,4
ZONE_00695,2,1862,0,0,1,2
ZONE_00696,7,2730,1,1,0,1
ZONE_00697,3,2096,1,1,0,5
ZONE_00698,5,2335,1,1,0,4
ZONE_00699,8,935,0,1,0,3
ZONE_00700,6,1033,0,0,1,1
ZONE_00701,2,2107,0,0,1,4
ZONE_00702,5,1429,0,0,1,2
ZONE_00703,4,2277,1,0,0,3
ZONE_00704,0,2339,0,0,0,5
ZONE_00705,2,782,1,1,0,1
ZONE_00706,7,518,1,1,1,4
ZONE_00707,9,1524,1,1,0,5
ZONE_00708,4,653,1,1,1,3
ZONE_00709,2,2536,1,1,1,3
ZONE_00710,5,946,1,0,1,3
ZONE_00711,1,2908,1,0,1,5
ZONE_00712,0,2328,0,0,1,1
ZONE_00713,4,1997,0,1,0,3
ZONE_00714,6,1721,1,0,1,4
ZONE_00715,3,1548,1,0,1,2
ZONE_00716,9,816,0,0,0,4
ZONE_00717,3,2712,0,1,1,4
ZONE_00718,1,2346,0,0,1,2
ZONE_00719,1,1231,1,1,1,5
ZONE_00720,6,1749,0,0,0,4
ZONE_00721,4,2263,1,1,0,4
ZONE_00722,9,1695,0,1,1,3
ZONE_00723,9,1781,0,1,1,1
ZONE_00724,6,1594,0,1,0,5
ZONE_00725,1,1131,0,0,1,3
ZONE_00726,2,904,0,1,0,3
ZONE_00727,8,641,0,0,1,3
ZONE_00728,8,598,0,0,1,3
ZONE_00729,1,1307,0,1,0,4
ZONE_00730,4,2896,0,0,1,3
ZONE_00731,0,1130,1,1,0,3
ZONE_00732,0,1961,1,1,1,3
ZONE_00733,3,2532,1,1,1,2
ZONE_00734,1,757,1,0,0,4
ZONE_00735,8,584,0,0,0,5
ZONE_00736,7,2929,0,1,0,4
ZONE_00737,7,875,0,0,1,5
ZONE_00738,0,1395,1,0,1,3
ZONE_00739,1,2411,0,1,0,5
ZONE_00740,5,551,1,1,0,2
ZONE_00741,9,2899,0,1,1,1
ZONE_00742,0,1916,1,0,0,4
ZONE_00743,9,2990,1,0,0,5
ZONE_00744,0,1274,1,0,1,3
ZONE_00745,8,1227,0,1,0,3
ZONE_00746,9,827,0,0,1,1
ZONE_00747,1,1802,1,0,0,2
ZONE_00748,1,2424,1,1,1,4
ZONE_00749,2,2394,1,0,0,4
ZONE_00750,6,2411,0,0,0,5
ZONE_00751,6,989,1,1,1,3
ZONE_00752,0,1945,0,1,1,4
ZONE_00753,1,1097,0,1,1,5
ZONE_00754,4,856,0,0,0,4
ZONE_00755,9,2014,1,0,1,2
ZONE_00756,0,641,1,0,1,3
ZONE_00757,0,2975,0,1,0,4
ZONE_00758,7,2476,0,0,0,3
ZONE_00759,3,868,1,1,0,4
ZONE_00760,8,1258,1,1,1,3
ZONE_00761,4,1956,1,0,0,1
ZONE_00762,2,875,1,1,1,4
ZONE_00763,7,511,0,0,1,1
ZONE_00764,0,1473,1,0,1,4
ZONE_00765,5,585,1,0,0,3
ZONE_00766,9,1427,0,0,0,5
ZONE_00767,8,2419,0,1,1,5
ZONE_00768,9,2478,0,1,1,5
ZONE_00769,7,2283,1,1,1,2
ZONE_00770,9,2090,1,1,1,2
ZONE_00771,6,2552,1,1,1,1
ZONE_00772,9,554,0,0,0,5
ZONE_00773,5,941,0,1,0,5
ZONE_00774,3,541,0,1,0,1
ZONE_00775,3,901,1,0,0,1
ZONE_00776,1,1869,1,1,0,3
ZONE_00777,9,1936,1,0,0,5
ZONE_00778,5,1895,1,0,0,1
ZONE_00779,8,2295,0,1,1,5
ZONE_00780,9,1061,1,0,1,1
ZONE_00781,9,1994,0,1,1,1
ZONE_00782,8,2584,1,0,1,1
ZONE_00783,3,1974,1,1,0,3
ZONE_00784,1,2152,0,0,0,2
ZONE_00785,2,1252,1,1,1,1
ZONE_00786,8,2190,0,1,1,4
ZONE_00787,5,2564,0,1,1,5
ZONE_00788,7,2924,1,1,0,3
ZONE_00789,3,1105,1,1,1,2
ZONE_00790,2,2293,0,1,0,1
ZONE_00791,8,2968,0,0,0,2
ZONE_00792,1,2899,0,1,0,3
ZONE_00793,7,1062,0,0,1,5
ZONE_00794,9,1566,1,0,0,2
ZONE_00795,2,632,1,1,0,1
ZONE_00796,8,1809,1,1,1,1
ZONE_00797,4,2935,1,0,0,1
ZONE_00798,4,806,0,1,0,3
ZONE_00799,4,1975,0,0,1,4
ZONE_00800,1,1380,0,0,0,3
ZONE_00801,0,1480,0,0,0,1
ZONE_00802,4,2693,1,0,1,1
ZONE_00803,2,2945,1,0,0,1
ZONE_00804,8,1638,1,0,1,3
ZONE_00805,9,2196,0,0,1,4
ZONE_00806,4,1325,1,0,1,2
ZONE_00807,1,1122,1,0,0,3
ZONE_00808,0,2950,0,0,0,4
ZONE_00809,8,1333,1,0,0,5
ZONE_00810,7,954,0,1,1,5
ZONE_00811,8,1973,1,0,0,2
ZONE_00812,9,838,0,1,0,1
ZONE_00813,4,700,1,1,0,5
ZONE_00814,6,2214,1,1,0,2
ZONE_00815,4,1273,1,1,0,5
ZONE_00816,1,2619,1,1,1,2
ZONE_00817,4,829,0,0,0,1
ZONE_00818,2,1132,1,0,1,2
ZONE_00819,5,1299,0,1,0,3
ZONE_00820,4,1160,1,1,0,2
ZONE_00821,3,2832,1,1,1,4
ZONE_00822,5,1694,1,0,0,2
ZONE_00823,3,2350,0,0,0,2
ZONE_00824,3,2045,0,1,0,3
ZONE_00825,6,663,1,1,0,4
ZONE_00826,2,2635,1,1,0,3
ZONE_00827,6,956,0,0,1,1
ZONE_00828,2,2213,0,0,1,2
ZONE_00829,3,2075,1,0,0,5
ZONE_00830,0,1208,1,1,1,5
ZONE_00831,5,1872,1,1,1,1
ZONE_00832,6,975,1,1,0,1
ZONE_00833,0,857,0,0,1,1
ZONE_00834,5,795,0,1,0,2
ZONE_00835,4,508,0,0,0,3
ZONE_00836,3,861,0,1,1,2
ZONE_00837,9,2242,0,1,0,1
ZONE_00838,5,2306,0,0,1,1
ZONE_00839,4,2442,1,1,1,4
ZONE_00840,3,1011,0,1,1,5
ZONE_00841,4,1159,1,1,0,4
ZONE_00842,2,1529,0,1,0,5
ZONE_00843,2,774,1,1,1,5
ZONE_00844,1,2679,0,1,0,1
ZONE_00845,1,2793,1,0,0,3
ZONE_00846,6,1764,1,1,0,2
ZONE_00847,4,1757,1,1,1,1
ZONE_00848,4,1466,0,1,0,5
ZONE_00849,6,663,0,0,1,4
ZONE_00850,1,2807,0,0,0,5
ZONE_00851,9,2766,1,1,1,2
ZONE_00852,2,2069,1,0,0,1
ZONE_00853,0,2491,0,0,0,2
ZONE_00854,3,2732,1,0,0,4
ZONE_00855,1,2504,0,1,1,1
ZONE_00856,7,1949,0,0,0,5
ZONE_00857,8,1299,1,1,0,4
ZONE_00858,5,2012,1,0,0,2
ZONE_00859,2,1585,1,0,0,5
ZONE_00860,5,1416,1,1,0,5
ZONE_00861,0,2477,1,1,0,3
ZONE_00862,6,2909,0,1,0,1
ZONE_00863,0,2616,0,1,1,1
ZONE_00864,4,1975,1,0,0,3
ZONE_00865,2,2767,1,1,1,3
ZONE_00866,4,2222,0,1,1,1
ZONE_00867,2,1126,0,0,1,2
ZONE_00868,1,1849,0,1,1,2
ZONE_00869,8,1774,1,0,1,3
ZONE_00870,9,1231,0,0,0,2
ZONE_00871,9,1675,1,1,1,2
ZONE_00872,5,1052,1,0,0,4
ZONE_00873,6,726,1,0,1,2
ZONE_00874,0,968,0,0,0,4
ZONE_00875,0,1573,1,0,1,3
ZONE_00876,5,1553,1,0,0,3
ZONE_00877,7,2398,1,0,1,1
ZONE_00878,2,1967,0,1,0,1
ZONE_00879,4,2559,0,1,0,2
ZONE_00880,9,2619,0,0,1,3
ZONE_00881,4,2368,1,1,0,5
ZONE_00882,7,2881,1,0,0,3
ZONE_00883,6,2808,0,1,1,4
ZONE_00884,5,2444,1,0,1,3
ZONE_00885,8,2969,0,0,0,5
ZONE_00886,3,1497,1,1,0,5
ZONE_00887,7,1823,1,0,0,4
ZONE_00888,2,1979,0,1,1,5
ZONE_00889,0,932,0,0,0,3
ZONE_00890,3,1790,1,0,1,5
ZONE_00891,3,1245,1,1,1,1
ZONE_00892,0,2325,0,0,0,2
ZONE_00893,6,741,0,1,1,4
ZONE_00894,7,535,0,1,1,2
ZONE_00895,9,2866,0,0,0,4
ZONE_00896,8,2902,0,1,0,1
ZONE_00897,8,1487,1,0,1,3
ZONE_00898,3,2028,1,1,0,1
ZONE_00899,0,2130,0,1,1,5
ZONE_00900,4,1632,0,1,0,4
ZONE_00901,8,2935,1,0,0,3
ZONE_00902,6,1644,1,0,1,5
ZONE_00903,4,2523,1,1,0,2
ZONE_00904,4,2831,0,0,1,5
ZONE_00905,5,1602,0,0,0,2
ZONE_00906,0,1764,1,0,0,1
ZONE_00907,4,2144,1,0,1,5
ZONE_00908,4,596,0,1,0,4
ZONE_00909,0,1934,1,0,1,3
ZONE_00910,7,2319,1,0,1,2
ZONE_00911,5,1382,1,0,1,5
ZONE_00912,5,1895,1,0,1,5
ZONE_00913,1,2489,1,0,0,1
ZONE_00914,5,2441,1,0,1,3
ZONE_00915,7,2492,0,1,0,3
ZONE_00916,2,2858,0,1,1,2
ZONE_00917,1,1565,0,0,1,2
ZONE_00918,3,811,0,1,1,1
ZONE_00919,5,2443,1,1,0,4
ZONE_00920,7,671,1,0,1,3
ZONE_00921,6,1712,0,1,1,4
ZONE_00922,4,2457,0,0,1,2
ZONE_00923,0,2035,1,1,1,1
ZONE_00924,1,1497,0,0,1,1
ZONE_00925,0,2740,0,1,0,5
ZONE_00926,1,1578,0,0,1,2
ZONE_00927,4,2346,1,1,1,4
ZONE_00928,7,1322,1,1,1,2
ZONE_00929,0,629,1,1,1,4
ZONE_00930,9,586,0,1,1,2
ZONE_00931,0,562,1,1,0,5
ZONE_00932,2,975,1,0,0,2
ZONE_00933,9,957,1,0,1,4
ZONE_00934,0,597,0,0,1,4
ZONE_00935,8,2717,0,1,0,3
ZONE_00936,5,1251,1,1,1,3
ZONE_00937,5,1049,0,0,1,1
ZONE_00938,3,2992,0,1,1,3
ZONE_00939,6,690,0,1,1,5
ZONE_00940,5,2274,1,1,1,2
ZONE_00941,0,626,1,0,1,1
ZONE_00942,0,2654,1,1,1,2
ZONE_00943,3,763,1,1,0,3
ZONE_00944,7,1999,1,0,0,4
ZONE_00945,0,2522,0,1,1,5
ZONE_00946,8,2929,1,1,0,4
ZONE_00947,7,1611,0,0,1,5
ZONE_00948,0,1653,1,1,0,1
ZONE_00949,9,731,1,1,0,2
ZONE_00950,5,2884,1,1,0,5
ZONE_00951,8,516,1,0,1,5
ZONE_00952,8,2592,1,0,0,4
ZONE_00953,3,2284,1,1,1,4
ZONE_00954,3,1971,0,1,1,5
ZONE_00955,3,1509,0,1,1,4
ZONE_00956,4,1751,0,0,1,1
ZONE_00957,5,764,1,0,0,5
ZONE_00958,9,1094,1,0,0,3
ZONE_00959,2,1547,1,0,1,5
ZONE_00960,2,2037,0,0,1,3
ZONE_00961,9,754,0,0,1,1
ZONE_00962,0,2196,1,0,1,5
ZONE_00963,5,938,1,1,1,2
ZONE_00964,9,663,0,0,0,5
ZONE_00965,4,990,1,0,0,2
ZONE_00966,3,894,0,0,1,4
ZONE_00967,6,1991,1,0,0,4
ZONE_00968,5,2204,0,1,0,3
ZONE_00969,6,2371,0,0,1,5
ZONE_00970,1,1798,1,1,0,4
ZONE_00971,8,1988,1,1,0,1
ZONE_00972,0,1493,0,0,1,5
ZONE_00973,8,2623,0,0,1,3
ZONE_00974,1,1601,1,1,0,5
ZONE_00975,3,2880,0,1,0,4
ZONE_00976,0,2637,1,0,0,5
ZONE_00977,9,1322,1,0,1,2
ZONE_00978,2,683,1,1,0,2
ZONE_00979,5,505,1,0,1,2
ZONE_00980,3,1223,0,1,0,5
ZONE_00981,0,2417,1,1,0,4
ZONE_00982,7,548,0,0,0,5
ZONE_00983,7,1168,1,0,0,2
ZONE_00984,5,872,0,0,0,4
ZONE_00985,6,1172,1,1,1,2
ZONE_00986,9,1032,1,0,0,4
ZONE_00987,6,1465,0,0,1,5
ZONE_00988,4,1721,1,0,1,1
ZONE_00989,4,920,0,0,0,4
ZONE_00990,4,1473,1,0,1,2
ZONE_00991,7,1984,1,0,0,1
ZONE_00992,0,1351,1,1,0,3
ZONE_00993,3,1004,0,0,0,3
ZONE_00994,1,2366,0,0,1,1
ZONE_00995,3,1027,0,1,0,3
ZONE_00996,5,2401,1,0,0,2
ZONE_00997,1,2540,1,0,0,5
ZONE_00998,4,793,1,0,1,2
ZONE_00999,3,2534,1,1,1,3
ZONE_01000,1,2067,0,0,0,3
ZONE_01001,9,1295,1,1,0,1
ZONE_01002,6,2323,1,0,0,3
ZONE_01003,6,952,0,1,0,5
ZONE_01004,0,1010,1,0,1,4
ZONE_01005,4,1322,1,1,1,4
ZONE_01006,3,2972,0,1,0,1
ZONE_01007,7,921,1,1,0,4
ZONE_01008,5,831,0,0,0,4
ZONE_01009,3,1532,1,0,1,2
ZONE_01010,9,2888,1,1,1,3
ZONE_01011,8,750,1,1,1,3
ZONE_01012,1,2957,1,0,1,2
ZONE_01013,4,2680,0,1,0,3
ZONE_01014,9,2845,0,1,1,3
ZONE_01015,0,1031,1,0,0,3
ZONE_01016,7,547,1,1,1,5
ZONE_01017,8,2114,1,0,1,1
ZONE_01018,5,2054,0,1,1,4
ZONE_01019,8,2826,1,1,1,4
ZONE_01020,5,1748,0,0,0,5
ZONE_01021,6,1244,1,0,0,3
ZONE_01022,4,2868,1,1,0,4
ZONE_01023,6,1143,1,0,0,3
ZONE_01024,6,2090,0,0,1,5
ZONE_01025,6,677,1,1,1,5
ZONE_01026,3,1758,0,1,1,3
ZONE_01027,7,1076,0,0,1,3
ZONE_01028,8,2580,0,1,0,1
ZONE_01029,9,2336,1,1,0,5
ZONE_01030,3,2838,0,1,1,4
ZONE_01031,2,1020,0,0,1,5
ZONE_01032,0,1467,1,1,1,3
ZONE_01033,8,2315,1,1,1,3
ZONE_01034,2,1869,0,1,0,3
ZONE_01035,6,1998,0,0,1,5
ZONE_01036,8,2170,1,1,1,5
ZONE_01037,9,2404,1,0,0,4
ZONE_01038,5,1668,0,0,0,4
ZONE_01039,4,1502,0,1,0,5
ZONE_01040,1,843,1,1,1,5
ZONE_01041,4,1799,1,0,0,1
ZONE_01042,2,1655,1,1,1,1
ZONE_01043,2,1785,1,1,1,2
ZONE_01044,4,1138,0,1,1,5
ZONE_01045,6,1665,1,1,0,4
ZONE_01046,0,1497,1,0,1,1
ZONE_01047,1,2146,0,0,0,2
ZONE_01048,9,1324,0,0,1,2
ZONE_01049,6,953,1,0,0,5
ZONE_01050,4,733,1,1,0,4
ZONE_01051,9,577,1,0,0,2
ZONE_01052,9,1715,1,1,0,4
ZONE_01053,4,2873,0,1,0,1
ZONE_01054,8,1999,0,1,1,2
ZONE_01055,5,2309,1,1,1,3
ZONE_01056,9,2473,0,0,1,1
ZONE_01057,7,2367,0,1,0,1
ZONE_01058,5,2922,1,0,0,3
ZONE_01059,2,1742,0,0,0,2
ZONE_01060,8,2921,0,0,0,4
ZONE_01061,4,1898,0,0,0,1
ZONE_01062,0,2143,0,1,0,4
ZONE_01063,9,2038,1,0,1,4
ZONE_01064,0,2482,0,0,1,1
ZONE_01065,5,1398,1,0,1,1
ZONE_01066,8,1038,1,1,0,5
ZONE_01067,9,927,1,0,0,4
ZONE_01068,4,1540,0,0,1,3
ZONE_01069,6,2389,0,0,1,2
ZONE_01070,1,2566,0,0,0,4
ZONE_01071,7,666,1,1,0,5
ZONE_01072,5,2737,1,1,0,3
ZONE_01073,0,1913,1,0,0,4
ZONE_01074,3,521,1,0,1,3
ZONE_01075,9,540,1,1,1,3
ZONE_01076,3,740,0,0,1,3
ZONE_01077,8,2629,0,1,1,1
ZONE_01078,5,1227,0,0,0,4
ZONE_01079,6,657,1,0,0,4
ZONE_01080,6,979,0,1,0,4
ZONE_01081,6,1220,0,1,0,4
ZONE_01082,9,2032,0,1,0,1
ZONE_01083,1,2843,1,0,0,2
ZONE_01084,9,1248,0,0,0,1
ZONE_01085,5,2430,1,0,0,4
ZONE_01086,8,1505,0,1,0,2
ZONE_01087,8,785,0,1,1,2
ZONE_01088,8,2059,0,1,1,3
ZONE_01089,1,614,0,1,0,3
ZONE_01090,0,2552,1,1,1,2
ZONE_01091,4,2355,0,1,1,3
ZONE_01092,1,2541,1,0,1,5
ZONE_01093,0,1550,0,0,0,5
ZONE_01094,5,1454,0,0,0,1
ZONE_01095,6,1299,1,0,0,4
ZONE_01096,2,2439,1,0,1,4
ZONE_01097,2,2687,0,0,1,2
ZONE_01098,2,2647,0,0,0,2
ZONE_01099,5,751,1,1,0,5
ZONE_01100,5,737,1,0,1,3
ZONE_01101,2,1130,0,0,0,5
ZONE_01102,1,1486,1,1,1,4
ZONE_01103,2,2360,1,0,1,5
ZONE_01104,8,2449,1,0,0,3
ZONE_01105,9,681,1,0,1,1
ZONE_01106,9,1743,1,0,0,2
ZONE_01107,7,931,0,1,1,3
ZONE_01108,2,1992,1,0,0,2
ZONE_01109,2,604,1,0,1,2
ZONE_01110,7,775,1,1,1,4
ZONE_01111,5,891,1,1,1,5
ZONE_01112,4,1478,1,1,0,4
ZONE_01113,0,1911,1,1,0,5
ZONE_01114,8,2495,0,1,1,2
ZONE_01115,2,2664,1,0,0,1
ZONE_01116,7,1377,1,0,1,1
ZONE_01117,4,1195,1,0,1,5
ZONE_01118,4,2266,1,0,1,3
ZONE_01119,4,2941,0,0,1,3
ZONE_01120,2,1140,1,1,1,3
ZONE_01121,9,1229,1,1,1,5
ZONE_01122,8,2154,1,0,1,2
ZONE_01123,3,2568,0,1,1,4
ZONE_01124,5,1690,0,1,1,5
ZONE_01125,6,2682,0,0,1,1
ZONE_01126,3,1724,1,0,1,1
ZONE_01127,1,2830,0,0,0,2
ZONE_01128,3,973,1,0,1,3
ZONE_01129,0,2071,0,1,0,5
ZONE_01130,8,2443,1,1,1,2
ZONE_01131,7,2373,1,1,1,3
ZONE_01132,6,1503,0,0,1,4
ZONE_01133,5,1555,1,1,1,2
ZONE_01134,6,1528,1,1,0,3
ZONE_01135,9,1433,1,0,0,4
ZONE_01136,7,1798,1,0,1,3
ZONE_01137,7,2303,0,0,1,5
ZONE_01138,6,719,0,1,1,4
ZONE_01139,0,1077,1,0,1,1
ZONE_01140,8,2846,1,1,1,5
ZONE_01141,0,1384,0,1,0,2
ZONE_01142,4,1145,1,0,1,4
ZONE_01143,5,1414,1,0,1,4
ZONE_01144,6,580,0,1,1,5
ZONE_01145,4,907,1,0,1,3
ZONE_01146,9,2197,1,0,0,2
ZONE_01147,3,1798,1,0,0,2
ZONE_01148,0,1097,0,0,0,3
ZONE_01149,6,2101,0,1,1,1
ZONE_01150,1,2791,1,1,1,4
ZONE_01151,0,2371,0,1,0,2
ZONE_01152,4,2466,1,1,0,5
ZONE_01153,2,1129,0,1,0,5
ZONE_01154,9,1184,1,0,1,5
ZONE_01155,6,892,0,1,0,5
ZONE_01156,4,550,0,0,1,5
ZONE_01157,3,2071,0,0,0,3
ZONE_01158,9,2086,0,1,1,5
ZONE_01159,6,655,1,0,0,5
ZONE_01160,2,799,0,0,0,1
ZONE_01161,6,2589,1,1,0,2
ZONE_01162,2,1926,0,0,0,3
ZONE_01163,1,1337,0,1,0,3
ZONE_01164,3,1679,1,1,0,4
ZONE_01165,6,2348,0,0,1,5
ZONE_01166,4,2956,1,1,0,3
ZONE_01167,7,1481,0,1,0,3
ZONE_01168,0,2985,1,0,1,3
ZONE_01169,5,738,0,1,1,3
ZONE_01170,1,2578,0,0,1,3
ZONE_01171,2,1981,1,0,1,2
ZONE_01172,8,1363,0,0,0,2
ZONE_01173,5,2204,1,0,1,3
ZONE_01174,9,2346,0,0,1,1
ZONE_01175,3,1071,0,1,1,4
ZONE_01176,4,2071,0,0,1,1
ZONE_01177,6,2995,0,1,0,2
ZONE_01178,1,1841,1,0,0,3
ZONE_01179,0,2242,1,1,1,1
ZONE_01180,4,2255,0,0,1,4
ZONE_01181,1,1993,1,1,0,5
ZONE_01182,8,1632,1,0,1,3
ZONE_01183,9,2812,0,1,1,5
ZONE_01184,2,1991,1,0,0,1
ZONE_01185,1,910,1,0,1,4
ZONE_01186,3,1002,0,1,1,2
ZONE_01187,6,2387,0,1,0,2
ZONE_01188,0,2729,0,0,1,5
ZONE_01189,7,2485,1,1,1,4
ZONE_01190,1,2276,0,0,1,3
ZONE_01191,7,2584,1,1,1,1
ZONE_01192,4,2401,1,1,1,1
ZONE_01193,2,1093,0,0,1,1
ZONE_01194,8,1284,1,1,0,2
ZONE_01195,8,683,1,0,1,1
ZONE_01196,3,1100,1,0,0,1
ZONE_01197,1,1843,1,0,1,5
ZONE_01198,5,1526,1,1,0,4
ZONE_01199,6,2542,0,0,1,5
ZONE_01200,9,2563,0,1,1,1
ZONE_01201,4,2809,0,1,0,3
ZONE_01202,1,1202,1,0,0,2
ZONE_01203,9,1724,0,1,0,5
ZONE_01204,0,1929,0,0,1,5
ZONE_01205,2,759,1,1,0,5
ZONE_01206,0,2117,0,0,1,2
ZONE_01207,3,2472,1,1,0,5
ZONE_01208,4,2784,0,0,1,5
ZONE_01209,6,1498,0,0,0,3
ZONE_01210,4,2776,1,1,0,3
ZONE_01211,0,2638,0,0,1,4
ZONE_01212,6,2681,0,1,0,1
ZONE_01213,8,2818,0,0,0,4
ZONE_01214,3,2876,0,1,0,3
ZONE_01215,6,1733,0,0,1,5
ZONE_01216,9,548,1,0,1,3
ZONE_01217,4,2965,0,0,0,2
ZONE_01218,5,2035,0,0,1,3
ZONE_01219,8,2541,0,1,1,5
ZONE_01220,0,603,0,0,1,2
ZONE_01221,1,2602,0,1,1,2
ZONE_01222,4,1026,0,0,0,4
ZONE_01223,0,1361,0,0,1,5
ZONE_01224,6,2950,1,0,1,3
ZONE_01225,9,2147,1,0,1,1
ZONE_01226,8,2348,1,1,1,1
ZONE_01227,8,2732,1,1,0,5
ZONE_01228,7,1083,1,0,1,3
ZONE_01229,3,1337,0,1,1,2
ZONE_01230,9,665,1,1,1,1
ZONE_01231,0,2545,1,0,1,1
ZONE_01232,8,1509,1,0,0,3
ZONE_01233,6,526,1,0,1,5
ZONE_01234,5,1266,0,0,1,5
ZONE_01235,5,1031,1,1,1,2
ZONE_01236,3,2628,0,1,1,1
ZONE_01237,8,2126,0,1,0,2
ZONE_01238,6,1751,1,1,0,4
ZONE_01239,0,794,0,1,1,3
ZONE_01240,3,1692,1,0,1,3
ZONE_01241,4,743,0,0,0,2
ZONE_01242,4,2090,0,1,0,2
ZONE_01243,5,949,0,1,1,2
ZONE_01244,3,2966,1,0,0,1
ZONE_01245,9,2836,1,1,1,4
ZONE_01246,3,2830,0,0,0,3
ZONE_01247,8,1532,1,1,1,2
ZONE_01248,4,1394,0,1,0,3
ZONE_01249,8,2063,1,1,1,5
ZONE_01250,8,606,1,0,0,4
ZONE_01251,6,2731,0,0,1,3
ZONE_01252,5,2762,0,1,1,1
ZONE_01253,3,2026,0,0,0,2
ZONE_01254,0,1257,0,1,0,3
ZONE_01255,0,2184,0,0,0,1
ZONE_01256,1,1923,1,1,1,1
ZONE_01257,0,1009,1,0,1,3
ZONE_01258,0,2944,1,1,0,3
ZONE_01259,2,2398,0,0,0,4
ZONE_01260,1,777,0,1,1,5
ZONE_01261,7,1211,1,0,1,1
ZONE_01262,1,2597,0,0,0,5
ZONE_01263,9,2621,1,1,1,3
ZONE_01264,2,789,0,1,1,2
ZONE_01265,5,1736,0,0,1,1
ZONE_01266,1,959,0,1,1,1
ZONE_01267,4,2564,0,1,1,4
ZONE_01268,3,2659,1,0,0,5
ZONE_01269,3,2093,0,1,0,3
ZONE_01270,3,865,0,1,1,5
ZONE_01271,4,1126,0,1,0,5
ZONE_01272,4,2641,1,0,0,3
ZONE_01273,1,1971,1,0,0,5
ZONE_01274,1,1886,1,0,0,1
ZONE_01275,2,877,0,0,1,3
ZONE_01276,6,2532,1,0,1,2
ZONE_01277,1,2467,0,1,1,2
ZONE_01278,9,1676,1,1,1,4
ZONE_01279,8,2320,1,0,0,5
ZONE_01280,5,1245,0,1,1,2
ZONE_01281,7,1736,1,0,1,1
ZONE_01282,3,1200,0,0,0,5
ZONE_01283,1,1033,1,1,1,3
ZONE_01284,2,504,0,0,1,3
ZONE_01285,8,1783,0,0,0,2
ZONE_01286,8,2032,0,1,1,3
ZONE_01287,1,514,0,0,1,1
ZONE_01288,7,2564,0,0,1,1
ZONE_01289,1,1074,1,1,1,5
ZONE_01290,3,2321,0,1,0,5
ZONE_01291,4,1101,0,1,1,3
ZONE_01292,2,856,1,0,0,5
ZONE_01293,7,1619,0,1,1,2
ZONE_01294,9,2686,0,1,1,4
ZONE_01295,6,1314,0,0,1,2
ZONE_01296,5,646,1,1,0,5
ZONE_01297,1,1834,0,0,1,2
ZONE_01298,9,1988,0,1,1,5
ZONE_01299,5,2539,0,0,1,3
ZONE_01300,5,2773,1,0,1,1
ZONE_01301,6,1099,0,0,0,5
ZONE_01302,9,2894,1,1,0,2
ZONE_01303,4,1479,0,0,0,4
ZONE_01304,1,716,1,0,0,2
ZONE_01305,5,1078,1,0,0,2
ZONE_01306,6,2551,1,0,0,4
ZONE_01307,0,1119,1,1,1,3
ZONE_01308,8,783,0,0,1,5
ZONE_01309,9,718,1,0,1,1
ZONE_01310,4,2402,1,1,1,2
ZONE_01311,0,1147,0,0,1,5
ZONE_01312,7,2797,0,1,0,4
ZONE_01313,7,1990,0,1,1,3
ZONE_01314,8,1224,1,0,1,3
ZONE_01315,8,1942,1,0,1,5
ZONE_01316,2,760,0,0,0,3
ZONE_01317,8,1399,1,1,1,2
ZONE_01318,6,1542,0,0,0,5
ZONE_01319,4,585,1,0,0,1
ZONE_01320,6,2789,0,0,1,5
ZONE_01321,5,2293,0,1,1,1
ZONE_01322,0,2512,0,1,0,2
ZONE_01323,9,1289,1,0,0,3
ZONE_01324,3,2674,0,1,1,4
ZONE_01325,4,1541,0,0,0,1
ZONE_01326,0,2191,0,1,1,4
ZONE_01327,6,2426,0,1,0,4
ZONE_01328,1,2990,1,0,1,4
ZONE_01329,7,2388,0,1,0,4
ZONE_01330,2,1520,1,0,0,5
ZONE_01331,9,1004,0,0,0,2
ZONE_01332,1,1893,0,1,1,3
ZONE_01333,4,633,0,1,1,1
ZONE_01334,6,706,0,0,1,1
ZONE_01335,3,2467,0,0,0,3
ZONE_01336,2,2456,0,0,0,1
ZONE_01337,1,1075,1,1,0,3
ZONE_01338,0,2695,0,0,0,1
ZONE_01339,6,1347,0,1,0,4
ZONE_01340,9,529,0,0,1,5
ZONE_01341,6,539,1,0,1,2
ZONE_01342,5,605,1,0,0,4
ZONE_01343,0,746,1,0,1,4
ZONE_01344,3,1226,1,0,0,4
ZONE_01345,3,2218,1,1,1,3
ZONE_01346,9,2230,1,1,0,5
ZONE_01347,0,1215,0,1,1,4
ZONE_01348,5,1434,1,1,1,3
ZONE_01349,8,2773,0,1,1,2
ZONE_01350,9,2972,0,1,1,3
ZONE_01351,7,2840,1,0,1,3
ZONE_01352,6,2257,1,1,0,4
ZONE_01353,1,628,1,0,1,2
ZONE_01354,1,2382,1,0,0,2
ZONE_01355,4,2753,0,0,1,3
ZONE_01356,7,1924,1,0,0,5
ZONE_01357,6,1681,1,0,0,3
ZONE_01358,5,2590,0,0,0,5
ZONE_01359,5,1693,0,1,0,4
ZONE_01360,7,2122,0,1,1,2
ZONE_01361,5,2585,0,0,0,1
ZONE_01362,9,1323,0,0,0,2
ZONE_01363,2,1366,0,0,0,3
ZONE_01364,4,2523,0,0,0,2
ZONE_01365,3,1733,0,1,0,4
ZONE_01366,0,1100,1,0,0,4
ZONE_01367,0,2974,0,0,0,5
ZONE_01368,8,755,0,1,0,3
ZONE_01369,2,866,0,0,0,3
ZONE_01370,7,2404,0,0,1,5
ZONE_01371,6,730,1,0,1,4
ZONE_01372,1,1144,1,0,0,4
ZONE_01373,0,583,1,1,1,5
ZONE_01374,7,1647,0,0,0,3
ZONE_01375,6,1955,1,0,0,4
ZONE_01376,1,939,0,0,0,3
ZONE_01377,5,803,0,0,0,3
ZONE_01378,3,2889,0,1,0,3
ZONE_01379,1,2213,0,0,0,1
ZONE_01380,2,579,0,0,0,2
ZONE_01381,9,1834,0,1,1,4
ZONE_01382,8,1065,0,0,0,2
ZONE_01383,7,1394,1,1,0,2
ZONE_01384,8,2387,0,1,1,2
ZONE_01385,9,2403,0,0,1,3
ZONE_01386,7,1418,0,0,1,4
ZONE_01387,7,2725,0,0,0,4
ZONE_01388,0,1513,0,1,0,5
ZONE_01389,2,2041,0,1,1,4
ZONE_01390,0,1572,0,0,1,1
ZONE_01391,1,689,1,1,1,4
ZONE_01392,0,1589,1,0,0,1
ZONE_01393,8,2483,0,0,1,1
ZONE_01394,2,1720,0,0,1,3
ZONE_01395,9,638,0,1,1,1
ZONE_01396,5,2559,1,1,1,1
ZONE_01397,6,1485,0,1,1,3
ZONE_01398,1,1771,1,1,1,1
ZONE_01399,1,2405,1,1,1,2
ZONE_01400,2,2513,1,1,1,1
ZONE_01401,1,1305,0,0,0,2
ZONE_01402,0,1115,0,0,1,1
ZONE_01403,8,523,0,0,1,4
ZONE_01404,0,2458,0,1,1,3
ZONE_01405,4,1868,1,0,1,2
ZONE_01406,3,870,0,0,0,5
ZONE_01407,5,1291,0,1,1,1
ZONE_01408,1,2778,0,1,0,1
ZONE_01409,2,2188,0,1,1,3
ZONE_01410,6,830,1,0,1,2
ZONE_01411,2,657,1,0,0,5
ZONE_01412,0,1772,0,1,0,4
ZONE_01413,8,2979,0,0,1,2
ZONE_01414,9,1692,0,0,0,4
ZONE_01415,1,2007,0,1,1,5
ZONE_01416,2,1846,1,1,1,1
ZONE_01417,4,1518,1,0,1,3
ZONE_01418,9,1139,0,0,1,5
ZONE_01419,6,1771,0,0,1,4
ZONE_01420,8,2241,1,1,0,3
ZONE_01421,0,514,1,1,0,5
ZONE_01422,6,2062,1,1,1,3
ZONE_01423,2,555,0,0,1,1
ZONE_01424,2,1433,0,1,0,2
ZONE_01425,5,2968,1,1,0,5
ZONE_01426,6,2660,0,0,0,4
ZONE_01427,1,2831,1,0,1,4
ZONE_01428,2,2311,0,0,0,1
ZONE_01429,3,1450,1,1,0,2
ZONE_01430,7,1906,0,1,0,2
ZONE_01431,7,815,0,1,1,1
ZONE_01432,7,1298,1,0,1,2
ZONE_01433,6,1121,0,1,1,5
ZONE_01434,5,1150,1,1,1,4
ZONE_01435,6,668,1,1,1,4
ZONE_01436,2,2932,1,0,1,1
ZONE_01437,3,2011,1,1,1,5
ZONE_01438,0,1444,1,1,0,1
ZONE_01439,2,1754,0,0,0,2
ZONE_01440,2,1737,0,0,1,4
ZONE_01441,0,1870,0,0,0,3
ZONE_01442,1,1387,0,0,1,5
ZONE_01443,6,565,0,0,0,3
ZONE_01444,4,837,1,1,1,5
ZONE_01445,6,2039,0,1,0,3
ZONE_01446,1,2800,1,1,0,3
ZONE_01447,6,1104,0,1,1,3
ZONE_01448,7,1303,0,0,0,2
ZONE_01449,1,669,0,0,1,3
ZONE_01450,1,1683,0,0,0,4
ZONE_01451,2,2552,1,0,1,4
ZONE_01452,5,508,0,1,1,4
ZONE_01453,0,661,1,1,0,5
ZONE_01454,5,1913,0,1,0,4
ZONE_01455,8,1426,1,1,0,2
ZONE_01456,1,1469,1,0,1,3
ZONE_01457,6,950,1,1,0,1
ZONE_01458,1,2780,0,1,0,3
ZONE_01459,3,1729,1,0,1,2
ZONE_01460,6,565,0,1,1,3
ZONE_01461,5,1769,0,1,0,5
ZONE_01462,2,2268,1,0,1,4
ZONE_01463,8,2343,1,1,0,2
ZONE_01464,1,2292,0,0,0,2
ZONE_01465,9,2442,1,0,1,2
ZONE_01466,1,953,1,0,0,3
ZONE_01467,3,2893,1,1,0,4
ZONE_01468,5,2516,1,0,0,2
ZONE_01469,3,2776,0,0,0,4
ZONE_01470,2,1577,1,0,0,4
ZONE_01471,0,1037,1,1,0,5
ZONE_01472,8,1032,0,0,0,5
ZONE_01473,8,613,1,1,1,5
ZONE_01474,2,1340,1,0,1,5
ZONE_01475,0,2814,0,1,1,1
ZONE_01476,9,2258,0,1,1,3
ZONE_01477,5,574,0,0,1,2
ZONE_01478,9,610,1,0,1,4
ZONE_01479,8,1053,1,0,1,5
ZONE_01480,7,734,0,0,1,2
ZONE_01481,6,1694,0,0,1,2
ZONE_01482,8,2377,0,0,1,5
ZONE_01483,1,2317,1,0,1,1
ZONE_01484,1,709,0,1,0,1
ZONE_01485,4,1145,0,0,0,2
ZONE_01486,7,2746,0,0,0,5
ZONE_01487,9,2422,0,1,0,3
ZONE_01488,9,2889,0,1,0,3
ZONE_01489,9,2922,1,0,0,2
ZONE_01490,4,1468,0,1,0,5
ZONE_01491,8,2415,1,0,0,5
ZONE_01492,7,1448,1,1,0,4
ZONE_01493,3,2413,0,0,1,4
ZONE_01494,2,1087,1,1,0,5
ZONE_01495,3,1167,1,1,1,5
ZONE_01496,7,833,1,1,1,4
ZONE_01497,9,1956,0,1,0,4
ZONE_01498,2,1602,1,1,1,1
ZONE_01499,7,2724,1,0,1,1
ZONE_01500,2,894,0,1,0,1
ZONE_01501,8,1409,0,1,1,5
ZONE_01502,0,1334,1,1,1,4
ZONE_01503,1,661,1,1,1,1
ZONE_01504,9,2269,0,1,0,3
ZONE_01505,3,1783,0,0,1,5
ZONE_01506,6,2084,0,0,0,5
ZONE_01507,7,1897,0,0,1,2
ZONE_01508,8,2443,1,0,0,1
ZONE_01509,1,1484,1,0,1,3
ZONE_01510,8,1857,1,1,0,5
ZONE_01511,8,2000,1,1,1,3
ZONE_01512,0,1216,1,0,0,3
ZONE_01513,7,1677,1,0,1,4
ZONE_01514,2,2586,0,0,1,3
ZONE_01515,6,2159,1,1,1,1
ZONE_01516,8,1247,1,0,0,2
ZONE_01517,7,2688,0,0,0,4
ZONE_01518,7,863,1,0,0,3
ZONE_01519,5,806,0,0,1,2
ZONE_01520,5,2348,1,0,1,3
ZONE_01521,6,1048,0,1,1,1
ZONE_01522,4,1992,1,1,1,5
ZONE_01523,5,2247,0,1,0,3
ZONE_01524,7,1889,0,0,0,2
ZONE_01525,0,2455,0,0,0,4
ZONE_01526,4,976,0,1,1,1
ZONE_01527,8,2796,1,1,0,1
ZONE_01528,5,1253,0,0,0,1
ZONE_01529,4,2362,1,1,0,5
ZONE_01530,0,1499,0,0,1,5
ZONE_01531,6,2342,1,1,1,3
ZONE_01532,6,1566,1,0,0,5
ZONE_01533,6,1443,1,0,0,4
ZONE_01534,0,609,0,0,0,3
ZONE_01535,9,1497,1,1,0,4
ZONE_01536,5,2724,0,1,1,4
ZONE_01537,2,2524,1,1,0,5
ZONE_01538,3,1699,1,0,1,1
ZONE_01539,3,1110,0,1,1,4
ZONE_01540,1,2719,0,1,0,1
ZONE_01541,2,1121,0,1,1,5
ZONE_01542,1,2762,1,1,0,5
ZONE_01543,2,1946,1,0,0,5
ZONE_01544,9,2721,1,1,0,3
ZONE_01545,8,1479,1,0,1,3
ZONE_01546,1,2039,0,0,0,5
ZONE_01547,9,1688,0,1,1,3
ZONE_01548,8,1274,1,1,1,4
ZONE_01549,2,1719,1,1,1,5
ZONE_01550,0,639,1,0,1,2
ZONE_01551,1,504,1,1,1,3
ZONE_01552,8,658,0,1,1,1
ZONE_01553,6,1354,0,0,0,4
ZONE_01554,1,1258,0,0,0,1
ZONE_01555,8,904,0,1,0,2
ZONE_01556,7,1107,0,1,1,4
ZONE_01557,9,2941,0,1,1,4
ZONE_01558,3,1366,0,0,1,4
ZONE_01559,4,2992,1,0,0,4
ZONE_01560,9,654,0,0,1,5
ZONE_01561,4,2651,0,1,1,1
ZONE_01562,3,2515,0,0,1,5
ZONE_01563,2,2943,1,1,1,1
ZONE_01564,2,1378,1,0,0,3
ZONE_01565,8,2479,0,0,1,2
ZONE_01566,7,717,1,1,1,3
ZONE_01567,5,1217,0,0,1,4
ZONE_01568,3,1255,1,1,0,1
ZONE_01569,3,1235,1,1,1,4
ZONE_01570,8,1759,1,1,0,1
ZONE_01571,1,888,0,0,1,2
ZONE_01572,3,1124,1,1,0,2
ZONE_01573,4,1473,0,0,1,3
ZONE_01574,8,1010,0,1,0,5
ZONE_01575,3,1083,0,0,1,4
ZONE_01576,8,1553,0,0,0,1
ZONE_01577,0,2379,0,1,1,1
ZONE_01578,2,1866,1,0,0,3
ZONE_01579,5,2756,0,1,1,1
ZONE_01580,0,1927,0,0,1,4
ZONE_01581,2,2699,0,1,1,4
ZONE_01582,3,1279,1,1,0,2
ZONE_01583,2,736,1,1,1,3
ZONE_01584,1,631,1,1,0,4
ZONE_01585,3,1955,0,0,0,4
ZONE_01586,2,1809,1,0,1,3
ZONE_01587,8,1984,0,0,1,1
ZONE_01588,5,1565,0,0,1,3
ZONE_01589,8,2960,1,1,1,4
ZONE_01590,7,2867,1,1,0,4
ZONE_01591,8,679,0,1,0,3
ZONE_01592,3,2357,0,1,1,1
ZONE_01593,8,2018,1,0,1,4
ZONE_01594,2,2781,0,0,0,2
ZONE_01595,1,1279,0,1,1,3
ZONE_01596,2,1977,0,0,1,2
ZONE_01597,6,2053,1,1,0,2
ZONE_01598,3,1451,0,0,0,1
ZONE_01599,9,2755,1,1,1,1
ZONE_01600,1,1240,0,0,1,2
ZONE_01601,7,2581,0,0,0,1
ZONE_01602,5,1612,0,0,1,4
ZONE_01603,6,1730,1,0,0,1
ZONE_01604,4,2499,1,1,0,4
ZONE_01605,7,1725,0,0,1,1
ZONE_01606,0,1513,0,1,0,5
ZONE_01607,3,1156,0,0,1,2
ZONE_01608,3,1049,1,0,0,1
ZONE_01609,2,2418,0,1,0,3
ZONE_01610,9,643,0,1,1,5
ZONE_01611,2,2188,1,0,0,1
ZONE_01612,0,1382,0,1,0,4
ZONE_01613,2,1416,0,1,0,2
ZONE_01614,8,2954,0,0,1,1
ZONE_01615,8,2047,0,1,1,5
ZONE_01616,5,1618,1,0,1,5
ZONE_01617,2,2687,1,0,0,1
ZONE_01618,8,2917,0,0,0,2
ZONE_01619,2,2122,1,0,1,2
ZONE_01620,5,1722,1,1,1,3
ZONE_01621,1,2465,0,1,1,5
ZONE_01622,8,1679,1,0,1,2
ZONE_01623,9,2196,0,1,1,3
ZONE_01624,0,943,0,1,0,3
ZONE_01625,2,2090,0,1,1,4
ZONE_01626,2,2029,1,1,0,3
ZONE_01627,4,1941,1,0,1,2
ZONE_01628,5,2239,0,0,1,3
ZONE_01629,2,1002,1,1,0,3
ZONE_01630,9,2790,0,0,0,1
ZONE_01631,3,2297,1,0,0,2
ZONE_01632,7,2280,1,1,1,5
ZONE_01633,3,638,1,1,0,2
ZONE_01634,0,1682,0,1,1,1
ZONE_01635,6,1017,0,0,0,2
ZONE_01636,5,2987,1,0,0,2
ZONE_01637,6,851,0,0,0,5
ZONE_01638,2,2842,1,0,0,1
ZONE_01639,5,936,1,0,0,4
ZONE_01640,7,1725,1,0,1,5
ZONE_01641,6,612,0,0,0,4
ZONE_01642,1,1606,0,0,0,1
ZONE_01643,0,830,1,1,1,5
ZONE_01644,9,1966,1,0,0,2
ZONE_01645,6,1476,1,1,1,2
ZONE_01646,3,1655,1,1,1,4
ZONE_01647,2,2889,1,1,0,5
ZONE_01648,5,1089,0,0,1,1
ZONE_01649,7,876,1,0,0,5
ZONE_01650,7,2909,1,0,0,3
ZONE_01651,6,556,0,1,0,1
ZONE_01652,2,1925,0,1,1,5
ZONE_01653,1,2040,0,0,1,2
ZONE_01654,2,2894,0,1,0,1
ZONE_01655,3,1198,1,1,0,4
ZONE_01656,5,980,0,1,0,1
ZONE_01657,6,2614,0,0,1,1
ZONE_01658,2,2166,0,0,1,2
ZONE_01659,8,2527,0,1,1,4
ZONE_01660,0,833,0,1,1,5
ZONE_01661,7,2838,1,1,1,5
ZONE_01662,5,2451,0,1,1,1
ZONE_01663,2,2691,0,1,0,1
ZONE_01664,6,978,1,0,0,3
ZONE_01665,6,1443,0,1,0,2
ZONE_01666,4,1093,1,1,0,3
ZONE_01667,3,2147,0,0,0,2
ZONE_01668,1,1679,1,0,0,1
ZONE_01669,4,2459,0,1,0,1
ZONE_01670,0,2775,0,0,0,3
ZONE_01671,7,2141,1,1,1,4
ZONE_01672,8,1268,0,0,1,5
ZONE_01673,4,2144,0,1,1,2
ZONE_01674,9,2221,0,1,0,1
ZONE_01675,4,530,0,0,0,5
ZONE_01676,2,2348,0,0,1,4
ZONE_01677,8,1542,0,1,0,2
ZONE_01678,4,2281,1,1,1,5
ZONE_01679,1,951,1,1,0,1
ZONE_01680,9,519,0,0,1,3
ZONE_01681,9,2711,0,0,1,3
ZONE_01682,8,1505,1,0,0,1
ZONE_01683,3,2475,0,0,0,2
ZONE_01684,3,2271,0,1,1,3
ZONE_01685,6,2078,1,1,0,3
ZONE_01686,9,2814,1,1,1,4
ZONE_01687,3,738,1,1,1,4
ZONE_01688,7,2050,1,0,0,5
ZONE_01689,7,1080,1,1,1,1
ZONE_01690,6,2868,0,1,0,4
ZONE_01691,0,1645,1,0,1,2
ZONE_01692,6,622,1,1,0,2
ZONE_01693,6,2640,1,0,1,3
ZONE_01694,6,1135,0,0,0,5
ZONE_01695,2,1062,0,1,1,1
ZONE_01696,4,738,0,1,0,5
ZONE_01697,5,662,1,0,1,4
ZONE_01698,2,1104,0,1,0,2
ZONE_01699,2,620,1,0,1,3
ZONE_01700,8,791,1,1,1,4
ZONE_01701,5,2047,1,1,1,4
ZONE_01702,9,1333,0,1,1,2
ZONE_01703,7,2834,1,1,0,5
ZONE_01704,3,2840,1,0,1,5
ZONE_01705,8,681,0,1,0,5
ZONE_01706,0,793,0,0,1,2
ZONE_01707,3,2475,1,0,1,5
ZONE_01708,3,1506,0,1,1,3
ZONE_01709,4,629,1,1,0,3
ZONE_01710,3,2342,1,0,0,1
ZONE_01711,5,1389,0,1,0,4
ZONE_01712,6,2946,1,0,0,5
ZONE_01713,9,2032,0,0,0,3
ZONE_01714,4,907,1,0,0,2
ZONE_01715,2,2581,0,0,1,4
ZONE_01716,7,526,0,1,1,4
ZONE_01717,4,1336,0,1,0,4
ZONE_01718,1,1554,1,0,1,3
ZONE_01719,1,2469,0,1,1,3
ZONE_01720,7,2909,1,0,1,5
ZONE_01721,1,2957,0,0,1,1
ZONE_01722,6,2609,1,1,0,3
ZONE_01723,1,2055,0,0,1,3
ZONE_01724,1,1124,0,1,1,3
ZONE_01725,2,726,0,1,1,1
ZONE_01726,7,2946,0,1,1,5
ZONE_01727,7,2711,1,1,0,1
ZONE_01728,9,1675,1,0,1,5
ZONE_01729,1,858,1,1,1,2
ZONE_01730,5,2380,1,0,1,1
ZONE_01731,9,2120,0,0,1,3
ZONE_01732,6,905,1,0,1,5
ZONE_01733,9,2675,1,1,1,2
ZONE_01734,2,2940,1,1,1,5
ZONE_01735,8,2259,0,1,1,4
ZONE_01736,4,1755,1,1,1,2
ZONE_01737,9,2745,0,1,1,1
ZONE_01738,7,1104,0,0,1,2
ZONE_01739,4,2272,0,0,1,3
ZONE_01740,8,638,0,0,0,3
ZONE_01741,3,2448,1,1,1,1
ZONE_01742,9,784,1,1,1,1
ZONE_01743,7,1519,0,0,0,3
ZONE_01744,0,1134,1,1,0,5
ZONE_01745,0,2593,0,1,0,2
ZONE_01746,7,2774,0,1,1,4
ZONE_01747,3,704,1,0,0,4
ZONE_01748,5,1477,1,0,1,5
ZONE_01749,5,2159,1,1,1,4
ZONE_01750,3,2940,1,0,1,3
ZONE_01751,0,2432,1,0,0,2
ZONE_01752,8,2992,0,0,0,4
ZONE_01753,3,1393,0,1,1,1
ZONE_01754,9,1484,1,1,1,1
ZONE_01755,9,1630,0,0,0,2
ZONE_01756,8,1306,1,0,0,1
ZONE_01757,0,596,0,0,0,4
ZONE_01758,9,773,0,1,0,3
ZONE_01759,7,1407,0,1,1,3
ZONE_01760,5,1701,0,1,0,5
ZONE_01761,6,551,1,0,1,1
ZONE_01762,4,2285,1,1,1,5
ZONE_01763,6,1597,1,1,0,4
ZONE_01764,5,2521,1,1,1,3
ZONE_01765,0,1396,0,0,1,4
ZONE_01766,7,808,1,0,0,2
ZONE_01767,6,1588,0,0,0,2
ZONE_01768,7,2367,0,1,0,1
ZONE_01769,0,2175,0,0,0,3
ZONE_01770,2,1757,0,1,0,1
ZONE_01771,5,2712,1,0,1,3
ZONE_01772,3,1109,1,0,1,1
ZONE_01773,3,2227,0,1,0,5
ZONE_01774,7,1401,0,1,1,3
ZONE_01775,5,1168,0,0,1,5
ZONE_01776,8,2668,0,0,1,2
ZONE_01777,7,554,0,1,0,5
ZONE_01778,8,2074,0,1,0,3
ZONE_01779,5,1438,0,0,1,2
ZONE_01780,3,1827,0,0,0,1
ZONE_01781,8,1267,1,0,1,1
ZONE_01782,1,2242,1,1,1,2
ZONE_01783,7,1538,0,0,0,4
ZONE_01784,9,2321,0,0,1,5
ZONE_01785,3,2135,1,0,0,4
ZONE_01786,2,1898,0,0,1,3
ZONE_01787,2,610,1,1,1,4
ZONE_01788,0,2117,0,0,0,3
ZONE_01789,3,2529,0,1,0,2
ZONE_01790,0,2850,1,1,1,1
ZONE_01791,1,2403,0,1,1,5
ZONE_01792,7,3000,1,1,0,5
ZONE_01793,3,1660,1,0,1,3
ZONE_01794,8,1434,1,1,0,4
ZONE_01795,6,1685,0,0,0,2
ZONE_01796,3,1873,1,1,1,4
ZONE_01797,9,2990,1,0,0,1
ZONE_01798,7,2880,0,0,1,5
ZONE_01799,4,535,1,0,0,1
ZONE_01800,3,827,1,0,1,1
ZONE_01801,8,743,0,1,0,5
ZONE_01802,6,1253,1,0,1,4
ZONE_01803,2,2157,0,0,1,4
ZONE_01804,6,2626,1,0,0,4
ZONE_01805,5,705,1,1,0,4
ZONE_01806,8,645,1,0,0,1
ZONE_01807,0,626,0,1,1,5
ZONE_01808,7,1236,1,1,0,2
ZONE_01809,1,2828,1,0,1,1
ZONE_01810,3,1599,0,0,1,4
ZONE_01811,8,1167,0,0,0,1
ZONE_01812,4,1351,1,0,1,1
ZONE_01813,1,1209,1,0,0,1
ZONE_01814,2,521,1,0,1,1
ZONE_01815,9,956,1,1,0,4
ZONE_01816,8,821,0,1,1,1
ZONE_01817,6,2441,0,0,1,4
ZONE_01818,3,1157,1,1,1,2
ZONE_01819,5,1451,0,0,1,3
ZONE_01820,2,2978,0,0,1,4
ZONE_01821,2,1613,0,0,1,4
ZONE_01822,1,1112,0,1,1,4
ZONE_01823,6,1373,0,0,1,2
ZONE_01824,5,1185,1,0,0,1
ZONE_01825,3,1473,1,1,1,2
ZONE_01826,2,1622,0,1,0,4
ZONE_01827,4,2175,0,0,1,3
ZONE_01828,7,1830,0,0,1,1
ZONE_01829,7,2076,1,0,0,5
ZONE_01830,3,1825,0,0,1,2
ZONE_01831,6,1975,0,0,0,3
ZONE_01832,2,2723,1,0,0,2
ZONE_01833,4,2720,0,1,1,1
ZONE_01834,3,1282,1,0,1,1
ZONE_01835,1,2708,1,1,0,4
ZONE_01836,7,1179,0,1,1,4
ZONE_01837,5,2354,1,0,1,1
ZONE_01838,4,2140,0,1,0,2
ZONE_01839,5,1465,1,0,0,4
ZONE_01840,4,2057,0,0,1,4
ZONE_01841,3,2919,0,1,0,4
ZONE_01842,2,2491,1,0,1,5
ZONE_01843,0,1185,0,1,0,5
ZONE_01844,2,2244,0,1,0,2
ZONE_01845,6,1380,1,0,0,2
ZONE_01846,5,2847,0,0,0,2
ZONE_01847,6,1045,0,0,0,5
ZONE_01848,0,587,0,1,1,1
ZONE_01849,3,574,1,0,0,1
ZONE_01850,7,2043,1,1,0,1
ZONE_01851,9,2077,0,0,0,4
ZONE_01852,3,2055,1,1,1,3
ZONE_01853,3,1419,1,0,0,2
ZONE_01854,6,1945,1,0,1,3
ZONE_01855,2,676,1,0,0,5
ZONE_01856,5,2533,0,0,0,3
ZONE_01857,4,1832,0,0,0,4
ZONE_01858,8,2090,0,1,1,2
ZONE_01859,6,1770,0,0,0,3
ZONE_01860,2,1247,1,0,1,5
ZONE_01861,2,828,0,0,1,2
ZONE_01862,2,2466,1,1,1,4
ZONE_01863,0,2107,0,0,1,4
ZONE_01864,6,2414,0,0,1,2
ZONE_01865,5,2759,1,0,0,4
ZONE_01866,3,2659,0,0,0,1
ZONE_01867,2,2507,0,1,1,1
ZONE_01868,0,2126,0,1,0,1
ZONE_01869,8,562,0,0,1,1
ZONE_01870,6,1816,0,1,1,2
ZONE_01871,5,1639,1,1,0,4
ZONE_01872,9,2214,1,1,0,3
ZONE_01873,3,1916,0,1,0,5
ZONE_01874,7,2382,0,0,0,2
ZONE_01875,0,2655,1,0,1,3
ZONE_01876,1,568,1,1,0,5
ZONE_01877,8,2099,1,1,0,4
ZONE_01878,1,2846,0,1,1,1
ZONE_01879,9,1388,1,1,1,5
ZONE_01880,1,2278,1,0,1,4
ZONE_01881,3,1695,1,1,1,1
ZONE_01882,7,2218,0,0,1,3
ZONE_01883,5,1974,0,0,0,5
ZONE_01884,7,881,0,1,0,4
ZONE_01885,1,1523,1,1,1,5
ZONE_01886,6,1962,1,1,0,3
ZONE_01887,2,808,0,0,0,3
ZONE_01888,0,522,0,1,0,1
ZONE_01889,1,1302,0,0,1,1
ZONE_01890,6,2786,0,0,1,4
ZONE_01891,1,1070,1,1,0,2
ZONE_01892,3,1446,0,1,0,5
ZONE_01893,7,1164,0,1,0,5
ZONE_01894,9,547,0,1,0,3
ZONE_01895,2,2913,0,0,0,3
ZONE_01896,1,938,0,1,0,2
ZONE_01897,2,1226,0,1,0,2
ZONE_01898,5,2200,1,1,1,4
ZONE_01899,9,2300,0,0,1,3
ZONE_01900,1,535,0,1,1,4
ZONE_01901,2,904,1,0,0,2
ZONE_01902,4,1929,0,1,1,3
ZONE_01903,6,1929,1,0,0,3
ZONE_01904,1,1037,0,1,1,2
ZONE_01905,4,2667,1,1,1,1
ZONE_01906,7,1051,1,1,0,1
ZONE_01907,7,1683,0,0,1,1
ZONE_01908,2,1106,1,0,0,2
ZONE_01909,4,839,0,0,1,1
ZONE_01910,9,2971,0,1,0,5
ZONE_01911,6,1444,0,0,0,4
ZONE_01912,9,1574,1,1,0,5
ZONE_01913,8,614,0,0,1,2
ZONE_01914,5,551,0,0,0,4
ZONE_01915,6,1862,0,1,1,3
ZONE_01916,7,2145,1,1,1,4
ZONE_01917,2,1618,1,0,1,3
ZONE_01918,8,603,0,1,0,1
ZONE_01919,9,827,0,0,1,4
ZONE_01920,5,1493,1,0,1,5
ZONE_01921,3,1725,1,1,0,4
ZONE_01922,1,1256,0,0,0,1
ZONE_01923,6,2929,0,0,1,5
ZONE_01924,5,572,1,0,0,4
ZONE_01925,1,1422,1,0,0,4
ZONE_01926,9,2322,0,0,0,3
ZONE_01927,9,2747,1,1,0,2
ZONE_01928,8,2234,0,1,0,3
ZONE_01929,6,3000,0,0,1,4
ZONE_01930,6,1260,1,1,0,1
ZONE_01931,5,1592,1,1,0,2
ZONE_01932,4,935,0,1,0,4
ZONE_01933,1,2186,0,0,1,2
ZONE_01934,9,2051,0,0,0,4
ZONE_01935,6,618,1,0,0,1
ZONE_01936,0,766,1,1,1,2
ZONE_01937,3,1080,0,0,1,2
ZONE_01938,6,551,1,1,0,1
ZONE_01939,6,1976,0,1,1,2
ZONE_01940,2,794,0,1,1,1
ZONE_01941,4,585,0,0,1,1
ZONE_01942,5,2774,0,0,1,5
ZONE_01943,1,1769,1,1,0,4
ZONE_01944,8,1256,1,0,1,2
ZONE_01945,3,1987,1,0,0,2
ZONE_01946,3,2342,1,0,1,2
ZONE_01947,8,2937,0,1,0,4
ZONE_01948,6,1092,0,1,1,5
ZONE_01949,9,2028,0,0,0,5
ZONE_01950,5,873,0,0,1,4
ZONE_01951,6,1015,0,1,1,4
ZONE_01952,8,1331,0,1,0,1
ZONE_01953,9,2219,0,0,1,3
ZONE_01954,7,1446,1,1,0,4
ZONE_01955,5,717,0,0,0,2
ZONE_01956,3,2569,0,0,1,2
ZONE_01957,6,1116,1,1,1,3
ZONE_01958,2,2646,1,1,0,4
ZONE_01959,3,2821,1,1,1,2
ZONE_01960,5,701,0,1,0,4
ZONE_01961,4,1432,0,1,0,2
ZONE_01962,0,855,1,0,1,1
ZONE_01963,4,2320,0,1,0,1
ZONE_01964,4,2041,1,1,0,4
ZONE_01965,1,724,0,0,0,4
ZONE_01966,5,1378,1,1,1,5
ZONE_01967,3,2058,0,1,1,5
ZONE_01968,2,1572,0,1,0,4
ZONE_01969,9,948,1,1,0,4
ZONE_01970,2,2208,1,0,1,5
ZONE_01971,1,902,1,1,1,2
ZONE_01972,8,2821,0,0,0,5
ZONE_01973,4,605,0,0,1,5
ZONE_01974,8,1617,0,0,1,4
ZONE_01975,6,1133,0,0,0,2
ZONE_01976,2,1463,0,0,1,1
ZONE_01977,9,2371,0,0,1,2
ZONE_01978,6,2318,1,0,1,3
ZONE_01979,5,884,0,0,0,3
ZONE_01980,5,1634,1,1,0,5
ZONE_01981,3,2755,1,0,0,1
ZONE_01982,8,1700,0,1,1,4
ZONE_01983,7,1459,1,1,0,3
ZONE_01984,6,812,0,0,1,3
ZONE_01985,9,1639,1,1,1,1
ZONE_01986,9,1680,1,1,1,5
ZONE_01987,3,1968,1,0,1,3
ZONE_01988,7,928,0,0,1,4
ZONE_01989,5,1665,1,0,1,4
ZONE_01990,7,640,1,0,0,1
ZONE_01991,7,2695,1,1,1,1
ZONE_01992,3,1211,0,1,1,4
ZONE_01993,6,2132,1,1,0,4
ZONE_01994,8,612,1,1,0,5
ZONE_01995,8,1657,0,1,1,5
ZONE_01996,6,952,0,0,1,5
ZONE_01997,6,2029,0,1,1,1
ZONE_01998,2,1646,0,0,1,3
ZONE_01999,3,1408,1,0,0,5
ZONE_02000,5,2953,1,0,0,2
ZONE_02001,0,1555,0,0,1,1
ZONE_02002,9,2769,0,0,0,5
ZONE_02003,2,1411,0,0,0,4
ZONE_02004,1,1981,0,1,0,5
ZONE_02005,7,2938,1,1,1,5
ZONE_02006,4,2679,0,0,0,3
ZONE_02007,5,1885,0,0,1,3
ZONE_02008,0,2154,1,0,0,1
ZONE_02009,7,1970,1,0,1,3
ZONE_02010,2,1029,1,1,1,1
ZONE_02011,3,620,1,1,1,1
ZONE_02012,9,1433,0,0,0,4
ZONE_02013,9,812,1,1,0,3
ZONE_02014,7,2404,0,0,0,2
ZONE_02015,0,2294,0,0,0,3
ZONE_02016,9,1513,0,1,0,1
ZONE_02017,3,1531,0,0,0,2
ZONE_02018,5,1746,1,1,0,3
ZONE_02019,3,1432,0,0,1,3
ZONE_02020,0,1427,1,1,0,4
ZONE_02021,1,1993,0,0,1,1
ZONE_02022,3,2216,1,1,0,4
ZONE_02023,9,1275,1,0,0,2
ZONE_02024,1,1630,1,1,0,4
ZONE_02025,2,2121,1,1,0,3
ZONE_02026,5,2210,0,1,0,3
ZONE_02027,2,1119,0,1,0,2
ZONE_02028,8,2927,1,1,0,4
ZONE_02029,1,1706,0,1,1,3
ZONE_02030,8,2629,0,1,1,2
ZONE_02031,1,1860,0,1,1,4
ZONE_02032,7,1480,1,0,1,3
ZONE_02033,7,890,0,0,0,5
ZONE_02034,2,2676,1,0,1,3
ZONE_02035,7,524,0,1,1,5
ZONE_02036,5,2882,0,1,1,5
ZONE_02037,9,1384,0,0,1,3
ZONE_02038,5,1251,0,1,0,4
ZONE_02039,3,2970,1,1,0,2
ZONE_02040,4,1819,0,0,0,5
ZONE_02041,2,2930,1,0,0,2
ZONE_02042,2,648,1,1,0,2
ZONE_02043,8,2566,1,0,1,1
ZONE_02044,1,2270,1,1,0,1
ZONE_02045,7,2336,1,1,1,2
ZONE_02046,3,1358,0,0,0,1
ZONE_02047,8,1222,0,0,1,4
ZONE_02048,2,2381,0,1,0,5
ZONE_02049,1,2735,0,1,0,2
ZONE_02050,9,756,1,1,1,3
ZONE_02051,6,826,1,0,0,5
ZONE_02052,6,2553,1,0,0,2
ZONE_02053,6,594,0,1,1,4
ZONE_02054,8,1712,0,1,0,4
ZONE_02055,5,1892,1,1,1,4
ZONE_02056,6,721,0,0,1,1
ZONE_02057,9,2901,1,0,0,2
ZONE_02058,4,2084,1,0,1,2
ZONE_02059,8,567,1,1,1,2
ZONE_02060,2,1984,0,1,0,5
ZONE_02061,1,1178,1,0,0,1
ZONE_02062,9,2151,0,0,0,1
ZONE_02063,1,1196,0,0,0,2
ZONE_02064,2,2758,0,0,0,3
ZONE_02065,5,616,1,1,0,4
ZONE_02066,7,874,1,1,0,3
ZONE_02067,6,2818,1,0,1,2
ZONE_02068,7,2191,0,0,0,2
ZONE_02069,4,2484,1,1,1,2
ZONE_02070,1,1853,0,1,1,3
ZONE_02071,4,2461,1,1,0,5
ZONE_02072,2,516,0,1,1,2
ZONE_02073,4,1357,1,1,1,3
ZONE_02074,9,2325,1,0,1,2
ZONE_02075,1,2393,1,0,1,1
ZONE_02076,0,2819,1,1,1,3
ZONE_02077,0,574,0,1,0,5
ZONE_02078,0,511,0,0,0,2
ZONE_02079,9,2542,0,1,0,3
ZONE_02080,1,2002,0,1,1,1
ZONE_02081,2,895,0,0,0,3
ZONE_02082,6,964,1,1,1,2
ZONE_02083,0,953,0,0,0,3
ZONE_02084,2,2598,0,0,1,4
ZONE_02085,9,676,1,1,1,4
ZONE_02086,9,917,0,1,0,1
ZONE_02087,8,2044,1,1,0,2
ZONE_02088,9,2830,1,0,0,1
ZONE_02089,2,2753,1,0,1,5
ZONE_02090,7,1165,0,1,0,5
ZONE_02091,2,1625,1,1,0,1
ZONE_02092,7,2453,0,1,0,4
ZONE_02093,4,2096,1,0,0,1
ZONE_02094,8,1008,0,0,1,3
ZONE_02095,6,905,1,1,0,3
ZONE_02096,5,2714,0,1,1,2
ZONE_02097,8,1476,0,0,1,1
ZONE_02098,2,1273,0,1,1,4
ZONE_02099,9,2300,0,0,0,4
ZONE_02100,6,699,1,0,0,5
ZONE_02101,0,1267,1,1,1,5
ZONE_02102,5,2647,1,0,1,1
ZONE_02103,3,2914,1,0,1,3
ZONE_02104,6,1965,1,0,0,3
ZONE_02105,5,2038,1,1,0,2
ZONE_02106,0,1890,0,1,1,3
ZONE_02107,1,2098,0,1,1,3
ZONE_02108,3,1167,0,0,0,5
ZONE_02109,1,1032,0,0,0,2
ZONE_02110,6,1985,1,0,0,4
ZONE_02111,3,1860,1,0,0,3
ZONE_02112,7,1518,1,1,0,5
ZONE_02113,8,818,0,0,1,1
ZONE_02114,0,2480,1,1,1,5
ZONE_02115,3,1549,1,0,1,4
ZONE_02116,2,802,0,1,0,4
ZONE_02117,9,2914,0,0,0,2
ZONE_02118,2,887,1,1,0,2
ZONE_02119,2,2770,0,0,1,3
ZONE_02120,1,2718,1,1,1,4
ZONE_02121,9,568,0,0,0,4
ZONE_02122,2,1355,0,1,1,3
ZONE_02123,1,1054,0,0,0,5
ZONE_02124,3,2071,1,0,1,3
ZONE_02125,3,1345,0,0,1,5
ZONE_02126,1,1182,0,0,1,4
ZONE_02127,6,1727,0,1,0,3
ZONE_02128,0,1388,1,0,1,4
ZONE_02129,5,1827,0,1,0,4
ZONE_02130,3,2492,1,0,1,4
ZONE_02131,0,2889,0,0,0,5
ZONE_02132,1,2656,0,0,0,3
ZONE_02133,4,1228,0,1,1,3
ZONE_02134,5,2454,1,0,1,1
ZONE_02135,5,1447,1,0,1,4
ZONE_02136,0,1824,0,1,0,3
ZONE_02137,7,2783,0,1,0,1
ZONE_02138,3,1804,1,0,0,1
ZONE_02139,3,2432,1,0,0,3
ZONE_02140,2,2223,0,0,1,2
ZONE_02141,7,2932,0,1,0,4
ZONE_02142,5,1009,1,1,1,2
ZONE_02143,3,1764,1,1,1,3
ZONE_02144,6,2277,1,0,1,5
ZONE_02145,9,1257,1,1,1,5
ZONE_02146,2,1565,0,0,0,4
ZONE_02147,6,667,1,0,0,2
ZONE_02148,4,1954,1,1,1,3
ZONE_02149,4,771,1,1,1,5
ZONE_02150,3,854,0,0,0,1
ZONE_02151,5,1123,1,0,0,3
ZONE_02152,1,558,1,0,0,3
ZONE_02153,6,2704,0,1,1,4
ZONE_02154,6,2380,0,1,1,1
ZONE_02155,7,2250,1,0,0,2
ZONE_02156,6,1439,0,0,0,1
ZONE_02157,7,2433,0,0,0,5
ZONE_02158,6,2212,1,1,1,5
ZONE_02159,0,642,1,1,1,3
ZONE_02160,4,1464,1,0,1,3
ZONE_02161,3,571,1,1,0,4
ZONE_02162,4,2829,1,1,1,4
ZONE_02163,0,1874,0,0,1,2
ZONE_02164,4,737,0,0,0,4
ZONE_02165,4,2790,1,0,0,2
ZONE_02166,4,2621,0,1,1,2
ZONE_02167,8,2247,1,1,1,3
ZONE_02168,1,1243,1,0,1,2
ZONE_02169,7,1893,0,1,0,4
ZONE_02170,1,1590,0,1,0,5
ZONE_02171,7,941,0,0,0,4
ZONE_02172,9,2023,0,1,0,2
ZONE_02173,0,1028,0,1,1,4
ZONE_02174,8,1185,0,1,0,2
ZONE_02175,6,770,1,1,0,3
ZONE_02176,4,969,1,0,0,4
ZONE_02177,0,2204,0,0,1,2
ZONE_02178,9,2265,0,0,1,4
ZONE_02179,0,1214,0,1,0,4
ZONE_02180,1,585,1,0,0,3
ZONE_02181,1,758,1,0,1,5
ZONE_02182,2,1991,0,0,1,3
ZONE_02183,4,2284,1,1,0,4
ZONE_02184,4,2450,1,1,1,5
ZONE_02185,9,969,1,0,1,1
ZONE_02186,8,1516,0,1,0,3
ZONE_02187,7,2992,0,1,0,3
ZONE_02188,2,1354,1,0,1,1
ZONE_02189,4,2472,1,1,0,5
ZONE_02190,2,2764,1,1,1,1
ZONE_02191,5,2854,0,1,0,1
ZONE_02192,7,2457,0,0,1,4
ZONE_02193,7,2810,0,0,0,2
ZONE_02194,8,2081,0,1,0,2
ZONE_02195,4,2942,1,0,1,3
ZONE_02196,6,2290,0,1,1,4
ZONE_02197,2,2987,0,1,1,4
ZONE_02198,9,1043,0,1,0,1
ZONE_02199,3,1157,0,1,1,3
ZONE_02200,9,2880,1,0,1,1
ZONE_02201,6,686,1,0,0,1
ZONE_02202,8,1868,0,0,0,5
ZONE_02203,7,612,1,0,0,4
ZONE_02204,3,1690,0,1,0,1
ZONE_02205,8,1139,1,0,0,4
ZONE_02206,9,2904,0,1,0,4
ZONE_02207,5,2727,0,0,0,5
ZONE_02208,2,611,1,1,1,2
ZONE_02209,3,1722,1,1,0,1
ZONE_02210,0,2428,1,0,0,4
ZONE_02211,3,1772,0,1,1,5
ZONE_02212,0,2962,0,1,1,3
ZONE_02213,0,2900,1,0,0,4
ZONE_02214,0,2024,1,1,0,1
ZONE_02215,0,1973,1,0,0,3
ZONE_02216,4,2027,1,1,0,1
ZONE_02217,6,568,0,1,0,5
ZONE_02218,4,1996,1,1,1,4
ZONE_02219,9,2834,1,0,0,2
ZONE_02220,9,2063,1,0,1,5
ZONE_02221,5,2406,0,0,0,4
ZONE_02222,8,1294,0,0,0,4
ZONE_02223,3,1585,1,1,1,1
ZONE_02224,8,1272,0,0,0,3
ZONE_02225,3,1496,0,0,0,3
ZONE_02226,3,1447,0,1,1,2
ZONE_02227,2,1039,1,1,0,2
ZONE_02228,9,2652,1,1,1,2
ZONE_02229,6,2186,1,0,0,2
ZONE_02230,7,592,1,0,0,5
ZONE_02231,2,634,0,1,0,4
ZONE_02232,7,2782,1,1,1,1
ZONE_02233,3,1080,0,0,0,5
ZONE_02234,3,2984,0,1,0,5
ZONE_02235,8,1879,1,0,1,1
ZONE_02236,9,1157,0,0,1,5
ZONE_02237,8,2531,0,1,0,3
ZONE_02238,1,2694,1,1,0,5
ZONE_02239,7,690,1,0,1,4
ZONE_02240,1,1135,0,0,1,3
ZONE_02241,6,1619,0,1,1,2
ZONE_02242,3,2440,0,0,0,1
ZONE_02243,6,1686,1,0,1,3
ZONE_02244,1,1408,1,1,1,4
ZONE_02245,2,2266,0,1,0,4
ZONE_02246,9,964,0,0,1,3
ZONE_02247,1,2123,0,1,0,2
ZONE_02248,3,2363,1,1,1,4
ZONE_02249,5,855,1,1,0,1
ZONE_02250,2,2219,0,1,1,4
ZONE_02251,8,2579,0,1,1,2
ZONE_02252,7,2047,1,0,0,5
ZONE_02253,0,615,0,1,0,3
ZONE_02254,3,1463,0,0,0,4
ZONE_02255,5,2364,0,1,0,5
ZONE_02256,1,2739,1,0,1,4
ZONE_02257,9,1428,0,0,0,3
ZONE_02258,4,2835,0,1,1,4
ZONE_02259,2,1896,1,1,1,5
ZONE_02260,6,1643,0,1,0,5
ZONE_02261,4,1008,0,1,0,3
ZONE_02262,6,2792,0,0,0,4
ZONE_02263,2,2892,1,1,0,5
ZONE_02264,5,1192,1,1,0,3
ZONE_02265,0,1571,1,1,0,4
ZONE_02266,7,1483,0,0,1,3
ZONE_02267,8,2935,0,0,1,5
ZONE_02268,0,1229,0,1,1,3
ZONE_02269,0,2645,1,0,0,3
ZONE_02270,7,981,0,0,0,5
ZONE_02271,3,1702,0,0,0,1
ZONE_02272,5,1472,0,0,1,1
ZONE_02273,1,2672,0,0,1,5
ZONE_02274,6,2976,1,1,0,4
ZONE_02275,4,2218,0,1,1,1
ZONE_02276,6,1617,1,1,0,1
ZONE_02277,9,1490,1,1,0,3
ZONE_02278,8,709,1,1,0,2
ZONE_02279,7,698,0,0,1,1
ZONE_02280,6,2946,1,1,0,4
ZONE_02281,9,1265,0,0,0,5
ZONE_02282,0,2559,1,1,0,5
ZONE_02283,2,1206,1,1,0,2
ZONE_02284,3,766,1,0,1,4
ZONE_02285,3,1718,1,1,1,4
ZONE_02286,1,897,1,1,1,3
ZONE_02287,2,2190,0,0,0,4
ZONE_02288,9,1243,0,0,0,2
ZONE_02289,3,2566,0,1,1,2
ZONE_02290,3,654,0,0,0,1
ZONE_02291,9,2012,1,0,1,3
ZONE_02292,1,1014,1,1,1,5
ZONE_02293,2,2470,1,0,0,1
ZONE_02294,5,971,1,0,1,4
ZONE_02295,7,1374,1,1,1,4
ZONE_02296,8,1509,0,0,0,2
ZONE_02297,7,1650,1,1,1,4
ZONE_02298,7,1498,1,1,0,4
ZONE_02299,9,2237,1,0,1,3
ZONE_02300,2,2111,0,1,0,4
ZONE_02301,5,2549,0,0,1,2
ZONE_02302,7,988,1,0,1,1
ZONE_02303,2,729,0,0,0,3
ZONE_02304,4,2817,1,0,1,1
ZONE_02305,3,2199,0,1,1,3
ZONE_02306,8,1703,0,1,1,1
ZONE_02307,3,625,0,1,0,3
ZONE_02308,2,2967,0,1,1,5
ZONE_02309,8,2676,1,1,0,3
ZONE_02310,3,553,0,0,1,5
ZONE_02311,3,1887,0,0,0,4
ZONE_02312,8,2514,1,1,0,4
ZONE_02313,1,2728,0,1,1,4
ZONE_02314,4,1527,0,0,0,2
ZONE_02315,1,2283,0,0,1,1
ZONE_02316,0,1251,1,1,0,2
ZONE_02317,5,2089,0,1,1,1
ZONE_02318,5,2255,0,0,1,1
ZONE_02319,6,501,1,1,0,4
ZONE_02320,7,1614,0,1,0,3
ZONE_02321,6,1824,1,0,0,2
ZONE_02322,7,698,0,1,1,4
ZONE_02323,6,697,0,0,1,3
ZONE_02324,5,648,1,1,0,4
ZONE_02325,3,2394,0,1,1,5
ZONE_02326,6,2096,0,1,0,3
ZONE_02327,0,2577,0,1,0,1
ZONE_02328,9,2797,1,0,0,1
ZONE_02329,6,2685,1,1,0,4
ZONE_02330,5,2104,0,1,1,1
ZONE_02331,2,828,0,1,0,2
ZONE_02332,1,1710,0,1,0,1
ZONE_02333,0,2550,0,1,0,4
ZONE_02334,1,2241,1,0,1,2
ZONE_02335,0,1983,0,0,1,3
ZONE_02336,2,2000,1,0,0,5
ZONE_02337,9,1148,1,0,1,5
ZONE_02338,0,2021,1,1,0,4
ZONE_02339,6,797,1,0,1,4
ZONE_02340,4,717,0,0,0,4
ZONE_02341,1,1717,1,0,0,3
ZONE_02342,7,993,1,1,0,2
ZONE_02343,7,2085,0,0,1,5
ZONE_02344,8,1249,0,1,1,5
ZONE_02345,7,985,1,0,0,4
ZONE_02346,3,2523,0,0,1,1
ZONE_02347,6,1404,1,1,0,4
ZONE_02348,9,1498,0,1,0,5
ZONE_02349,5,1378,0,1,0,4
ZONE_02350,8,1695,1,1,0,3
ZONE_02351,1,1995,0,0,0,1
ZONE_02352,9,2989,1,1,1,1
ZONE_02353,4,2805,1,0,1,2
ZONE_02354,2,2791,1,1,0,4
ZONE_02355,0,1030,1,0,0,1
ZONE_02356,1,1887,1,1,0,2
ZONE_02357,8,821,1,1,1,2
ZONE_02358,8,2149,1,0,1,3
ZONE_02359,6,1822,0,1,1,5
ZONE_02360,3,706,1,1,1,2
ZONE_02361,0,2460,0,1,1,2
ZONE_02362,5,1958,1,0,1,5
ZONE_02363,3,513,1,1,0,4
ZONE_02364,0,1115,1,0,1,3
ZONE_02365,9,1306,1,1,1,5
ZONE_02366,8,2149,1,0,1,3
ZONE_02367,6,1919,1,1,1,4
ZONE_02368,1,1694,0,1,0,2
ZONE_02369,7,1455,1,0,1,1
ZONE_02370,7,1510,0,0,0,1
ZONE_02371,9,547,0,0,0,4
ZONE_02372,7,1553,1,1,1,1
ZONE_02373,8,1727,1,1,0,2
ZONE_02374,0,1523,1,0,0,2
ZONE_02375,4,2448,1,1,0,4
ZONE_02376,8,2416,1,1,0,4
ZONE_02377,4,1419,1,1,1,5
ZONE_02378,2,2621,0,1,0,4
ZONE_02379,7,1145,0,0,1,5
ZONE_02380,6,746,0,0,1,4
ZONE_02381,6,2445,0,1,0,1
ZONE_02382,4,2168,1,1,0,5
ZONE_02383,1,2374,1,1,1,1
ZONE_02384,4,789,1,0,1,4
ZONE_02385,1,675,0,1,1,4
ZONE_02386,3,1626,0,1,1,5
ZONE_02387,6,2099,1,1,0,2
ZONE_02388,0,1357,0,1,1,3
ZONE_02389,5,602,0,1,0,5
ZONE_02390,0,2315,1,1,0,2
ZONE_02391,6,1848,1,0,1,4
ZONE_02392,8,1342,0,1,0,2
ZONE_02393,0,2171,0,0,0,1
ZONE_02394,4,1909,1,1,1,1
ZONE_02395,9,2698,1,0,1,3
ZONE_02396,9,1118,0,0,0,2
ZONE_02397,1,1345,1,1,1,2
ZONE_02398,7,2635,0,1,0,1
ZONE_02399,3,1978,1,1,1,1
ZONE_02400,3,638,0,1,0,4
ZONE_02401,9,2451,0,0,0,4
ZONE_02402,1,2193,0,1,1,4
ZONE_02403,7,860,0,0,0,5
ZONE_02404,4,2205,1,1,0,1
ZONE_02405,0,692,1,0,0,3
ZONE_02406,1,1752,0,0,1,5
ZONE_02407,0,1869,0,0,0,5
ZONE_02408,6,2139,1,1,1,2
ZONE_02409,4,1109,0,0,0,1
ZONE_02410,8,2821,1,1,0,5
ZONE_02411,7,1108,1,0,1,5
ZONE_02412,3,2875,1,0,1,5
ZONE_02413,4,565,1,0,0,3
ZONE_02414,1,1793,1,0,0,3
ZONE_02415,9,1439,0,0,0,3
ZONE_02416,7,2918,0,0,1,3
ZONE_02417,8,1671,1,1,0,5
ZONE_02418,2,1911,1,1,1,4
ZONE_02419,5,2829,1,1,0,3
ZONE_02420,2,639,1,1,0,1
ZONE_02421,8,1449,1,1,0,3
ZONE_02422,9,2057,0,1,0,2
ZONE_02423,3,2119,0,1,0,4
ZONE_02424,2,2026,0,0,0,1
ZONE_02425,8,747,1,1,1,1
ZONE_02426,2,1399,0,1,1,3
ZONE_02427,4,1116,0,0,1,2
ZONE_02428,8,1300,0,1,1,1
ZONE_02429,1,2611,1,1,1,2
ZONE_02430,6,2613,1,0,0,1
ZONE_02431,7,1357,1,1,1,3
ZONE_02432,4,940,1,0,0,2
ZONE_02433,3,1578,1,0,0,2
ZONE_02434,8,2890,1,1,0,3
ZONE_02435,1,1199,1,0,1,1
ZONE_02436,3,1453,1,0,1,4
ZONE_02437,2,2046,1,1,1,2
ZONE_02438,3,2595,0,1,0,2
ZONE_02439,1,2413,1,0,0,2
ZONE_02440,7,1283,0,1,0,5
ZONE_02441,3,2108,0,0,1,1
ZONE_02442,8,1387,0,0,0,4
ZONE_02443,7,597,1,0,1,4
ZONE_02444,5,1654,1,1,1,3
ZONE_02445,7,1316,0,1,1,4
ZONE_02446,6,2696,1,1,1,4
ZONE_02447,3,1577,0,1,1,4
ZONE_02448,8,2381,0,1,1,1
ZONE_02449,7,1668,1,0,0,1
ZONE_02450,7,837,1,1,0,1
ZONE_02451,6,2728,0,1,1,5
ZONE_02452,5,710,1,1,1,4
ZONE_02453,2,2572,1,1,0,5
ZONE_02454,5,634,1,1,0,3
ZONE_02455,7,2971,0,1,1,1
ZONE_02456,9,2401,1,0,1,4
ZONE_02457,6,1689,0,1,1,1
ZONE_02458,2,2662,1,0,0,1
ZONE_02459,9,2167,1,0,1,2
ZONE_02460,5,1284,1,0,1,1
ZONE_02461,4,1787,1,1,0,4
ZONE_02462,9,1541,0,0,0,3
ZONE_02463,1,847,0,0,0,2
ZONE_02464,4,725,1,1,1,4
ZONE_02465,5,1782,0,0,1,3
ZONE_02466,2,926,1,1,1,5
ZONE_02467,6,1465,0,1,0,2
ZONE_02468,4,1392,1,0,1,2
ZONE_02469,9,2650,0,1,0,2
ZONE_02470,8,1787,1,1,0,4
ZONE_02471,2,558,1,0,1,3
ZONE_02472,4,839,1,0,0,5
ZONE_02473,8,1525,0,1,0,3
ZONE_02474,5,2883,1,0,0,2
ZONE_02475,9,884,0,0,1,3
ZONE_02476,5,2932,0,0,0,1
ZONE_02477,8,1404,1,1,1,4
ZONE_02478,3,1747,1,1,0,5
ZONE_02479,0,2249,1,0,1,2
ZONE_02480,7,1117,1,1,0,1
ZONE_02481,3,1495,0,1,0,1
ZONE_02482,7,905,1,1,0,5
ZONE_02483,6,2929,1,0,0,1
ZONE_02484,3,1652,0,1,1,3
ZONE_02485,0,2732,0,1,0,4
ZONE_02486,1,2174,1,0,1,5
ZONE_02487,4,2751,1,0,0,4
ZONE_02488,4,2460,1,0,1,4
ZONE_02489,7,2880,1,0,1,1
ZONE_02490,4,728,1,1,1,4
ZONE_02491,0,1116,1,1,1,2
ZONE_02492,3,2411,1,0,1,4
ZONE_02493,5,1998,1,0,0,1
ZONE_02494,8,2146,0,0,0,5
ZONE_02495,0,2151,1,1,1,3
ZONE_02496,3,1088,1,1,0,2
ZONE_02497,1,1280,1,0,1,4
ZONE_02498,6,603,1,0,1,3
ZONE_02499,5,1255,1,1,1,1
ZONE_02500,0,2388,1,1,1,4
ZONE_02501,0,2272,0,1,0,4
ZONE_02502,0,1891,1,0,0,4
ZONE_02503,3,2624,0,1,0,5
ZONE_02504,1,1683,1,0,0,4
ZONE_02505,8,968,1,0,1,5
ZONE_02506,3,2799,0,1,0,3
ZONE_02507,1,1866,0,0,0,3
ZONE_02508,1,2335,0,0,0,1
ZONE_02509,3,2105,1,1,1,4
ZONE_02510,7,1402,0,0,1,4
ZONE_02511,0,2570,1,1,0,4
ZONE_02512,9,2525,0,0,0,3
ZONE_02513,9,2572,0,0,1,4
ZONE_02514,7,1267,0,0,0,3
ZONE_02515,1,1659,1,1,1,4
ZONE_02516,6,765,1,0,0,1
ZONE_02517,0,2934,0,1,1,3
ZONE_02518,1,2099,0,1,0,2
ZONE_02519,7,1258,0,1,1,1
ZONE_02520,3,1750,0,1,0,5
ZONE_02521,1,1092,0,1,1,2
ZONE_02522,3,2544,1,0,0,1
ZONE_02523,3,1572,0,0,0,2
ZONE_02524,0,2389,1,0,1,4
ZONE_02525,3,557,0,0,0,1
ZONE_02526,0,1287,1,1,1,2
ZONE_02527,8,1405,0,0,1,4
ZONE_02528,3,1750,0,1,1,3
ZONE_02529,2,1284,1,0,1,1
ZONE_02530,3,2188,1,0,0,1
ZONE_02531,9,2741,1,0,0,1
ZONE_02532,4,562,0,1,1,1
ZONE_02533,6,1958,1,0,0,1
ZONE_02534,4,2945,1,1,0,3
ZONE_02535,8,949,0,1,1,2
ZONE_02536,0,2228,1,0,1,1
ZONE_02537,4,2014,0,1,0,3
ZONE_02538,8,1262,1,1,0,3
ZONE_02539,8,2078,0,1,1,5
ZONE_02540,3,1899,1,0,1,4
ZONE_02541,3,511,1,1,1,2
ZONE_02542,4,916,1,1,0,5
ZONE_02543,6,2282,1,1,0,4
ZONE_02544,8,2208,1,1,0,4
ZONE_02545,1,576,0,0,0,1
ZONE_02546,8,806,0,1,0,3
ZONE_02547,8,2946,0,1,0,4
ZONE_02548,2,718,0,1,1,4
ZONE_02549,3,1564,0,0,0,3
ZONE_02550,1,2572,0,0,1,3
ZONE_02551,8,1061,1,1,0,3
ZONE_02552,5,2633,1,0,1,4
ZONE_02553,1,678,1,1,1,2
ZONE_02554,0,1080,1,1,0,5
ZONE_02555,7,1020,1,1,0,4
ZONE_02556,2,1917,1,1,1,4
ZONE_02557,4,1943,1,1,1,3
ZONE_02558,9,1578,0,0,0,5
ZONE_02559,6,2724,1,1,1,1
ZONE_02560,6,1719,1,1,0,1
ZONE_02561,1,721,1,1,0,2
ZONE_02562,1,1007,0,1,0,4
ZONE_02563,6,2402,0,0,1,1
ZONE_02564,2,1738,1,1,1,3
ZONE_02565,8,847,0,1,0,2
ZONE_02566,8,2885,0,0,0,4
ZONE_02567,3,1271,0,0,1,5
ZONE_02568,1,2807,1,0,1,3
ZONE_02569,2,2939,0,1,0,1
ZONE_02570,6,990,1,0,1,4
ZONE_02571,8,586,0,0,0,3
ZONE_02572,8,649,1,1,0,4
ZONE_02573,1,1732,0,0,0,2
ZONE_02574,8,1586,1,0,0,1
ZONE_02575,5,1826,0,1,1,4
ZONE_02576,5,731,1,0,1,5
ZONE_02577,2,2092,1,0,1,3
ZONE_02578,8,2368,0,0,0,4
ZONE_02579,8,2388,1,1,0,1
ZONE_02580,6,2957,1,1,0,2
ZONE_02581,8,2006,0,1,1,2
ZONE_02582,3,1941,0,0,0,2
ZONE_02583,6,2093,0,1,1,3
ZONE_02584,7,1788,1,0,1,4
ZONE_02585,4,1916,1,0,0,2
ZONE_02586,0,1988,1,1,1,3
ZONE_02587,7,1398,1,0,1,1
ZONE_02588,8,1179,0,1,1,4
ZONE_02589,4,1881,0,0,0,5
ZONE_02590,1,1932,0,0,0,3
ZONE_02591,0,2773,0,1,1,5
ZONE_02592,9,1109,1,1,1,2
ZONE_02593,1,2798,0,0,0,3
ZONE_02594,4,769,0,0,1,3
ZONE_02595,7,2261,1,0,1,2
ZONE_02596,7,509,1,1,0,2
ZONE_02597,1,1946,1,0,0,3
ZONE_02598,4,2896,1,1,0,3
ZONE_02599,0,961,0,1,0,1
ZONE_02600,1,1320,0,1,1,5
ZONE_02601,8,2425,1,1,1,5
ZONE_02602,3,1728,0,0,0,4
ZONE_02603,6,1686,1,1,1,5
ZONE_02604,7,1739,0,1,1,3
ZONE_02605,7,2924,1,0,0,2
ZONE_02606,5,794,0,0,0,5
ZONE_02607,2,591,0,1,0,4
ZONE_02608,6,1840,0,1,0,2
ZONE_02609,8,2555,1,0,0,1
ZONE_02610,3,973,0,1,0,5
ZONE_02611,4,1843,0,0,1,5
ZONE_02612,8,1702,1,0,1,2
ZONE_02613,7,2094,1,0,1,5
ZONE_02614,9,1850,1,0,1,5
ZONE_02615,7,1703,0,0,1,2
ZONE_02616,1,2155,1,1,0,3
ZONE_02617,6,2203,1,0,1,1
ZONE_02618,6,2236,0,1,0,1
ZONE_02619,2,2990,0,1,1,3
ZONE_02620,5,1172,1,1,0,1
ZONE_02621,5,2952,0,0,0,1
ZONE_02622,6,2837,1,1,0,3
ZONE_02623,8,2074,0,0,0,3
ZONE_02624,1,1660,1,1,1,3
ZONE_02625,7,2020,1,1,1,4
ZONE_02626,9,658,0,0,0,1
ZONE_02627,4,831,1,0,1,1
ZONE_02628,4,1891,1,0,1,4
ZONE_02629,7,2086,1,0,0,5
ZONE_02630,3,2813,0,0,0,4
ZONE_02631,6,2612,1,1,1,5
ZONE_02632,5,2510,1,1,1,5
ZONE_02633,3,2504,1,0,0,4
ZONE_02634,9,1386,0,1,0,4
ZONE_02635,9,1392,1,1,0,2
ZONE_02636,8,1835,1,0,1,5
ZONE_02637,9,2458,1,1,0,5
ZONE_02638,3,1309,0,0,0,3
ZONE_02639,3,2390,0,1,0,1
ZONE_02640,1,1472,0,0,0,4
ZONE_02641,7,2796,1,0,0,1
ZONE_02642,2,2016,0,1,1,5
ZONE_02643,3,1220,1,1,1,3
ZONE_02644,2,794,0,1,0,3
ZONE_02645,0,1452,0,0,0,2
ZONE_02646,0,2326,1,1,1,1
ZONE_02647,2,730,0,1,1,4
ZONE_02648,9,1389,0,1,0,5
ZONE_02649,7,2169,1,0,0,3
ZONE_02650,2,1822,1,1,0,1
ZONE_02651,5,1030,0,0,0,1
ZONE_02652,8,2916,1,0,1,1
ZONE_02653,1,2611,1,1,0,1
ZONE_02654,1,891,1,1,1,3
ZONE_02655,4,2297,1,0,1,2
ZONE_02656,8,927,1,1,1,3
ZONE_02657,7,949,0,1,1,2
ZONE_02658,2,1162,0,0,1,3
ZONE_02659,4,2199,1,1,0,5
ZONE_02660,0,1329,1,1,1,3
ZONE_02661,7,2209,0,0,0,4
ZONE_02662,8,1714,0,1,0,1
ZONE_02663,6,1913,1,0,0,4
ZONE_02664,7,526,1,0,0,3
ZONE_02665,1,2145,0,1,0,3
ZONE_02666,3,1134,0,0,1,1
ZONE_02667,2,640,1,0,1,3
ZONE_02668,0,1783,1,1,0,3
ZONE_02669,6,1400,0,1,1,3
ZONE_02670,7,2614,0,1,1,4
ZONE_02671,8,2904,0,1,1,4
ZONE_02672,8,2351,0,0,1,4
ZONE_02673,9,1523,0,0,1,1
ZONE_02674,2,2701,0,0,0,5
ZONE_02675,8,2600,0,1,1,3
ZONE_02676,9,2589,1,1,0,2
ZONE_02677,5,2215,0,0,0,2
ZONE_02678,5,2861,0,0,1,1
ZONE_02679,1,2380,0,0,0,4
ZONE_02680,5,2229,0,0,0,2
ZONE_02681,1,1536,0,1,1,2
ZONE_02682,0,1911,0,1,0,4
ZONE_02683,6,2450,0,1,1,3
ZONE_02684,4,2008,0,1,1,2
ZONE_02685,3,1745,0,1,0,4
ZONE_02686,3,2828,0,1,0,3
ZONE_02687,1,896,1,1,1,1
ZONE_02688,4,2193,0,1,0,1
ZONE_02689,5,2829,0,1,0,4
ZONE_02690,9,1491,1,0,0,5
ZONE_02691,4,2854,0,0,0,5
ZONE_02692,5,2482,0,0,1,3
ZONE_02693,2,1791,1,1,0,2
ZONE_02694,4,2889,1,0,1,3
ZONE_02695,1,2540,0,0,1,5
ZONE_02696,2,2891,0,1,0,3
ZONE_02697,4,1800,0,0,0,3
ZONE_02698,9,722,1,1,1,4
ZONE_02699,5,728,1,0,0,5
ZONE_02700,3,856,0,0,1,4
ZONE_02701,4,568,0,0,0,5
ZONE_02702,7,2204,0,0,1,4
ZONE_02703,0,2372,0,0,1,1
ZONE_02704,5,2864,1,0,1,3
ZONE_02705,1,846,1,0,0,3
ZONE_02706,0,882,0,1,1,3
ZONE_02707,3,2674,0,1,0,5
ZONE_02708,6,2217,0,0,1,4
ZONE_02709,7,1368,1,1,0,4
ZONE_02710,0,1000,0,0,1,5
ZONE_02711,1,753,0,0,0,2
ZONE_02712,4,1765,0,0,0,1
ZONE_02713,4,1023,0,0,1,3
ZONE_02714,9,2758,0,1,1,2
ZONE_02715,1,2084,0,0,0,1
ZONE_02716,1,1632,0,1,0,1
ZONE_02717,6,729,1,0,0,3
ZONE_02718,0,895,0,0,1,4
ZONE_02719,8,1036,1,1,0,2
ZONE_02720,5,931,1,1,0,4
ZONE_02721,2,2537,0,1,0,4
ZONE_02722,3,2989,1,1,1,5
ZONE_02723,8,2951,1,0,1,1
ZONE_02724,1,2906,0,0,0,3
ZONE_02725,8,2887,1,0,0,4
ZONE_02726,7,1894,1,0,0,5
ZONE_02727,1,2828,0,0,1,3
ZONE_02728,6,1131,0,0,0,5
ZONE_02729,0,2889,1,1,1,5
ZONE_02730,9,2656,0,1,1,4
ZONE_02731,9,917,0,1,1,2
ZONE_02732,5,1271,0,1,1,3
ZONE_02733,8,1818,1,0,1,2
ZONE_02734,5,1849,1,0,1,4
ZONE_02735,5,768,0,1,0,1
ZONE_02736,6,1653,1,0,1,4
ZONE_02737,5,866,0,0,0,1
ZONE_02738,4,1471,0,0,1,5
ZONE_02739,3,2397,1,1,1,4
ZONE_02740,2,2875,0,0,1,1
ZONE_02741,5,2051,0,1,0,3
ZONE_02742,0,1175,1,1,1,4
ZONE_02743,3,568,0,1,0,4
ZONE_02744,6,802,1,0,1,5
ZONE_02745,9,1928,1,0,1,4
ZONE_02746,2,1553,1,1,0,2
ZONE_02747,7,885,0,1,1,5
ZONE_02748,6,1600,1,0,0,2
ZONE_02749,1,2354,0,0,0,5
ZONE_02750,0,2059,1,1,0,1
ZONE_02751,1,1508,0,0,0,2
ZONE_02752,1,1730,1,0,1,5
ZONE_02753,6,1627,0,1,0,4
ZONE_02754,4,1191,1,0,1,4
ZONE_02755,5,1280,1,1,1,3
ZONE_02756,1,2459,0,0,1,5
ZONE_02757,5,1467,0,1,1,1
ZONE_02758,7,1056,1,0,1,3
ZONE_02759,4,2892,0,1,1,1
ZONE_02760,5,2702,1,1,0,1
ZONE_02761,8,559,0,0,0,3
ZONE_02762,4,695,0,0,0,3
ZONE_02763,8,848,0,1,1,1
ZONE_02764,4,2309,1,0,1,3
ZONE_02765,1,2793,0,0,1,4
ZONE_02766,1,2375,1,1,0,3
ZONE_02767,1,2486,1,0,0,1
ZONE_02768,3,2696,0,1,1,2
ZONE_02769,9,2373,0,1,1,1
ZONE_02770,8,1343,0,1,1,5
ZONE_02771,1,517,1,0,0,4
ZONE_02772,3,2470,0,1,0,3
ZONE_02773,3,2075,0,0,1,2
ZONE_02774,8,2608,1,0,1,4
ZONE_02775,0,531,1,0,0,4
ZONE_02776,3,2694,0,0,0,2
ZONE_02777,3,2903,1,1,1,5
ZONE_02778,5,1222,0,1,0,2
ZONE_02779,0,1923,1,1,0,1
ZONE_02780,7,2618,0,1,1,1
ZONE_02781,2,1393,1,0,1,5
ZONE_02782,9,1984,1,0,0,1
ZONE_02783,8,1671,1,1,1,1
ZONE_02784,8,1468,0,0,0,5
ZONE_02785,7,2358,0,1,0,4
ZONE_02786,7,920,0,0,0,4
ZONE_02787,3,570,0,1,0,2
ZONE_02788,4,2373,0,1,1,1
ZONE_02789,0,1917,1,0,1,3
ZONE_02790,0,686,1,1,1,3
ZONE_02791,5,2410,0,0,1,2
ZONE_02792,6,2165,0,0,0,4
ZONE_02793,1,2364,0,0,0,4
ZONE_02794,6,1311,1,0,1,4
ZONE_02795,8,927,0,0,1,1
ZONE_02796,5,2869,0,1,0,5
ZONE_02797,5,2769,1,0,1,3
ZONE_02798,7,765,1,0,0,4
ZONE_02799,6,2376,1,0,1,5
ZONE_02800,0,897,0,0,1,1
ZONE_02801,8,838,1,0,0,3
ZONE_02802,7,1623,0,1,0,1
ZONE_02803,0,1618,0,1,1,3
ZONE_02804,5,1869,0,1,0,5
ZONE_02805,9,511,1,1,0,5
ZONE_02806,7,1850,0,0,1,2
ZONE_02807,5,1173,1,1,1,1
ZONE_02808,9,2836,1,0,0,2
ZONE_02809,1,1144,1,1,0,2
ZONE_02810,9,1632,0,1,0,1
ZONE_02811,3,2762,1,1,1,4
ZONE_02812,5,948,1,0,1,4
ZONE_02813,9,2087,0,1,0,5
ZONE_02814,1,2619,1,1,0,1
ZONE_02815,4,2095,0,0,0,1
ZONE_02816,4,616,0,1,0,3
ZONE_02817,4,641,1,1,0,3
ZONE_02818,6,1459,1,1,1,1
ZONE_02819,4,2289,1,1,1,3
ZONE_02820,7,790,0,0,1,1
ZONE_02821,4,1612,1,0,1,2
ZONE_02822,4,2941,0,0,0,3
ZONE_02823,3,2549,1,0,0,4
ZONE_02824,1,1949,0,0,0,5
ZONE_02825,3,511,1,1,1,1
ZONE_02826,3,1381,0,1,1,2
ZONE_02827,2,2480,1,0,0,2
ZONE_02828,8,1099,0,0,1,3
ZONE_02829,0,1402,1,0,0,3
ZONE_02830,8,788,1,0,1,1
ZONE_02831,6,1553,1,0,1,4
ZONE_02832,4,2051,1,0,1,3
ZONE_02833,9,2098,1,0,1,5
ZONE_02834,2,999,0,1,1,3
ZONE_02835,5,2064,1,1,0,3
ZONE_02836,5,564,1,1,0,5
ZONE_02837,5,2720,0,1,0,5
ZONE_02838,5,1142,0,1,0,5
ZONE_02839,3,1607,0,1,0,2
ZONE_02840,4,1041,1,1,0,2
ZONE_02841,0,2348,0,1,1,1
ZONE_02842,0,2330,1,0,1,1
ZONE_02843,5,1986,1,1,0,3
ZONE_02844,8,2817,0,0,0,1
ZONE_02845,5,2288,0,1,0,3
ZONE_02846,4,1904,1,1,1,4
ZONE_02847,8,2386,0,1,0,4
ZONE_02848,4,2622,0,0,0,5
ZONE_02849,2,1093,0,1,0,1
ZONE_02850,4,1918,1,1,0,5
ZONE_02851,6,2056,0,1,0,2
ZONE_02852,4,2828,0,1,0,5
ZONE_02853,1,2702,0,1,1,2
ZONE_02854,0,2407,1,0,1,3
ZONE_02855,9,1498,1,0,1,4
ZONE_02856,4,533,1,0,1,1
ZONE_02857,8,1617,1,0,1,5
ZONE_02858,0,1363,0,0,0,5
ZONE_02859,2,1453,1,1,1,5
ZONE_02860,6,1058,0,1,1,4
ZONE_02861,5,2813,1,1,0,1
ZONE_02862,0,1752,0,1,0,4
ZONE_02863,0,2817,0,1,0,4
ZONE_02864,8,1276,0,1,1,4
ZONE_02865,0,1488,0,0,0,5
ZONE_02866,6,2980,0,0,0,2
ZONE_02867,6,1666,1,1,1,1
ZONE_02868,7,2194,1,1,0,5
ZONE_02869,1,748,0,1,1,4
ZONE_02870,7,966,1,0,1,5
ZONE_02871,9,1344,1,0,1,2
ZONE_02872,8,998,1,1,1,3
ZONE_02873,8,1994,0,0,0,2
ZONE_02874,7,2309,0,0,0,3
ZONE_02875,4,776,1,0,1,2
ZONE_02876,6,632,0,0,0,1
ZONE_02877,7,2462,1,0,0,1
ZONE_02878,8,1451,1,0,0,3
ZONE_02879,9,908,1,0,1,4
ZONE_02880,4,1893,0,1,1,1
ZONE_02881,8,510,0,0,1,5
ZONE_02882,9,759,1,1,0,1
ZONE_02883,8,2388,0,1,0,5
ZONE_02884,8,2292,0,0,0,1
ZONE_02885,0,2633,1,0,1,4
ZONE_02886,3,828,0,0,1,2
ZONE_02887,7,1304,0,0,0,5
ZONE_02888,8,1191,0,0,1,1
ZONE_02889,3,1477,0,0,1,2
ZONE_02890,0,2503,1,0,1,4
ZONE_02891,0,2297,0,0,0,2
ZONE_02892,8,523,1,1,1,3
ZONE_02893,4,727,1,0,0,1
ZONE_02894,4,2320,0,0,1,1
ZONE_02895,1,2827,0,1,1,5
ZONE_02896,5,1698,0,0,1,3
ZONE_02897,0,712,1,0,0,2
ZONE_02898,2,1143,1,1,1,2
ZONE_02899,9,1659,0,1,0,3
ZONE_02900,9,2924,1,0,1,5
ZONE_02901,0,543,1,0,0,2
ZONE_02902,1,1950,0,0,0,2
ZONE_02903,9,2344,0,1,0,3
ZONE_02904,1,967,1,1,0,3
ZONE_02905,4,684,0,1,1,3
ZONE_02906,9,1816,0,0,0,4
ZONE_02907,4,734,0,1,0,2
ZONE_02908,8,2758,1,0,0,3
ZONE_02909,6,2263,0,1,1,2
ZONE_02910,3,2656,0,1,0,2
ZONE_02911,3,1898,1,0,0,5
ZONE_02912,0,2123,1,1,0,3
ZONE_02913,1,1216,0,1,1,2
ZONE_02914,4,2702,0,1,1,1
ZONE_02915,9,2493,0,0,0,5
ZONE_02916,8,2605,1,1,1,3
ZONE_02917,5,2241,1,1,1,2
ZONE_02918,7,2240,1,0,0,4
ZONE_02919,7,2406,0,1,1,1
ZONE_02920,9,1269,0,1,0,4
ZONE_02921,1,995,1,1,1,5
ZONE_02922,3,2861,0,1,1,1
ZONE_02923,9,947,0,1,0,4
ZONE_02924,8,1810,0,1,0,3
ZONE_02925,3,2448,0,1,0,4
ZONE_02926,1,1460,0,1,1,3
ZONE_02927,0,2330,1,0,1,3
ZONE_02928,0,1479,0,1,0,3
ZONE_02929,6,1994,1,1,0,2
ZONE_02930,7,2752,0,1,1,5
ZONE_02931,6,759,0,0,1,2
ZONE_02932,8,1735,1,1,0,3
ZONE_02933,5,2126,1,0,1,1
ZONE_02934,8,1882,0,0,1,3
ZONE_02935,4,2646,0,1,1,2
ZONE_02936,0,2628,0,0,1,3
ZONE_02937,2,643,0,0,0,3
ZONE_02938,2,2364,1,1,1,1
ZONE_02939,6,2878,0,0,0,5
ZONE_02940,9,1502,0,1,0,2
ZONE_02941,0,990,0,1,1,5
ZONE_02942,1,2465,0,0,0,5
ZONE_02943,7,572,0,1,0,2
ZONE_02944,4,2273,1,1,0,4
ZONE_02945,4,1337,0,1,1,1
ZONE_02946,7,2524,1,1,0,2
ZONE_02947,1,2971,0,1,1,3
ZONE_02948,2,2666,0,0,0,2
ZONE_02949,9,2978,0,1,1,2
ZONE_02950,1,2859,1,1,0,4
ZONE_02951,2,2278,0,0,1,1
ZONE_02952,6,872,1,0,1,2
ZONE_02953,5,556,1,0,0,3
ZONE_02954,6,1340,1,0,0,4
ZONE_02955,2,625,0,1,1,3
ZONE_02956,6,2627,0,0,1,4
ZONE_02957,1,1887,0,1,0,2
ZONE_02958,2,2936,1,1,0,4
ZONE_02959,0,1819,1,0,1,4
ZONE_02960,3,2976,0,1,0,2
ZONE_02961,0,1590,1,1,0,2
ZONE_02962,1,1391,1,1,0,1
ZONE_02963,9,2437,1,0,1,2
ZONE_02964,1,886,1,0,0,3
ZONE_02965,4,839,0,0,0,1
ZONE_02966,8,2174,1,1,0,5
ZONE_02967,5,2763,0,1,1,5
ZONE_02968,1,1298,1,0,1,1
ZONE_02969,9,2505,0,0,0,5
ZONE_02970,4,1619,1,0,1,2
ZONE_02971,2,610,0,0,0,4
ZONE_02972,2,1892,0,1,1,2
ZONE_02973,3,2976,1,0,0,2
ZONE_02974,6,2834,1,1,1,5
ZONE_02975,9,2605,1,1,1,5
ZONE_02976,8,792,0,0,1,4
ZONE_02977,6,1416,1,1,0,5
ZONE_02978,1,619,0,1,1,4
ZONE_02979,8,1976,1,0,0,1
ZONE_02980,6,2362,1,0,0,2
ZONE_02981,4,1934,1,1,1,3
ZONE_02982,5,1395,0,0,1,2
ZONE_02983,4,2089,0,0,1,2
ZONE_02984,5,561,1,1,1,3
ZONE_02985,8,1852,1,1,0,4
ZONE_02986,8,1908,0,0,1,2
ZONE_02987,0,1822,1,0,0,2
ZONE_02988,0,1425,0,0,0,5
ZONE_02989,5,2206,1,1,0,4
ZONE_02990,8,2522,1,1,0,3
ZONE_02991,4,2742,0,1,1,2
ZONE_02992,1,605,1,1,1,2
ZONE_02993,4,1862,0,0,1,2
ZONE_02994,1,2317,0,1,0,1
ZONE_02995,8,789,1,0,0,3
ZONE_02996,8,1089,1,0,0,5
ZONE_02997,1,900,1,0,0,2
ZONE_02998,3,1931,1,0,0,2
ZONE_02999,3,2519,0,0,1,4
ZONE_03000,5,2392,1,0,1,3
ZONE_03001,3,2435,0,0,0,3
ZONE_03002,4,1630,0,1,1,3
ZONE_03003,2,2949,1,0,1,3
ZONE_03004,3,1316,0,0,1,3
ZONE_03005,7,2850,1,1,1,5
ZONE_03006,0,2745,1,0,0,4
ZONE_03007,7,2724,0,0,1,3
ZONE_03008,3,1562,1,1,0,2
ZONE_03009,9,1040,0,0,1,1
ZONE_03010,3,2464,0,1,1,5
ZONE_03011,0,2609,0,0,1,2
ZONE_03012,8,913,1,0,1,1
ZONE_03013,1,2783,0,0,0,5
ZONE_03014,8,1897,0,0,1,2
ZONE_03015,0,679,0,1,1,3
ZONE_03016,1,1135,1,1,0,1
ZONE_03017,8,1391,1,0,0,5
ZONE_03018,6,1285,0,1,1,3
ZONE_03019,6,1323,1,1,0,1
ZONE_03020,6,659,0,0,0,5
ZONE_03021,6,2665,0,1,1,4
ZONE_03022,1,2914,0,0,1,5
ZONE_03023,9,1650,0,1,0,1
ZONE_03024,9,2328,0,1,1,5
ZONE_03025,2,1182,0,0,0,3
ZONE_03026,5,1771,1,0,0,2
ZONE_03027,3,2685,1,0,0,4
ZONE_03028,8,1531,1,1,0,3
ZONE_03029,7,1345,1,1,1,1
ZONE_03030,7,1473,0,0,1,4
ZONE_03031,5,1516,0,0,0,4
ZONE_03032,4,1726,0,0,1,3
ZONE_03033,3,1197,1,1,1,3
ZONE_03034,4,2764,0,0,1,2
ZONE_03035,9,2546,1,1,0,5
ZONE_03036,0,1700,1,1,1,3
ZONE_03037,3,2282,0,0,1,5
ZONE_03038,8,2160,1,1,0,1
ZONE_03039,7,1777,0,0,1,3
ZONE_03040,2,2609,1,1,1,5
ZONE_03041,8,715,0,1,0,4
ZONE_03042,9,756,1,1,0,5
ZONE_03043,3,812,0,0,1,2
ZONE_03044,4,2173,1,1,1,2
ZONE_03045,6,1148,0,1,0,5
ZONE_03046,5,1073,0,1,0,1
ZONE_03047,1,1574,0,1,0,1
ZONE_03048,4,1094,0,0,0,3
ZONE_03049,6,504,0,0,1,3
ZONE_03050,7,2362,1,1,1,2
ZONE_03051,9,1854,0,0,1,5
ZONE_03052,8,1808,1,0,0,2
ZONE_03053,5,2458,1,1,0,5
ZONE_03054,1,1102,1,0,0,1
ZONE_03055,3,2656,1,0,0,4
ZONE_03056,4,1070,0,1,1,5
ZONE_03057,1,2872,0,0,0,3
ZONE_03058,2,1668,0,0,0,1
ZONE_03059,3,2303,1,0,1,5
ZONE_03060,0,1669,0,0,0,2
ZONE_03061,1,2079,0,0,0,3
ZONE_03062,0,1072,1,0,1,1
ZONE_03063,6,2670,0,1,0,3
ZONE_03064,3,2721,1,1,1,5
ZONE_03065,3,1711,1,1,0,1
ZONE_03066,3,834,1,0,1,5
ZONE_03067,3,1254,0,1,1,2
ZONE_03068,8,2748,0,0,1,5
ZONE_03069,6,925,0,1,0,1
ZONE_03070,6,1994,1,1,1,1
ZONE_03071,6,1385,0,1,0,2
ZONE_03072,8,1210,1,1,1,4
ZONE_03073,6,1067,1,0,0,5
ZONE_03074,6,2087,0,0,0,4
ZONE_03075,2,1682,1,0,0,1
ZONE_03076,6,2690,0,0,1,4
ZONE_03077,2,1977,0,1,0,4
ZONE_03078,1,2224,0,1,0,5
ZONE_03079,0,1527,1,0,1,3
ZONE_03080,8,2911,0,1,0,1
ZONE_03081,0,747,0,0,1,1
ZONE_03082,7,2673,0,1,0,3
ZONE_03083,9,2875,1,1,0,5
ZONE_03084,5,1995,0,1,1,3
ZONE_03085,9,667,0,0,0,5
ZONE_03086,5,718,0,1,1,5
ZONE_03087,8,2474,0,1,1,4
ZONE_03088,9,1640,0,1,1,3
ZONE_03089,7,2164,0,1,1,1
ZONE_03090,0,1617,0,0,1,4
ZONE_03091,9,2375,0,0,1,5
ZONE_03092,3,2798,1,1,1,5
ZONE_03093,9,2677,1,1,0,4
ZONE_03094,5,2172,1,1,1,3
ZONE_03095,5,2121,1,0,0,5
ZONE_03096,5,2100,1,0,0,4
ZONE_03097,8,2959,0,0,1,1
ZONE_03098,7,1472,1,1,0,4
ZONE_03099,7,2615,0,1,1,3
ZONE_03100,7,845,0,0,0,4
ZONE_03101,4,1659,0,1,0,3
ZONE_03102,7,2664,0,1,0,1
ZONE_03103,0,1051,1,1,0,4
ZONE_03104,0,1126,1,1,0,5
ZONE_03105,8,1479,0,1,1,3
ZONE_03106,7,1482,1,0,0,1
ZONE_03107,9,771,0,0,1,1
ZONE_03108,1,1098,1,1,0,2
ZONE_03109,9,1323,0,0,0,2
ZONE_03110,0,2254,1,0,0,3
ZONE_03111,8,851,1,1,0,2
ZONE_03112,8,1020,1,0,0,2
ZONE_03113,5,946,1,0,0,2
ZONE_03114,7,2101,1,0,1,4
ZONE_03115,7,2796,0,1,0,1
ZONE_03116,9,2094,1,0,0,4
ZONE_03117,5,2985,1,0,0,5
ZONE_03118,8,1077,0,0,1,1
ZONE_03119,2,714,0,1,1,5
ZONE_03120,8,1180,1,0,0,3
ZONE_03121,8,2268,0,1,0,5
ZONE_03122,3,1552,0,1,1,2
ZONE_03123,6,857,1,0,0,5
ZONE_03124,9,2673,0,0,1,5
ZONE_03125,8,2225,0,1,0,1
ZONE_03126,4,1185,1,0,1,2
ZONE_03127,2,1254,0,1,0,1
ZONE_03128,0,1608,1,0,1,4
ZONE_03129,4,2744,1,1,0,5
ZONE_03130,2,1937,1,1,1,1
ZONE_03131,2,1998,1,0,0,3
ZONE_03132,9,1464,1,0,1,2
ZONE_03133,4,671,1,1,1,4
ZONE_03134,3,1248,1,0,1,4
ZONE_03135,5,1981,1,1,0,5
ZONE_03136,1,1019,1,1,0,1
ZONE_03137,9,2712,1,0,1,3
ZONE_03138,4,1249,0,1,0,4
ZONE_03139,8,2477,0,0,1,3
ZONE_03140,0,2049,1,1,1,3
ZONE_03141,8,2467,0,1,0,5
ZONE_03142,2,2780,1,0,0,4
ZONE_03143,0,2157,0,1,0,3
ZONE_03144,4,846,0,0,0,5
ZONE_03145,7,2239,0,0,1,4
ZONE_03146,5,1498,0,0,1,5
ZONE_03147,8,1319,0,0,1,4
ZONE_03148,2,1802,0,0,0,4
ZONE_03149,6,1714,0,1,1,2
ZONE_03150,8,1417,1,0,0,5
ZONE_03151,2,2481,0,1,0,2
ZONE_03152,4,1245,0,1,0,4
ZONE_03153,1,1200,1,1,1,2
ZONE_03154,3,1641,0,1,1,5
ZONE_03155,1,2779,0,0,0,5
ZONE_03156,6,1904,1,1,1,1
ZONE_03157,9,2549,0,0,1,2
ZONE_03158,5,2255,0,1,1,1
ZONE_03159,1,2729,1,0,0,3
ZONE_03160,3,1590,1,1,0,5
ZONE_03161,5,992,0,0,1,2
ZONE_03162,3,2967,1,0,1,1
ZONE_03163,7,852,1,0,0,4
ZONE_03164,5,2793,0,0,0,3
ZONE_03165,9,1697,0,1,1,1
ZONE_03166,8,2694,1,0,1,1
ZONE_03167,3,2515,0,1,0,2
ZONE_03168,8,2068,1,1,1,5
ZONE_03169,6,1945,0,0,0,1
ZONE_03170,4,1437,1,0,0,5
ZONE_03171,4,702,1,0,0,3
ZONE_03172,3,552,1,1,1,5
ZONE_03173,3,1999,1,1,0,5
ZONE_03174,1,813,1,1,1,4
ZONE_03175,2,2163,0,0,1,3
ZONE_03176,8,1898,0,1,0,3
ZONE_03177,5,1993,1,0,1,4
ZONE_03178,4,1648,1,0,0,5
ZONE_03179,0,1116,1,0,0,5
ZONE_03180,4,967,0,0,0,3
ZONE_03181,7,646,0,0,0,1
ZONE_03182,6,2991,0,0,0,4
ZONE_03183,1,2321,0,1,1,3
ZONE_03184,6,1377,1,1,0,3
ZONE_03185,0,1896,1,1,0,2
ZONE_03186,7,1038,0,0,1,2
ZONE_03187,5,1606,1,1,0,3
ZONE_03188,3,2067,0,0,0,4
ZONE_03189,1,1486,1,0,0,3
ZONE_03190,4,2225,0,0,1,2
ZONE_03191,3,1160,1,1,0,2
ZONE_03192,1,1175,1,1,0,2
ZONE_03193,5,2209,1,1,1,5
ZONE_03194,0,2747,0,1,0,5
ZONE_03195,2,2759,1,1,1,3
ZONE_03196,4,1806,1,0,0,2
ZONE_03197,0,1993,0,1,1,3
ZONE_03198,4,2560,1,1,1,4
ZONE_03199,9,1011,0,0,0,4
ZONE_03200,0,704,1,0,0,3
ZONE_03201,3,569,0,0,0,1
ZONE_03202,5,2143,1,0,0,1
ZONE_03203,2,2312,0,1,1,2
ZONE_03204,8,2698,0,0,1,2
ZONE_03205,5,1648,1,0,0,5
ZONE_03206,3,1991,1,1,0,5
ZONE_03207,4,995,0,0,0,3
ZONE_03208,8,2164,1,0,1,1
ZONE_03209,5,956,1,1,0,4
ZONE_03210,6,2174,1,1,0,4
ZONE_03211,8,1286,1,1,1,5
ZONE_03212,0,1519,1,0,1,5
ZONE_03213,4,2746,1,1,0,5
ZONE_03214,7,1476,1,0,0,3
ZONE_03215,0,1443,0,1,1,4
ZONE_03216,8,2906,0,0,1,2
ZONE_03217,1,907,0,0,0,4
ZONE_03218,6,2982,0,1,1,1
ZONE_03219,9,935,0,1,1,4
ZONE_03220,0,1484,0,0,1,5
ZONE_03221,7,880,0,1,0,4
ZONE_03222,0,992,1,1,1,2
ZONE_03223,6,2814,0,1,1,1
ZONE_03224,1,2056,0,1,1,3
ZONE_03225,7,1406,0,1,1,4
ZONE_03226,6,2152,1,1,0,4
ZONE_03227,5,2527,0,1,1,3
ZONE_03228,6,925,1,0,1,2
ZONE_03229,8,1924,0,0,1,1
ZONE_03230,5,2725,1,0,0,2
ZONE_03231,8,1109,0,0,0,3
ZONE_03232,8,1397,1,1,1,5
ZONE_03233,4,2797,1,1,1,2
ZONE_03234,9,1139,1,1,1,2
ZONE_03235,4,2363,1,1,0,2
ZONE_03236,4,2012,0,0,0,4
ZONE_03237,2,1580,0,1,0,5
ZONE_03238,5,2652,1,1,1,4
ZONE_03239,9,1885,0,1,1,4
ZONE_03240,2,2165,1,0,1,2
ZONE_03241,0,609,1,0,0,5
ZONE_03242,0,1118,0,0,0,5
ZONE_03243,4,2575,1,1,1,5
ZONE_03244,7,1663,1,0,0,1
ZONE_03245,2,2577,1,1,0,3
ZONE_03246,2,651,0,1,0,5
ZONE_03247,0,917,1,1,1,4
ZONE_03248,5,1474,1,0,0,5
ZONE_03249,8,1802,0,0,0,2
ZONE_03250,3,2071,0,0,0,5
ZONE_03251,8,2034,0,0,1,5
ZONE_03252,6,588,1,1,0,3
ZONE_03253,2,1075,0,0,0,4
ZONE_03254,9,2601,0,1,0,3
ZONE_03255,5,781,0,0,0,3
ZONE_03256,0,1846,0,1,0,4
ZONE_03257,7,2400,0,1,0,4
ZONE_03258,6,992,0,1,1,4
ZONE_03259,9,1320,1,1,0,2
ZONE_03260,6,808,0,1,0,2
ZONE_03261,7,2004,1,1,1,5
ZONE_03262,7,1116,1,0,1,2
ZONE_03263,5,2377,1,0,1,5
ZONE_03264,2,776,0,1,0,5
ZONE_03265,6,1826,0,0,0,2
ZONE_03266,9,1025,1,1,1,1
ZONE_03267,8,1489,1,0,1,4
ZONE_03268,9,2521,1,1,0,5
ZONE_03269,8,2912,0,0,0,1
ZONE_03270,9,1083,1,0,0,3
ZONE_03271,3,2512,1,0,1,3
ZONE_03272,6,1290,0,1,0,1
ZONE_03273,3,2092,0,0,1,5
ZONE_03274,6,2050,0,0,1,2
ZONE_03275,6,1110,0,0,0,3
ZONE_03276,7,1668,0,1,1,5
ZONE_03277,5,839,0,1,1,2
ZONE_03278,8,2402,0,0,0,2
ZONE_03279,9,557,0,1,1,5
ZONE_03280,3,1285,1,0,1,4
ZONE_03281,8,807,1,1,1,1
ZONE_03282,2,1352,0,1,0,4
ZONE_03283,2,1154,0,0,0,2
ZONE_03284,0,1682,1,1,1,5
ZONE_03285,0,1492,1,0,1,1
ZONE_03286,5,2756,1,1,0,3
ZONE_03287,1,2892,0,1,0,1
ZONE_03288,5,2042,1,0,0,2
ZONE_03289,7,1231,1,1,1,5
ZONE_03290,1,2412,1,1,0,2
ZONE_03291,1,2737,0,1,0,1
ZONE_03292,1,2808,0,1,1,2
ZONE_03293,9,2595,1,1,1,5
ZONE_03294,5,2336,1,1,1,3
ZONE_03295,1,1143,0,0,0,2
ZONE_03296,8,2422,0,0,0,4
ZONE_03297,9,759,1,0,0,2
ZONE_03298,5,1990,1,1,0,5
ZONE_03299,1,1869,1,1,0,4
ZONE_03300,7,2056,0,0,1,3
ZONE_03301,7,1528,1,0,1,2
ZONE_03302,0,1618,0,0,0,4
ZONE_03303,4,1520,0,0,1,2
ZONE_03304,8,2723,0,1,1,3
ZONE_03305,0,2377,1,1,0,3
ZONE_03306,3,2925,0,0,1,3
ZONE_03307,8,2029,1,1,1,4
ZONE_03308,9,2796,0,1,0,3
ZONE_03309,9,1906,0,1,0,2
ZONE_03310,2,593,0,0,0,4
ZONE_03311,0,2441,0,1,0,3
ZONE_03312,7,1221,0,1,1,2
ZONE_03313,7,797,0,0,0,2
ZONE_03314,4,2120,0,0,1,2
ZONE_03315,4,1797,1,1,0,2
ZONE_03316,6,1554,1,0,0,2
ZONE_03317,4,2176,0,0,1,2
ZONE_03318,5,1806,0,1,0,2
ZONE_03319,8,1409,0,0,1,4
ZONE_03320,3,597,0,0,0,3
ZONE_03321,9,2767,1,1,0,3
ZONE_03322,4,2914,1,1,0,5
ZONE_03323,6,2161,0,1,1,4
ZONE_03324,7,2889,1,1,0,5
ZONE_03325,9,1245,0,1,0,4
ZONE_03326,6,2405,1,1,1,2
ZONE_03327,0,794,0,0,1,2
ZONE_03328,7,2570,0,1,0,2
ZONE_03329,7,2423,1,1,1,5
ZONE_03330,3,1144,1,0,0,5
ZONE_03331,4,1215,1,0,1,3
ZONE_03332,9,1887,0,0,0,2
ZONE_03333,8,1271,0,0,1,1
ZONE_03334,0,842,0,0,1,1
ZONE_03335,0,779,1,0,1,2
ZONE_03336,8,2287,0,0,0,4
ZONE_03337,4,1028,0,1,1,3
ZONE_03338,9,744,1,0,1,1
ZONE_03339,6,2060,0,1,1,5
ZONE_03340,0,727,1,1,1,3
ZONE_03341,3,1249,0,1,0,5
ZONE_03342,4,774,1,0,0,3
ZONE_03343,6,2216,0,0,1,3
ZONE_03344,4,1676,0,0,1,1
ZONE_03345,2,2774,1,0,1,3
ZONE_03346,2,2343,0,0,1,4
ZONE_03347,8,527,0,0,0,3
ZONE_03348,1,1045,0,0,1,3
ZONE_03349,8,1883,1,0,0,5
ZONE_03350,4,907,0,0,0,5
ZONE_03351,3,1098,1,1,1,3
ZONE_03352,9,1634,0,0,1,3
ZONE_03353,0,2276,0,1,1,4
ZONE_03354,4,1056,1,0,0,3
ZONE_03355,0,1197,1,1,0,4
ZONE_03356,9,2447,0,0,1,3
ZONE_03357,9,697,1,0,1,4
ZONE_03358,9,2856,1,1,1,3
ZONE_03359,0,954,0,0,0,4
ZONE_03360,1,1065,0,1,1,4
ZONE_03361,0,811,1,0,1,5
ZONE_03362,5,2558,1,1,0,2
ZONE_03363,4,2664,0,0,1,1
ZONE_03364,7,1359,0,0,1,1
ZONE_03365,1,831,1,0,1,3
ZONE_03366,2,2069,0,1,0,2
ZONE_03367,5,2879,1,1,1,5
ZONE_03368,4,938,1,0,1,4
ZONE_03369,4,2778,0,1,1,5
ZONE_03370,4,558,0,0,1,4
ZONE_03371,0,1230,1,0,0,4
ZONE_03372,0,2841,0,1,0,3
ZONE_03373,6,1322,1,0,1,2
ZONE_03374,1,902,0,1,0,5
ZONE_03375,4,1542,0,0,0,2
ZONE_03376,6,2241,1,0,0,3
ZONE_03377,5,1593,0,0,1,5
ZONE_03378,7,2366,0,1,0,1
ZONE_03379,8,2953,0,0,1,3
ZONE_03380,5,2529,0,1,1,4
ZONE_03381,7,2839,1,0,0,5
ZONE_03382,7,2409,0,1,0,2
ZONE_03383,5,1200,1,0,0,1
ZONE_03384,0,722,0,0,0,5
ZONE_03385,6,2100,0,0,0,5
ZONE_03386,8,791,0,0,0,1
ZONE_03387,0,2918,0,1,1,5
ZONE_03388,2,1172,0,0,0,5
ZONE_03389,6,2309,0,0,1,2
ZONE_03390,1,2061,1,1,1,3
ZONE_03391,0,1345,1,0,1,1
ZONE_03392,8,2100,1,0,1,4
ZONE_03393,3,574,1,1,1,4
ZONE_03394,8,2813,0,0,0,1
ZONE_03395,9,1784,1,1,1,5
ZONE_03396,0,1168,0,1,0,4
ZONE_03397,8,2992,1,1,0,2
ZONE_03398,4,1324,1,1,1,3
ZONE_03399,7,2619,0,1,1,1
ZONE_03400,9,2709,0,1,1,3
ZONE_03401,5,2407,1,0,0,4
ZONE_03402,3,2692,1,0,1,2
ZONE_03403,3,909,1,0,1,1
ZONE_03404,8,2755,0,0,0,1
ZONE_03405,2,2998,1,0,0,2
ZONE_03406,5,1188,0,0,0,4
ZONE_03407,5,1087,1,1,0,4
ZONE_03408,8,1612,1,1,1,4
ZONE_03409,0,1367,1,1,1,1
ZONE_03410,9,2583,0,1,1,3
ZONE_03411,2,2670,1,0,0,4
ZONE_03412,8,1661,0,1,1,5
ZONE_03413,3,1354,0,0,1,5
ZONE_03414,3,2085,1,1,1,5
ZONE_03415,0,1862,0,0,0,1
ZONE_03416,4,2137,1,1,1,5
ZONE_03417,7,1974,1,0,1,3
ZONE_03418,5,1923,1,1,1,4
ZONE_03419,4,718,0,0,0,3
ZONE_03420,7,969,0,1,1,2
ZONE_03421,8,843,1,0,1,2
ZONE_03422,4,2946,1,1,0,4
ZONE_03423,7,2337,0,1,0,4
ZONE_03424,5,1986,0,1,1,4
ZONE_03425,5,2933,0,0,1,1
ZONE_03426,8,1941,1,0,1,4
ZONE_03427,6,2145,1,0,1,1
ZONE_03428,4,545,0,0,1,3
ZONE_03429,6,2539,0,0,0,1
ZONE_03430,7,1573,1,0,1,2
ZONE_03431,1,1825,1,0,0,4
ZONE_03432,7,1511,1,1,1,5
ZONE_03433,6,1017,1,1,0,5
ZONE_03434,8,2530,1,0,1,1
ZONE_03435,4,1227,0,1,0,2
ZONE_03436,2,2801,0,0,0,5
ZONE_03437,3,926,1,0,0,5
ZONE_03438,3,793,1,0,1,2
ZONE_03439,4,542,0,1,1,2
ZONE_03440,2,2926,1,0,0,1
ZONE_03441,3,2789,0,0,1,2
ZONE_03442,6,2722,1,0,0,1
ZONE_03443,2,2858,0,1,0,4
ZONE_03444,5,2267,1,1,0,4
ZONE_03445,1,2305,0,0,0,3
ZONE_03446,6,776,0,1,1,3
ZONE_03447,6,778,1,1,1,3
ZONE_03448,6,1148,1,1,1,3
ZONE_03449,9,758,0,1,1,2
ZONE_03450,6,2893,0,1,1,5
ZONE_03451,6,2214,0,0,1,5
ZONE_03452,6,523,0,0,0,1
ZONE_03453,4,1782,0,1,1,1
ZONE_03454,6,2670,1,0,1,2
ZONE_03455,6,2267,1,0,0,5
ZONE_03456,9,894,0,1,1,2
ZONE_03457,2,512,1,0,1,2
ZONE_03458,5,642,1,0,0,1
ZONE_03459,3,1388,0,0,1,3
ZONE_03460,4,942,1,0,1,5
ZONE_03461,9,676,0,1,0,1
ZONE_03462,7,2105,1,0,0,3
ZONE_03463,1,1095,0,1,1,3
ZONE_03464,8,2978,1,0,1,5
ZONE_03465,1,2424,1,1,0,1
ZONE_03466,7,2034,1,0,1,4
ZONE_03467,9,527,1,1,0,4
ZONE_03468,3,1085,0,0,1,4
ZONE_03469,6,2338,0,0,1,2
ZONE_03470,6,2110,0,1,1,5
ZONE_03471,5,1640,1,0,0,1
ZONE_03472,4,2870,0,0,1,5
ZONE_03473,9,797,0,0,1,2
ZONE_03474,1,1873,0,0,0,4
ZONE_03475,3,2675,1,1,1,5
ZONE_03476,3,2604,1,0,0,5
ZONE_03477,2,2884,0,1,0,3
ZONE_03478,9,1095,0,0,1,2
ZONE_03479,3,705,0,1,1,2
ZONE_03480,5,551,1,1,0,1
ZONE_03481,4,1870,0,0,0,1
ZONE_03482,9,2972,1,0,0,1
ZONE_03483,3,2242,1,0,1,2
ZONE_03484,2,1287,0,0,0,3
ZONE_03485,3,1266,1,1,1,4
ZONE_03486,6,2741,1,1,1,2
ZONE_03487,5,1646,0,1,1,4
ZONE_03488,3,2244,0,0,1,2
ZONE_03489,3,2870,1,0,0,3
ZONE_03490,6,777,0,1,0,3
ZONE_03491,3,2189,1,1,1,2
ZONE_03492,6,812,1,1,1,2
ZONE_03493,3,1345,1,1,1,4
ZONE_03494,8,775,0,0,1,4
ZONE_03495,6,2246,0,1,0,1
ZONE_03496,0,2829,0,1,1,5
ZONE_03497,3,1558,0,1,1,4
ZONE_03498,7,972,1,1,1,1
ZONE_03499,1,1455,1,1,0,4
ZONE_03500,5,1588,1,1,1,5
ZONE_03501,5,1193,0,0,0,1
ZONE_03502,1,1471,0,0,1,5
ZONE_03503,8,2528,1,0,1,5
ZONE_03504,8,528,0,0,1,1
ZONE_03505,3,2819,1,0,1,3
ZONE_03506,8,1351,0,0,1,5
ZONE_03507,7,2223,0,0,1,3
ZONE_03508,4,1478,1,1,1,2
ZONE_03509,9,1773,0,0,0,5
ZONE_03510,3,2895,0,1,0,3
ZONE_03511,4,841,1,0,0,5
ZONE_03512,6,1753,1,0,1,3
ZONE_03513,9,2494,1,0,0,5
ZONE_03514,5,1098,0,0,1,4
ZONE_03515,6,863,0,1,1,1
ZONE_03516,2,2995,1,1,1,4
ZONE_03517,0,2240,0,1,1,4
ZONE_03518,0,931,0,1,1,2
ZONE_03519,1,1246,0,1,1,5
ZONE_03520,8,1133,1,1,1,1
ZONE_03521,0,1625,1,1,1,2
ZONE_03522,8,1675,1,0,1,2
ZONE_03523,6,712,0,0,0,5
ZONE_03524,7,1443,0,1,1,2
ZONE_03525,7,2075,1,0,0,3
ZONE_03526,2,1423,1,1,0,4
ZONE_03527,6,1456,1,1,0,3
ZONE_03528,5,1659,1,0,1,4
ZONE_03529,5,1022,1,1,0,2
ZONE_03530,0,1283,0,0,0,2
ZONE_03531,1,1615,0,0,1,4
ZONE_03532,0,2272,1,0,1,5
ZONE_03533,7,1476,0,1,0,5
ZONE_03534,5,2954,1,0,0,2
ZONE_03535,1,1683,1,1,0,2
ZONE_03536,0,2220,0,0,1,1
ZONE_03537,6,1237,0,0,0,2
ZONE_03538,0,2381,0,1,0,1
ZONE_03539,2,575,0,0,0,2
ZONE_03540,5,1420,0,1,0,1
ZONE_03541,3,1910,0,1,0,5
ZONE_03542,5,525,1,1,1,5
ZONE_03543,0,627,0,0,1,2
ZONE_03544,2,2542,0,1,0,4
ZONE_03545,5,1913,0,0,1,4
ZONE_03546,5,1454,0,0,1,2
ZONE_03547,1,722,0,1,1,2
ZONE_03548,1,1550,1,1,1,3
ZONE_03549,2,1682,0,1,0,2
ZONE_03550,4,998,0,1,0,1
ZONE_03551,9,2104,1,0,0,5
ZONE_03552,7,546,1,1,0,3
ZONE_03553,6,2094,0,0,0,4
ZONE_03554,7,2470,1,0,1,5
ZONE_03555,5,2056,1,1,0,3
ZONE_03556,2,1715,0,0,0,2
ZONE_03557,5,1317,1,1,0,5
ZONE_03558,4,1276,1,1,1,1
ZONE_03559,9,1923,1,1,0,4
ZONE_03560,3,1724,1,1,0,4
ZONE_03561,2,1006,1,1,0,4
ZONE_03562,4,2032,0,0,0,1
ZONE_03563,4,2428,0,0,1,3
ZONE_03564,3,1262,0,1,1,2
ZONE_03565,8,982,1,1,0,3
ZONE_03566,5,1041,0,1,0,4
ZONE_03567,9,1695,0,1,1,4
ZONE_03568,4,1048,1,0,0,3
ZONE_03569,5,1579,1,0,0,4
ZONE_03570,0,1910,1,0,1,5
ZONE_03571,3,580,1,1,0,4
ZONE_03572,2,1586,0,0,0,3
ZONE_03573,4,540,1,1,1,2
ZONE_03574,5,616,0,1,0,1
ZONE_03575,8,2822,0,0,1,1
ZONE_03576,2,1333,0,0,0,1
ZONE_03577,8,815,0,0,1,2
ZONE_03578,8,1846,1,0,0,5
ZONE_03579,2,773,1,1,0,1
ZONE_03580,6,1950,1,1,1,3
ZONE_03581,6,992,0,1,0,2
ZONE_03582,3,847,1,0,1,2
ZONE_03583,6,2266,0,0,0,4
ZONE_03584,9,810,0,0,0,2
ZONE_03585,3,1620,1,0,1,3
ZONE_03586,6,1429,1,1,1,1
ZONE_03587,3,2200,1,1,0,3
ZONE_03588,5,1786,1,1,0,2
ZONE_03589,8,1091,1,0,1,4
ZONE_03590,1,1592,1,1,1,3
ZONE_03591,6,994,0,0,1,1
ZONE_03592,1,1564,0,0,1,4
ZONE_03593,0,1474,1,1,0,3
ZONE_03594,6,1706,0,0,0,2
ZONE_03595,9,1762,0,1,1,2
ZONE_03596,5,1795,1,0,1,3
ZONE_03597,9,1638,1,1,1,5
ZONE_03598,4,2590,1,1,0,3
ZONE_03599,0,1880,1,0,1,4
ZONE_03600,2,2449,1,0,0,1
ZONE_03601,0,2654,1,0,1,2
ZONE_03602,6,2973,1,1,1,1
ZONE_03603,4,514,1,0,0,2
ZONE_03604,8,1384,1,1,1,5
ZONE_03605,7,514,0,0,1,1
ZONE_03606,6,2165,1,1,0,2
ZONE_03607,2,570,0,1,1,3
ZONE_03608,6,2940,0,0,1,1
ZONE_03609,9,2634,1,1,0,1
ZONE_03610,4,2282,0,1,0,1
ZONE_03611,9,2000,0,1,1,2
ZONE_03612,5,1003,0,0,0,4
ZONE_03613,3,2376,0,1,1,4
ZONE_03614,9,779,0,0,0,1
ZONE_03615,6,1567,1,0,0,3
ZONE_03616,1,2395,0,1,0,1
ZONE_03617,0,1901,0,1,0,3
ZONE_03618,9,1787,0,1,1,4
ZONE_03619,2,2694,1,0,0,1
ZONE_03620,5,2858,0,1,1,2
ZONE_03621,9,834,0,1,1,1
ZONE_03622,6,2304,0,1,0,5
ZONE_03623,4,1564,0,0,0,3
ZONE_03624,7,873,1,0,1,5
ZONE_03625,5,2858,0,1,1,4
ZONE_03626,6,2675,1,1,1,1
ZONE_03627,3,1191,0,0,1,2
ZONE_03628,9,1298,0,0,0,4
ZONE_03629,3,1773,0,1,0,5
ZONE_03630,9,1557,1,0,0,4
ZONE_03631,3,619,1,0,0,4
ZONE_03632,4,1612,1,0,0,1
ZONE_03633,3,2312,0,0,1,3
ZONE_03634,0,1954,0,0,1,4
ZONE_03635,0,1050,0,0,1,3
ZONE_03636,0,2999,1,0,1,3
ZONE_03637,1,1418,0,0,1,4
ZONE_03638,0,2071,0,0,1,5
ZONE_03639,0,1339,0,1,0,2
ZONE_03640,8,2814,0,0,1,2
ZONE_03641,0,2158,1,0,0,5
ZONE_03642,3,744,1,1,1,2
ZONE_03643,2,1450,0,1,1,1
ZONE_03644,8,2466,0,1,1,1
ZONE_03645,2,2832,1,1,0,3
ZONE_03646,2,2779,1,1,0,5
ZONE_03647,5,730,1,1,1,3
ZONE_03648,0,2623,0,1,1,1
ZONE_03649,0,1982,1,1,0,2
ZONE_03650,7,2632,1,0,0,1
ZONE_03651,8,1996,0,0,1,2
ZONE_03652,6,2653,0,1,1,3
ZONE_03653,6,2071,1,0,0,1
ZONE_03654,9,846,0,1,0,4
ZONE_03655,1,2136,1,1,1,4
ZONE_03656,6,2056,1,0,0,2
ZONE_03657,7,787,1,1,0,4
ZONE_03658,3,862,1,0,1,1
ZONE_03659,6,1684,0,1,1,3
ZONE_03660,6,1894,0,0,1,2
ZONE_03661,0,1813,1,1,1,5
ZONE_03662,5,1928,1,1,0,2
ZONE_03663,9,1523,0,0,0,1
ZONE_03664,9,2291,1,0,1,1
ZONE_03665,2,1653,0,1,1,3
ZONE_03666,2,1705,1,1,0,1
ZONE_03667,4,795,0,0,1,4
ZONE_03668,3,2064,1,1,1,1
ZONE_03669,4,2749,1,0,0,5
ZONE_03670,6,1229,0,1,0,1
ZONE_03671,0,1094,0,1,0,2
ZONE_03672,7,2389,1,1,0,5
ZONE_03673,1,2376,1,1,0,3
ZONE_03674,3,822,0,0,1,3
ZONE_03675,4,553,1,1,1,2
ZONE_03676,9,1815,1,0,1,2
ZONE_03677,9,2603,1,1,0,2
ZONE_03678,0,583,0,0,1,2
ZONE_03679,7,1535,0,1,0,1
ZONE_03680,4,2152,1,1,1,5
ZONE_03681,5,1321,0,1,1,2
ZONE_03682,0,1600,1,0,0,3
ZONE_03683,8,869,0,0,1,3
ZONE_03684,0,2065,1,1,0,1
ZONE_03685,6,2894,0,1,0,2
ZONE_03686,4,1684,0,1,0,3
ZONE_03687,3,737,1,0,1,2
ZONE_03688,4,2286,1,1,0,5
ZONE_03689,1,1682,1,1,1,5
ZONE_03690,4,1646,0,0,1,2
ZONE_03691,8,2964,1,0,1,1
ZONE_03692,6,2802,1,0,1,5
ZONE_03693,4,595,0,0,0,2
ZONE_03694,3,990,0,1,0,4
ZONE_03695,6,667,1,0,0,5
ZONE_03696,8,2880,1,1,0,1
ZONE_03697,7,1101,0,1,0,1
ZONE_03698,8,2999,0,1,0,4
ZONE_03699,8,1850,0,1,0,3
ZONE_03700,1,1958,1,0,0,4
ZONE_03701,6,1258,0,0,1,3
ZONE_03702,2,1404,0,0,0,1
ZONE_03703,4,1865,1,0,1,2
ZONE_03704,0,2572,0,0,0,4
ZONE_03705,5,2737,1,1,1,5
ZONE_03706,9,1006,1,0,0,4
ZONE_03707,6,2708,1,1,0,3
ZONE_03708,0,2490,1,0,0,5
ZONE_03709,8,690,1,1,0,4
ZONE_03710,7,933,0,0,0,3
ZONE_03711,9,1478,0,0,0,2
ZONE_03712,2,2263,0,1,0,1
ZONE_03713,5,1770,0,1,0,5
ZONE_03714,2,1932,0,0,0,4
ZONE_03715,6,1222,1,0,1,5
ZONE_03716,6,1648,0,1,1,3
ZONE_03717,4,1738,1,1,0,1
ZONE_03718,2,1914,1,1,1,2
ZONE_03719,5,1216,1,1,1,3
ZONE_03720,3,2862,0,0,1,4
ZONE_03721,4,1548,1,1,0,3
ZONE_03722,2,884,1,1,0,5
ZONE_03723,7,2555,0,0,1,5
ZONE_03724,7,2432,1,0,1,2
ZONE_03725,1,2829,0,0,0,5
ZONE_03726,9,2168,1,0,0,4
ZONE_03727,1,1507,0,1,0,4
ZONE_03728,6,722,1,1,1,3
ZONE_03729,2,2751,0,0,0,3
ZONE_03730,8,2908,1,1,0,5
ZONE_03731,0,772,0,0,1,5
ZONE_03732,8,2045,0,1,1,4
ZONE_03733,4,557,0,1,1,1
ZONE_03734,0,1351,1,0,1,1
ZONE_03735,4,988,1,1,0,2
ZONE_03736,5,2894,1,1,1,4
ZONE_03737,2,1435,0,0,1,4
ZONE_03738,5,2574,1,0,1,3
ZONE_03739,0,2520,0,1,0,5
ZONE_03740,7,1113,1,1,0,3
ZONE_03741,8,707,0,0,0,4
ZONE_03742,6,790,1,0,1,4
ZONE_03743,9,1091,0,1,0,3
ZONE_03744,3,2027,1,1,0,5
ZONE_03745,3,528,1,1,0,5
ZONE_03746,6,1721,1,1,0,5
ZONE_03747,1,511,1,0,1,4
ZONE_03748,2,1541,0,1,1,4
ZONE_03749,8,2942,1,0,1,3
ZONE_03750,4,1784,1,0,0,5
ZONE_03751,4,2176,0,0,0,3
ZONE_03752,0,636,0,0,1,5
ZONE_03753,9,2361,0,0,0,3
ZONE_03754,2,2711,1,0,1,4
ZONE_03755,9,1874,0,1,0,4
ZONE_03756,8,1240,1,0,0,3
ZONE_03757,9,2192,1,0,1,2
ZONE_03758,9,2554,0,1,0,5
ZONE_03759,5,886,1,0,1,2
ZONE_03760,4,1601,0,0,0,2
ZONE_03761,4,814,0,0,1,3
ZONE_03762,0,1397,0,1,1,4
ZONE_03763,5,2450,0,1,0,3
ZONE_03764,7,1196,1,0,0,3
ZONE_03765,4,2038,1,1,0,2
ZONE_03766,4,2233,0,0,0,3
ZONE_03767,6,1501,0,1,0,5
ZONE_03768,8,2244,0,1,0,3
ZONE_03769,0,899,0,0,1,2
ZONE_03770,4,825,0,1,0,1
ZONE_03771,6,2611,1,1,0,4
ZONE_03772,0,837,1,0,1,4
ZONE_03773,0,2447,1,1,1,1
ZONE_03774,7,2240,1,0,1,5
ZONE_03775,2,1456,1,1,0,1
ZONE_03776,0,1051,1,1,1,1
ZONE_03777,8,2182,1,0,0,1
ZONE_03778,4,981,0,0,1,5
ZONE_03779,9,1692,0,1,0,2
ZONE_03780,8,1777,0,1,1,3
ZONE_03781,7,942,1,0,0,2
ZONE_03782,4,2396,0,1,1,5
ZONE_03783,8,1286,1,1,0,2
ZONE_03784,8,2187,0,0,1,2
ZONE_03785,3,1474,0,0,0,2
ZONE_03786,2,1905,0,0,0,3
ZONE_03787,5,1923,1,0,1,4
ZONE_03788,5,1556,1,0,1,5
ZONE_03789,6,1012,1,1,0,4
ZONE_03790,9,1840,0,1,1,1
ZONE_03791,4,2864,1,1,1,3
ZONE_03792,4,2622,0,0,0,2
ZONE_03793,7,2185,1,1,1,2
ZONE_03794,2,2427,1,1,0,2
ZONE_03795,7,2550,0,0,0,4
ZONE_03796,1,630,1,0,1,4
ZONE_03797,7,2942,0,0,1,5
ZONE_03798,7,1725,0,0,1,5
ZONE_03799,8,793,0,1,1,5
ZONE_03800,6,2130,1,0,0,4
ZONE_03801,1,2694,0,1,1,5
ZONE_03802,5,2667,0,1,0,4
ZONE_03803,1,2348,0,0,0,1
ZONE_03804,9,569,0,0,1,5
ZONE_03805,9,2298,1,1,1,2
ZONE_03806,7,2833,1,0,1,5
ZONE_03807,1,2426,1,1,1,2
ZONE_03808,6,1367,0,1,1,2
ZONE_03809,2,2041,1,0,1,4
ZONE_03810,5,1560,1,0,1,4
ZONE_03811,0,1777,0,0,1,4
ZONE_03812,7,2820,0,0,1,3
ZONE_03813,5,1737,0,1,0,4
ZONE_03814,6,2295,1,1,1,3
ZONE_03815,0,2358,0,1,0,4
ZONE_03816,7,1621,1,0,0,3
ZONE_03817,8,2576,0,0,0,5
ZONE_03818,0,2431,1,1,1,2
ZONE_03819,3,1562,1,1,1,1
ZONE_03820,8,2481,0,0,1,3
ZONE_03821,8,687,1,0,0,1
ZONE_03822,1,1386,0,1,1,5
ZONE_03823,0,2377,0,0,1,4
ZONE_03824,5,2877,0,0,1,1
ZONE_03825,2,1913,1,1,0,1
ZONE_03826,7,556,0,0,0,1
ZONE_03827,9,2198,0,1,1,5
ZONE_03828,6,1627,1,0,0,4
ZONE_03829,7,2217,1,1,1,2
ZONE_03830,2,1944,1,0,1,4
ZONE_03831,9,2008,0,0,1,4
ZONE_03832,1,2843,1,0,0,4
ZONE_03833,9,1866,1,1,1,3
ZONE_03834,1,599,1,0,0,5
ZONE_03835,9,812,1,1,1,3
ZONE_03836,0,639,1,1,0,2
ZONE_03837,2,555,0,1,1,1
ZONE_03838,7,2392,0,0,0,3
ZONE_03839,2,1434,0,1,1,5
ZONE_03840,6,2154,0,0,1,5
ZONE_03841,3,1629,1,0,1,3
ZONE_03842,2,558,0,1,1,1
ZONE_03843,6,1069,1,1,0,2
ZONE_03844,2,1615,1,0,1,2
ZONE_03845,7,2123,0,0,1,4
ZONE_03846,9,2152,1,0,0,4
ZONE_03847,2,1715,0,1,0,3
ZONE_03848,7,2728,0,0,1,3
ZONE_03849,1,1270,0,0,1,5
ZONE_03850,3,2521,1,1,1,3
ZONE_03851,6,887,0,0,0,3
ZONE_03852,5,2772,1,1,0,1
ZONE_03853,1,589,0,1,0,1
ZONE_03854,1,2041,1,1,1,4
ZONE_03855,1,2571,1,1,1,5
ZONE_03856,3,883,0,1,1,4
ZONE_03857,1,2987,1,0,1,2
ZONE_03858,0,1401,1,0,0,5
ZONE_03859,9,873,1,0,0,1
ZONE_03860,3,897,1,1,0,3
ZONE_03861,0,2996,1,1,0,2
ZONE_03862,3,861,0,0,0,2
ZONE_03863,8,1411,1,1,0,5
ZONE_03864,5,2816,0,1,0,3
ZONE_03865,4,1230,0,1,1,3
ZONE_03866,2,2758,1,0,0,1
ZONE_03867,3,1991,0,0,1,3
ZONE_03868,7,1319,1,1,1,5
ZONE_03869,5,1792,0,0,1,5
ZONE_03870,4,1491,0,0,0,2
ZONE_03871,0,2301,1,0,0,1
ZONE_03872,7,1217,1,1,1,1
ZONE_03873,4,709,1,1,1,1
ZONE_03874,8,1472,1,1,0,3
ZONE_03875,2,631,0,0,0,2
ZONE_03876,0,2250,0,1,1,3
ZONE_03877,7,2106,1,0,0,1
ZONE_03878,1,2584,1,0,1,4
ZONE_03879,3,1938,1,1,0,3
ZONE_03880,9,840,1,1,0,5
ZONE_03881,3,2385,0,0,1,4
ZONE_03882,0,1764,1,1,1,3
ZONE_03883,2,2844,0,0,1,5
ZONE_03884,1,2171,0,1,1,4
ZONE_03885,2,1495,1,0,0,3
ZONE_03886,9,1333,0,0,0,5
ZONE_03887,3,1542,0,0,1,5
ZONE_03888,2,2086,1,0,0,3
ZONE_03889,8,1305,0,1,1,4
ZONE_03890,3,633,1,0,1,4
ZONE_03891,9,1210,1,0,1,3
ZONE_03892,5,1466,0,0,1,4
ZONE_03893,0,2511,1,0,0,2
ZONE_03894,6,2411,0,0,1,2
ZONE_03895,0,1587,1,1,1,3
ZONE_03896,8,2046,1,1,1,5
ZONE_03897,7,2583,1,0,0,5
ZONE_03898,9,2827,0,1,0,2
ZONE_03899,0,928,1,1,1,3
ZONE_03900,2,1819,0,0,0,2
ZONE_03901,5,2147,1,0,0,5
ZONE_03902,8,895,1,0,1,5
ZONE_03903,9,602,1,0,1,5
ZONE_03904,6,813,1,1,1,3
ZONE_03905,5,1266,1,1,0,2
ZONE_03906,4,2120,1,0,0,5
ZONE_03907,2,2327,1,0,0,3
ZONE_03908,3,1742,1,0,0,1
ZONE_03909,5,2373,1,0,1,5
ZONE_03910,2,2309,0,0,0,3
ZONE_03911,7,1532,0,0,1,5
ZONE_03912,6,1870,0,1,1,5
ZONE_03913,0,2397,1,1,0,1
ZONE_03914,8,2609,0,0,1,4
ZONE_03915,6,1765,0,1,1,3
ZONE_03916,8,752,1,0,0,4
ZONE_03917,3,1064,1,1,0,2
ZONE_03918,1,1280,1,1,1,5
ZONE_03919,1,2159,0,0,1,4
ZONE_03920,3,1856,0,0,1,2
ZONE_03921,1,2667,1,1,0,4
ZONE_03922,8,2937,0,1,1,1
ZONE_03923,3,2236,0,0,0,4
ZONE_03924,5,2523,1,0,0,5
ZONE_03925,0,1830,0,0,0,3
ZONE_03926,2,1176,1,0,1,4
ZONE_03927,7,2799,1,0,1,2
ZONE_03928,3,2165,0,1,1,5
ZONE_03929,1,2262,1,1,0,2
ZONE_03930,7,597,0,0,1,4
ZONE_03931,7,642,0,0,0,4
ZONE_03932,0,1437,1,0,0,5
ZONE_03933,4,2391,0,0,0,5
ZONE_03934,1,642,1,1,0,3
ZONE_03935,3,995,0,1,0,2
ZONE_03936,4,2981,0,0,0,3
ZONE_03937,0,1099,1,0,1,2
ZONE_03938,9,1624,1,1,1,3
ZONE_03939,3,1668,0,1,1,2
ZONE_03940,5,1844,1,1,1,4
ZONE_03941,2,2746,1,0,0,1
ZONE_03942,5,2973,1,0,0,3
ZONE_03943,9,831,0,1,0,3
ZONE_03944,4,764,0,0,1,5
ZONE_03945,4,1293,0,1,0,1
ZONE_03946,2,1100,1,1,0,5
ZONE_03947,3,1284,0,1,0,3
ZONE_03948,0,560,1,1,1,2
ZONE_03949,3,2822,1,0,0,3
ZONE_03950,3,713,0,0,1,4
ZONE_03951,9,2929,0,0,0,5
ZONE_03952,3,730,0,1,0,1
ZONE_03953,8,1723,0,0,0,4
ZONE_03954,7,2108,1,1,0,5
ZONE_03955,6,622,0,1,1,5
ZONE_03956,0,867,1,1,0,1
ZONE_03957,7,1104,0,0,0,5
ZONE_03958,3,2027,0,0,1,2
ZONE_03959,6,755,0,0,0,4
ZONE_03960,0,1651,1,1,0,2
ZONE_03961,2,1595,1,0,1,3
ZONE_03962,1,2948,1,0,1,2
ZONE_03963,1,1872,0,0,0,5
ZONE_03964,5,1392,0,1,1,2
ZONE_03965,5,2138,0,0,0,3
ZONE_03966,7,1672,0,1,1,2
ZONE_03967,2,1729,1,1,0,5
ZONE_03968,4,2693,0,0,1,4
ZONE_03969,2,560,1,1,0,5
ZONE_03970,0,2894,0,0,0,2
ZONE_03971,9,2828,0,0,1,4
ZONE_03972,2,2956,1,1,0,3
ZONE_03973,0,1190,1,0,1,3
ZONE_03974,5,2776,1,1,0,5
ZONE_03975,3,513,1,1,0,3
ZONE_03976,2,2292,0,1,0,4
ZONE_03977,3,850,0,0,1,5
ZONE_03978,2,1673,1,1,0,4
ZONE_03979,5,2782,1,1,0,2
ZONE_03980,5,689,0,1,0,3
ZONE_03981,7,835,0,1,1,5
ZONE_03982,4,883,0,1,0,5
ZONE_03983,9,2842,1,1,1,5
ZONE_03984,4,1414,1,0,1,4
ZONE_03985,7,577,0,1,0,4
ZONE_03986,0,1338,1,1,0,2
ZONE_03987,0,1276,1,1,1,3
ZONE_03988,5,591,0,0,1,5
ZONE_03989,5,2403,1,1,0,3
ZONE_03990,1,1415,1,1,0,5
ZONE_03991,8,914,1,0,1,5
ZONE_03992,0,1640,1,0,1,2
ZONE_03993,5,2438,1,0,1,5
ZONE_03994,3,1122,0,0,0,3
ZONE_03995,4,1348,1,1,1,3
ZONE_03996,3,2613,1,0,1,4
ZONE_03997,2,1098,1,0,1,2
ZONE_03998,3,708,1,0,1,4
ZONE_03999,5,2584,0,1,0,4
ZONE_04000,8,2735,1,0,0,3
ZONE_04001,7,2035,0,1,0,5
ZONE_04002,3,2186,0,0,1,3
ZONE_04003,2,1267,1,0,0,3
ZONE_04004,0,2541,1,0,0,1
ZONE_04005,4,2394,1,0,0,5
ZONE_04006,3,1090,1,0,1,4
ZONE_04007,9,604,1,0,1,5
ZONE_04008,5,899,0,0,0,4
ZONE_04009,2,2356,1,0,0,3
ZONE_04010,0,1209,0,1,0,3
ZONE_04011,9,662,0,0,0,1
ZONE_04012,9,1444,0,0,1,4
ZONE_04013,8,568,0,1,1,5
ZONE_04014,4,2762,1,1,0,2
ZONE_04015,3,1468,0,0,1,4
ZONE_04016,7,1346,1,0,0,5
ZONE_04017,7,1791,0,0,1,3
ZONE_04018,4,1973,0,1,0,1
ZONE_04019,0,1917,0,1,0,2
ZONE_04020,0,672,1,1,0,3
ZONE_04021,5,2758,0,1,1,2
ZONE_04022,3,1002,0,1,1,2
ZONE_04023,4,677,0,1,1,4
ZONE_04024,7,1545,0,0,0,4
ZONE_04025,0,1319,0,1,0,5
ZONE_04026,4,587,0,0,0,2
ZONE_04027,3,2572,0,1,1,2
ZONE_04028,6,768,0,1,0,5
ZONE_04029,5,1797,0,1,1,5
ZONE_04030,9,515,1,1,1,3
ZONE_04031,5,1456,0,1,0,1
ZONE_04032,0,1837,0,1,0,5
ZONE_04033,1,1230,1,1,0,3
ZONE_04034,2,992,0,1,0,5
ZONE_04035,8,2891,1,1,1,1
ZONE_04036,3,1385,0,1,1,4
ZONE_04037,2,1042,1,0,1,4
ZONE_04038,2,2043,1,0,1,4
ZONE_04039,8,1551,1,1,0,2
ZONE_04040,7,1199,0,1,0,5
ZONE_04041,5,2319,1,1,0,4
ZONE_04042,4,2121,1,1,0,1
ZONE_04043,1,1945,1,0,1,4
ZONE_04044,9,1142,0,1,0,5
ZONE_04045,5,2546,1,1,1,1
ZONE_04046,2,691,1,1,0,2
ZONE_04047,4,1384,1,1,1,1
ZONE_04048,1,2236,0,0,0,5
ZONE_04049,6,1089,1,0,1,2
ZONE_04050,3,2833,0,0,1,4
ZONE_04051,3,2973,0,1,1,3
ZONE_04052,7,1854,1,0,1,2
ZONE_04053,1,1402,1,0,1,5
ZONE_04054,8,1317,1,0,1,4
ZONE_04055,5,1627,0,1,0,1
ZONE_04056,3,1913,1,1,0,1
ZONE_04057,0,1003,0,1,1,3
ZONE_04058,2,2710,1,0,0,1
ZONE_04059,1,1971,1,1,0,3
ZONE_04060,4,1065,1,0,1,5
ZONE_04061,3,2942,1,1,0,2
ZONE_04062,8,2775,1,0,1,4
ZONE_04063,6,2968,1,0,0,2
ZONE_04064,6,1700,0,0,1,4
ZONE_04065,5,2309,1,0,0,4
ZONE_04066,6,1916,1,1,0,4
ZONE_04067,9,2952,1,0,1,3
ZONE_04068,0,2608,0,1,1,1
ZONE_04069,5,2151,1,1,0,4
ZONE_04070,8,1611,1,0,0,5
ZONE_04071,3,2078,1,0,0,5
ZONE_04072,9,1225,0,1,0,3
ZONE_04073,2,2977,0,0,0,2
ZONE_04074,9,2331,1,1,0,5
ZONE_04075,3,969,0,0,0,2
ZONE_04076,4,2105,0,1,0,5
ZONE_04077,0,848,0,0,1,1
ZONE_04078,1,803,1,1,0,1
ZONE_04079,0,941,0,1,0,1
ZONE_04080,2,762,0,1,1,3
ZONE_04081,3,890,1,0,0,3
ZONE_04082,5,1028,0,1,1,4
ZONE_04083,9,1083,1,1,0,1
ZONE_04084,0,648,0,0,0,4
ZONE_04085,5,2382,0,0,0,4
ZONE_04086,9,1146,0,1,0,4
ZONE_04087,9,2016,1,0,0,2
ZONE_04088,2,1500,0,0,1,3
ZONE_04089,2,2565,0,1,1,1
ZONE_04090,3,1637,0,0,0,4
ZONE_04091,0,2225,1,0,0,3
ZONE_04092,1,816,1,1,1,3
ZONE_04093,5,1730,1,1,1,1
ZONE_04094,2,1551,0,1,0,2
ZONE_04095,7,1701,0,0,1,1
ZONE_04096,7,2602,1,1,0,4
ZONE_04097,5,1128,1,1,0,1
ZONE_04098,5,834,0,0,1,2
ZONE_04099,1,2110,0,0,0,3
ZONE_04100,0,2673,0,0,1,2
ZONE_04101,0,1960,1,0,1,5
ZONE_04102,7,1484,0,1,0,3
ZONE_04103,6,1184,0,0,1,5
ZONE_04104,4,2468,0,1,0,3
ZONE_04105,5,591,1,1,0,1
ZONE_04106,8,811,1,1,1,2
ZONE_04107,0,1247,0,1,0,5
ZONE_04108,3,1507,1,0,0,2
ZONE_04109,8,2827,1,0,1,2
ZONE_04110,9,2365,0,1,1,2
ZONE_04111,1,1470,0,1,1,1
ZONE_04112,8,1533,1,1,1,1
ZONE_04113,6,2443,1,0,0,1
ZONE_04114,3,2203,1,1,1,4
ZONE_04115,7,1297,0,0,0,3
ZONE_04116,3,2231,1,1,1,5
ZONE_04117,0,1622,1,1,1,4
ZONE_04118,5,2984,1,0,0,3
ZONE_04119,3,945,0,0,1,3
ZONE_04120,8,856,0,0,1,3
ZONE_04121,7,2747,0,1,1,1
ZONE_04122,6,1782,0,0,1,1
ZONE_04123,2,2369,0,1,1,1
ZONE_04124,2,2427,1,0,0,3
ZONE_04125,9,2889,1,0,0,1
ZONE_04126,3,700,0,0,1,4
ZONE_04127,0,1924,0,1,1,1
ZONE_04128,9,2190,1,1,0,1
ZONE_04129,6,752,1,1,1,1
ZONE_04130,7,1251,0,0,1,1
ZONE_04131,1,1150,0,1,0,2
ZONE_04132,5,938,0,1,0,5
ZONE_04133,0,2698,0,0,0,1
ZONE_04134,2,1632,1,0,0,2
ZONE_04135,1,1937,0,0,1,3
ZONE_04136,4,1257,0,1,1,5
ZONE_04137,8,1221,1,1,0,3
ZONE_04138,8,1290,1,0,0,4
ZONE_04139,1,1219,0,1,0,5
ZONE_04140,9,1664,0,1,0,1
ZONE_04141,4,541,1,1,0,4
ZONE_04142,2,2122,0,0,0,2
ZONE_04143,4,607,1,0,0,2
ZONE_04144,0,2799,0,0,1,5
ZONE_04145,9,2999,0,0,1,1
ZONE_04146,4,2470,1,0,1,5
ZONE_04147,6,2548,0,0,0,2
ZONE_04148,2,2670,0,0,1,4
ZONE_04149,5,2098,0,0,0,4
ZONE_04150,6,2910,1,1,0,1
ZONE_04151,7,861,0,1,0,5
ZONE_04152,7,2645,1,1,0,1
ZONE_04153,4,2366,0,0,1,4
ZONE_04154,8,2866,0,1,0,1
ZONE_04155,2,2311,0,1,0,4
ZONE_04156,3,1413,1,1,1,1
ZONE_04157,8,903,1,1,0,5
ZONE_04158,4,1590,1,1,1,2
ZONE_04159,6,814,1,0,1,2
ZONE_04160,7,646,0,1,0,4
ZONE_04161,0,2223,1,0,0,5
ZONE_04162,1,1776,0,1,1,5
ZONE_04163,3,2226,1,1,0,3
ZONE_04164,1,560,0,0,0,5
ZONE_04165,8,1485,0,0,1,1
ZONE_04166,5,649,0,0,1,3
ZONE_04167,8,1814,1,1,1,2
ZONE_04168,8,766,0,1,0,3
ZONE_04169,0,951,1,1,1,5
ZONE_04170,9,2085,1,0,0,5
ZONE_04171,8,2379,0,1,0,3
ZONE_04172,3,952,1,0,1,2
ZONE_04173,4,1028,0,0,0,3
ZONE_04174,6,2890,0,1,0,4
ZONE_04175,4,959,0,1,1,2
ZONE_04176,6,1618,1,0,1,4
ZONE_04177,7,1494,0,1,1,3
ZONE_04178,4,2298,1,1,0,4
ZONE_04179,8,527,1,1,1,2
ZONE_04180,8,1923,0,1,1,2
ZONE_04181,2,2804,0,0,1,2
ZONE_04182,3,707,0,1,1,5
ZONE_04183,4,957,1,1,0,3
ZONE_04184,5,834,1,1,1,5
ZONE_04185,7,2414,0,0,1,1
ZONE_04186,7,1534,1,1,0,4
ZONE_04187,9,661,0,0,1,1
ZONE_04188,8,2138,0,1,1,2
ZONE_04189,9,616,0,1,1,2
ZONE_04190,0,1022,1,0,0,4
ZONE_04191,4,1725,1,0,1,1
ZONE_04192,3,1283,0,1,1,5
ZONE_04193,0,2658,0,0,1,5
ZONE_04194,1,696,0,1,1,2
ZONE_04195,0,2863,0,0,0,3
ZONE_04196,1,1609,0,1,0,2
ZONE_04197,9,935,1,0,0,2
ZONE_04198,9,1750,1,1,0,5
ZONE_04199,1,2816,0,1,1,5
ZONE_04200,9,1638,1,1,0,5
ZONE_04201,4,734,1,0,1,1
ZONE_04202,5,2807,0,0,0,1
ZONE_04203,0,2663,1,0,0,5
ZONE_04204,0,930,0,0,1,1
ZONE_04205,4,601,1,0,0,4
ZONE_04206,0,706,1,1,0,3
ZONE_04207,0,1383,1,0,0,4
ZONE_04208,7,2885,0,1,0,1
ZONE_04209,3,727,1,0,0,1
ZONE_04210,0,2155,0,0,1,3
ZONE_04211,6,1784,0,1,1,2
ZONE_04212,5,2778,1,0,1,2
ZONE_04213,4,2335,0,1,1,1
ZONE_04214,5,1656,1,1,1,1
ZONE_04215,9,2660,1,1,1,4
ZONE_04216,9,1400,1,1,1,3
ZONE_04217,6,2598,1,1,0,1
ZONE_04218,0,2087,0,0,0,1
ZONE_04219,8,832,0,1,1,1
ZONE_04220,3,2491,1,0,1,1
ZONE_04221,1,897,0,0,1,5
ZONE_04222,9,2927,1,1,1,4
ZONE_04223,8,514,1,0,0,2
ZONE_04224,3,2540,1,0,1,3
ZONE_04225,9,2949,0,1,1,3
ZONE_04226,6,591,1,1,0,2
ZONE_04227,5,1208,1,1,0,5
ZONE_04228,4,2628,1,1,0,2
ZONE_04229,2,1603,0,1,0,4
ZONE_04230,2,1822,0,0,1,4
ZONE_04231,0,1992,0,1,0,4
ZONE_04232,2,650,0,0,0,2
ZONE_04233,3,2016,1,1,1,1
ZONE_04234,8,1081,0,1,0,3
ZONE_04235,3,2446,1,0,0,3
ZONE_04236,6,1405,1,1,1,4
ZONE_04237,0,2690,1,1,0,5
ZONE_04238,4,2461,1,1,0,3
ZONE_04239,9,2302,1,0,0,3
ZONE_04240,7,2009,1,0,0,1
ZONE_04241,6,1472,0,1,1,2
ZONE_04242,0,2287,1,0,1,4
ZONE_04243,0,2554,1,1,0,5
ZONE_04244,1,1580,0,1,0,4
ZONE_04245,5,1718,0,1,1,2
ZONE_04246,6,1763,1,1,1,2
ZONE_04247,3,2204,1,0,1,3
ZONE_04248,9,925,0,0,0,1
ZONE_04249,4,1833,0,0,1,4
ZONE_04250,5,2282,1,1,1,2
ZONE_04251,0,811,1,0,0,1
ZONE_04252,4,2539,0,0,0,1
ZONE_04253,4,648,1,0,0,3
ZONE_04254,8,764,0,1,0,4
ZONE_04255,3,2395,0,0,1,5
ZONE_04256,5,2271,0,1,1,1
ZONE_04257,4,2949,1,0,0,4
ZONE_04258,3,561,0,1,1,5
ZONE_04259,3,529,0,0,1,2
ZONE_04260,1,2977,0,1,1,4
ZONE_04261,3,1537,0,0,0,1
ZONE_04262,1,592,1,1,0,2
ZONE_04263,9,2902,1,1,1,4
ZONE_04264,6,2585,0,0,1,3
ZONE_04265,7,2963,0,1,1,1
ZONE_04266,9,821,1,0,1,2
ZONE_04267,0,2474,0,0,0,3
ZONE_04268,7,1427,1,0,0,4
ZONE_04269,3,954,1,1,1,5
ZONE_04270,2,805,0,1,1,4
ZONE_04271,0,2956,1,1,0,4
ZONE_04272,4,783,0,0,0,3
ZONE_04273,0,875,1,1,1,1
ZONE_04274,1,2534,0,0,0,2
ZONE_04275,5,2814,0,1,0,2
ZONE_04276,9,1104,0,1,0,4
ZONE_04277,4,1137,1,1,0,1
ZONE_04278,1,1493,0,0,0,2
ZONE_04279,0,2647,1,1,0,3
ZONE_04280,9,1456,0,1,0,2
ZONE_04281,0,1351,1,0,0,5
ZONE_04282,6,2181,1,0,0,1
ZONE_04283,8,2235,1,1,1,1
ZONE_04284,8,1842,1,0,0,4
ZONE_04285,6,787,0,0,1,3
ZONE_04286,8,1443,1,1,1,4
ZONE_04287,3,594,1,0,0,2
ZONE_04288,8,1818,1,0,1,5
ZONE_04289,7,523,1,0,0,4
ZONE_04290,2,1289,0,0,0,2
ZONE_04291,6,2860,0,0,1,5
ZONE_04292,2,1782,0,0,1,4
ZONE_04293,3,709,1,0,1,3
ZONE_04294,9,2179,0,0,0,5
ZONE_04295,5,1210,1,0,1,1
ZONE_04296,1,2973,0,0,1,1
ZONE_04297,8,2869,0,1,1,2
ZONE_04298,3,1743,1,1,1,5
ZONE_04299,8,2262,0,0,1,4
ZONE_04300,8,780,1,0,1,1
ZONE_04301,1,594,0,0,1,2
ZONE_04302,8,2633,0,1,0,1
ZONE_04303,2,1820,0,1,1,5
ZONE_04304,4,1552,1,1,0,1
ZONE_04305,1,630,0,1,0,5
ZONE_04306,8,2082,1,1,1,1
ZONE_04307,9,1391,0,1,0,3
ZONE_04308,1,617,1,1,0,4
ZONE_04309,1,1017,1,0,0,2
ZONE_04310,6,2800,0,1,0,4
ZONE_04311,4,2390,1,1,1,3
ZONE_04312,6,1493,0,1,1,3
ZONE_04313,6,2736,1,0,1,4
ZONE_04314,5,2504,1,0,1,3
ZONE_04315,7,1866,1,0,0,3
ZONE_04316,9,1048,1,0,1,4
ZONE_04317,5,2131,1,0,0,5
ZONE_04318,3,1633,1,0,1,4
ZONE_04319,7,2375,0,1,0,5
ZONE_04320,1,2093,0,1,1,2
ZONE_04321,2,2991,1,0,1,4
ZONE_04322,5,1377,0,0,1,4
ZONE_04323,9,703,0,0,1,1
ZONE_04324,1,2856,0,1,1,1
ZONE_04325,7,562,1,1,0,5
ZONE_04326,5,612,1,0,0,3
ZONE_04327,1,1163,0,0,1,3
ZONE_04328,4,724,0,0,0,2
ZONE_04329,4,1353,1,0,1,3
ZONE_04330,4,1305,0,1,1,3
ZONE_04331,0,838,0,0,0,5
ZONE_04332,4,1384,0,0,1,1
ZONE_04333,3,2651,1,1,0,2
ZONE_04334,5,1721,0,1,1,2
ZONE_04335,1,1412,0,0,0,5
ZONE_04336,2,721,1,1,0,2
ZONE_04337,2,1282,0,0,1,5
ZONE_04338,1,2632,1,0,0,2
ZONE_04339,5,2668,1,1,1,1
ZONE_04340,9,2156,0,1,1,2
ZONE_04341,1,1136,1,1,0,5
ZONE_04342,6,2582,1,1,1,1
ZONE_04343,3,1689,1,0,1,3
ZONE_04344,6,2962,1,0,1,1
ZONE_04345,1,2276,0,1,0,4
ZONE_04346,4,1870,0,1,1,4
ZONE_04347,4,1187,0,1,0,1
ZONE_04348,7,712,1,0,1,2
ZONE_04349,7,1471,0,1,1,4
ZONE_04350,8,2184,0,0,0,5
ZONE_04351,2,1727,1,1,0,1
ZONE_04352,0,775,1,0,1,4
ZONE_04353,9,2259,0,1,0,4
ZONE_04354,9,2046,0,0,0,4
ZONE_04355,1,679,1,1,0,5
ZONE_04356,3,1878,1,0,0,5
ZONE_04357,3,907,0,1,1,5
ZONE_04358,1,1110,1,1,1,3
ZONE_04359,4,1823,1,1,0,1
ZONE_04360,0,508,1,0,1,2
ZONE_04361,2,1455,0,1,1,5
ZONE_04362,1,2757,1,0,0,4
ZONE_04363,5,2194,0,1,1,5
ZONE_04364,7,1749,0,1,0,4
ZONE_04365,9,2129,0,0,0,1
ZONE_04366,4,931,1,0,1,1
ZONE_04367,3,2401,1,1,0,4
ZONE_04368,3,2661,0,1,0,3
ZONE_04369,6,2524,0,1,1,5
ZONE_04370,3,2254,1,1,0,3
ZONE_04371,2,845,1,1,0,4
ZONE_04372,9,1941,1,1,1,4
ZONE_04373,3,1088,1,0,1,4
ZONE_04374,0,1984,1,0,1,5
ZONE_04375,7,2236,1,0,0,5
ZONE_04376,9,669,1,0,1,4
ZONE_04377,0,2600,1,0,0,3
ZONE_04378,9,889,1,1,1,4
ZONE_04379,3,1149,0,1,0,2
ZONE_04380,0,2761,0,0,0,4
ZONE_04381,8,2814,1,1,1,4
ZONE_04382,5,2203,0,0,1,3
ZONE_04383,0,2267,0,1,1,3
ZONE_04384,5,2134,0,1,1,4
ZONE_04385,0,700,0,0,0,3
ZONE_04386,6,1041,0,1,0,1
ZONE_04387,7,1556,1,1,1,5
ZONE_04388,3,767,1,1,1,1
ZONE_04389,5,1648,1,1,1,1
ZONE_04390,1,1659,0,1,0,5
ZONE_04391,9,1333,1,1,0,3
ZONE_04392,2,2517,0,1,1,3
ZONE_04393,5,1442,0,0,0,1
ZONE_04394,8,2421,0,0,1,2
ZONE_04395,1,2624,1,0,1,3
ZONE_04396,7,2851,0,1,1,5
ZONE_04397,7,864,0,1,0,3
ZONE_04398,1,1177,1,1,0,5
ZONE_04399,1,2350,1,0,0,5
ZONE_04400,7,658,0,0,0,1
ZONE_04401,9,2742,0,1,0,1
ZONE_04402,7,2065,1,0,1,3
ZONE_04403,1,734,0,0,0,5
ZONE_04404,0,2578,0,0,1,5
ZONE_04405,2,2962,0,0,0,4
ZONE_04406,3,2194,0,1,1,1
ZONE_04407,2,2532,1,1,1,5
ZONE_04408,8,1044,0,0,0,2
ZONE_04409,3,2420,1,0,0,2
ZONE_04410,7,754,0,0,1,3
ZONE_04411,9,1927,0,1,1,4
ZONE_04412,3,2013,0,1,1,1
ZONE_04413,0,510,0,0,0,3
ZONE_04414,0,524,1,0,0,3
ZONE_04415,0,2870,0,1,0,2
ZONE_04416,2,2123,0,1,0,1
ZONE_04417,9,2080,0,1,0,5
ZONE_04418,9,2951,1,0,0,4
ZONE_04419,6,2427,0,1,0,4
ZONE_04420,9,2266,1,1,1,4
ZONE_04421,2,654,0,1,0,4
ZONE_04422,9,2511,1,1,0,3
ZONE_04423,9,1237,1,1,0,5
ZONE_04424,8,1446,0,1,1,2
ZONE_04425,2,2011,1,0,1,2
ZONE_04426,5,1000,0,0,1,2
ZONE_04427,4,2445,0,0,1,3
ZONE_04428,7,1117,1,0,0,4
ZONE_04429,0,1767,0,1,1,1
ZONE_04430,5,677,1,0,0,4
ZONE_04431,4,566,1,0,1,2
ZONE_04432,0,2688,1,0,0,5
ZONE_04433,2,924,0,0,1,2
ZONE_04434,7,2798,0,0,1,4
ZONE_04435,5,1364,1,1,0,1
ZONE_04436,5,1357,0,0,0,1
ZONE_04437,6,1653,1,1,0,5
ZONE_04438,3,1599,1,1,0,2
ZONE_04439,7,1337,1,1,0,4
ZONE_04440,9,1449,0,0,1,1
ZONE_04441,1,722,0,1,0,3
ZONE_04442,0,1471,1,0,0,4
ZONE_04443,5,509,0,0,1,1
ZONE_04444,3,613,1,0,1,5
ZONE_04445,1,1788,0,1,1,1
ZONE_04446,6,1943,0,0,0,5
ZONE_04447,9,2374,1,0,0,5
ZONE_04448,4,1442,1,1,0,3
ZONE_04449,3,1579,0,0,0,2
ZONE_04450,1,803,0,0,1,5
ZONE_04451,1,789,0,0,0,4
ZONE_04452,2,2366,0,0,1,1
ZONE_04453,7,2592,0,1,0,1
ZONE_04454,6,1807,1,1,0,2
ZONE_04455,5,2756,1,0,0,2
ZONE_04456,6,1903,1,1,1,4
ZONE_04457,0,1527,1,1,0,1
ZONE_04458,5,2486,0,1,1,4
ZONE_04459,2,921,0,1,0,2
ZONE_04460,0,1970,1,1,0,3
ZONE_04461,4,1792,0,0,1,3
ZONE_04462,7,1112,1,1,1,3
ZONE_04463,1,1348,1,0,0,2
ZONE_04464,1,974,0,0,0,3
ZONE_04465,8,2115,1,1,0,4
ZONE_04466,8,1120,1,1,0,3
ZONE_04467,3,973,0,0,0,2
ZONE_04468,8,1188,0,0,1,3
ZONE_04469,3,1405,1,0,0,2
ZONE_04470,9,552,0,0,0,2
ZONE_04471,9,1622,1,1,1,5
ZONE_04472,5,2130,1,0,1,5
ZONE_04473,8,2406,0,1,1,3
ZONE_04474,8,749,1,0,1,3
ZONE_04475,2,1163,0,1,1,3
ZONE_04476,1,1101,0,0,1,3
ZONE_04477,8,2430,0,0,0,3
ZONE_04478,4,2136,0,0,1,1
ZONE_04479,1,2430,1,1,0,2
ZONE_04480,2,785,1,0,0,1
ZONE_04481,4,1084,1,1,0,3
ZONE_04482,9,2817,1,1,1,1
ZONE_04483,1,1173,1,0,1,5
ZONE_04484,9,1750,0,1,1,1
ZONE_04485,2,1269,0,1,0,5
ZONE_04486,6,2703,0,0,0,1
ZONE_04487,4,2600,0,1,0,4
ZONE_04488,5,668,0,1,1,5
ZONE_04489,3,2786,0,1,0,4
ZONE_04490,5,2465,1,0,1,5
ZONE_04491,1,706,1,0,0,5
ZONE_04492,5,1626,0,1,0,1
ZONE_04493,9,2193,0,1,0,2
ZONE_04494,0,871,1,0,0,3
ZONE_04495,9,2867,0,0,0,4
ZONE_04496,4,1684,0,1,0,3
ZONE_04497,0,1995,1,0,0,4
ZONE_04498,4,874,1,1,0,3
ZONE_04499,6,2217,1,1,1,3
ZONE_04500,9,1565,0,0,0,3
ZONE_04501,9,2910,0,0,0,2
ZONE_04502,6,2630,1,1,1,2
ZONE_04503,9,2601,0,0,1,1
ZONE_04504,4,2158,0,0,1,1
ZONE_04505,4,988,1,0,0,5
ZONE_04506,8,2246,0,1,0,3
ZONE_04507,5,2682,0,0,0,4
ZONE_04508,2,1984,0,1,0,2
ZONE_04509,4,2870,1,0,0,2
ZONE_04510,0,1093,0,1,1,2
ZONE_04511,6,805,0,0,0,4
ZONE_04512,8,972,0,0,0,5
ZONE_04513,1,1801,1,1,1,3
ZONE_04514,3,1072,0,1,0,1
ZONE_04515,4,2820,0,0,0,1
ZONE_04516,9,1545,1,0,1,5
ZONE_04517,1,609,1,1,1,4
ZONE_04518,0,2236,1,1,1,2
ZONE_04519,9,2025,1,0,1,3
ZONE_04520,1,520,1,0,0,1
ZONE_04521,1,1119,1,0,1,3
ZONE_04522,8,2351,0,0,0,3
ZONE_04523,0,1226,1,0,0,1
ZONE_04524,4,1210,0,1,0,5
ZONE_04525,8,908,0,1,1,5
ZONE_04526,1,2986,1,1,0,3
ZONE_04527,8,1828,0,1,0,5
ZONE_04528,3,850,1,0,1,5
ZONE_04529,2,2108,0,1,0,4
ZONE_04530,4,1304,1,0,1,1
ZONE_04531,0,2055,0,1,0,3
ZONE_04532,8,637,0,1,0,4
ZONE_04533,3,775,1,0,1,4
ZONE_04534,5,2774,0,1,1,1
ZONE_04535,4,2118,1,1,1,2
ZONE_04536,5,2088,1,0,1,4
ZONE_04537,4,1726,0,1,1,3
ZONE_04538,8,613,0,1,1,2
ZONE_04539,7,2072,0,1,0,4
ZONE_04540,7,2300,1,0,0,2
ZONE_04541,6,1029,1,1,0,5
ZONE_04542,4,743,0,0,1,5
ZONE_04543,2,2270,1,0,0,4
ZONE_04544,3,2043,0,1,0,5
ZONE_04545,0,2771,1,0,0,3
ZONE_04546,4,2729,0,0,0,5
ZONE_04547,1,1734,0,1,1,5
ZONE_04548,4,1840,1,0,0,2
ZONE_04549,4,1161,1,1,0,1
ZONE_04550,1,1780,1,0,1,4
ZONE_04551,3,1556,1,0,1,1
ZONE_04552,2,2907,0,1,1,2
ZONE_04553,2,1128,0,0,0,4
ZONE_04554,9,1369,0,0,0,2
ZONE_04555,2,1568,0,1,1,5
ZONE_04556,5,850,0,0,1,3
ZONE_04557,4,2858,0,1,1,3
ZONE_04558,0,1987,1,0,0,4
ZONE_04559,1,2966,0,1,0,5
ZONE_04560,3,915,0,0,1,5
ZONE_04561,8,2200,1,1,0,5
ZONE_04562,2,1334,1,0,1,4
ZONE_04563,1,618,0,1,0,3
ZONE_04564,9,1465,0,0,0,2
ZONE_04565,2,2440,1,1,0,3
ZONE_04566,6,820,1,0,0,2
ZONE_04567,3,2919,0,1,1,4
ZONE_04568,8,1027,0,0,0,4
ZONE_04569,6,2132,1,0,0,1
ZONE_04570,9,1136,1,0,0,3
ZONE_04571,1,575,0,1,0,3
ZONE_04572,0,2638,1,1,1,2
ZONE_04573,3,2580,1,1,1,5
ZONE_04574,1,1685,1,0,1,5
ZONE_04575,2,615,1,1,0,3
ZONE_04576,2,2139,1,0,0,4
ZONE_04577,0,2514,1,0,1,5
ZONE_04578,6,1003,1,1,0,3
ZONE_04579,5,1556,1,1,1,5
ZONE_04580,2,786,0,1,0,5
ZONE_04581,6,562,1,0,0,5
ZONE_04582,7,2005,1,1,0,4
ZONE_04583,6,1949,1,1,1,5
ZONE_04584,9,2736,0,1,0,2
ZONE_04585,7,1488,1,1,0,3
ZONE_04586,1,2670,0,0,0,1
ZONE_04587,6,1982,0,0,1,4
ZONE_04588,6,2743,0,1,0,5
ZONE_04589,3,637,0,0,0,4
ZONE_04590,4,2229,0,1,1,3
ZONE_04591,3,1296,1,1,0,5
ZONE_04592,5,1566,0,0,1,4
ZONE_04593,2,989,1,0,1,5
ZONE_04594,3,989,1,0,1,1
ZONE_04595,2,2287,0,0,1,1
ZONE_04596,1,1828,1,0,1,1
ZONE_04597,8,2201,0,1,0,3
ZONE_04598,5,2013,0,1,0,1
ZONE_04599,4,572,0,1,0,5
ZONE_04600,5,2869,1,1,0,1
ZONE_04601,6,1096,1,1,1,4
ZONE_04602,8,1259,0,0,0,2
ZONE_04603,6,2942,0,1,1,2
ZONE_04604,3,2172,0,1,0,3
ZONE_04605,4,2094,0,0,0,5
ZONE_04606,6,680,0,0,0,4
ZONE_04607,5,2180,1,1,0,4
ZONE_04608,6,2327,0,1,0,2
ZONE_04609,7,2853,0,0,0,5
ZONE_04610,6,582,0,0,1,2
ZONE_04611,5,2709,1,0,0,2
ZONE_04612,9,2963,0,0,0,2
ZONE_04613,4,1543,1,1,1,4
ZONE_04614,9,2353,0,0,0,1
ZONE_04615,2,1633,0,1,0,3
ZONE_04616,9,2528,1,1,0,2
ZONE_04617,0,2048,0,0,1,3
ZONE_04618,5,1829,0,0,1,5
ZONE_04619,3,1243,1,0,0,5
ZONE_04620,0,1141,0,1,1,3
ZONE_04621,1,2523,1,1,0,3
ZONE_04622,5,625,0,1,0,4
ZONE_04623,6,2269,0,1,0,5
ZONE_04624,5,2148,0,1,1,4
ZONE_04625,7,2700,1,0,1,3
ZONE_04626,3,2341,1,0,1,4
ZONE_04627,4,1509,1,0,0,4
ZONE_04628,6,1158,1,1,1,3
ZONE_04629,2,1022,0,1,1,1
ZONE_04630,4,1160,0,0,1,4
ZONE_04631,8,1586,1,1,1,1
ZONE_04632,3,1420,1,0,1,3
ZONE_04633,1,1962,1,1,0,3
ZONE_04634,9,1572,1,1,0,2
ZONE_04635,6,1478,0,1,1,2
ZONE_04636,7,2603,1,1,0,1
ZONE_04637,7,1322,1,1,0,2
ZONE_04638,2,683,0,1,1,1
ZONE_04639,2,2941,0,0,0,3
ZONE_04640,3,2788,1,1,0,2
ZONE_04641,5,510,1,0,0,3
ZONE_04642,2,1188,1,0,1,1
ZONE_04643,9,1845,1,0,1,4
ZONE_04644,6,2870,0,0,1,3
ZONE_04645,3,1332,1,0,1,3
ZONE_04646,3,2326,1,0,1,1
ZONE_04647,9,975,1,0,0,4
ZONE_04648,0,745,1,0,1,4
ZONE_04649,4,872,0,0,0,4
ZONE_04650,7,606,1,0,0,3
ZONE_04651,9,1503,1,0,1,4
ZONE_04652,8,1473,1,1,0,5
ZONE_04653,3,971,1,1,1,4
ZONE_04654,6,1494,1,1,1,2
ZONE_04655,2,2401,1,0,1,5
ZONE_04656,5,2506,0,0,0,3
ZONE_04657,0,1372,0,0,1,4
ZONE_04658,2,2167,1,1,1,5
ZONE_04659,4,754,0,0,0,4
ZONE_04660,9,1001,0,0,1,5
ZONE_04661,3,2292,0,0,1,3
ZONE_04662,2,2776,1,1,0,5
ZONE_04663,2,1723,1,0,0,5
ZONE_04664,3,2448,0,0,0,5
ZONE_04665,9,971,0,0,1,3
ZONE_04666,9,2009,1,0,1,1
ZONE_04667,5,2685,0,0,0,2
ZONE_04668,5,1336,0,1,0,3
ZONE_04669,3,1018,0,1,1,1
ZONE_04670,9,2652,0,0,0,1
ZONE_04671,1,1987,1,1,0,5
ZONE_04672,5,2615,0,0,0,1
ZONE_04673,5,1928,1,0,1,5
ZONE_04674,7,2139,1,1,1,3
ZONE_04675,6,1209,0,0,0,2
ZONE_04676,1,670,1,1,1,3
ZONE_04677,4,632,0,1,1,4
ZONE_04678,2,1347,1,0,0,2
ZONE_04679,2,2048,1,1,0,4
ZONE_04680,9,1428,1,0,1,1
ZONE_04681,1,1959,1,0,1,2
ZONE_04682,7,2599,0,1,0,2
ZONE_04683,3,2753,1,0,0,5
ZONE_04684,5,2975,0,1,0,1
ZONE_04685,8,673,1,1,0,4
ZONE_04686,6,2577,1,1,0,3
ZONE_04687,3,1526,0,0,0,1
ZONE_04688,7,2598,0,1,1,5
ZONE_04689,3,768,1,1,0,2
ZONE_04690,0,1825,0,1,1,2
ZONE_04691,7,1342,0,1,1,1
ZONE_04692,4,2798,1,1,1,1
ZONE_04693,6,1891,1,1,1,5
ZONE_04694,0,1035,1,0,0,4
ZONE_04695,9,1699,1,0,1,2
ZONE_04696,0,1759,1,0,1,2
ZONE_04697,5,983,0,0,1,1
ZONE_04698,9,2283,1,0,1,2
ZONE_04699,1,1286,1,1,0,2
ZONE_04700,6,1279,1,1,1,4
ZONE_04701,1,2113,0,0,1,4
ZONE_04702,5,904,0,0,1,5
ZONE_04703,5,2796,1,1,0,2
ZONE_04704,0,885,1,0,1,2
ZONE_04705,9,1087,1,1,1,2
ZONE_04706,6,567,0,0,1,5
ZONE_04707,5,2632,1,0,0,3
ZONE_04708,3,2161,1,0,1,5
ZONE_04709,2,1076,1,1,1,1
ZONE_04710,9,1129,1,0,1,2
ZONE_04711,0,1510,1,0,1,1
ZONE_04712,5,783,1,0,0,3
ZONE_04713,6,2291,1,0,1,4
ZONE_04714,5,1090,1,1,0,2
ZONE_04715,5,2842,1,0,1,1
ZONE_04716,7,1083,1,0,0,5
ZONE_04717,2,2978,0,1,0,2
ZONE_04718,1,1517,1,0,1,2
ZONE_04719,4,2934,1,1,0,4
ZONE_04720,4,2340,1,1,0,2
ZONE_04721,1,2431,1,0,1,4
ZONE_04722,2,2933,0,0,0,5
ZONE_04723,9,2115,0,0,1,3
ZONE_04724,7,1171,0,1,0,5
ZONE_04725,3,1784,1,0,0,1
ZONE_04726,7,2617,0,0,1,1
ZONE_04727,4,2078,1,0,0,3
ZONE_04728,2,2940,0,0,0,2
ZONE_04729,3,2165,1,1,1,1
ZONE_04730,0,987,0,0,0,2
ZONE_04731,5,2353,0,0,0,1
ZONE_04732,9,2971,0,1,1,5
ZONE_04733,9,1356,0,0,0,4
ZONE_04734,5,2595,0,1,1,1
ZONE_04735,6,1994,0,0,0,4
ZONE_04736,1,2185,1,0,1,5
ZONE_04737,1,2178,0,0,1,5
ZONE_04738,2,1017,1,1,1,4
ZONE_04739,9,527,1,1,0,1
ZONE_04740,2,793,1,1,0,5
ZONE_04741,3,1358,0,0,0,3
ZONE_04742,0,1089,0,0,0,2
ZONE_04743,9,730,0,0,0,1
ZONE_04744,2,2822,0,1,1,3
ZONE_04745,7,2865,0,1,0,4
ZONE_04746,7,2103,1,0,0,4
ZONE_04747,1,1252,0,1,0,3
ZONE_04748,8,526,0,0,1,4
ZONE_04749,1,2805,1,0,1,3
ZONE_04750,1,1987,0,1,1,2
ZONE_04751,4,1259,0,0,0,2
ZONE_04752,4,2463,0,0,1,4
ZONE_04753,1,1041,1,1,1,5
ZONE_04754,5,2609,1,0,1,5
ZONE_04755,8,1994,1,1,1,2
ZONE_04756,9,605,1,0,0,1
ZONE_04757,1,849,0,0,0,3
ZONE_04758,5,1863,0,1,0,3
ZONE_04759,8,1830,1,1,1,4
ZONE_04760,0,805,1,1,1,1
ZONE_04761,5,1647,1,0,0,1
ZONE_04762,0,530,0,1,0,2
ZONE_04763,7,2046,1,1,0,4
ZONE_04764,4,2904,0,0,0,1
ZONE_04765,5,2914,1,0,0,3
ZONE_04766,9,545,1,0,1,4
ZONE_04767,7,1958,0,1,1,5
ZONE_04768,5,2491,1,1,0,1
ZONE_04769,7,1578,0,1,1,3
ZONE_04770,2,1531,1,0,1,5
ZONE_04771,7,1570,1,1,0,3
ZONE_04772,8,2202,0,0,0,1
ZONE_04773,0,617,0,1,1,3
ZONE_04774,5,841,0,0,1,5
ZONE_04775,1,2002,1,1,1,4
ZONE_04776,2,2333,1,0,1,1
ZONE_04777,4,1070,1,0,1,3
ZONE_04778,4,1047,0,1,0,1
ZONE_04779,5,730,1,0,1,1
ZONE_04780,0,2496,0,0,0,4
ZONE_04781,1,2996,0,0,1,5
ZONE_04782,8,580,1,1,0,2
ZONE_04783,9,2715,1,1,1,5
ZONE_04784,6,2055,1,1,1,2
ZONE_04785,1,1448,0,0,1,3
ZONE_04786,2,934,1,0,0,5
ZONE_04787,5,2190,1,1,0,3
ZONE_04788,9,590,1,1,0,1
ZONE_04789,2,1757,1,0,0,3
ZONE_04790,8,673,0,0,1,1
ZONE_04791,8,1698,0,1,0,3
ZONE_04792,3,1913,0,0,0,2
ZONE_04793,2,2039,0,1,1,1
ZONE_04794,7,2243,1,1,1,2
ZONE_04795,1,2550,0,1,0,5
ZONE_04796,0,2139,1,0,0,3
ZONE_04797,0,1827,0,0,0,2
ZONE_04798,1,2619,1,0,1,5
ZONE_04799,5,2371,0,0,0,4
ZONE_04800,9,598,0,1,1,1
ZONE_04801,9,1047,1,1,1,1
ZONE_04802,1,2652,0,0,0,4
ZONE_04803,6,810,0,1,1,2
ZONE_04804,6,545,1,0,0,2
ZONE_04805,8,662,0,1,0,3
ZONE_04806,0,2585,0,0,0,1
ZONE_04807,6,559,1,1,0,5
ZONE_04808,7,518,0,0,1,2
ZONE_04809,4,2792,0,0,1,2
ZONE_04810,3,1948,1,1,0,3
ZONE_04811,2,625,1,1,1,3
ZONE_04812,8,2617,0,1,0,5
ZONE_04813,8,1321,0,1,0,5
ZONE_04814,5,2641,0,0,0,4
ZONE_04815,3,2163,0,1,1,5
ZONE_04816,6,1403,1,0,1,4
ZONE_04817,6,768,1,0,0,4
ZONE_04818,8,526,0,0,0,1
ZONE_04819,3,2348,1,1,1,2
ZONE_04820,4,2378,0,1,0,2
ZONE_04821,5,2063,1,1,1,4
ZONE_04822,9,1483,0,1,0,1
ZONE_04823,6,2185,1,0,0,1
ZONE_04824,9,2903,0,0,0,4
ZONE_04825,9,1836,0,0,0,4
ZONE_04826,6,2096,0,0,0,2
ZONE_04827,2,841,0,1,1,4
ZONE_04828,7,1043,1,0,0,3
ZONE_04829,2,1674,0,0,0,2
ZONE_04830,8,1455,0,1,1,3
ZONE_04831,5,590,1,1,1,2
ZONE_04832,9,2292,1,0,0,5
ZONE_04833,0,1656,1,0,1,4
ZONE_04834,2,944,0,1,1,2
ZONE_04835,3,2498,0,0,1,5
ZONE_04836,6,1342,0,0,1,3
ZONE_04837,9,2917,0,1,0,1
ZONE_04838,6,1144,1,0,1,3
ZONE_04839,5,506,1,1,1,5
ZONE_04840,3,2921,1,0,0,3
ZONE_04841,7,1934,1,1,0,3
ZONE_04842,7,1949,0,0,1,3
ZONE_04843,4,634,0,0,0,4
ZONE_04844,0,1081,0,0,1,3
ZONE_04845,7,862,0,0,1,1
ZONE_04846,7,2776,0,0,0,1
ZONE_04847,4,2958,0,0,1,4
ZONE_04848,4,567,1,0,1,4
ZONE_04849,3,2720,1,0,1,4
ZONE_04850,4,2634,0,1,0,3
ZONE_04851,5,1644,0,0,0,5
ZONE_04852,6,898,0,0,0,5
ZONE_04853,2,1674,1,1,1,3
ZONE_04854,0,1276,1,1,0,5
ZONE_04855,6,2852,0,0,0,1
ZONE_04856,1,2185,0,0,1,5
ZONE_04857,7,2543,0,1,1,5
ZONE_04858,6,1579,0,0,1,4
ZONE_04859,2,2812,0,1,1,5
ZONE_04860,2,2795,0,0,1,5
ZONE_04861,7,2949,0,1,0,3
ZONE_04862,2,2481,0,0,1,5
ZONE_04863,6,2512,1,1,0,3
ZONE_04864,9,1695,0,1,0,3
ZONE_04865,9,2870,0,1,1,4
ZONE_04866,1,2383,0,1,0,3
ZONE_04867,1,707,0,0,1,2
ZONE_04868,7,1168,1,1,0,5
ZONE_04869,9,1464,0,1,1,5
ZONE_04870,0,1882,1,1,0,4
ZONE_04871,4,2206,0,0,1,2
ZONE_04872,2,1756,1,1,1,4
ZONE_04873,4,1414,1,0,0,4
ZONE_04874,3,2354,1,1,0,1
ZONE_04875,6,1562,1,0,1,1
ZONE_04876,2,2527,0,1,0,2
ZONE_04877,5,811,1,0,1,5
ZONE_04878,9,1297,1,0,0,4
ZONE_04879,7,988,0,1,1,3
ZONE_04880,9,1562,1,1,0,2
ZONE_04881,2,1882,0,0,1,2
ZONE_04882,6,2653,1,1,1,2
ZONE_04883,9,2513,0,1,0,1
ZONE_04884,3,688,0,0,1,2
ZONE_04885,6,2662,1,0,0,5
ZONE_04886,5,2212,0,1,1,5
ZONE_04887,3,1800,1,0,0,3
ZONE_04888,4,1155,0,0,0,3
ZONE_04889,9,1567,1,1,0,3
ZONE_04890,1,1252,1,0,0,4
ZONE_04891,1,778,1,1,1,1
ZONE_04892,8,2162,1,1,1,5
ZONE_04893,9,1849,0,0,1,1
ZONE_04894,9,1402,0,1,0,2
ZONE_04895,8,899,0,1,1,4
ZONE_04896,0,2302,1,0,1,3
ZONE_04897,9,2315,1,0,1,3
ZONE_04898,4,1028,1,1,1,5
ZONE_04899,0,705,0,0,0,5
ZONE_04900,4,2865,1,0,1,5
ZONE_04901,6,1979,1,1,1,4
ZONE_04902,7,814,1,1,1,3
ZONE_04903,2,1028,0,1,0,2
ZONE_04904,1,2050,0,0,0,3
ZONE_04905,3,2459,1,0,1,5
ZONE_04906,7,1518,0,0,1,3
ZONE_04907,7,1189,1,1,1,1
ZONE_04908,6,1731,1,1,1,2
ZONE_04909,4,2999,1,1,1,3
ZONE_04910,5,635,0,1,1,1
ZONE_04911,7,935,1,1,1,3
ZONE_04912,4,2701,1,0,1,2
ZONE_04913,8,2459,0,1,1,2
ZONE_04914,7,2236,0,0,1,2
ZONE_04915,1,903,1,1,1,5
ZONE_04916,9,875,0,1,1,5
ZONE_04917,6,2427,0,0,1,3
ZONE_04918,9,2252,0,1,1,4
ZONE_04919,4,2327,0,1,0,2
ZONE_04920,0,1158,1,1,0,3
ZONE_04921,7,2151,1,1,1,1
ZONE_04922,8,1207,0,0,0,2
ZONE_04923,2,1175,0,1,0,3
ZONE_04924,4,2518,1,0,0,2
ZONE_04925,3,2242,1,1,1,3
ZONE_04926,0,1466,0,0,1,3
ZONE_04927,2,2375,1,0,1,1
ZONE_04928,9,2062,0,1,1,4
ZONE_04929,6,2102,1,0,0,4
ZONE_04930,0,797,0,0,0,1
ZONE_04931,6,1942,1,1,1,5
ZONE_04932,8,1616,1,1,0,2
ZONE_04933,8,1843,0,0,1,1
ZONE_04934,4,2763,0,1,1,1
ZONE_04935,2,2498,1,1,0,2
ZONE_04936,7,2812,0,1,0,5
ZONE_04937,7,2404,1,0,1,2
ZONE_04938,5,1888,0,0,1,4
ZONE_04939,8,2591,1,0,1,1
ZONE_04940,6,648,1,0,0,2
ZONE_04941,8,2396,0,1,1,1
ZONE_04942,4,2080,1,0,1,1
ZONE_04943,7,2313,1,0,0,5
ZONE_04944,3,2745,0,0,0,3
ZONE_04945,2,593,1,1,0,1
ZONE_04946,5,1833,1,1,0,5
ZONE_04947,4,2592,0,0,0,3
ZONE_04948,4,1318,0,0,0,5
ZONE_04949,1,817,1,0,1,3
ZONE_04950,9,1588,1,1,1,3
ZONE_04951,8,2961,0,0,1,4
ZONE_04952,8,1095,0,0,0,2
ZONE_04953,3,1319,0,0,0,5
ZONE_04954,6,1261,1,0,1,3
ZONE_04955,4,2126,1,0,0,1
ZONE_04956,4,1016,0,0,1,3
ZONE_04957,0,1015,0,1,1,1
ZONE_04958,3,2215,0,1,0,2
ZONE_04959,1,984,0,0,1,4
ZONE_04960,7,1249,0,0,0,4
ZONE_04961,6,2452,0,1,1,5
ZONE_04962,0,1667,1,0,0,1
ZONE_04963,4,984,1,1,0,1
ZONE_04964,5,1080,1,1,1,1
ZONE_04965,2,1024,0,0,1,1
ZONE_04966,2,2469,0,1,0,1
ZONE_04967,2,1988,1,0,0,1
ZONE_04968,6,2175,1,0,0,4
ZONE_04969,7,1327,1,1,1,2
ZONE_04970,4,2376,0,0,0,3
ZONE_04971,6,1331,0,1,1,5
ZONE_04972,6,2160,1,0,1,5
ZONE_04973,8,1299,1,1,0,5
ZONE_04974,1,2876,1,0,1,3
ZONE_04975,3,2287,1,1,1,4
ZONE_04976,4,1475,0,1,1,3
ZONE_04977,6,700,0,1,1,4
ZONE_04978,2,2020,1,1,0,4
ZONE_04979,5,2431,1,0,1,5
ZONE_04980,1,2419,1,1,1,2
ZONE_04981,4,2036,1,0,0,2
ZONE_04982,5,1058,0,1,1,1
ZONE_04983,8,2168,0,1,1,3
ZONE_04984,1,2925,0,0,0,4
ZONE_04985,7,1501,0,0,0,5
ZONE_04986,3,756,0,1,1,1
ZONE_04987,4,1736,0,1,1,3
ZONE_04988,5,1926,1,0,0,2
ZONE_04989,5,1953,1,1,0,3
ZONE_04990,8,2590,1,0,1,2
ZONE_04991,8,1426,1,0,1,2
ZONE_04992,2,1810,1,0,0,5
ZONE_04993,7,2027,0,1,0,2
ZONE_04994,3,1492,0,0,0,3
ZONE_04995,2,1023,0,1,0,5
ZONE_04996,6,900,1,1,1,2
ZONE_04997,6,2395,0,1,0,2
ZONE_04998,2,2969,0,0,0,5
ZONE_04999,5,2783,1,1,1,5
ZONE_05000,7,2241,1,1,0,4
ZONE_05001,4,2706,0,1,1,4
ZONE_05002,8,651,1,1,0,4
ZONE_05003,0,1834,1,1,0,5
ZONE_05004,8,723,1,0,0,2
ZONE_05005,2,847,1,1,1,4
ZONE_05006,1,2259,0,1,1,5
ZONE_05007,2,1099,1,0,0,4
ZONE_05008,9,515,1,1,1,1
ZONE_05009,9,2170,0,1,1,3
ZONE_05010,7,2264,1,0,1,5
ZONE_05011,0,1800,1,1,1,5
ZONE_05012,6,1093,1,0,1,1
ZONE_05013,6,1371,0,0,1,1
ZONE_05014,4,935,1,1,0,4
ZONE_05015,8,796,0,0,0,1
ZONE_05016,9,1329,0,1,0,1
ZONE_05017,6,1943,1,1,1,5
ZONE_05018,3,942,0,1,0,2
ZONE_05019,5,2868,1,0,1,2
ZONE_05020,4,1386,1,1,0,1
ZONE_05021,5,1537,0,0,0,2
ZONE_05022,9,2242,0,1,1,2
ZONE_05023,1,2614,0,1,0,5
ZONE_05024,5,2586,1,0,0,2
ZONE_05025,3,1592,1,0,0,1
ZONE_05026,2,2132,1,1,1,3
ZONE_05027,5,2903,1,1,0,5
ZONE_05028,2,1807,0,1,0,5
ZONE_05029,5,1695,1,1,0,3
ZONE_05030,4,1499,1,0,0,2
ZONE_05031,6,2730,1,0,1,1
ZONE_05032,2,597,1,0,1,1
ZONE_05033,4,1508,1,1,1,4
ZONE_05034,9,596,0,1,1,1
ZONE_05035,4,887,1,1,1,2
ZONE_05036,3,2665,1,0,0,2
ZONE_05037,4,2859,1,0,1,1
ZONE_05038,8,2466,0,0,0,1
ZONE_05039,6,2193,1,1,0,1
ZONE_05040,4,2755,1,1,1,1
ZONE_05041,6,1994,0,0,1,2
ZONE_05042,2,2951,0,1,0,3
ZONE_05043,4,2172,1,1,0,3
ZONE_05044,2,917,0,0,1,2
ZONE_05045,0,1985,1,0,0,1
ZONE_05046,1,2026,1,1,0,5
ZONE_05047,2,1654,1,0,1,2
ZONE_05048,0,1244,1,0,0,4
ZONE_05049,2,2777,0,1,0,4
ZONE_05050,2,1710,0,0,1,1
ZONE_05051,8,1321,1,0,0,4
ZONE_05052,3,2075,0,1,0,2
ZONE_05053,4,2666,0,0,0,1
ZONE_05054,2,746,1,0,0,5
ZONE_05055,6,950,1,0,1,2
ZONE_05056,9,2920,0,0,0,4
ZONE_05057,6,2354,0,0,1,1
ZONE_05058,7,1218,1,1,1,3
ZONE_05059,8,2081,0,0,0,2
ZONE_05060,6,2614,0,1,1,1
ZONE_05061,7,2615,1,0,0,2
ZONE_05062,9,1732,1,1,1,4
ZONE_05063,4,1147,0,0,0,3
ZONE_05064,1,2538,0,1,0,1
ZONE_05065,9,2992,1,0,1,4
ZONE_05066,9,1505,0,0,0,1
ZONE_05067,1,1328,1,1,1,2
ZONE_05068,5,1910,0,1,1,2
ZONE_05069,5,840,1,0,1,1
ZONE_05070,4,2669,0,0,0,5
ZONE_05071,8,1163,1,1,0,3
ZONE_05072,7,1237,0,1,0,1
ZONE_05073,6,1982,0,0,0,3
ZONE_05074,3,2173,1,1,0,2
ZONE_05075,6,1887,0,0,1,2
ZONE_05076,7,1190,1,0,0,1
ZONE_05077,5,1912,0,1,1,3
ZONE_05078,7,2461,0,0,1,2
ZONE_05079,0,2525,0,1,0,5
ZONE_05080,0,2813,0,1,1,2
ZONE_05081,9,1659,1,0,0,5
ZONE_05082,3,1267,0,0,0,1
ZONE_05083,2,2317,1,0,0,2
ZONE_05084,5,2061,0,0,0,4
ZONE_05085,2,2128,1,0,1,2
ZONE_05086,2,2423,0,0,1,2
ZONE_05087,2,2720,0,0,1,2
ZONE_05088,7,2046,1,1,1,2
ZONE_05089,3,691,1,1,0,2
ZONE_05090,3,1362,0,1,1,4
ZONE_05091,4,1559,1,0,1,3
ZONE_05092,0,2834,1,0,1,2
ZONE_05093,9,1301,0,1,0,4
ZONE_05094,3,2769,1,0,0,3
ZONE_05095,0,2383,1,1,1,3
ZONE_05096,1,1619,1,0,0,1
ZONE_05097,5,2262,1,0,1,5
ZONE_05098,8,1378,1,1,0,2
ZONE_05099,7,1438,1,1,0,2
ZONE_05100,6,1543,0,1,1,1
ZONE_05101,7,1589,0,1,0,3
ZONE_05102,3,1445,1,1,0,2
ZONE_05103,0,2519,0,1,0,3
ZONE_05104,9,1736,0,0,1,1
ZONE_05105,1,1142,1,0,0,2
ZONE_05106,0,1338,0,0,1,4
ZONE_05107,5,2468,0,1,0,2
ZONE_05108,3,1452,1,1,1,2
ZONE_05109,4,2565,1,0,1,4
ZONE_05110,4,1068,0,0,0,5
ZONE_05111,9,1372,0,1,0,4
ZONE_05112,9,615,1,0,1,1
ZONE_05113,7,1081,0,0,0,3
ZONE_05114,5,2618,1,0,1,2
ZONE_05115,6,2134,1,1,0,4
ZONE_05116,0,801,1,0,1,5
ZONE_05117,9,1498,1,1,0,5
ZONE_05118,2,2770,1,0,1,1
ZONE_05119,5,2559,0,1,1,3
ZONE_05120,7,1260,0,0,0,3
ZONE_05121,7,1685,0,0,0,4
ZONE_05122,1,505,1,0,1,4
ZONE_05123,5,588,0,1,0,2
ZONE_05124,9,2100,0,0,1,1
ZONE_05125,6,2798,0,0,1,1
ZONE_05126,5,1347,0,1,1,1
ZONE_05127,6,866,0,0,0,5
ZONE_05128,9,2346,0,1,0,4
ZONE_05129,5,2177,1,0,0,3
ZONE_05130,6,1692,0,0,0,2
ZONE_05131,7,1068,1,0,1,1
ZONE_05132,0,2026,1,1,1,2
ZONE_05133,8,1115,1,1,1,5
ZONE_05134,5,2171,0,0,1,1
ZONE_05135,8,2913,0,1,1,4
ZONE_05136,8,1400,0,1,1,4
ZONE_05137,1,1710,0,0,1,1
ZONE_05138,0,661,1,1,1,3
ZONE_05139,6,2115,0,0,0,1
ZONE_05140,1,2243,1,1,1,2
ZONE_05141,3,619,1,1,1,5
ZONE_05142,4,670,1,1,1,2
ZONE_05143,8,806,0,1,0,4
ZONE_05144,8,1968,0,0,1,1
ZONE_05145,5,944,0,1,1,3
ZONE_05146,5,533,1,0,0,2
ZONE_05147,5,871,0,1,0,5
ZONE_05148,7,2308,1,1,0,4
ZONE_05149,7,781,1,1,1,5
ZONE_05150,9,2948,0,1,1,2
ZONE_05151,4,2007,1,0,1,5
ZONE_05152,1,2618,0,1,0,5
ZONE_05153,1,1310,0,1,1,3
ZONE_05154,8,2606,1,1,1,2
ZONE_05155,9,2786,1,1,0,1
ZONE_05156,5,2300,0,0,0,4
ZONE_05157,9,1717,0,0,0,2
ZONE_05158,1,502,1,0,1,5
ZONE_05159,6,1077,0,1,1,4
ZONE_05160,0,2987,0,1,0,3
ZONE_05161,8,607,0,1,0,5
ZONE_05162,2,1192,0,1,0,5
ZONE_05163,0,689,0,0,0,5
ZONE_05164,7,2362,1,0,1,1
ZONE_05165,9,757,1,1,1,2
ZONE_05166,9,2688,0,0,0,4
ZONE_05167,5,2468,1,1,0,5
ZONE_05168,0,2643,1,1,0,5
ZONE_05169,4,888,0,1,1,2
ZONE_05170,6,922,0,1,0,4
ZONE_05171,9,1351,0,0,1,2
ZONE_05172,7,2131,0,1,0,2
ZONE_05173,3,2012,0,1,1,5
ZONE_05174,5,720,0,1,1,1
ZONE_05175,1,1488,0,1,0,2
ZONE_05176,6,2751,1,1,0,5
ZONE_05177,0,1414,1,0,0,2
ZONE_05178,5,2122,0,0,1,3
ZONE_05179,3,916,0,1,1,1
ZONE_05180,7,947,1,1,1,4
ZONE_05181,7,1248,1,0,1,3
ZONE_05182,3,1885,0,0,1,4
ZONE_05183,8,1323,0,0,0,3
ZONE_05184,6,2072,1,0,1,1
ZONE_05185,9,823,1,0,0,4
ZONE_05186,2,1100,1,0,1,1
ZONE_05187,2,979,0,0,0,5
ZONE_05188,1,1915,1,0,0,1
ZONE_05189,4,2605,1,0,0,1
ZONE_05190,3,2865,1,1,0,5
ZONE_05191,8,2989,1,1,1,3
ZONE_05192,6,2232,0,0,0,3
ZONE_05193,5,2315,0,0,1,4
ZONE_05194,1,2342,1,0,1,2
ZONE_05195,9,2299,1,0,0,4
ZONE_05196,3,1354,0,1,1,5
ZONE_05197,8,2731,0,1,0,5
ZONE_05198,1,1199,0,1,0,2
ZONE_05199,1,633,0,0,0,1
ZONE_05200,2,2747,1,1,0,1
ZONE_05201,9,2738,1,1,1,5
ZONE_05202,9,2623,1,0,0,3
ZONE_05203,3,2263,0,1,0,4
ZONE_05204,9,2974,0,0,0,2
ZONE_05205,6,1463,1,0,0,1
ZONE_05206,7,2710,1,1,1,4
ZONE_05207,0,1513,1,1,1,5
ZONE_05208,2,1966,0,1,1,4
ZONE_05209,1,1153,1,1,1,3
ZONE_05210,8,2281,1,0,0,4
ZONE_05211,3,2974,0,0,0,5
ZONE_05212,9,2242,1,0,0,5
ZONE_05213,9,720,1,0,1,4
ZONE_05214,6,958,0,1,0,4
ZONE_05215,1,1392,1,0,0,4
ZONE_05216,3,1594,1,1,1,4
ZONE_05217,1,1159,1,0,0,5
ZONE_05218,3,704,1,0,0,1
ZONE_05219,1,2101,0,0,1,5
ZONE_05220,0,518,1,0,0,5
ZONE_05221,9,1522,1,1,0,4
ZONE_05222,6,2234,1,1,1,3
ZONE_05223,1,2663,0,1,0,2
ZONE_05224,7,1579,1,0,0,2
ZONE_05225,2,2446,1,0,1,1
ZONE_05226,1,2773,1,1,0,2
ZONE_05227,0,903,0,1,0,1
ZONE_05228,9,2070,0,0,1,2
ZONE_05229,7,2185,1,1,0,4
ZONE_05230,8,1377,1,1,1,1
ZONE_05231,6,2195,1,1,0,4
ZONE_05232,0,2452,0,0,1,2
ZONE_05233,7,543,1,0,1,5
ZONE_05234,1,2664,0,0,1,4
ZONE_05235,4,1685,1,1,0,1
ZONE_05236,4,619,1,1,1,4
ZONE_05237,4,805,1,1,1,3
ZONE_05238,4,1040,0,1,1,5
ZONE_05239,9,1054,0,1,1,5
ZONE_05240,4,739,0,0,1,2
ZONE_05241,5,2539,1,0,1,5
ZONE_05242,8,2289,0,1,0,4
ZONE_05243,7,2592,0,1,0,3
ZONE_05244,5,2667,0,1,1,4
ZONE_05245,3,2531,0,0,1,4
ZONE_05246,5,2853,1,0,0,3
ZONE_05247,5,1217,0,0,1,5
ZONE_05248,1,1449,0,1,0,3
ZONE_05249,7,2233,0,1,0,4
ZONE_05250,2,1504,1,1,1,4
ZONE_05251,5,1907,1,0,0,2
ZONE_05252,4,1803,0,1,0,3
ZONE_05253,2,670,1,0,0,2
ZONE_05254,4,1490,0,1,0,5
ZONE_05255,7,1877,0,0,1,5
ZONE_05256,0,822,0,0,1,4
ZONE_05257,8,1524,0,0,0,4
ZONE_05258,3,977,0,0,0,2
ZONE_05259,3,893,1,1,1,1
ZONE_05260,6,1173,0,0,0,5
ZONE_05261,7,1227,1,0,1,1
ZONE_05262,5,2702,0,0,0,1
ZONE_05263,8,973,1,1,1,4
ZONE_05264,0,557,0,1,1,3
ZONE_05265,7,871,0,0,1,3
ZONE_05266,4,2081,0,1,1,2
ZONE_05267,6,659,0,1,1,1
ZONE_05268,0,2366,1,1,1,2
ZONE_05269,4,2881,0,0,1,2
ZONE_05270,2,1338,0,1,0,5
ZONE_05271,9,1031,1,1,0,1
ZONE_05272,9,636,0,0,1,3
ZONE_05273,5,1789,1,0,0,2
ZONE_05274,4,1638,1,1,1,3
ZONE_05275,5,2228,0,1,1,4
ZONE_05276,6,1433,0,1,0,5
ZONE_05277,5,2579,1,1,0,2
ZONE_05278,5,1931,0,0,0,4
ZONE_05279,8,1187,1,1,0,3
ZONE_05280,4,1665,1,0,0,4
ZONE_05281,5,1279,0,1,1,3
ZONE_05282,3,825,0,0,0,4
ZONE_05283,0,2407,1,1,1,1
ZONE_05284,6,2681,1,1,0,1
ZONE_05285,6,622,1,1,0,2
ZONE_05286,3,2547,0,0,1,1
ZONE_05287,7,1953,0,1,1,1
ZONE_05288,3,2714,0,1,1,2
ZONE_05289,7,2071,1,1,1,1
ZONE_05290,7,898,1,0,0,1
ZONE_05291,5,1830,0,0,1,2
ZONE_05292,3,2762,0,0,1,3
ZONE_05293,5,2179,1,1,0,1
ZONE_05294,2,1990,0,0,0,4
ZONE_05295,4,2450,0,0,0,4
ZONE_05296,5,2310,1,0,0,2
ZONE_05297,2,2804,0,1,0,3
ZONE_05298,7,1299,1,0,1,1
ZONE_05299,5,1645,1,0,1,4
ZONE_05300,3,1691,1,0,0,1
ZONE_05301,1,879,0,0,1,3
ZONE_05302,0,1258,0,0,1,1
ZONE_05303,6,1966,0,0,0,3
ZONE_05304,0,1609,1,1,0,2
ZONE_05305,7,1071,0,0,0,1
ZONE_05306,8,1985,0,0,0,1
ZONE_05307,7,2377,0,0,0,3
ZONE_05308,5,674,0,1,0,1
ZONE_05309,2,1261,0,0,0,3
ZONE_05310,9,1742,1,0,1,4
ZONE_05311,1,2884,1,1,0,5
ZONE_05312,0,1777,0,0,0,5
ZONE_05313,6,2523,1,1,1,3
ZONE_05314,0,2455,1,0,1,2
ZONE_05315,6,1574,1,1,1,2
ZONE_05316,0,1557,0,0,1,5
ZONE_05317,4,1701,1,0,1,2
ZONE_05318,9,1516,0,1,1,5
ZONE_05319,8,2525,0,1,0,4
ZONE_05320,9,2302,0,1,0,3
ZONE_05321,2,2514,1,0,1,3
ZONE_05322,8,2077,0,1,0,2
ZONE_05323,3,1173,0,1,1,4
ZONE_05324,1,918,0,1,0,3
ZONE_05325,4,1664,1,1,1,2
ZONE_05326,0,2562,0,1,0,4
ZONE_05327,9,1985,1,1,0,5
ZONE_05328,2,1899,1,1,1,4
ZONE_05329,4,903,1,1,1,3
ZONE_05330,7,2014,0,1,0,2
ZONE_05331,2,1019,0,0,0,5
ZONE_05332,0,2857,1,1,1,5
ZONE_05333,8,2000,1,0,0,1
ZONE_05334,3,2179,0,0,0,1
ZONE_05335,3,1318,0,1,0,5
ZONE_05336,0,2705,0,1,1,4
ZONE_05337,2,1856,1,1,0,5
ZONE_05338,3,1441,1,1,0,3
ZONE_05339,6,1437,1,0,1,3
ZONE_05340,4,1291,1,1,0,3
ZONE_05341,6,2845,0,0,1,5
ZONE_05342,5,2344,1,0,1,1
ZONE_05343,4,2934,1,1,1,2
ZONE_05344,4,2191,0,0,0,4
ZONE_05345,8,2558,0,1,1,2
ZONE_05346,9,985,0,1,1,4
ZONE_05347,1,1376,1,0,1,2
ZONE_05348,1,2537,0,0,1,5
ZONE_05349,8,2196,0,1,0,4
ZONE_05350,5,2588,0,0,1,4
ZONE_05351,7,2674,0,1,1,5
ZONE_05352,6,2431,0,0,1,4
ZONE_05353,2,2318,1,1,0,1
ZONE_05354,4,2805,1,0,0,2
ZONE_05355,3,1181,1,1,1,3
ZONE_05356,1,721,1,1,0,1
ZONE_05357,7,523,1,0,1,4
ZONE_05358,3,1129,0,0,1,5
ZONE_05359,0,2257,0,1,1,3
ZONE_05360,2,1117,1,1,1,4
ZONE_05361,1,2116,0,1,0,5
ZONE_05362,9,1995,0,0,0,5
ZONE_05363,7,1445,1,1,1,4
ZONE_05364,0,1881,0,1,1,1
ZONE_05365,3,1879,1,1,0,5
ZONE_05366,7,822,1,0,1,5
ZONE_05367,0,2262,1,1,1,2
ZONE_05368,9,902,0,0,0,4
ZONE_05369,0,2073,0,1,0,1
ZONE_05370,1,618,1,0,1,1
ZONE_05371,4,1680,0,1,1,3
ZONE_05372,0,2504,1,0,0,4
ZONE_05373,2,731,1,0,0,5
ZONE_05374,5,2212,1,1,1,2
ZONE_05375,2,2066,1,0,1,1
ZONE_05376,9,2107,1,1,1,3
ZONE_05377,9,2042,0,0,0,3
ZONE_05378,3,2275,1,0,1,5
ZONE_05379,5,1496,0,1,1,4
ZONE_05380,4,1358,0,1,1,4
ZONE_05381,2,1620,0,1,1,1
ZONE_05382,3,2995,0,0,1,3
ZONE_05383,4,1553,0,1,1,2
ZONE_05384,1,2042,1,0,0,4
ZONE_05385,8,1446,0,1,0,2
ZONE_05386,8,823,0,1,1,4
ZONE_05387,8,746,0,1,1,3
ZONE_05388,9,2258,0,1,1,4
ZONE_05389,4,2851,1,1,1,3
ZONE_05390,4,1071,0,1,0,3
ZONE_05391,4,1827,0,1,1,5
ZONE_05392,1,2187,1,0,1,5
ZONE_05393,2,1881,1,1,0,3
ZONE_05394,5,1854,1,1,1,5
ZONE_05395,0,2565,1,1,1,3
ZONE_05396,7,1473,1,0,0,5
ZONE_05397,0,1531,0,0,0,5
ZONE_05398,9,1559,1,0,0,3
ZONE_05399,2,1529,1,0,1,4
ZONE_05400,4,1927,1,0,0,3
ZONE_05401,5,2075,1,1,1,5
ZONE_05402,8,2504,1,0,1,5
ZONE_05403,6,2343,0,0,0,4
ZONE_05404,2,596,1,0,1,3
ZONE_05405,8,2230,0,1,1,4
ZONE_05406,0,2591,0,1,0,1
ZONE_05407,9,1382,1,0,0,1
ZONE_05408,5,984,1,0,0,5
ZONE_05409,0,1257,1,1,0,5
ZONE_05410,6,2393,0,1,1,3
ZONE_05411,5,2795,1,0,1,5
ZONE_05412,9,1516,0,1,0,1
ZONE_05413,0,2396,0,0,0,1
ZONE_05414,6,1162,1,1,0,3
ZONE_05415,8,2550,0,0,0,4
ZONE_05416,4,1434,0,1,1,2
ZONE_05417,3,647,1,0,0,3
ZONE_05418,6,749,1,1,1,1
ZONE_05419,1,1987,1,0,1,5
ZONE_05420,8,1678,0,0,0,1
ZONE_05421,9,2957,0,1,1,4
ZONE_05422,9,2232,1,1,0,2
ZONE_05423,6,2705,0,1,1,2
ZONE_05424,6,1097,0,0,1,2
ZONE_05425,7,1103,1,1,1,2
ZONE_05426,8,996,1,1,0,3
ZONE_05427,3,1762,1,0,1,3
ZONE_05428,7,2142,0,1,1,2
ZONE_05429,3,775,1,1,0,1
ZONE_05430,6,2139,1,0,0,2
ZONE_05431,3,2482,0,1,0,1
ZONE_05432,5,2382,1,0,1,5
ZONE_05433,9,810,1,1,1,3
ZONE_05434,5,1125,1,1,0,3
ZONE_05435,1,1983,1,1,0,4
ZONE_05436,1,1663,0,1,1,3
ZONE_05437,4,2580,1,0,0,1
ZONE_05438,7,959,1,1,0,3
ZONE_05439,0,1561,0,1,0,3
ZONE_05440,9,2351,0,0,1,2
ZONE_05441,3,1153,1,0,0,5
ZONE_05442,3,1383,1,1,1,2
ZONE_05443,1,1158,1,1,0,2
ZONE_05444,1,811,0,0,1,3
ZONE_05445,4,758,0,1,0,2
ZONE_05446,9,2471,1,0,0,5
ZONE_05447,6,772,0,0,0,1
ZONE_05448,9,1328,0,1,1,5
ZONE_05449,1,997,0,1,1,4
ZONE_05450,0,1487,0,1,0,2
ZONE_05451,4,1124,0,1,1,5
ZONE_05452,2,971,1,0,1,1
ZONE_05453,7,1714,0,1,0,5
ZONE_05454,1,710,1,0,1,2
ZONE_05455,0,862,0,1,1,4
ZONE_05456,7,2341,1,0,1,2
ZONE_05457,1,840,0,0,1,4
ZONE_05458,7,2709,0,1,1,2
ZONE_05459,6,1536,0,1,0,1
ZONE_05460,3,1712,0,0,0,5
ZONE_05461,2,1649,0,1,1,1
ZONE_05462,7,1847,0,0,1,4
ZONE_05463,6,1499,0,0,0,3
ZONE_05464,9,2703,0,1,0,4
ZONE_05465,6,2632,0,0,1,2
ZONE_05466,5,1155,1,1,1,4
ZONE_05467,9,1194,0,1,1,5
ZONE_05468,2,809,0,1,1,5
ZONE_05469,1,2232,1,0,1,1
ZONE_05470,6,2800,0,0,0,2
ZONE_05471,0,1600,0,1,1,5
ZONE_05472,7,1236,0,1,0,3
ZONE_05473,7,2967,1,1,1,1
ZONE_05474,4,1499,1,0,0,1
ZONE_05475,7,2304,0,0,0,3
ZONE_05476,4,878,0,0,1,1
ZONE_05477,5,1597,1,0,1,2
ZONE_05478,1,729,1,0,0,5
ZONE_05479,9,1634,0,0,0,1
ZONE_05480,1,2247,1,0,0,5
ZONE_05481,0,1064,1,0,1,3
ZONE_05482,0,1082,0,0,1,1
ZONE_05483,5,1228,1,1,0,2
ZONE_05484,5,1065,1,1,1,2
ZONE_05485,1,2588,1,0,1,2
ZONE_05486,1,1478,0,0,0,3
ZONE_05487,6,986,0,1,1,5
ZONE_05488,2,853,1,0,0,1
ZONE_05489,5,2072,0,0,1,4
ZONE_05490,7,2887,1,0,1,1
ZONE_05491,5,1287,0,1,0,3
ZONE_05492,8,2580,0,0,0,4
ZONE_05493,3,743,1,0,0,5
ZONE_05494,0,1069,1,0,1,5
ZONE_05495,2,698,0,1,1,4
ZONE_05496,8,1849,1,1,1,1
ZONE_05497,0,1208,1,0,1,4
ZONE_05498,5,2448,1,0,0,3
ZONE_05499,2,1879,1,1,1,3
ZONE_05500,6,2002,1,0,0,5
ZONE_05501,3,2929,1,0,0,1
ZONE_05502,5,1968,1,1,0,3
ZONE_05503,1,576,0,1,1,1
ZONE_05504,8,2649,0,1,1,1
ZONE_05505,7,1132,1,1,1,5
ZONE_05506,5,2161,1,0,1,4
ZONE_05507,7,2311,0,1,1,4
ZONE_05508,2,1664,1,1,1,3
ZONE_05509,8,1042,0,0,1,3
ZONE_05510,9,2849,1,1,0,3
ZONE_05511,3,2936,1,0,1,5
ZONE_05512,8,1969,0,0,1,2
ZONE_05513,0,604,1,1,1,2
ZONE_05514,2,1179,0,1,1,2
ZONE_05515,0,1259,1,1,0,1
ZONE_05516,2,520,1,1,1,2
ZONE_05517,9,1608,0,0,0,4
ZONE_05518,7,1750,0,0,0,5
ZONE_05519,2,2584,1,0,1,5
ZONE_05520,0,1826,0,0,1,1
ZONE_05521,0,1860,0,0,1,4
ZONE_05522,1,2420,1,0,0,5
ZONE_05523,4,1732,0,1,0,4
ZONE_05524,7,1480,1,0,0,4
ZONE_05525,4,712,0,1,1,1
ZONE_05526,0,2732,1,1,1,2
ZONE_05527,4,2825,1,1,1,4
ZONE_05528,4,1693,0,0,0,3
ZONE_05529,7,2850,0,0,1,4
ZONE_05530,4,2625,0,0,0,3
ZONE_05531,4,1275,0,1,0,1
ZONE_05532,9,803,1,1,0,3
ZONE_05533,5,1598,1,1,1,3
ZONE_05534,9,2993,1,0,1,5
ZONE_05535,1,979,0,1,1,3
ZONE_05536,2,1525,0,1,0,4
ZONE_05537,7,508,1,1,0,4
ZONE_05538,8,1235,1,1,0,4
ZONE_05539,4,2074,0,1,0,2
ZONE_05540,4,2242,0,0,0,4
ZONE_05541,2,2387,0,1,1,3
ZONE_05542,9,1494,1,0,0,2
ZONE_05543,4,2757,1,1,1,2
ZONE_05544,4,820,0,1,1,3
ZONE_05545,2,1285,1,0,1,4
ZONE_05546,2,2435,1,0,0,1
ZONE_05547,6,765,0,1,0,5
ZONE_05548,2,2399,0,1,0,5
ZONE_05549,5,1643,1,0,1,4
ZONE_05550,3,528,0,0,1,3
ZONE_05551,2,1233,1,0,0,4
ZONE_05552,1,962,0,0,0,4
ZONE_05553,2,1232,1,1,0,5
ZONE_05554,5,1949,0,0,1,1
ZONE_05555,8,1765,1,1,0,4
ZONE_05556,3,2965,0,0,0,5
ZONE_05557,9,1492,1,1,0,2
ZONE_05558,7,1037,0,1,0,2
ZONE_05559,6,1328,0,0,0,3
ZONE_05560,5,1570,0,1,1,1
ZONE_05561,4,697,1,0,0,1
ZONE_05562,2,1975,0,0,1,4
ZONE_05563,0,934,1,0,1,3
ZONE_05564,4,2525,1,1,0,4
ZONE_05565,6,2337,1,1,1,1
ZONE_05566,2,1789,0,1,1,2
ZONE_05567,1,1287,0,0,0,5
ZONE_05568,2,737,1,0,1,5
ZONE_05569,4,2555,1,1,0,1
ZONE_05570,9,624,1,1,0,1
ZONE_05571,5,1269,1,0,1,5
ZONE_05572,8,2714,1,1,0,5
ZONE_05573,5,2485,1,1,1,5
ZONE_05574,2,920,1,0,1,5
ZONE_05575,8,1412,0,1,0,5
ZONE_05576,9,2227,1,1,0,5
ZONE_05577,7,2913,0,1,0,4
ZONE_05578,9,1221,0,0,0,3
ZONE_05579,2,2642,0,1,0,4
ZONE_05580,9,2940,0,1,0,5
ZONE_05581,5,2335,1,1,0,2
ZONE_05582,6,2106,1,1,0,3
ZONE_05583,2,1300,0,1,0,1
ZONE_05584,4,1798,0,0,1,5
ZONE_05585,2,1780,0,1,0,3
ZONE_05586,3,1582,1,1,1,3
ZONE_05587,9,2685,1,1,1,3
ZONE_05588,3,2919,0,1,1,1
ZONE_05589,0,648,0,0,1,3
ZONE_05590,7,1789,1,0,0,4
ZONE_05591,0,2770,0,0,1,2
ZONE_05592,5,2291,0,0,1,1
ZONE_05593,5,851,0,0,0,4
ZONE_05594,8,1075,0,1,0,3
ZONE_05595,6,2278,0,0,1,3
ZONE_05596,9,1336,1,0,1,4
ZONE_05597,8,1192,1,0,0,3
ZONE_05598,4,1151,1,1,1,4
ZONE_05599,0,1261,0,1,1,3
ZONE_05600,9,1529,1,1,0,4
ZONE_05601,0,2636,0,0,1,2
ZONE_05602,6,1443,0,1,0,1
ZONE_05603,0,1688,1,1,1,5
ZONE_05604,4,705,0,0,0,4
ZONE_05605,8,2776,0,0,0,2
ZONE_05606,8,1544,1,0,1,1
ZONE_05607,4,2717,1,0,1,3
ZONE_05608,2,922,0,0,1,1
ZONE_05609,8,526,0,0,0,4
ZONE_05610,7,2076,0,1,1,4
ZONE_05611,8,2978,1,0,1,5
ZONE_05612,2,2580,0,0,0,2
ZONE_05613,8,2714,0,0,1,4
ZONE_05614,8,769,1,0,0,4
ZONE_05615,9,661,1,0,0,5
ZONE_05616,1,2762,1,1,0,2
ZONE_05617,5,2496,0,0,1,5
ZONE_05618,5,1330,0,1,1,4
ZONE_05619,0,724,0,1,1,5
ZONE_05620,1,1925,1,0,0,5
ZONE_05621,4,1190,1,0,0,4
ZONE_05622,6,605,0,1,1,5
ZONE_05623,9,1962,1,1,1,5
ZONE_05624,9,1400,1,1,1,5
ZONE_05625,3,1583,0,1,0,3
ZONE_05626,5,697,1,1,0,3
ZONE_05627,3,1675,0,1,1,5
ZONE_05628,5,1462,0,1,0,1
ZONE_05629,7,962,0,1,1,2
ZONE_05630,1,2185,0,1,0,1
ZONE_05631,8,863,0,1,1,2
ZONE_05632,8,2261,1,0,1,4
ZONE_05633,2,1298,1,0,0,4
ZONE_05634,4,1198,1,0,0,3
ZONE_05635,6,1331,0,1,1,2
ZONE_05636,1,2303,0,0,0,2
ZONE_05637,0,544,0,1,1,2
ZONE_05638,4,1521,0,0,0,4
ZONE_05639,8,2404,1,0,0,4
ZONE_05640,0,2363,1,1,1,2
ZONE_05641,4,1059,1,1,1,1
ZONE_05642,1,606,1,1,1,4
ZONE_05643,6,2473,0,1,1,4
ZONE_05644,7,1339,1,0,1,3
ZONE_05645,1,1739,1,1,0,4
ZONE_05646,6,1738,0,1,0,1
ZONE_05647,8,1438,0,1,1,4
ZONE_05648,9,1332,0,1,1,3
ZONE_05649,0,938,1,1,1,1
ZONE_05650,6,1430,1,0,1,1
ZONE_05651,0,1951,1,0,0,3
ZONE_05652,5,2290,0,1,0,4
ZONE_05653,4,2540,1,0,1,4
ZONE_05654,4,2740,1,0,0,2
ZONE_05655,2,1258,0,1,0,1
ZONE_05656,2,2535,1,1,0,1
ZONE_05657,1,1303,1,0,1,1
ZONE_05658,7,1143,1,1,0,5
ZONE_05659,6,852,1,1,1,5
ZONE_05660,3,1447,1,0,1,4
ZONE_05661,5,1355,0,0,1,4
ZONE_05662,9,2177,1,0,0,5
ZONE_05663,5,611,0,1,1,3
ZONE_05664,9,1252,1,0,1,4
ZONE_05665,2,1527,1,1,1,4
ZONE_05666,1,2932,0,1,0,5
ZONE_05667,9,1214,1,1,1,3
ZONE_05668,4,1828,1,1,0,4
ZONE_05669,2,1230,0,0,0,3
ZONE_05670,4,1716,0,0,1,5
ZONE_05671,9,1379,1,1,1,2
ZONE_05672,8,1493,1,1,1,3
ZONE_05673,6,2753,1,0,1,1
ZONE_05674,2,1602,0,1,1,1
ZONE_05675,6,2652,0,0,0,2
ZONE_05676,9,2346,1,1,0,4
ZONE_05677,8,2767,0,1,0,1
ZONE_05678,6,2009,1,1,1,1
ZONE_05679,7,1129,0,0,1,3
ZONE_05680,5,1995,1,1,1,4
ZONE_05681,2,2341,1,0,0,5
ZONE_05682,7,2181,1,0,0,4
ZONE_05683,7,1510,0,0,0,1
ZONE_05684,8,653,1,1,0,2
ZONE_05685,9,2453,0,1,1,4
ZONE_05686,3,624,1,1,1,2
ZONE_05687,1,2769,0,0,0,1
ZONE_05688,4,551,0,1,1,4
ZONE_05689,0,2525,1,1,1,3
ZONE_05690,0,1311,0,0,1,1
ZONE_05691,8,639,1,0,1,1
ZONE_05692,3,1751,0,1,1,4
ZONE_05693,8,2765,0,1,1,5
ZONE_05694,3,2164,1,0,1,2
ZONE_05695,3,1088,0,1,1,1
ZONE_05696,9,1448,1,0,0,3
ZONE_05697,8,2938,1,0,1,2
ZONE_05698,3,1177,1,1,1,4
ZONE_05699,8,2659,0,0,1,3
ZONE_05700,8,2573,1,0,0,1
ZONE_05701,3,2431,0,1,0,3
ZONE_05702,7,1002,1,1,0,4
ZONE_05703,8,1813,0,0,0,1
ZONE_05704,9,1554,0,0,1,3
ZONE_05705,6,1710,1,0,0,2
ZONE_05706,7,2072,0,1,1,1
ZONE_05707,2,987,1,1,0,3
ZONE_05708,7,1493,1,0,1,3
ZONE_05709,7,1307,1,0,0,3
ZONE_05710,2,2733,0,0,0,1
ZONE_05711,7,2135,1,1,1,2
ZONE_05712,8,2642,1,1,1,2
ZONE_05713,8,2603,0,1,1,2
ZONE_05714,3,812,0,0,0,1
ZONE_05715,2,968,1,0,1,3
ZONE_05716,6,1565,0,1,0,5
ZONE_05717,5,636,0,0,0,2
ZONE_05718,2,2751,1,0,0,5
ZONE_05719,9,1270,0,0,1,2
ZONE_05720,2,2672,1,1,1,5
ZONE_05721,3,2130,1,0,1,2
ZONE_05722,1,1113,0,0,0,1
ZONE_05723,5,1149,0,0,1,3
ZONE_05724,4,1856,0,0,1,5
ZONE_05725,6,1868,0,1,0,4
ZONE_05726,3,1066,0,0,1,3
ZONE_05727,9,2401,0,1,0,5
ZONE_05728,0,1024,0,1,0,3
ZONE_05729,5,1836,0,1,0,3
ZONE_05730,1,1049,1,1,0,2
ZONE_05731,7,1769,1,0,1,4
ZONE_05732,7,819,1,0,1,1
ZONE_05733,1,2401,0,1,1,3
ZONE_05734,9,1667,0,1,0,4
ZONE_05735,8,2020,0,0,0,3
ZONE_05736,6,2042,1,0,0,3
ZONE_05737,9,2891,1,1,1,1
ZONE_05738,4,1295,0,0,0,1
ZONE_05739,3,2250,0,0,1,2
ZONE_05740,8,1123,1,1,1,5
ZONE_05741,3,936,0,1,0,4
ZONE_05742,4,2390,1,0,0,1
ZONE_05743,3,1127,1,0,0,5
ZONE_05744,7,2053,1,0,0,2
ZONE_05745,5,2567,0,0,1,4
ZONE_05746,3,1040,0,1,0,2
ZONE_05747,9,1688,1,0,1,3
ZONE_05748,7,726,1,1,0,1
ZONE_05749,3,1476,0,0,0,2
ZONE_05750,6,616,0,1,0,5
ZONE_05751,5,1398,1,0,1,1
ZONE_05752,8,1496,0,0,0,2
ZONE_05753,3,886,1,1,1,2
ZONE_05754,2,1547,1,1,0,1
ZONE_05755,0,995,0,0,0,5
ZONE_05756,2,2016,0,1,0,5
ZONE_05757,7,2772,1,1,0,5
ZONE_05758,8,1705,1,1,1,4
ZONE_05759,4,1195,0,1,0,2
ZONE_05760,8,1567,1,1,0,2
ZONE_05761,7,2692,0,0,1,1
ZONE_05762,7,2648,1,0,1,1
ZONE_05763,0,1043,1,0,1,4
ZONE_05764,6,2316,0,0,1,5
ZONE_05765,3,2804,1,0,1,1
ZONE_05766,2,1142,1,1,1,1
ZONE_05767,0,687,0,1,0,3
ZONE_05768,1,2848,1,1,0,4
ZONE_05769,8,1725,1,1,0,3
ZONE_05770,8,2355,0,0,0,2
ZONE_05771,9,2592,1,1,0,1
ZONE_05772,3,562,0,0,0,3
ZONE_05773,7,1910,1,0,0,3
ZONE_05774,2,2502,0,1,1,1
ZONE_05775,3,1376,0,1,0,4
ZONE_05776,2,1258,0,1,1,3
ZONE_05777,5,740,0,0,1,2
ZONE_05778,3,2518,0,0,1,2
ZONE_05779,0,2187,0,0,0,3
ZONE_05780,3,1218,0,1,1,4
ZONE_05781,0,1055,1,0,0,4
ZONE_05782,9,1860,0,1,1,1
ZONE_05783,6,1200,0,0,1,5
ZONE_05784,0,1238,0,1,1,1
ZONE_05785,9,2843,0,0,0,5
ZONE_05786,1,2573,0,1,0,1
ZONE_05787,6,984,1,0,0,1
ZONE_05788,8,2349,0,0,0,3
ZONE_05789,3,2677,1,0,0,1
ZONE_05790,9,835,0,1,0,4
ZONE_05791,9,1347,1,1,0,5
ZONE_05792,2,2617,0,0,0,4
ZONE_05793,2,2541,0,1,0,5
ZONE_05794,9,1434,1,1,0,5
ZONE_05795,6,1241,0,0,1,1
ZONE_05796,4,2367,0,1,1,5
ZONE_05797,8,2072,1,1,1,3
ZONE_05798,6,1395,1,0,1,1
ZONE_05799,7,521,1,1,0,1
ZONE_05800,6,990,1,0,1,5
ZONE_05801,4,2907,1,0,1,4
ZONE_05802,9,1249,1,1,0,3
ZONE_05803,9,772,0,1,1,5
ZONE_05804,5,1582,0,0,1,5
ZONE_05805,4,1560,0,0,1,2
ZONE_05806,8,2124,0,1,1,4
ZONE_05807,5,2989,1,0,1,3
ZONE_05808,2,1572,0,0,0,2
ZONE_05809,0,841,1,1,1,1
ZONE_05810,4,1792,1,0,1,2
ZONE_05811,2,1781,0,1,1,4
ZONE_05812,7,2623,1,1,1,4
ZONE_05813,3,2206,1,1,1,5
ZONE_05814,5,957,0,1,1,5
ZONE_05815,0,776,0,0,0,1
ZONE_05816,2,1881,0,0,0,4
ZONE_05817,2,666,0,1,1,3
ZONE_05818,6,1504,0,0,0,2
ZONE_05819,5,710,0,0,0,5
ZONE_05820,6,1782,1,0,0,3
ZONE_05821,6,2151,1,0,0,2
ZONE_05822,0,1579,1,0,1,3
ZONE_05823,5,1060,0,0,1,1
ZONE_05824,0,814,1,0,0,1
ZONE_05825,5,578,0,1,1,3
ZONE_05826,6,1832,1,0,0,4
ZONE_05827,9,1263,0,0,0,3
ZONE_05828,7,1089,1,0,0,1
ZONE_05829,0,2570,1,0,0,3
ZONE_05830,9,983,1,1,1,3
ZONE_05831,5,853,1,0,1,2
ZONE_05832,9,2316,0,0,0,4
ZONE_05833,0,1334,1,1,1,5
ZONE_05834,4,2181,1,0,1,3
ZONE_05835,2,1713,1,0,0,4
ZONE_05836,4,2686,0,0,0,3
ZONE_05837,7,1240,0,0,0,1
ZONE_05838,6,2397,1,0,0,2
ZONE_05839,7,1054,0,0,0,2
ZONE_05840,3,2994,1,1,0,4
ZONE_05841,0,2226,1,1,1,3
ZONE_05842,2,2632,0,0,0,2
ZONE_05843,9,2118,0,1,0,3
ZONE_05844,3,1191,1,0,1,3
ZONE_05845,6,1589,1,1,0,4
ZONE_05846,0,1205,1,0,0,3
ZONE_05847,4,1337,0,0,0,3
ZONE_05848,4,1550,0,0,0,1
ZONE_05849,7,1822,1,0,0,1
ZONE_05850,2,1249,1,1,0,4
ZONE_05851,7,2904,1,0,1,1
ZONE_05852,8,1602,0,1,0,2
ZONE_05853,1,2311,1,1,1,2
ZONE_05854,8,1057,1,1,1,5
ZONE_05855,6,2292,0,1,0,5
ZONE_05856,3,1926,0,0,0,4
ZONE_05857,1,1210,0,1,1,2
ZONE_05858,5,2960,1,0,1,2
ZONE_05859,9,1512,0,0,0,2
ZONE_05860,0,1927,1,1,1,4
ZONE_05861,4,2351,1,1,1,2
ZONE_05862,6,1238,1,0,1,3
ZONE_05863,4,1564,1,1,0,4
ZONE_05864,3,1199,1,1,0,4
ZONE_05865,4,2320,0,0,1,1
ZONE_05866,6,1084,0,0,0,2
ZONE_05867,9,1069,0,0,1,3
ZONE_05868,1,1891,0,0,0,2
ZONE_05869,8,2010,0,1,0,4
ZONE_05870,8,2808,0,0,1,1
ZONE_05871,9,1385,0,0,0,2
ZONE_05872,0,1643,1,0,0,5
ZONE_05873,5,1456,0,0,0,2
ZONE_05874,7,555,1,0,1,1
ZONE_05875,5,592,0,1,0,1
ZONE_05876,2,1852,0,0,0,3
ZONE_05877,9,774,1,0,0,2
ZONE_05878,9,1906,1,1,0,3
ZONE_05879,3,760,1,0,0,1
ZONE_05880,3,2402,1,1,0,2
ZONE_05881,2,1509,0,0,1,4
ZONE_05882,8,931,0,1,1,3
ZONE_05883,6,1341,0,0,1,2
ZONE_05884,0,2404,0,0,0,4
ZONE_05885,6,1769,0,1,0,4
ZONE_05886,3,2719,0,1,1,5
ZONE_05887,0,2594,0,0,0,3
ZONE_05888,7,1805,0,1,1,5
ZONE_05889,6,563,1,0,1,5
ZONE_05890,7,937,1,1,1,5
ZONE_05891,0,2388,0,1,1,3
ZONE_05892,8,2354,0,1,0,4
ZONE_05893,0,748,0,1,1,5
ZONE_05894,5,612,1,1,1,5
ZONE_05895,7,2588,0,0,1,4
ZONE_05896,9,2794,1,1,0,2
ZONE_05897,8,632,1,1,1,5
ZONE_05898,3,2214,1,1,0,3
ZONE_05899,8,501,1,1,1,3
ZONE_05900,9,1038,0,0,0,3
ZONE_05901,0,1716,1,1,0,3
ZONE_05902,4,711,1,0,1,3
ZONE_05903,9,1478,0,0,0,2
ZONE_05904,3,1020,0,0,0,3
ZONE_05905,9,2996,0,1,0,1
ZONE_05906,6,2773,0,0,1,5
ZONE_05907,4,2833,1,1,1,3
ZONE_05908,6,603,1,0,0,5
ZONE_05909,1,1403,1,1,1,4
ZONE_05910,0,1269,0,1,0,5
ZONE_05911,1,1156,0,0,1,2
ZONE_05912,6,2106,0,1,1,4
ZONE_05913,9,2902,1,1,1,1
ZONE_05914,8,667,1,0,1,3
ZONE_05915,5,1805,1,0,1,1
ZONE_05916,2,2132,1,1,0,5
ZONE_05917,9,2060,1,0,1,5
ZONE_05918,6,1298,0,1,0,2
ZONE_05919,8,1379,0,0,0,2
ZONE_05920,0,1970,1,0,0,4
ZONE_05921,7,1924,1,0,0,4
ZONE_05922,7,532,0,0,0,2
ZONE_05923,0,2316,1,1,0,3
ZONE_05924,0,1246,0,1,1,4
ZONE_05925,5,1168,1,1,1,5
ZONE_05926,4,1058,0,0,1,1
ZONE_05927,7,1240,1,1,1,2
ZONE_05928,5,1013,0,0,1,5
ZONE_05929,3,2541,1,1,0,1
ZONE_05930,4,2734,1,0,1,5
ZONE_05931,8,797,0,0,1,4
ZONE_05932,9,1123,1,0,1,4
ZONE_05933,8,2382,0,1,1,1
ZONE_05934,0,1033,0,0,1,2
ZONE_05935,4,1448,1,0,1,3
ZONE_05936,3,1935,1,1,0,3
ZONE_05937,8,2477,1,0,1,5
ZONE_05938,8,2788,1,0,1,3
ZONE_05939,8,2670,0,1,0,4
ZONE_05940,6,1814,0,0,0,5
ZONE_05941,6,2390,0,1,0,1
ZONE_05942,3,2821,1,0,1,4
ZONE_05943,3,2410,1,1,0,1
ZONE_05944,6,1333,0,1,1,4
ZONE_05945,3,767,1,0,1,4
ZONE_05946,7,1959,0,1,1,5
ZONE_05947,9,1624,0,1,0,2
ZONE_05948,5,2967,0,1,1,2
ZONE_05949,8,1088,1,0,0,3
ZONE_05950,0,2659,0,1,0,2
ZONE_05951,7,1064,0,1,1,5
ZONE_05952,0,660,0,1,1,1
ZONE_05953,0,2720,0,1,0,1
ZONE_05954,6,1498,0,0,0,4
ZONE_05955,9,2255,0,0,1,5
ZONE_05956,5,2173,0,1,0,1
ZONE_05957,9,1590,1,1,0,1
ZONE_05958,5,918,1,1,1,5
ZONE_05959,2,1898,0,0,0,2
ZONE_05960,5,755,0,0,0,5
ZONE_05961,5,993,1,0,1,4
ZONE_05962,6,2592,0,0,0,5
ZONE_05963,0,2986,1,0,0,4
ZONE_05964,0,1011,0,0,1,3
ZONE_05965,2,2574,1,0,1,1
ZONE_05966,6,1835,1,0,0,2
ZONE_05967,7,834,1,0,0,2
ZONE_05968,5,2127,0,1,0,4
ZONE_05969,8,2039,0,1,1,1
ZONE_05970,9,810,0,0,0,5
ZONE_05971,5,740,1,0,1,3
ZONE_05972,6,1341,1,0,1,3
ZONE_05973,8,1095,1,1,1,4
ZONE_05974,9,1601,1,0,1,4
ZONE_05975,4,2947,1,0,1,3
ZONE_05976,2,2132,1,0,0,2
ZONE_05977,7,1834,0,0,0,2
ZONE_05978,5,2765,0,1,0,4
ZONE_05979,8,1157,0,0,0,1
ZONE_05980,3,1578,1,1,0,1
ZONE_05981,2,2141,1,0,1,1
ZONE_05982,8,2218,0,1,0,1
ZONE_05983,6,1013,0,0,1,3
ZONE_05984,9,878,1,0,0,4
ZONE_05985,1,2721,0,0,1,5
ZONE_05986,1,1943,1,1,0,2
ZONE_05987,0,2209,0,0,0,5
ZONE_05988,6,1065,1,1,0,1
ZONE_05989,8,1963,1,0,0,3
ZONE_05990,7,1473,0,0,1,3
ZONE_05991,7,603,0,1,0,5
ZONE_05992,2,938,0,0,0,1
ZONE_05993,8,1354,1,0,0,5
ZONE_05994,0,545,0,1,1,1
ZONE_05995,5,1361,1,0,1,5
ZONE_05996,8,1805,1,0,0,4
ZONE_05997,9,1703,0,1,0,2
ZONE_05998,1,1843,0,0,0,3
ZONE_05999,4,1430,0,0,0,1
ZONE_06000,3,1972,0,0,1,3
ZONE_06001,5,1947,0,0,1,2
ZONE_06002,1,2113,1,0,1,2
ZONE_06003,2,525,1,1,1,3
ZONE_06004,1,1638,0,0,1,4
ZONE_06005,8,1590,1,1,0,2
ZONE_06006,4,587,0,0,0,4
ZONE_06007,3,1268,1,1,0,5
ZONE_06008,9,1115,0,0,1,4
ZONE_06009,1,1783,1,1,1,4
ZONE_06010,4,2011,0,1,1,2
ZONE_06011,4,2764,1,0,1,4
ZONE_06012,8,851,1,0,0,2
ZONE_06013,7,2283,0,1,1,5
ZONE_06014,4,766,1,1,0,2
ZONE_06015,5,2656,0,1,0,5
ZONE_06016,9,1428,0,1,1,4
ZONE_06017,1,2938,0,0,0,4
ZONE_06018,5,2231,0,1,0,3
ZONE_06019,3,1671,0,0,0,3
ZONE_06020,8,2033,1,1,1,4
ZONE_06021,7,1413,1,0,1,1
ZONE_06022,3,2691,0,1,1,4
ZONE_06023,7,2924,0,1,0,2
ZONE_06024,7,2285,0,0,1,4
ZONE_06025,5,2190,0,0,1,2
ZONE_06026,2,839,0,0,1,2
ZONE_06027,2,1583,0,1,0,5
ZONE_06028,4,1124,1,0,1,3
ZONE_06029,0,2778,1,0,0,2
ZONE_06030,4,2110,1,1,0,2
ZONE_06031,0,2359,1,1,0,1
ZONE_06032,6,2953,0,1,0,3
ZONE_06033,1,823,1,1,1,1
ZONE_06034,2,2256,1,1,0,3
ZONE_06035,2,1618,0,0,0,5
ZONE_06036,2,2284,1,1,0,1
ZONE_06037,2,1016,0,1,1,2
ZONE_06038,7,1236,0,0,0,2
ZONE_06039,8,1811,0,1,1,1
ZONE_06040,2,844,0,1,0,3
ZONE_06041,1,1392,0,0,1,5
ZONE_06042,8,2010,1,1,0,4
ZONE_06043,3,2601,0,1,1,3
ZONE_06044,6,2282,0,0,0,5
ZONE_06045,3,1640,0,0,0,3
ZONE_06046,2,595,1,0,0,5
ZONE_06047,6,2127,0,0,0,3
ZONE_06048,1,904,1,1,1,3
ZONE_06049,3,1585,1,0,0,1
ZONE_06050,4,2741,1,1,0,1
ZONE_06051,4,1917,0,0,0,1
ZONE_06052,1,2459,1,1,1,4
ZONE_06053,3,1122,1,1,1,5
ZONE_06054,3,2238,0,1,1,1
ZONE_06055,5,1088,1,1,1,1
ZONE_06056,0,1195,1,0,0,4
ZONE_06057,9,2009,1,1,0,1
ZONE_06058,5,2758,1,1,0,1
ZONE_06059,0,1137,0,0,1,2
ZONE_06060,4,1379,1,1,1,5
ZONE_06061,1,2949,1,1,0,4
ZONE_06062,1,1710,1,0,1,3
ZONE_06063,2,1282,1,1,0,1
ZONE_06064,6,1206,1,1,1,2
ZONE_06065,8,2080,1,0,0,1
ZONE_06066,8,1777,0,0,0,1
ZONE_06067,4,2184,1,0,1,3
ZONE_06068,0,869,0,0,1,3
ZONE_06069,4,935,1,1,0,3
ZONE_06070,9,1271,1,1,1,1
ZONE_06071,5,2866,0,1,1,1
ZONE_06072,1,2578,0,0,1,4
ZONE_06073,0,685,1,1,1,4
ZONE_06074,6,1709,1,0,0,3
ZONE_06075,2,686,0,1,1,2
ZONE_06076,3,2909,0,1,1,3
ZONE_06077,9,566,0,0,0,5
ZONE_06078,6,2429,0,0,0,3
ZONE_06079,4,1507,1,0,0,4
ZONE_06080,9,1478,0,1,0,2
ZONE_06081,9,2892,0,1,1,2
ZONE_06082,4,896,1,1,0,5
ZONE_06083,8,2421,1,1,0,5
ZONE_06084,2,1481,0,1,0,3
ZONE_06085,7,813,1,1,0,1
ZONE_06086,7,1773,1,1,1,4
ZONE_06087,1,1377,1,0,0,3
ZONE_06088,8,2371,0,0,0,2
ZONE_06089,6,857,0,1,1,1
ZONE_06090,2,1332,0,1,1,5
ZONE_06091,9,2880,1,1,0,4
ZONE_06092,2,2111,1,1,1,1
ZONE_06093,7,794,0,1,1,5
ZONE_06094,0,817,1,1,1,4
ZONE_06095,2,679,1,1,0,3
ZONE_06096,5,851,1,0,1,5
ZONE_06097,8,715,1,1,0,3
ZONE_06098,8,1872,1,0,1,5
ZONE_06099,5,1786,1,0,0,4
ZONE_06100,3,948,0,1,0,2
ZONE_06101,5,1214,1,0,1,4
ZONE_06102,8,1421,0,0,1,3
ZONE_06103,3,1367,1,0,1,5
ZONE_06104,8,2488,0,1,1,2
ZONE_06105,6,1557,0,0,1,3
ZONE_06106,0,2100,1,1,1,4
ZONE_06107,6,2326,1,0,1,2
ZONE_06108,4,1638,0,0,1,2
ZONE_06109,0,1458,0,1,0,1
ZONE_06110,1,2447,1,0,1,2
ZONE_06111,5,1565,0,0,1,2
ZONE_06112,6,519,0,1,1,4
ZONE_06113,6,2614,0,1,1,3
ZONE_06114,7,1824,0,1,1,4
ZONE_06115,8,1028,0,1,0,1
ZONE_06116,4,1485,0,1,1,5
ZONE_06117,1,2650,0,1,0,2
ZONE_06118,8,1146,0,1,1,4
ZONE_06119,1,1892,0,1,1,1
ZONE_06120,9,1531,1,1,1,3
ZONE_06121,7,1873,0,0,1,4
ZONE_06122,8,510,1,1,1,4
ZONE_06123,5,885,1,0,1,1
ZONE_06124,7,2759,0,1,1,2
ZONE_06125,6,1261,0,1,0,1
ZONE_06126,8,1851,0,0,0,1
ZONE_06127,8,2371,0,1,1,5
ZONE_06128,8,2412,0,0,0,4
ZONE_06129,7,1998,0,0,1,1
ZONE_06130,8,1883,0,0,0,1
ZONE_06131,9,2388,1,0,1,5
ZONE_06132,1,1017,1,1,0,2
ZONE_06133,9,2594,1,0,0,1
ZONE_06134,1,1411,1,1,1,3
ZONE_06135,9,1665,0,1,0,5
ZONE_06136,8,1302,1,0,1,4
ZONE_06137,9,2270,0,1,1,1
ZONE_06138,2,2911,0,0,1,4
ZONE_06139,3,926,1,0,1,2
ZONE_06140,3,524,0,1,0,5
ZONE_06141,8,968,1,1,1,5
ZONE_06142,9,1232,1,1,0,5
ZONE_06143,7,1942,0,0,0,2
ZONE_06144,4,992,1,0,0,5
ZONE_06145,0,2813,1,0,1,1
ZONE_06146,4,2046,1,1,0,2
ZONE_06147,2,2431,0,0,0,2
ZONE_06148,5,1717,0,0,0,1
ZONE_06149,1,695,0,1,1,1
ZONE_06150,2,1722,0,1,1,2
ZONE_06151,2,718,1,0,1,4
ZONE_06152,2,2013,0,1,1,2
ZONE_06153,7,1398,0,1,1,4
ZONE_06154,0,690,0,1,0,2
ZONE_06155,6,1919,1,1,1,1
ZONE_06156,5,1743,1,0,0,4
ZONE_06157,2,1831,1,1,0,2
ZONE_06158,5,2870,1,1,1,2
ZONE_06159,3,961,1,1,1,1
ZONE_06160,0,2822,1,1,1,4
ZONE_06161,4,2880,1,0,1,3
ZONE_06162,8,1338,0,0,1,3
ZONE_06163,9,2715,1,1,0,1
ZONE_06164,8,929,1,1,1,4
ZONE_06165,5,1293,0,1,1,1
ZONE_06166,1,1582,1,0,0,5
ZONE_06167,2,1871,1,1,0,2
ZONE_06168,9,1151,0,0,1,3
ZONE_06169,6,1503,1,0,0,4
ZONE_06170,6,802,1,0,1,2
ZONE_06171,9,2138,1,0,0,3
ZONE_06172,0,2705,0,1,0,3
ZONE_06173,4,2479,0,1,0,1
ZONE_06174,2,912,1,1,0,2
ZONE_06175,3,2475,0,1,1,4
ZONE_06176,4,690,1,0,1,5
ZONE_06177,4,1381,0,0,1,2
ZONE_06178,7,2817,0,0,1,4
ZONE_06179,9,1818,0,0,0,2
ZONE_06180,1,2279,0,0,1,4
ZONE_06181,7,2287,1,0,0,3
ZONE_06182,3,2198,0,1,1,3
ZONE_06183,7,1792,1,0,0,3
ZONE_06184,8,736,1,1,0,3
ZONE_06185,8,1399,1,1,0,4
ZONE_06186,1,765,0,0,1,2
ZONE_06187,9,503,1,1,0,2
ZONE_06188,6,732,0,0,1,4
ZONE_06189,6,2026,1,1,0,1
ZONE_06190,3,1404,0,0,0,5
ZONE_06191,6,1996,1,1,0,4
ZONE_06192,5,1905,0,1,0,4
ZONE_06193,7,2890,0,0,1,1
ZONE_06194,3,1272,0,0,1,1
ZONE_06195,6,2141,0,1,1,3
ZONE_06196,8,1826,0,1,1,3
ZONE_06197,0,686,0,1,0,3
ZONE_06198,8,2558,1,0,0,3
ZONE_06199,6,1828,0,1,0,1
ZONE_06200,6,783,0,0,0,5
ZONE_06201,8,2805,1,0,0,4
ZONE_06202,9,668,0,1,0,4
ZONE_06203,7,946,1,1,1,3
ZONE_06204,6,2180,1,0,1,5
ZONE_06205,0,2880,0,1,0,2
ZONE_06206,9,2220,1,0,0,2
ZONE_06207,2,1345,1,0,0,1
ZONE_06208,4,1548,1,0,0,5
ZONE_06209,0,2590,1,1,1,1
ZONE_06210,0,1815,1,1,1,2
ZONE_06211,8,694,0,1,0,1
ZONE_06212,1,891,1,0,1,2
ZONE_06213,3,1042,1,0,0,2
ZONE_06214,1,2782,1,0,1,1
ZONE_06215,6,1266,1,0,1,1
ZONE_06216,6,913,0,0,1,5
ZONE_06217,6,2070,1,1,1,5
ZONE_06218,0,1891,1,0,1,3
ZONE_06219,0,1210,1,0,1,1
ZONE_06220,0,2527,1,0,0,4
ZONE_06221,0,2444,0,0,0,3
ZONE_06222,4,2465,0,0,1,3
ZONE_06223,8,1237,1,1,0,4
ZONE_06224,1,1179,0,0,0,3
ZONE_06225,9,2039,1,1,0,5
ZONE_06226,6,1761,0,0,0,1
ZONE_06227,5,2129,1,0,1,2
ZONE_06228,5,1546,0,1,1,4
ZONE_06229,9,2113,1,0,0,5
ZONE_06230,4,1411,0,1,0,1
ZONE_06231,7,847,1,0,0,5
ZONE_06232,5,2748,0,0,1,5
ZONE_06233,3,2836,0,0,0,2
ZONE_06234,2,2487,1,1,1,1
ZONE_06235,1,1101,1,1,1,3
ZONE_06236,3,2947,0,0,0,4
ZONE_06237,4,1542,1,1,1,4
ZONE_06238,9,563,1,1,0,5
ZONE_06239,9,855,1,1,1,3
ZONE_06240,5,1621,1,0,0,4
ZONE_06241,0,1949,1,0,0,5
ZONE_06242,8,949,0,1,0,1
ZONE_06243,5,604,0,1,0,1
ZONE_06244,4,2438,1,0,1,5
ZONE_06245,8,1467,0,0,1,1
ZONE_06246,4,1963,0,1,1,3
ZONE_06247,1,2857,1,0,0,2
ZONE_06248,7,2759,0,0,0,5
ZONE_06249,1,2213,0,0,1,3
ZONE_06250,6,2359,0,0,1,1
ZONE_06251,1,2762,1,0,1,1
ZONE_06252,2,647,1,1,1,3
ZONE_06253,2,2604,0,0,0,1
ZONE_06254,9,754,0,1,1,2
ZONE_06255,1,1430,0,1,0,2
ZONE_06256,1,2235,0,0,1,2
ZONE_06257,5,1675,1,1,0,5
ZONE_06258,7,1922,0,0,1,1
ZONE_06259,1,2680,1,1,0,1
ZONE_06260,8,2608,0,1,0,3
ZONE_06261,7,2005,0,0,0,4
ZONE_06262,0,1236,1,0,0,4
ZONE_06263,6,2932,1,1,0,1
ZONE_06264,3,1804,1,1,0,5
ZONE_06265,5,1032,1,0,0,5
ZONE_06266,2,2623,0,0,1,1
ZONE_06267,7,1964,0,1,0,5
ZONE_06268,3,2911,0,0,1,1
ZONE_06269,5,1114,0,0,1,5
ZONE_06270,7,2300,0,0,1,2
ZONE_06271,1,559,0,1,0,1
ZONE_06272,9,708,0,1,1,4
ZONE_06273,7,1133,1,0,0,5
ZONE_06274,7,1683,1,0,0,4
ZONE_06275,2,1377,0,1,1,2
ZONE_06276,4,1632,0,1,1,1
ZONE_06277,8,1116,1,1,0,4
ZONE_06278,5,2838,0,1,0,5
ZONE_06279,7,638,1,0,0,3
ZONE_06280,2,2478,1,1,1,5
ZONE_06281,4,2569,1,1,1,2
ZONE_06282,9,2897,0,1,1,3
ZONE_06283,6,2653,1,1,0,4
ZONE_06284,6,1529,1,0,0,3
ZONE_06285,9,2035,1,1,0,5
ZONE_06286,7,921,1,1,0,4
ZONE_06287,0,2997,1,1,0,5
ZONE_06288,9,1446,0,0,1,2
ZONE_06289,2,2370,1,1,1,2
ZONE_06290,0,937,0,0,0,2
ZONE_06291,0,943,0,1,0,3
ZONE_06292,4,2849,0,0,0,4
ZONE_06293,0,1973,0,1,1,2
ZONE_06294,7,2132,0,0,0,2
ZONE_06295,6,1614,0,1,1,2
ZONE_06296,8,767,1,1,0,4
ZONE_06297,5,2099,1,1,1,3
ZONE_06298,4,2197,1,0,1,3
ZONE_06299,8,1287,0,1,0,5
ZONE_06300,0,1914,0,0,0,4
ZONE_06301,9,2066,1,1,1,4
ZONE_06302,1,2289,0,1,0,3
ZONE_06303,9,2866,0,0,0,4
ZONE_06304,1,1731,1,1,1,5
ZONE_06305,8,2564,0,1,0,3
ZONE_06306,9,1883,0,0,1,4
ZONE_06307,7,1754,0,0,0,2
ZONE_06308,6,1879,0,1,0,4
ZONE_06309,0,854,1,1,1,1
ZONE_06310,3,2489,1,1,0,1
ZONE_06311,4,2054,0,1,0,2
ZONE_06312,3,1546,1,1,1,2
ZONE_06313,5,2609,1,1,1,2
ZONE_06314,8,1669,1,1,0,4
ZONE_06315,3,1441,0,1,0,1
ZONE_06316,9,2124,1,0,0,2
ZONE_06317,9,870,0,0,1,3
ZONE_06318,1,531,0,0,1,3
ZONE_06319,0,1034,0,0,1,3
ZONE_06320,8,1004,1,1,1,4
ZONE_06321,4,1193,0,0,1,2
ZONE_06322,0,1050,0,1,0,2
ZONE_06323,8,1841,0,1,1,2
ZONE_06324,1,905,0,1,0,4
ZONE_06325,5,2716,0,1,1,5
ZONE_06326,8,2422,1,1,0,4
ZONE_06327,2,1073,1,0,1,4
ZONE_06328,4,935,1,0,1,3
ZONE_06329,9,812,0,0,1,1
ZONE_06330,1,1361,1,1,1,3
ZONE_06331,5,2529,1,1,0,5
ZONE_06332,3,708,1,0,1,3
ZONE_06333,8,2871,0,0,1,2
ZONE_06334,2,2009,1,0,1,2
ZONE_06335,0,982,1,0,1,2
ZONE_06336,8,1867,0,1,1,4
ZONE_06337,9,2114,1,1,1,4
ZONE_06338,5,680,1,0,1,1
ZONE_06339,8,2304,0,0,1,5
ZONE_06340,4,2924,1,1,0,4
ZONE_06341,7,1198,1,0,0,5
ZONE_06342,3,2765,1,1,0,4
ZONE_06343,0,1479,1,1,1,3
ZONE_06344,0,629,1,1,1,1
ZONE_06345,7,2039,0,0,0,5
ZONE_06346,4,2238,0,0,1,4
ZONE_06347,7,734,1,0,1,5
ZONE_06348,9,1900,0,0,0,3
ZONE_06349,4,2400,0,1,1,3
ZONE_06350,9,2125,1,0,1,4
ZONE_06351,0,2239,0,1,0,4
ZONE_06352,1,2392,1,0,1,3
ZONE_06353,3,1539,1,0,0,1
ZONE_06354,8,2984,0,1,0,3
ZONE_06355,3,849,1,0,0,4
ZONE_06356,3,958,0,0,0,1
ZONE_06357,3,1793,1,0,1,2
ZONE_06358,8,2550,1,0,1,1
ZONE_06359,7,1192,1,0,1,3
ZONE_06360,5,1504,1,0,1,2
ZONE_06361,6,2817,0,1,1,4
ZONE_06362,6,2677,0,1,1,1
ZONE_06363,8,2348,1,0,1,3
ZONE_06364,8,2361,0,0,1,4
ZONE_06365,4,872,0,0,0,5
ZONE_06366,9,1925,1,0,0,2
ZONE_06367,6,1023,0,1,0,4
ZONE_06368,0,2518,0,0,1,5
ZONE_06369,2,2472,0,1,0,4
ZONE_06370,9,2999,0,1,1,3
ZONE_06371,7,842,1,1,1,3
ZONE_06372,7,1861,1,1,0,5
ZONE_06373,6,1163,1,1,0,3
ZONE_06374,8,590,1,0,1,4
ZONE_06375,9,713,0,1,0,1
ZONE_06376,9,1129,1,1,1,3
ZONE_06377,5,1576,0,1,1,1
ZONE_06378,0,2028,0,0,0,5
ZONE_06379,7,670,0,1,0,4
ZONE_06380,9,1850,1,1,1,5
ZONE_06381,1,2317,0,1,1,4
ZONE_06382,7,2641,0,0,0,5
ZONE_06383,0,2379,1,1,1,1
ZONE_06384,8,2253,1,1,0,2
ZONE_06385,4,2056,0,1,1,2
ZONE_06386,4,1650,0,1,0,5
ZONE_06387,4,1895,1,1,1,3
ZONE_06388,6,2323,1,1,0,2
ZONE_06389,9,2825,1,1,1,3
ZONE_06390,4,1642,0,1,0,2
ZONE_06391,7,2779,0,0,1,2
ZONE_06392,7,2667,1,0,0,1
ZONE_06393,3,2813,1,0,0,2
ZONE_06394,5,2128,0,1,1,2
ZONE_06395,9,1974,0,1,0,4
ZONE_06396,5,1448,1,1,0,1
ZONE_06397,4,1678,1,0,0,1
ZONE_06398,4,2287,0,1,1,3
ZONE_06399,4,1901,1,0,0,2
ZONE_06400,5,2769,1,0,0,1
ZONE_06401,9,1868,1,1,1,5
ZONE_06402,8,2351,0,0,1,3
ZONE_06403,3,2522,1,1,1,3
ZONE_06404,1,630,0,0,1,5
ZONE_06405,6,2130,0,0,1,3
ZONE_06406,9,1738,0,0,1,3
ZONE_06407,9,2437,0,0,1,2
ZONE_06408,6,1528,0,1,0,1
ZONE_06409,6,1727,0,1,1,2
ZONE_06410,3,2773,0,1,1,3
ZONE_06411,2,980,1,0,0,1
ZONE_06412,2,2561,0,1,1,4
ZONE_06413,6,2099,0,1,0,2
ZONE_06414,6,1088,0,0,1,1
ZONE_06415,0,2441,1,1,0,3
ZONE_06416,1,2962,1,0,0,2
ZONE_06417,9,572,0,0,1,5
ZONE_06418,0,1679,1,0,1,3
ZONE_06419,1,891,1,1,1,5
ZONE_06420,1,2175,0,0,0,3
ZONE_06421,7,2283,0,0,1,4
ZONE_06422,3,583,1,0,0,5
ZONE_06423,6,586,0,1,1,5
ZONE_06424,5,1966,0,1,1,3
ZONE_06425,7,1634,0,1,1,3
ZONE_06426,1,2095,1,0,1,5
ZONE_06427,9,951,1,1,1,2
ZONE_06428,7,2659,1,1,0,1
ZONE_06429,9,2490,0,1,1,1
ZONE_06430,4,2459,0,0,0,3
ZONE_06431,8,513,0,0,1,1
ZONE_06432,1,2897,1,1,0,3
ZONE_06433,8,1703,0,0,0,5
ZONE_06434,5,571,1,1,1,1
ZONE_06435,7,2437,1,1,0,2
ZONE_06436,7,1911,1,0,0,3
ZONE_06437,5,1926,1,1,1,3
ZONE_06438,8,884,1,1,0,2
ZONE_06439,9,970,1,1,1,3
ZONE_06440,4,1618,0,1,0,3
ZONE_06441,8,1398,1,1,0,5
ZONE_06442,3,2015,0,0,1,2
ZONE_06443,3,2035,0,0,0,2
ZONE_06444,7,1743,1,0,1,5
ZONE_06445,4,2287,0,1,0,1
ZONE_06446,4,2789,1,0,1,1
ZONE_06447,7,2910,1,1,1,2
ZONE_06448,9,2084,0,0,1,3
ZONE_06449,9,2177,0,1,0,1
ZONE_06450,6,999,0,0,1,4
ZONE_06451,9,1677,0,0,0,4
ZONE_06452,2,2966,1,0,1,4
ZONE_06453,3,1438,0,0,1,4
ZONE_06454,1,567,0,1,1,4
ZONE_06455,0,2058,1,0,0,2
ZONE_06456,8,970,0,1,0,2
ZONE_06457,1,1535,0,0,1,2
ZONE_06458,8,1123,1,1,1,3
ZONE_06459,3,1009,0,1,0,5
ZONE_06460,9,2731,1,0,1,5
ZONE_06461,0,2875,1,1,1,4
ZONE_06462,3,1794,1,0,1,4
ZONE_06463,7,705,0,0,0,4
ZONE_06464,2,2581,1,1,0,3
ZONE_06465,6,606,0,1,1,5
ZONE_06466,7,2579,0,0,0,1
ZONE_06467,9,2464,1,1,1,5
ZONE_06468,9,2582,0,0,1,4
ZONE_06469,3,1160,1,1,1,1
ZONE_06470,8,749,0,1,0,4
ZONE_06471,4,941,0,0,1,3
ZONE_06472,8,2553,1,0,0,4
ZONE_06473,1,2155,1,0,1,1
ZONE_06474,1,2676,0,0,0,5
ZONE_06475,1,2223,1,0,0,1
ZONE_06476,3,1096,1,0,1,2
ZONE_06477,9,618,0,0,1,1
ZONE_06478,3,1577,1,1,1,1
ZONE_06479,1,802,0,1,0,3
ZONE_06480,2,2666,1,0,1,4
ZONE_06481,0,1196,0,1,1,4
ZONE_06482,1,1305,1,1,1,5
ZONE_06483,7,1010,1,1,1,5
ZONE_06484,1,2791,0,1,1,1
ZONE_06485,5,732,1,0,0,2
ZONE_06486,8,1609,1,0,1,5
ZONE_06487,6,1486,0,1,1,3
ZONE_06488,0,2859,1,0,0,1
ZONE_06489,2,952,0,0,0,4
ZONE_06490,0,977,1,1,0,5
ZONE_06491,7,899,1,1,0,2
ZONE_06492,8,2084,0,1,0,3
ZONE_06493,7,1268,1,1,1,4
ZONE_06494,1,2913,0,0,0,4
ZONE_06495,7,2389,1,0,0,5
ZONE_06496,2,1209,1,1,1,3
ZONE_06497,9,618,1,1,1,4
ZONE_06498,7,2919,1,1,1,1
ZONE_06499,6,2167,0,1,0,1
ZONE_06500,1,2707,1,1,0,1
ZONE_06501,4,2146,1,0,1,1
ZONE_06502,1,2410,1,1,0,4
ZONE_06503,1,1753,0,1,0,2
ZONE_06504,2,637,0,0,1,5
ZONE_06505,3,1035,1,1,0,5
ZONE_06506,9,1692,1,1,0,3
ZONE_06507,0,2597,1,0,1,1
ZONE_06508,3,1533,1,1,0,3
ZONE_06509,8,1396,0,1,0,2
ZONE_06510,9,751,1,1,0,3
ZONE_06511,1,1814,1,0,0,5
ZONE_06512,2,1546,0,0,1,3
ZONE_06513,9,1437,1,1,0,2
ZONE_06514,1,565,1,1,1,2
ZONE_06515,3,2910,1,0,1,4
ZONE_06516,6,1089,1,0,1,1
ZONE_06517,4,1107,0,0,1,3
ZONE_06518,9,2846,1,1,1,5
ZONE_06519,9,770,1,0,0,5
ZONE_06520,2,1415,0,0,0,2
ZONE_06521,9,2506,1,0,1,3
ZONE_06522,6,2335,0,0,1,2
ZONE_06523,1,2744,1,0,0,1
ZONE_06524,4,2279,1,0,1,3
ZONE_06525,0,2775,0,0,1,2
ZONE_06526,8,672,0,0,0,3
ZONE_06527,4,2945,1,0,0,4
ZONE_06528,8,853,1,1,1,1
ZONE_06529,4,1055,0,0,1,4
ZONE_06530,6,921,0,0,0,2
ZONE_06531,4,1562,1,1,1,4
ZONE_06532,8,1521,1,0,0,1
ZONE_06533,6,2469,0,0,0,4
ZONE_06534,2,921,0,1,0,1
ZONE_06535,0,1613,1,0,0,4
ZONE_06536,6,1292,1,0,1,5
ZONE_06537,4,2937,0,0,0,2
ZONE_06538,9,793,1,0,1,5
ZONE_06539,9,2964,0,0,0,4
ZONE_06540,4,2780,0,1,1,2
ZONE_06541,7,1815,1,0,1,5
ZONE_06542,5,1528,1,0,1,4
ZONE_06543,6,2350,1,0,1,4
ZONE_06544,9,1804,1,0,0,1
ZONE_06545,9,2908,1,0,1,5
ZONE_06546,3,516,0,0,1,1
ZONE_06547,9,523,1,0,1,5
ZONE_06548,7,1016,1,1,0,1
ZONE_06549,3,2732,0,1,1,5
ZONE_06550,5,2530,1,0,1,3
ZONE_06551,7,2412,1,0,1,3
ZONE_06552,0,669,1,0,0,2
ZONE_06553,4,1035,1,0,0,3
ZONE_06554,3,1340,1,1,1,3
ZONE_06555,5,2035,0,0,1,2
ZONE_06556,4,2279,0,1,1,5
ZONE_06557,2,2323,1,1,1,2
ZONE_06558,1,1215,0,0,1,1
ZONE_06559,6,1882,1,1,0,3
ZONE_06560,4,500,0,1,1,1
ZONE_06561,9,1051,1,0,0,3
ZONE_06562,6,1431,0,1,0,4
ZONE_06563,4,2767,1,0,0,3
ZONE_06564,2,1479,0,1,1,3
ZONE_06565,8,2691,1,1,1,4
ZONE_06566,6,1446,1,0,0,4
ZONE_06567,4,2638,0,1,1,1
ZONE_06568,3,2667,0,1,1,4
ZONE_06569,4,2188,1,1,1,1
ZONE_06570,8,2878,1,0,0,3
ZONE_06571,1,1692,1,0,0,5
ZONE_06572,5,623,1,0,1,3
ZONE_06573,5,2012,0,1,0,4
ZONE_06574,1,2605,0,1,1,2
ZONE_06575,7,2157,0,0,0,5
ZONE_06576,4,1920,1,0,1,2
ZONE_06577,6,897,1,1,1,1
ZONE_06578,5,2587,1,0,1,5
ZONE_06579,6,1095,0,0,0,2
ZONE_06580,4,502,0,0,1,4
ZONE_06581,3,2009,0,1,0,3
ZONE_06582,4,2551,1,1,0,4
ZONE_06583,1,2593,1,0,1,5
ZONE_06584,2,969,0,0,1,5
ZONE_06585,4,943,0,1,0,2
ZONE_06586,5,2723,1,1,0,2
ZONE_06587,6,528,0,0,0,1
ZONE_06588,8,1000,0,0,0,2
ZONE_06589,3,2256,0,0,0,1
ZONE_06590,6,2146,1,1,1,4
ZONE_06591,8,2737,0,1,1,3
ZONE_06592,3,1757,1,0,1,1
ZONE_06593,7,1132,0,1,1,3
ZONE_06594,3,1351,0,0,0,3
ZONE_06595,7,1904,0,1,1,5
ZONE_06596,4,533,0,1,1,5
ZONE_06597,8,2167,1,1,0,2
ZONE_06598,9,1511,0,0,1,5
ZONE_06599,5,1003,1,1,0,5
ZONE_06600,0,2204,1,0,0,5
ZONE_06601,9,754,1,1,0,5
ZONE_06602,9,1408,0,1,1,3
ZONE_06603,0,557,1,0,0,5
ZONE_06604,5,847,0,1,1,3
ZONE_06605,0,1154,1,0,1,5
ZONE_06606,5,727,1,0,1,1
ZONE_06607,3,1669,0,0,0,4
ZONE_06608,0,2470,0,0,0,2
ZONE_06609,6,1989,1,1,1,5
ZONE_06610,8,740,0,0,0,4
ZONE_06611,4,1701,0,1,0,4
ZONE_06612,3,616,0,1,0,2
ZONE_06613,1,1926,1,0,0,1
ZONE_06614,4,1120,0,0,0,1
ZONE_06615,6,1050,0,0,1,5
ZONE_06616,2,2343,0,1,0,1
ZONE_06617,0,864,0,0,1,2
ZONE_06618,7,2284,0,0,0,1
ZONE_06619,6,2860,0,1,0,3
ZONE_06620,1,1169,1,1,1,4
ZONE_06621,1,592,0,0,1,5
ZONE_06622,1,1328,0,0,0,4
ZONE_06623,9,2898,1,1,1,2
ZONE_06624,0,2105,1,1,0,5
ZONE_06625,6,2446,1,1,0,2
ZONE_06626,7,1949,1,0,0,5
ZONE_06627,6,1986,0,0,0,5
ZONE_06628,7,1139,1,1,0,4
ZONE_06629,8,548,1,0,1,3
ZONE_06630,3,2299,0,1,1,3
ZONE_06631,3,1518,0,0,0,1
ZONE_06632,9,1414,0,0,1,5
ZONE_06633,8,576,1,0,0,2
ZONE_06634,9,2445,1,0,0,5
ZONE_06635,7,2740,1,0,0,4
ZONE_06636,5,2210,1,1,1,2
ZONE_06637,9,2972,0,0,1,5
ZONE_06638,4,1248,1,1,0,2
ZONE_06639,5,1304,0,0,0,1
ZONE_06640,3,1037,1,0,0,3
ZONE_06641,3,738,1,1,0,4
ZONE_06642,9,1961,1,0,0,4
ZONE_06643,3,1958,1,1,1,5
ZONE_06644,0,2677,1,0,1,5
ZONE_06645,2,1049,1,0,0,4
ZONE_06646,0,638,0,1,0,4
ZONE_06647,6,848,0,1,1,5
ZONE_06648,1,1692,0,0,1,3
ZONE_06649,7,1814,0,0,1,2
ZONE_06650,6,1812,0,1,1,3
ZONE_06651,7,2052,0,0,1,5
ZONE_06652,6,2457,0,0,1,5
ZONE_06653,0,2383,0,0,0,2
ZONE_06654,4,1986,0,0,1,1
ZONE_06655,2,788,1,1,1,5
ZONE_06656,4,1472,1,1,0,4
ZONE_06657,5,2688,0,0,0,3
ZONE_06658,9,2699,0,0,0,3
ZONE_06659,7,1692,0,1,0,1
ZONE_06660,6,773,0,0,0,2
ZONE_06661,4,1266,1,1,1,1
ZONE_06662,2,732,0,0,1,2
ZONE_06663,2,1565,1,0,1,1
ZONE_06664,5,1178,0,0,1,1
ZONE_06665,2,2790,0,0,0,5
ZONE_06666,5,2405,0,1,0,1
ZONE_06667,8,1964,1,0,0,1
ZONE_06668,5,2009,0,0,0,4
ZONE_06669,7,2049,1,1,1,5
ZONE_06670,6,1987,0,0,0,1
ZONE_06671,4,2645,1,0,0,4
ZONE_06672,5,550,0,1,1,4
ZONE_06673,2,1248,1,1,1,1
ZONE_06674,6,977,0,1,0,2
ZONE_06675,8,1687,0,1,0,3
ZONE_06676,2,2803,1,0,0,4
ZONE_06677,3,1716,1,0,0,1
ZONE_06678,7,2298,1,0,0,4
ZONE_06679,0,1749,1,1,0,1
ZONE_06680,2,2931,0,0,0,5
ZONE_06681,2,2288,0,0,1,2
ZONE_06682,9,2572,0,1,0,1
ZONE_06683,0,1223,1,0,1,4
ZONE_06684,1,1780,1,0,0,4
ZONE_06685,9,630,1,1,0,3
ZONE_06686,9,822,1,1,0,3
ZONE_06687,4,1674,1,1,0,3
ZONE_06688,8,611,0,0,0,5
ZONE_06689,3,2301,0,0,1,1
ZONE_06690,4,2852,1,1,1,3
ZONE_06691,2,1250,0,0,0,4
ZONE_06692,6,2426,1,1,0,5
ZONE_06693,2,856,0,1,1,2
ZONE_06694,8,2320,1,0,0,5
ZONE_06695,7,2634,1,0,0,2
ZONE_06696,4,2978,0,0,1,3
ZONE_06697,2,1669,1,1,0,5
ZONE_06698,1,1237,0,0,0,5
ZONE_06699,7,1218,1,0,0,4
ZONE_06700,3,2436,1,1,0,4
ZONE_06701,8,2562,1,0,1,1
ZONE_06702,6,763,1,0,0,2
ZONE_06703,3,1882,0,0,1,1
ZONE_06704,2,1858,1,0,0,3
ZONE_06705,4,1631,1,1,0,3
ZONE_06706,1,1989,0,0,1,5
ZONE_06707,1,2954,1,1,0,4
ZONE_06708,6,2789,1,0,0,1
ZONE_06709,1,904,1,0,1,5
ZONE_06710,3,1513,0,1,1,2
ZONE_06711,3,2505,0,1,1,1
ZONE_06712,3,2256,0,1,0,2
ZONE_06713,8,1188,1,0,1,3
ZONE_06714,5,2946,1,1,1,3
ZONE_06715,0,2862,1,1,0,3
ZONE_06716,1,2696,1,1,0,2
ZONE_06717,4,1082,1,1,0,4
ZONE_06718,3,2907,0,0,0,3
ZONE_06719,2,2702,1,1,0,3
ZONE_06720,5,1172,1,0,0,5
ZONE_06721,1,1603,0,1,0,5
ZONE_06722,3,1506,1,1,0,5
ZONE_06723,5,1026,0,0,0,4
ZONE_06724,4,1959,1,0,0,1
ZONE_06725,4,1075,1,0,1,2
ZONE_06726,2,1251,1,1,0,5
ZONE_06727,3,1336,0,1,1,4
ZONE_06728,8,2771,1,1,1,1
ZONE_06729,3,2574,0,0,1,1
ZONE_06730,2,2120,0,1,0,1
ZONE_06731,8,2646,1,0,0,1
ZONE_06732,6,1158,0,0,0,1
ZONE_06733,7,2038,1,1,0,3
ZONE_06734,5,1829,0,1,0,5
ZONE_06735,5,714,0,1,0,4
ZONE_06736,9,2885,1,0,1,5
ZONE_06737,5,1193,1,1,0,4
ZONE_06738,9,1517,1,1,0,5
ZONE_06739,9,923,1,1,0,3
ZONE_06740,8,1128,0,0,1,2
ZONE_06741,4,2568,1,0,0,3
ZONE_06742,2,2334,0,1,1,2
ZONE_06743,7,691,1,0,1,5
ZONE_06744,9,2848,1,1,0,3
ZONE_06745,3,973,0,1,0,5
ZONE_06746,4,1521,0,1,1,4
ZONE_06747,9,2136,1,0,1,4
ZONE_06748,0,2010,0,0,1,4
ZONE_06749,6,2778,0,0,0,4
ZONE_06750,2,1266,1,0,0,3
ZONE_06751,2,2641,1,1,1,4
ZONE_06752,8,2174,0,1,1,5
ZONE_06753,8,699,0,0,1,5
ZONE_06754,1,2507,0,1,1,1
ZONE_06755,8,2635,0,1,1,2
ZONE_06756,8,2494,0,1,0,3
ZONE_06757,0,2387,1,0,0,3
ZONE_06758,6,1725,1,1,1,5
ZONE_06759,5,2690,1,0,1,4
ZONE_06760,0,2354,1,0,0,5
ZONE_06761,7,1185,0,0,0,5
ZONE_06762,8,2722,1,0,0,1
ZONE_06763,0,1468,1,1,0,3
ZONE_06764,9,800,1,1,0,2
ZONE_06765,8,1552,1,1,1,5
ZONE_06766,2,651,1,1,0,3
ZONE_06767,9,941,1,1,1,2
ZONE_06768,7,635,1,1,0,4
ZONE_06769,7,2706,1,0,1,5
ZONE_06770,0,1019,1,0,1,4
ZONE_06771,4,2239,0,1,0,5
ZONE_06772,4,2603,1,1,1,1
ZONE_06773,2,566,0,1,1,2
ZONE_06774,2,728,0,0,0,4
ZONE_06775,5,1306,1,0,1,4
ZONE_06776,0,2053,1,1,0,1
ZONE_06777,7,1600,1,1,0,4
ZONE_06778,6,2827,1,1,0,4
ZONE_06779,3,1872,1,0,0,1
ZONE_06780,2,1730,0,1,0,1
ZONE_06781,0,1049,1,0,1,3
ZONE_06782,4,726,1,0,1,1
ZONE_06783,6,883,1,1,1,1
ZONE_06784,9,2124,1,0,1,3
ZONE_06785,6,2137,0,0,0,2
ZONE_06786,1,627,1,1,0,4
ZONE_06787,7,2267,0,0,0,2
ZONE_06788,5,2169,0,0,1,1
ZONE_06789,0,1997,0,0,0,1
ZONE_06790,2,1648,0,1,0,3
ZONE_06791,2,1915,0,1,1,3
ZONE_06792,4,890,0,0,1,5
ZONE_06793,6,2326,0,1,0,5
ZONE_06794,6,1382,1,0,0,1
ZONE_06795,4,1564,1,0,0,3
ZONE_06796,7,510,0,1,0,5
ZONE_06797,9,1270,0,0,1,3
ZONE_06798,9,2633,0,0,0,5
ZONE_06799,6,2808,0,1,1,3
ZONE_06800,7,651,1,0,1,5
ZONE_06801,6,2442,1,1,1,4
ZONE_06802,6,2315,0,0,0,2
ZONE_06803,7,2498,1,1,0,4
ZONE_06804,1,2534,0,0,0,4
ZONE_06805,5,994,0,1,1,5
ZONE_06806,1,2637,0,1,0,4
ZONE_06807,5,2718,0,0,1,3
ZONE_06808,8,1171,1,0,0,3
ZONE_06809,7,2691,1,1,0,4
ZONE_06810,1,1416,0,0,1,2
ZONE_06811,8,1436,1,0,0,4
ZONE_06812,4,991,1,0,1,1
ZONE_06813,2,2104,1,1,1,4
ZONE_06814,0,732,1,0,1,4
ZONE_06815,2,1531,0,1,0,4
ZONE_06816,7,2987,1,1,0,5
ZONE_06817,4,743,0,0,1,2
ZONE_06818,0,1484,1,1,0,5
ZONE_06819,2,1081,0,1,1,2
ZONE_06820,1,1935,0,0,0,1
ZONE_06821,7,2671,1,1,1,5
ZONE_06822,3,2404,1,1,0,1
ZONE_06823,3,1481,0,0,0,5
ZONE_06824,0,1512,0,0,1,1
ZONE_06825,8,1551,0,1,0,3
ZONE_06826,1,642,0,1,0,3
ZONE_06827,1,1561,0,1,0,3
ZONE_06828,1,1243,0,1,0,4
ZONE_06829,2,2650,0,1,0,1
ZONE_06830,8,1812,1,1,1,5
ZONE_06831,7,515,1,1,1,1
ZONE_06832,2,1589,1,0,0,4
ZONE_06833,5,2651,1,0,1,1
ZONE_06834,0,705,0,1,1,3
ZONE_06835,2,2520,1,1,1,1
ZONE_06836,3,574,1,0,1,2
ZONE_06837,4,1730,0,0,0,4
ZONE_06838,9,2935,0,1,1,5
ZONE_06839,9,2528,1,0,0,5
ZONE_06840,5,905,0,1,1,3
ZONE_06841,4,2209,1,0,1,3
ZONE_06842,4,2960,0,0,0,1
ZONE_06843,0,1895,0,1,1,4
ZONE_06844,8,1079,0,0,0,5
ZONE_06845,8,1561,0,1,0,1
ZONE_06846,4,2917,1,0,0,1
ZONE_06847,6,1378,1,0,1,4
ZONE_06848,4,2731,1,0,1,5
ZONE_06849,5,706,1,1,1,5
ZONE_06850,4,713,1,1,1,3
ZONE_06851,7,962,1,1,1,3
ZONE_06852,0,1301,1,0,1,5
ZONE_06853,4,2163,1,1,1,2
ZONE_06854,0,955,0,0,1,3
ZONE_06855,6,1560,1,0,1,3
ZONE_06856,5,2215,1,0,0,2
ZONE_06857,8,1483,0,0,0,5
ZONE_06858,1,2608,1,0,1,4
ZONE_06859,3,645,1,1,1,4
ZONE_06860,4,1047,0,1,0,5
ZONE_06861,8,2034,0,1,1,3
ZONE_06862,7,2022,1,0,1,1
ZONE_06863,2,922,0,0,0,1
ZONE_06864,1,1304,1,0,1,1
ZONE_06865,4,1622,0,0,0,3
ZONE_06866,4,1153,0,1,1,2
ZONE_06867,6,658,1,1,1,4
ZONE_06868,5,1744,0,1,0,3
ZONE_06869,6,2984,0,1,0,4
ZONE_06870,8,2229,0,1,0,5
ZONE_06871,5,2594,1,0,1,5
ZONE_06872,3,990,1,0,1,4
ZONE_06873,5,1470,1,0,1,4
ZONE_06874,9,1818,1,1,1,5
ZONE_06875,8,1425,0,0,1,2
ZONE_06876,3,736,1,0,0,4
ZONE_06877,5,2176,0,1,1,1
ZONE_06878,2,988,1,1,0,4
ZONE_06879,5,1422,0,1,0,1
ZONE_06880,7,1855,0,1,0,4
ZONE_06881,4,2013,1,0,1,4
ZONE_06882,3,2693,1,0,0,2
ZONE_06883,1,2579,1,1,1,2
ZONE_06884,6,2076,0,1,0,1
ZONE_06885,6,1979,0,0,1,3
ZONE_06886,5,593,0,0,0,5
ZONE_06887,0,2731,0,0,1,4
ZONE_06888,0,951,1,1,0,3
ZONE_06889,4,1269,0,0,0,3
ZONE_06890,2,1942,1,0,1,5
ZONE_06891,4,2458,1,1,1,4
ZONE_06892,2,2130,0,0,1,5
ZONE_06893,2,964,0,0,1,1
ZONE_06894,1,2964,1,1,1,1
ZONE_06895,8,2779,1,1,0,1
ZONE_06896,3,1214,0,0,0,1
ZONE_06897,7,1989,0,1,0,5
ZONE_06898,3,1479,1,1,0,5
ZONE_06899,3,2665,0,1,0,2
ZONE_06900,8,2728,0,0,0,5
ZONE_06901,4,2930,0,0,1,4
ZONE_06902,3,1588,1,1,0,1
ZONE_06903,0,1943,1,0,1,2
ZONE_06904,7,567,1,0,0,5
ZONE_06905,7,2273,0,0,0,3
ZONE_06906,1,2013,0,1,1,2
ZONE_06907,4,1214,0,0,0,4
ZONE_06908,5,591,1,0,0,5
ZONE_06909,9,2395,1,0,1,3
ZONE_06910,1,2433,1,0,1,1
ZONE_06911,5,865,1,1,1,1
ZONE_06912,1,2458,1,0,0,3
ZONE_06913,7,2494,0,0,1,2
ZONE_06914,5,2590,0,1,0,3
ZONE_06915,5,2106,0,0,1,3
ZONE_06916,1,1731,1,0,1,3
ZONE_06917,1,2331,0,1,1,5
ZONE_06918,1,792,1,0,0,3
ZONE_06919,9,2322,0,0,1,4
ZONE_06920,6,875,0,1,0,4
ZONE_06921,9,1904,0,1,0,3
ZONE_06922,1,927,0,0,0,5
ZONE_06923,6,1223,1,0,0,1
ZONE_06924,7,1047,0,1,1,2
ZONE_06925,7,2164,0,0,0,1
ZONE_06926,7,708,0,0,0,4
ZONE_06927,1,1080,0,0,0,5
ZONE_06928,3,1519,1,0,0,1
ZONE_06929,4,1581,0,1,1,2
ZONE_06930,3,1562,1,1,1,3
ZONE_06931,4,1625,0,0,0,3
ZONE_06932,5,617,0,0,0,3
ZONE_06933,1,841,1,0,1,1
ZONE_06934,7,1861,0,0,0,5
ZONE_06935,0,2445,1,0,1,2
ZONE_06936,0,1573,1,0,0,4
ZONE_06937,1,811,0,0,0,5
ZONE_06938,2,1839,1,0,1,2
ZONE_06939,4,1863,1,1,1,4
ZONE_06940,3,1147,0,1,1,3
ZONE_06941,7,2521,0,0,1,1
ZONE_06942,0,1889,1,1,0,5
ZONE_06943,3,1514,0,0,0,2
ZONE_06944,5,2593,1,1,0,2
ZONE_06945,8,1169,0,1,0,5
ZONE_06946,0,506,1,1,0,1
ZONE_06947,8,2402,0,1,1,2
ZONE_06948,0,1920,0,0,0,1
ZONE_06949,0,1735,0,0,0,3
ZONE_06950,0,2485,0,1,0,2
ZONE_06951,6,1482,1,1,1,5
ZONE_06952,0,2127,1,1,0,4
ZONE_06953,3,1304,1,0,0,1
ZONE_06954,3,2788,1,0,0,3
ZONE_06955,9,1815,0,1,1,5
ZONE_06956,0,1422,0,1,0,2
ZONE_06957,0,2141,1,0,1,2
ZONE_06958,6,2924,0,1,1,5
ZONE_06959,2,2019,0,1,1,3
ZONE_06960,3,2669,0,1,1,3
ZONE_06961,7,1690,0,1,0,2
ZONE_06962,2,520,1,1,1,1
ZONE_06963,2,2328,0,1,0,3
ZONE_06964,1,2521,0,0,0,5
ZONE_06965,2,1948,1,1,1,3
ZONE_06966,0,2906,0,0,1,1
ZONE_06967,0,1840,1,0,0,5
ZONE_06968,3,1967,1,0,1,4
ZONE_06969,5,922,0,1,1,1
ZONE_06970,9,2994,0,0,0,1
ZONE_06971,3,1580,0,1,1,1
ZONE_06972,1,829,0,1,1,4
ZONE_06973,0,2478,0,1,1,2
ZONE_06974,6,1231,0,0,1,2
ZONE_06975,7,601,0,0,1,2
ZONE_06976,6,2196,0,1,0,4
ZONE_06977,2,2278,0,0,1,4
ZONE_06978,0,1554,1,1,0,2
ZONE_06979,2,2571,0,1,0,2
ZONE_06980,4,2805,0,1,1,4
ZONE_06981,3,2257,0,1,0,3
ZONE_06982,5,1053,1,0,0,3
ZONE_06983,7,1349,0,1,1,2
ZONE_06984,7,2531,1,1,0,4
ZONE_06985,7,2895,0,0,0,2
ZONE_06986,6,2903,1,0,1,1
ZONE_06987,3,2406,0,0,0,4
ZONE_06988,8,2889,0,0,1,4
ZONE_06989,3,1369,1,1,0,2
ZONE_06990,4,763,1,0,0,2
ZONE_06991,9,1595,0,1,0,5
ZONE_06992,3,1785,0,1,0,1
ZONE_06993,2,2355,1,0,0,2
ZONE_06994,1,1401,0,1,0,5
ZONE_06995,1,1540,0,1,1,4
ZONE_06996,8,1163,1,1,1,5
ZONE_06997,3,1700,1,1,0,4
ZONE_06998,4,1598,1,0,0,2
ZONE_06999,8,1641,1,1,1,4
ZONE_07000,3,2988,0,0,0,4
ZONE_07001,9,1373,0,1,1,2
ZONE_07002,6,575,1,0,1,2
ZONE_07003,4,2714,0,1,1,3
ZONE_07004,3,1921,1,0,0,5
ZONE_07005,7,762,0,1,0,4
ZONE_07006,5,1648,1,1,1,4
ZONE_07007,0,1969,0,0,1,4
ZONE_07008,7,620,0,0,1,1
ZONE_07009,5,587,1,1,0,5
ZONE_07010,8,1149,1,1,1,1
ZONE_07011,7,924,1,0,1,1
ZONE_07012,7,601,0,1,0,1
ZONE_07013,7,1622,1,1,1,3
ZONE_07014,4,1621,0,1,1,4
ZONE_07015,3,1773,0,0,1,4
ZONE_07016,4,721,1,1,1,4
ZONE_07017,9,919,1,1,0,5
ZONE_07018,1,2764,0,1,0,3
ZONE_07019,3,781,0,0,1,3
ZONE_07020,9,668,1,1,0,2
ZONE_07021,8,2789,0,0,1,5
ZONE_07022,7,538,1,0,1,3
ZONE_07023,9,1487,0,0,1,3
ZONE_07024,4,2024,1,1,0,2
ZONE_07025,7,986,0,0,0,5
ZONE_07026,1,1386,1,1,0,3
ZONE_07027,0,2130,1,0,1,3
ZONE_07028,2,2309,1,1,0,1
ZONE_07029,6,1851,1,1,1,3
ZONE_07030,3,682,0,1,0,5
ZONE_07031,5,642,0,0,1,2
ZONE_07032,6,1676,1,1,0,2
ZONE_07033,8,2588,1,0,1,1
ZONE_07034,9,774,1,0,0,3
ZONE_07035,5,907,0,0,0,2
ZONE_07036,6,1833,0,1,0,3
ZONE_07037,7,2442,1,1,1,5
ZONE_07038,4,2077,1,0,0,3
ZONE_07039,9,953,1,1,0,5
ZONE_07040,2,1036,0,0,1,1
ZONE_07041,9,1001,1,0,1,3
ZONE_07042,0,1571,1,1,0,5
ZONE_07043,8,1821,0,0,1,1
ZONE_07044,6,1882,1,1,0,1
ZONE_07045,1,1553,1,1,1,3
ZONE_07046,3,2692,1,1,1,1
ZONE_07047,6,2240,0,1,1,3
ZONE_07048,5,1467,0,1,1,3
ZONE_07049,6,2403,0,0,0,4
ZONE_07050,0,2095,1,1,1,4
ZONE_07051,7,2049,1,1,0,3
ZONE_07052,1,2836,1,0,1,5
ZONE_07053,2,2162,0,1,0,5
ZONE_07054,2,2817,1,1,1,2
ZONE_07055,2,2106,1,0,1,1
ZONE_07056,1,1075,1,1,0,4
ZONE_07057,4,2964,0,1,0,2
ZONE_07058,0,2773,1,0,1,5
ZONE_07059,2,2916,0,0,1,4
ZONE_07060,5,1427,0,0,1,2
ZONE_07061,7,2113,1,1,1,4
ZONE_07062,7,956,0,0,1,1
ZONE_07063,7,932,0,0,1,2
ZONE_07064,0,1516,1,0,1,1
ZONE_07065,6,2022,0,0,0,3
ZONE_07066,3,2211,1,0,0,4
ZONE_07067,0,2815,1,1,0,2
ZONE_07068,5,1800,1,0,0,5
ZONE_07069,0,1877,0,1,0,3
ZONE_07070,5,2290,0,1,0,5
ZONE_07071,8,1221,0,1,0,3
ZONE_07072,0,2734,0,0,1,5
ZONE_07073,4,1966,1,0,1,4
ZONE_07074,0,937,1,0,1,3
ZONE_07075,9,1488,1,0,0,5
ZONE_07076,0,2817,1,0,1,2
ZONE_07077,7,1241,0,0,0,3
ZONE_07078,8,1635,0,0,1,5
ZONE_07079,0,826,0,0,1,5
ZONE_07080,7,665,0,0,1,5
ZONE_07081,1,1429,1,0,1,5
ZONE_07082,2,1422,0,1,1,4
ZONE_07083,1,2746,0,0,0,4
ZONE_07084,4,1776,0,0,1,5
ZONE_07085,4,1281,0,0,0,5
ZONE_07086,6,677,0,0,1,2
ZONE_07087,9,2200,1,1,1,4
ZONE_07088,7,2602,1,0,0,5
ZONE_07089,8,1368,1,1,1,4
ZONE_07090,2,960,0,1,1,3
ZONE_07091,9,2141,1,0,0,5
ZONE_07092,6,2963,1,0,1,1
ZONE_07093,3,878,0,0,0,5
ZONE_07094,1,1306,1,1,1,4
ZONE_07095,1,925,0,1,1,2
ZONE_07096,3,1375,1,0,1,2
ZONE_07097,3,2141,1,0,1,1
ZONE_07098,9,914,0,1,0,2
ZONE_07099,0,1314,0,1,1,4
ZONE_07100,0,835,1,1,1,2
ZONE_07101,3,1978,1,0,1,1
ZONE_07102,4,1010,1,1,1,1
ZONE_07103,5,2204,1,1,0,1
ZONE_07104,6,2698,0,1,1,5
ZONE_07105,9,2271,0,0,0,1
ZONE_07106,7,659,1,1,1,3
ZONE_07107,9,2060,0,0,0,3
ZONE_07108,2,2499,0,0,1,3
ZONE_07109,1,1301,1,1,0,4
ZONE_07110,5,2338,1,0,1,4
ZONE_07111,7,2417,1,0,0,3
ZONE_07112,4,2032,0,1,0,4
ZONE_07113,5,881,0,1,0,5
ZONE_07114,4,776,0,1,1,3
ZONE_07115,8,868,0,0,1,3
ZONE_07116,5,1504,1,1,1,3
ZONE_07117,5,594,1,0,0,2
ZONE_07118,1,1611,1,1,0,2
ZONE_07119,4,612,0,1,1,2
ZONE_07120,9,797,0,0,0,4
ZONE_07121,0,1636,0,0,0,3
ZONE_07122,3,878,0,1,0,5
ZONE_07123,1,1786,1,1,0,4
ZONE_07124,1,1087,0,0,0,2
ZONE_07125,3,870,0,1,1,5
ZONE_07126,2,655,0,0,0,3
ZONE_07127,7,772,0,0,1,2
ZONE_07128,6,2109,0,1,1,5
ZONE_07129,8,1705,0,0,1,5
ZONE_07130,1,1316,1,1,0,4
ZONE_07131,4,2829,1,0,0,4
ZONE_07132,8,1122,1,0,0,3
ZONE_07133,4,1864,1,0,0,5
ZONE_07134,3,2459,0,1,1,3
ZONE_07135,5,2235,0,0,1,2
ZONE_07136,1,1150,1,0,1,3
ZONE_07137,3,2609,1,1,0,5
ZONE_07138,1,2910,1,0,0,4
ZONE_07139,4,2075,1,0,0,2
ZONE_07140,9,2958,0,1,0,3
ZONE_07141,4,2665,0,1,1,3
ZONE_07142,2,2680,1,1,0,2
ZONE_07143,8,1023,1,1,1,2
ZONE_07144,0,2066,0,0,0,2
ZONE_07145,3,1367,1,0,1,3
ZONE_07146,7,1496,1,1,1,4
ZONE_07147,5,2109,0,1,0,1
ZONE_07148,2,1755,0,1,1,1
ZONE_07149,4,2330,1,0,0,3
ZONE_07150,3,2201,1,1,0,5
ZONE_07151,5,1640,1,0,0,3
ZONE_07152,2,514,0,1,1,3
ZONE_07153,6,2406,0,0,0,3
ZONE_07154,7,2112,0,0,1,1
ZONE_07155,8,2897,0,1,0,1
ZONE_07156,0,2722,1,1,0,1
ZONE_07157,4,697,1,0,0,3
ZONE_07158,6,1804,0,1,0,3
ZONE_07159,2,2270,1,0,1,1
ZONE_07160,2,2995,1,0,1,3
ZONE_07161,1,1121,1,1,1,4
ZONE_07162,9,1104,0,0,1,3
ZONE_07163,8,1171,0,0,1,3
ZONE_07164,7,931,0,0,0,4
ZONE_07165,5,2257,0,0,0,2
ZONE_07166,8,1860,0,0,0,2
ZONE_07167,2,2829,1,1,1,2
ZONE_07168,6,893,0,1,1,1
ZONE_07169,4,1880,0,1,0,3
ZONE_07170,9,2300,0,0,1,2
ZONE_07171,5,504,1,0,0,3
ZONE_07172,9,1258,1,0,1,5
ZONE_07173,2,2781,0,1,0,1
ZONE_07174,1,817,0,0,1,4
ZONE_07175,5,2963,1,0,0,5
ZONE_07176,3,2085,0,1,0,3
ZONE_07177,9,975,0,1,1,3
ZONE_07178,6,1958,1,0,1,4
ZONE_07179,2,1833,1,0,1,4
ZONE_07180,3,1082,0,1,1,1
ZONE_07181,0,1932,1,1,0,1
ZONE_07182,2,2851,0,1,0,2
ZONE_07183,0,2975,1,1,1,1
ZONE_07184,5,2609,1,1,0,5
ZONE_07185,4,2204,1,1,0,2
ZONE_07186,7,2018,0,1,0,1
ZONE_07187,3,1995,0,1,1,1
ZONE_07188,6,2757,0,0,1,1
ZONE_07189,7,1860,1,0,1,3
ZONE_07190,0,1159,0,1,1,5
ZONE_07191,6,1828,0,0,1,3
ZONE_07192,9,812,0,0,0,4
ZONE_07193,3,720,1,0,1,5
ZONE_07194,5,559,0,0,0,2
ZONE_07195,6,1460,0,0,0,2
ZONE_07196,1,1563,1,1,0,4
ZONE_07197,6,2108,0,0,1,2
ZONE_07198,0,2018,1,1,0,3
ZONE_07199,0,1385,1,1,1,2
ZONE_07200,5,1409,1,1,1,1
ZONE_07201,3,2920,1,1,0,3
ZONE_07202,2,2198,0,1,1,4
ZONE_07203,1,903,1,0,0,4
ZONE_07204,9,546,1,1,1,5
ZONE_07205,5,1665,0,0,0,4
ZONE_07206,6,1952,0,1,1,2
ZONE_07207,3,1598,0,0,1,2
ZONE_07208,7,508,0,1,1,4
ZONE_07209,2,2454,0,1,1,2
ZONE_07210,0,1767,0,0,1,4
ZONE_07211,2,1992,1,0,1,2
ZONE_07212,9,2297,0,1,0,2
ZONE_07213,0,2294,0,0,0,4
ZONE_07214,9,840,1,0,0,5
ZONE_07215,9,2859,0,1,1,2
ZONE_07216,5,687,1,0,1,2
ZONE_07217,0,945,1,0,0,4
ZONE_07218,9,1650,1,1,1,4
ZONE_07219,2,1829,0,0,0,1
ZONE_07220,9,2173,0,1,0,4
ZONE_07221,7,1133,0,1,0,1
ZONE_07222,9,886,1,1,0,2
ZONE_07223,9,2316,0,0,0,2
ZONE_07224,5,2509,0,1,0,5
ZONE_07225,3,2328,0,1,1,1
ZONE_07226,5,1897,0,1,0,2
ZONE_07227,4,928,0,0,0,4
ZONE_07228,3,1176,1,0,0,4
ZONE_07229,2,510,0,1,0,1
ZONE_07230,2,2011,0,0,0,4
ZONE_07231,2,2052,0,0,0,5
ZONE_07232,5,2925,0,0,0,2
ZONE_07233,5,1385,1,1,0,5
ZONE_07234,1,980,1,1,0,3
ZONE_07235,5,1787,0,0,0,5
ZONE_07236,4,2057,0,0,0,4
ZONE_07237,0,1593,1,0,0,2
ZONE_07238,7,2971,1,0,0,5
ZONE_07239,3,1006,1,1,0,4
ZONE_07240,8,700,0,1,0,3
ZONE_07241,0,1854,0,0,1,2
ZONE_07242,9,2178,0,1,1,2
ZONE_07243,4,1997,0,0,0,2
ZONE_07244,7,2586,0,1,1,5
ZONE_07245,6,1403,1,0,0,5
ZONE_07246,7,2787,0,0,1,5
ZONE_07247,5,961,0,1,0,5
ZONE_07248,4,1810,1,1,1,5
ZONE_07249,1,2862,0,1,0,2
ZONE_07250,4,2231,0,1,1,4
ZONE_07251,9,2754,1,0,0,3
ZONE_07252,1,513,1,0,1,1
ZONE_07253,3,2126,0,1,0,4
ZONE_07254,4,2929,0,0,1,5
ZONE_07255,8,2347,1,1,0,2
ZONE_07256,0,1961,1,0,0,1
ZONE_07257,7,1456,1,1,0,3
ZONE_07258,0,3000,0,0,1,4
ZONE_07259,5,2565,1,1,0,1
ZONE_07260,1,1674,0,1,0,4
ZONE_07261,7,1347,1,0,1,4
ZONE_07262,5,592,0,0,1,2
ZONE_07263,3,607,0,1,0,2
ZONE_07264,2,1711,0,0,1,2
ZONE_07265,4,2291,0,1,0,4
ZONE_07266,4,1507,1,0,0,5
ZONE_07267,9,2040,1,1,0,5
ZONE_07268,4,581,1,0,1,1
ZONE_07269,4,2570,1,0,0,1
ZONE_07270,7,1631,1,0,0,2
ZONE_07271,1,1574,1,1,0,3
ZONE_07272,7,2991,0,1,0,3
ZONE_07273,5,2511,0,1,0,3
ZONE_07274,4,1318,1,1,1,4
ZONE_07275,5,1109,1,0,0,2
ZONE_07276,3,1261,0,0,0,3
ZONE_07277,4,766,0,1,0,5
ZONE_07278,7,2922,0,1,0,4
ZONE_07279,4,993,1,1,1,2
ZONE_07280,3,2305,1,0,1,2
ZONE_07281,9,1633,1,1,0,3
ZONE_07282,9,2212,0,1,0,1
ZONE_07283,5,1583,0,1,0,1
ZONE_07284,6,2751,0,0,0,4
ZONE_07285,1,779,0,1,0,1
ZONE_07286,9,2934,0,1,0,4
ZONE_07287,9,1516,1,1,1,1
ZONE_07288,7,1040,1,1,1,3
ZONE_07289,6,2284,1,1,0,2
ZONE_07290,4,548,0,0,0,3
ZONE_07291,3,1459,1,1,0,3
ZONE_07292,3,1115,0,0,0,5
ZONE_07293,2,2099,1,1,1,3
ZONE_07294,7,783,1,1,1,4
ZONE_07295,6,2377,1,1,1,1
ZONE_07296,3,2287,0,1,0,1
ZONE_07297,1,1137,1,1,1,4
ZONE_07298,4,1886,0,0,0,4
ZONE_07299,1,1144,1,1,1,5
ZONE_07300,9,905,0,0,1,1
ZONE_07301,8,2880,1,1,0,4
ZONE_07302,4,2903,1,0,1,5
ZONE_07303,9,526,0,0,0,1
ZONE_07304,2,2169,0,1,1,5
ZONE_07305,7,554,1,1,1,5
ZONE_07306,4,2165,1,0,0,3
ZONE_07307,9,2822,0,1,0,5
ZONE_07308,7,2119,0,0,1,3
ZONE_07309,7,1843,0,1,1,4
ZONE_07310,7,2225,0,1,0,1
ZONE_07311,9,1544,0,1,0,1
ZONE_07312,5,2253,0,1,1,1
ZONE_07313,1,2313,1,1,0,5
ZONE_07314,6,1473,1,1,1,2
ZONE_07315,8,842,1,0,0,1
ZONE_07316,4,2562,0,0,1,2
ZONE_07317,2,2141,0,0,0,5
ZONE_07318,9,663,1,0,1,1
ZONE_07319,1,696,1,0,1,5
ZONE_07320,8,723,1,0,0,5
ZONE_07321,5,1774,1,1,1,3
ZONE_07322,7,2039,1,1,0,3
ZONE_07323,3,1522,1,1,1,5
ZONE_07324,4,959,1,1,0,2
ZONE_07325,3,2768,0,0,0,3
ZONE_07326,1,2358,1,1,0,1
ZONE_07327,2,1579,1,1,1,3
ZONE_07328,0,2225,1,1,0,2
ZONE_07329,6,2639,1,1,1,5
ZONE_07330,8,2776,1,1,0,3
ZONE_07331,7,2000,1,1,1,3
ZONE_07332,7,807,1,0,1,1
ZONE_07333,0,2565,0,0,0,4
ZONE_07334,0,691,0,0,0,2
ZONE_07335,7,1888,0,0,1,5
ZONE_07336,0,1299,1,0,0,2
ZONE_07337,1,997,0,1,1,1
ZONE_07338,8,2234,1,0,0,2
ZONE_07339,4,2849,0,0,0,1
ZONE_07340,8,2556,0,0,0,2
ZONE_07341,5,2297,0,1,1,3
ZONE_07342,0,734,0,0,1,2
ZONE_07343,3,945,1,0,0,1
ZONE_07344,6,2654,0,1,1,3
ZONE_07345,9,1345,1,0,0,1
ZONE_07346,8,2758,1,0,0,2
ZONE_07347,8,2402,1,0,0,5
ZONE_07348,5,972,0,1,1,5
ZONE_07349,5,1540,0,0,1,3
ZONE_07350,9,2481,0,1,0,1
ZONE_07351,2,1558,0,0,1,4
ZONE_07352,6,716,1,0,1,1
ZONE_07353,0,1662,1,0,1,1
ZONE_07354,6,868,0,1,0,1
ZONE_07355,0,1640,1,1,0,3
ZONE_07356,2,1182,0,0,1,5
ZONE_07357,2,1168,1,1,1,4
ZONE_07358,2,1809,0,0,1,1
ZONE_07359,0,2718,1,1,1,5
ZONE_07360,2,1232,0,0,0,2
ZONE_07361,3,1286,1,0,1,3
ZONE_07362,2,2273,1,1,0,1
ZONE_07363,5,1308,0,0,0,1
ZONE_07364,3,1936,0,0,1,2
ZONE_07365,8,657,0,0,1,1
ZONE_07366,6,589,0,0,1,3
ZONE_07367,4,2396,1,1,0,5
ZONE_07368,0,1203,0,0,1,1
ZONE_07369,0,1600,0,0,1,3
ZONE_07370,4,2809,0,1,0,5
ZONE_07371,6,2234,0,1,0,1
ZONE_07372,6,2127,1,0,1,1
ZONE_07373,8,2747,1,0,1,2
ZONE_07374,0,1561,1,0,1,3
ZONE_07375,7,2854,1,1,1,4
ZONE_07376,0,1737,1,0,0,2
ZONE_07377,8,2140,1,1,0,5
ZONE_07378,4,579,1,1,0,3
ZONE_07379,3,1721,1,0,0,5
ZONE_07380,5,746,1,1,1,4
ZONE_07381,9,964,0,0,1,4
ZONE_07382,7,1327,0,1,1,3
ZONE_07383,0,1254,0,0,0,2
ZONE_07384,2,927,0,0,0,2
ZONE_07385,6,1302,1,0,0,2
ZONE_07386,0,1192,0,1,0,2
ZONE_07387,1,2492,1,0,0,5
ZONE_07388,3,1408,0,1,1,1
ZONE_07389,1,2830,0,0,1,3
ZONE_07390,1,743,0,0,0,2
ZONE_07391,1,621,1,1,1,3
ZONE_07392,1,1239,0,1,0,3
ZONE_07393,1,1181,0,0,0,5
ZONE_07394,4,1628,0,1,1,5
ZONE_07395,0,2005,0,1,1,3
ZONE_07396,0,1229,1,1,1,5
ZONE_07397,9,1229,0,1,0,4
ZONE_07398,4,2000,0,1,1,2
ZONE_07399,0,1867,1,1,0,2
ZONE_07400,1,1863,0,0,0,1
ZONE_07401,9,2145,1,0,1,2
ZONE_07402,0,1301,1,0,1,3
ZONE_07403,2,1379,0,0,0,3
ZONE_07404,4,699,0,0,1,1
ZONE_07405,6,2063,0,0,1,3
ZONE_07406,4,662,1,1,0,3
ZONE_07407,6,982,1,1,0,4
ZONE_07408,8,2278,1,0,1,3
ZONE_07409,7,2420,1,0,0,4
ZONE_07410,5,2084,1,1,1,2
ZONE_07411,4,970,1,1,1,4
ZONE_07412,7,2308,0,1,0,2
ZONE_07413,5,1135,0,1,0,1
ZONE_07414,3,1532,1,1,0,1
ZONE_07415,4,1361,1,0,0,4
ZONE_07416,0,1202,0,0,1,5
ZONE_07417,1,1778,0,0,0,5
ZONE_07418,3,846,1,1,0,4
ZONE_07419,7,2295,0,1,1,3
ZONE_07420,0,2788,1,1,0,3
ZONE_07421,1,2798,1,0,1,4
ZONE_07422,0,1482,0,0,0,3
ZONE_07423,9,2644,0,1,1,2
ZONE_07424,7,2739,1,1,0,5
ZONE_07425,4,2672,1,1,1,4
ZONE_07426,3,1432,0,1,0,2
ZONE_07427,5,2664,0,1,1,5
ZONE_07428,9,1483,1,1,1,1
ZONE_07429,1,726,0,0,0,5
ZONE_07430,9,2224,1,0,0,2
ZONE_07431,5,1284,1,1,1,4
ZONE_07432,9,587,1,0,1,1
ZONE_07433,6,583,1,1,1,2
ZONE_07434,6,1902,1,0,0,3
ZONE_07435,0,1833,0,0,1,1
ZONE_07436,0,2210,0,0,0,4
ZONE_07437,5,2698,1,0,1,3
ZONE_07438,9,2361,0,0,1,3
ZONE_07439,3,1310,0,1,1,5
ZONE_07440,5,2746,1,0,1,2
ZONE_07441,8,1377,1,0,0,2
ZONE_07442,6,1031,0,1,1,3
ZONE_07443,0,906,1,0,0,3
ZONE_07444,5,2689,1,0,0,2
ZONE_07445,2,2147,1,0,1,5
ZONE_07446,8,2725,1,0,1,3
ZONE_07447,7,1671,1,1,0,4
ZONE_07448,3,1356,1,0,1,5
ZONE_07449,3,1451,0,0,1,1
ZONE_07450,6,2133,1,1,1,5
ZONE_07451,8,2773,1,1,0,1
ZONE_07452,9,2790,0,1,1,5
ZONE_07453,8,1591,1,0,1,5
ZONE_07454,1,2925,1,1,0,5
ZONE_07455,6,1410,0,0,0,4
ZONE_07456,0,2048,1,1,0,4
ZONE_07457,8,1071,0,0,1,3
ZONE_07458,2,1266,1,0,1,3
ZONE_07459,6,864,0,0,1,3
ZONE_07460,1,1447,0,1,1,3
ZONE_07461,8,1705,0,0,0,1
ZONE_07462,2,671,1,0,0,3
ZONE_07463,5,2517,0,1,0,4
ZONE_07464,8,537,1,0,1,3
ZONE_07465,7,731,0,1,1,2
ZONE_07466,9,2924,1,0,0,1
ZONE_07467,9,2401,0,1,1,1
ZONE_07468,4,1565,0,1,0,5
ZONE_07469,8,1893,0,0,1,2
ZONE_07470,5,2957,1,1,0,3
ZONE_07471,6,2584,1,1,0,1
ZONE_07472,5,539,1,0,0,4
ZONE_07473,1,2233,1,1,0,5
ZONE_07474,2,1223,0,1,0,1
ZONE_07475,5,849,0,0,1,5
ZONE_07476,5,2661,1,0,0,4
ZONE_07477,7,1587,0,1,1,4
ZONE_07478,2,1043,1,0,1,3
ZONE_07479,4,1993,0,1,1,1
ZONE_07480,1,973,1,1,1,1
ZONE_07481,3,2735,1,1,0,4
ZONE_07482,9,667,1,0,0,4
ZONE_07483,5,1296,1,0,0,2
ZONE_07484,2,2497,1,1,0,3
ZONE_07485,4,1016,0,0,0,1
ZONE_07486,5,555,1,0,0,5
ZONE_07487,0,2171,1,1,0,2
ZONE_07488,6,1634,1,1,1,3
ZONE_07489,7,1946,0,1,1,3
ZONE_07490,6,2155,1,1,1,5
ZONE_07491,4,2681,1,1,0,1
ZONE_07492,4,1672,0,1,1,4
ZONE_07493,8,1514,1,1,0,3
ZONE_07494,0,1116,0,1,1,3
ZONE_07495,6,2318,0,0,0,4
ZONE_07496,9,774,1,1,0,4
ZONE_07497,2,2224,1,0,0,4
ZONE_07498,6,1621,0,1,1,2
ZONE_07499,4,2061,0,0,0,4
ZONE_07500,2,881,1,1,0,4
ZONE_07501,1,2815,1,1,1,5
ZONE_07502,8,777,1,1,0,1
ZONE_07503,6,2079,1,1,0,4
ZONE_07504,8,2995,1,1,0,4
ZONE_07505,0,2487,1,0,0,2
ZONE_07506,7,509,1,1,0,2
ZONE_07507,2,1012,1,1,0,3
ZONE_07508,9,976,1,1,0,3
ZONE_07509,8,2829,0,1,1,5
ZONE_07510,1,2739,0,1,1,2
ZONE_07511,4,910,1,1,1,4
ZONE_07512,4,1850,0,1,1,3
ZONE_07513,7,988,1,0,0,5
ZONE_07514,3,2763,0,1,0,2
ZONE_07515,3,2300,1,0,0,4
ZONE_07516,9,2458,1,0,0,5
ZONE_07517,7,1740,0,0,1,5
ZONE_07518,6,1403,1,0,1,2
ZONE_07519,0,875,1,1,0,5
ZONE_07520,7,2718,1,0,1,1
ZONE_07521,5,2941,0,0,1,2
ZONE_07522,4,1586,0,0,1,3
ZONE_07523,8,1035,0,1,1,4
ZONE_07524,1,2062,1,0,0,1
ZONE_07525,6,1848,1,0,1,2
ZONE_07526,5,2559,1,0,1,3
ZONE_07527,4,893,0,1,1,5
ZONE_07528,1,517,1,0,0,1
ZONE_07529,3,2260,0,0,1,5
ZONE_07530,3,1145,1,1,0,1
ZONE_07531,3,1433,1,1,0,3
ZONE_07532,2,541,0,1,1,2
ZONE_07533,1,2642,0,0,1,4
ZONE_07534,6,2728,0,0,0,2
ZONE_07535,6,868,1,0,0,5
ZONE_07536,3,2485,0,1,1,1
ZONE_07537,7,2955,0,1,1,2
ZONE_07538,2,1087,0,1,0,5
ZONE_07539,4,2080,1,0,0,2
ZONE_07540,3,654,1,0,1,5
ZONE_07541,6,2896,1,1,1,3
ZONE_07542,3,1735,1,1,0,3
ZONE_07543,2,1822,0,1,1,1
ZONE_07544,6,822,1,1,0,3
ZONE_07545,7,1271,0,0,1,2
ZONE_07546,1,2528,1,0,1,4
ZONE_07547,4,1797,1,0,0,4
ZONE_07548,7,1639,0,0,1,5
ZONE_07549,4,1017,0,0,1,3
ZONE_07550,6,2589,0,0,0,3
ZONE_07551,7,1663,0,1,1,5
ZONE_07552,6,1683,1,0,0,4
ZONE_07553,3,2139,0,0,1,3
ZONE_07554,0,2771,0,1,1,1
ZONE_07555,4,2009,1,0,1,4
ZONE_07556,7,1405,1,1,1,5
ZONE_07557,7,1951,1,1,1,1
ZONE_07558,4,634,1,0,1,1
ZONE_07559,5,2752,0,1,1,4
ZONE_07560,6,2323,0,0,1,1
ZONE_07561,6,2924,0,1,1,3
ZONE_07562,8,630,0,1,1,4
ZONE_07563,9,2569,0,0,1,2
ZONE_07564,5,1061,1,0,1,4
ZONE_07565,3,921,0,0,0,5
ZONE_07566,2,1348,1,0,1,1
ZONE_07567,4,2124,0,0,0,5
ZONE_07568,4,2913,1,1,0,3
ZONE_07569,9,1288,0,1,0,4
ZONE_07570,6,823,0,0,0,5
ZONE_07571,9,2474,1,1,1,2
ZONE_07572,2,2413,1,0,0,3
ZONE_07573,1,1978,1,0,0,1
ZONE_07574,0,2813,0,1,0,3
ZONE_07575,3,872,0,0,1,1
ZONE_07576,9,2868,1,1,0,2
ZONE_07577,8,587,1,0,0,1
ZONE_07578,7,2192,0,1,0,5
ZONE_07579,0,2874,0,1,1,5
ZONE_07580,4,954,0,0,0,1
ZONE_07581,7,2064,1,0,0,1
ZONE_07582,7,1335,1,0,1,3
ZONE_07583,4,1619,1,0,1,4
ZONE_07584,8,1256,0,1,1,4
ZONE_07585,5,2600,0,0,1,3
ZONE_07586,7,2876,1,0,0,2
ZONE_07587,8,2576,0,0,1,1
ZONE_07588,6,1255,0,0,0,5
ZONE_07589,3,2241,0,0,0,3
ZONE_07590,1,1011,1,0,1,2
ZONE_07591,9,2596,1,0,0,2
ZONE_07592,9,2200,1,0,0,3
ZONE_07593,1,2730,1,1,1,1
ZONE_07594,2,2392,1,1,0,3
ZONE_07595,3,2528,1,0,1,4
ZONE_07596,0,2586,1,1,0,2
ZONE_07597,1,583,0,1,1,5
ZONE_07598,8,1788,0,0,0,1
ZONE_07599,3,2909,1,1,0,2
ZONE_07600,6,1177,0,1,1,5
ZONE_07601,9,2699,0,1,0,3
ZONE_07602,4,2671,1,0,1,2
ZONE_07603,1,2590,0,1,0,5
ZONE_07604,7,1437,0,0,0,3
ZONE_07605,1,1137,0,1,1,3
ZONE_07606,2,1283,0,0,1,4
ZONE_07607,4,2639,1,0,1,1
ZONE_07608,9,591,1,1,1,5
ZONE_07609,1,2568,1,0,0,4
ZONE_07610,1,2493,0,1,1,1
ZONE_07611,1,1897,0,0,1,2
ZONE_07612,8,597,0,1,1,4
ZONE_07613,8,1612,1,0,0,1
ZONE_07614,2,2657,0,0,1,3
ZONE_07615,9,886,0,0,1,3
ZONE_07616,5,2927,1,0,0,2
ZONE_07617,9,1225,1,1,1,3
ZONE_07618,0,2352,0,1,1,5
ZONE_07619,4,570,0,0,1,5
ZONE_07620,9,2381,1,0,1,3
ZONE_07621,6,2324,1,0,0,5
ZONE_07622,1,1038,1,1,0,3
ZONE_07623,4,1777,0,0,0,2
ZONE_07624,7,2654,1,1,0,1
ZONE_07625,6,2090,0,1,0,1
ZONE_07626,6,2804,0,0,1,1
ZONE_07627,1,1959,1,0,0,5
ZONE_07628,4,2838,1,1,0,4
ZONE_07629,8,1085,1,1,1,2
ZONE_07630,7,1728,1,0,1,4
ZONE_07631,9,778,1,0,0,4
ZONE_07632,5,834,0,1,1,5
ZONE_07633,9,908,1,1,1,3
ZONE_07634,2,1011,1,1,0,4
ZONE_07635,1,2224,0,1,0,2
ZONE_07636,5,1688,0,1,1,2
ZONE_07637,1,1774,0,0,1,1
ZONE_07638,1,789,1,0,0,4
ZONE_07639,3,951,0,1,1,5
ZONE_07640,0,2022,1,0,0,2
ZONE_07641,7,1064,1,1,1,2
ZONE_07642,6,1111,1,1,0,1
ZONE_07643,0,2388,1,1,1,4
ZONE_07644,2,2241,1,1,0,5
ZONE_07645,8,1272,1,0,0,3
ZONE_07646,9,1631,1,0,1,2
ZONE_07647,2,2941,0,1,1,4
ZONE_07648,7,1266,0,1,1,4
ZONE_07649,9,1536,0,1,0,3
ZONE_07650,1,1714,0,1,0,2
ZONE_07651,8,1581,1,0,1,1
ZONE_07652,3,2120,1,0,0,2
ZONE_07653,5,1637,1,1,1,4
ZONE_07654,4,2731,1,0,1,5
ZONE_07655,2,1562,0,0,1,5
ZONE_07656,2,1260,0,1,0,4
ZONE_07657,5,1578,1,1,1,1
ZONE_07658,8,1645,1,1,1,5
ZONE_07659,1,2259,1,0,1,1
ZONE_07660,7,2083,1,1,0,3
ZONE_07661,5,945,1,1,1,1
ZONE_07662,4,1738,0,1,1,3
ZONE_07663,6,1712,1,0,1,1
ZONE_07664,2,2616,0,0,0,3
ZONE_07665,2,566,1,1,0,2
ZONE_07666,8,1466,0,0,1,2
ZONE_07667,5,1530,1,0,1,4
ZONE_07668,0,1317,1,0,1,4
ZONE_07669,1,646,0,1,0,3
ZONE_07670,5,2342,0,1,1,2
ZONE_07671,7,1115,0,1,1,3
ZONE_07672,7,1635,0,1,1,4
ZONE_07673,2,1511,0,0,0,2
ZONE_07674,8,1143,1,1,0,5
ZONE_07675,5,1424,1,0,1,3
ZONE_07676,8,1590,1,0,0,4
ZONE_07677,8,2559,1,0,0,1
ZONE_07678,8,2294,0,0,1,3
ZONE_07679,2,1631,0,1,0,2
ZONE_07680,7,755,1,0,1,5
ZONE_07681,0,1911,0,0,0,1
ZONE_07682,7,1085,0,1,0,1
ZONE_07683,3,2074,1,0,1,5
ZONE_07684,8,1086,1,0,0,5
ZONE_07685,4,2578,0,0,0,1
ZONE_07686,3,1480,0,0,0,5
ZONE_07687,7,825,0,0,0,1
ZONE_07688,3,2784,1,0,0,3
ZONE_07689,3,1045,0,0,0,3
ZONE_07690,2,2815,1,1,0,4
ZONE_07691,0,1507,1,0,1,3
ZONE_07692,9,2175,0,1,1,5
ZONE_07693,1,765,0,0,1,1
ZONE_07694,9,1952,0,0,0,3
ZONE_07695,7,2408,1,0,1,1
ZONE_07696,9,2719,1,1,0,2
ZONE_07697,9,693,0,1,0,1
ZONE_07698,5,2218,0,1,0,2
ZONE_07699,3,1570,0,0,1,1
ZONE_07700,9,2779,1,1,0,3
ZONE_07701,5,1035,1,1,1,5
ZONE_07702,7,810,0,0,1,3
ZONE_07703,1,1413,1,1,0,2
ZONE_07704,4,747,0,0,1,3
ZONE_07705,6,2588,1,1,1,3
ZONE_07706,5,1117,1,1,1,2
ZONE_07707,7,1738,1,0,1,4
ZONE_07708,2,1823,1,0,0,5
ZONE_07709,2,992,0,1,0,5
ZONE_07710,2,1404,1,0,1,1
ZONE_07711,7,2678,0,0,0,5
ZONE_07712,6,612,1,1,1,5
ZONE_07713,5,684,1,0,0,2
ZONE_07714,0,1390,0,0,1,4
ZONE_07715,9,905,0,0,1,1
ZONE_07716,9,2926,1,0,1,5
ZONE_07717,1,787,0,0,1,2
ZONE_07718,0,2086,1,0,0,3
ZONE_07719,3,980,1,0,1,3
ZONE_07720,0,2853,0,1,0,1
ZONE_07721,0,1924,1,1,0,2
ZONE_07722,5,1582,1,0,1,5
ZONE_07723,2,731,0,0,0,1
ZONE_07724,5,688,0,1,1,4
ZONE_07725,3,2518,1,1,1,4
ZONE_07726,6,1757,0,0,0,1
ZONE_07727,4,1137,0,0,0,4
ZONE_07728,1,2115,1,1,0,5
ZONE_07729,6,519,0,0,1,4
ZONE_07730,0,1007,0,1,0,3
ZONE_07731,9,2018,1,1,1,3
ZONE_07732,4,676,0,0,1,3
ZONE_07733,4,2267,0,1,0,3
ZONE_07734,5,1863,1,1,1,1
ZONE_07735,1,590,1,0,0,5
ZONE_07736,4,2024,0,0,0,1
ZONE_07737,9,905,1,1,1,5
ZONE_07738,9,1924,1,1,1,1
ZONE_07739,0,1540,1,1,0,3
ZONE_07740,2,2936,0,0,1,1
ZONE_07741,8,1990,0,1,1,2
ZONE_07742,2,2112,1,1,1,4
ZONE_07743,3,1318,0,0,1,3
ZONE_07744,6,528,1,1,1,4
ZONE_07745,8,2082,1,0,1,3
ZONE_07746,5,1136,1,0,1,4
ZONE_07747,8,2737,1,1,0,2
ZONE_07748,8,1733,0,0,1,2
ZONE_07749,4,810,1,1,0,3
ZONE_07750,3,2220,1,0,1,5
ZONE_07751,9,630,1,1,1,3
ZONE_07752,1,1124,1,0,1,1
ZONE_07753,2,1723,1,1,0,3
ZONE_07754,8,2328,1,0,1,3
ZONE_07755,1,527,0,1,1,1
ZONE_07756,9,2780,1,1,1,3
ZONE_07757,0,1360,0,0,0,5
ZONE_07758,8,2175,1,0,1,5
ZONE_07759,1,2332,1,1,0,4
ZONE_07760,4,2476,0,0,1,1
ZONE_07761,0,814,1,1,1,4
ZONE_07762,5,1270,1,0,0,3
ZONE_07763,7,2434,1,1,1,5
ZONE_07764,9,2513,1,1,0,2
ZONE_07765,1,1208,0,1,0,3
ZONE_07766,7,1416,1,1,1,4
ZONE_07767,1,1803,1,0,0,2
ZONE_07768,0,509,1,1,1,3
ZONE_07769,6,2562,1,1,1,4
ZONE_07770,4,1551,0,0,1,1
ZONE_07771,8,2429,1,1,1,2
ZONE_07772,2,1470,0,1,0,3
ZONE_07773,2,2161,1,1,0,1
ZONE_07774,1,2746,1,1,1,3
ZONE_07775,2,1468,0,1,0,2
ZONE_07776,1,2964,1,0,1,3
ZONE_07777,9,2222,0,1,0,4
ZONE_07778,5,1799,0,0,1,4
ZONE_07779,2,1444,1,0,1,4
ZONE_07780,8,2500,1,0,1,5
ZONE_07781,4,2789,1,0,0,4
ZONE_07782,6,1095,0,0,1,2
ZONE_07783,7,733,0,0,0,2
ZONE_07784,3,1015,0,0,1,2
ZONE_07785,0,728,1,0,0,2
ZONE_07786,7,2631,0,1,1,1
ZONE_07787,7,2889,0,0,1,3
ZONE_07788,8,2452,0,1,1,5
ZONE_07789,0,2096,0,0,1,2
ZONE_07790,8,1721,0,1,0,5
ZONE_07791,4,704,1,1,0,3
ZONE_07792,2,530,0,1,1,4
ZONE_07793,0,2789,0,0,0,5
ZONE_07794,9,2742,0,0,0,2
ZONE_07795,4,1891,0,1,1,1
ZONE_07796,6,1511,0,0,0,5
ZONE_07797,2,2368,0,0,0,1
ZONE_07798,4,2667,0,1,1,4
ZONE_07799,2,1455,0,0,0,5
ZONE_07800,3,1973,0,1,1,4
ZONE_07801,2,1773,1,0,0,4
ZONE_07802,5,1708,1,1,1,3
ZONE_07803,6,1399,0,1,1,3
ZONE_07804,8,1090,0,1,0,2
ZONE_07805,9,1839,0,1,1,1
ZONE_07806,7,1573,1,1,0,3
ZONE_07807,5,2971,0,0,1,3
ZONE_07808,6,2574,0,1,0,2
ZONE_07809,1,1519,0,0,1,1
ZONE_07810,2,2684,1,0,1,3
ZONE_07811,0,596,0,1,1,4
ZONE_07812,3,1251,1,0,1,3
ZONE_07813,5,1629,1,0,0,2
ZONE_07814,2,2244,0,1,0,3
ZONE_07815,4,1682,0,1,1,2
ZONE_07816,3,1615,1,1,0,5
ZONE_07817,7,2203,0,1,0,2
ZONE_07818,2,2815,0,1,1,5
ZONE_07819,5,779,0,0,0,2
ZONE_07820,4,2994,1,1,1,1
ZONE_07821,9,943,1,0,1,5
ZONE_07822,4,1026,0,0,0,3
ZONE_07823,6,940,0,1,0,3
ZONE_07824,3,2658,1,0,0,2
ZONE_07825,2,1750,0,0,0,4
ZONE_07826,2,962,1,0,0,5
ZONE_07827,6,1324,1,1,1,1
ZONE_07828,7,1718,0,0,1,3
ZONE_07829,2,1968,1,0,1,2
ZONE_07830,0,2887,1,1,1,4
ZONE_07831,0,950,1,0,1,5
ZONE_07832,7,2045,1,1,1,1
ZONE_07833,6,1527,0,1,1,2
ZONE_07834,3,1582,1,0,1,1
ZONE_07835,8,2861,1,1,1,3
ZONE_07836,1,2682,1,0,0,1
ZONE_07837,5,1487,1,1,1,4
ZONE_07838,0,2446,1,0,0,4
ZONE_07839,6,2436,1,0,0,5
ZONE_07840,9,1479,1,0,0,5
ZONE_07841,2,2772,0,0,1,3
ZONE_07842,2,679,1,1,1,3
ZONE_07843,3,2396,1,1,1,1
ZONE_07844,9,1692,0,1,0,1
ZONE_07845,7,1532,0,0,0,1
ZONE_07846,2,976,1,0,0,1
ZONE_07847,1,672,1,1,0,5
ZONE_07848,1,501,1,0,1,2
ZONE_07849,0,1021,1,1,0,3
ZONE_07850,2,2044,1,1,0,2
ZONE_07851,6,768,0,1,1,5
ZONE_07852,5,1415,0,1,1,2
ZONE_07853,4,1628,1,0,0,3
ZONE_07854,6,2575,0,0,1,1
ZONE_07855,0,2806,0,1,0,5
ZONE_07856,3,1060,1,0,1,5
ZONE_07857,3,2357,0,0,1,2
ZONE_07858,8,828,1,0,1,3
ZONE_07859,4,1450,0,1,1,3
ZONE_07860,1,2096,1,1,0,1
ZONE_07861,5,2728,1,0,1,5
ZONE_07862,8,2105,1,1,1,5
ZONE_07863,2,1612,1,0,0,3
ZONE_07864,8,2280,1,1,1,4
ZONE_07865,1,527,1,0,1,4
ZONE_07866,6,1005,1,1,0,4
ZONE_07867,4,2104,0,0,0,2
ZONE_07868,0,2915,0,1,1,1
ZONE_07869,4,2699,1,1,0,1
ZONE_07870,0,906,0,0,0,5
ZONE_07871,1,1857,0,1,1,3
ZONE_07872,5,2355,0,0,0,4
ZONE_07873,7,2240,0,1,1,5
ZONE_07874,1,2978,1,0,1,1
ZONE_07875,6,1330,1,1,0,4
ZONE_07876,8,762,1,0,0,2
ZONE_07877,7,1855,1,1,1,1
ZONE_07878,8,1783,1,1,1,4
ZONE_07879,0,2491,1,0,0,1
ZONE_07880,5,2210,0,1,1,4
ZONE_07881,0,1574,0,0,0,3
ZONE_07882,7,1606,1,1,0,5
ZONE_07883,4,2573,1,1,1,2
ZONE_07884,4,2989,0,0,0,1
ZONE_07885,3,2235,1,0,0,2
ZONE_07886,6,2309,1,1,0,4
ZONE_07887,2,2972,0,0,0,3
ZONE_07888,3,2380,1,0,1,2
ZONE_07889,0,2327,1,1,0,2
ZONE_07890,5,1235,1,0,1,5
ZONE_07891,2,1602,0,1,0,2
ZONE_07892,0,975,0,0,0,1
ZONE_07893,6,1174,0,1,0,1
ZONE_07894,4,1582,1,0,1,1
ZONE_07895,3,852,1,1,1,5
ZONE_07896,0,1834,0,1,0,5
ZONE_07897,5,2315,0,0,1,1
ZONE_07898,1,1104,1,0,0,5
ZONE_07899,3,910,0,0,1,4
ZONE_07900,9,1098,0,0,0,5
ZONE_07901,3,1317,0,1,0,5
ZONE_07902,9,677,0,0,0,1
ZONE_07903,4,2261,0,1,1,2
ZONE_07904,4,1110,1,0,1,1
ZONE_07905,7,2230,1,1,0,3
ZONE_07906,4,2878,1,0,0,3
ZONE_07907,6,835,0,1,1,2
ZONE_07908,8,891,1,1,1,3
ZONE_07909,3,843,1,0,1,3
ZONE_07910,9,1264,1,1,0,5
ZONE_07911,6,2866,1,1,1,3
ZONE_07912,6,1202,1,0,1,2
ZONE_07913,7,1109,0,0,1,2
ZONE_07914,1,1519,0,1,1,2
ZONE_07915,2,2547,1,0,0,1
ZONE_07916,7,2134,0,0,1,4
ZONE_07917,1,749,0,1,0,3
ZONE_07918,1,2421,1,0,1,2
ZONE_07919,7,1545,1,1,0,1
ZONE_07920,3,2173,1,0,0,2
ZONE_07921,1,2962,0,1,0,4
ZONE_07922,7,1490,1,1,1,1
ZONE_07923,2,2039,1,1,1,4
ZONE_07924,2,1233,0,1,1,4
ZONE_07925,6,2464,1,1,0,4
ZONE_07926,0,2473,0,0,0,3
ZONE_07927,9,2615,1,0,0,4
ZONE_07928,7,2631,0,1,0,5
ZONE_07929,6,1551,0,0,1,5
ZONE_07930,9,1549,1,0,1,2
ZONE_07931,9,1927,1,0,0,4
ZONE_07932,9,1555,1,1,0,4
ZONE_07933,2,1267,1,1,0,5
ZONE_07934,0,2029,0,0,1,5
ZONE_07935,2,1945,0,1,1,3
ZONE_07936,6,1246,0,0,0,4
ZONE_07937,7,2462,1,1,0,4
ZONE_07938,8,2544,1,1,1,2
ZONE_07939,3,612,0,1,0,4
ZONE_07940,9,1903,1,0,1,2
ZONE_07941,9,2276,0,0,0,1
ZONE_07942,2,1697,0,0,0,2
ZONE_07943,9,670,0,1,0,2
ZONE_07944,6,2975,0,0,1,2
ZONE_07945,9,1872,0,1,0,4
ZONE_07946,8,1989,1,1,1,2
ZONE_07947,2,1060,0,1,1,3
ZONE_07948,5,2477,0,1,0,3
ZONE_07949,0,2486,0,1,0,5
ZONE_07950,1,2009,1,1,0,1
ZONE_07951,4,2273,1,1,0,5
ZONE_07952,0,2880,0,0,0,4
ZONE_07953,5,1151,0,0,0,2
ZONE_07954,6,1266,0,0,0,1
ZONE_07955,4,2665,1,1,0,5
ZONE_07956,1,2073,1,0,0,5
ZONE_07957,9,1778,1,0,1,5
ZONE_07958,1,1817,1,1,0,4
ZONE_07959,5,2337,0,0,1,2
ZONE_07960,0,2857,1,0,1,5
ZONE_07961,1,2563,0,0,0,2
ZONE_07962,2,1659,1,1,0,4
ZONE_07963,6,1531,1,0,0,1
ZONE_07964,7,2453,0,0,0,5
ZONE_07965,4,1192,0,0,0,2
ZONE_07966,1,719,1,0,0,4
ZONE_07967,4,2121,1,1,0,4
ZONE_07968,0,1952,0,1,0,2
ZONE_07969,0,796,0,0,0,3
ZONE_07970,4,2091,1,1,1,2
ZONE_07971,3,2501,0,0,1,2
ZONE_07972,6,3000,1,0,0,4
ZONE_07973,0,951,0,1,1,2
ZONE_07974,4,2526,1,0,1,5
ZONE_07975,3,684,1,0,1,1
ZONE_07976,2,2428,0,1,1,5
ZONE_07977,4,1563,0,0,0,3
ZONE_07978,2,1265,1,0,1,2
ZONE_07979,9,1586,0,1,1,4
ZONE_07980,8,2206,0,1,1,4
ZONE_07981,3,1228,0,0,0,3
ZONE_07982,4,1342,0,1,0,5
ZONE_07983,1,1319,1,1,1,5
ZONE_07984,5,858,1,1,1,3
ZONE_07985,6,2835,1,1,0,1
ZONE_07986,5,2931,1,0,0,3
ZONE_07987,6,859,0,1,0,4
ZONE_07988,6,1089,0,1,0,5
ZONE_07989,9,1076,1,1,1,2
ZONE_07990,3,1272,0,1,1,5
ZONE_07991,2,1271,1,0,0,4
ZONE_07992,0,585,1,1,0,5
ZONE_07993,3,959,0,0,0,3
ZONE_07994,1,2147,0,0,0,1
ZONE_07995,7,1681,0,0,1,4
ZONE_07996,1,1710,1,1,1,5
ZONE_07997,4,2512,1,0,1,5
ZONE_07998,7,1151,1,0,0,4
ZONE_07999,6,2302,1,1,1,4
ZONE_08000,5,2277,0,1,0,2
ZONE_08001,1,2342,1,1,0,3
ZONE_08002,3,2488,0,1,0,1
ZONE_08003,9,668,1,1,0,2
ZONE_08004,4,884,1,0,1,3
ZONE_08005,5,546,1,1,1,5
ZONE_08006,6,586,1,1,0,4
ZONE_08007,0,1249,0,1,0,5
ZONE_08008,8,1433,0,0,1,2
ZONE_08009,2,508,0,1,0,5
ZONE_08010,3,1793,0,1,1,2
ZONE_08011,1,2318,1,0,1,4
ZONE_08012,6,2555,0,0,1,5
ZONE_08013,5,2507,1,1,1,5
ZONE_08014,0,1153,0,0,1,4
ZONE_08015,0,1438,0,0,0,5
ZONE_08016,5,2760,1,1,1,3
ZONE_08017,0,2319,0,1,0,2
ZONE_08018,4,1206,0,0,0,1
ZONE_08019,9,2146,1,0,0,4
ZONE_08020,3,634,0,0,0,1
ZONE_08021,2,2747,0,0,1,1
ZONE_08022,3,787,0,1,1,5
ZONE_08023,0,2238,1,0,0,2
ZONE_08024,5,1034,1,1,0,3
ZONE_08025,2,2231,0,0,0,2
ZONE_08026,4,2269,1,0,1,3
ZONE_08027,9,2286,1,0,1,3
ZONE_08028,0,1868,1,1,1,3
ZONE_08029,4,790,1,0,1,4
ZONE_08030,0,1210,0,0,1,5
ZONE_08031,6,1612,0,0,0,5
ZONE_08032,9,2695,1,1,0,2
ZONE_08033,6,680,0,1,0,3
ZONE_08034,4,2888,0,1,0,5
ZONE_08035,1,2579,1,1,0,3
ZONE_08036,7,1353,0,0,1,4
ZONE_08037,3,2244,1,1,0,2
ZONE_08038,1,1162,0,1,0,5
ZONE_08039,5,1672,1,0,1,1
ZONE_08040,2,2347,0,1,1,2
ZONE_08041,3,2800,0,0,0,1
ZONE_08042,0,1841,1,1,1,1
ZONE_08043,2,1712,1,0,1,3
ZONE_08044,3,652,1,1,1,5
ZONE_08045,6,893,1,1,1,2
ZONE_08046,5,2723,1,0,1,5
ZONE_08047,9,2256,0,1,1,5
ZONE_08048,3,2621,1,0,1,5
ZONE_08049,6,2430,0,1,1,3
ZONE_08050,7,720,0,1,0,1
ZONE_08051,7,2477,1,1,0,1
ZONE_08052,8,1911,0,0,0,1
ZONE_08053,1,2666,1,1,0,5
ZONE_08054,0,1347,1,0,1,2
ZONE_08055,4,2219,1,1,0,1
ZONE_08056,1,2320,0,0,0,2
ZONE_08057,5,1736,0,0,0,1
ZONE_08058,2,2505,1,0,0,1
ZONE_08059,6,2417,1,0,1,1
ZONE_08060,8,2921,1,0,1,3
ZONE_08061,4,1133,1,1,1,5
ZONE_08062,3,2945,1,1,0,5
ZONE_08063,0,1912,1,0,1,5
ZONE_08064,1,2429,0,0,1,1
ZONE_08065,5,2683,0,0,0,4
ZONE_08066,1,2298,0,0,0,5
ZONE_08067,9,1734,1,1,0,2
ZONE_08068,3,897,1,0,1,1
ZONE_08069,8,2571,1,1,0,2
ZONE_08070,3,875,0,1,0,1
ZONE_08071,2,2170,0,1,0,5
ZONE_08072,2,968,0,1,0,3
ZONE_08073,1,1180,0,0,1,2
ZONE_08074,7,540,1,0,0,2
ZONE_08075,8,1726,0,1,1,5
ZONE_08076,3,1645,1,0,0,3
ZONE_08077,8,2779,1,0,1,5
ZONE_08078,2,2830,1,1,0,4
ZONE_08079,1,1856,0,1,1,4
ZONE_08080,6,1079,0,1,0,4
ZONE_08081,3,2032,1,1,0,2
ZONE_08082,7,1023,1,0,0,3
ZONE_08083,7,2868,0,1,0,1
ZONE_08084,7,2205,0,1,1,2
ZONE_08085,5,2439,0,1,0,2
ZONE_08086,8,750,0,0,1,5
ZONE_08087,7,1230,0,1,0,5
ZONE_08088,3,2587,1,0,1,2
ZONE_08089,4,732,1,1,1,5
ZONE_08090,8,1886,0,0,0,1
ZONE_08091,3,2207,0,1,1,5
ZONE_08092,5,2495,0,1,0,5
ZONE_08093,6,1799,0,0,1,4
ZONE_08094,2,539,0,0,1,3
ZONE_08095,5,2066,0,0,0,4
ZONE_08096,7,618,1,1,0,3
ZONE_08097,7,600,0,1,1,4
ZONE_08098,6,1006,1,1,1,2
ZONE_08099,5,888,1,0,1,2
ZONE_08100,8,1374,0,0,1,2
ZONE_08101,1,2051,1,0,1,2
ZONE_08102,4,1068,0,1,0,5
ZONE_08103,7,2326,1,0,0,4
ZONE_08104,9,1330,0,1,1,2
ZONE_08105,7,1281,1,1,1,1
ZONE_08106,5,838,0,1,0,2
ZONE_08107,4,2097,0,1,0,2
ZONE_08108,9,1194,0,1,1,3
ZONE_08109,7,661,1,0,0,2
ZONE_08110,9,703,1,1,0,3
ZONE_08111,3,810,0,1,0,3
ZONE_08112,3,2891,1,0,1,2
ZONE_08113,2,2454,0,1,1,2
ZONE_08114,5,2194,1,1,0,4
ZONE_08115,6,2090,1,0,1,2
ZONE_08116,2,1971,1,1,1,3
ZONE_08117,7,1155,0,1,1,2
ZONE_08118,8,635,0,1,0,1
ZONE_08119,8,607,0,1,1,4
ZONE_08120,1,2551,0,0,0,1
ZONE_08121,3,1836,1,0,1,1
ZONE_08122,4,2891,1,1,0,5
ZONE_08123,2,938,1,1,0,4
ZONE_08124,8,2824,0,1,1,3
ZONE_08125,6,985,0,0,1,1
ZONE_08126,8,1548,1,0,0,5
ZONE_08127,9,1450,0,0,0,1
ZONE_08128,2,2895,0,0,1,1
ZONE_08129,5,2776,0,0,1,4
ZONE_08130,3,2208,1,0,1,1
ZONE_08131,4,2865,1,1,0,2
ZONE_08132,8,2405,0,1,0,5
ZONE_08133,2,1364,0,1,1,4
ZONE_08134,1,1015,0,0,0,1
ZONE_08135,6,2133,1,0,1,5
ZONE_08136,9,2892,1,1,0,1
ZONE_08137,8,1629,0,0,1,5
ZONE_08138,7,2700,1,0,0,3
ZONE_08139,9,2019,1,0,1,3
ZONE_08140,3,937,0,1,1,5
ZONE_08141,8,769,0,1,0,1
ZONE_08142,3,1203,0,1,1,5
ZONE_08143,4,2993,1,0,0,4
ZONE_08144,9,919,0,0,1,3
ZONE_08145,7,2145,1,0,0,1
ZONE_08146,7,1119,0,0,1,4
ZONE_08147,4,1764,0,0,1,5
ZONE_08148,5,1387,1,1,0,3
ZONE_08149,7,1884,0,0,1,5
ZONE_08150,9,1890,1,0,0,1
ZONE_08151,1,2896,1,1,0,4
ZONE_08152,6,1988,0,1,0,5
ZONE_08153,5,2827,0,1,1,3
ZONE_08154,7,2020,0,1,0,2
ZONE_08155,9,1352,1,1,1,2
ZONE_08156,5,2230,1,1,0,3
ZONE_08157,3,2045,1,0,0,4
ZONE_08158,4,2396,0,0,0,5
ZONE_08159,7,2647,1,1,0,4
ZONE_08160,9,697,1,0,1,5
ZONE_08161,5,2078,0,1,1,5
ZONE_08162,2,2383,0,1,0,2
ZONE_08163,8,2016,1,0,1,1
ZONE_08164,5,1123,1,0,1,4
ZONE_08165,6,2072,1,0,1,1
ZONE_08166,7,686,0,1,1,2
ZONE_08167,2,2432,1,1,1,1
ZONE_08168,6,723,0,1,0,4
ZONE_08169,9,2317,0,1,1,3
ZONE_08170,9,674,0,0,0,2
ZONE_08171,3,2250,0,0,0,2
ZONE_08172,4,2971,0,0,0,5
ZONE_08173,0,1242,0,1,0,2
ZONE_08174,3,2675,0,1,1,4
ZONE_08175,6,1468,1,1,0,2
ZONE_08176,6,1713,1,1,1,4
ZONE_08177,8,2098,1,0,0,4
ZONE_08178,7,1219,1,0,1,2
ZONE_08179,0,1167,1,1,1,2
ZONE_08180,0,2379,0,0,0,2
ZONE_08181,7,2035,1,0,0,4
ZONE_08182,9,2352,1,1,1,5
ZONE_08183,3,2335,0,1,0,3
ZONE_08184,3,848,1,0,0,2
ZONE_08185,7,1562,1,1,1,1
ZONE_08186,3,1894,0,0,0,2
ZONE_08187,4,1364,0,1,1,2
ZONE_08188,3,2286,1,0,1,2
ZONE_08189,9,2061,0,0,0,1
ZONE_08190,8,1637,1,1,0,4
ZONE_08191,7,804,1,0,1,3
ZONE_08192,4,1745,1,1,1,3
ZONE_08193,6,2460,1,1,0,5
ZONE_08194,3,999,0,0,1,3
ZONE_08195,1,2264,1,0,1,2
ZONE_08196,1,2052,1,0,1,4
ZONE_08197,0,1168,0,0,1,2
ZONE_08198,3,1331,1,1,1,1
ZONE_08199,4,1209,1,0,1,3
ZONE_08200,8,2925,0,1,1,4
ZONE_08201,4,2703,0,0,0,2
ZONE_08202,5,2719,0,0,1,4
ZONE_08203,3,1008,0,1,1,4
ZONE_08204,2,1409,0,1,0,3
ZONE_08205,5,2210,0,0,1,4
ZONE_08206,9,2738,0,0,0,1
ZONE_08207,0,1295,1,0,1,4
ZONE_08208,0,961,0,1,1,3
ZONE_08209,4,731,0,0,1,1
ZONE_08210,3,746,1,0,1,2
ZONE_08211,8,2967,1,0,0,5
ZONE_08212,7,1080,0,0,0,3
ZONE_08213,0,2119,0,1,0,2
ZONE_08214,4,2516,1,1,0,1
ZONE_08215,4,2947,1,0,0,4
ZONE_08216,9,2210,0,1,1,3
ZONE_08217,3,2739,1,0,0,3
ZONE_08218,4,1467,1,1,0,1
ZONE_08219,2,1484,1,0,1,1
ZONE_08220,8,1293,1,0,1,1
ZONE_08221,6,1184,0,1,0,4
ZONE_08222,1,766,1,1,0,3
ZONE_08223,6,1783,1,1,0,2
ZONE_08224,1,2782,1,0,0,3
ZONE_08225,7,2822,0,1,0,1
ZONE_08226,9,2537,0,0,1,4
ZONE_08227,1,1748,1,0,0,3
ZONE_08228,3,1912,0,1,0,5
ZONE_08229,9,680,0,1,1,1
ZONE_08230,7,1862,1,1,0,5
ZONE_08231,6,2471,0,0,1,5
ZONE_08232,7,801,1,0,1,2
ZONE_08233,0,1805,0,0,0,2
ZONE_08234,5,2757,0,1,0,5
ZONE_08235,5,2322,1,1,0,1
ZONE_08236,8,592,1,1,0,5
ZONE_08237,9,1852,1,0,0,5
ZONE_08238,8,2256,1,1,1,3
ZONE_08239,9,1934,0,0,0,2
ZONE_08240,6,693,1,1,1,2
ZONE_08241,7,1692,1,1,0,5
ZONE_08242,6,1598,1,0,0,1
ZONE_08243,8,2323,1,0,0,3
ZONE_08244,9,2568,0,0,1,4
ZONE_08245,9,664,0,0,1,5
ZONE_08246,3,2309,1,0,1,1
ZONE_08247,8,665,1,1,1,1
ZONE_08248,8,2157,1,0,1,1
ZONE_08249,8,2583,0,0,0,1
ZONE_08250,2,1697,0,0,0,4
ZONE_08251,1,537,0,1,1,5
ZONE_08252,2,2846,0,1,1,1
ZONE_08253,2,2762,0,0,1,1
ZONE_08254,4,2891,0,0,0,1
ZONE_08255,9,1097,0,0,1,2
ZONE_08256,1,936,0,1,1,2
ZONE_08257,5,2962,0,1,1,4
ZONE_08258,3,1394,0,1,0,1
ZONE_08259,7,681,0,0,0,3
ZONE_08260,5,1427,0,1,0,1
ZONE_08261,5,1725,1,1,1,2
ZONE_08262,0,2624,0,0,1,2
ZONE_08263,3,2610,1,0,0,4
ZONE_08264,3,2065,0,0,0,2
ZONE_08265,4,2814,0,0,1,5
ZONE_08266,6,1428,1,0,1,2
ZONE_08267,0,2104,1,1,0,4
ZONE_08268,8,1842,0,1,0,3
ZONE_08269,2,2568,1,1,0,4
ZONE_08270,5,1800,1,1,0,4
ZONE_08271,7,787,0,1,1,4
ZONE_08272,5,1145,1,1,1,1
ZONE_08273,5,1682,1,0,0,3
ZONE_08274,4,950,1,1,0,4
ZONE_08275,5,2987,0,1,1,3
ZONE_08276,8,1717,0,0,1,5
ZONE_08277,5,2682,0,0,0,4
ZONE_08278,3,1068,0,1,0,5
ZONE_08279,9,1081,1,1,0,3
ZONE_08280,0,2880,0,1,0,3
ZONE_08281,3,1693,0,0,0,3
ZONE_08282,2,1201,0,0,0,3
ZONE_08283,8,2316,1,1,0,4
ZONE_08284,4,1958,0,0,0,1
ZONE_08285,6,1454,0,1,0,3
ZONE_08286,4,1254,1,1,0,1
ZONE_08287,9,768,1,0,0,5
ZONE_08288,0,1679,1,0,1,4
ZONE_08289,7,2877,0,1,0,5
ZONE_08290,4,1597,0,0,1,4
ZONE_08291,2,1424,1,0,1,5
ZONE_08292,2,1446,0,0,0,2
ZONE_08293,6,1903,0,0,1,3
ZONE_08294,0,846,1,1,1,5
ZONE_08295,9,2938,0,0,1,2
ZONE_08296,1,808,0,1,1,2
ZONE_08297,1,572,1,1,1,5
ZONE_08298,2,1340,1,0,1,5
ZONE_08299,2,1483,1,0,1,1
ZONE_08300,1,2177,1,0,1,2
ZONE_08301,2,1360,1,0,1,4
ZONE_08302,6,1115,0,1,1,4
ZONE_08303,5,1817,0,1,0,2
ZONE_08304,1,2735,1,1,1,1
ZONE_08305,4,969,0,0,1,2
ZONE_08306,5,1914,0,1,0,3
ZONE_08307,3,1474,0,0,1,2
ZONE_08308,6,2061,0,0,0,2
ZONE_08309,4,1187,1,1,0,1
ZONE_08310,5,1013,1,0,0,1
ZONE_08311,1,1464,0,1,1,5
ZONE_08312,0,1806,1,0,0,1
ZONE_08313,3,2735,0,0,0,3
ZONE_08314,3,2253,1,1,1,1
ZONE_08315,9,1898,0,0,0,3
ZONE_08316,1,874,0,1,1,1
ZONE_08317,2,2231,0,0,1,3
ZONE_08318,4,2099,1,1,0,4
ZONE_08319,2,2384,0,1,0,1
ZONE_08320,5,1747,0,0,0,2
ZONE_08321,0,765,1,0,0,5
ZONE_08322,8,2900,1,0,1,2
ZONE_08323,6,502,0,1,0,2
ZONE_08324,5,2057,1,0,0,3
ZONE_08325,7,2651,1,0,0,2
ZONE_08326,7,879,0,1,0,2
ZONE_08327,1,2404,0,1,0,2
ZONE_08328,4,1813,1,0,0,4
ZONE_08329,9,1443,0,0,0,4
ZONE_08330,8,2920,0,1,1,5
ZONE_08331,8,1643,0,0,0,2
ZONE_08332,2,986,1,1,0,2
ZONE_08333,1,2068,1,1,0,2
ZONE_08334,4,702,0,0,1,2
ZONE_08335,0,1889,1,0,1,5
ZONE_08336,1,2183,0,1,1,3
ZONE_08337,1,2778,1,1,0,3
ZONE_08338,5,1904,0,0,1,2
ZONE_08339,6,1218,0,1,0,2
ZONE_08340,1,2427,1,0,1,2
ZONE_08341,2,2799,0,1,1,3
ZONE_08342,2,1111,0,0,0,5
ZONE_08343,6,1151,1,1,0,2
ZONE_08344,4,2932,0,1,0,3
ZONE_08345,8,697,1,1,1,3
ZONE_08346,1,1175,1,1,0,1
ZONE_08347,7,1480,0,1,1,2
ZONE_08348,3,1886,1,0,0,4
ZONE_08349,5,824,0,1,0,3
ZONE_08350,8,2087,1,1,1,4
ZONE_08351,1,2614,0,0,1,1
ZONE_08352,1,1962,0,1,0,4
ZONE_08353,4,1310,0,0,1,5
ZONE_08354,4,1925,0,0,0,3
ZONE_08355,0,1903,1,0,0,4
ZONE_08356,6,677,0,0,0,1
ZONE_08357,1,2704,1,1,0,2
ZONE_08358,4,2739,1,1,1,2
ZONE_08359,5,2781,0,1,0,3
ZONE_08360,2,572,0,0,0,5
ZONE_08361,7,1816,0,1,1,2
ZONE_08362,8,1934,0,1,1,1
ZONE_08363,2,2522,1,1,0,5
ZONE_08364,4,1982,0,1,0,2
ZONE_08365,9,2823,0,1,1,2
ZONE_08366,4,725,0,0,1,1
ZONE_08367,2,2443,1,1,0,1
ZONE_08368,4,2890,0,1,0,3
ZONE_08369,8,1167,0,0,1,3
ZONE_08370,6,973,0,1,1,3
ZONE_08371,3,2604,0,1,1,5
ZONE_08372,1,2901,1,1,1,2
ZONE_08373,2,1619,0,0,1,5
ZONE_08374,5,731,1,1,1,1
ZONE_08375,4,697,0,0,1,1
ZONE_08376,7,987,1,1,1,1
ZONE_08377,8,2007,1,1,0,2
ZONE_08378,8,2025,1,0,1,3
ZONE_08379,4,1262,0,1,0,5
ZONE_08380,2,1082,0,1,1,3
ZONE_08381,4,2431,0,0,1,4
ZONE_08382,8,2681,0,0,1,3
ZONE_08383,6,1863,0,1,0,2
ZONE_08384,0,1032,1,0,1,1
ZONE_08385,5,2685,0,1,0,4
ZONE_08386,7,1983,1,1,1,1
ZONE_08387,1,2725,1,0,1,5
ZONE_08388,6,1863,0,0,1,2
ZONE_08389,9,2526,0,0,1,1
ZONE_08390,0,517,0,0,0,4
ZONE_08391,3,1002,0,1,1,2
ZONE_08392,7,553,0,1,1,4
ZONE_08393,4,1939,1,1,0,5
ZONE_08394,7,2596,1,1,1,5
ZONE_08395,1,1275,0,1,0,1
ZONE_08396,2,2341,1,0,1,5
ZONE_08397,2,2041,1,1,0,5
ZONE_08398,6,1289,0,0,1,3
ZONE_08399,6,2191,0,1,1,4
ZONE_08400,4,2109,1,1,0,4
ZONE_08401,2,1599,0,1,0,3
ZONE_08402,4,1462,0,0,1,5
ZONE_08403,2,2196,0,1,1,4
ZONE_08404,9,2134,0,1,0,3
ZONE_08405,6,1674,0,0,0,1
ZONE_08406,5,2396,0,1,0,5
ZONE_08407,8,1391,0,0,0,2
ZONE_08408,8,585,1,0,1,2
ZONE_08409,6,1078,0,1,1,5
ZONE_08410,9,2465,0,1,0,2
ZONE_08411,5,2648,1,1,0,1
ZONE_08412,6,1393,1,0,0,3
ZONE_08413,6,2563,1,1,0,5
ZONE_08414,2,1933,1,1,0,5
ZONE_08415,7,859,0,1,1,1
ZONE_08416,4,1198,0,0,1,3
ZONE_08417,2,2142,0,0,0,1
ZONE_08418,2,846,1,1,0,1
ZONE_08419,1,2097,1,1,0,2
ZONE_08420,3,899,1,0,1,1
ZONE_08421,6,532,1,0,0,3
ZONE_08422,6,1858,1,0,0,5
ZONE_08423,5,2034,0,0,0,3
ZONE_08424,0,1451,0,1,1,4
ZONE_08425,2,1426,1,0,1,5
ZONE_08426,2,2068,1,1,0,2
ZONE_08427,9,1596,1,1,0,2
ZONE_08428,2,2268,1,0,0,1
ZONE_08429,2,1243,0,0,0,2
ZONE_08430,6,2253,1,0,1,3
ZONE_08431,6,2369,0,0,0,4
ZONE_08432,6,2739,1,1,1,2
ZONE_08433,6,912,0,0,1,5
ZONE_08434,6,1577,0,0,1,1
ZONE_08435,2,1210,1,0,1,2
ZONE_08436,3,979,0,1,0,3
ZONE_08437,5,1788,0,1,1,4
ZONE_08438,7,2738,0,0,1,5
ZONE_08439,1,1218,1,1,0,2
ZONE_08440,4,1185,0,0,0,5
ZONE_08441,7,2778,0,0,0,4
ZONE_08442,3,2872,0,0,1,4
ZONE_08443,2,1032,0,0,1,1
ZONE_08444,2,2266,0,0,0,3
ZONE_08445,4,737,0,1,1,5
ZONE_08446,0,968,0,0,0,2
ZONE_08447,8,915,1,1,1,2
ZONE_08448,1,2164,1,0,0,5
ZONE_08449,3,1143,1,0,1,3
ZONE_08450,9,1293,1,1,1,4
ZONE_08451,0,2379,1,1,0,2
ZONE_08452,7,1964,1,0,0,1
ZONE_08453,0,2057,0,0,1,2
ZONE_08454,0,1886,0,1,0,2
ZONE_08455,0,623,1,1,1,2
ZONE_08456,8,1498,0,0,1,3
ZONE_08457,7,1201,0,1,1,3
ZONE_08458,5,770,1,0,1,5
ZONE_08459,9,956,1,0,1,2
ZONE_08460,8,1815,1,0,0,2
ZONE_08461,8,721,1,0,1,3
ZONE_08462,6,1297,0,1,0,5
ZONE_08463,0,1130,1,1,0,1
ZONE_08464,5,1803,1,1,1,3
ZONE_08465,4,1259,0,0,0,4
ZONE_08466,2,2841,0,1,0,4
ZONE_08467,7,681,1,0,0,3
ZONE_08468,9,2411,1,1,0,3
ZONE_08469,0,1848,0,1,0,4
ZONE_08470,4,1768,0,0,0,2
ZONE_08471,6,1000,1,1,1,1
ZONE_08472,0,512,1,1,1,3
ZONE_08473,8,1575,0,1,0,2
ZONE_08474,9,978,1,1,0,5
ZONE_08475,8,746,1,0,1,4
ZONE_08476,8,2728,0,1,0,5
ZONE_08477,3,2574,0,0,0,5
ZONE_08478,5,1124,1,1,1,1
ZONE_08479,7,2031,0,0,0,1
ZONE_08480,3,1073,0,1,1,5
ZONE_08481,2,1623,1,0,0,1
ZONE_08482,4,1561,0,1,0,2
ZONE_08483,6,2522,1,0,1,4
ZONE_08484,5,1501,0,1,0,4
ZONE_08485,4,641,1,0,0,3
ZONE_08486,0,966,0,0,1,3
ZONE_08487,3,859,1,0,0,3
ZONE_08488,4,514,0,0,0,4
ZONE_08489,9,1975,1,1,0,4
ZONE_08490,0,2119,1,1,1,4
ZONE_08491,3,2524,1,0,0,3
ZONE_08492,6,2030,1,1,0,5
ZONE_08493,2,1955,1,1,0,4
ZONE_08494,5,2720,0,0,0,3
ZONE_08495,6,1565,0,0,1,1
ZONE_08496,3,2200,1,0,1,1
ZONE_08497,3,2658,0,0,1,3
ZONE_08498,0,715,1,0,0,1
ZONE_08499,2,1227,1,1,0,3
ZONE_08500,1,1022,0,0,0,4
ZONE_08501,3,1748,0,1,0,5
ZONE_08502,9,1563,0,0,0,3
ZONE_08503,9,2894,1,0,1,3
ZONE_08504,8,640,1,0,1,4
ZONE_08505,9,854,0,1,0,5
ZONE_08506,1,2044,1,1,1,1
ZONE_08507,9,1619,1,0,0,3
ZONE_08508,9,1073,1,0,0,5
ZONE_08509,2,2203,1,0,0,5
ZONE_08510,8,564,0,1,0,4
ZONE_08511,0,2703,1,1,0,2
ZONE_08512,1,2258,0,0,0,3
ZONE_08513,0,2717,0,1,1,5
ZONE_08514,8,527,1,0,0,5
ZONE_08515,4,751,0,1,1,1
ZONE_08516,0,1255,0,0,0,2
ZONE_08517,7,512,1,0,1,1
ZONE_08518,3,1182,0,1,1,4
ZONE_08519,4,2061,1,1,1,4
ZONE_08520,4,2249,1,0,1,2
ZONE_08521,5,2696,0,0,1,3
ZONE_08522,3,812,0,0,1,1
ZONE_08523,4,2495,0,1,1,2
ZONE_08524,4,2438,1,1,1,5
ZONE_08525,4,1894,1,0,1,5
ZONE_08526,0,1968,1,0,1,5
ZONE_08527,8,2906,1,0,1,3
ZONE_08528,1,2575,1,1,0,4
ZONE_08529,8,2305,0,1,0,3
ZONE_08530,0,771,0,1,1,4
ZONE_08531,9,1439,0,1,1,5
ZONE_08532,9,890,0,0,1,3
ZONE_08533,2,2823,0,1,0,5
ZONE_08534,4,1337,0,0,1,4
ZONE_08535,6,2458,0,1,0,3
ZONE_08536,5,2325,1,0,0,1
ZONE_08537,1,1407,1,0,0,4
ZONE_08538,2,988,1,0,0,4
ZONE_08539,3,696,0,0,1,4
ZONE_08540,6,2591,1,1,1,1
ZONE_08541,2,1305,0,1,1,3
ZONE_08542,1,805,1,0,0,4
ZONE_08543,6,2549,1,0,1,4
ZONE_08544,9,1873,1,1,1,3
ZONE_08545,9,1468,0,1,0,1
ZONE_08546,4,610,1,1,1,1
ZONE_08547,8,1996,1,1,0,2
ZONE_08548,5,2576,0,1,1,5
ZONE_08549,0,1886,0,1,0,4
ZONE_08550,8,805,1,0,0,3
ZONE_08551,1,2812,1,1,1,2
ZONE_08552,3,1904,1,1,1,2
ZONE_08553,4,2977,0,0,1,3
ZONE_08554,8,1266,0,0,0,2
ZONE_08555,5,1154,0,0,0,5
ZONE_08556,9,1500,0,0,0,1
ZONE_08557,9,686,1,0,1,5
ZONE_08558,3,1081,0,0,1,1
ZONE_08559,8,1282,1,1,1,3
ZONE_08560,8,1659,0,0,1,3
ZONE_08561,4,1811,1,1,0,2
ZONE_08562,6,2926,0,1,0,3
ZONE_08563,2,1729,0,1,1,3
ZONE_08564,9,2435,0,0,1,1
ZONE_08565,0,2374,1,0,1,5
ZONE_08566,7,1259,1,1,1,4
ZONE_08567,0,1995,1,1,1,2
ZONE_08568,1,2460,1,1,0,2
ZONE_08569,9,2483,0,1,1,3
ZONE_08570,6,2865,1,1,1,5
ZONE_08571,0,2143,1,1,1,2
ZONE_08572,1,1142,0,0,0,3
ZONE_08573,8,2059,1,1,1,1
ZONE_08574,6,2281,0,1,1,4
ZONE_08575,0,1885,0,0,1,4
ZONE_08576,3,2784,1,0,0,1
ZONE_08577,1,1375,0,1,0,5
ZONE_08578,4,659,1,1,0,1
ZONE_08579,6,1207,0,0,1,5
ZONE_08580,0,2807,1,0,0,4
ZONE_08581,8,2011,1,1,1,2
ZONE_08582,8,982,0,0,1,5
ZONE_08583,7,906,0,0,0,5
ZONE_08584,5,2557,1,1,1,1
ZONE_08585,7,580,1,0,0,3
ZONE_08586,7,568,0,0,0,5
ZONE_08587,9,2335,0,1,1,4
ZONE_08588,8,2392,1,1,1,3
ZONE_08589,6,570,1,0,1,5
ZONE_08590,4,1860,1,1,1,1
ZONE_08591,3,1957,0,0,0,4
ZONE_08592,8,950,1,1,0,3
ZONE_08593,1,991,1,1,1,4
ZONE_08594,7,2884,1,0,0,5
ZONE_08595,1,525,1,1,0,4
ZONE_08596,7,1714,0,1,1,4
ZONE_08597,8,2458,1,0,0,3
ZONE_08598,5,1259,1,0,1,5
ZONE_08599,4,2051,1,0,1,1
ZONE_08600,0,2950,0,1,1,1
ZONE_08601,3,2889,0,1,1,1
ZONE_08602,8,2473,1,0,0,3
ZONE_08603,8,2766,0,1,0,2
ZONE_08604,9,2734,0,0,0,2
ZONE_08605,5,2118,1,1,0,2
ZONE_08606,2,763,1,0,0,1
ZONE_08607,5,1684,0,0,0,2
ZONE_08608,9,2852,1,1,1,1
ZONE_08609,4,2089,1,1,0,5
ZONE_08610,1,1384,1,0,0,5
ZONE_08611,2,1269,1,1,0,3
ZONE_08612,1,2253,1,0,0,5
ZONE_08613,7,2280,0,1,0,1
ZONE_08614,4,1365,1,1,0,5
ZONE_08615,9,674,0,1,0,1
ZONE_08616,4,1941,0,1,0,3
ZONE_08617,7,1964,1,0,0,5
ZONE_08618,8,2225,0,1,0,2
ZONE_08619,7,2467,0,0,1,1
ZONE_08620,8,2662,0,1,1,5
ZONE_08621,3,601,0,1,0,5
ZONE_08622,5,708,0,0,0,2
ZONE_08623,4,1751,1,0,0,5
ZONE_08624,4,1700,1,0,1,1
ZONE_08625,9,2541,0,0,0,2
ZONE_08626,3,983,1,1,1,5
ZONE_08627,1,2358,1,0,1,1
ZONE_08628,1,1289,1,1,0,4
ZONE_08629,8,1431,1,1,0,5
ZONE_08630,2,1293,1,1,1,3
ZONE_08631,9,2725,1,1,1,5
ZONE_08632,9,1281,0,0,0,4
ZONE_08633,0,726,0,0,0,2
ZONE_08634,1,2011,0,1,1,3
ZONE_08635,6,1393,1,0,1,3
ZONE_08636,7,2836,0,0,1,3
ZONE_08637,5,1687,1,0,0,4
ZONE_08638,9,2685,1,1,1,2
ZONE_08639,0,764,1,1,1,5
ZONE_08640,8,2849,0,1,0,3
ZONE_08641,9,1010,1,0,1,2
ZONE_08642,9,923,0,1,1,3
ZONE_08643,6,1712,0,0,1,2
ZONE_08644,9,597,1,1,0,3
ZONE_08645,9,2083,0,1,1,1
ZONE_08646,1,1819,0,0,1,2
ZONE_08647,6,1822,1,0,0,5
ZONE_08648,3,842,1,0,1,2
ZONE_08649,9,2783,0,1,1,3
ZONE_08650,6,1807,1,0,1,4
ZONE_08651,4,2180,1,1,1,2
ZONE_08652,7,2011,0,0,0,2
ZONE_08653,4,1605,0,1,0,4
ZONE_08654,2,2612,1,0,0,4
ZONE_08655,7,1365,0,1,1,2
ZONE_08656,3,830,1,0,0,4
ZONE_08657,9,1641,1,0,0,4
ZONE_08658,2,2313,0,1,0,1
ZONE_08659,8,2480,0,1,1,3
ZONE_08660,5,1388,0,0,1,5
ZONE_08661,7,551,0,1,0,1
ZONE_08662,3,1977,1,1,0,2
ZONE_08663,1,1832,1,0,1,4
ZONE_08664,3,1407,0,1,1,1
ZONE_08665,7,1293,0,0,0,3
ZONE_08666,6,2599,0,1,1,4
ZONE_08667,9,1358,1,0,1,4
ZONE_08668,4,2085,0,1,0,3
ZONE_08669,3,1941,0,0,1,2
ZONE_08670,8,693,0,0,0,2
ZONE_08671,7,1009,1,1,0,5
ZONE_08672,7,1855,0,0,1,5
ZONE_08673,1,2762,1,1,1,5
ZONE_08674,5,2095,0,1,1,4
ZONE_08675,9,2127,1,0,1,4
ZONE_08676,9,2017,0,0,1,1
ZONE_08677,8,1622,0,1,0,4
ZONE_08678,3,1823,0,1,0,4
ZONE_08679,8,2559,1,1,0,3
ZONE_08680,3,1025,1,1,0,5
ZONE_08681,4,2186,0,0,0,3
ZONE_08682,2,749,0,0,1,2
ZONE_08683,3,790,1,0,1,2
ZONE_08684,3,607,0,1,1,1
ZONE_08685,7,2887,1,1,0,5
ZONE_08686,7,1113,0,1,0,4
ZONE_08687,1,2203,0,0,1,3
ZONE_08688,8,1425,0,0,0,3
ZONE_08689,2,2504,0,1,1,3
ZONE_08690,8,1752,1,0,0,5
ZONE_08691,8,1327,0,0,0,4
ZONE_08692,9,1981,1,0,0,2
ZONE_08693,7,553,1,0,1,3
ZONE_08694,8,972,1,1,0,5
ZONE_08695,1,2687,1,0,0,4
ZONE_08696,2,2926,1,0,1,1
ZONE_08697,4,609,1,0,0,2
ZONE_08698,6,2336,1,1,1,1
ZONE_08699,2,1552,0,1,1,5
ZONE_08700,5,544,0,1,0,3
ZONE_08701,5,2975,0,0,0,5
ZONE_08702,7,611,0,1,1,4
ZONE_08703,2,2066,0,1,0,1
ZONE_08704,3,1052,0,0,0,5
ZONE_08705,2,1869,0,1,0,5
ZONE_08706,4,1096,1,1,0,3
ZONE_08707,7,2014,0,0,0,5
ZONE_08708,5,1642,1,1,0,2
ZONE_08709,7,1545,1,1,1,4
ZONE_08710,6,1402,0,1,0,5
ZONE_08711,0,2385,1,1,1,4
ZONE_08712,3,2174,1,1,1,1
ZONE_08713,2,821,1,1,0,5
ZONE_08714,8,1007,0,0,0,5
ZONE_08715,4,2062,1,1,0,4
ZONE_08716,6,1931,0,0,1,1
ZONE_08717,0,727,0,0,0,4
ZONE_08718,7,2254,0,0,0,4
ZONE_08719,6,1271,0,1,1,4
ZONE_08720,7,2011,1,0,1,4
ZONE_08721,1,1872,1,0,1,3
ZONE_08722,1,1394,0,0,0,5
ZONE_08723,9,1344,1,1,1,2
ZONE_08724,2,1510,1,0,0,4
ZONE_08725,4,2128,1,0,0,5
ZONE_08726,4,2992,1,1,0,4
ZONE_08727,1,1810,0,0,0,2
ZONE_08728,8,2296,1,0,1,4
ZONE_08729,6,718,1,1,1,1
ZONE_08730,6,2360,0,0,0,2
ZONE_08731,4,610,0,0,0,1
ZONE_08732,8,2521,0,0,1,4
ZONE_08733,2,727,1,0,0,4
ZONE_08734,7,2297,1,0,1,4
ZONE_08735,9,1590,0,0,0,4
ZONE_08736,8,1541,0,1,0,1
ZONE_08737,0,2904,0,0,1,1
ZONE_08738,3,2018,0,1,1,4
ZONE_08739,7,1922,1,0,0,3
ZONE_08740,3,1095,1,0,0,1
ZONE_08741,2,2677,1,1,0,5
ZONE_08742,7,2626,0,1,0,4
ZONE_08743,0,1201,0,0,1,3
ZONE_08744,4,1505,1,1,0,2
ZONE_08745,4,1560,1,1,0,1
ZONE_08746,1,1605,0,1,1,3
ZONE_08747,7,1831,1,0,0,3
ZONE_08748,6,1514,1,0,0,3
ZONE_08749,3,2522,0,0,1,4
ZONE_08750,7,943,0,1,0,2
ZONE_08751,5,552,0,1,0,1
ZONE_08752,6,1347,1,0,1,3
ZONE_08753,5,2050,1,0,1,2
ZONE_08754,7,2841,1,0,0,3
ZONE_08755,6,1715,0,1,0,4
ZONE_08756,1,2427,0,1,1,3
ZONE_08757,0,1918,1,1,1,3
ZONE_08758,0,728,0,1,0,2
ZONE_08759,3,1939,0,0,1,5
ZONE_08760,1,2077,1,0,0,2
ZONE_08761,4,1572,0,0,0,2
ZONE_08762,1,794,1,1,0,2
ZONE_08763,6,1166,0,0,0,4
ZONE_08764,8,974,0,0,0,2
ZONE_08765,7,2673,0,1,0,3
ZONE_08766,8,2010,0,0,1,5
ZONE_08767,3,2600,0,0,0,1
ZONE_08768,2,2266,0,0,1,1
ZONE_08769,6,1907,0,0,0,1
ZONE_08770,2,1367,1,1,1,2
ZONE_08771,9,2841,0,1,0,5
ZONE_08772,6,856,0,1,0,5
ZONE_08773,6,1197,0,0,0,4
ZONE_08774,6,1735,0,1,0,1
ZONE_08775,9,2230,1,1,1,4
ZONE_08776,9,2194,1,0,0,4
ZONE_08777,8,541,1,0,1,2
ZONE_08778,8,1116,1,0,0,1
ZONE_08779,7,2961,0,0,1,4
ZONE_08780,1,1713,0,0,0,5
ZONE_08781,9,2746,1,0,1,3
ZONE_08782,1,784,1,0,0,4
ZONE_08783,6,577,1,0,1,4
ZONE_08784,0,2149,0,0,1,1
ZONE_08785,2,1569,1,1,0,5
ZONE_08786,5,588,0,1,1,3
ZONE_08787,1,796,0,1,0,5
ZONE_08788,3,2452,0,0,1,1
ZONE_08789,1,2696,1,1,0,3
ZONE_08790,3,1231,0,1,1,1
ZONE_08791,3,668,1,0,0,3
ZONE_08792,5,2913,1,1,0,2
ZONE_08793,6,501,0,1,0,3
ZONE_08794,0,2234,1,0,0,1
ZONE_08795,4,1992,1,1,1,3
ZONE_08796,5,2037,1,0,0,2
ZONE_08797,8,2021,0,1,0,1
ZONE_08798,1,1174,1,1,1,5
ZONE_08799,2,2215,0,1,1,2
ZONE_08800,4,2192,1,0,1,5
ZONE_08801,4,519,0,0,0,1
ZONE_08802,5,1169,1,0,0,2
ZONE_08803,6,2289,0,1,0,5
ZONE_08804,9,2683,1,0,1,1
ZONE_08805,3,1129,0,0,0,5
ZONE_08806,0,1962,1,1,1,1
ZONE_08807,4,2567,1,1,0,2
ZONE_08808,3,825,0,1,1,5
ZONE_08809,6,772,0,1,0,4
ZONE_08810,4,1129,1,0,0,5
ZONE_08811,7,2666,1,1,1,3
ZONE_08812,6,961,0,1,0,3
ZONE_08813,4,690,0,1,0,4
ZONE_08814,6,2614,1,0,1,5
ZONE_08815,6,1760,1,1,0,2
ZONE_08816,5,2286,1,1,0,4
ZONE_08817,8,2697,0,1,0,2
ZONE_08818,4,1569,0,1,0,2
ZONE_08819,8,2407,0,0,0,4
ZONE_08820,6,1492,0,0,1,5
ZONE_08821,8,2077,0,1,1,5
ZONE_08822,6,2620,1,0,0,2
ZONE_08823,8,597,0,1,1,5
ZONE_08824,3,1069,1,0,1,3
ZONE_08825,1,1236,1,0,0,1
ZONE_08826,9,1093,1,0,1,5
ZONE_08827,9,2464,0,0,0,3
ZONE_08828,1,2186,1,1,0,3
ZONE_08829,1,2580,0,0,1,1
ZONE_08830,3,872,1,0,1,1
ZONE_08831,4,651,1,1,1,1
ZONE_08832,0,1716,1,0,0,4
ZONE_08833,0,1934,0,0,0,4
ZONE_08834,5,2831,0,0,0,2
ZONE_08835,5,2014,1,1,0,5
ZONE_08836,5,1391,0,1,0,5
ZONE_08837,1,2637,0,1,1,4
ZONE_08838,5,2305,1,0,0,1
ZONE_08839,2,698,0,1,0,2
ZONE_08840,7,1915,0,0,0,2
ZONE_08841,0,1439,1,1,1,2
ZONE_08842,9,1375,0,1,0,5
ZONE_08843,5,1184,0,1,1,3
ZONE_08844,0,2592,0,1,0,1
ZONE_08845,9,2114,0,0,1,2
ZONE_08846,3,2047,0,0,1,2
ZONE_08847,9,2384,1,0,1,4
ZONE_08848,1,2905,1,0,0,3
ZONE_08849,5,1509,0,1,0,5
ZONE_08850,9,1570,0,1,1,4
ZONE_08851,9,2544,1,0,1,2
ZONE_08852,5,699,1,0,1,5
ZONE_08853,0,1471,0,0,0,4
ZONE_08854,1,2660,1,1,1,5
ZONE_08855,1,745,0,0,1,4
ZONE_08856,8,2787,1,1,1,1
ZONE_08857,0,1516,0,0,0,1
ZONE_08858,5,615,1,0,0,4
ZONE_08859,5,2412,0,1,1,5
ZONE_08860,9,1026,0,0,0,1
ZONE_08861,0,1202,0,1,0,1
ZONE_08862,0,2419,1,0,1,2
ZONE_08863,8,1421,0,0,1,1
ZONE_08864,5,1350,1,0,1,1
ZONE_08865,3,2841,0,0,1,2
ZONE_08866,7,1848,1,1,1,5
ZONE_08867,7,1786,0,0,0,4
ZONE_08868,5,1938,1,1,0,2
ZONE_08869,9,2012,0,0,0,2
ZONE_08870,4,2583,1,1,1,3
ZONE_08871,5,660,1,0,0,5
ZONE_08872,6,2739,1,1,0,3
ZONE_08873,1,1778,1,1,0,3
ZONE_08874,0,1867,0,0,1,1
ZONE_08875,3,2683,1,0,0,5
ZONE_08876,0,1928,0,0,1,1
ZONE_08877,1,1356,1,1,1,2
ZONE_08878,6,1141,0,0,1,4
ZONE_08879,7,1546,1,0,1,3
ZONE_08880,5,1310,0,1,0,4
ZONE_08881,2,1888,1,1,1,2
ZONE_08882,3,2459,0,1,1,1
ZONE_08883,5,1583,0,1,1,3
ZONE_08884,7,2127,0,0,1,2
ZONE_08885,7,806,0,1,0,4
ZONE_08886,1,838,1,1,0,4
ZONE_08887,7,2450,0,0,1,5
ZONE_08888,6,2758,1,1,1,5
ZONE_08889,9,859,1,0,1,5
ZONE_08890,8,716,0,1,0,2
ZONE_08891,3,1731,0,1,1,2
ZONE_08892,6,2824,1,1,0,1
ZONE_08893,9,922,1,1,0,5
ZONE_08894,1,2583,1,1,0,2
ZONE_08895,9,2550,1,1,0,4
ZONE_08896,7,2971,1,0,1,1
ZONE_08897,9,1134,0,0,1,2
ZONE_08898,3,2680,1,1,1,2
ZONE_08899,9,1789,0,1,1,2
ZONE_08900,9,1361,0,0,0,1
ZONE_08901,9,2096,1,1,0,3
ZONE_08902,7,1294,0,0,0,5
ZONE_08903,0,1483,0,0,0,5
ZONE_08904,1,2341,1,1,1,3
ZONE_08905,3,2019,1,1,0,1
ZONE_08906,4,1047,0,1,0,1
ZONE_08907,6,745,0,0,1,3
ZONE_08908,8,2826,0,1,1,1
ZONE_08909,5,632,0,1,0,3
ZONE_08910,4,1127,1,0,0,5
ZONE_08911,4,2299,0,1,0,3
ZONE_08912,7,2298,1,0,0,1
ZONE_08913,6,2427,1,1,1,2
ZONE_08914,8,1824,1,1,0,5
ZONE_08915,7,1766,0,0,0,1
ZONE_08916,7,1390,1,1,0,1
ZONE_08917,5,546,1,0,0,5
ZONE_08918,9,2586,0,1,1,5
ZONE_08919,3,1510,0,1,1,5
ZONE_08920,2,2708,1,0,1,4
ZONE_08921,2,992,1,1,1,1
ZONE_08922,8,792,0,1,1,2
ZONE_08923,2,831,0,1,0,2
ZONE_08924,8,2668,1,1,0,1
ZONE_08925,8,1620,1,0,1,2
ZONE_08926,8,665,1,0,0,2
ZONE_08927,4,1590,0,0,0,3
ZONE_08928,7,1531,0,1,0,5
ZONE_08929,0,2616,1,0,0,3
ZONE_08930,2,1068,1,1,1,5
ZONE_08931,3,580,0,0,0,1
ZONE_08932,8,1317,1,0,0,1
ZONE_08933,8,2225,1,0,1,3
ZONE_08934,9,1773,1,0,1,3
ZONE_08935,1,752,1,1,0,3
ZONE_08936,7,2471,1,0,1,2
ZONE_08937,8,2004,1,0,0,3
ZONE_08938,6,2380,0,0,1,2
ZONE_08939,2,1792,0,0,0,3
ZONE_08940,3,2871,0,1,0,3
ZONE_08941,0,1767,1,1,1,2
ZONE_08942,2,991,1,1,1,2
ZONE_08943,5,756,1,1,0,5
ZONE_08944,2,576,0,1,1,2
ZONE_08945,9,1391,0,1,0,4
ZONE_08946,0,2814,0,0,1,2
ZONE_08947,3,2759,0,1,1,1
ZONE_08948,7,1004,0,0,1,3
ZONE_08949,0,1245,1,1,1,4
ZONE_08950,2,812,1,1,0,5
ZONE_08951,6,2465,1,0,1,1
ZONE_08952,7,745,0,0,1,4
ZONE_08953,1,1435,0,1,1,3
ZONE_08954,3,1352,1,0,0,4
ZONE_08955,7,2090,0,0,1,4
ZONE_08956,2,1956,0,0,0,4
ZONE_08957,2,958,1,0,0,1
ZONE_08958,1,920,0,1,0,2
ZONE_08959,4,961,0,1,1,2
ZONE_08960,4,1262,1,1,0,2
ZONE_08961,3,2881,1,1,1,4
ZONE_08962,3,1654,0,0,1,4
ZONE_08963,0,921,0,0,1,4
ZONE_08964,9,729,1,1,1,2
ZONE_08965,1,2395,1,1,0,1
ZONE_08966,0,1030,0,0,1,5
ZONE_08967,5,2946,0,1,1,5
ZONE_08968,6,1582,1,0,0,1
ZONE_08969,4,860,1,0,1,3
ZONE_08970,4,2815,1,0,1,4
ZONE_08971,5,2504,0,1,0,2
ZONE_08972,5,2547,1,0,0,4
ZONE_08973,4,1707,1,0,1,5
ZONE_08974,6,2711,0,0,1,1
ZONE_08975,2,1791,1,0,1,4
ZONE_08976,5,589,1,0,1,1
ZONE_08977,5,1345,0,1,1,2
ZONE_08978,6,2196,1,1,0,4
ZONE_08979,3,942,0,1,0,4
ZONE_08980,7,2890,0,1,1,4
ZONE_08981,6,1246,1,1,0,5
ZONE_08982,9,1191,0,0,0,3
ZONE_08983,3,2619,1,0,1,4
ZONE_08984,0,1309,1,0,0,2
ZONE_08985,8,1104,1,1,1,2
ZONE_08986,6,2676,1,0,1,2
ZONE_08987,2,1571,0,0,1,1
ZONE_08988,5,1058,1,1,0,1
ZONE_08989,2,2008,0,1,1,5
ZONE_08990,0,889,1,0,1,3
ZONE_08991,7,1649,0,0,1,5
ZONE_08992,9,2411,1,0,1,2
ZONE_08993,5,2296,0,0,1,3
ZONE_08994,0,1955,1,0,1,1
ZONE_08995,6,2347,0,1,1,2
ZONE_08996,6,1674,1,0,1,4
ZONE_08997,7,1532,1,1,0,5
ZONE_08998,9,2630,1,1,1,2
ZONE_08999,6,2309,1,1,1,2
ZONE_09000,7,1928,0,0,1,3
ZONE_09001,9,1453,0,0,0,3
ZONE_09002,8,1439,0,1,0,2
ZONE_09003,1,1357,0,0,0,2
ZONE_09004,4,1652,0,1,1,4
ZONE_09005,2,1069,1,0,0,3
ZONE_09006,6,2942,1,1,0,2
ZONE_09007,6,895,0,0,0,1
ZONE_09008,7,1702,1,0,1,1
ZONE_09009,9,1244,0,1,0,4
ZONE_09010,8,1896,1,0,1,5
ZONE_09011,7,1076,0,0,1,3
ZONE_09012,8,1434,1,1,1,1
ZONE_09013,9,1449,1,1,0,5
ZONE_09014,2,547,1,1,1,4
ZONE_09015,0,1723,1,1,1,3
ZONE_09016,0,2105,0,0,1,3
ZONE_09017,1,1749,0,0,0,1
ZONE_09018,5,1607,0,1,1,4
ZONE_09019,0,668,0,1,1,4
ZONE_09020,9,520,1,0,1,4
ZONE_09021,4,1475,0,1,0,5
ZONE_09022,8,2818,1,1,0,3
ZONE_09023,9,2075,0,0,1,2
ZONE_09024,0,1319,0,1,1,2
ZONE_09025,5,759,1,0,0,4
ZONE_09026,2,2337,0,0,0,5
ZONE_09027,7,1302,0,0,0,2
ZONE_09028,3,2433,1,0,0,1
ZONE_09029,8,1737,0,1,0,2
ZONE_09030,5,2833,1,0,0,4
ZONE_09031,9,661,0,1,1,1
ZONE_09032,2,2893,0,0,0,5
ZONE_09033,4,2936,1,1,0,4
ZONE_09034,3,789,1,1,0,5
ZONE_09035,5,2537,1,1,1,5
ZONE_09036,0,2906,0,1,1,3
ZONE_09037,0,1978,0,1,1,3
ZONE_09038,5,2862,1,0,0,1
ZONE_09039,9,569,0,1,1,5
ZONE_09040,7,2777,1,1,0,5
ZONE_09041,6,702,1,0,1,1
ZONE_09042,6,2026,1,1,1,2
ZONE_09043,1,904,1,1,1,5
ZONE_09044,6,1467,1,1,0,3
ZONE_09045,4,2022,1,0,1,2
ZONE_09046,1,1798,1,1,0,3
ZONE_09047,2,2144,0,0,1,5
ZONE_09048,9,2876,0,1,0,3
ZONE_09049,2,1626,1,1,1,4
ZONE_09050,4,1209,1,1,0,3
ZONE_09051,9,2712,0,0,0,5
ZONE_09052,4,2804,1,1,0,4
ZONE_09053,7,625,1,1,1,5
ZONE_09054,8,2301,1,0,1,1
ZONE_09055,6,2154,0,1,0,3
ZONE_09056,3,2930,0,1,1,3
ZONE_09057,6,1043,1,1,1,5
ZONE_09058,3,2753,1,0,0,5
ZONE_09059,8,2498,1,1,1,3
ZONE_09060,4,2334,1,1,1,5
ZONE_09061,7,1158,1,0,1,5
ZONE_09062,9,2976,1,1,1,3
ZONE_09063,1,2089,0,0,1,5
ZONE_09064,8,2664,0,1,1,1
ZONE_09065,2,2837,1,0,0,4
ZONE_09066,3,1624,1,0,1,2
ZONE_09067,5,1987,1,1,0,2
ZONE_09068,4,2639,0,1,1,3
ZONE_09069,0,1263,1,0,0,4
ZONE_09070,9,1725,0,1,0,1
ZONE_09071,0,2806,0,1,0,1
ZONE_09072,3,1772,1,0,1,4
ZONE_09073,1,2908,0,1,1,5
ZONE_09074,5,804,0,1,1,3
ZONE_09075,8,2879,0,1,0,3
ZONE_09076,8,2658,1,0,0,3
ZONE_09077,8,1246,0,1,0,1
ZONE_09078,0,1671,0,0,1,2
ZONE_09079,0,1555,0,1,1,5
ZONE_09080,4,554,1,1,0,2
ZONE_09081,3,2481,0,1,0,3
ZONE_09082,3,1478,0,1,0,2
ZONE_09083,1,2300,0,1,0,1
ZONE_09084,0,2003,0,0,0,1
ZONE_09085,0,2842,0,1,1,1
ZONE_09086,4,1044,1,0,0,3
ZONE_09087,7,2099,1,1,1,2
ZONE_09088,5,789,0,0,1,2
ZONE_09089,4,2327,1,0,0,4
ZONE_09090,7,1925,0,1,1,3
ZONE_09091,1,2554,1,0,1,5
ZONE_09092,2,2130,1,0,0,5
ZONE_09093,1,2306,1,1,0,2
ZONE_09094,5,681,0,0,1,5
ZONE_09095,8,2193,0,0,1,5
ZONE_09096,7,698,0,0,1,2
ZONE_09097,0,874,0,1,0,5
ZONE_09098,8,1287,1,1,0,5
ZONE_09099,7,2419,0,0,1,3
ZONE_09100,3,1548,1,1,1,3
ZONE_09101,7,631,0,1,1,3
ZONE_09102,8,1453,1,1,0,3
ZONE_09103,8,2798,0,1,1,4
ZONE_09104,3,1606,0,0,0,5
ZONE_09105,3,2770,0,0,0,2
ZONE_09106,4,965,1,0,1,2
ZONE_09107,4,540,1,1,0,2
ZONE_09108,1,1387,1,0,1,2
ZONE_09109,0,557,0,1,1,4
ZONE_09110,5,2343,0,1,1,2
ZONE_09111,2,1901,0,1,1,5
ZONE_09112,4,764,0,0,0,3
ZONE_09113,8,2132,1,1,1,4
ZONE_09114,7,1784,0,0,1,1
ZONE_09115,7,619,0,1,1,1
ZONE_09116,1,807,1,0,1,4
ZONE_09117,8,1912,0,1,1,3
ZONE_09118,3,1139,1,1,0,3
ZONE_09119,2,558,0,0,0,1
ZONE_09120,8,2637,0,0,0,2
ZONE_09121,9,2482,1,1,0,5
ZONE_09122,0,2049,1,1,1,1
ZONE_09123,5,1032,1,0,1,4
ZONE_09124,0,1372,1,0,0,2
ZONE_09125,2,1118,1,0,1,2
ZONE_09126,2,1481,1,0,1,4
ZONE_09127,1,2090,0,0,1,3
ZONE_09128,4,1662,0,0,0,1
ZONE_09129,1,2415,1,0,0,4
ZONE_09130,6,1725,1,1,1,5
ZONE_09131,9,2532,1,1,1,2
ZONE_09132,2,711,1,1,1,4
ZONE_09133,9,879,0,0,0,1
ZONE_09134,7,2315,1,0,0,4
ZONE_09135,1,2299,1,1,1,2
ZONE_09136,5,1608,0,1,0,1
ZONE_09137,4,2311,1,0,0,3
ZONE_09138,7,927,0,0,1,5
ZONE_09139,4,700,1,0,0,1
ZONE_09140,5,561,0,1,1,5
ZONE_09141,5,614,1,0,1,1
ZONE_09142,4,994,1,0,0,2
ZONE_09143,2,1913,0,1,0,2
ZONE_09144,0,2172,1,1,0,2
ZONE_09145,3,559,0,1,0,4
ZONE_09146,2,2331,1,1,1,3
ZONE_09147,9,603,1,0,1,5
ZONE_09148,1,1931,0,0,0,3
ZONE_09149,4,1280,1,1,1,2
ZONE_09150,1,877,1,0,0,3
ZONE_09151,5,2086,1,0,0,5
ZONE_09152,0,1980,0,1,0,3
ZONE_09153,3,2045,1,0,0,3
ZONE_09154,5,1876,1,0,1,4
ZONE_09155,0,1093,1,0,0,3
ZONE_09156,9,2693,1,0,0,3
ZONE_09157,6,2446,0,1,0,2
ZONE_09158,1,1915,1,0,1,1
ZONE_09159,5,2263,1,1,0,4
ZONE_09160,9,634,1,1,0,4
ZONE_09161,4,1339,1,0,1,5
ZONE_09162,2,988,0,0,1,5
ZONE_09163,6,2849,1,1,1,2
ZONE_09164,7,610,1,1,1,1
ZONE_09165,6,2762,1,1,0,1
ZONE_09166,5,947,1,0,1,5
ZONE_09167,8,2497,1,1,0,4
ZONE_09168,4,1460,1,1,1,5
ZONE_09169,1,1402,1,1,0,5
ZONE_09170,3,1712,1,1,1,4
ZONE_09171,3,1110,1,0,0,3
ZONE_09172,7,1682,1,0,0,1
ZONE_09173,1,511,1,0,0,5
ZONE_09174,9,1196,1,0,0,4
ZONE_09175,3,1302,1,0,1,4
ZONE_09176,6,534,0,0,0,4
ZONE_09177,7,2067,1,0,1,5
ZONE_09178,1,2955,0,1,1,3
ZONE_09179,7,2792,1,0,0,2
ZONE_09180,4,1495,1,1,1,2
ZONE_09181,2,901,1,1,1,1
ZONE_09182,4,2546,0,0,1,3
ZONE_09183,8,2229,1,1,1,5
ZONE_09184,6,612,0,1,1,5
ZONE_09185,8,1582,0,0,1,4
ZONE_09186,1,1713,1,0,1,2
ZONE_09187,8,2829,1,0,1,1
ZONE_09188,7,1599,1,1,1,3
ZONE_09189,1,1062,1,1,0,3
ZONE_09190,2,1172,0,0,0,1
ZONE_09191,7,2308,0,1,0,3
ZONE_09192,6,2852,1,0,0,5
ZONE_09193,1,1450,0,0,0,2
ZONE_09194,9,2452,0,0,0,2
ZONE_09195,2,2466,1,1,0,3
ZONE_09196,5,2647,0,1,1,4
ZONE_09197,6,2147,1,1,1,4
ZONE_09198,0,1838,1,0,1,1
ZONE_09199,3,2872,1,0,1,3
ZONE_09200,9,1393,1,0,1,3
ZONE_09201,8,2021,1,1,0,4
ZONE_09202,8,665,1,1,1,3
ZONE_09203,2,1264,0,1,1,5
ZONE_09204,8,1133,1,0,1,4
ZONE_09205,3,994,1,1,0,1
ZONE_09206,5,2343,1,0,0,2
ZONE_09207,2,2233,0,1,1,4
ZONE_09208,1,1457,0,1,1,5
ZONE_09209,8,1700,0,1,1,3
ZONE_09210,6,2751,0,1,0,5
ZONE_09211,2,1967,1,1,1,5
ZONE_09212,6,2416,1,0,1,4
ZONE_09213,8,1238,1,1,0,4
ZONE_09214,7,793,1,0,0,2
ZONE_09215,3,1171,0,1,0,4
ZONE_09216,7,1265,1,0,0,3
ZONE_09217,8,2034,0,1,1,5
ZONE_09218,7,2541,0,0,0,2
ZONE_09219,5,1903,0,0,0,2
ZONE_09220,1,574,1,0,0,3
ZONE_09221,9,1781,0,1,1,2
ZONE_09222,3,2343,1,1,1,1
ZONE_09223,4,777,1,0,1,5
ZONE_09224,4,1982,1,1,1,2
ZONE_09225,2,1548,1,1,0,5
ZONE_09226,2,1858,1,0,0,4
ZONE_09227,3,2147,1,1,1,5
ZONE_09228,7,1467,0,1,0,5
ZONE_09229,7,718,1,1,1,2
ZONE_09230,9,938,0,1,1,2
ZONE_09231,9,2686,0,0,0,2
ZONE_09232,5,2920,1,0,0,1
ZONE_09233,5,1099,0,1,1,2
ZONE_09234,7,2026,0,1,1,4
ZONE_09235,0,1432,0,0,1,2
ZONE_09236,2,1819,0,0,0,2
ZONE_09237,1,1189,1,0,0,2
ZONE_09238,5,1855,1,1,0,1
ZONE_09239,2,2748,1,1,1,3
ZONE_09240,4,1048,1,0,0,3
ZONE_09241,9,2293,1,0,0,5
ZONE_09242,2,1710,0,0,0,2
ZONE_09243,4,2081,1,0,1,1
ZONE_09244,7,2688,1,0,0,2
ZONE_09245,8,2814,1,0,0,2
ZONE_09246,6,2075,0,1,1,2
ZONE_09247,5,1619,1,1,0,5
ZONE_09248,8,2730,1,0,0,1
ZONE_09249,6,689,0,1,0,4
ZONE_09250,5,940,1,1,1,3
ZONE_09251,6,2048,1,0,0,2
ZONE_09252,5,881,0,0,1,2
ZONE_09253,4,2562,1,1,0,3
ZONE_09254,6,742,1,1,1,4
ZONE_09255,6,2725,0,1,1,1
ZONE_09256,5,2008,0,1,1,5
ZONE_09257,5,1475,1,0,1,2
ZONE_09258,1,622,1,0,0,3
ZONE_09259,9,2442,1,1,1,5
ZONE_09260,1,585,0,0,1,2
ZONE_09261,1,902,0,1,0,5
ZONE_09262,2,2248,1,0,1,4
ZONE_09263,8,2368,1,0,0,3
ZONE_09264,7,1358,1,0,0,1
ZONE_09265,7,2845,0,0,1,2
ZONE_09266,8,2195,1,0,0,5
ZONE_09267,7,1445,1,1,0,2
ZONE_09268,1,1569,0,0,0,2
ZONE_09269,8,1532,0,0,1,5
ZONE_09270,4,969,0,1,0,1
ZONE_09271,8,2081,0,1,1,2
ZONE_09272,7,1005,0,0,1,2
ZONE_09273,4,2343,1,0,1,3
ZONE_09274,9,1607,1,1,1,1
ZONE_09275,9,1809,1,0,0,1
ZONE_09276,0,2704,0,1,1,2
ZONE_09277,4,1221,1,1,1,5
ZONE_09278,4,2092,1,0,0,2
ZONE_09279,4,2274,0,0,1,2
ZONE_09280,1,2992,1,0,0,3
ZONE_09281,7,1874,0,1,1,4
ZONE_09282,2,970,1,1,1,5
ZONE_09283,8,2040,1,1,1,5
ZONE_09284,8,2282,1,1,1,2
ZONE_09285,8,1273,0,1,0,2
ZONE_09286,2,2968,0,0,0,4
ZONE_09287,1,2004,0,1,1,1
ZONE_09288,2,2153,0,0,1,3
ZONE_09289,9,1259,1,0,0,1
ZONE_09290,5,1632,0,1,0,1
ZONE_09291,3,592,0,1,1,1
ZONE_09292,2,1111,0,1,0,2
ZONE_09293,8,2538,1,0,0,5
ZONE_09294,6,791,1,1,1,1
ZONE_09295,1,624,1,0,0,5
ZONE_09296,0,2340,0,0,0,5
ZONE_09297,3,1558,0,1,1,4
ZONE_09298,3,2219,0,1,1,2
ZONE_09299,3,1587,0,0,1,5
ZONE_09300,1,1182,1,0,0,4
ZONE_09301,0,2416,1,0,0,1
ZONE_09302,0,2870,0,0,0,1
ZONE_09303,3,1149,1,1,0,3
ZONE_09304,9,2608,0,0,0,2
ZONE_09305,8,1340,0,0,0,3
ZONE_09306,7,898,1,1,1,2
ZONE_09307,2,1010,1,1,0,4
ZONE_09308,1,686,0,0,0,3
ZONE_09309,8,2907,1,0,1,2
ZONE_09310,9,819,1,1,1,2
ZONE_09311,5,2200,1,0,0,1
ZONE_09312,9,2650,1,0,1,4
ZONE_09313,6,2508,1,0,1,2
ZONE_09314,9,1201,0,1,0,1
ZONE_09315,3,1771,0,0,0,3
ZONE_09316,8,2887,0,0,0,3
ZONE_09317,0,2431,1,1,1,5
ZONE_09318,7,877,1,0,0,2
ZONE_09319,4,1191,0,0,1,3
ZONE_09320,5,1803,1,0,0,2
ZONE_09321,3,1692,1,0,1,2
ZONE_09322,9,2545,0,1,0,5
ZONE_09323,1,1390,1,1,0,1
ZONE_09324,5,926,1,1,0,3
ZONE_09325,3,1723,0,1,1,5
ZONE_09326,7,1447,1,1,1,3
ZONE_09327,2,2285,1,1,1,4
ZONE_09328,3,1727,1,1,1,2
ZONE_09329,1,2554,0,1,1,3
ZONE_09330,5,672,0,1,0,2
ZONE_09331,3,2518,1,0,1,4
ZONE_09332,3,516,1,1,1,2
ZONE_09333,4,1463,0,1,1,5
ZONE_09334,5,568,1,1,0,5
ZONE_09335,4,2297,0,0,0,5
ZONE_09336,9,781,0,0,0,2
ZONE_09337,5,2918,1,0,0,3
ZONE_09338,2,772,0,0,0,5
ZONE_09339,2,2559,0,1,1,3
ZONE_09340,8,1693,0,1,0,4
ZONE_09341,1,2012,0,1,0,5
ZONE_09342,8,1588,1,1,1,4
ZONE_09343,6,2303,0,0,1,3
ZONE_09344,3,2968,0,0,1,4
ZONE_09345,7,2354,1,1,1,5
ZONE_09346,1,906,1,1,1,5
ZONE_09347,2,1393,0,0,0,5
ZONE_09348,0,998,0,0,1,3
ZONE_09349,8,1205,1,1,0,4
ZONE_09350,4,1376,0,0,1,4
ZONE_09351,5,1793,1,0,0,5
ZONE_09352,2,2582,0,1,0,5
ZONE_09353,1,2521,1,0,1,1
ZONE_09354,8,1423,1,0,1,5
ZONE_09355,6,2334,0,1,0,5
ZONE_09356,7,636,0,0,1,4
ZONE_09357,6,672,1,1,1,3
ZONE_09358,8,976,1,0,1,5
ZONE_09359,1,2383,1,0,1,1
ZONE_09360,6,2006,1,1,1,2
ZONE_09361,9,2087,0,1,0,1
ZONE_09362,9,1500,1,1,0,2
ZONE_09363,3,1656,1,1,1,3
ZONE_09364,8,832,0,0,1,3
ZONE_09365,7,2912,0,1,0,2
ZONE_09366,6,2655,0,0,0,3
ZONE_09367,5,1858,0,1,0,4
ZONE_09368,0,857,1,1,1,3
ZONE_09369,6,878,0,0,1,5
ZONE_09370,8,2216,1,0,0,1
ZONE_09371,1,990,0,1,0,4
ZONE_09372,4,1262,1,1,0,3
ZONE_09373,5,1576,0,1,1,3
ZONE_09374,9,2199,0,1,0,5
ZONE_09375,0,1492,0,1,1,4
ZONE_09376,7,776,0,1,1,4
ZONE_09377,4,1950,0,1,0,3
ZONE_09378,0,2770,1,0,0,1
ZONE_09379,6,1983,1,0,1,3
ZONE_09380,3,1276,1,1,1,3
ZONE_09381,5,1858,0,0,0,4
ZONE_09382,6,2551,0,1,0,3
ZONE_09383,7,1413,0,1,0,1
ZONE_09384,7,549,1,0,1,4
ZONE_09385,6,2722,1,1,1,3
ZONE_09386,6,2896,0,1,0,3
ZONE_09387,0,1329,0,1,0,1
ZONE_09388,3,648,0,1,1,2
ZONE_09389,1,1766,1,1,0,4
ZONE_09390,5,2174,0,1,0,4
ZONE_09391,8,1186,0,1,0,5
ZONE_09392,8,873,0,1,1,2
ZONE_09393,7,900,1,1,0,5
ZONE_09394,7,1127,0,1,0,5
ZONE_09395,6,2629,1,1,0,4
ZONE_09396,3,2125,1,1,1,1
ZONE_09397,2,591,0,0,0,3
ZONE_09398,3,669,1,0,1,1
ZONE_09399,8,954,1,1,1,1
ZONE_09400,0,2959,1,0,1,2
ZONE_09401,5,1954,0,0,1,5
ZONE_09402,3,2286,0,0,0,2
ZONE_09403,1,2387,0,0,1,4
ZONE_09404,7,909,0,1,1,3
ZONE_09405,5,2776,1,0,0,3
ZONE_09406,3,1459,1,0,0,1
ZONE_09407,8,614,0,1,1,1
ZONE_09408,0,1419,0,0,1,1
ZONE_09409,1,1105,0,0,0,4
ZONE_09410,4,709,1,0,1,5
ZONE_09411,4,673,0,0,1,3
ZONE_09412,5,1958,1,0,1,3
ZONE_09413,5,2633,0,1,0,5
ZONE_09414,2,2512,0,0,1,2
ZONE_09415,3,549,1,1,0,1
ZONE_09416,0,1564,1,0,0,3
ZONE_09417,1,1441,0,0,1,4
ZONE_09418,8,2844,1,1,1,2
ZONE_09419,7,1541,0,1,1,3
ZONE_09420,3,2029,0,1,0,2
ZONE_09421,9,503,1,0,0,2
ZONE_09422,4,863,0,1,1,3
ZONE_09423,7,1157,0,1,0,2
ZONE_09424,3,2254,0,0,0,3
ZONE_09425,2,2188,0,1,1,3
ZONE_09426,5,2564,1,1,0,5
ZONE_09427,0,2124,1,0,1,5
ZONE_09428,3,2004,0,1,0,2
ZONE_09429,5,523,1,0,1,2
ZONE_09430,1,630,0,0,0,3
ZONE_09431,0,2310,0,0,0,2
ZONE_09432,3,2469,1,0,0,1
ZONE_09433,2,2439,0,1,0,3
ZONE_09434,0,2488,1,1,0,3
ZONE_09435,0,2438,0,0,1,3
ZONE_09436,3,1184,1,0,1,3
ZONE_09437,3,1837,0,0,0,1
ZONE_09438,9,1197,1,0,1,4
ZONE_09439,9,1092,1,0,0,1
ZONE_09440,8,522,1,0,1,3
ZONE_09441,6,1448,1,0,1,2
ZONE_09442,6,1232,1,0,1,2
ZONE_09443,4,2121,1,1,1,2
ZONE_09444,8,793,0,1,1,3
ZONE_09445,9,1070,1,1,0,3
ZONE_09446,7,2495,1,0,1,5
ZONE_09447,2,1752,1,0,1,4
ZONE_09448,8,1109,0,0,0,3
ZONE_09449,1,1120,1,0,1,3
ZONE_09450,1,2721,0,1,1,3
ZONE_09451,9,793,1,0,1,2
ZONE_09452,6,643,1,0,0,1
ZONE_09453,6,2500,1,1,0,5
ZONE_09454,7,1534,1,0,1,3
ZONE_09455,5,1245,1,1,1,5
ZONE_09456,5,1423,0,0,1,1
ZONE_09457,1,1368,1,1,1,2
ZONE_09458,6,875,0,1,0,4
ZONE_09459,9,1141,0,0,0,2
ZONE_09460,5,2633,0,1,0,5
ZONE_09461,9,2852,1,1,0,4
ZONE_09462,8,1182,1,1,0,3
ZONE_09463,6,936,0,0,0,2
ZONE_09464,6,2363,1,0,0,5
ZONE_09465,6,2579,1,0,0,1
ZONE_09466,1,1044,1,1,0,1
ZONE_09467,9,612,0,1,0,4
ZONE_09468,7,795,1,0,1,1
ZONE_09469,5,2568,0,1,0,4
ZONE_09470,0,2341,1,0,1,4
ZONE_09471,0,1960,1,1,0,4
ZONE_09472,3,2989,0,0,0,4
ZONE_09473,1,2715,1,1,1,4
ZONE_09474,7,1036,1,1,1,3
ZONE_09475,3,2416,1,1,0,1
ZONE_09476,4,1020,1,1,0,4
ZONE_09477,6,1492,1,1,1,1
ZONE_09478,4,1284,0,1,0,3
ZONE_09479,7,1996,1,1,1,3
ZONE_09480,8,2083,1,1,0,2
ZONE_09481,2,549,1,1,0,2
ZONE_09482,0,1859,1,0,1,1
ZONE_09483,7,2213,0,1,0,2
ZONE_09484,5,1506,0,1,1,3
ZONE_09485,2,2332,1,0,0,4
ZONE_09486,2,2650,1,1,1,3
ZONE_09487,7,2089,1,1,1,1
ZONE_09488,7,745,0,1,1,3
ZONE_09489,6,1056,1,1,1,5
ZONE_09490,4,1584,0,0,1,1
ZONE_09491,7,1330,1,1,1,4
ZONE_09492,1,1087,1,0,1,3
ZONE_09493,0,1686,0,0,0,2
ZONE_09494,8,620,1,0,0,5
ZONE_09495,2,2321,1,0,1,4
ZONE_09496,6,2475,1,0,0,2
ZONE_09497,0,1353,0,1,0,4
ZONE_09498,1,2720,0,1,1,1
ZONE_09499,8,2969,1,1,1,5
ZONE_09500,6,526,1,0,0,1
ZONE_09501,3,2085,0,0,0,2
ZONE_09502,7,995,1,0,0,4
ZONE_09503,3,1521,0,1,0,3
ZONE_09504,7,2604,0,0,0,1
ZONE_09505,6,1993,1,0,1,5
ZONE_09506,9,1450,0,0,1,4
ZONE_09507,9,819,1,0,1,4
ZONE_09508,6,2390,1,0,1,2
ZONE_09509,9,2928,1,1,0,5
ZONE_09510,7,1764,0,0,0,3
ZONE_09511,7,2072,0,1,0,4
ZONE_09512,9,909,1,0,1,3
ZONE_09513,5,2749,1,0,1,2
ZONE_09514,7,1279,0,1,0,2
ZONE_09515,1,2347,1,0,0,4
ZONE_09516,7,2621,0,1,1,1
ZONE_09517,5,1122,0,0,0,4
ZONE_09518,7,2625,1,1,0,1
ZONE_09519,4,2883,1,1,0,1
ZONE_09520,0,772,0,1,0,3
ZONE_09521,4,1393,0,0,0,1
ZONE_09522,4,1590,0,1,0,5
ZONE_09523,2,2829,1,0,1,2
ZONE_09524,8,1905,1,1,0,4
ZONE_09525,6,2315,0,0,0,4
ZONE_09526,7,1477,1,1,1,5
ZONE_09527,2,2887,1,0,1,2
ZONE_09528,6,2214,1,0,1,1
ZONE_09529,9,1840,0,1,0,3
ZONE_09530,9,2116,0,1,0,2
ZONE_09531,7,2551,1,1,0,4
ZONE_09532,4,2845,0,1,1,2
ZONE_09533,4,511,1,0,1,3
ZONE_09534,7,1657,0,0,0,4
ZONE_09535,8,2506,0,0,1,5
ZONE_09536,0,2855,1,0,1,2
ZONE_09537,1,2783,0,1,1,3
ZONE_09538,1,592,0,0,0,1
ZONE_09539,7,2705,0,1,1,4
ZONE_09540,3,2027,1,1,0,5
ZONE_09541,7,2379,1,0,0,1
ZONE_09542,6,2427,0,0,0,3
ZONE_09543,7,931,0,1,1,3
ZONE_09544,6,702,1,0,0,5
ZONE_09545,3,1379,1,0,1,1
ZONE_09546,3,2941,0,1,0,3
ZONE_09547,0,659,1,1,1,1
ZONE_09548,6,2687,0,1,0,1
ZONE_09549,0,2537,1,0,0,3
ZONE_09550,1,1824,1,0,1,2
ZONE_09551,0,1487,0,1,0,3
ZONE_09552,1,687,0,0,0,2
ZONE_09553,9,2354,1,1,0,5
ZONE_09554,2,1492,0,1,1,1
ZONE_09555,5,2149,0,1,1,1
ZONE_09556,2,1438,1,0,0,1
ZONE_09557,0,1990,0,0,1,3
ZONE_09558,2,883,1,0,1,3
ZONE_09559,9,826,0,1,1,1
ZONE_09560,3,1869,1,1,1,5
ZONE_09561,7,1946,1,0,1,2
ZONE_09562,1,1527,0,0,1,5
ZONE_09563,5,1872,1,1,0,3
ZONE_09564,5,1102,1,0,1,3
ZONE_09565,3,1188,1,1,1,3
ZONE_09566,0,1072,0,0,1,4
ZONE_09567,3,1919,1,0,0,1
ZONE_09568,2,1334,0,1,0,1
ZONE_09569,4,2205,1,0,0,5
ZONE_09570,3,1849,1,1,0,3
ZONE_09571,6,1595,1,0,1,3
ZONE_09572,5,2444,0,1,0,2
ZONE_09573,2,1190,1,1,1,3
ZONE_09574,2,2924,1,1,1,4
ZONE_09575,7,573,1,0,1,4
ZONE_09576,9,2307,1,0,0,1
ZONE_09577,0,2910,0,1,1,2
ZONE_09578,6,2543,0,1,1,5
ZONE_09579,7,681,1,1,1,4
ZONE_09580,5,1571,1,1,1,2
ZONE_09581,8,1256,0,1,0,3
ZONE_09582,5,2021,1,0,1,2
ZONE_09583,1,831,1,1,0,1
ZONE_09584,6,1731,1,0,1,1
ZONE_09585,3,510,1,0,0,2
ZONE_09586,2,1072,0,0,0,3
ZONE_09587,8,1402,1,1,0,3
ZONE_09588,3,2995,1,0,1,1
ZONE_09589,7,1346,1,0,0,2
ZONE_09590,5,2069,1,1,1,1
ZONE_09591,5,2005,1,1,0,3
ZONE_09592,2,1232,0,1,0,2
ZONE_09593,5,2985,1,0,0,3
ZONE_09594,4,2769,1,1,1,4
ZONE_09595,0,2829,1,1,0,4
ZONE_09596,6,1696,0,0,0,1
ZONE_09597,3,1589,1,0,0,4
ZONE_09598,9,2138,0,0,1,1
ZONE_09599,2,592,0,0,1,4
ZONE_09600,8,1546,1,0,0,4
ZONE_09601,5,573,1,1,0,5
ZONE_09602,3,1197,1,1,0,4
ZONE_09603,5,1707,1,0,0,2
ZONE_09604,9,1161,0,0,0,5
ZONE_09605,2,2070,0,1,1,1
ZONE_09606,2,1963,1,0,0,2
ZONE_09607,7,2473,1,0,0,3
ZONE_09608,5,1733,0,0,0,4
ZONE_09609,6,2169,1,0,1,2
ZONE_09610,0,2107,0,0,1,2
ZONE_09611,4,853,0,0,1,5
ZONE_09612,6,653,0,0,1,5
ZONE_09613,7,1381,1,0,0,1
ZONE_09614,8,1104,0,0,1,1
ZONE_09615,3,1456,0,0,1,5
ZONE_09616,9,1950,1,0,1,2
ZONE_09617,1,641,0,1,1,3
ZONE_09618,9,2498,0,1,0,5
ZONE_09619,2,717,1,0,0,5
ZONE_09620,3,2801,1,0,1,3
ZONE_09621,9,2300,0,1,1,1
ZONE_09622,1,1059,0,1,0,2
ZONE_09623,4,2774,1,1,0,5
ZONE_09624,8,2602,0,0,1,3
ZONE_09625,4,2221,1,0,1,4
ZONE_09626,2,636,1,1,1,4
ZONE_09627,8,1668,1,1,1,2
ZONE_09628,7,2584,1,0,1,2
ZONE_09629,8,1964,0,0,0,4
ZONE_09630,1,562,1,0,0,5
ZONE_09631,9,2833,0,0,0,5
ZONE_09632,2,742,1,1,0,3
ZONE_09633,0,958,0,0,1,5
ZONE_09634,8,991,1,1,0,3
ZONE_09635,7,1547,0,1,1,3
ZONE_09636,3,969,1,1,1,3
ZONE_09637,2,2084,1,1,1,4
ZONE_09638,3,1837,1,0,0,3
ZONE_09639,1,1097,1,0,0,3
ZONE_09640,1,1261,1,0,0,4
ZONE_09641,6,2888,1,0,0,5
ZONE_09642,2,1311,0,0,1,3
ZONE_09643,9,717,0,0,0,5
ZONE_09644,6,2039,1,0,1,2
ZONE_09645,8,863,0,1,0,4
ZONE_09646,2,2925,1,0,1,4
ZONE_09647,4,878,1,1,0,2
ZONE_09648,0,957,0,1,0,2
ZONE_09649,2,2677,0,0,0,2
ZONE_09650,2,1681,0,1,1,5
ZONE_09651,3,1742,0,1,0,4
ZONE_09652,1,1152,1,0,0,1
ZONE_09653,1,2001,0,0,0,3
ZONE_09654,2,682,0,1,1,3
ZONE_09655,8,2593,0,1,0,2
ZONE_09656,6,2747,0,1,1,4
ZONE_09657,5,1174,1,1,1,2
ZONE_09658,2,1472,0,1,0,4
ZONE_09659,3,1159,0,1,0,1
ZONE_09660,6,2260,1,0,0,4
ZONE_09661,2,2627,0,0,0,4
ZONE_09662,6,1580,0,1,0,2
ZONE_09663,8,1316,0,0,1,5
ZONE_09664,5,2399,0,0,0,5
ZONE_09665,8,1240,1,0,1,2
ZONE_09666,5,2849,0,1,1,2
ZONE_09667,3,1067,0,0,0,2
ZONE_09668,9,2973,0,1,1,3
ZONE_09669,7,764,1,0,0,1
ZONE_09670,3,1354,1,0,0,3
ZONE_09671,9,1750,0,1,0,1
ZONE_09672,6,1945,0,1,0,2
ZONE_09673,6,2816,0,0,0,3
ZONE_09674,1,2316,1,0,1,5
ZONE_09675,3,971,0,0,1,1
ZONE_09676,7,995,0,1,1,1
ZONE_09677,1,2831,0,0,1,2
ZONE_09678,6,1678,0,1,0,5
ZONE_09679,4,1754,0,0,0,4
ZONE_09680,7,2502,1,0,1,5
ZONE_09681,9,2214,0,0,0,2
ZONE_09682,3,917,1,1,1,5
ZONE_09683,3,1761,1,0,1,3
ZONE_09684,0,2820,0,1,0,5
ZONE_09685,9,1814,0,0,0,5
ZONE_09686,9,1418,0,1,0,3
ZONE_09687,3,556,1,1,0,5
ZONE_09688,0,2813,0,1,1,4
ZONE_09689,7,2952,1,0,0,1
ZONE_09690,9,2663,0,0,0,3
ZONE_09691,4,1076,0,0,0,4
ZONE_09692,1,1133,0,0,1,1
ZONE_09693,9,685,1,0,0,4
ZONE_09694,1,1964,0,0,0,5
ZONE_09695,0,1793,1,1,1,2
ZONE_09696,3,2394,0,0,0,2
ZONE_09697,5,2731,1,1,1,4
ZONE_09698,6,2625,0,1,0,5
ZONE_09699,6,1756,1,0,1,4
ZONE_09700,2,2503,1,0,1,3
ZONE_09701,2,524,0,1,0,2
ZONE_09702,2,1902,1,0,0,5
ZONE_09703,1,2711,0,0,1,1
ZONE_09704,0,1263,1,1,0,5
ZONE_09705,4,1042,0,1,0,4
ZONE_09706,2,1126,1,1,0,1
ZONE_09707,7,826,0,1,0,4
ZONE_09708,5,502,0,0,0,5
ZONE_09709,1,1261,0,1,1,2
ZONE_09710,9,1706,0,1,0,4
ZONE_09711,0,2071,1,1,1,1
ZONE_09712,2,2801,1,0,1,4
ZONE_09713,9,1412,0,0,1,2
ZONE_09714,4,831,1,1,0,2
ZONE_09715,3,1168,0,0,0,3
ZONE_09716,1,933,1,1,1,1
ZONE_09717,6,2375,1,0,0,5
ZONE_09718,0,2190,0,1,0,2
ZONE_09719,5,991,0,0,0,2
ZONE_09720,2,1323,1,1,0,2
ZONE_09721,5,1871,0,1,0,3
ZONE_09722,7,1661,0,1,0,2
ZONE_09723,6,1422,1,1,1,1
ZONE_09724,6,799,1,0,0,2
ZONE_09725,4,828,1,0,1,4
ZONE_09726,0,2413,0,1,0,4
ZONE_09727,0,1620,1,1,1,3
ZONE_09728,3,1877,1,1,1,3
ZONE_09729,5,1620,1,0,1,1
ZONE_09730,0,2200,0,0,0,4
ZONE_09731,5,2551,0,1,1,5
ZONE_09732,9,1644,1,0,0,5
ZONE_09733,1,2359,1,1,0,5
ZONE_09734,1,753,1,0,1,4
ZONE_09735,2,868,0,1,1,4
ZONE_09736,1,521,1,0,0,2
ZONE_09737,4,2996,1,1,1,1
ZONE_09738,4,2713,1,0,0,4
ZONE_09739,7,1649,1,0,0,2
ZONE_09740,7,1386,0,0,0,3
ZONE_09741,8,1464,1,0,0,4
ZONE_09742,7,728,0,1,1,5
ZONE_09743,3,1012,1,0,1,2
ZONE_09744,4,843,1,0,0,2
ZONE_09745,0,2957,1,0,1,2
ZONE_09746,4,2797,0,0,0,3
ZONE_09747,3,1660,1,0,0,3
ZONE_09748,3,2341,1,0,1,1
ZONE_09749,8,2105,1,0,1,3
ZONE_09750,2,1629,1,1,0,3
ZONE_09751,0,865,0,0,0,3
ZONE_09752,3,2636,1,1,0,4
ZONE_09753,3,1774,1,0,0,4
ZONE_09754,0,1079,0,1,0,3
ZONE_09755,8,1184,0,0,1,4
ZONE_09756,8,622,0,0,1,1
ZONE_09757,1,2221,0,0,1,2
ZONE_09758,6,2476,1,1,0,4
ZONE_09759,9,1912,1,1,1,2
ZONE_09760,8,1947,0,0,0,4
ZONE_09761,4,2554,0,0,1,5
ZONE_09762,6,1450,0,0,0,3
ZONE_09763,8,1713,1,0,1,2
ZONE_09764,1,2710,1,1,1,1
ZONE_09765,8,1098,0,1,1,5
ZONE_09766,8,1801,0,0,1,2
ZONE_09767,9,972,0,1,0,3
ZONE_09768,6,1451,1,0,0,3
ZONE_09769,6,1514,1,1,1,4
ZONE_09770,8,906,0,1,1,2
ZONE_09771,5,2405,1,1,0,4
ZONE_09772,2,505,0,1,0,3
ZONE_09773,2,2809,0,1,0,1
ZONE_09774,4,552,0,1,1,2
ZONE_09775,8,1448,0,1,1,4
ZONE_09776,4,1422,1,0,1,2
ZONE_09777,5,2899,1,0,1,5
ZONE_09778,8,1401,1,0,1,2
ZONE_09779,9,1777,0,1,1,1
ZONE_09780,3,2632,1,1,1,1
ZONE_09781,8,2927,1,0,1,3
ZONE_09782,0,1549,1,0,0,4
ZONE_09783,7,2916,0,1,0,5
ZONE_09784,4,918,0,1,1,1
ZONE_09785,9,841,0,0,1,4
ZONE_09786,6,632,0,0,1,5
ZONE_09787,4,1115,1,0,1,4
ZONE_09788,0,2649,0,1,1,2
ZONE_09789,4,1538,0,1,0,2
ZONE_09790,1,1041,0,0,1,5
ZONE_09791,9,2765,1,0,1,1
ZONE_09792,3,1110,1,0,0,5
ZONE_09793,0,1535,1,1,0,5
ZONE_09794,2,838,0,0,1,2
ZONE_09795,4,1498,1,1,1,3
ZONE_09796,0,2845,0,0,0,1
ZONE_09797,0,2073,1,0,0,4
ZONE_09798,7,1556,0,0,1,2
ZONE_09799,1,602,0,1,0,2
ZONE_09800,6,2316,1,0,1,2
ZONE_09801,4,1800,0,0,1,1
ZONE_09802,1,942,0,1,0,3
ZONE_09803,1,2405,1,0,1,4
ZONE_09804,6,991,0,1,0,3
ZONE_09805,3,2543,0,1,0,5
ZONE_09806,8,694,1,1,1,3
ZONE_09807,7,774,1,1,0,5
ZONE_09808,2,1547,1,0,1,2
ZONE_09809,2,1420,0,1,0,1
ZONE_09810,6,2081,1,0,0,1
ZONE_09811,9,2858,1,1,1,1
ZONE_09812,4,2345,0,0,0,5
ZONE_09813,2,1496,0,0,0,1
ZONE_09814,9,2017,1,1,0,2
ZONE_09815,8,2476,1,1,1,1
ZONE_09816,0,1274,1,0,1,3
ZONE_09817,1,2162,0,0,1,4
ZONE_09818,2,2167,0,1,1,1
ZONE_09819,3,634,1,1,0,3
ZONE_09820,9,2324,1,0,1,3
ZONE_09821,9,1326,1,0,0,3
ZONE_09822,6,1256,1,1,1,2
ZONE_09823,2,2878,0,1,0,4
ZONE_09824,8,1602,0,0,1,3
ZONE_09825,2,2148,1,1,1,3
ZONE_09826,3,1953,1,0,1,5
ZONE_09827,1,2213,0,1,1,2
ZONE_09828,1,1594,1,0,0,3
ZONE_09829,9,728,0,1,1,1
ZONE_09830,8,1791,0,0,1,1
ZONE_09831,4,2686,1,1,1,3
ZONE_09832,4,1775,0,1,1,5
ZONE_09833,1,2979,1,1,0,4
ZONE_09834,3,1494,0,0,1,5
ZONE_09835,0,2666,1,1,1,1
ZONE_09836,9,2961,1,1,0,5
ZONE_09837,7,2611,1,0,1,2
ZONE_09838,8,2666,0,0,0,2
ZONE_09839,5,1073,1,0,0,4
ZONE_09840,0,551,0,1,0,2
ZONE_09841,7,1507,0,1,1,4
ZONE_09842,6,2715,0,1,0,2
ZONE_09843,8,1606,0,0,1,5
ZONE_09844,7,1463,1,1,1,3
ZONE_09845,8,1752,1,1,0,1
ZONE_09846,0,675,0,0,1,3
ZONE_09847,4,1945,0,1,1,3
ZONE_09848,0,2012,0,0,1,5
ZONE_09849,8,1679,1,1,1,3
ZONE_09850,3,1875,0,1,1,4
ZONE_09851,4,1162,0,1,1,5
ZONE_09852,4,1429,0,0,0,1
ZONE_09853,2,1866,1,0,1,4
ZONE_09854,0,2873,1,0,1,5
ZONE_09855,8,1024,0,1,1,5
ZONE_09856,4,1878,0,0,1,4
ZONE_09857,6,992,0,0,0,4
ZONE_09858,8,1428,0,1,1,1
ZONE_09859,6,851,1,1,0,4
ZONE_09860,4,2911,1,0,1,3
ZONE_09861,8,2240,0,1,1,1
ZONE_09862,5,1292,0,1,1,1
ZONE_09863,3,1177,1,1,1,4
ZONE_09864,1,1068,1,0,0,3
ZONE_09865,0,2959,0,1,1,4
ZONE_09866,3,2293,0,1,1,3
ZONE_09867,3,2104,1,1,1,4
ZONE_09868,1,1101,1,1,0,1
ZONE_09869,6,664,0,1,1,3
ZONE_09870,9,2607,0,1,1,1
ZONE_09871,5,2335,1,0,0,5
ZONE_09872,3,2701,0,0,0,5
ZONE_09873,2,757,0,1,1,1
ZONE_09874,8,2963,1,0,0,5
ZONE_09875,9,2523,1,0,1,4
ZONE_09876,4,524,1,0,0,5
ZONE_09877,1,744,0,1,1,5
ZONE_09878,3,1234,1,0,0,4
ZONE_09879,7,2141,1,1,0,1
ZONE_09880,8,849,1,1,1,5
ZONE_09881,6,2644,0,0,0,5
ZONE_09882,8,2775,1,1,0,4
ZONE_09883,8,2625,1,1,0,2
ZONE_09884,9,1480,0,0,1,4
ZONE_09885,8,2531,0,0,1,5
ZONE_09886,5,621,1,1,1,3
ZONE_09887,8,1069,0,1,1,5
ZONE_09888,8,622,0,1,1,5
ZONE_09889,0,2453,1,1,1,1
ZONE_09890,6,2463,0,1,1,2
ZONE_09891,5,709,0,1,1,3
ZONE_09892,9,2497,0,1,0,2
ZONE_09893,5,2068,1,1,0,3
ZONE_09894,2,2821,1,1,1,2
ZONE_09895,0,2808,0,0,0,1
ZONE_09896,8,2769,1,1,0,1
ZONE_09897,6,1097,1,1,0,2
ZONE_09898,8,2165,1,1,1,2
ZONE_09899,6,2807,1,1,1,1
ZONE_09900,8,1444,0,0,1,5
ZONE_09901,0,2615,1,1,1,3
ZONE_09902,0,2835,0,0,1,2
ZONE_09903,4,1421,1,1,0,1
ZONE_09904,4,2884,0,0,1,3
ZONE_09905,6,2028,0,1,0,4
ZONE_09906,0,1475,1,0,0,3
ZONE_09907,0,2971,1,1,1,1
ZONE_09908,7,1017,1,0,0,2
ZONE_09909,3,1836,1,0,0,2
ZONE_09910,1,693,0,0,0,4
ZONE_09911,5,2408,1,0,1,1
ZONE_09912,0,2267,1,1,0,2
ZONE_09913,1,2673,1,0,1,1
ZONE_09914,2,2969,1,1,1,3
ZONE_09915,3,2050,0,0,1,1
ZONE_09916,4,1057,0,0,1,1
ZONE_09917,8,2678,0,0,0,5
ZONE_09918,1,2587,1,1,1,5
ZONE_09919,2,2026,1,1,0,5
ZONE_09920,9,1615,1,0,1,5
ZONE_09921,0,1456,0,1,1,1
ZONE_09922,1,2686,0,0,1,4
ZONE_09923,7,1030,1,0,1,1
ZONE_09924,3,1441,1,0,0,4
ZONE_09925,8,1800,0,1,1,5
ZONE_09926,0,1447,1,1,0,1
ZONE_09927,9,2899,1,1,1,3
ZONE_09928,6,713,0,0,1,5
ZONE_09929,2,2157,0,0,1,2
ZONE_09930,2,1697,0,1,0,5
ZONE_09931,0,2657,1,1,1,3
ZONE_09932,4,1352,0,0,0,5
ZONE_09933,7,2509,0,0,0,5
ZONE_09934,5,894,1,1,0,4
ZONE_09935,4,1202,1,1,1,3
ZONE_09936,4,2117,1,1,0,1
ZONE_09937,6,2356,0,1,0,1
ZONE_09938,5,2185,0,0,0,1
ZONE_09939,5,2600,1,1,0,3
ZONE_09940,6,2454,0,0,0,5
ZONE_09941,5,2507,0,1,1,3
ZONE_09942,3,611,1,1,1,3
ZONE_09943,7,1102,0,0,0,3
ZONE_09944,8,2454,1,1,1,4
ZONE_09945,6,1724,1,0,0,5
ZONE_09946,1,2782,0,0,1,3
ZONE_09947,6,1637,0,0,1,1
ZONE_09948,1,2348,1,1,1,4
ZONE_09949,2,1063,1,0,1,2
ZONE_09950,3,2962,1,0,0,3
ZONE_09951,5,1723,0,0,1,5
ZONE_09952,9,503,1,1,1,5
ZONE_09953,7,1775,0,0,0,2
ZONE_09954,5,2676,1,1,0,2
ZONE_09955,4,2648,1,1,1,2
ZONE_09956,7,2170,1,1,1,3
ZONE_09957,9,2947,1,0,0,5
ZONE_09958,8,2310,1,0,1,4
ZONE_09959,0,2991,1,0,1,2
ZONE_09960,4,2449,0,0,0,1
ZONE_09961,8,2332,1,1,1,4
ZONE_09962,8,1343,1,0,0,5
ZONE_09963,8,2234,1,0,1,5
ZONE_09964,2,1320,0,1,1,2
ZONE_09965,7,1692,0,0,1,1
ZONE_09966,2,855,0,1,0,4
ZONE_09967,7,834,1,1,0,5
ZONE_09968,8,2081,0,1,0,1
ZONE_09969,9,1570,0,0,1,2
ZONE_09970,7,2864,1,0,0,5
ZONE_09971,2,2213,0,0,0,1
ZONE_09972,5,552,1,0,1,2
ZONE_09973,4,2404,1,0,0,4
ZONE_09974,2,1288,1,0,1,1
ZONE_09975,0,2745,1,0,0,1
ZONE_09976,3,2667,1,0,1,4
ZONE_09977,3,2618,0,1,1,5
ZONE_09978,0,1015,1,1,0,1
ZONE_09979,8,2131,0,1,1,3
ZONE_09980,2,866,1,1,1,1
ZONE_09981,1,2898,0,0,1,4
ZONE_09982,0,2314,1,0,1,4
ZONE_09983,9,1313,1,1,0,4
ZONE_09984,4,516,1,1,1,1
ZONE_09985,7,2800,0,1,0,2
ZONE_09986,2,2679,0,1,1,3
ZONE_09987,9,1316,0,0,0,4
ZONE_09988,3,2716,0,0,1,1
ZONE_09989,4,1480,0,1,0,2
ZONE_09990,7,2247,0,0,0,2
ZONE_09991,4,1271,1,0,1,4
ZONE_09992,2,1919,0,1,0,5
ZONE_09993,5,2009,1,1,1,1
ZONE_09994,8,2404,1,1,0,5
ZONE_09995,1,2605,0,0,0,3
ZONE_09996,2,2011,1,1,1,2
ZONE_09997,2,1814,1,1,1,1
ZONE_09998,1,1669,1,1,0,1
ZONE_09999,4,2301,1,0,1,1
ZONE_10000,7,2922,1,1,0,2
